9566914811
9841522173
9880588091
10161715001
9929832079
9971228883
10098712407
10098525598
9664353529
9972944810
10214311487
10480926397
9898711003
10268712932
10300637027
10114252359
10162784713
10193755604
9968645431
9598170769
9322149508
9747092716
9884731678
9892058617
10124296267
10126807788
10476016566
10120618963
10312190797
10265493866
10292974671
9933652045
9889379836
10090473554
9988685912
10108442058
10067624164
9861214678
10168127228
8531242035
9980999897
9937491559
9866768738
10090460784
9964235827
9870325476
9749266365
9919275497
9807552099
9747952787
8434396298
9908282930
9852381069
9800069200
9845902172
9862265106
10052321413
9714077021
10320174072
9952041289
9838676148
7583020901
9078239181
8878000110
8615732326
9180282497
8732195494
8673064254
9556602101
9785726030
9791756702
9778799239
9593965822
10059265187
9846023274
10105923759
9759283612
10190044218
10079030695
10018813496
10208603466
9872456038
9906273020
7200642530
9356119493
9725138460
10151523680
9863511886
9922543149
9964501320
10353506024
9864709120
10186142240
9941844411
9995931254
10004092899
10181999653
8157110923
9905231874
10220363029
10103478446
10242988033
10135350592
10285420844
10280431385
10138131244
9881284171
10511768923
10062837971
9936774417
8049436359
9613147678
8918830484
9259399101
9291628330
9890062514
10089240505
9891272519
9962404359
9949705689
9978552825
9900634883
9940245586
9842899729
9884599905
8710750371
8879206366
8869175512
8970259313
9855103762
9719206545
9997677472
9692613804
10095372423
9961102050
9844453306
10249560307
9970556901
10011407335
10153081938
10126448582
10093918019
10307070889
9843809373
9861481022
9967427814
10286768031
10047705517
10000558242
9005053580
9966766714
9662724640
10009596448
9795549050
10018884454
9956276761
9889029823
10105830271
10114338972
10257978197
10315801038
9979556909
10086530973
10222061399
10064537506
10253047022
10117926089
9200785537
9055425443
9124098321
9348545997
9202552459
10317682207
10045837610
10102119339
10083281278
9942448591
10101873867
10463856082
9788848142
9858389493
10067505474
10410685735
10302127779
10011443030
10209257405
9174182361
5840132781
5652364736
5780818065
5834940859
5774222867
5777653624
5977343291
5962448054
5968515754
5917352605
5943036843
5770437178
5853274554
5874405202
5940525658
6054800347
5867607801
6062874969
6194570728
5964134069
6056313086
6052238035
6087830857
6142854684
5987690410
6174035094
5850893364
5666215241
5792290659
5935153586
9869453239
9637153415
9918298996
9831632422
9793874795
9815355975
9846816374
9854261902
9756698224
9840868094
9980628297
10227772056
9872087847
5677934204
5728840593
5780256310
5813728087
5846584264
5814131607
5883351737
5933813707
5750770772
5945533101
5860189550
5958729266
6002309027
5980634242
6019404093
5951899068
6063305420
5974400226
5943399687
5932008366
5982011368
5940001776
6093271277
5950339696
5953762329
6017934519
6117555751
5865182592
5943406302
5925034326
10214055169
10014383851
10335930583
10256806661
10109527083
10077448752
9963330547
9981504674
10082685716
9946188956
10099229395
9978205539
10223182545
10291433883
9512611785
8618546361
9566510351
9739101053
9855341842
9981583883
9887519928
10241029288
10162146016
9956411578
10314044381
9989991504
9959002028
10156181121
10608122326
10147310692
10177137304
10331736537
10192583887
10229953630
10231173031
10038708987
10284960401
10152964984
10304454438
10178453439
10271130560
10059213272
10276561504
10029731614
9933379408
10172721670
10454976647
10512704799
10264572293
9910314169
10174196752
9998194494
10005264034
10150666657
9873511249
10012887976
10102938272
9879227276
10203259019
9991031006
9814255139
9922568966
9681761421
7784194030
9552539594
9260195489
8774795646
8886759586
8992440048
8597516161
8701411579
8743651732
8981501434
9281699110
9324892389
9651369491
9887940331
9764568112
9902459657
10396000132
10095637542
9981509127
9685065358
9807467835
9877211649
9893740570
9262801297
9895387037
9473030877
9583807946
9427971488
9734317569
10090172887
10183323849
10004073130
10253823352
9958745584
10111702060
9977650362
9904314776
10005582865
9072310186
8764154751
8638198461
8742433151
8640300693
8635351307
9036209892
9040358323
9173417413
9930053889
9867612853
9896722118
9938257452
9857646162
10158909786
9776667362
10141227083
10270366396
10125782705
10198857149
10195665412
10038672010
10023741736
10019182296
10230352353
10264955188
8339935716
8637270765
8793101833
9005887229
9265025990
9674515460
9598222010
10070790249
10060844255
9971122253
10026931517
10317434898
10029113770
9982621624
10354002289
10126292034
10164346175
10037295792
10008821161
9921595288
10213843032
10075505057
10376418161
10127978889
10183481231
10168480409
9542206107
9639344698
9964286947
10042425129
9853752867
10154597909
9889414320
9709238504
10092101750
9900395005
10015781762
9761927457
9808546802
9493550960
9813731222
9980296715
10012840755
10059134487
10112633171
10088487709
9692077650
10072509615
10214916386
10095245882
10007240143
10061788723
10201334754
10015588757
10076858470
10002115413
10061742990
10043427268
9103156417
10115999786
9928370838
10165514912
9946331527
9978827685
10178410452
10031987036
9965436929
10004024519
9976184413
10489511744
10374240364
9946025590
10147471073
9821276677
8002827059
9065440698
9070803457
9185324737
9233331714
9493069313
9886478076
9800738650
9743451442
9929796462
9782691387
10028197973
9872009570
10310029073
9799943200
10008065967
5855516295
5828207909
5723554722
5729132620
5688200879
5779256445
5722439675
5754369796
5860978503
5843329505
5597230795
5783922495
5825086306
5882072655
5924836238
5931552002
5956715505
5961942457
6009196926
5913044782
5862182656
5980570409
5945862505
5951084752
6032465117
6127764607
5941885587
5816448309
6012566030
5959587978
6046300022
6104837051
6133340162
5931900824
9986988607
9983785437
10110892284
9969929881
9802939852
9906579134
9596031052
9740372039
9881349069
10150031937
7629854024
8747146832
8949997155
8821480443
8932007437
9100083119
9455670317
9347106584
10084383120
10398768363
10317273610
9794393051
10165382696
9864029526
10229095796
10227974885
10079821000
9903065990
10403121120
10254515226
10255034767
10111954594
10060610599
7517935002
5945126399
5838588820
5901824239
5990291678
6005701434
6006283246
5990465975
6058737056
6079873161
6221831566
5887506502
6034222283
6226333329
6033347428
6079635492
6134984654
6015497351
5994400620
6008708186
9974669421
9902130596
10000161201
10204711765
10180562942
10086377135
10319089034
7461989310
10198679973
9926651290
10065323965
10089371221
10239939519
9982135154
10367016076
10089012330
10218810057
9769396004
10176084468
10188678821
9895204206
10144623281
5885057410
5876359044
6164379149
5910091675
6170443684
6122700573
6021841553
6059740474
6041272859
6050604303
6034238422
6048943930
6039427100
6061803987
6078492781
6180718929
6167877420
6035011195
6236859341
6339559679
6217027092
6272915343
6010217199
6036776435
6193851904
6041161389
6115763649
5736433195
5684340161
5600314743
5829158064
5844168007
5986616123
5782981254
6009944062
5999468303
5961009882
6052846773
5846550224
5854983920
5999325981
5885758025
5900110338
6000868444
5819405899
5955169835
5890100143
5926807655
5894749582
6066799347
6016892438
5962795720
5991849069
5936959618
5952364806
6072450421
6084064891
6054014098
6122297595
9299802237
10192191248
9766659407
9969263569
10202977151
9995738211
10130943575
10228327751
10018476241
10111912034
10293533937
10055125259
10145970458
9677568909
9894381289
10228926932
10036673361
10019072164
10071204430
10098803247
9853747670
9771033891
9871109520
10158370846
9319000596
9433567046
9861168789
9989860727
9807149100
9911609882
9972395691
9869025394
9875429288
9793577032
9858265047
10353032817
10144766275
8049770293
6013639851
6191983811
5970551209
6096686924
6259948860
6289503696
6069723477
6194342781
5874819763
6119417149
6093975875
6038146411
5665680088
5690505739
5604428415
5602578202
5519167128
5688810237
5805998523
5619077743
5770846893
5800900192
5822870524
5919087688
5893530673
5988617939
5927794854
5892787837
5928396640
6036974180
6093202007
5943669637
6168674992
6011837819
6095627438
5981437465
5959786604
5866546824
6160993388
5957717082
6015274500
6138764301
6004953892
6121497991
6017214373
6162329077
6023204868
6081585556
6149213674
6249242064
6119556927
6182954723
6161870966
6169831515
6004269751
5908190631
5833343378
6108753726
6033727829
6124490616
5985860832
5940249604
6152277298
6070485459
6034045738
6022771872
6105357491
5867524995
6015408967
6006087495
6053030397
6029198221
6007947288
6051126316
6278686075
5920711239
6161804633
6039447943
5836254311
6072805538
6125022997
6027186057
6047200330
5926577461
6125756809
6111111295
6049117572
5960280201
9503527184
9642435378
9868428889
9924606240
9671580784
10301635338
9928718769
10012274096
10144922601
10027733688
10097426211
9999374150
10110721367
10250300570
10175873429
10049203151
10059838607
10200660297
10016411941
9891118873
9561669111
9308424008
9809150773
9966562669
9990106219
9620527101
10090031884
10097031443
10231504339
10248043375
10046222591
10098248297
10044979966
9958935694
10113344686
9989898459
10162141140
9980731050
10011967917
9933518552
10291426968
10144941435
6932369875
10156690920
10089895616
9654581540
9903824202
9933548015
9976920932
10005129387
10103960517
9876572413
8514672358
9695774505
9824287787
9916152894
9882683993
9759055553
9704115914
10054811559
10228410653
10120226150
9913164225
10341556995
10208843330
9737528199
10100516926
10015932274
9961031293
10238282804
9886760138
10041596842
9809292318
8573260871
9137025621
9723115747
9685029289
9881742192
9781460719
9789748829
9971744488
10277816046
10005403042
9895410992
9842454800
10120397472
9920217019
9687043191
8886977693
9658468529
9826101898
9903079074
10133443788
10080772459
10129435543
10323964186
10321051064
10032625062
10064079421
10216739708
10112660748
10059200456
9695157566
10311524911
10204499327
7638233924
9199419414
9816551650
9861142090
9824624472
10011873049
10087800233
10140222359
10008239075
9938577691
10217748402
10231998400
10052864745
9971732125
9673463644
9740906236
9627462149
10085935514
9949896196
10061871603
9921442217
9949901272
10014502361
10056881900
9815754055
9890525722
8365347426
9172299811
9551468802
9694348149
9562109137
9878982156
9971731697
9732633196
9898403496
9843957181
9924821516
9758370179
9856338979
9839124758
9778692259
7444859617
9299024472
9531354266
10076722931
10082646673
9986705609
10060787480
10060570516
9927491883
9854639819
9887268998
9910886994
9974347407
10006318696
9800108025
10180592773
10107374726
10065304550
10037749724
9859695367
9995885606
9958722119
9861694915
9958722999
9961350012
10186764553
9835683710
9786498591
10127248324
9790590335
9910235151
10353411911
8288734864
9190218708
9532718936
10058628495
10099011239
10105099584
9970171834
10205813400
10089540284
10061411122
10088912032
10297050854
10157360560
9988132646
9965903233
9962543316
9029176268
9854056404
9939906657
9667845790
9956820480
10160215718
9928322381
10206363457
9913007427
10090096470
9774461664
9850458654
7148605722
9654167961
9945454251
9772160579
9983861570
10006536114
10226780585
9905739579
9929790103
10139970275
10113961215
9909245303
9963802647
9860959619
10103640539
10206226353
10158981158
10261253471
10279417250
9906841262
8851620563
9382229535
9141004354
9287217331
9533799172
10118099545
9833687662
10182501522
9925043177
10288848267
9985676222
9850441930
10129974804
10116142209
9932763497
7039068976
9166857707
8990856930
9517143845
10157646278
9815818161
10011032618
9809652806
10057944599
9822542353
9994476487
10165039441
9690450707
10042895934
5582998274
5864832751
5960251658
5894125410
5817759649
5895772980
5835838181
5902277364
5698313761
5876947849
5734925200
6144658836
5941382642
6123661136
5924214459
6023525917
5797891799
5926302477
5961732843
6041822496
5959047756
6086163268
6139284934
5958599409
6108127562
6002711952
6044862075
5875292317
9474743910
9590106511
9146103076
10006159158
10408641564
10412103577
10357686726
10488556818
10082768314
10035011213
10567012349
10510015733
10348574669
10493385294
10535036775
10573852362
10105807982
10745021674
10757093602
10768292031
10357901058
10535197611
10760360473
10355336965
10314306535
10382826770
10387049342
10232377863
10575728195
10310342099
10347833609
10320769964
10711578237
10292762063
10285471048
10211502361
10265824850
10311728327
10589592311
10557286883
10581019178
10146772677
10690606074
10444051626
10245150074
10296170275
10654861878
10325642659
10549176540
10344407019
10458630103
10580466740
10517609881
10376152359
10368470717
10659311152
10546295662
10207892966
10538717284
10299346581
10671336810
10262503713
10459319625
10285043688
10464133163
10175750075
10521707538
10245358375
10330702849
10120905510
10424148830
10438128586
10292840025
10434096255
10434544689
10570804452
10461180851
10220838424
10183728134
10613253749
10412296785
10645530180
10556945666
10535361135
10447956505
10380948204
10603169377
10558763392
10203614356
10233862962
10515168238
10426942155
10300332001
10233758793
10563953322
10362300879
10256829731
10529979032
10376911537
10619386720
10541514347
10486348021
10375087224
10358482302
10268711648
10501050897
10365160281
10345381067
10588158349
10280101406
10523383591
10375366526
10463063667
10360954658
10607137967
10325337034
10219258694
10535136028
10475317585
10852806165
10479472546
10322972087
10144890805
10307341329
10408260321
10109054545
10499363331
10546994016
10358242783
9977045329
10329910956
10619574686
10428095677
10091539086
10394416738
10264786800
10697835569
10163979967
10137178427
10458204334
10304678568
10325344313
10534705974
10606141319
10458646603
10334670813
10461436937
10421489114
10240896917
10680795892
8789889183
10633352584
10172789598
10721057923
10558643850
10729976245
10557674125
10827316061
10464527833
10302527318
10458047343
10591672799
10602970779
10665556463
10467238696
10450167592
10520080612
10671167441
10512427567
10472703083
10165877848
10366464349
10700052428
10287694972
10574950943
10146547038
10333284585
10538251742
10488998349
10550506650
10389590003
10778884177
10760701280
10338199594
10809380263
10660416326
10451990055
10306695066
10348080309
10475599682
10395866643
10473004288
10606447065
10287997409
10407856539
10361450199
10384773807
10384864527
10551950887
10375417020
10641555389
10254210035
10184090584
10777347045
10528852779
10504269214
10597222854
10537477831
10482261370
10304722108
10637543692
10371192649
10244770389
10447309231
10399370622
10651794401
10632566665
10521025594
10246779554
10390644232
10561131219
10456213918
10151015783
10637333713
10167385733
10545141072
10535206672
10441385615
10270718982
10403563355
10364093964
10450369215
10316601306
10954189729
10621111350
10743375909
10472951302
10718153312
10436602256
10384655023
10751266808
10578042667
10565675303
10534326333
10322103366
10457714184
10598012899
10487221045
10609633132
10268511246
10556188032
10515347786
10201073947
10450832377
10401553482
10391706876
10392900412
10576202517
10633215794
10667201833
10405282872
10466422984
10495600997
10548541583
10302348843
10465045912
10687421852
10405692882
10264182670
10269314238
10428776258
10174339452
10434046988
10678604926
10401233326
10556628607
10280806734
10180882578
10477864836
10542665695
10636118350
10588411707
10561537655
10694753108
10364833235
10478102817
10296747638
10553760485
10486914749
10656815446
10700436964
10498833475
10570332756
10384481418
10355801562
10520139150
10430337651
7974015463
9123733543
9012206842
8987460936
9196974608
9056299697
9227236757
9269505543
9370609596
10238991615
10379058869
10293147054
10423567171
8614891913
6876569045
6831760229
6878681511
7003188278
6620395503
6902368697
6758246083
6983172184
6849868491
6948967815
6902820317
6799059622
6906888704
6843808695
6898510391
6971990915
6763326918
6822815806
6851650133
6870714815
7019776069
6937535759
6966995572
6758842509
6771883180
6897846681
7018341604
7014379006
6825850446
6770125944
6810909801
6781294586
6681207774
6865051186
6901462878
6990165031
6744005949
6824715173
6839450710
6875489727
6895439676
7014989727
6947965136
6762064207
6913189906
6777890019
6855208821
6766077440
6783809962
9183128323
10257884849
10392625095
10487492537
10286932599
10612889052
10361570649
10258411256
10616992927
10656691020
10439403362
10540356904
10430931137
10478414243
10547713678
10251961890
10594602509
10413620305
10518863669
10304572286
10449394116
10489619243
10914137291
10427620995
10414816917
10518893966
10570703598
10343661200
10540779280
10357135792
10441415700
10206255963
10463887277
10401362909
10687763150
10648007554
10275654163
10832978320
8820281470
6771030877
6686512377
6783451684
6838122906
6738185241
6850721900
6727782356
6705561006
7018820589
6777454255
7128189565
10467699970
10359850109
10543712861
10317989654
10398517375
10328568462
10461954753
10660536854
10257018531
10397709972
10605501212
10271222508
10547163837
10560150047
10612355820
10438174224
10489718211
10414885812
10353977752
10407100455
10825068453
10371933511
10575861649
10632300308
10427606259
10652000988
10560488337
10491050932
10524270526
10594833285
10359504371
10454103043
10606475378
10366312942
10698051436
10222826906
10203938516
10498726571
10529546152
10504441569
10515848198
10503121155
10192928889
10275723271
8068364192
6848004733
6641513723
6866457290
6778824710
6771711898
6889700341
6822773274
6867040946
6737787082
6992716908
6719985886
6712315834
6960602220
6836302690
6745936103
6802495745
6869676938
6856620031
7023334043
6822511974
6807986991
6991860234
6801574810
6979827664
6948814958
6765058370
6963769459
6824729272
7090688536
7027214312
7001671683
6947611889
6809331436
9792989474
10362983224
10302480816
10375217268
10339209442
10505806462
10464637724
10687807950
10496967684
10540029487
10308612056
10319650168
10187115000
10522898285
10349100278
10577784076
10138124042
10376942259
10619721091
10389834053
10278193027
10766273793
10412093534
10488117850
10489962700
10228947878
10318482468
10525354833
10672818627
10351241738
10465252705
10493646637
10470479515
10453821095
10266040866
10194687407
10460353433
10400415059
10513242413
10291161304
10228700425
10377155635
10806410317
10180087711
10511523655
10265336780
10640448720
10278610855
10205746948
10394721286
10332115985
10544236242
10409710867
10418911874
10614753262
10201416749
10288045668
10354467563
10159081396
10572282401
10360422138
10274583209
10221440392
10583720075
10515459186
10453445250
10293014399
10232977261
10434746345
10322267519
10477265999
10537887810
10249498425
10534069788
10325976466
10464720879
10206613452
10426313080
10368656236
10219632031
10274505734
10423783115
10535197892
10477009955
10325221684
10334701996
10215350748
10358740186
10818282483
10173013839
10347795711
10312735527
10860294144
10205952579
10305893248
10243122344
10479411760
10417393786
10368232382
10336399032
10356780738
10276306554
10435605254
10381401313
10398748613
10381614761
10390107753
10108394740
10460819552
10348933310
10182698373
10269689855
10505593610
10275034513
10303112529
10730773157
10117423044
10223396225
10791904812
10099915121
10427274907
10525423266
10390341479
10478212816
10480297094
10414959043
10489032334
10528527944
10069090902
10374669376
10444388011
10589233215
10038240554
10471842084
10311407140
10619211159
10154893411
10558456801
10266355687
10526826706
10336520645
10531796927
10400389145
10511326163
10194748514
10733690414
10146634613
10595485774
10495702436
7126260925
10132074909
10470442087
10392700307
10624348120
10652805746
10509049718
10406438578
10629839896
10322044942
10445254654
10342117554
10300242515
10422953712
10467332835
10291049107
10522876400
10545210050
10266991546
10598753516
10431891194
10396752994
10104878854
10379598376
10397448303
10596585966
10187052951
10395065875
10472933340
10207482256
10263291005
10226866703
10349444881
10416322330
10197129472
10489862641
10463721870
10505863682
10473980322
10355326303
10490481662
10453537373
10468255004
10285013523
10596377592
10400661953
10367597425
10401957684
10384601650
10360536104
10569601037
10211604829
10203884133
10509414151
10631327677
10465516153
10427983606
10391651656
10726457795
10283124529
10501866209
10556164620
10620285493
10344446254
10472226615
10420556431
10453791577
10740651412
10505404460
10611500285
10418125617
10309635446
10468361545
10359533909
10459843258
10112084986
10477463963
10507776913
10485023355
10377995280
10617760663
10333297759
10403321431
10366857034
10370510758
10367729275
10409394529
10465256914
10441351185
10376110031
10303275427
10559655792
10620507239
10127276877
10415020799
10486187384
10510772037
10373913808
10436361793
10575694925
10304901754
10048186413
10302727311
10182929805
10485952300
10342352529
10477263407
10237742658
10659807490
10328406527
10694015312
10624194709
10430307783
10461529710
10375744580
10543300136
10579626724
10317534558
10388619393
10317051939
10568532868
10243212523
10734534722
10600551208
10819874672
10683390334
10545465290
10458967560
10459805707
10276579494
10143403001
10642877725
10421710886
10650801278
10568254175
10250868765
10456079965
10724756801
10824072890
10417105887
10463585697
10337872507
10367926385
10601111454
10198092566
10557106291
10379242211
10219520630
10624663364
10441523124
8877450989
10490999005
10697392059
10483305225
10474161429
10470478225
10381024672
10308291132
10423672077
10175275539
10529712452
10162591809
10257938174
10427624887
10419877671
10188954128
10462570608
10609263714
10465358983
10408537444
10679581522
10222313615
10568997544
10162531872
10550150221
10510770319
10349777177
10483720100
10178275993
10786194232
10329186288
10351655511
10338591663
10312247901
10381331709
10313841109
10456883089
10387500733
10521531716
10247126291
10368927103
10520930414
10287640887
10019784342
10382089177
10360063841
10220378339
10580187120
10503556259
10624171195
10613736556
10288129531
10376880664
10470561902
10458161908
10344105536
10381239017
10483968242
10201614221
10318330083
10256936720
10236786354
10444764510
10514722781
10244524350
10352375142
10620762711
10433839397
10370498390
10397609700
10234903781
10685776029
10340992987
10465558888
10433337965
10628347321
10540563445
10324844464
10306247391
10302703178
10391390155
10537313628
10155208366
10435349708
10549703757
10259700073
10564431303
10403825701
10316140384
10390862648
10544574368
10391459041
10283361160
10541472509
10385457536
10536128587
10123708981
10435371082
10346402692
10329184057
10226862424
10274580387
10437775060
10507224882
10578143330
10484282848
10166248858
10643916608
10553834419
10281735691
10558187703
10221110430
10440091943
10219499081
10774858106
10249043474
10186579107
10329524724
10322486425
10406257952
10488944137
10234712233
10332558250
10360818898
10288652952
10188864057
10354122939
10180843445
10291767529
10408250009
10177994643
10245183312
10112617388
10533487026
10387914113
10365469273
10189635790
10203497279
10572963230
10211646353
10388340452
10311262548
10395061417
10043783824
10123954178
10236596470
10599046986
10360796743
9706171547
6484220552
6611833482
6718339438
6465270840
6498256001
6846334735
6699959147
6935298269
6751430457
6832638450
6714149751
6685729133
6834204077
6671568360
6892794308
6767812868
6881396164
9025989510
10581366013
10387680907
10487407344
10649072213
10766994884
10553685723
10459805916
10582742542
10295047103
10270457788
10450173661
10442251602
10282622732
10770939970
10499697947
10248734943
10420440648
10572238829
10624222052
10558394439
10548356066
10315660417
10392560769
10429800566
10433584292
10244392284
10631713455
10328062594
10104083226
10106452446
10393431852
10591719456
10350752148
10477152408
10429666241
10368417501
10420519153
10137804079
10312070833
10329254151
10272289695
10632191685
10355170917
10818847481
10217770823
10482889745
10433812865
10468442902
10507405363
10739189582
10711505435
10723572707
10295099935
10616677613
10518166693
10463986564
10614237835
10554527005
10493767855
10631861916
10834510721
10476866735
10144233117
10379697131
10381052483
10419728685
10788319697
10611774715
10138012848
10302774677
10173355285
10633388635
10195241315
10501231481
10298115589
10392986815
10551085124
10601556159
7395927993
6894687458
6864619653
6810097428
6930951437
6841989133
6883027325
6922287518
6846205064
6628117174
6752315766
6771003932
6833529256
6843501152
6762333267
6927004950
6684389518
6915456093
6628670611
6654568287
6875354950
6885330899
9714334363
10464997281
10377080104
10677534928
10384720258
10596027267
10496993698
10380438440
10611390779
10221942723
10591182200
10227519078
10283227433
10478249434
10523679620
10651692176
10308970062
10745151338
10435277496
10212369518
10486509625
10245524800
10379494014
10396593625
10459756102
8117073209
6756872350
6902729851
6718018928
6714105811
6713464342
6691225881
6898663965
6716188937
6848222281
6821042439
7078211856
6657415873
6888093954
6939889484
6774981771
6790533923
6733872668
6829162422
6833553314
6835867831
6974393848
6968471676
6938960299
6959330074
6902210518
6893561758
6770123084
6894935094
6786801977
6833916593
6773361698
6843754856
6780150339
6941220475
6749725734
9098198772
9516548499
9461470315
9616490182
9916234957
9972138336
10628988565
10367957451
10251264665
10549520525
10221614431
10478325947
10608720344
10644373727
10369243102
10460887264
10341032417
10633089818
10521481084
10497997904
10392307650
10553022163
10449077827
10380365472
10520400639
10456700250
10309005858
10374900045
10479042531
10199763923
10368773936
10515699965
10490801053
10481975125
10409122328
10494379523
10365585128
10182677245
10315783484
10499194309
10279775298
10986471891
10234589584
10268400153
10404575402
10584383183
10171901740
10428964754
10594694972
10605121787
10454652280
10266622812
10550325662
10461864842
10733702642
10602632278
10477714138
10530621152
10555295831
10500073311
10686245859
10302213142
10373985682
10374394514
10384791667
10263643073
10693455370
10256591994
10353866006
10699621225
10606166464
10465762492
10443778540
10395298294
10517761404
10445740874
10516483432
10503722169
10287309433
10171142248
10642219515
10397793433
10391245860
10449702621
10581919339
10233907774
10165172504
10267584749
10371751335
10423187093
10459912582
10490177110
10382918002
10370564001
10509477535
10424389496
10493540263
10508841791
10509170312
10322815864
10404375703
10451178254
10281965844
10400800125
10336114716
10266238067
10541286280
10637925585
10156404350
10361650905
10313947005
10691741260
10237531220
10415240073
10396656587
10385858946
10571211137
10463514291
10146896170
10501906091
10517683890
10526276702
10371837016
10370293084
10494170466
10382352908
10364729865
10700417620
10359801493
10650409496
10473539875
10617823129
10443941224
10456954534
10583066493
10392151390
10366221820
10298521032
10301467590
10486784442
10426761145
10304527557
10317060521
10589788552
10292125841
10358524529
10409774210
10229537160
10345794043
10517762441
10339657912
10104777133
10250632460
10105437024
10538265520
10328117257
10471511954
10552689211
10548317760
10415787913
10024242637
10378623224
10224884034
10562318187
10276260951
10440186341
10177271070
10386478081
10248481312
10159197333
10557461590
10203098458
10313186380
10166357433
10622679674
10521100987
10456269159
10514864858
10596601684
10297309168
10578504164
10341059760
10410211082
10221784170
10252166937
10134482037
10438939155
10508731495
10584468122
10320217117
10527539065
10446640827
10832165446
10244413825
10814201826
10373703883
10515128382
10457862253
10307585632
10440600499
10610476021
10329085434
10414305420
10464475228
10511999494
10446061726
10152434644
10592533353
10525035526
10421803116
10381656295
10382103248
10388209387
10388503935
10526156423
10334671128
10374918871
10416675711
10275837978
10441488109
10233393256
10577071775
10275890347
10754609233
10260411277
10534996831
10547387056
10297178782
10314771080
10583815258
10385581662
10347298052
10568063689
10298833473
10334046715
10463538753
10644775398
10585309628
10907336313
10426362559
10537614767
10221206126
10467095130
10424125516
10656863937
10244883447
10333132423
10640115036
10141129332
10479012871
10538986985
10779724312
10696383475
10358663628
10485216096
10491788268
10503713700
10286457254
10387528416
10197040743
10236426807
10404171716
10636061533
10393245923
10240425035
10595535908
10068729136
10533080730
10282197506
10380186962
10347558581
10400660387
10392196617
10360744505
10252842608
10249664787
10742160733
10371973203
10482338151
10257925068
10351105154
10469926029
10428679533
10646810357
10357697644
10531158416
10394655409
10288338184
10234726127
10366278836
10323479925
10306782429
7949461422
6868095534
6916987434
6892334873
6899662246
9653001647
10190686691
10136326987
10507976797
10450278099
10607079086
11080403534
10576551877
10362220498
10434291939
10281942515
10652061160
10420153409
10368346670
10314405173
10325426493
10436780867
10524825820
10459794230
10241770382
10594250487
10357081545
10421109184
10745756957
10356111525
10334031710
10352709567
10654971672
10422663535
10276018597
10601883129
10286520850
10320186728
10343291704
10307364365
10401508798
10326419285
10303818835
10233482255
10730488442
10319103203
10400642583
10159614657
10263727367
10401453500
10640162247
10263286536
10390985704
10164299496
10695202863
10221336094
10439875483
10690461126
10654576366
10480674856
10467905081
10361503754
10521758290
10768776582
10274923094
10542102743
10499925471
10469050346
10477894887
10293499558
10411535879
10436166309
10479106429
10539037606
10524715239
10517371322
10570280552
10409751302
10372813997
10285773837
10465859286
10442099179
10464242773
10558046279
10599554568
10576482595
10286534626
10471815876
10612604030
10316586617
10582210976
10331886460
10445845522
10458658010
10437175789
7489139973
6867521471
6912632911
6836621847
6760853841
6803750371
6845160133
6968861031
6920217412
6934058651
6953372781
9861383173
10464569707
10493012822
10426330179
10233079371
10391975731
10453049779
10631774321
10121286877
10303985670
10330930389
10319115194
10572366884
10305901782
10361309304
10343014101
10380440200
10549846030
10293580029
10388746485
10318791792
10583056739
10724385090
10378667000
10246437807
10338418635
10218240455
10474584545
10359597238
10483409089
10297166754
10431334344
10278248406
10229378687
10609608037
10357968896
10361457339
10206690990
10522389810
10453880759
10609262443
10165578769
10605331349
10526512050
10456495094
10362297822
10255026095
10345216888
10488037378
10502804821
10535086253
10347376729
10408886337
10667647883
10630023239
10830123636
10500911558
10214412712
10593880719
10673753293
10448493496
10395458250
10769451548
10531058207
10592442506
10206051764
10428575009
10501272831
10413996757
10315113550
10493867481
10333203164
10453083052
10616001451
10254755581
10269104271
10614111438
10472029152
10328179448
10273669204
10504664858
10567435520
10500815984
10451913873
10514889955
10345715389
10361400593
10508349676
10418966386
10266666324
10496548070
10346924757
10241814619
10493489375
10291870218
10565242154
10456578793
10594446292
10292621203
10271870970
10533101576
10484820079
10143012722
10496126975
10115993934
10278974127
10255353941
10080259184
10394026786
10252842742
10490708686
10492156666
10697258352
10502613756
10324013955
10293440870
10374960970
10466190646
10484422207
10597810810
10388645679
10593803586
10313928522
10189949861
10270387393
10375643691
10138261269
10335607135
10565142310
10065804057
10688538703
10320312738
10411657254
10435592361
10235543630
10443255856
10729248830
10414766251
10507367258
10257423375
10205448686
10379366515
10164309979
10491764262
10494130241
10023839096
10320347551
10148410437
10450571998
10329444712
10546647247
10161458154
10410661017
10478503834
10230286831
10403055983
10582515328
10417780941
10141032049
10736828836
10302595408
10544242077
10532084256
10413800124
10434758311
10308194046
10222313020
10588660083
10716038162
10162712733
10416035295
10438911807
10460711749
10426792469
10511170786
10441093680
10240290689
10476044058
10511790510
10675697627
10398536998
10166647087
10672403189
10476024925
10437698469
10384478390
10323922812
10740486623
10498106474
10172235408
10443624983
10722814008
10392153198
10383890334
10209709215
10566484620
10134102045
10420244700
8383718320
8992534285
8950939700
9099633749
9094906649
9279471817
9259789011
9171919078
10141068890
10560354624
10087640585
10444462099
10404592400
10101936126
10472408507
10592836524
10507248681
10535122797
10302703673
10591875655
10818298043
10369808636
10306286217
10349549573
10366367936
10544648283
10531437593
10529847389
10472581855
10464994948
10565324742
10251314523
11005029509
10289816332
10403640340
10332851126
10619831558
10688913621
10512558925
10654267790
10414124148
10519415609
10273740724
10184385921
10621999362
10321177480
10345691502
10312151580
10477472622
10657357852
10549471430
10495826237
10503624970
10455407310
10591282045
10694088758
10205914940
10378301080
10440085139
10584480969
10626220937
10202068395
10628695583
10368221513
10345884818
10204493748
10416840077
10723288157
10822953393
10620788940
10189439985
10534675657
10194291812
10145325823
10345457030
10509891929
10397828490
10339816426
10463388405
10690025544
10512958993
10522215966
10214227171
10193569408
10272477415
10336645996
10534079358
10394221303
10760282043
10402478366
10349943797
10441345839
10432357342
10595105000
10378696614
10386812273
10558252059
10338907327
10405401339
10587867906
10197700261
10291966259
10449346847
10243750886
10598815222
10220022494
10381156801
10571684008
10645182677
10282167833
10438197788
10625106918
10255566518
10226541930
10324962201
10437543438
10431750975
10269835870
10237067654
10269939481
10535569657
10462705850
10473409607
10439380524
10566802868
10518864785
10467589551
10482857096
10499617006
10280497968
10382511217
10174115173
10268139223
10389725713
10645634951
10668769443
10357605705
10276045459
10343218986
10506969423
10248422081
10515016577
10083648479
10281171693
10361523168
10587901910
10755250266
10339837898
10638082554
10275173462
10144051578
10545274536
10276466575
10502835548
10438081397
10276456019
10638536275
10363149370
7671929700
10228353338
10324894712
10046964923
10301202621
10263127418
10209764243
10249331084
10435377792
10337601849
10304409832
10635903767
10446477873
10054591619
10504837936
10403639216
10455079496
10275726898
10016879130
10359838179
10386838435
10663877334
10268417052
10356234930
10447269628
10268717246
10543075590
10623050589
10357257622
10296101579
10429489118
10297863664
10478188701
10498321926
10177630054
10364959592
10415921934
10420703178
10817552012
10270852766
10539051665
10399480199
10515958679
10386536027
10547899948
10534151082
10312876819
10221414044
10279335201
10111808452
10347713066
10563640235
10366049195
10489679252
10418059313
10383987018
10182087703
10174617822
10564735483
10505863532
10313525220
10619411829
10498941678
10565774004
10363417203
10217661467
10374418745
10178732761
10556193301
10602764711
10311143881
10367692854
10541564224
10548755726
10870974673
10392129444
10368824331
10515424417
10507764928
10117987065
10380291417
10247154710
10528373188
10328682733
10194469105
10573037512
10221960296
10383926736
10424894826
10719924338
10540356240
10366191156
10479666104
10337393292
10471965228
10375174167
10673032691
10326279403
10225090892
10507651879
10678167564
10513861414
10445136383
10438299218
10501555145
10336133021
10408690208
10174596459
10288114015
10317891975
10406341752
10348859353
10426422931
10587489630
10492542132
10650146000
10692584237
10353394788
10408350809
10389479093
10497592063
10692267074
10557331650
10370742583
10192549603
10524665369
10437026121
10523200333
10679431365
10454047421
10502753906
10366323012
10291410845
10365471331
10658377028
10316461375
10269723596
10539483305
10510862806
10742518906
10494736773
10380642747
10377342123
10147093979
10283278631
10271174351
10597868586
10567075025
9989809982
10353023492
10134547094
10424015922
10329133204
10581349445
10482276506
10533757337
10496214802
10321309772
10395346042
10335584013
10519495427
10532778571
10675336333
10473803394
10365723014
10539900883
10268760572
10476797917
10350546735
10403613262
10001466253
10152415781
10323433523
10306506373
10384178764
10527789350
10518793217
10609105354
10325467961
10033051446
10525289584
10517185420
10335941598
10489431887
10383280806
10328343623
10348487566
10625636316
10481741440
10204456068
10556858600
9080465344
7140534380
6957975293
6945564138
6880739252
6702786670
6797531181
6767940785
6701107812
6702461829
6856453758
6677316501
7009757581
6736169256
6970617360
6896431327
6780885834
6956200354
6782561915
6799344412
6883268108
6999862488
6855436266
6779659418
6724918176
6678558900
6825179639
6753408953
6585463087
6768955207
6851850357
6802192059
6685417000
6980013788
6784027428
6833209370
6970979007
6949126196
9743756799
10340103677
10749124415
10566737499
10581192118
10725370144
10491247109
10246736922
10696215458
10475208539
10293476525
10443386600
10504227218
10389149154
10466362571
10395903325
10896068122
8796717823
6988803474
6977091042
6904117249
6750735630
6788902711
7151140862
6870797820
6684664056
6806714989
6601471324
6767375488
6801833684
6937894588
7011853648
6860125101
6821527424
6899432783
6956167289
6758232023
6659769602
6782661793
6824825088
6881600342
6728005703
6929043060
6821182421
6811503439
6793034440
6771157171
6764367400
6818422698
6958047306
6964674389
6902479067
6911930549
6830163874
7071159008
6879466892
6779528850
6923195538
6906567516
6840047933
6819261131
6826492133
6762125101
6880886289
6827042518
6811156287
6877966806
6865279954
6926125918
6698870359
6962692225
6892027982
6817502404
6849302086
6942102144
6864762272
6812805778
6926878339
6781937446
6886306187
6709608264
6888504941
6915459929
6709903885
6740822870
6875760657
6797615045
6919027300
6863088887
6778784262
6902808045
6797987917
6935714043
7034786597
6874665623
6693816260
6777363278
6830643530
6822282040
6960664723
6856416562
6918791000
6711823583
6852562856
6855216705
6872509565
8454430110
10297753862
10640424141
10328463101
9304596518
9358012535
9038966027
9087668492
8970255859
9275485072
9046440576
9249645369
9403262595
9343550499
9258026144
9719284116
10246954867
10349117435
10498798773
10459465811
10594802845
10653502120
10163261731
10490976923
10268706182
10598901456
10274889520
10394594212
10607460574
10816214669
10092739483
10431327598
10508722690
10287022350
10336777769
10479435297
10223862299
10166890834
10558207349
10310569218
10381141430
10295207741
10488686029
10175324077
10500551867
10502523550
10330231020
10337018005
10353822866
10328539376
10529184392
10077840132
10263299152
10347768674
10490627370
10337213941
10276842569
10201581148
10629691935
10311512198
10642682458
10642874653
10302359233
10400071729
10307519570
10394545121
10256874682
10554573218
10654956561
10316477003
10728267962
10719040706
10364498193
10434421939
10473962734
10400576408
10290667852
10547508940
10427977268
10397796703
10388496532
10386508217
10496786738
10853614143
10483308042
10341254899
10065815038
10192371995
10743793519
10391073512
10420632980
10565507748
10291990592
10282133550
10216315769
10490092059
10435491187
10768819160
10460427567
10248247568
10461289040
10290327623
10409777586
10573337470
10300720219
10551384735
10385523791
10557945085
10287390582
10167084469
10524520282
10428839855
10286024151
10183065097
10336061095
10530017312
10420609017
10554921057
10790904992
10544283896
10419481933
10276185113
10374396603
10521115524
10181004340
10188778055
10091921992
10422375621
10388185865
10233261673
10502238838
10502178837
10484969165
10357196371
10744878334
10456455265
10490715939
10615797846
10649660546
10467641268
10234716118
10221267836
10731643951
10385451859
10439312110
10440244477
10112401237
10522530652
10603663411
10302422828
10584770482
10334714524
10693295713
10413997650
10269809908
10326484349
10422604369
10406577996
10298902910
10432659516
10590557528
10369898341
10433379397
10529388746
10424258865
10618544560
10192402964
10453037071
10573914979
10513533080
10767401893
10560846586
10340227590
10376708322
10489855088
10328515544
10270564913
10694301357
10264386195
10294510062
10205319502
10519814811
10613354153
10526996959
10353603397
10361392224
10348095763
10376517473
10602694518
10642692883
10551325538
10610252144
10412989618
10572171245
10311122625
10463735269
10491129206
10382454420
10655062465
10342635053
10417323957
10587240956
10476671638
10412661072
10751596396
10540252176
10679348832
10327166233
10180342936
10571521749
10402438591
10211179051
10361153144
10518519306
10388656836
10439872155
10157731844
10651853209
10418595401
10474546583
10564590216
10525446280
10314222643
10097709832
10157287838
10233234710
10437766330
10307900450
10404077262
10644391746
10076532209
10346743082
10121275313
10203012974
10530861332
10537638916
10443202183
10389640125
10585060634
10735990078
10419338459
10512171325
10475652578
10634941282
10373108864
10777322473
10270448497
10596738159
10395977396
10122556106
10309269948
10459054151
10486029622
10253863947
10354083872
10350497262
10370544127
10418360956
10471416586
10061820448
7171699612
6706579649
6594787490
6668629553
6813857318
6808314320
6834161084
7096997668
6632246067
6823149270
6824485939
6828067387
7971387393
10305980185
10573909981
10707308665
10326834286
10560267872
10311881721
10443393536
10607032987
10527425719
10532812055
10056920137
10613410904
10375785230
10403783433
10713916712
10538569514
10497614896
10460603626
10381387902
10527824669
10216897525
10396699847
10427024486
10547683964
10526502618
10543238516
10246777227
10594349623
10292521741
10525229656
10497130570
10404420300
10279935038
10637369506
10797511811
10598188937
10417809189
10486922002
10553649450
9045219438
9397348634
9410558241
10191853607
10037669895
10290028192
10698761701
10477775722
10465242093
10437652448
10642129318
10460114765
10517977165
10243340694
10242419646
10265851618
10338707639
10478759429
10412010439
10263864280
10451488326
10381778535
10594711298
10794877876
10240232257
10260265151
10274574920
10203891924
10623195269
10169648719
10516645832
10458280157
10402642496
10499856442
10320447909
10827183527
10474964168
10573901076
10492281723
10297235412
10520266522
10470674570
10570218634
10129940439
10514307600
10435082427
10732949160
10438123060
10393310599
10677145737
10369983785
10583712972
10322012632
10395715904
10723436964
10168333606
10300592530
10326904290
10547204290
10076341336
10242614048
10353984152
10279270814
10554603896
10381499300
10631506300
10569924016
10412085462
10358330493
10431065153
10563335029
10248948998
10604865077
10381687239
10548464348
10128612378
10228479170
10557988111
10603585285
10376490397
10404720647
10445071957
10487026491
8775600033
6716072788
6840877851
6819717080
6613970922
6808319881
9652872195
10440013759
10323209810
10428321873
10466377890
10165639817
10543615605
10656634746
10292539487
10597016200
10452170295
10642660821
10208207816
10754279284
10109216343
10376494319
10661831465
10390586507
10586936967
10545261576
10192020420
10274076290
10133225972
10673206310
10501294956
10245041223
10321391691
10512135189
10391898847
10069224113
10324236854
10558070970
10562441823
10468908430
10572370058
10344176974
10551508118
10481589521
10596360271
10386521710
10367846677
10483379274
10555179201
10500539123
10299038729
10408364218
10409491054
10349400915
10217808578
10341385143
10338199896
10412892285
10387327345
10431255693
10449854029
10455615297
10210695671
10285166705
10505737831
10528225144
10000440350
10404774722
10431092020
9408369723
9310251964
9538072648
9557148602
9871349051
10583844525
10405266679
10391488726
10422932230
10666847660
10221844589
10358186415
10228388164
10101683240
10300093517
10526661680
10233469311
10369499035
10455458801
10243569880
10254231367
10212371702
10104058147
10589518312
10468423414
10371730254
10267095719
10335399107
10252557242
10132057475
10243485341
10409615844
10315612200
10351684832
10175438989
10348562797
10207845707
10549886314
10495573549
10601093435
10466453946
10501525067
10208250389
10314582859
10132189863
10476133400
10511622124
10275206154
10250049378
10228793728
10550689893
10286551277
10565418326
10345357299
10751226570
10224791664
10602017915
10301739401
10473747402
10430320511
10639847219
10456788262
10553239394
10238344659
10266255229
10697670567
10187295555
10298021132
10181409035
10283543083
10372971191
10492143685
10271510678
10517705734
10538663865
10384517088
10404346845
10214767876
10464746483
10447098666
10260773384
10107447180
10201405335
10475918133
10318611589
10403373311
10265307936
10337869979
10286577687
10396350619
10287270256
10273100386
10226479864
10242034403
10043884008
10403630929
10376508057
10491044072
10429033502
10239035125
10555686893
10432047117
10495300676
10237344027
10198924261
10640164102
10563343826
10219610850
10145814558
10335872013
10418119303
10182436252
10336970248
10435980423
10045950630
10324947065
10111479693
10300483543
10267571886
10736180871
10334210376
10191340488
10190037447
10292776489
10599093996
10400679408
10234781797
10317738495
10413491982
10291504528
10447519791
10359046373
10406263937
10217417403
10391805567
10316612542
10244598629
10416514870
10206878374
10219219210
10309050235
10550543559
10120688350
10256551926
10541622899
10082974563
10274169665
10217037469
10430433615
10479024598
10149078510
8486641025
9004085249
9281688832
9130248491
9414038827
10313831879
10360621450
10425575855
10308548724
10274189553
10574919438
10457512614
10426506192
10113188974
10254386217
10662269241
10502587069
10517350696
10383532233
10450265935
10274079837
10538150239
10436905217
10717433402
10495319743
10401830998
10117781911
10534380430
10394711781
10501942008
10207298537
10706230871
10590542593
10348096557
10607271085
10206979062
10195942047
10046540192
10533876161
10346276960
10217706556
10622703602
10456518337
10635775092
10459345290
10727078320
10561113612
10669947364
10156439917
10212695009
10496725566
10399746417
10404873172
10577113181
10327490447
10233534123
10287911153
10399339675
10336113671
10434739827
10270852498
10292613723
10339922403
10534017254
10307662304
10506951616
10087725371
10603407950
10180263785
10272141901
10204875276
10415545002
10449437966
10456912562
10786306133
10454589707
10462989133
10163965342
10480855096
10367635846
10445646004
10301013725
10459949158
10517880889
10185801967
10235362792
10369178376
10245904800
10447744129
10446746614
10277911681
10279151645
10555875291
10454194839
10388034855
10462456845
10297843367
10743594002
10429370643
10394523694
10230867830
10326526487
10614940163
10323202893
10447877722
10372252699
10554339999
10404221552
10364795718
10406884098
10141774173
10432714903
10444145940
10448374353
10387083380
10744894497
10627336265
10169494031
10540074733
10449171051
10408625391
10408237642
10442233135
10318995946
10476161447
10302405161
10640990868
10681905762
10084066863
10277089541
10257291827
10411394414
10645165614
10335808477
10545448259
10577851971
10540536240
10265297385
10609972776
10339956427
10250753579
10456265694
10677953149
10738569046
10153039726
10407770831
10019922552
10627058606
10438420255
10575699431
10353668760
10345182509
10421474209
10369043674
10304872276
6463097886
6532057919
6580303367
6495844639
6395593460
6530863849
6446332858
6595143778
6582403684
6556804535
6628133545
6663505396
6749042176
6708162268
6755209610
6767525462
7015222882
6851448291
6803063507
6914513768
6708776288
6745411787
6902219318
6958639978
6869656940
6874409240
6862550695
6838190216
6758507069
6780358298
6817394123
6635216738
6806359310
6867832613
6829600917
6782734489
6803001708
6945929377
6768330528
6679294905
6865697709
6843993505
6802717489
6719017034
6773558281
6721727331
6777558852
6769404532
6814494135
6694574177
6846008228
6750039966
6767164376
7027918369
6984766443
6837845899
6702228118
6545651339
6874037665
6851934925
6804250152
7247902562
6841627588
6783037246
6857813088
6827654924
6860684357
6788756555
6760303429
7140673226
6841822020
6703991918
6919751393
6942250871
6892868413
6787020419
6744798798
6807642814
6814633136
6765263353
6821395526
6979772454
6662706022
6803293263
6609288604
6750352056
6857862629
6878137579
6945677584
6729552641
6840571010
6715042432
6709508974
6882492896
7079766629
6926551844
6814175888
6805044293
6925275386
6789400384
6740149893
6961160298
6892326438
6728868213
6875160530
6696834628
6827943784
6829240215
6789790768
6959387824
6855218966
6873044179
6890898352
6859644319
6773611775
6945418898
6881875894
8540420062
10702958917
10243415525
10171012536
10382298613
10468190540
10389881389
10646680677
10510250502
10507983338
10344843705
10501667681
10293884674
10418723499
10542057367
10661857916
10560906581
10196591645
10049620956
10601689669
10322531240
10548025113
10357433102
10508078476
10622151761
10406184789
9246969672
6697838082
6840191650
6815022540
7004262813
6982117914
6935589967
6967965563
6736681952
6754445664
6813742081
6676676464
6725399040
6982209337
6772868957
6736922863
6800452655
6794027192
6881746735
6876711490
6930649441
6794891056
6898561786
6874148112
6791978711
6799394171
6771697113
6765425442
6816608838
6896290050
6988687812
6902757131
6848309366
6897697953
6835028501
6885168488
6907353472
6790467773
6734702636
6857718959
6901882533
6863996706
6789875048
6960715601
6887538984
6697781904
6751462625
6922644160
6754723504
6771531486
6805524230
6899641703
6810191208
6706184326
6929212924
6759628050
6908526268
6839495288
6885005466
6670086238
6767285370
6883007664
6772630262
6767294469
6852314510
6799384987
6744598050
6772505840
6603848275
6803995085
6894244063
6770537962
6957664973
6700749508
6936535376
6836222134
6837924641
6828259173
6791938840
6893174522
6718229747
6897471778
6865536504
9490930624
9900367197
9914836020
10186654890
10093636022
9856987523
10223030203
10245619278
10150104074
10340017027
10490665162
10298534316
10396591697
10457805984
10752507995
10406532230
10340613432
10415540407
10263537806
10587573442
10552106719
10573198235
10468083367
10345981030
10327653761
10823974330
10459914887
10514207830
10305354879
10631902747
10476005065
10327168153
10277765718
10434717171
10121109094
10398592563
10700662709
10549361694
10603686738
10425715202
10460561034
10406163215
10228371243
10776931982
10222682571
10423045927
10475562944
10229485157
10386662924
10429104339
10431916138
10580990826
10378992222
10488420192
10334070982
10313460882
10361947542
10510571665
10256418471
10737284094
10457989727
10578101756
10308746751
10468056824
10629005872
10522471737
10393108551
10513140328
10648129056
10405187143
10375710778
10307655625
10499111370
10350770456
10434288166
10342549249
10403550413
10394370605
10531013800
10529331643
10203850095
10678071138
10560787438
10525682114
10319637178
10518904706
10284660129
10260340909
10434541116
10363267719
10234981891
10564525030
10453460533
10341882408
10570378350
10697548774
10339146807
10432332074
10400432994
10174642071
10397372845
10543014536
10680010213
10493723713
10260400364
10459087738
10416158509
10483985401
10347720402
10214124322
10242625994
10526592891
10224827234
10354686843
10422776778
10483516235
10140092335
10399389920
10547022223
10232046889
10271532269
10480661061
10304356804
10452903369
10541539939
10461518320
10653159208
10365142209
10328948413
10507328023
10212772813
10386674753
10614535194
10125623151
10559323772
10334335509
10384526108
10510673747
10236969387
10578564775
10579048260
10485747557
10644788068
10324583581
10344857727
10292331052
10439610939
10314016730
10269178915
10565859993
10361606755
10564776645
10532166064
10509691778
10403583449
10338662225
9732062447
6761450534
6909313429
6823987352
6918941128
6646909253
6813547259
6695162262
6732929012
6835215268
6881709623
6809759113
7136720623
10390423780
10680554618
10377487164
10447865678
10535746885
10367332829
10565814854
10304112481
10635276256
10378683070
10717651446
10555636144
10349496867
10524491169
10554378931
10588728742
10354856704
10308289958
10575957204
10354674119
10588381681
10284974612
10503240252
10068472407
10365570138
10426091507
10288981157
10614237646
10390393413
10136419359
10279435488
10493418081
10342548517
10225839867
10608600705
10384993274
10414834358
10458600485
10460549340
10330112003
10330866424
10488558434
10302750486
10313994220
10609322268
10171327045
10544280619
10413278954
10563629031
10397362915
10242676431
10232236917
10353417921
10405771237
10543126372
10202698737
10383076780
10377667742
10194360546
10574387392
10227962265
9215398624
6946987931
6829313244
6675622802
6763627310
7009661360
7010866693
6940205448
6875415155
6669258843
6860437593
6812962316
6892657592
6738748832
6734183836
6716993151
6807367524
6948337136
6905404452
6873958106
6943405035
6704440997
6907246325
6768500089
6821811336
6915795705
6657907004
6748676470
7048676514
6779195882
6842346882
6848388212
6863418650
6880627411
6975604732
6854216915
6693812483
6832995526
6737126553
6940009671
6665890540
6787688706
6868100742
6782343811
6819296142
6844778644
6865260299
6742540238
6906229814
6751706058
6947432214
6782335830
6520338357
7021214724
6811283752
6716455423
6765534365
6834269530
6963680231
6893910085
6823320670
6828930691
6912111004
6988334966
6866154600
6748779539
6830983960
6710676402
6706757205
6902398579
6684027073
6845046449
6782981542
6734699554
6736856133
6650199205
6705853479
6996352866
6890855316
6945261035
6755577282
6889967230
6811202378
6857496938
6898355533
6814778753
6957636595
6741765940
6636445316
6989851999
6691355422
6993762327
6800564618
6915630705
7056224797
6789579272
6787990591
7067776746
6868046155
6846993814
6836622988
6819925927
6771733777
6823321931
6959707501
6756156665
6696704311
6753020266
6803841930
9741411473
10172922722
10626250847
10238449265
10106685204
10215529384
10395825576
10368783806
10626176997
8121959350
9650788407
9599067574
10300467576
10272992332
10387927848
10525733365
10427699125
10456847952
10512104458
10395420665
10570858172
10375086057
10174036666
10450359762
10433913574
10235639684
10269680380
10284713554
10240879328
10529168893
10029068089
10340925513
10334044019
10259985960
10312007912
10737827681
10115478721
10449362682
10585005678
10569769615
10445084890
10530563974
10372869473
10854189461
10378230080
10261836743
10648050251
10328632465
10366952502
10559324342
10412574566
10470148660
10727286175
10539101959
10109651305
10286256802
10414083807
10285941304
10132137284
10557771693
10322014193
10492520051
10321034692
10372857419
10249185457
10402040514
10625052927
10571705560
10518014008
10236927177
10435758015
10561382960
10276355008
10447573666
10399717139
10475104268
10608614858
10359677492
10191290557
10291564230
10658149498
10494223609
10272171809
10620517998
10398652936
10387478688
10395737072
10456652124
10347325256
10504466414
10534892446
10412512112
10339547914
10503845606
10099164465
10460810493
10370594736
10123277068
10350892245
10312930223
10555124668
10500322869
10501249192
10276357393
10314981765
10315775746
10223241474
10750577035
10423261714
10480158048
10462329360
10596661668
10311214493
10314521851
10344214239
10395973724
10411987986
10275921440
10263452738
10671028398
10485415221
10375120052
10373242557
10561115671
10508700974
10222466651
10437741490
10403366201
10571129394
10214268402
10677660187
10215354001
10110364098
10261098686
10607503058
10484147981
10629933554
10271313733
10453172374
10405138617
10413595706
10530117573
10496277059
10411802995
10545182424
10641667094
10493152562
10400300206
10521590760
10307022026
10601580240
10545964375
10411668935
10567235190
10551109336
10434250955
10541410142
10603759072
7320835192
9327734496
10166501826
10243767371
10422742074
10287782986
10379700491
10150137415
10252378315
10319113125
10535998890
10334580924
10291275253
10451430801
10486581360
10469239570
10379225884
10268790797
10286523906
10385375796
10405327056
10418956376
10219244631
10177675494
10529644652
10555881125
10564274817
10203603459
10523792929
10444071570
10546206816
10281016680
10222460853
10358727362
10416367348
10575832953
10824380314
10207766574
10584594074
10323082636
7097877426
6906876499
7024218754
6896067087
6741900326
6933268299
6775607705
6802159233
6958031818
6935760254
6678191323
6738374623
6766029266
6831273939
6776248298
6800966509
6847837577
7048848716
6802217115
7027141867
6981845101
6839782438
6658193852
6732763016
6863769563
7043869041
6957724159
6847935081
6773024113
6901536618
6941092900
7130887342
9277701043
10469898170
10503213509
10892791254
10270938656
10425527486
10486148459
10570321507
10389464210
10349061588
10674388998
10330674733
10376047954
10314138905
10566908224
10816366001
10433663442
10363392846
10253926169
10628724492
10391800195
10543813681
10357821150
10423156464
10674477261
10724779859
10448863615
10525350029
10525270226
10410697180
10608769224
10462346307
10699675681
10838677860
10514001153
10324686461
10537559233
10422196498
10222840574
10560446321
10525005477
10692161979
10493337289
10521973345
10425177831
10342699223
10273225032
10203521533
10631048772
10482170301
7256232041
6778763036
6643562226
6754219155
6801360668
6729620555
6807879332
6864325446
6814231039
6794350709
6900813544
7103185815
6791111492
6830806535
6948561171
6910453781
6831299987
6910652909
6700939373
6822930388
6865459023
6621551455
6842608436
6859365459
6898776978
6893887368
6888782200
6876942772
9725618052
10359301535
10341048525
10314955041
10527898737
10319215141
10397696897
10133076264
10521780797
10479897555
10565557521
10798132339
10400352439
10530108719
10112399064
10162797803
10280777832
10276321482
10403863833
10559819545
10400117070
10468509014
10408954880
10297044202
10497815152
10600296147
10276685507
10474405280
10523863431
10589816308
10338368307
10521485668
10659008723
10367188317
10376010874
10446839349
10560101394
10561175246
10372736349
10447141043
10474910149
10770093241
10418748704
10532534055
10173327450
10578467114
10641942155
10626199758
10389272779
10511469445
10459612867
10646623794
10547992742
10465288533
10371791257
10763374538
7952581204
10231652769
10682254570
10511603020
10244157370
10275852208
10294593822
10530180886
10180519724
10246048870
10233035359
10569350680
10060275912
10391664613
10429013029
10664402617
10636390930
10390593987
10571232819
10678189285
10472168499
10379572359
10365810578
10252029313
10062187996
10396675318
10437412050
10481403274
10533144376
10542860685
10135295663
10302853660
10288801594
10231428255
10418982959
10437361884
10438932466
10523815893
10517500876
10188518709
10207315251
10373961975
10050208713
9963190842
7043663226
6833432849
6868320431
7028804372
6920347094
6833910482
6729549608
7003020242
6805864118
9881043782
10238965252
10526845273
10762487193
10322197590
10372869726
10604480260
10452323358
10420781904
10638965083
10606570844
10433092037
10375913510
10315914782
10606616013
10669360370
10282046893
10652757555
10598504440
10237935988
10368873051
10361099874
10291526279
10332221712
10593699563
10535582804
10385918977
10588619042
10305514583
10161426744
10411420316
10358410277
10458288471
10529598352
10610209792
10499803968
10445308970
10272644258
10325207264
10559479572
10414246960
10189838603
10210651049
10220588202
10574072499
10343442529
10221128022
10302436028
10289932080
10597820848
10459734263
10579990543
10465897571
10427235504
10346064206
10465736020
10386890056
10371940561
10201502044
10347707197
10512910840
10043607777
10153851298
6494327994
6848303289
6583578188
6952849582
6936129949
6688879404
6851604523
6853579354
6762134072
6908331836
6639801996
6799673108
6765127722
6925200879
6941988742
6719412977
6720350316
6758442712
6794926623
6867079983
6706867010
6889039915
6962055333
6888109690
6820736729
6976025744
7035132122
6694332626
6820710561
6648896857
6705573597
6789256585
6801511083
6922204111
6763625168
6843725880
6855222010
6962990782
6718294405
6835783715
6850540749
6782507381
6724391704
6761028261
6787453326
6790118010
7080610536
6715023735
6920077822
6841922199
6830544645
6817328477
6708511190
6895708050
7195466251
6868529399
6716444980
6950590782
6903190415
6912422061
6898685586
6832657774
6916258635
6724575894
6814527930
6663943084
6789097197
6765827514
6854546814
6870900694
6816529276
7010263417
7006391760
6834484125
6684828082
6775580289
6763838470
6758201205
6744392654
7154243603
6991141685
6819621861
6922884001
6723275488
6737858646
6693361682
6886552282
6811279141
6792358071
6817578256
6946662992
6853009013
6869758699
6849580997
6778902137
6921345723
6810784338
6774759077
6882707007
6779935239
6822106192
6747190051
6749039446
6704878356
6657441581
6966097954
7036843840
6915060039
6732028093
6789557596
6714282928
6797576628
6787492888
6864532465
6974025302
6946610628
6853537287
6841259811
6773708944
6824282992
7031540330
6890518593
6921365179
6634370725
6996658598
6810023536
6892709687
6989565021
6954854718
6897696119
6835510761
6778916549
6934941419
6790882616
6854921290
6804960648
6703035577
6952966505
6827826963
6774294957
6680217171
7120666280
6814794416
6760483635
6963997123
7041178088
6950568782
6747813854
6926885736
6759905670
6904455866
6711523661
6864663847
7149707300
6977343266
6869568839
6957489689
6989264316
6890162151
6733989825
6824850382
6847506056
6818288770
6709708796
6837029411
6814055161
6899058689
6801563579
6852262002
6868822962
6676692392
7080030442
6918716652
6752350038
6759590305
6855628010
6923027276
6868787083
6576677825
6933574879
6836790969
6915503537
6995606662
6919336575
6854280158
6689182647
6897673779
6750747578
6797662297
7090448992
7107607506
6943311757
6710995384
6861067029
6779412722
6700942053
6916816577
6814883921
6709711817
6983620833
6934130274
6970367608
6990655985
6896173184
6603458208
7020658798
6620391725
6760467499
6962420745
6892556094
6945941468
6800567096
6913557216
6758789745
6816811816
6890208130
6982519475
6892552235
6831511466
6728443366
6912230265
6834891129
6850278714
6676416383
6819214505
6911011328
6833775710
6709827768
6813332435
6552167275
7008055195
6765356087
9213999902
9372753894
9224220141
9576788370
9348329297
9791782079
9959699659
10478473303
10234312954
10615105845
10221066353
10316599208
10286471706
10378083944
10521491341
10518597955
10270801957
10650720959
10535092814
10551662172
10434075576
10427163007
10151739452
10509454179
10325650956
10445002912
10440101352
10437583992
10304058355
10467419838
10458271536
10708567131
10495325034
10365489136
10377888658
10282035039
10356978998
10275304018
10554637072
10541558200
10256623582
10230899306
10629425560
10507145763
10320713710
10276707383
10489061260
10569548422
10458155090
10511417838
10159033006
10609811468
10428321972
10154192647
10549784283
10464346204
10407187833
10327289518
10558542930
10333086798
10224176185
10329281732
10328301677
10358739134
10427267909
10219434077
10480832740
10201524561
10406494397
10309105536
10221561681
10840979743
10325955430
10372956872
10166556757
10410213959
10231082941
10423793220
10464196924
10292500786
10217590282
10416643658
10644009970
10380787619
10475128930
10626505848
10337850412
10462425902
10492437509
10296829631
10810730030
10427805923
10900849098
10671417269
10498076280
10281996784
10575664944
10621553087
10429977289
10575316774
10332165225
10442854529
10574015979
10214023627
10405300138
10595690474
10370123535
10269068826
10567998112
10501225983
10422779604
10613754536
10369019491
10363894519
10508876087
10282817435
10473390173
10576100779
10570968343
10238463512
10269494767
10531120558
10455126342
10009166575
10240797000
10309618356
10281800899
10395951150
10231232283
10231122720
10397606996
10693343567
10477096257
10381804432
10499816118
10410767726
10521773702
10248618444
10356293177
10477400612
10657728051
10379595078
10303332616
10437258202
10349900400
10420834055
10352911708
10560465352
10456123327
10325131690
10757125643
10594559610
10819613890
6580654389
6829432686
6696305750
6976756998
6807022060
6641386189
6701762180
6737029338
6826362975
10011504338
10303680516
10311537139
10447643006
10254055373
10200229847
10316560208
10368266226
10303682747
10521732138
10493901050
10198790602
10318747211
10281909801
10281696761
10438603038
10356889133
10330228761
10535620474
10488157340
10520169108
10187538943
10439819639
10464619423
10328757937
10310528415
10654409366
10133990880
10702209538
10466026803
10575581863
10479812842
10631564967
10537410437
10758450372
10497603689
10692924726
10433807487
10301448587
10490285817
10431526949
10256185673
10426519447
10208783981
10588575427
10459424566
10661886821
10810733906
10535436331
10621939702
10546918799
10654651906
10545481731
10616538060
9184596822
6816973561
6836507850
6945908772
6862671671
6701195329
6914880578
6878550256
6973855154
6582709323
6996917248
6735094820
6916346150
6682706930
7056326608
6758917778
6786724825
7056348425
6696221128
6978622049
6867657667
6812941106
6786873324
6800070333
6846596774
6933769663
6741834844
6623292207
6921341496
6983657659
7021897870
6849869688
6956133492
10268740305
10440884242
10331462871
10432950234
10364638874
10361252528
10417828939
10315772767
10562257057
10461809655
10595922960
10374490538
10427347876
10394117532
10588456468
10504798654
10341884328
10253922112
10414678237
10412862054
10503496731
10334374973
10178726095
10601207632
10414942173
10050693000
10310445585
10515059751
10437698708
10488567783
10246009775
10210948354
10382965181
10587414387
10285360612
10507377211
10507928185
10496635034
10709584929
10318422951
10335491948
10280394575
10459389842
10542268096
10296024569
10291404941
10326868418
10778322056
10255479313
10505602789
10416149814
10434472638
10620358893
10307128804
10535026729
10285593067
10481247186
10490155337
10656847015
10354607420
10520696209
10594027142
10504806617
10356270003
10547670706
10628088933
10221441474
10568409784
6940427262
6906815106
9065619920
8958471153
9297571416
9111036727
9223488034
9936626004
10112099175
10182986775
10128291748
10646178703
10332187004
10430310428
10560891804
10483017523
10451079786
10352081044
10389842091
10205362448
10471731255
10352375347
11008162906
10554208454
10588018644
10477615428
10357843226
10340154388
10625301940
10384889924
10577203059
10243966579
10383576865
10507893587
10194887759
10549189357
10574225131
10415034478
10391120738
10597297248
10007128836
10356423549
10326671873
10206216119
10238492856
10158274790
10401206952
10473951614
10374596371
10478310191
10203731542
10484307215
10318774154
10628405098
10470145438
10377940116
10472474370
10372504487
10746398182
10108555031
10461699779
10480408101
10579021927
10778755055
10344604670
10307280006
10452665112
10485073252
10486770285
10576368157
10332233622
10195589434
10158181571
10335319731
10253647729
10414128409
10474860302
10569889809
10544997001
10406640942
7283756991
6727857093
6764096445
6888503672
6987202336
6938967590
6854121590
6808464040
6851101562
8074888045
10195844823
10514902729
10446091079
10312352004
10357686749
10228270354
10508649714
10315874624
10509371838
10305777160
10517274109
10134675843
10426894807
10458481004
10552072012
10350663184
10257896375
10011879367
10395631952
10591964736
10265882254
10683403513
10509099098
10217151085
10340609712
10466735926
10593359763
10463352412
10569705896
10405563843
10518358860
10462937010
10316361024
10436514102
10579719213
10426974252
10196848774
10407673448
10506858952
10429481011
10119211420
10287792870
10171929292
10211468636
10274306503
10352086008
10335122303
10492247817
10330461798
10426448209
10109287916
10380788431
10406467527
10312963034
10354466251
10666794125
10217656395
10275936118
10474064181
10270013336
10209557398
10590103134
10427627050
10715759557
10423386855
10543603530
10383786121
10506356729
10447944687
10619113136
10499165874
10238007770
10451305673
9725413273
9230290449
9190938342
9148358181
9119324271
9009505788
9828246599
10341781319
10392867558
10238299123
10674875361
10290165270
10567497095
10422786907
10416339735
10527029786
10375149420
10475037822
10085089594
10461618822
10765755573
10495373793
10322712846
10641497463
10404219934
10644968189
10327091120
10184636630
10546261552
10282484506
10372023219
10472770931
10523127557
10466821158
10632971622
10484754459
10354760444
10245020525
10367841739
10352871781
10553991245
10424363611
10417709107
10512092975
10624449783
10339513963
10633839349
10378170582
10156293613
10508598213
10376314738
8585974118
6688643848
6925042380
6794795298
6572547148
6695805611
7072580979
6695233622
6991103659
6918914881
6971452160
6871555181
6997323723
6668520444
6862287801
6844089196
6931818613
6714113343
7179192575
10330535653
10759908850
10477249625
10690050177
10395542579
10369486255
10261318479
10680545074
10445719557
10455614804
10450353006
10479972633
10330496160
10432767662
10585236371
10332926905
10638675398
10519274923
10401124061
10622220285
10300597367
10531392249
10367983475
10130027364
10488575868
10513000159
10712385416
10469538005
10466870907
10463911066
10354354342
10205796681
10253215070
10512270795
10245834508
10744767656
10593383444
10475360054
10406212982
10316584229
10662906403
10296847659
10397696989
10700609659
10503951351
10726786042
10384816836
10445558047
10370990707
10454970144
10337804546
10424363768
10302293147
10681160198
10466402224
10521790385
10444266628
10413779451
10457200788
10548873193
10498903292
10277861324
10202790331
10437785164
10564432495
10396945817
10765564536
10278040228
10261782900
10570804679
10302538713
10542255203
10519421283
10483808897
10634775673
10494910184
10570798381
10280976128
10236381237
10221829003
10778628806
10413191691
10304657906
10375246862
10553895652
10110167956
10364081798
10431063820
10672268754
10403265783
10278765310
10089863598
8545864542
10373889701
10383660921
10404504335
10342430111
10623735303
10325631551
10284704722
10813903316
10379605961
10395519802
10508486283
10180938492
10435621189
10412725313
10663517382
10411476988
10525333121
10465187107
10442871779
10406980841
10419594703
10227260793
10603192558
10706637564
10335873088
10370971574
10190765303
10624145525
10527483798
10587820105
10635377576
10225852162
10288150056
10460308850
10799676594
10487568279
10640448312
10532388377
10243327890
10394272941
10664150274
10501290312
10596966454
10282980208
10447261320
10579094847
10331482280
10483484109
10337421237
10354087551
10792170987
10331297373
10362998214
10306098250
10510251445
10372489505
10237115076
10344766792
10270411961
10875293576
10606545417
10364550224
10547941490
10194713070
10523626967
10597918622
10395825826
10323750721
10245675192
10420083102
10636809080
10102169862
10103217645
10228631546
10587661327
10384765138
10307774318
10435823095
10219233156
10088739969
10321278420
10193149804
10481056130
10371845961
10111168503
10130949479
10593590259
10543002216
10407711873
10659160253
10522745402
10064496904
10291480160
10320778721
10556416787
10229727791
10265120277
10359334953
10504551766
10329659844
10663536855
10622682143
10739532217
10347796626
10265659823
10478612775
10477192287
10695139999
10338888506
10474699657
10521791156
10362671171
10114649743
10404902077
10094853692
10388860826
10343631886
10467297038
10299871890
10414108881
10525927498
10509086505
10265676452
10559930518
10353926485
10285166645
10520631606
10573140723
10238972074
10177603242
10397451166
10511768797
10666880954
10654156832
10354259288
10466580246
10441811778
10487884742
10476621558
10288528321
10183686772
10610164830
10626432001
10546703694
10258425721
7907394772
9261982246
9189560420
9493037508
9606631613
9455770896
9860190113
9829102013
10711374580
10371467858
10207579068
10523361510
10235315039
10417785445
10443857503
10464142166
10480067528
10580674773
10358037589
10449145387
10364266533
10545222848
10581964555
10257116843
10378976757
10456939570
10725867435
10373530806
10453284194
10546413269
10553435187
10201891683
10706007850
10271865601
10559944282
10225605035
10352573367
10344603871
10411773198
10239153742
10298519245
10654074545
10539917499
10208161252
10365829417
10514592805
10599226574
10600760902
10743467292
10692302394
10460520325
10218341254
10247070215
10337993495
10362785427
10374451845
10694461011
10528938480
10468254579
10496880135
10503235499
10249589009
10521641754
10273716556
10262894708
10455361828
10430760240
10271522564
10364091546
10460633518
10414718420
10441866785
10404287371
10540885192
10623367198
10398001883
10624990657
10522569277
10298380813
10479563965
10699087092
10261250469
10293404981
10395247041
10520503338
10478855974
10487547177
10110197375
10315677404
10296490276
9717884798
6974576688
6873835009
6804685689
6975440067
6948519931
6863754063
6817792620
6753086834
6833515113
6735594294
8173111437
10308187187
10324521709
10135586896
10494185998
10349583716
10473076007
10493882398
10316295706
10486463438
10566278501
10754860179
10083392248
10351696196
10557114930
10629094046
10524612482
10443217917
10616417866
10268498413
10453727282
10456631184
10658920490
10637704181
10671578258
10355311435
10111576317
10778615056
10456421118
10392940007
10343389081
10338394828
10261661073
10446122069
10354916602
10328501371
10488004819
10477863458
10206564436
10253805301
10290230573
10484382323
10429125304
10347413072
10056981013
10453929716
10294698247
10796763505
10508250186
10344858001
10244286083
10410855245
10673949137
10494206932
10259720869
10363380032
6907582875
9293546610
9583319264
9332558810
9466902691
9332688678
9045988237
9124465406
9187343950
9220263485
9430244460
9684053135
9943399706
10377055875
10237582956
10667204490
10443732046
10527498199
7089624662
6642710884
6785598794
6663830690
6905225430
6960819946
6866975462
6879189505
6832205706
6784804855
7077135849
6948909076
6881324655
6999930795
6858351887
6643157647
6802234181
6660750555
6738495588
6785526038
6785385581
6874678791
6849737138
6862506490
7004957010
6841815979
6796061851
6840083829
6701504402
6762560218
6908207010
6703666780
6878177889
6738299674
6814643798
6813868290
6866804952
6936926837
6768236504
6756058226
6816912632
7098927620
6904039372
6869483040
6946487090
6604605741
6812059288
6882297498
7013825327
6924432731
7119133578
6854497273
6627282223
6772728961
6847028108
7043486048
6811046634
6938057634
6876349980
6983419455
6715585774
6753479848
6832517774
7046870184
6730494382
6766957786
6821866105
6790470149
6980487503
6863443039
7048473922
6968978384
6983175732
6839521363
6719348441
6845802081
6736754989
6820270513
6807919397
7043745715
7035087388
6764015304
6788079842
6849042538
6786944985
6807799505
6852194549
6897823842
6826008059
6731058710
6809942953
6697711119
6977715016
6925218901
6861739107
7176121525
6827858879
6892535062
6899298617
6843797415
6877284494
6824640218
6754642745
6847084589
7005832069
6876840535
6697724301
6739939111
6793551053
6758611965
6897493087
6724582163
6905740253
6777319911
6813154524
6886753458
7059145558
6804594729
6836913532
6927192136
6717490018
6743123382
6867797041
6770268469
6924636998
6992266384
6771597560
6945620430
6796328065
6775004543
6971566063
6888452387
6746879543
6974690531
7002334983
6869057384
6881915130
6767439446
6970236206
6878189110
6698238095
6839581405
6783999083
6892168814
6882245798
6776505536
6721827898
6973043521
6902213433
6920006365
6920094937
6966342454
6877535683
6835077520
6815366133
6869064253
6778752834
6949331092
6926301061
6920182516
6741997275
6917819633
6712498768
6864685594
6775420498
7120334224
6828363265
6994944187
6769072151
6632827906
6950235418
6802917357
6981801240
6946567019
6934810667
6712393347
6789330014
6869286750
6945139100
6861640242
6898997942
6735174293
6917346326
6645117442
6782986038
6765291456
6779552877
6844440683
6992146039
6923127854
6748105105
6762559061
6953497357
6766517366
7053714231
6840358764
6905862943
6978018454
6923183546
6687877529
6747147496
7056092592
6673442708
7177466844
6890511249
6707572166
6885237454
7003209853
6827332050
6674532864
6865269538
6676541811
6951942125
6944264086
6764136828
6941828292
10029377040
10083032366
10192113585
9951273009
10567047715
10230492629
10419380709
10319846371
10441542424
10139007645
10328005976
10368682242
10737732151
10424264528
10554680248
10533912255
10278820606
10188435381
10252944860
10397496375
10570371875
10573279982
10264982887
10385577371
10309291252
10319732533
10353877919
10389109592
10355455308
10444555936
10725702523
10317367200
10389543742
10508158048
10562468158
10469585180
10323509512
10511968932
10421108202
10339491803
10423282284
10213800730
10380937541
10467193965
10175195922
10573866845
10312188611
10342506292
10390455812
10289061292
10159571958
10379487405
10465360689
10473490305
10541774987
10456228626
10297643720
10492340296
10515175571
10461159875
10458086236
10559705320
10559861638
10258863693
10407556534
10343729973
10355711206
10442347666
10279654693
10316189886
10363037658
10778024899
10379289126
10578086414
10589437583
10348139928
10773605623
10412671207
10448141964
10337959264
10437807893
10260321245
10384241790
10474394967
10363201821
10447629292
10517130595
10275191293
10358750944
10176525967
10554814458
10362511999
10289315176
10481289924
10569332989
10471876782
10583864543
10218228286
10513238672
10284258117
10487255321
10704911553
10310618696
10626357900
10571418375
10425798820
10494608295
10385717089
10457086240
10561880886
10490828298
10569078308
10546854890
10323367667
10414047955
10442330142
10339189147
10508269635
10481713671
10431294055
10528042281
10482955055
10542533289
10370587670
10551364758
10427776133
10513233287
10293329881
10441010809
10417206793
10661667275
10321452199
10131298199
10409819238
10472254497
10148720488
10317215568
10444051466
10840484081
10557187801
10734868552
10749615752
10455502737
10475281110
10350624576
10364884105
10066757354
10437169248
10546840740
10384590596
10517865621
10330437177
10246176294
10391917970
10439655511
10557966259
10673904248
10168940603
10500672193
10162939759
10436157413
10656318310
10580903214
10295864453
10341603157
10571545068
10330842434
10714048285
10480251151
10310396116
10458774978
10586277109
10367490843
10498674490
10519342624
10170519371
10559370537
10302859575
10492716926
10541218468
10281856389
10664984452
10570131498
10106106791
10531044403
10476351308
10112459371
10454512954
10440972103
10533688264
10372795827
10480236670
10591880876
10286974758
10559851712
10357787327
10524537670
10467155924
10516783471
10108013646
10353858490
10472883652
10341493394
10512538461
10421540758
10721445738
10656874759
10643209408
10528592130
10306732176
10460189566
10463745905
10384582320
10286594167
10318930710
10077911662
10637270862
10509888035
10403188395
10431431266
10332979844
10612858541
10360715428
10384160203
10358090014
10139739153
10266379809
10226726224
10277429200
10649411672
10142273627
10230990450
10708156932
10747455856
10572949505
10341446977
10454353744
10285952678
10487864404
10444272750
10247869524
10531524181
10276433288
10283369549
10534441907
10429444731
10361149843
10453154688
10238175686
10269755058
10278377751
10236235015
10442076027
10345969479
10281403495
10324699434
10255345376
10414510876
10572444878
10401149092
10443016060
10530690518
10296330000
10311786491
10409187601
10375981523
10612134409
10387115883
10429971358
10376765437
10678054975
10446339264
10303038618
10575529667
10331009937
10231316714
10174084338
10756188577
10632684868
10216612078
10486472893
10210019164
10288687898
10333835418
10322332965
10436148889
10365273105
10513816416
10307034282
10458257970
10222639738
10381436449
10538178879
10384738252
10336906811
10372862308
10379077751
10202785638
10430281755
8998014652
9093664455
9198931580
9300687585
9305638053
9273388907
9061891929
9033472777
9416045597
9501213870
9735973038
9855035999
10004521474
10560166161
10585240314
10261483480
10344571444
10385386498
10582365003
10631846842
10152300861
10250313615
10621820743
10232342052
10604009569
10798871561
10255725272
10584998460
10462876790
10367619955
10512925360
10513782330
10379459582
10287630153
10473310691
10373495220
10186282840
10377913140
10476012327
10483125495
10549348289
10443981244
10313193174
10575780633
10369364588
10251467830
10352305687
10379274873
10433207850
10464455979
10292330646
10428461469
10752932537
10486992642
10360068396
10571873801
10378026141
10507373419
10534189009
10433510306
10648285743
10637564287
10425961430
10166132852
10340005773
10243588575
10304671156
10683760770
10523832026
10623401366
10224327345
10197734545
10436790671
10216508370
10659711174
10466232981
10514496616
10357826870
10356159159
10641486073
10460744116
10295033905
10706076503
10724147471
10384106564
10537328464
10428741705
10784829338
10422929563
10479533696
10386939464
10606649956
10729787874
10456596151
10565262696
10476175733
10224341221
10514991235
10449028576
10109457947
10044842277
10441885689
10503477445
10487129077
10282466314
10505494491
10446499146
10423458743
10201916543
10486749092
10553187361
10153168743
10255725758
10348346655
10392459100
10486244762
10720640736
10249924417
10312334151
10383455388
10529182441
10466878014
10455301294
10559257166
10708434748
10567247776
10225286959
10442511349
10217473641
10158405617
10494178105
10300689466
10612151727
10444411721
10514112816
10486993175
10381736659
10379214899
10517433658
10400074124
10300862006
10381296788
10528661399
10532160998
10288788754
10339288683
10436957650
10498498492
10464741241
10282166894
10345401448
10130245981
10515348632
10583220152
10413819807
10131043326
10503353772
10369661490
9818412264
6599876131
6503350238
6625724487
6680773235
6755417839
6544634825
6867314269
6610599284
6962897966
6885606759
6858784459
6676419072
6803132501
6692206637
6771854181
6929214411
6900377461
6879177054
6831898518
6968275832
6747137988
6796358400
6651589257
7082627325
7153411729
6809693475
6782358900
6907757224
6687681146
6871967887
6868754372
6809735124
6805434596
6922485756
6746315345
6877697009
6827668310
7021408084
6754129149
6885119355
6900932673
6759074278
6830551812
6933734445
7118971742
6833076730
7016392277
6921219922
7236794171
6929972044
6984069487
6704860537
6847604348
6718722572
6696237131
6878749758
6797176786
6981076943
6875574703
6802466908
6891048219
6922401727
6811788502
9961815386
10427876141
10347061706
10594742971
10239434362
10087991653
10259008341
10231417208
10388671639
10383785768
10156876819
10486172216
10361484112
10555819206
10392763853
10570508884
10328673469
10417605909
10247082384
10281893321
10237778855
10312756048
10540179434
10271180985
10432852750
10556187969
10130878573
10389644544
10164101947
10558341538
10291843883
10335822624
10495258926
10311862263
10390995429
10412601344
10655291714
10508934140
10286707342
10241802829
10512839173
10423929133
10374911072
10161747312
10050869355
10569606373
10597943292
10463441431
10313325092
10289474619
10565503140
10561705661
10600919754
10329662853
10632251010
10322859774
10216975385
10555990579
10268171559
10731861826
10611305885
10509651559
10643326900
10422981622
10610784615
10247684170
10331250393
10321681827
10299706676
10424559858
10404076297
10337177597
10583146755
10384731299
10288617082
10465936918
10530351906
10589158664
10434055962
10129139492
10431023774
10195881696
10492230959
10344922432
10461685297
10335875482
10234994352
10287908477
10500220827
10681079183
10666277797
10732129048
10503105532
10123293181
10425927634
10541119210
10465074424
10457894719
10338843246
10348711895
10363710308
10473881015
10431436643
10392465686
10570149580
10502131577
10356654448
10431928779
10417789689
10134795036
10398400583
10283995552
9658367306
6752586731
6673109189
6657462844
6742255509
6791304138
6771278108
6797957563
6841178162
6724445311
6790250159
6815537430
6886188905
6952624462
7066924165
6862469127
6969567677
6971701924
7027211090
6883706040
6925443387
6987911247
6869998783
6878159918
6731160158
6938332499
6745942541
6687123466
6773030109
6841608744
6766049805
6800176079
6949347837
6782245986
6741384579
6866144022
6950792063
6859712382
6826449319
6895330296
6896195195
6893348531
6884976519
6751300900
6853320013
6689582418
6767383540
7022685705
6818441280
6815375609
6936386477
6950856730
6707415916
6792118724
6882465697
6761128732
6855733488
6741211444
6797619625
6964185945
6890247133
6787474985
6803211976
6848789664
6863607015
6834009549
6799985283
6870557064
6810421002
7211557040
6958999588
6883620222
7032176215
10472264357
10657504923
10505052396
10347227615
10559251903
10409505517
10673415805
10415550360
10274836397
10677029197
10494299443
10626024590
10499180033
10591529726
10495721131
10608101099
10637490797
10136562978
10931353570
10362992115
10463176848
10638582740
10357946468
10477644493
10451559151
10536465070
10492553739
10550506167
10467917509
10416872452
10645110065
10697369982
10314682518
10364819000
10410351713
10525153288
10831731659
10517872143
10742253003
10491195562
10305657330
10480062636
10399304660
10448328742
10606330763
10584018863
10629802669
10638843037
10645819044
10489306153
10696495941
10515694052
10137199619
10462801668
10898397913
10640736204
10627324023
10607948233
10438435726
10580423086
10581556190
10705028548
10504378693
10668785967
10401794564
10472538526
10450077102
10436210580
10765522537
10595392185
10384349304
10786266146
10670326206
10578322889
10426715258
10524576208
10709650480
10580946977
10644927413
10914742358
10635454832
10319109115
10317101927
10538237061
10710626667
10391622002
10561708456
10438141215
10880163646
10603805452
10322462103
10713463759
10622263603
10188109072
10556443439
10634318226
10414817273
10198180966
10707207364
10282788806
10511187634
10523135000
10483834976
8597350131
8938387107
9211401425
9429344777
9348170130
9504105686
9673762986
10161729373
10275499951
10538458361
10518274038
10356014811
10454671326
10475987261
10529866236
10316641319
10373737099
10340061275
10398570238
10499914303
10482443996
10095596764
10285377852
10479441144
10379463568
10625043068
10571066206
10443636855
10535836826
10594772392
10498028524
10251832899
10423273110
10465988630
10249290942
10412775822
10283093848
10871955083
10496285485
10692381239
10246341301
10098517872
10592174030
10474695449
10713050340
10321433514
10325152635
10370199405
10719427124
10182753229
10297043632
10388504654
10537953771
10358130182
10385259058
10349353291
10638528237
10170328294
10465491953
10308387326
10383734237
10348938426
10407767776
10570417122
10530501842
10279053129
10733992776
10529285363
10449205476
10501418754
10473454483
10301755368
10406903791
10588634988
10835747909
10118056168
10205824507
10376498032
10560371395
10256150215
10502491410
10643650559
10410272189
10768102177
10655189986
10320525591
10249312026
10653078770
10441650614
10352198267
10522167769
10217754954
10554695135
10390901975
10435166348
10197865398
10289229241
10448295044
10267647348
10355055974
10553773692
10500554094
10667979272
10397365720
10438195921
10401616074
10503687480
10236540182
10474101826
10519020249
10356623205
10501883527
10342686002
10220449168
10404107471
10788319498
10610858860
10175692436
10492327689
10584523724
10074914529
10377238545
10475845707
10416419976
10412008884
10209583264
10586562767
10128396951
10565590879
10280329966
10310962005
10513649463
10212297156
10241603291
10524104893
10574544220
10152418105
10434586897
10428961964
10458686081
10604240592
10472305798
10425124793
10339203943
10437854285
10215794333
10330158559
10351778537
10511508454
10132580058
10489602228
10591156637
10320282662
10456373059
10362282663
9236162165
9072920739
9463596427
8961989288
8970619382
9276027957
9014700129
9302162297
9815478851
9521090990
10107952940
10478214899
10025141548
10478888497
10254190538
10105587554
10281913785
10319500543
10698368138
10747409774
10416339935
10306364729
10445943291
10560736630
10538613578
10416427470
10497029021
10327195849
10467862304
10755160934
10350620210
10495611470
10315119248
10489909299
10406144487
10631693093
10698460862
10301990837
10157018145
10273912943
10373920757
10763585653
10272024992
10667008174
10605749901
10273561946
10197120905
10489074172
10349488502
10396841313
10087451811
10419356561
10569370914
10290380344
10330357786
10129735008
10349235636
10469651198
10326473108
10397044814
10171294424
10247168401
10188350918
10473655493
10430259893
10297695166
10345405740
10473781507
10234936106
10860093832
10603908731
10406233902
10377803254
10420516671
10122627396
10635216971
10499736038
10407364559
10331213536
10223825720
10189636878
10491059849
10841770355
10534664728
10360577965
10614591591
10431737338
10367648551
10552617652
10401131043
10258844994
10446035208
10187461321
10787759487
10287734121
10290882123
10444325035
10546902705
10274218436
10350717690
10483089590
10535856230
10278997029
10492792904
10480770996
10269503207
10321776901
10335824851
10285933865
10347871539
10457439802
10741577136
10309983760
10358960065
10089417866
10529119940
10313499879
10261567531
10445883031
10395860552
10462812943
10588122288
10580693891
10608391543
10353260190
10655247471
10338320313
10406943824
10410589315
10371574682
10292391265
10355833345
10372046555
10318141457
10376269305
10793485883
10345356406
10159858818
10396828151
10750866222
10486454863
10327698610
10766927269
10344467443
10182685605
10376897529
10363011111
10534394600
10319243395
10389165131
10497721026
10477186021
10200706193
10437368407
10416776101
10535353611
10545991989
7911543317
6728133639
6672459040
6691873578
6560558623
6680890859
6776384016
6819644221
6638287469
6885767081
6733009867
6720999597
7036158353
6768302506
6856350560
6752122195
6898605566
6958052933
6741613271
6901317678
6849549412
6682230171
6961520823
6899234464
6932120572
6947332201
6866408975
6838837508
6661984670
6895068506
6932730820
6951989593
6849230884
7083159697
6696717059
6957156380
6957214353
6792844702
6794978624
6852583787
6924243322
6845500891
6909526163
6969921154
6623704317
6861679852
6843763884
6846617609
6640062856
6826446330
6854839448
6798371887
6795320940
6938813848
6891843004
6849382463
6953229546
6752711049
6760835226
6779135915
6838173951
7028178705
6860466322
6837085171
6945354493
6914131718
6824525924
6921825478
6925159240
6750357200
6783265493
6723366694
7157587438
6729231096
6896342612
6923301605
8995874786
10626549582
10338883300
10512700763
10359650212
10479580964
10535972806
10130599142
10434104038
10302392837
10422949659
10778103080
10583162872
10428165629
10247533510
10408502886
10425779485
10413517478
10671567092
10620016777
10191983240
10463912786
10268860889
10710655151
9920882081
10410999674
10411648185
10547336278
10514439481
10835300640
10349427461
10483225977
10347468989
10441833594
10290254569
9416594257
6802557800
6862812686
6703799016
6853495060
6785440900
6791773742
7065333856
6707546503
7074465917
6911293600
6718044320
6776574779
6728206563
6841521658
6744453541
6877293053
6855140268
6898030163
6866262573
6817645895
6627213904
6902435435
7043470046
6889922639
6990525150
6921403009
6765057138
7114930331
6785631335
6795894463
6916624344
6801167899
6830064272
6893015535
6747259111
6919208291
6745132583
6920741288
6883761413
6704605276
6765532822
6718833646
7033426914
6657362611
6919308726
6821045779
6919989856
6919996735
7076843369
6857655902
6825495931
6810828293
6985221783
7034227469
6791358579
6814414393
6948154597
6713841640
6594151202
6849750870
6967908490
6677075998
7092490707
6738248009
6811647854
6952832500
6901497382
6898525534
6925046924
7005861695
6821911237
6865331888
6920325025
6873240221
6851502065
6850657773
6809187506
6767723839
6947457057
6788948519
6854075662
7025048749
6654598253
6807930621
6848358244
6632611092
6818704150
6864801148
6913770150
6769326254
6777547373
6890298435
6982444009
6927764891
6700584645
6969359235
6771916214
6722261783
6732047487
6903097012
6744012518
6717935926
6681082657
10256518617
10394071068
10375618116
10571089830
10502457397
10374028395
10372796613
10417839011
10432185025
10271024338
10422828871
10620701384
10311656891
10366164956
10382758342
10180135718
10188954371
10149494436
10389564797
10090525942
10354096965
10198993508
10489385596
10323618043
10155555092
10509241891
10611534969
10392103096
10307393548
10225989940
10499972269
10112205198
10478509964
8955863455
6700562078
6681690928
6762984314
6865305892
6905760841
6812084705
6858227994
6769814161
7018900956
6881314956
6766915145
10197434997
10345288891
10476549293
10439214008
10526589127
10350744818
10598234600
10505846848
10356162515
10738656919
10643358280
10384684820
10270472791
10417413732
10470499867
10560158501
10302898178
10258963056
10346838693
10235658916
10404086614
10224998347
10352401194
10409696897
10547602121
10510146619
10406823627
10509140911
10584813305
10267848181
10443818935
10554913309
10339371935
10473317646
10133171718
10134779099
10581740929
10603660529
10610011515
10376714423
10427049900
10341335098
10262378571
10397351123
10440085774
10216607372
10830242124
10304867304
10496841682
10394780533
10550596829
10141303410
10295844482
10499022813
10317472086
10439350459
10310032968
10440964094
10473293406
10506058428
10477191125
10513202187
10317502134
10657582365
10524271299
10277291154
10490281278
10609893525
10435471019
10307469003
10671863838
10271813311
10366668486
10583677936
10450735750
10440029516
10442055254
10131244578
10418546414
10367397485
10685758503
10726507562
10319570816
10263330363
10396746496
10586669346
10094080170
10284491229
10182078656
10319008726
10558498201
10247598751
10385834077
10469232954
10553748653
10393838522
10279474416
10223627324
10626553124
10495612837
10465407354
10374938051
10331207674
10383893118
10507873381
10395655579
10102958769
10118466301
10519011758
10396393095
10045953686
10448679396
10371369291
10487511318
10522621169
10339075878
10345654660
10472889076
10510319957
10376447611
10211417979
10173673901
10302180476
10509717846
10253192867
10439072567
10078652615
10277612258
10408282870
10157948009
10464197504
10253810824
10454638305
10552237565
10268814595
10369870853
10395413620
10582558297
10579021864
10518668472
10299439826
10242805793
10513046184
10332463915
10737703605
10286205985
10456068408
10503038815
10451409009
10537307432
10364399745
10395538737
10172737690
10503196627
10369297765
10472029360
10111404731
10355425203
10479735166
10345522972
10579251559
10402881915
10414357760
10240233590
10311739553
10386489119
10293036236
10360612363
10487363218
10415768045
10642492387
10406088886
10206946725
10728434884
10395398912
10297700744
10357946085
10472950727
10363227540
10496051598
10476500786
10513555296
10381440118
10104461034
10155851274
10327014334
10398640156
10342809380
10421659239
10336888932
10084930606
10354246957
10275653161
10108064004
10588282511
10290797448
10507056357
6748957294
6857164588
6824999237
6677876648
6847559064
6794357783
6855845574
6853337803
6795007490
6945128137
6860499400
6855513821
6854997878
6976903191
6838397618
6770861725
6689739144
6787094724
6755847491
6801023916
7107812119
6761773369
6766147686
6833171299
6775497989
6955202626
6983273914
6800502791
6829700742
6982822303
6713436052
6753220912
6692970812
6796972531
7075547593
6778611003
6992099271
6803575859
6726454117
6711651202
6840519942
6823571439
6755818524
6887765436
6703868600
6956252934
6770352269
7161746702
6630863260
9914248212
10199738203
10483104929
10630358523
10653973742
10449577686
10418977395
10430370375
10331456216
10452412996
10442265874
10490389103
10740597733
10274443468
10714427704
10356014683
10266257276
10475988138
10312158343
10470774402
10379988694
10141686149
10607678276
7908436422
10306238171
10062747478
10135285775
10134259177
10227016749
10344458962
10402734814
10378543743
10312815263
10732949394
10419274611
10515462654
10178985535
10278732783
10472887504
10423547317
10492493297
10298692407
10542282797
10483664523
10283170247
10213644437
10416551454
10098267625
10462384109
10223251963
10444884646
10234924040
10811141543
10490321115
10237618440
10531582731
10505636022
10287037233
10519403133
10287381939
10501568611
10325487738
10435114052
10531298651
10539191081
10474808010
10518448728
10630217887
10565096331
10490806970
10566848431
10281390688
10552154303
10309782014
10309787051
10609255565
10715067143
10436575068
10209216261
10293779549
10283568288
7511911265
6860934745
7162432579
6892981271
6819172935
6706075346
6909223472
6747215123
6716446467
6828607466
6787789888
7081128344
6794494818
7042941410
6928128471
6855678143
6875554299
6765280588
6867248510
6931152710
6703254256
6985646547
6694525770
6859226649
6794387525
6917934089
6757157492
6769653685
6893641266
6933480062
6954130751
6713398028
6797204894
6792815079
6684098815
6636089778
6772563370
6900067063
10337762756
10582822183
10742360177
10157236665
10471121978
10257736147
10421014568
10634390413
10219564103
10568930267
10262124562
10547914303
10152158647
10527306937
10437919188
10453553219
10503424624
10230137099
10427356087
10498781765
10387961559
10254753272
10442095017
10558312884
10309093032
10638868240
10294642781
10454952773
10436463018
10510008797
10622943701
10479981632
10531859968
10389206300
10582872465
10323386969
10380122990
10168309256
10162590668
10363304921
10294603151
10671695234
10550322276
10335705679
10483867678
10523535391
10410711131
10588912535
10133675492
10450356754
10651744416
10680690830
10316174067
10386789088
10501475905
10435965640
10319861435
10363461645
10104918535
10410957442
10678918620
10477483716
10614819484
10631066454
10422951185
10187130080
10419977969
10137894237
9445887227
9381382018
9223415466
9583060590
9374822460
9330717001
9523983928
9589770669
9920306360
10047819352
10707082499
10451016007
10611045077
10464452272
10642985375
10556878586
10827424081
10386703267
10602734890
10473500705
10519108004
10596965039
10901826193
10629452584
10385705135
10536916760
10447545168
10714432922
10613295992
10344621967
10245541022
10493622626
10609661873
10565967947
10579035230
10886453632
10390812707
10509345166
10653278393
10540840393
10436459677
10667770025
10478395363
10552673076
10693515655
10335347886
10290696658
10587363606
10513321059
10282245552
10692423206
10574878479
10479357282
10468699180
10698819551
10426251822
10538333663
10199615798
10651866222
10499950688
10605266482
10388889291
10736132430
10872740539
10756980361
10391346382
10797149320
10787503515
10616438621
10679163695
10343459838
10746646528
10628163014
10753895527
10330441833
10448451790
10524655833
10659897374
10424045624
10524436280
10559763036
10325892531
10355901857
10742248745
10525130445
10590559359
10453793821
10396859249
10540901796
10542484800
10666933732
10425863887
10432976722
10894275527
10665390959
10687915002
10357083789
10266042641
10504020944
10335157138
10515911983
10351034802
10284787452
10684250687
10434087488
10602252145
10424921274
10575449833
10934314189
10632001129
10354966539
10452295593
10609093841
10418360692
10573199316
10275156139
10416903529
10505484958
10350199488
10533534159
10398800236
10607818779
10678117115
10630310948
10562876220
10719765273
10073348522
10590344758
10636808408
10341056912
10488520568
10844307480
10687251564
10507634810
10651129498
10389533141
10552325343
10314003876
10431453684
10336751492
10545752845
10614932023
10652788582
10611903937
10690540962
10487237603
10222674522
10377918981
10406793858
10517976853
10773856617
10900757280
10654169949
10573786693
10607460574
9158260881
9033603308
9319616165
10052396641
9914464380
10199764137
10423418624
10116648696
10281593238
10159907328
10273072059
10352959658
10474541980
10301207228
10467958711
10088529761
10262457614
10340915515
10159729695
10405467586
10378499380
10304196834
10675513783
10541972467
10376198406
10665536240
10367378049
10428312565
10710331680
10434764484
10556578420
10378825746
10339638245
10307654807
10132646064
10334553539
10346318420
10260062032
10699910357
10538876358
10609233839
10370062643
10599895851
10484544312
10386191046
10251867790
10641469799
10550436167
10578507895
10343271138
10378811175
10528632385
10339218579
10479216898
10349480016
10537046374
10426651872
10415992074
10755285743
10516491775
10440130684
10066442223
10341807665
10382959930
10364481334
10303093005
10501729735
10161995988
10425752178
10008583438
10361038769
10470850937
10527722187
10565382586
10292207005
10510440026
10436878326
10541488819
10613519254
10474333517
10381979877
10557189582
10323675632
10324805050
10690989033
10612513267
10344091848
10220740546
10114989550
10665452410
10652684208
10389442991
10375725546
10134053436
10470024747
10290861569
10410186003
10246275967
10246021660
10536717235
10666929990
10541544633
10409064447
10391546091
10395039188
10569935550
10097394469
10437530351
10492777717
10472085941
10463652930
10390221687
10197318906
10451804986
10456515605
10281050637
10267319893
10354076994
10215608617
10660089925
10274763959
10343464480
10345719784
10159392781
10474135177
10421404010
10172956467
10573670008
10413013124
10422784173
10590491617
10537561515
10531386477
10527080648
10223396662
10313909702
10355969049
10410912988
10184218279
10551556624
10516595922
10090489293
10426800473
10217124615
10506714715
10619339750
10171751168
10085680984
10347296260
10427620342
10253332938
10384477716
10162056890
10536156315
10231355841
9567745896
10202614758
10644376061
10362380225
10271884639
10153597019
10398693630
10553860171
10419980331
10272697106
10477511199
10680939700
10396198718
10442586907
10546516764
10434583076
10579744387
10467686724
10449399822
10175555969
10347292159
10447150863
10240438387
10635252007
10504646321
10378417761
10308189254
10182662235
10423020975
10241019611
10322844709
10581369064
10687630323
10350442998
10530570762
10763355345
10567463617
10477675441
10486479647
10071395317
10638845879
10158106976
10149584129
10314010585
10421488854
10566452871
10518073527
10502332946
10527474535
10303226303
10640143872
10384405242
10708790798
10472222599
10378089377
10640020030
10459070483
10314201802
10625895388
10397038501
10439806554
10485326516
10418046848
10556529661
10614603142
10292840640
10619897404
10295042699
10647490029
10502050223
10308530130
10792478642
10583729601
10405881542
10699252586
10448183839
10355921666
10658870976
10382200580
10569544431
10440113313
10417825575
10477461339
10347870488
10325287951
10544969298
10313126448
10538349628
10724835525
10574760278
10588358736
10518551973
10358316013
10484056757
10692264056
10281199334
10421306840
10690574039
10343846136
10531545368
10545903354
10368149158
10512906326
10461322954
10494250583
10483429164
10267247796
10662106717
10580708177
10251934130
10753120452
10454183210
10613225592
10430530788
10394050259
10549217495
10326179008
10509476415
10658758007
10495356739
10401240961
10407168333
10598939957
10288443455
10611398154
10351146536
10279580417
10362115795
10496814723
10431367207
10384887319
10985439634
10459716082
10385406991
10478653036
10327383954
10703603704
10361465436
10662584531
10377125201
10631494117
10607191102
10407179695
10368266664
10435673241
10294071265
8365409544
10602872653
10088197176
10325468300
10292250254
10432603637
10738874025
10274862876
9469419367
6676089880
6913808004
6655470066
6906833654
6999360181
6738166191
6769911129
6867071333
6795496516
6803296039
6644035719
6785182403
6824076980
6910532473
6908136196
6709784054
6866947392
6796500067
6838425808
6933198073
6886374403
6699239010
6780458937
6854916441
6848784429
6816110310
6658203199
6965639907
6980251330
7007029306
6937749931
6959798986
6872026357
6870145709
6992211935
6963707417
6706976061
6928252002
6806494394
6785910562
6749510510
6905852830
6912099258
6744858658
6972710056
7000299199
6745634959
6892439413
6663763349
6664977507
6759490389
6815663308
6602548570
6778191672
6844080898
6967466509
6807034046
6889450695
6810488776
6724257727
6688739506
6794997037
6715112799
6983023017
6836468260
6752233574
6719923543
6847367463
6701799923
6608875246
6800947207
7123553531
6911781249
6741016106
6849453824
6925835969
6707667195
6774748346
6978646875
6859945639
6772758754
6854915378
6978531526
6907460043
6771454171
6766671694
6840028449
6887151553
6694201419
6672621245
6759992262
6844137828
6956878343
7051745092
6836603049
6967546029
6821755543
6994415124
6910714825
6867056812
6873638510
6872541280
6871745498
6834106618
6880600124
6984402517
6676650254
6767509697
6871508511
6762820097
6779409784
6847622042
6748949744
6746066725
6863699195
6937337353
6863163761
6725512482
6851633409
6958994405
8092590278
10253427147
10303656430
10254552086
10534130241
10257694396
10454140852
10362848604
10223432424
10267619970
10181401015
10334511359
10222041144
10196376182
10294398968
10526315067
10297838278
10476113324
10173697015
10412401190
10343226236
10387406450
10265189316
10357689006
10272530941
10178425928
10259114143
10227166294
10346510816
10163419174
10375454459
10625612300
10530506608
10223644517
10221836106
10216564182
10212445446
10510325581
10122990804
10167893015
10207949158
10460277609
10561937727
10267938533
10360592297
10284176116
10527031748
10253276116
10337969955
10602500360
10630903810
10387061853
10387256939
10148243035
9304835202
6912185594
6757229820
6953448609
6817119795
6949302519
6499326763
6678186131
6826506151
6680432988
6834880703
6980193063
6912951557
6656829523
6896045056
9810091960
10252910728
10113529060
10202486392
10501795889
10341808593
10264359333
10306969197
10182904888
10504345037
10415436839
10580811809
10464111688
10495841884
10677893044
10647191775
10442110539
10344956899
10169105692
10751327332
10284540040
10458258551
10190673438
10258034924
10503173197
10366274161
10591690383
10436248386
10506513209
10532653407
10402803806
10093662081
10225756190
10321465471
10509319179
10439188052
10422039366
10233589966
10143293830
10374368824
10475733469
10687175197
10385084188
10827174769
10543224425
10366555911
10600776819
10241963473
10455906622
10411171528
10537865322
10330490498
10155812638
10357516177
10533186469
10225418029
10355238967
10541737234
10479046210
10609453445
10420239877
10368428017
10389510554
10538514826
10361877778
10310471853
10581850756
10526456311
10708312494
10577909073
10344713318
10535679146
10340055893
10604222154
10466702157
10359823758
10545675504
10258762512
10464064902
10396696531
10493144067
10667618981
10483991603
10439520707
10353156136
10277727694
10460528692
10779986674
10610161595
10292449023
10476573437
10315966021
10470266741
10517673240
10538855890
10140294300
10435057569
10344888134
10386690149
10238311536
10379969432
10476587163
10470627255
10435846287
10475175440
10201198727
10451530114
10701806503
10437608001
10135442018
10408793669
10503528819
10495997951
10566411098
10210820018
10230654732
10360404729
10373159526
10273962799
10444446732
10301973511
10178282480
10456561183
10529280273
10628261897
10383532809
10490740255
10741209889
10559511401
10510820230
10395862119
10271635812
10361669039
10626229169
10516789807
10319589626
10426613167
10420868683
10304059353
10487974837
10430574515
10591611201
10530760636
10411720652
10350333982
10692589544
10239849229
10332791017
10559479712
10421652636
10333048582
10210079889
9062200079
10441271074
10419612658
10260324372
10269629309
10314551206
10305052186
10606014322
10347302008
10619201958
10177028813
10181927913
10556240206
10290436560
10517491303
10461396261
10573480965
10317621680
10285175683
10264384222
10506948615
10619671762
10442926997
10284849183
10048510958
10396934510
10433420818
10646117484
10404352658
10506655010
10415515991
10402442408
10601457812
10683636170
10313891259
10485495177
10229781841
10518342732
10240688554
10569779969
10498365508
10416428093
10469246349
8085848304
6838713861
6716923625
6852413415
6701034289
6968943679
6768745328
6840917273
6870069733
6824305351
6871099979
6677303506
6831628898
6984648046
6794623438
6845771481
6790429711
6705281090
6907633459
6824332346
6878592720
6775557481
7004902884
6897254639
6768785828
6719104681
7041596502
6744013916
7049694031
6851612064
6759525869
6836421993
6708382459
7043317617
6815850747
6913536018
6675109485
6867025628
6806196783
6762718307
6902075251
6826680036
6658431714
6876376709
6652822587
6764890097
6903142272
6956059309
6851214741
6859282742
6841694830
6824033729
6814959032
6829520867
6813415603
6717421187
6856579691
6958756215
6934914368
6798015136
6797395769
6910476401
6609500475
6942168299
7065395791
6833435810
6834497966
6874811411
6777905737
6764917533
6819153948
6706161220
6872549715
6743027515
6703946555
6874047509
6829839795
6998309608
6982620899
6790660391
6740003478
6987726165
6809428130
6978267314
6868134000
7041463607
6924980012
6751439288
6917841534
6871601185
6976735736
6845821593
6988486291
6686870268
6846285587
6641107231
7001864804
6836893723
6824927716
6846253354
6835385723
6963344343
6966663109
6778065977
6805575217
6873751748
6732354476
6799983147
6829359356
6844293375
6804353399
6921940989
6732228101
6874908722
6908497096
6988543927
6875679611
6725287134
6920131908
6998567251
6689750710
6928779037
6866896013
7024862240
7087553839
6700558230
6828244631
6828048128
6720541564
6786362787
6950672528
6740090844
7139685634
6814227973
6923236389
6758689929
6949316189
7034041990
6977004112
6933717725
6951042240
6650210275
6755561201
6901967117
7056696958
6980868289
6719585472
6910961798
6845664293
6976806222
6892630968
7072486301
6859719038
6747256304
6789430928
6895020703
6742796037
6626326264
10385666083
10217426303
10597534720
10505382234
10582687412
10497327154
10304821695
10238754985
10442222533
10332865575
10208074343
10514405661
10388675740
10379467695
10479569229
10559375955
10231620025
10328987570
10351352502
10296608409
10204952052
10367248326
10349456285
10423522317
10426174387
10313174821
10454848793
10277219282
10252108630
10415040742
10281679071
10496928071
10590590764
10520488234
10246710707
10221395898
10336471398
10554009313
10540280137
10314992259
10501581756
10205049658
10417935580
10720776959
10656068079
10402369785
10389908309
10516128648
10331134381
10504509347
10230480882
10510369699
10403938243
10483660871
10457239657
10681056706
10600408977
10174761246
10370278482
10058768641
10532253705
10306308562
10945777723
10611686439
10360403153
10372689810
10678271262
10308992299
10141807288
10331368167
10399131543
10439063965
10499731051
10391161571
10489812159
10448299611
10488598498
10304192808
10414979981
10150344401
10477725862
10235273681
10476412580
10550328835
10379481858
10336397923
10367161318
10292728233
10360071299
10342011078
10575004402
10514897904
10684860240
10347564531
10533026646
10545001341
10438434295
10451762074
10570444681
10610540966
10316926829
10473988875
10235919544
10423983088
10126861864
10368407090
10409022920
10570620439
10589429867
10604803747
10476130392
10401091611
10089261721
10489232640
10270520482
10552066514
10519865872
10537158615
10372273172
10266832788
10264300505
10480761187
10421908145
10438879633
10492773294
10597610521
10191111831
10657483077
10400904060
10626164973
10478466588
10390155340
10548690144
10544777853
10459576551
10418498855
10471883426
10389206822
10306944410
10623490658
10436869115
10789515636
10546949179
10440455054
10571694645
10562531154
7701759830
9400510319
9383847713
9495287979
9516369560
9685964447
9830449451
10396399514
10525580137
10666241838
10186901328
10315130223
10292374201
10682799915
10589488800
10231474160
10408368287
10560491298
10433680179
10545549247
10534140668
10341605538
10554114059
10805170680
10567855376
10645226259
10385470874
10683466774
10529685291
10348566290
10357827822
10933455584
10433980850
10439181358
10528780713
10548253889
10550020096
10284776689
10727435210
10516099564
10533324340
10146432586
10620581577
10369797012
10326061942
10728245984
10507185851
10709089239
10276893111
10255075468
10351436815
10460047581
10231000532
10252200534
10350846934
10461822960
10447576436
10491365915
10407064340
10347228999
10351714224
10326613191
10332643875
10362617034
10600583673
10176186919
10200473972
10347828754
10672729577
10190313945
10281093709
10389695636
10298485143
10391072803
10554993200
10505825918
10467993460
10471455938
10359521093
10530297782
10524826540
10286669047
10866496743
10866868919
10386364327
10642280591
10440551033
10528493979
10420535324
10339679266
10107864176
10358960144
10289379341
10211517619
10520709713
10673101760
10570451695
10240010118
10222618074
10600155079
10414193424
10382438122
10565326880
10452612700
10704570243
10276001559
10386423689
10421736090
10403743175
10340115262
10315185114
10401874529
10724469673
10363602965
10287381791
10349286614
10680787476
10395775066
10512588012
10668719598
10421770675
10485053642
10362762985
10276704752
10479113643
10570963301
10491161104
10508552940
10343877282
10257793829
10792032330
10583105815
10001545662
10479763148
10617823298
10228686142
10376239841
10472759821
10327471543
10604142820
10445150563
10180100383
10276232942
10322646629
10650834128
10344580025
10580749536
10683046833
10665512169
10240411441
10547565034
10478193851
10397774355
10487954960
10529781112
10446819878
10438614257
10515789134
10197869353
10447086146
10393987878
10590043521
10446770966
10226873971
10590421198
10201411523
10592533072
10524156064
10539197802
10499074118
10614302892
10271829150
10453498020
10392824687
10296482980
10530207779
10299067404
10291598090
10229542627
10354508680
10514970390
10525513134
10418527493
10457523196
10743066388
10423227935
10693732017
10434406192
10420191730
10795464313
10256001383
10587211633
10432731721
10500127124
10699394737
10413190794
10622930667
10369116807
10308024990
10529412089
10519282405
10430160304
10565068794
10542451691
10530013126
10807188870
10244020374
10430405929
10473014969
10479560877
10302018981
10520890844
10568095486
10312653510
10488277891
10297213951
10497487335
10505699718
10584224141
10254069775
10722312196
10325824299
10372515211
10369513856
10487977687
10538242381
10476561177
10697668977
10444738138
10123564642
10268474463
10149533316
10239288518
10410233016
10219975501
10342001958
10224614423
10402350852
10096980552
10138765710
10463111382
10277156029
10454168017
10441400324
10409090257
10253301228
10405206389
10722069654
10343184683
10375749068
10464875187
10355406167
10611862997
10439149781
10352258427
10471486812
10331048081
10182814495
10237873312
10428513822
10641756575
10358469763
10427964279
10294318572
10541669282
10308428224
10548693563
10142775048
10273889633
10850488054
10021864323
10552921061
10616958241
10297366221
10341815900
10549386622
10269082037
10420006688
10473109828
10364978110
10505575210
10480825812
10469752828
10347661982
10207749022
10106623781
10482687092
10278059672
10728957868
10435797009
10247038935
10488957672
10385441349
10305225972
10296668401
10333924318
10408366859
10220442542
10148704868
10270600431
10240587771
6884940042
6638897327
6674431559
6621467606
6960615374
7128575375
6714338960
6740122642
6842192550
6967941680
6804183379
6907100079
6925663615
6941673454
6714970507
6668102043
6938215075
6799772113
6757999727
6867889060
7090901603
6719181624
7244095137
6868504675
6845963277
6789566600
6730404559
6800353875
6917826382
6973101722
7051200250
6893978068
7150880603
6687019155
6792458761
7030878637
6886751461
6813703307
6897464910
6790771596
6957555798
6840785773
6866910504
6943984924
6926643623
6939442655
6862083789
6752572995
7012911413
6782745294
6854584814
6782780252
6827419993
6821857715
6855760524
6918006767
6925694464
6986848994
6844567366
6801503735
6971650530
6922100253
6795118408
6813652788
6897687524
7080818887
6782632965
6906659711
6961858119
6713778494
6914060972
6739560477
6986835736
6867393777
6856222680
6709071690
6786770610
6812560090
6844472490
6814881748
6841659659
6931992400
6860394334
6929542848
6817538978
6873478620
6877492289
6916546739
6959255455
6922022026
6762822648
6909647257
7013589364
6734658019
6963080086
6813362767
6821957916
6867128137
6689505412
6784418056
6744881400
6636387856
7008786550
6911861220
7020870622
7003140952
6912249164
6926775176
6743540866
6916374234
6863965880
6929899234
7083513247
7074661186
7186246011
6721923151
6815755134
6871716645
6789742130
6787872069
6936145463
6938532663
6858725776
6871279888
6909963329
6983563345
6746144044
6881324658
6628165292
6744554874
6760415439
6778587377
6865805562
6822177667
6870550784
6659040236
6901648051
6871650117
9327935012
10746081651
10339082915
10102665730
10535304025
10713217986
10330518311
10506375386
10377691301
10539492063
10539968623
10349749950
10552090362
10342024788
10462811225
10332603844
10432617866
10366550260
10180474375
10435371657
10376255267
10490613287
10236345256
10448562501
10287042278
10627160101
10717934128
10468091507
10338797880
10372860117
10630606916
10311646822
10163086569
10790423023
10728813268
10418238412
10412402187
10135654811
10344102174
10713010827
10504013750
10471422534
10225141313
10574037687
10444512195
10650797650
10275319457
10450047902
10408703866
10559351921
10196573497
10340144073
10317092044
10279155963
10445969204
10354175600
10320329505
10298335930
10269726308
10350922670
10266386583
9035257956
9665547616
10025034259
10155004751
9778546306
10082395102
9991464686
10032017922
10462445838
10554202899
10352119433
10399853412
10601718550
10351478926
10386035923
10417289214
10458072088
10411065087
10409848943
10408730995
10544921386
10375385754
10371804313
10769355620
10311670315
10383828083
10537927509
10429995348
10509790939
10474448129
10415927488
10612650693
10392711207
10503001718
10147770418
10423307418
10461129513
10370854919
10636056652
10500370471
10352888928
10481587561
10392641090
10473637613
10296760104
10561883893
10423947973
10356707952
10474845085
