520491507
455266325
457665485
448969687
471573263
432016773
430677224
449850182
449321211
450068110
434080393
450400201
427960657
428528039
429382950
430225584
430018277
452242596
447711292
429609084
449242240
449201458
429065940
429671378
430215089
429171675
428520356
427850546
429073867
427524402
429360342
428729819
428075068
428353177
428275404
426882476
428348666
428071583
427989452
428336935
429823675
428053324
434978426
431541975
429467375
429608202
427893254
428139066
427839943
428804037
427293381
429151351
429999870
427915674
429029880
430627156
429339236
430167406
429099289
428791846
428873012
428824009
431378783
430461757
428825837
429066450
429830639
428735290
428613816
428311716
428610560
428465488
429834383
430015122
428953998
428740432
428507009
427596035
428473845
428638216
431194782
429781779
428353491
435017168
429123306
429346886
427913729
428742871
427502602
429286714
428535278
428868938
429231082
428275071
429540551
428703186
428398525
428021844
428976608
429302259
429512760
429795015
431261945
427409402
427754736
427745382
426912656
428455633
428837749
428190419
429138034
429395607
427589139
428927977
427388010
430544324
429320842
428744065
428797570
428246888
427953884
428672509
428530799
428461427
428669394
431008408
428936448
428771913
428452791
430377309
430114453
429162133
428765021
429269188
429022525
428942621
427686401
428608410
428637129
428708541
427186227
430499821
430227240
429671799
427926376
428370466
428429167
428317721
428989793
428988180
428905890
430381553
428973100
427018896
428034550
430614724
429330621
430735012
429113885
429146615
427023614
427913179
429451383
429440024
429041654
428364373
427836613
428741052
429221713
428277647
429121859
428587774
428526885
430348663
429456284
427613425
430639823
428258281
427578864
427561176
427166771
426769057
430866363
427985551
428873759
432796005
429380281
427852234
427645383
427569690
427212667
428773921
428076783
429013964
427564048
428191906
429322320
430025958
431264548
427679055
429092755
428714784
429129487
428203545
428007561
429977465
427797885
428702167
428147178
428041591
429197027
430360528
429504800
428515895
429472542
430835594
427961038
430114515
428995217
431902792
428540990
429161923
428708047
429290782
430273717
428962890
428279447
430664784
429532541
428063725
428730725
431372982
429283842
428116425
430249902
429337304
430215339
428947201
429494333
429570085
428445057
429211544
435433283
428163372
429463270
430900874
429511138
428503247
428713555
428572245
430155229
429583323
429360064
432867689
427556925
430550456
431205215
430130502
430255209
427005998
428559740
434719686
428432773
428589195
428414728
431880380
429939699
430688898
428520543
427659360
429434012
428884863
427284458
427895660
427998513
428740056
428776191
427489585
426812395
429322715
428841801
428753249
428679298
427241499
428616528
429510324
429048133
426708642
428059521
429891492
428162906
429634508
428257386
429828392
427341040
429589032
428813678
429840039
430122996
428648775
430610497
427784271
427643998
429395817
429599623
428869404
428082220
428723222
428864158
430631079
429817742
428677651
428058358
427419600
428418845
430138611
429697768
427661978
429604843
428973952
429124987
428015316
429488824
431022659
430196846
427944794
428391898
429206848
427945148
427272995
433084951
428262931
429368132
428147771
429016193
428384452
428363313
428071857
428948143
428916168
427015771
430489416
429635355
430099996
428039984
427932771
429740865
428360912
429451001
428593663
428649589
429153734
428590493
429317217
428838547
429637161
430119549
429457925
429275402
428970438
431490041
430826473
429776255
429972109
429785823
430498699
429972517
429110434
427082896
429497547
429104640
429293162
427642407
430470013
429619761
428502625
427789807
429996964
429789569
429121641
428758931
427916272
429529733
429571169
428982858
431344243
430020862
428578424
429419982
428375269
429550784
429522318
428746084
428792739
428659136
430386667
428653688
428294706
428819093
429582720
429335599
430437806
425921933
430454469
430124434
429115712
428086724
431998565
428694700
429553809
427381451
429832919
429973012
429383183
433901043
429856147
430207045
428361207
429647859
431488036
430354959
428483887
429870839
429302636
427715715
429073736
429521121
430623469
430420085
429172373
592676355
428653357
428635039
429337072
429719578
429300902
429558625
434448382
432655240
428939122
429034197
428873691
428308132
429022644
429464304
428493880
428446087
430687432
429617677
431355073
428910472
430398373
431967712
433947973
427488905
428455449
428182811
427951325
428742881
428982358
428739266
429738996
427615837
429552740
427967002
426932804
427747956
428056699
428686666
428828289
428352225
428596784
428189223
428392520
434231107
427928374
429958050
429642069
428503203
430693974
430614025
427732909
431460354
428643150
429071171
427930985
429815995
429372109
429273951
430589975
429544487
427975936
429405696
430381629
430422975
431508976
430624946
431668785
430341254
430073678
429059243
429910352
430367038
428798890
430741859
428726035
429076732
435438649
429612235
429989185
429842049
429360687
430690270
428659863
429519849
428678387
429967304
429671980
429314275
429684734
431580741
430377191
429504745
429044934
428262225
432256146
429741885
430238270
430492118
430842275
429399598
433691854
430799048
429280827
431182643
431711547
431201278
428304472
429498974
430175000
429692919
430334472
430233806
438392294
430691561
432408686
430335751
428949180
429488504
430380590
430471847
430421860
429946234
429234388
430285585
429989689
429772175
428403337
432411605
431244014
432734185
439346312
432042599
429744705
430405054
429047636
429882883
429949765
428037703
432289733
431911151
429366410
430221678
430771651
429948301
430562629
428682603
431089822
428666342
430128762
429259432
428954709
428616283
429400509
429886978
430674484
430786454
428348817
428089243
429813952
430283509
430167513
429753329
428965348
428763111
430895034
429652999
429582056
430257825
428392472
429745742
431089084
430655118
428057771
429579166
428545297
428138999
428108688
432518951
429456472
430171467
431002197
430824474
428125377
429891909
428949976
431441042
430838269
428708294
428088524
432472864
429177036
430375380
429628700
429441612
428905270
428472155
430295952
430818381
431640097
430228969
428738970
429983611
430577784
430627024
429636682
438364411
428480577
427405572
429625435
431546110
429972955
429552062
427832877
430503459
430786668
430300214
429590854
430024246
428383166
429608188
430204565
430990432
429397961
429460022
430665407
428502865
430275266
438449676
429842291
430774514
429703923
436013016
429772901
430034159
430783515
430559417
430381808
429186513
429428319
429265383
428785095
428218516
429598504
429809810
432174207
431045339
428496588
432801602
429746824
430762692
429724549
427640588
437790447
430215989
428444124
429564983
429161646
430508512
432092503
429619960
432088108
429460020
430263522
430708327
428938275
430451909
430286277
428962555
427528260
429342230
429023230
429934273
430123229
429674030
429134441
434960416
429280317
430072491
431051620
430715342
430052033
430376686
429198121
429993770
427854102
429402630
431704364
428333354
429585493
429285332
428845362
429232703
430783758
430926477
428467649
430366657
429773437
429051778
430363489
429671727
430460195
431866409
430729000
428985560
428764351
435831060
427876892
429721879
430419408
430731919
429513702
431262222
429454286
430576425
429703254
430432137
430808203
430712187
428203807
429111981
430548557
431213225
428339231
429243900
429172333
428860228
430715051
431549768
430558428
430911156
430967082
431196047
429604498
431610156
431002135
429361867
428799397
430984707
429996760
428555696
428319084
428978973
430589621
429740937
429051889
429304227
430882981
429159201
429221285
428505378
429809566
430307706
430607660
429700832
430637816
431335667
432608989
431386598
430286347
429521528
430010253
428129203
431970624
429713312
431556390
428635923
430161785
429152748
429657802
430166565
429155005
427959048
429379989
427697080
428595335
429436571
429088775
428372806
439199665
428543164
429532831
429016455
430555414
430395249
429388663
431277941
429398607
428110454
431100228
428471566
432962133
428851334
429452581
430693024
428569454
430076694
429698456
431236568
432883496
429667165
430000787
429546792
428265704
428280788
427467732
430175841
431489297
433840224
430684005
429694454
427876523
431026371
430842236
431204599
429710259
431649261
430643978
429694397
429309449
430679585
429505183
429929545
431261353
429588794
430205455
430489654
431349642
429564829
431575109
428899557
429228304
430182224
429376137
430838127
430790388
429501401
428730255
431800862
430605333
428721329
428753837
430202416
431266756
430170539
428253766
429859896
430380590
429221025
428968240
430226733
430269609
431313834
427760135
431104992
429281506
429620161
429281109
429832921
432317191
429331810
428863868
429454238
430183152
432271059
429736553
429638493
430144146
430417994
429046084
429676349
429710595
437062027
428978730
430444477
428681884
430698132
429209411
429647660
430162751
429318787
429820149
430755734
430561592
430318525
428811745
432308349
430647203
429017027
431208744
428783448
429851158
427785969
429175378
430038004
429083783
430828878
429440853
429466745
430925271
434003345
431391998
430918629
430289728
429087523
429377344
428783353
431524961
427427158
428176732
428589740
430671831
428769580
431034663
430003969
428965535
428479748
429243157
431256030
427874817
428229887
428858764
429913680
427811466
430564538
429345498
428513640
429904332
428620336
428916932
429044530
431157485
429758525
430667387
431795048
430424684
429284800
429066466
428662915
429614929
428882614
430068645
428360811
431710167
430355106
430827982
430310156
429854478
429198170
429678144
429012524
428055185
430097624
428812781
431756200
430089672
429292809
430326533
432004822
429446843
430481073
429177984
429583497
429754574
429435803
429799411
430101921
430408586
429140664
428374305
429143284
430927816
429271333
430304527
428680680
429728399
431003317
432445354
428057632
429990603
429516558
429709587
429388842
430436067
429158187
429284076
427723045
429619576
430004027
428206969
431312209
428908093
428973359
430710844
429084032
430255570
428822678
430921616
431479223
429937439
429508981
429407118
429630769
430001227
430741930
428334650
429973078
429708084
428144005
430344486
431342226
431032591
430494025
428312962
429741703
429814779
427706448
428724487
430723800
429249323
430281262
429196004
429138745
428736419
434034564
427975088
428575596
429357899
430545629
429664748
430497763
430270569
429291994
429232730
429542924
428839989
429622492
430757218
429878789
431339218
429518368
430685695
432067227
429210070
429910584
429859504
429599923
430555897
428650883
428688695
428879405
429022362
428866519
430568798
430548771
429963391
430339802
429957745
428672564
429160648
430610864
429507879
427930831
430132633
429873760
431114666
427873733
429221288
429265372
430077974
428608257
428683444
428725612
427711993
430195659
430885568
428761146
430205591
430032684
430980737
429020838
430594530
428557230
428310194
427380731
429366168
430666953
430108490
429222478
429391948
428828873
429632432
430534804
431941355
429435750
430428402
430526728
428640358
434753459
432347951
432317740
427849466
429291897
429319699
431151095
429188401
427485508
429575484
430149569
427624764
429655817
430794763
430279179
428988145
429724747
427783847
430527630
429408410
429618535
429624111
427193119
428851518
430020396
432439728
429073797
430706677
430049238
429072520
429194996
428960094
430503650
430897963
430113922
428793777
428871179
429024097
428778201
430228522
430448018
428019528
429969649
431432241
431002123
429638592
430360846
429901991
429560557
428877670
429403715
428614078
429281278
429133019
428883845
429465581
429982442
428587064
429244945
430885911
433574361
430732871
428141476
429826281
431533334
428232883
430034241
428015450
431756665
429568033
430358463
429527687
430860893
431001738
430448085
429340945
429279833
428736664
430207550
431420686
430575734
428419343
429318604
430521281
431732981
430945148
431255541
430114373
430935585
429796877
428497345
431247528
430379095
430086313
428712822
430975543
429050658
430460286
430908182
429146815
427673907
430451666
432175039
428725328
430934699
429824095
429912146
430557554
429761826
429667443
429851027
428794884
427875427
429582575
433212322
429929824
429297285
430603450
428800969
430598399
430505545
430198848
438762306
428628778
429212481
429966119
431753926
431159777
429966251
430203136
429964455
429155964
430213350
430422460
429884836
430790005
428642623
430216827
430147257
433505384
428313899
430220698
429812519
427665561
429921925
430826288
428952008
431204247
435704669
432835777
430515258
429839001
430411356
428408311
428114746
430339066
430480855
429155769
429783089
430741383
429620729
429860145
430488351
429574103
429376424
429889915
431208640
430145781
429392591
429367210
430390690
429536415
429157745
430323446
429509730
432027295
429725255
430618159
428863354
429018440
430058815
429477452
429608406
428340631
430944929
428917874
430224568
428215924
431045003
430336859
429388684
430171992
429014599
429290978
429860102
429083446
434380548
430959269
430580727
429999237
428918947
430358000
430882745
430409381
431389142
429994348
427534952
427150641
428865170
428416490
429204235
429735484
432447612
429793392
431017050
430672211
429530241
430496395
429262396
428904213
430841591
427478959
429450871
429156578
428923943
429017068
430579979
429392914
430243685
429353240
430532658
429785820
429953702
430558669
429344922
429032792
430682577
435093768
430015535
428953664
430189204
429460200
431263215
430117656
428209790
429879080
429067317
428907922
433127426
429435873
431674289
429251122
428759790
429003447
430596186
429068279
430827822
428663829
429807162
430321205
430235686
428695499
432932218
428206434
428783652
431167051
431539212
432955452
429407993
432189712
427666667
430489984
429466167
430445136
430462682
429148798
430612006
429914647
430382203
428725185
428527333
429752476
428420880
429486194
431534847
430286416
430624766
429335357
428911233
429426649
428268702
428826947
430230782
430300603
429272971
430927595
430427693
430182464
428439375
428933529
430342308
431268352
429952971
429588591
430443586
429722596
427795954
431393582
430721875
429564879
429899312
431626611
426455656
430640658
429319992
428980080
427663196
431096662
428356601
431063305
431695113
428757390
430037099
431030386
429023769
430884591
430521782
430427112
429341199
429392365
429582658
429436628
428762384
431440306
428955461
431269641
427741382
428216084
429188334
429662057
428126371
428975588
430738155
429097063
431620473
430734433
428883763
430407598
428296062
430521649
435997096
435298665
428589277
428602541
430251550
429138020
430599941
430018871
431203505
429396778
430047033
429082339
430311179
430083950
428937867
430565312
431444908
429175052
431930361
430882601
428776164
429167591
429407138
430048769
429110177
429756950
429884859
430938704
430985401
430590496
428618067
431030350
428865388
428896308
429627443
428426825
429522269
431074887
429143172
430202414
429823102
429827448
429858085
428531618
428760077
428785505
429211175
430758091
430300869
427003510
429051664
429411247
428944761
430976496
428595491
429134653
428356212
429454216
429229008
434182795
429986409
436924030
433133660
430206149
429297432
429249193
429254031
429295684
429804286
428841445
430284761
429212250
431089025
429851886
427759444
430495839
430033629
428605198
428933285
427885633
428318009
429437070
428990414
429332945
436154731
429807017
429075022
428918692
430708903
430369711
431573757
432428614
428907537
428141223
428744455
429670946
429898504
430072417
430044961
429459661
429340153
430713902
429829957
429505151
428916487
429824452
430222701
430230637
431032383
429422021
428130575
428629595
431038266
430373924
429946529
427924777
429877053
428871404
428942996
430564290
431655781
431792745
428809562
429791804
428332435
430941095
429711356
430229302
430266578
428903658
428640889
429332340
429615369
428867218
430751038
427638464
429186907
427406579
430593244
431998483
430113257
429388032
432019664
429877345
435032001
431723430
431053828
430604875
429340542
430272109
429400395
430677818
429249879
428823714
429794186
429576288
429877021
430039517
428826109
429432903
431109413
430568851
430620325
429841026
431533036
429937918
429151730
427283413
430004101
431328941
429144812
429181283
430417027
430331900
430865437
430406111
430372531
428383271
429504814
431884141
433403148
429857779
436068732
430356430
430154718
429788570
430054374
429718388
428801142
431940901
431004550
429606610
429446795
432010882
430647861
429934341
429320103
430924822
428704668
431219046
428714240
429382264
429835665
431729220
430494272
429800580
428546046
428176821
429327779
432510770
428990260
428489053
436573638
428947821
429668772
429804445
430656976
430369882
429888512
430740752
429948609
430667296
429943426
429403334
430337794
430929360
430727128
429461475
430235602
430886319
431851527
429937923
428970076
429708659
429726083
427569469
429201661
429764458
430244145
430706470
430462070
431039238
429789316
431842616
431752980
428899823
428664090
431064583
429195533
429491565
429757119
429633172
432475986
430441344
429516076
429572272
430702409
430869814
431805326
429518741
429985605
430215663
429877978
429165055
427985817
430206148
429074029
430604614
430471521
429097500
429993532
431095980
432168833
430026006
429377220
428849337
429369856
428552921
428903335
429606461
428500478
429594777
430682862
429380254
430500263
430720788
431962495
430404313
429714322
435359395
429623453
430495289
431381355
435436085
429692300
430242908
429706902
428592999
427613077
432266822
428091202
428174463
429371989
430691456
431451206
429996918
429136599
429761813
430444070
428602212
430316579
428805576
429231481
429243098
430279608
427599480
430265872
427656373
430815404
428229703
429917139
430115848
429450985
430108488
429713100
430349996
430785595
429693018
428774633
429549059
429127846
429851854
429787049
429345436
429994612
430637992
427818635
430771252
429601050
430310978
431531614
432086226
430081021
430541264
429188349
430206645
429157162
429663063
430143268
428458639
429594960
430293685
428215283
430277294
432127905
429112413
430901757
431779540
430651148
427700360
428318107
431041353
429777011
428809414
430372161
435033001
436493181
428847252
429672119
429932469
430409621
427337348
428976455
430333592
431677663
429582405
428568190
429098442
431321885
430044458
429901708
429837492
429373175
430075363
429779297
429555560
428835821
430156280
431289606
428611383
431388176
430782302
429886695
430946262
430372396
430058290
427711585
430886516
429352429
428932674
429455944
431026427
428668588
429505900
430467027
429235883
430576412
431593386
431265152
429591831
434040587
429749985
429373377
431141564
430830282
431515283
441154866
428406513
429294454
429214597
429020802
434900200
430257358
430255248
431518183
430499441
430524773
429076957
430352783
428439481
429694272
432714007
431163477
428983178
430432999
429762237
431992981
430781960
430214201
429151521
429831521
430045034
430477391
429875758
430602827
431720106
430121328
430740651
429316032
428918756
432684794
429376006
431830484
431074755
429785594
431508862
430844325
430567626
430433612
428884386
430255579
429803230
430384010
428270231
429723414
431200967
431533354
432303529
429313199
430159763
427527736
430128170
433299406
430273539
430260758
430038680
430471671
430993196
434932232
430420837
428030870
431072121
430007451
429934067
431230764
430577696
430162673
429695547
430892692
431342977
431534540
428635952
430196708
430553079
427423063
430437959
432214374
431709724
429486534
429472914
428953025
430593876
430610102
431436202
429325405
430687494
429675163
430153568
429719039
429018826
429497126
430094653
429118067
429368839
430475004
430521140
430073836
429565483
431719187
430335333
428700970
429920670
427555011
430636969
431522460
432152622
431373021
429945308
429712824
429086452
429660757
431471916
429172494
431329587
429540229
431662416
430285513
429528876
428307376
428719061
429548850
427932480
429364550
429079170
430234237
431546423
429498141
430202244
430159665
428966670
430796428
431654206
434395039
430368881
429358977
431741192
430518358
430819357
438011831
430375564
429490372
428232523
430681109
429932571
429485987
429753615
429852037
430228291
429582600
428654492
430206080
430427361
431204844
430640694
428863623
430628779
429578951
429968888
429274113
428597109
430891130
430365769
430782753
429893184
430777416
430104231
429487501
430637334
429997171
430647032
430095166
426999712
429267423
428104616
428220227
430331236
429586400
430798878
428747898
429931059
431249791
430138775
428071307
427627254
431100278
430002203
429202714
429395611
428972003
429800731
429560094
430324429
428393313
428852761
429142528
429860752
430888331
429151064
428251987
430728472
430926498
430749927
431904888
430685649
429274419
430387436
430947100
429884214
429754922
430698252
428934382
431917518
431271889
429164813
427778998
430315337
427608457
427853079
428674305
429417082
430761721
430718432
431420057
429472691
433346047
429122890
430050189
429517293
428850337
429374342
429539957
431866074
428096784
430796175
428591700
427924472
432352437
429792709
429574285
431942996
429903517
429957476
430198529
429703062
430048806
429122333
430665192
430968185
430541673
433722485
430186091
429981270
430398267
431193315
430609055
427694747
427678996
427690552
428865102
428319887
431330255
428942021
429823704
431418095
430751878
430648463
429281617
428888136
430613407
431515311
429186619
433296580
429942362
429681277
429422286
429077294
427984025
430123550
430275536
429502680
429666994
430442098
428503579
430497181
431765853
429842384
428673798
429655997
429929217
431115811
430471990
428642126
428294925
432650674
430237030
429831555
428935998
429718821
430265837
429122704
431516232
428769951
428666238
438247844
429152777
429872168
430122135
429357789
429687724
428662828
429233251
428996641
428573099
429507778
430034343
429129168
428498653
429086170
428795647
430410920
428057955
429450363
430907954
430808342
430604183
432501973
430653719
429925654
437283178
429705181
429361312
431400577
429525486
431862601
429314873
429322808
428804889
429403993
430963155
428359072
428423915
431340458
430495047
429703061
429653986
433668195
435368420
430869851
430871223
429524729
429244866
428780204
428797380
428415349
429420682
429761736
429138118
430596389
433856705
427967532
428678240
429052878
428235975
430576109
430286666
430856263
429907439
428822359
433595521
428071873
431022032
429353919
428882684
429378612
429993677
430771902
430356158
428925573
429567966
429581559
429890573
429192521
430723515
431129541
429452078
427864248
430262301
428418423
431037565
429803981
429321876
430214064
430983860
428650846
429385809
429098454
430237922
430559954
429348307
429281029
429484524
429572141
430904129
430691587
429242504
429809105
428659721
431053251
441449172
428898200
429403990
429575324
429662281
429806965
429944662
432893950
431735252
430832728
427235554
429912589
430982708
430241004
431214999
428846468
430950298
432956352
430222851
430745753
430636839
428039707
428515023
428166606
431679608
428520433
429640766
431837640
430059992
428957476
429450935
430224445
431665860
428969088
428627902
430855095
429340830
431177801
430604175
428690704
430299798
429754951
430566076
428145086
430548205
430789179
431389640
427987974
430406794
429145922
428848530
429317470
430412996
430820837
428694984
429013586
427909575
430073388
428548497
429902487
428325821
429975923
430499821
431450722
429148187
430137237
428850701
428943473
431958075
429936072
429134600
429492940
430897399
429053426
428906296
430415041
431745713
429062777
431374312
429181984
430418978
429351505
431197871
430654763
430611782
429218316
429218453
430244169
429882089
429081815
437872386
428523084
430798996
431648161
429160083
429386043
428942922
429157507
430146206
429098292
429901851
430631296
429021874
431936469
430941743
430850572
428226188
431274964
430646712
429794668
430149186
429318669
430099530
431182133
428926093
429025924
428847989
429595441
429388655
428686506
428728287
429445048
431269058
429073305
431934976
429928179
431106121
430007790
429414144
431083412
429837222
430003019
431362093
429607061
432274064
431054245
429127311
431023360
431518209
428787923
430129677
430457669
428569640
428907140
428259046
430151848
430111567
429962503
430207139
429458026
430854699
433167793
429785521
429165414
428928238
429518921
428363230
431512120
430227303
428354693
430341119
429532618
430830364
430345333
431145954
430225184
430150186
427468852
428537866
429991542
430832935
430776757
429290744
428558594
428839564
429535943
430022264
430915830
429519008
431161819
430262148
429548722
431275253
430073554
429294660
428475399
429554870
430177803
430032089
431662963
429282303
430916576
430730456
431626770
429621473
428788868
429907108
428529062
429565301
429947258
430345518
430401797
429991187
428619747
428565462
429474436
428742182
430547806
427479088
428952706
429035545
428424966
431513892
431293727
429774807
429152377
430578295
432639493
428791476
437302872
429863342
432638989
429494573
428531099
430331072
429691378
430796658
435325107
429232689
429802249
428865047
430366332
430206551
429231153
430079759
429278503
429312547
429786499
430261035
430525279
426812594
430881655
429958119
429818624
429897863
431632364
431472458
429709308
428417936
429273968
429875322
429038850
429304503
430701311
429607671
431409614
432365457
430276717
430981281
430748842
430288856
428768945
430933457
430555781
431663484
429602971
429987049
432665674
429803776
429239882
429656440
428557745
430233888
429804802
430746364
429787693
429246680
432713360
427809459
429073617
430379217
429141846
428668869
429445007
429967319
429936655
428967120
428173194
428311292
432149523
430612479
428281465
429116670
429851238
428015473
429886634
430367961
432308333
431985854
428719101
429479892
429101663
429206591
430130404
431112384
432239143
430842982
429107369
428944614
428741891
430245324
430996217
430111093
428087332
431097577
432110437
429766789
430783997
433411974
429520332
428775538
430247250
429479537
431176096
430486938
432140752
429603604
428829689
430645470
431090023
428661576
430736281
432688579
430567163
430442299
429455246
430950987
432404987
429270264
430258623
430731938
428331730
429915838
429279371
428525950
431851878
429952214
428730639
431066279
428981432
429647184
428382417
431700767
432932542
428999307
434902560
431035149
429512921
430755356
429817048
430132687
429794849
430742024
428640563
431044912
433470581
430855269
429964570
430389111
430415890
430409968
430933786
429601340
428943574
428821995
430195968
436588442
431986054
429451310
430647008
429961382
430875661
430499823
430612424
429115625
430160988
431148116
427553965
429491336
429870221
431099433
429147137
429546183
430167201
431458309
429783660
429603124
429068636
429543526
429712480
431738595
428996251
430821803
429143685
429903554
435193172
427493980
429900064
430133558
429840752
430403241
428817941
430519839
428301965
430493387
429116749
429402060
428983798
430252387
428934943
430580492
430623952
431933910
430103179
430937475
431122288
429808364
427750486
429705744
430975385
428899949
430486690
427575829
430452776
428993785
428752420
430261277
431075174
430479561
429397784
429638993
427804698
429775267
428429540
429619771
430913557
430201472
429524633
428227839
428422716
430295929
428639476
429229876
430816298
430562906
432921643
428612887
437890445
432901407
431664100
429621961
433603124
429448622
429775329
429337433
428491003
428848779
437622529
429829573
429041678
430313290
430201004
433930744
429805185
429668151
429108290
430107916
432138711
429438810
430443162
430924333
428747663
431620127
430493168
432066245
430540281
430056525
430399607
431142422
429183575
428442948
429927797
431991089
430298907
429094662
436422591
429857914
430440510
431232483
430395103
429934991
428081347
429101187
428544393
430104408
431201901
432581994
429688573
436031795
432043314
429932480
431307282
430507205
429542404
429854664
430650144
430254510
432779066
429736227
429764938
442208677
430802413
427308415
429198456
429443800
430909118
430366562
429096634
429762823
429008254
429331175
431024655
429231747
431222550
430547511
429682608
429537556
429322012
430276405
428902658
429726616
428511120
429672286
430744268
429798153
429201255
430652691
429980178
432969970
429841702
432505796
439856044
429726755
428668621
430248931
430357157
429707831
429555358
429228840
430737262
430241344
430343439
430345034
430573203
431587930
428332476
429669067
431451072
429681853
429420868
428305419
431267886
428058544
432984585
436605142
431890660
427650144
429831134
430331820
430755824
430562233
427691917
429133609
429700399
430730986
430562829
430019383
430271931
430788660
428851916
432245254
430268636
429712808
430031323
429739678
430026166
430790510
431639576
429610470
428341728
479191358
429563856
431230732
430334254
430362216
428968311
430339489
429364043
430779170
430508457
431570973
430223096
431020482
430117147
430287142
430513832
431103369
430872754
429437390
429564351
429968668
435056978
429725520
430391951
429024804
432136124
429712487
430614607
430349570
431109878
430743058
430433554
431417167
431108216
429111139
430653799
429691331
429003276
428507851
431274630
433264545
429861600
430219420
431335663
429781273
429403017
429777991
430366476
429305481
429775512
428882901
429255418
430263159
429268085
428976428
430201109
429968439
430300922
429988028
429867591
429957698
430024628
431609258
430525123
428307922
429705334
428888043
431493611
430233713
431029287
428995673
430430743
428498055
429959963
431728138
431159594
429926332
427472609
434286067
428778485
430365015
430252426
433176744
434492329
429386250
429257417
430307914
429726434
428849673
429168128
430159735
429278330
429813103
428320654
430936675
429629441
430232493
428579231
430674791
430357143
429334731
431225989
429357762
429373828
430610269
429532071
432774441
429847592
430420277
429026211
430681480
430578583
429294087
429537431
430956973
434224109
430622850
430394967
429856507
427778543
428432673
431426840
430160116
429660269
429131934
429657466
430680349
429722864
433750952
429761185
429835158
427932478
428122208
429352948
428434751
430478712
428856643
429547128
432206396
430489043
428936461
431936305
430891590
429413744
430693229
429033340
430619322
428693790
428621621
429011809
429808011
430445475
427428890
430798136
431808493
430249292
430990147
429878265
429892729
430089997
430781300
432349116
431447328
429201580
428120892
429656312
430539662
430753902
432295759
430231063
435745060
429991628
433823166
429107832
431564784
436289022
429597694
430778574
430515685
428082881
430478005
522561419
430411122
430945515
428916325
430635568
429292681
429888449
429079894
430686303
430746595
429683828
429811536
431246175
429403342
428545133
429665948
430080620
428968474
431169722
430127816
429670669
428723316
432042691
432588311
429976028
428909872
430231190
430390306
429805817
430288883
429540884
428863567
429784251
429957146
430488112
428463852
428987322
428764057
428947467
428244198
430087556
429474572
431656412
428671755
432316922
428213630
429703737
431994234
430788736
428770794
428044178
429101282
429631560
428866822
429135973
427092204
430716651
429629611
430076484
429405585
430980610
430432412
429932205
431233303
428380408
429805129
427545532
429542809
430463817
429222709
428230339
429520971
430689782
429936468
429061341
430094734
428243907
430662507
429789369
427991872
427241024
428470943
428061846
431385887
429201240
429716587
428696788
430235109
435053194
430077771
428959469
427991682
430364117
430952325
430099570
431370491
428597880
430439800
430422819
429622662
429197402
430752559
430538829
429982260
429017165
429081666
432315902
428824119
430614429
430262642
430851275
430674903
430303800
428983691
429565017
427635957
429749623
430140439
430586620
430236041
431058063
428719246
432158005
429192809
427805860
428812065
431251078
430298062
430728096
430157430
429853426
429911544
427149846
430203564
430653301
429388145
430605807
431942536
429524774
431581093
438253546
429651040
431399591
429140721
430312918
429161705
427982386
429525971
430645931
429766255
429600589
430685139
429514400
429055599
428290186
431342036
430981755
430138845
429331675
430597063
430200490
430286601
428844170
428977094
427906710
429780871
428061158
429150241
430505455
430506342
431480511
430125118
429972036
430140649
431306287
429057364
431867543
429487593
428481304
428812074
432057018
429950452
430395810
429651487
433326347
429118223
431349116
429538669
432442743
431232906
430706713
431346197
437665356
430767635
431809206
431018491
431092255
429142435
428883957
429050605
428078011
428489636
428877653
431937081
429207480
430707489
430616722
429658926
431772772
430389251
430455017
429069444
429296661
428685473
429148430
430951586
429352785
431128114
428542712
437991867
429337014
429183077
429159912
428671843
431485266
431528026
431260253
429464229
429559361
429602005
429442703
429089450
430772606
429080166
430525994
432061823
431020865
428869914
430008765
431250990
429652219
431247139
428268144
429022558
428974052
429389235
429594621
428800397
431476763
428672299
428511328
429284921
428150747
431232357
430079300
430595573
429945323
429662749
431467076
429924451
429299656
430506428
429491916
428823613
429461710
430026156
429025664
431243752
434426924
428280573
430016568
428215362
428164841
431175824
429588320
430107892
431139719
429076378
430305119
430171716
430562334
430776300
429343404
429785359
432858223
430951713
427975752
428984653
433275404
428860832
429448219
430658495
429621655
428473945
427967474
428409213
430298141
430646271
430059022
430607201
431052284
431199057
428482088
429680632
430920799
430253449
429697092
430411689
429267677
430480966
432063005
430130582
428491464
431672665
431078055
429916478
430303482
429244553
431290188
429137748
430633986
427984387
431089803
427970962
430011199
429834377
429800218
429667323
429212717
428987276
428777476
430309582
430049430
430097821
430071921
427427109
429443370
429157527
429226890
430402925
428416198
428927752
430247873
427570169
428786792
430617073
431913144
427856648
429491390
432158428
429521142
429954526
429528955
431950036
429880354
429575949
429444119
429130659
429390789
429651353
428415763
431714443
428970258
429497647
429783480
428979681
433963380
430599318
429559819
427826398
429194038
429952520
429575197
430667114
430402215
428184581
428464412
429260065
428810488
430987414
428145865
428499007
429792100
429690946
429986501
427800537
429344178
430554112
431710432
429257779
430355029
428577299
429085025
429373053
429409305
428161407
431572658
430200546
430195350
429903873
435043298
429058867
429517392
429425306
429647072
430603635
429798367
429179893
429583004
431468509
429524624
430339262
430740914
428391875
428899157
431278928
432339200
431174218
429326552
429929859
430907557
429608183
429230314
430425431
431374789
434327482
429443079
431405655
427771169
428206201
428207901
429729351
437873874
427743910
428227351
430248792
430286069
428904049
428975353
431431951
428980337
429595991
440413615
470047070
429808085
428464902
430518828
430815807
430889017
432177409
430282266
429922459
430153408
431450142
428684401
432612684
429583761
429977329
428740894
430935202
429476530
428651739
428845748
431010890
429456036
430763465
428416917
431627208
428500369
429896661
429627462
430770291
430155896
428169471
431087290
429558453
430721738
429175702
430264048
429037594
430705811
431620078
428473485
429917635
429964429
429820768
428279234
429631493
430198749
428094512
430896749
431034028
430635548
429696623
428561736
430461325
430770569
429340844
427567337
429821650
428309410
429241714
430524230
428437963
429181618
429539130
429424490
430351816
429572059
428871343
430331512
430029307
428965247
431129262
429802430
429336314
427943614
431637920
430823915
429275039
429398508
428801031
430536640
429937087
428216746
429787806
429683103
429866155
430672230
428558678
428734550
430735886
433936163
430124037
429908848
432114565
431503621
430345715
429347956
428132639
437205191
429136627
428611002
429096724
431011808
430797673
429123449
428869815
430086102
430524368
429732868
430746080
430226383
430246689
429894560
431079797
430185355
431019920
429343071
430723242
435547942
428882692
428847034
430336461
430487761
431725686
429252024
428419671
428623659
428443624
431194452
430555293
431124984
428545888
428663900
429579257
429189861
428162248
431374443
430556038
429079494
427418170
430540148
430959247
429585103
431042017
428710068
430255668
432028686
429812625
432384032
430204582
430039393
430637932
435880196
430967356
430439753
428287314
430653814
430448915
429345487
428925041
429656236
430127758
429744207
429806980
431388467
430094848
428502927
431613348
430794217
428589189
430025520
428350398
429815511
429917582
430395221
431113808
430714139
431847701
428081113
431725530
430852487
429658495
429424198
429059963
430928640
429692513
432406484
428461291
429107450
429072502
430868691
431183747
430020971
429459954
429364238
432233766
429835387
429018594
438213607
429497237
430038609
430249235
429250797
429825758
430528469
429786124
431595530
429229354
430854699
430990760
428869182
428815294
429695239
428941122
429798430
431163408
429934548
429336692
431863908
430488446
428427972
430098418
429696169
429477852
429206507
428840669
430033209
429917075
428055559
428350738
430916688
428147769
429560323
429250727
432927844
429778405
431072720
431704525
430796541
429405629
432478892
431908641
432141572
427743259
433452373
429464201
429504085
428375948
430267233
430444827
432336499
430593601
430100490
431502046
430093865
430362524
428997557
430840118
430639754
429119297
429724618
428691748
428453006
430360941
430875148
428974489
430198265
431426233
430016041
428639004
429220250
431309120
428892315
430545789
429135571
430329089
429582641
428523643
430151922
428720159
429035378
431479124
432051987
429662934
430938539
431379577
432185913
431278689
429893626
433270656
432485456
430957266
435131058
429867628
429939752
428933757
433134898
428576747
430989111
428444147
430483828
431112360
430164407
430463531
429428463
429519819
428191181
429781791
430731340
429881923
432068456
429029528
427936309
429609501
428951228
430437894
432234681
431001095
430749568
430469597
428554561
429421789
429496677
430406907
431300429
430665668
429506006
428620271
430310657
429464120
429080652
431411144
430455470
431081776
428404366
430265678
429248586
430780310
430796235
432282063
431169249
428826662
430323644
430918087
427575816
429879225
430238755
431204025
429168080
428272154
432019526
429994346
429237891
431163662
430644728
432486687
431514119
429320934
430026219
429888735
429592023
429525867
429178310
427063747
429892824
429466847
431012608
428115257
432029515
430017154
429564414
429613470
429697783
428237503
431211513
431550877
429577637
430174330
431265232
430202396
427547753
429883500
430206605
429006365
429851064
430318470
430305921
428331063
428845153
430256574
427625088
431437738
428663590
428991834
430690268
430829185
429690759
432104532
429692670
429630695
430448332
429763526
428610227
428416971
430180001
431654506
428864990
429473926
430011942
429887775
429444472
430230089
429463450
428276752
429092244
429448082
430344592
430381059
429480493
434210185
430631814
428810791
429012083
428655311
427269423
430679374
430081912
429564469
429757534
431025808
429551622
430711376
430027002
430124877
430219858
428755927
429674339
430652063
427773265
430175814
430364261
430119366
429273956
430974382
430114245
430846006
428389324
430207800
430144902
432578588
433472612
430282337
430160646
429890306
429137241
429483575
428930704
429621451
432171230
429430234
431226171
430116463
436310959
429635848
428927699
429008096
428290847
429034769
429577304
429504072
428963587
428656746
431083291
428875862
430598171
430870584
429667469
430494446
430298447
430923124
431836552
429600366
429469474
430087480
429607768
430095988
429244771
435811659
428906632
428942746
429768725
429819349
433032249
429279430
429456538
430568590
428658090
431168025
429639852
430392364
428948994
428784288
430358672
431340545
430503330
429145244
430555668
431836870
431746698
429639434
428385907
428090265
429779420
431188408
432035287
428994406
430312984
428907958
427918582
429569772
431374532
429754761
427632650
428444927
430481210
431909086
429487241
429862826
429459655
430481874
432272058
429489943
429695590
429543525
429488189
431483698
431055907
429836627
430338402
430129248
429365208
428698639
429125202
430045593
430360198
428450607
430993240
431595881
429982676
431455807
430687486
428836738
429489430
429221124
430691106
430928155
429175342
428359028
430352268
430203876
428819413
428240844
430561404
430683155
431228203
434150324
428837531
428953024
428983424
428882078
430376835
428235570
428823555
429833954
434413343
432330017
432172642
428876666
430090466
429879374
430025958
428915778
430581517
429454367
430793032
429644452
430928627
430862418
428748502
430001464
430893297
428130995
430767740
430749040
427653003
427779653
430289047
428779141
429343055
430934268
429992144
431120188
430639727
431137736
432492903
430421382
429267719
430026773
431457013
438246812
431439334
432840531
432546332
429628108
430607895
427816357
430511708
429701355
430861670
429910831
428407127
428088950
429061397
429658679
429322161
431325773
431796778
428103129
430167174
430092462
430065233
430925724
431476272
429110581
431188524
429712006
428492233
429679202
430270386
431438159
429237486
430570240
429604151
431433212
432904465
430819685
430489241
428913376
431106159
429380397
430287599
429383744
429219132
430521585
429684960
429079780
429995905
429828571
429689753
430154657
430344106
431402974
428861950
430311346
428675019
430407665
430819771
432036219
432229682
431823289
429083611
432431779
435519231
428204237
429320927
429958748
430152940
429388073
429944090
430487480
430788991
438275529
429332117
430114127
430804808
429030949
429218927
430581680
430820273
428824301
432046777
429565423
429031804
431031642
429212391
429496403
430577658
429456981
431086008
432515430
430645130
429474627
428840502
430916104
428434333
430182047
430128298
429488965
428649228
428615309
429238705
430197648
429592146
429161662
428598640
428205148
429966970
430271665
429302767
429491034
434948613
430317519
429761022
430708627
429660145
429893248
429918845
429344395
429653274
431849652
430957580
429021312
429832742
429918746
427832582
428900134
430080451
430253987
430901083
428478993
430958118
429724908
429896820
429661561
430367141
430924499
429657808
430656083
430702709
429676583
431594325
429573811
429160140
430015309
430326511
430104899
429131109
429052933
429873097
429945910
430500527
430945630
431158869
429423444
429412241
432220826
429548049
429731697
429612489
429953604
432682716
431283399
429383086
427723016
429878186
429454167
431186217
428699246
428099314
430913835
430317185
427837545
429336422
430931278
431152684
429654012
431064790
429368735
430948827
429583230
429766420
428516025
429106536
430050660
429618601
431384027
429363104
430523393
429840752
430433445
430056788
429391915
430888597
430790287
431857126
428302671
429525014
428759934
428969406
431749978
431596573
431567737
429478593
429756892
429772598
432045205
430085916
429128111
428976754
428514752
430572831
430892370
427995294
429531967
428787329
430914449
428740967
429873306
430029209
428464859
429969981
429437996
430577655
429465216
429860883
430332888
428398915
429348269
429558924
429608366
430083599
429605080
428201127
430707616
430399304
429219023
429546776
431706969
430877190
429173234
431903199
428932496
430530472
427404455
429653799
431059903
428803196
428498170
429837880
430492209
429430457
429988633
427989944
429176809
429441604
430667872
429833718
429832435
429239327
428595546
429874293
428668865
431593018
429757984
429721645
431355798
429618219
432758874
430198692
430981652
428106986
430001970
429744777
429436616
429935393
429581581
429625192
428184939
430292688
429274365
429639631
429974389
429576615
429793894
431480820
430181630
430076184
431006360
430217087
429606527
429825839
429284973
428868611
429518258
428861992
429998811
430738122
430310779
427868135
428434190
430955182
432415337
429643993
432050467
431110059
429653000
431776256
429495016
430322255
428777290
430462431
431996345
432297953
428533147
430717985
433829615
428583950
430842089
428984238
430520722
427933003
429534122
432515649
429907445
429360041
429440990
429301287
429756060
430446439
429584365
432954039
429481034
431918895
430397248
429127522
428834923
429911863
431497387
429423580
432833268
430324910
431931456
430467060
430278175
435470676
429956079
430602513
428401810
430962343
429575316
430021723
428709701
430770157
431041611
432878600
431433907
428974929
429783914
430504405
428805885
429318923
429590621
430533775
429355715
430826057
428586970
429231759
430056372
430472814
429162189
431907262
429838592
430730632
429962841
429603765
430326702
430449298
430375836
428251333
429905092
431224012
429005361
431423032
431423437
430568794
429963417
429742344
429455020
429489063
428666187
431737755
429307613
428433689
429090993
428440921
436394218
430663727
431805401
431035985
428998754
430058382
429928030
428061237
437985407
430324368
430874443
430977583
430133436
429529767
429022644
430419176
428889015
429715789
431083569
431290028
429918945
428888125
434575358
428361265
428257316
429392659
429928554
427937624
429749593
429640364
431412583
429707889
429213626
429787899
431330543
429543697
430818319
429539177
431454034
430024062
430683151
430299724
429552673
428975951
429731229
429927865
429179264
430011053
430641126
429542346
428245946
430196221
430935930
429437432
428902331
431185894
431045305
430250188
429844414
432707516
430123983
430372895
428402278
431919487
430968175
430134835
429624255
433626854
427730999
428673218
431062187
431595003
430143065
431877346
432250725
430530790
430035492
428222409
431945521
429493438
428198941
428619026
429888181
430600396
430007359
428815468
431150413
430222660
430150138
429456015
430616837
432696507
430760529
429641928
429853593
428777267
430029454
430755177
431341012
429225217
428527815
429445252
429106665
430023610
432210458
428868619
428796788
429798504
430269652
430295151
429131840
428605259
429791923
429078932
429787429
437938537
429796028
429722713
429231613
429826078
429864740
428800375
430079332
429862732
430160801
429225389
431378766
430251237
429195176
429863924
431815092
431131949
429764931
428148399
429046732
430345880
430169900
430730639
429297153
431257888
430980129
429887607
429637606
429995238
429927212
430086635
429868994
429145740
430076610
430532935
431451698
427770816
429693126
430902332
430354811
431288011
436636474
427887075
430996801
429430747
430903669
428750373
436166559
427736414
429224748
428780701
430528365
429799111
430341150
432125550
429361383
430789812
429572944
428834254
429470792
429256418
430818054
430193271
429808308
429140904
429482344
430532082
428929645
428927645
430481034
429900343
430446105
429733169
429321995
429318100
429553176
429237381
428212786
429960969
429971984
430303067
429733696
430078882
431402418
429444618
430121839
430088384
431531974
430259305
429360236
430078435
429368990
431198626
429566542
430178247
429840947
430123788
429284607
430714004
429350043
429786236
428722113
429128675
431734365
430044830
430559204
433374266
430332558
430260724
428556455
430327419
430760460
431095963
431126611
429019917
428526533
430948624
429258950
430984586
429089652
428880644
430029255
428593697
432854363
431664713
431460673
431794347
429763436
430146963
430806850
430384067
429954823
429670468
430326506
434957319
430503891
430092929
429918863
429985971
429945536
431075731
431364435
428318694
428669393
431435145
428139937
430038108
430447296
432920860
428857248
430029964
429078732
427819990
430680092
428822957
429837726
428972203
430605090
430863664
431090038
430797020
429121534
429792900
429261275
428136274
430478285
429367487
430233387
430735665
430449685
430947538
430241050
429215960
430392233
430304041
429536888
428139856
429068096
429065995
429913302
433305260
431265650
431245750
432470024
428911036
430445820
430358464
429623022
430399879
428866147
429516670
431399742
430134851
429956276
430646532
430129708
429774330
428538749
429742693
428527264
428690956
429210809
428167887
429040872
430840814
430216553
429021527
428703496
430241456
433811308
430303017
429702953
429772628
429601433
429648808
429968701
429357041
429936345
429461985
429526255
428997181
429929342
429328537
430425360
431794012
429493518
429662219
429194708
429882370
430207334
430334703
430864053
429562557
427959524
428805135
430644153
429748545
429805593
431335907
430837932
431698607
428436516
432835498
430404787
427858387
427937168
430588083
429285299
427515781
430538848
429451555
429913277
429494805
428912603
429401465
430833292
429671556
428299113
431569010
428546182
429066606
430868207
429060205
429330787
431206827
429717468
430024148
429681586
428854141
430163899
430054020
430081126
430220084
430268372
429266621
431100693
429293829
428756170
430174599
430691440
430339634
430283899
429835536
429468912
429450770
427837000
428869178
431394389
429144492
429244689
432511644
428222810
428488880
430298379
429378261
430065216
431215126
429147158
431529413
428972208
429475743
428705329
427529144
429392743
428641397
435634347
429965265
428777131
428078384
429159683
430165201
430807778
430828824
431211219
430125275
429638037
430951561
433861108
430296033
430120165
429838942
429889120
427877075
429217466
429627560
430905841
427268998
429571448
430248124
430400028
430323307
427718932
428755617
428811427
429144662
429188941
431336087
430592068
428944548
431260075
430585710
429508434
429399456
428324575
434656874
429303238
427115851
433247009
428338798
430747603
429588975
430080572
430135275
430822490
429873869
431260634
428885006
428107046
429448955
430464612
429998829
430304674
428111088
429715163
429554395
429745238
431141140
432227036
435417413
430182578
430587010
429765055
430150736
431691568
431146832
428798447
429896150
429639084
428373823
431254504
428214681
427862161
428814959
427409822
430377385
429522698
428523370
428873255
430451605
430920225
428501036
428901631
431084547
431796090
429286851
429055739
430447523
430126733
431568161
430176076
429471260
432320289
430241893
429081994
430505490
430059040
430455749
429755759
429232586
429564776
430328384
428454578
430229893
428770020
430853523
431396194
431876271
428448346
432315834
431026748
430298380
430525414
430366650
430355946
429510568
430681779
429336093
429868827
428883001
428903964
429753111
429661322
430436734
429803113
430376683
430640304
429899461
429989497
429859735
429311817
432563700
429080455
429311170
429578956
430364480
429677778
428737672
430050480
430417690
430075642
429465716
429514112
431930113
430704599
429950141
431107373
435601484
431208916
430587355
430278486
428738878
430697967
428461908
429152965
430322950
429977184
430586894
429216585
429776266
428320755
429867518
429632126
430877752
432126690
437235313
428952763
428054120
430560998
432142361
429163414
429215791
431102136
430750191
431120542
430321530
431264534
430202202
430159001
430188223
431287606
431245999
430154539
428867499
428776906
430371054
429863397
428857426
426767625
430183234
428215726
429889430
427465379
430742005
430266235
430889625
429588288
428955597
427608424
428271582
431713754
430614933
430282339
429295659
428816993
431882839
428934210
429987280
428923312
429341913
428844795
431006585
429271711
431824434
429608385
430297778
430769055
430945554
432387676
430991786
429345615
432259492
430651302
429874834
431040811
431660820
430306307
429277708
432024462
430317223
431026299
430627148
429390561
430657694
428968468
429754845
430244460
429135506
431265227
429447985
428928810
430529243
430422251
435397420
429995847
438257963
428511505
429301587
430655688
428974612
429060005
428708497
428301911
427966577
430008517
431683411
429855825
427865495
429830528
431333160
430981643
430733818
430129977
431403518
428722361
430175660
432017627
429359963
432520174
429028275
429887550
431117318
429061242
428496767
432261277
429478901
430878370
429906631
428308031
430403388
438326500
429053586
429633997
429456374
430130124
428192549
429256943
430279585
431006145
430169231
431008326
429693640
430894811
430982332
430954871
431016056
429888730
427873067
431547949
430559951
428760367
429029472
430022601
428171548
429842364
429781637
431375194
428729502
428756324
429972648
428930466
428748645
430646925
429942590
430027187
428006360
429593602
430229825
430115814
432516568
429541151
430384693
429858098
431172236
428598568
429787921
429312716
429283109
430126563
429952762
429011164
429200691
429953639
431941478
429489617
430900066
431164834
427676707
430560597
429813772
429035866
430517567
428738865
428365303
428163912
431963124
427992126
428702275
430701803
431490024
428867407
431963125
428407650
428716613
428828726
428432066
433385708
429806156
430877928
429347535
430470827
429869463
429664519
430863073
431024964
429205031
428519085
430675772
431579223
431775851
430089279
430941465
430820467
430866627
428508426
429422399
429598245
428954468
430188855
432426927
430286915
437826456
431221254
429032148
431298107
429729369
430871486
430779957
430498359
429124851
429643303
430568879
432716515
430199866
430623397
429989365
432578576
430506570
429054337
430902114
429961993
431003022
430746224
430514035
430162799
430249025
428211724
430323946
428526913
430694551
430967795
429861206
430328626
428747527
428918890
430708524
432981364
427943300
432195329
430375313
430023852
428891960
432025889
429876180
429358585
428231490
431084868
431034068
429842455
431742933
429880248
429281287
431010679
430512618
429560400
429819357
430753059
431217638
428728064
429351504
428155097
428918483
431413469
429888433
430992286
428266570
427736279
429894578
432247200
429847312
429870813
428712744
429219849
430790027
430268207
431866787
431256371
433244109
431445487
429831517
428735965
430041026
429665580
429683355
429282157
433155974
428510008
430312592
429406239
428814186
429088272
428960229
430242917
429756375
429987005
430313447
429546459
431275106
430287255
429240523
428538929
431049725
430764764
431071092
431063663
431657293
428833056
430144728
431366515
431609081
428269094
429440743
428716996
429566738
428102500
429668910
430415889
428654461
430153942
428599393
429208693
429384549
430324739
430089791
431596312
429123492
432306347
429399224
429057344
429650283
430727694
430899378
430060045
430029465
428933356
429861189
430529417
434094059
429299425
429473616
429045910
430132622
429559190
430177887
428515324
431367843
428483502
430914528
427636263
429422344
431521666
430395611
429788610
429129331
430595549
430839996
428867723
430134244
429701887
430399703
429757962
429687426
428266464
429210567
430598137
428900293
428770246
429071154
430968980
429585704
430725805
428789217
430934163
429228623
429680611
437251316
431221535
434281868
433293937
429557586
428850430
430470317
430946704
430664785
430965159
430499095
430272587
429702249
429657050
431485263
429556635
429430995
429998977
431263110
430236652
430005147
431346105
428926318
430424325
430457165
430411617
430508369
429102330
429127153
430153203
430379154
428672988
428158773
429510854
428490405
428897960
431408708
430380815
429150822
428715626
428729312
431719023
430609135
430014828
429999256
430242779
429250046
429591353
429849480
428549623
431542757
428444263
431538060
431609054
430772525
431287789
428797221
428510416
428016702
429736918
428540043
429929155
430693689
430931449
432726079
429606834
428287371
430844329
432569116
430353132
430836946
430487427
430268952
430677000
429605035
431758081
431172738
431374843
430049636
429885849
430253971
430430171
428326701
612567352
431696340
430578606
427736727
430494017
429615759
430056598
431306631
430641397
431437605
430882028
429678781
430538821
430538597
429974877
431245938
429898160
429308572
430496958
430123315
429400263
429609502
430647935
429581877
431022930
429034820
427541041
430467687
430345059
429186071
429133652
429392080
430438810
436451114
428837584
429771655
429475517
429188780
430097476
439311080
430643030
430427288
427487022
429826802
428722946
429398120
430268434
429729729
430657205
429774226
430525251
433103598
430184598
430450454
430366241
429342507
429097500
429126575
432792530
430519207
429605940
430154075
430063111
429059746
429657399
430467762
429575322
429801791
432819776
429841694
428786150
428214436
429874289
428312177
431060430
429345675
431662786
429733866
430743075
430744458
429247649
430563311
430069484
429761420
428693499
429321850
429340341
429253810
430083808
429618080
429921788
429286074
430481005
430855671
431350542
429902980
428049882
430022170
430099433
427623553
428961823
429993835
430818621
433074015
430203800
431982239
430158314
429931810
430037779
428796329
429151483
430627721
430886085
430446860
428982525
428606909
430785160
430402387
430604026
430738406
431385037
432143617
430899400
428749784
430164376
431258525
431365259
428980976
428494876
428292521
428304605
429009573
429736305
429501104
431400868
428983607
429269659
430516405
428952213
430741293
430124832
429296816
430213769
430831842
430039083
428428829
429406569
429252109
429336563
430219387
429141233
430050649
429211128
428799432
430835866
429791333
429234844
429322053
429843967
430452571
430466253
430038894
429719983
429894788
430378847
430400550
429632155
429493829
431791739
429351323
429491753
431568497
428892746
430471407
430970595
432786272
429615465
429544706
429794924
429024588
430505951
431165964
432243296
432295252
428187789
430150067
429523163
430586702
429914320
429303669
430391543
430080308
431172410
430330075
428652529
429591097
429362967
431028805
429021173
429195450
429519600
431324710
431012825
430178940
428216359
429541097
430807770
430735488
429081052
428573077
429873294
428401737
430579082
431194849
428605570
435832272
430342861
431455417
429611434
428491442
430283549
428320694
430909158
430821609
429228661
429679762
430043151
430613228
428008247
429851302
429050681
430983550
429804923
426998976
428472341
428973250
430685101
429501811
429383868
429585331
432232388
432069740
428624979
429651040
430040790
430068642
428525436
429984255
430925912
430420962
432134878
430924016
431454555
429730548
431477954
428612518
429888751
429677712
429082231
428859635
430525070
428887954
430089148
429845243
432581958
429501158
433478967
429490325
428461096
428695975
432170095
430334139
429595315
432006521
429374067
431867577
430322377
440268611
434007731
430310648
431960965
431533269
430665121
429358713
431428013
428226438
429457801
431119095
433880744
430809400
430568903
429767747
428244321
431445718
430928363
427533899
428780976
430097722
430273099
430411208
429587794
430423984
431458998
430166710
430888696
430943366
429877605
430504470
430739724
431055038
429763431
431128531
429628536
431538800
429397582
432103032
431867095
429460329
431097977
429393825
430369590
431556831
429949944
431418734
430802417
430872119
432312259
429433490
432962569
431317001
430121209
433277377
432055981
428756736
430708427
428793836
431522455
429266045
431428940
429368999
429102384
431704778
428800478
430994102
432440087
432308578
430874218
431200350
430146816
431075738
429718742
429513345
429902918
430730774
430558462
430125173
430442650
430135118
430562146
430655191
429639063
430309092
429482510
429783534
430681949
431801954
432870007
429862794
429911915
429901620
430436142
431407621
432550590
431346908
429632611
430092381
431203827
438930047
429752014
431596781
429543726
436088157
429845612
428833184
429813178
431144203
432611048
431630089
431496787
431006086
430833488
431943356
430526965
431125249
432297451
430636874
430368973
431741704
431891814
430365599
429474644
428475351
430749042
430363398
431349179
430988541
429584932
430921405
430220673
430376035
430310040
430132300
429630206
433635773
429938570
429676707
430537442
430089784
430337147
431159318
428153667
430345647
431246357
430924132
431464767
429621693
432297627
435662306
431175163
430924302
430436183
430041740
430177017
429419796
430060911
430875060
429288548
431038592
430455911
433163893
431874165
430700677
432178826
429676094
431589153
430238716
430617535
429630243
430180584
430379465
431239779
429299104
432482494
431548893
432489648
428266865
429694639
429662945
431087914
430115034
430044027
431706763
430935681
431581701
431925470
433048661
432052574
428809236
431092414
431088671
430000149
429625507
431797940
429801869
428325224
430231076
429590414
431745903
428990180
431154695
429439773
429587347
429164022
430093540
430432004
429709044
430956157
429836421
430964205
429948888
430321034
429653861
429231805
430101664
429099595
430598034
430544807
430654423
430095998
429955221
431174525
429949921
429453792
430496748
430474417
431638391
430124350
431081450
430039991
430661574
429989108
430287845
430711537
430398797
429105240
430111291
429111388
431586461
431088923
430714424
430592447
431929564
431351773
428941620
430487322
429975223
429684919
430722223
429599459
431524992
431521389
429802337
428767915
431906298
431687284
430547080
429959985
430120967
430587711
430040974
429309784
435352444
434042794
430568787
429815967
429010123
429697426
430873140
430024137
432051162
434746876
430048419
429302992
432037929
428737902
430863934
432934357
431631797
431043653
430459097
429725064
430355707
431822037
430166355
430212612
429679254
430720620
432406666
430767045
431267881
430485852
429804562
430711399
429806604
431530950
428678326
429831575
429544782
428195699
428013379
429619532
428710180
429723225
430228350
428054169
430909549
429453203
429187962
430468835
431615284
430211946
429834002
430297523
430369788
430232465
431177789
431414499
430447120
430208633
428873028
429269674
430263474
431821435
431186453
428069718
435958499
429333146
435301872
434484242
432060350
428393345
431357889
429656634
429762525
430227744
429989521
433230561
431139157
430389432
431691871
432156205
430335152
429295684
430346503
429505946
429716793
429521833
431797488
430844059
429148616
429482749
432302804
430730532
432209070
429906779
431024553
428336676
430795370
429460176
428795463
428791284
429840408
430126346
429475882
430394502
428438879
430183501
430783794
429731320
431242140
430236383
430133723
429030139
427582491
428765194
430530589
429782607
430841099
429931976
430421934
430673792
430234021
430969056
431494525
429724320
430182005
429886888
429015253
430431186
431390976
429402441
429349947
430511878
431494569
434826887
430917459
432033028
431041790
436644700
434244936
430887481
431626320
430026248
428358512
430864905
428605096
431261153
431312734
434744308
428664463
429362966
430473893
430211725
431117370
430798204
428670984
430014590
429106524
431711684
431828890
431922835
429938143
429438543
429792021
428738224
430435462
429419036
432114387
430044664
429722220
430867229
431509470
429484769
432519841
430983179
431297020
431500161
429815598
428292638
430238871
430623069
429316680
430834963
431456023
430214248
429726697
430375980
430106643
430887915
431055064
431518744
431050473
429073584
431442903
429533345
431194445
430832829
431846912
431736027
428269354
430201039
428788854
429053544
430547606
431656710
430731745
430680811
430298009
429799257
430477642
430722770
429707085
431037744
429671303
429675169
430472251
431408932
431548575
429095651
432405677
430565174
429235003
429300859
428782054
437246374
428575184
429443900
429693363
432669931
430675899
430145827
431707871
427950954
430369967
429610016
428888897
431872512
429286155
428688916
430776957
432487088
432113652
431653724
432291103
429354252
437772011
432173588
431117727
429520431
430293179
430224811
429207760
431841365
430322143
430322395
430758132
438518192
430098230
431455849
429875284
428834215
430828856
430097264
434912240
429657042
429810065
429161983
431325950
430781444
429895668
429223582
430149881
431717657
428966379
429611123
430423988
431919017
431477628
431744302
431232863
432178954
432820971
430544511
435064375
429276533
431011311
431475435
429494022
428253667
430062559
431580302
431235765
429796848
430534595
430749155
428462801
431898884
430726473
432485340
431758485
431153669
431513103
430093418
431436918
428829741
431043427
429892675
430302698
430084994
430827945
431806773
431441112
430787537
428932595
430364957
429241748
429638016
430384271
431453991
427186002
430083381
430459979
431272961
428718059
429206204
431877387
429056459
430777083
429448128
430038971
429776837
430498364
430717689
429010514
431834492
432044038
429711073
430726418
428931392
429765582
430039053
429994046
431704223
430034453
432028912
431378539
430353454
430294297
429976228
430933695
431810252
431786026
431158912
431343323
429892585
432141894
429702582
429981838
431514537
430667618
432896473
429815698
430620937
430406513
431241542
431389736
440623060
430909720
429046394
430762460
432504790
429961867
431507591
429026924
429628452
430786513
429008436
429925002
430142586
430560418
429741432
430305379
429208716
431589812
431102171
430882067
430287695
430828609
429970090
431380854
431524610
429215216
430299575
430224024
427913119
431858222
430472110
433245097
428918162
430467906
433019578
428486006
428861062
430939774
432581964
429363780
429911262
429673862
428780340
429090570
429326636
429425175
429609235
429717448
429105082
430761998
431313910
429401334
430342790
430394892
430061320
429639399
429429913
430390742
432027443
430191042
430533772
431691777
430633909
429112763
430804985
431195921
430979226
431051022
428378722
429822879
432040058
431366579
431700311
430820507
430346091
434128395
428651997
429345852
431021776
429210097
429156813
430789055
430017511
429200173
429614839
430543506
429836425
431503840
431267500
429881657
430665476
432486183
430728715
430223990
431595404
429395621
429971426
428825045
428959380
429476513
429432744
431152370
429988508
430760286
431823395
428268579
432004301
429988934
431518393
429759009
429461635
433345059
430966689
433087632
428864808
430319240
429160233
429728022
430669480
430156414
432777065
430517416
430104301
430515818
429627288
431252039
432943976
433232118
433230868
428926725
429437760
429351274
430982210
428846648
428254394
429853585
429429209
430597329
431024613
430330461
431047122
430017452
431161621
430349811
430931415
428371759
430147534
429772200
432396467
429966655
429191782
428853748
430705563
428680309
432005515
431111418
429049958
430646500
431409138
431258008
430959561
429548200
430501221
428482556
431099119
430118380
429302428
430381645
428339527
428767507
430082603
428535706
431192259
432466304
430008989
430275277
429945291
431713664
429709861
431164487
428015593
432354391
431011238
429429123
431605059
430434541
429287125
428761238
430177590
429716808
430072752
429180629
429581334
430884146
429975703
430946509
428388943
429191926
430557549
430775561
430164910
428866879
431711953
430870542
430828888
431911661
430848253
429178072
430166464
431477658
429788389
429827857
431120335
429322710
430064548
430661865
429804837
429960756
429384852
430666837
430125415
430913672
430678845
431199602
431364426
429251529
432314293
430868443
432282973
430644015
429220322
430739792
432023359
429138531
430869247
429705799
429611186
429492803
431446348
430898813
429793080
430938601
431546393
431778127
431501431
429640208
432292472
434955158
431537454
429975403
429796084
429307017
429023868
432647312
431505746
429461071
429692831
429090494
429353898
428250992
430543463
429777005
430498332
430443308
431255408
429174363
430651757
432037208
431279098
429495294
430218066
430174750
430030727
430921837
429166666
430362265
434325691
430411078
431612810
431800919
430828518
430745630
430972936
431895578
429502134
430528590
431765449
430312871
428457077
430367425
430057859
428934055
429029074
430050500
431471303
430400407
430290062
431111427
432754688
429074661
429851288
431523828
433956129
432351492
431864181
434564994
431989042
430439556
431019104
429607913
429942557
429541194
429441146
428257690
430875295
428928014
429718540
429346875
429128060
430725440
429920337
430198220
432372017
428590167
430375367
432085363
432145917
429415979
432418662
429393480
430141927
430798994
429898559
430983574
430460715
428029606
432034133
431886576
431025483
430580938
431056311
430841202
430374287
431477790
428926781
428961005
431911781
429475564
429477802
429602242
433186252
431704448
430443765
431096733
430793680
430187661
432180800
429322557
430681224
432469612
429987085
430651369
430097129
429533566
432371743
429685448
429791209
429397735
428940508
431818145
428413368
430281295
430907611
430624787
430008491
430458524
429202870
429587802
438288452
428896128
429272208
430308819
428890788
430263703
431291399
430705635
431299460
438399121
431490232
430448901
430718539
430672938
428654986
430910342
429639482
430877358
428437204
428144569
430532938
429630987
427913197
434840948
435958186
430284530
428660675
429707104
429106881
429401299
429017042
430558587
428939610
428990633
430557358
429938164
428597529
432369318
431829647
429852052
430160263
429953196
431295502
428102092
430951150
429014097
431007539
430303167
430019109
430580734
430741382
430864478
429896274
429190501
428898216
429963176
430051705
430293779
429217374
429610848
434346435
434923412
430116000
430168003
430506404
430168258
429087376
434072566
428854008
429297320
431908052
430348153
432527317
431090394
430444228
429985881
427509775
429999864
429992562
430981385
428767923
429557684
428942252
429794827
431636613
428928433
431152252
431421812
431507685
429122999
431078490
430882647
430679412
431450662
430558884
428670892
429713337
431250672
429409370
430188241
431401751
429036084
431827133
431888315
429845928
430666066
430017393
429647941
428793535
430546997
430773807
429576181
429639849
429641329
431764572
429869454
429183131
429895871
430971775
431500710
435475796
430255178
430316104
429868622
429501341
430479858
431013583
431962629
432134605
430222053
430389624
430124616
430059051
429226613
429471259
429266471
428792963
430145922
430411356
428923735
429285320
430663109
428022479
428377246
430095518
430231872
432305275
434954770
431859246
429138195
430012127
430886503
432309387
430476272
430758199
428352670
430004287
429541782
428817267
431147747
431244251
431568393
428991674
431356390
430087987
429647555
430215944
428899862
430656040
429820934
429749994
429779040
429002575
429932335
429607820
432337800
431350698
429969934
428003597
428909807
429827698
427692897
432286138
429518349
434727779
430266985
429991412
429280134
429321339
429755158
430501596
429753993
429180141
429004557
430478028
430449103
429993729
432290675
432622036
430422905
430581734
430830615
430124726
432158756
431554747
429423672
430569939
429369210
429610362
428737373
430229633
430612177
430331785
427955240
429321765
429408126
428983834
429550922
429448405
430262218
429677508
430618363
430493851
432630606
431566164
431980145
430969018
430413381
430041117
430343327
429523932
429435736
430792543
430419992
430352514
429210875
431175092
434088751
429578462
430171519
428811681
430411384
627222101
480778269
429326025
430259300
429381926
430606509
431094478
428648427
429315091
431232673
430555843
429387372
432523197
430198212
429159424
430073943
432844547
431863063
431301000
429506871
432110433
428422011
429739782
430606716
429055401
430829845
431647896
431300616
431136100
428326085
429245412
431815263
429418019
430898603
431552713
429570561
429622931
430593553
430395378
428227151
431584132
431643237
430321961
431839040
430399023
430362001
428540550
430147612
431178746
430121967
431061844
429010905
431656180
429420130
428780136
431326462
435367088
431138444
430423507
433027705
430580405
428777820
436194687
430189597
429662628
429421853
431572907
430308402
431277146
428819853
427616213
432570769
429865407
429759139
429412425
429601806
429111479
430589248
429875976
428851033
430156057
431462280
430139299
428928385
430032801
429251600
430269612
431615954
430908702
428409096
430478565
431715507
430959910
430770935
429750470
431485716
429559719
430361443
430636676
427951888
431567748
429763495
429971837
429866330
429970906
429138830
429304282
430519940
430602456
430192932
428613944
430527053
427172321
427524000
429861112
430826578
430257982
429021437
431319788
428576163
430746396
429457347
429718508
429847222
430994560
429695150
430044544
430942264
431442007
430109865
428471197
430367319
431037722
430710890
431852577
429417562
429349642
431377797
429981764
429643912
431843488
429869403
429212832
429432240
429223783
429813888
430484263
430056003
430725732
429427848
429601902
427925852
431617635
429831641
430151244
428204750
430730708
429257926
428776499
430720778
428655100
431739209
429699384
430312069
429481226
430084935
429968268
430283107
430307389
430084301
430446340
429600758
430412037
430891134
431894794
429514889
430329765
429415720
429370513
428718526
431496210
430362689
428791626
429327479
430599213
429908726
430712601
430706716
428942649
431369065
428679075
431432481
430795837
430252924
429908720
432120265
431492353
432590477
429241631
430118309
430083386
431548127
429736255
431636934
431234773
429115959
429684768
430829169
429178457
429116860
432323460
429299734
429812560
429604841
428717197
430251269
428923352
430349996
431503959
431476162
433796575
430141250
431246020
431418879
430562656
431321061
430071118
430745682
431546890
429716827
429993269
430319387
428966770
430710808
431978353
431325044
429430845
431648720
429107484
431726698
430544508
430002013
429635421
429955471
431124415
428948524
430256716
429643803
430385801
430601810
429390107
429799020
431760648
430580668
428883893
431742733
430147385
429348750
429480196
432468782
433549124
429050081
429978884
429129394
429352775
431138929
429481562
429990321
429622365
431581629
429866408
429069675
431673623
430399859
430576838
431859992
428773572
429192147
430726766
428805934
429948381
432681095
430415451
429440936
430055533
429717906
428953321
428560616
429997209
428728300
433631486
430773640
431093227
431432211
429556967
432367650
429047454
430704356
429304291
431928952
431000062
432794142
429461736
430534910
431074917
432001161
429276611
430825561
430217272
430411387
430547626
431579287
435381781
430991659
430260478
430012941
429959830
428480301
428559880
429042950
430214953
434041696
429053426
430259116
428780261
430123234
432362944
428867020
429604580
429271915
430913679
429277249
430371354
431709059
430098291
429050482
430886780
429412795
429075807
430689614
429161344
437643590
429345013
431400261
429702000
429837698
428485531
430727069
428491852
431466981
431027085
430548777
431248713
428508118
427959895
429648356
430825520
429934796
430920761
430034498
428359359
431645554
435544601
430642054
428285814
430139019
428975000
430698794
430941546
429227604
431632188
431951774
430692622
429625294
430044068
429664614
430204304
428677073
429586542
430682154
429334674
432197480
429722780
430149323
428853858
429261084
429840250
430474718
431637531
429320058
430087751
429567277
431647060
431601625
430007288
429236793
428877158
432339255
429454862
430754201
428689377
431286542
429903002
428813548
430454383
432979626
430425950
429833751
429082444
428983188
434474860
428851161
429542026
431676116
430363108
429703875
430325837
429543661
430085135
430786453
428472883
430006473
429866554
431373236
429021565
428532124
431811211
429772498
430511683
428878232
429247002
429759876
430208918
431087922
429379180
429272374
429464351
429301827
429698348
428880265
429366550
431178817
430663662
428711496
430352432
429926095
429081391
431962771
428204359
428060469
430836582
430863799
431890726
430574554
429479738
430859830
431806883
429710797
429106358
428505938
429620939
430673981
430721666
428980537
438874326
430110532
428381799
429950785
431197067
430428086
429268994
430593177
429139178
430143502
430720732
429183106
430003830
433686549
431817927
429134926
428263230
428999114
429643588
428729951
429071071
431462870
430106495
430949690
430434113
430327294
429045041
430604344
429042298
430052816
430684121
431367231
429791363
429493101
432396425
429928756
430422065
430336619
430251270
430106158
429777257
431537891
429245478
431174828
429957762
430563356
428421569
431756464
430286255
432416896
432200624
428776639
430191698
431237813
430800535
429811337
430540025
429237784
428951153
429916845
431346026
431617127
430405680
430109180
429361175
430936247
429721717
430598992
430918091
431898749
428013048
430147966
428189693
429036879
429956131
430702975
431955851
430532291
430330833
430771758
431569921
430188757
429425352
429711123
431110733
433011685
429445325
429377824
430442144
429539320
430487490
429595460
429679496
430303812
434494838
431167311
431109796
429740621
430156994
430524007
430431729
429771958
428110051
430797878
430038822
431524773
429561896
429783504
430621935
431756309
430630868
429090394
432866748
429963156
429678371
431677359
430509648
428563903
431464333
431135757
431906093
431429005
429691811
431114469
430650839
430048372
428695008
429973309
430218259
430160902
430701328
429424058
429354444
429655796
431881817
430120396
430007157
431074171
431065595
430729167
431704093
429652499
430700700
430297288
428932974
429587473
431185076
430035620
429344502
429781009
431741772
430787402
428537815
433696303
429801223
430077988
429315266
428701815
431561702
428372966
430911773
430659191
429766004
427406816
429523104
430104205
430642267
430394598
429577951
430919363
429425334
437974547
431021361
429808599
431891167
431957816
431394099
434740271
434861875
433636563
429597124
430592129
430578041
430090003
429133461
429043149
430496241
430330342
430556053
429563815
429679560
430863152
428712707
430781996
429655277
430642830
431127241
429557158
429599835
430200426
428444967
427782715
427887182
428591295
429217299
429104365
429042193
429322693
427984167
430333461
429010757
428122897
432634455
429554056
432291831
429276942
430210013
428874964
429348286
429815162
430070734
429730062
435417347
428867625
429320216
430811058
431502698
430531356
430763092
429753023
430306731
429349004
431285947
430695144
430298314
430710739
429330576
430083797
429063724
428891973
432526301
428654701
431061676
429054332
429984606
430336684
429333264
430220103
431220072
429874085
430417749
428545934
431490346
432285634
428536208
430663850
429455247
428830926
429682395
429305553
429164037
428939008
430394524
430427546
430151948
429985381
431580756
430711442
431166293
431402406
428967469
430468469
430305298
429684822
429647983
428683430
430120455
430454744
429928422
429711845
430300630
430668010
430071126
430026738
433811458
430407812
429712504
429991088
430881561
430579162
429698125
428623653
430671464
429521197
430369165
429647686
429087471
429604132
430338296
430174323
430860578
430437932
428531421
429598262
430330235
429958033
430870460
429633733
429758661
429973906
429999860
428943522
430136070
429784790
429789041
429477109
430556641
428589511
428856917
430633210
430120678
429888108
430147446
430172098
428462528
429290318
429688007
428855041
429928005
430097017
432069981
429402983
430120493
429435597
430020305
430241665
429325410
428610813
429403787
429462924
429202930
430067975
427922439
428459258
430790789
431291865
430805334
430529298
429490873
430692536
428410376
429425446
430485706
431480851
430672054
428794073
429281686
430158743
430418296
430658770
430209732
429504104
430544092
428940407
430499563
430271736
428971473
434848016
430069207
429479900
430493450
429000575
429900577
430281986
428403960
428867658
432402549
430569574
429858333
429689278
430603267
432303803
428929554
428742956
429590162
430282418
429783254
430621551
432847067
429431788
429340277
430602727
428768445
430445844
430989530
428697551
430447491
428576093
431561902
429209027
428203903
430557249
430473232
430488162
431087328
429330470
431192846
429284608
431298740
433875569
427815721
430442170
429418772
431528437
430808962
431361453
428872996
434693392
431886936
430434878
429261953
430026188
430373483
428992313
429442941
430340638
431670984
430025446
427646216
428546105
433421779
428990586
430262969
430956075
430003344
429122057
429984303
429777086
430908237
431146439
430262714
429726727
429312570
431735822
430876661
431408893
433553619
430270647
428810725
429108175
431472009
428784023
438556932
430763475
431202926
429188827
428918484
431700753
431050906
430742969
430071505
431602727
431181529
431541206
430717315
429872926
429777395
433353831
428250772
431825530
430073483
428992290
428878878
430733619
430741022
431265480
429752416
429118188
430171581
431428424
428863477
428897372
429064508
428658849
429280271
429850278
430755301
429618653
430228726
429051479
430845190
432439506
428997226
431324869
430410590
431166977
432009160
429701383
433438602
429524851
431111202
430072094
429815604
429761541
430521842
432396934
430739178
430694715
428530642
429855186
429260710
428644061
431287030
432490615
428515789
429871919
429942747
430432052
431885467
430038194
430346232
429816680
430894355
428789728
429228610
436001731
430147611
430488794
429557722
431374760
429246598
428941685
429238295
430148001
432094635
431259789
429848178
428585995
431529633
430863821
430289502
429969926
429170136
430732858
430510683
429800047
428194329
431157503
429630189
431708297
431755246
435671051
429767782
429618658
431528056
431506290
432581140
431826635
429359224
431582138
431314816
431949262
428027878
429766917
431217264
430650109
430660513
429584985
428813376
430345280
430441685
429695879
431628025
430445709
429608865
430723828
428749551
427219585
428785809
428954077
430159913
430678805
430295345
432150738
428512641
433196270
428808300
429483468
429266861
430187283
429502475
432577197
434590543
431987166
429231396
429934953
430001222
429539240
430941413
432050306
430801069
430558776
430043554
430688978
430451077
430222361
431156364
435164224
430634274
429579368
428964776
428593227
429913178
431531721
430598223
430885294
430601260
430353358
429894120
429244813
430152840
428425361
428984483
429556961
429456428
430570305
429230732
430327957
430959767
430488860
429588509
429784166
430916929
429626721
427349886
429973786
428950245
429250726
432680217
429087514
429000238
431562557
430820236
428981646
431881405
431397718
428647249
430924366
429048453
428968232
429884701
431729166
429764848
430207678
431030460
429748625
431428109
429923170
430400871
430321601
431185829
431248526
429997013
430558586
430398414
430870788
431387217
430991319
430743892
428938169
429513027
430792097
430230222
432176187
429075024
437289788
429472784
430018123
430370995
430144589
430565097
429597880
430866143
428684003
429593097
428749415
430497984
429084015
430493194
428460237
429297694
431396607
431872708
430718918
430082184
430640022
432742970
427782804
431420196
430837513
429944724
428446609
429425246
428479152
429521776
431869937
431314904
430809549
432594268
430759830
430271613
429654120
430351440
429746680
429219062
429894833
428906461
429517253
430881623
429414637
428618751
438192876
429234116
432705346
433251315
431738921
431959806
428642015
430403580
432612326
435846612
430488790
429536490
436384104
429656153
430546881
429665491
430315225
430538117
430250468
430160642
430811616
431462666
430110083
429510188
429188091
430048661
428284773
435915896
430111346
428675671
429521467
429777589
430236686
427923646
429907538
430392385
430670668
432861653
428860377
430085319
428775119
430449122
431924718
428438911
431647072
429331457
429826145
430746566
427819422
428570419
429665921
430053026
429144171
428608363
429121837
429279953
430717422
428804183
430065413
428746930
429118021
436360979
429808622
429288365
429736711
429042961
429162888
428304186
431742760
429513097
432080635
428855297
430297582
430355957
430506066
428610363
430907259
430370628
428730880
429088368
430285592
430322729
431581141
431153889
430144225
430055245
428917836
432232617
429103799
429322078
431080257
431167087
430758400
430399638
430425784
430033442
430303646
431095447
428031360
429816112
428886122
432523321
435683859
430692195
429427235
430094748
430219063
430557136
438483651
432102141
429660513
430108776
429171715
429668694
429250044
430416628
432113561
431073864
430195236
429440759
430071081
429680250
430005773
430835720
436211347
431769406
429744627
430152975
429833732
432666329
432244535
430392383
430037788
427832950
430150705
430490038
429336760
430863651
430780877
430238576
429190787
430326454
430982540
430703036
429840978
429728470
430135184
429304050
429681337
428777585
429517713
428295296
430610509
430238601
428947016
431203516
430203471
429353379
431528926
430086875
429809093
430606210
429696582
429190692
429901198
430605008
428581073
428745447
430631605
428794798
428363449
430040389
429561230
429949784
429552397
429514958
433906542
429324756
428947628
429616943
429350504
429624197
429046561
431342600
432911290
429443834
429188096
431337374
429445655
430239731
431437248
428708882
429526594
428489012
430010596
429995906
429856932
430226293
430629095
429593783
430363378
429679622
430313692
430091762
430391272
430186488
428431998
430526459
431862634
430347307
431129546
432376996
432285949
430716443
429415141
431679060
432358305
429567253
430758952
427936675
429366342
429306135
431244087
430210358
430469293
430085573
429591631
432995097
430247374
430594214
427969369
429108323
429631318
429306135
429325865
430388965
430081693
430377686
430105260
429559436
430597818
431888410
430418597
429272915
429995527
430346869
430914804
429641892
428883242
430419700
430274649
429295892
429835292
430067161
430011957
431186165
429904296
430430568
429345617
429719220
430163398
429993148
431527379
429300266
430054774
429852286
429616042
427993013
429621814
430225334
429732777
432242111
428768095
431155983
437176990
449193436
432186949
430279409
429209442
430863019
429926678
429060727
429468630
430458346
430030565
430341210
430035447
430950395
432917819
429537655
431141692
430254574
430926655
430176901
432978939
429903329
429606579
429174946
430268404
430281175
429874914
427751645
430511883
435127364
430536838
430261614
429788866
430263469
431525872
429297806
428711450
428625692
429632499
429737484
431216012
429175881
430360707
429474320
430563618
429592580
430567561
430931661
429857378
429224718
429498845
430649591
430362606
430584464
430276270
432009649
430369743
429346488
429019652
431273753
429753179
428154805
429157438
429846735
430220412
428428570
429888801
428167983
432116460
430453727
430632087
430084034
428977355
429552317
431161245
427927590
430200360
429115393
430413061
430157624
430108387
438284291
432574585
429467144
429535749
436078644
431517868
435148412
431920300
429724291
430653917
429924492
430220925
430009079
432247858
431236989
430285775
429060417
427959255
429870570
430122356
428011795
430931383
430999602
428943361
429166257
429030734
431784823
429771118
428981823
429445323
429803924
433139685
433190308
431202572
429872582
429807446
430243410
430690203
431181777
429351234
431672722
430918989
430851871
430357889
432236901
427845470
430435166
431247893
431592479
430031141
431199319
428971127
430024282
428123104
428978745
430993577
429922829
429852140
429811101
431004472
430996328
429929666
428939436
429865085
429145322
430158561
431466696
428759844
430415642
431496656
429619955
431099794
429247416
430125830
429541348
430356819
429620018
434227741
430300394
431635878
429309497
430221276
428509447
427710140
431913887
429214223
430446926
428702599
430802602
428698060
430589085
430694589
431974418
433940706
429769821
432022170
428856069
430630400
429039131
431411423
431018021
429115054
430311379
428065879
430877386
430829682
429884218
429595043
428162853
431154897
430100698
431630224
429546311
428860625
431307205
429187888
430989189
430752517
431005704
430583451
433055490
429886512
429500716
429284509
431211786
430514660
430057973
429294856
431612357
434845579
430934640
430024891
429054868
434305175
430465199
430644752
431052347
430568636
432348578
431106895
429297811
431146989
429328329
430014883
430861514
430867129
431092409
430364287
428648959
437152294
430096468
429643438
430965899
434473199
430752157
427960392
430990553
431044667
429124162
430512626
431106314
430154851
428127296
429611446
431245232
430806610
431693087
430647243
430146555
431262911
431479710
431460230
431518168
430112220
429451112
427858786
430061305
429620167
429484336
436096947
431803320
429374459
429412853
428848886
430217053
428670971
429214040
428616761
429118085
427933058
428894185
431800495
430020527
429029753
430292713
430552608
431054736
429573710
431339576
428520852
430973160
430104446
429751388
428942269
431651250
432821127
431230860
431298340
429407243
431650723
431656595
430385306
429532953
431023800
430785983
430054839
428483295
430596638
431429660
430018973
430217527
430622706
428869942
430164609
434386910
430691162
433311821
429733326
430114893
430753100
429972799
429923656
430402857
429489241
428836282
429440034
429223611
430775955
432074525
429416034
431576887
429510294
429349236
429917575
430971135
431498214
431107871
429515993
430683315
431278156
430032459
431237889
429823571
430135903
429830332
430242501
429365915
429776852
430515723
430727355
432125911
429436221
430528186
429710170
430092879
429007982
431829111
430066045
429935176
430168454
431262084
430028371
431120034
429918686
429698257
428811320
430378890
430274425
428916314
429384153
431808206
436259153
429123639
429806322
430403168
428603996
430195239
429737801
429208044
431358429
430103170
432017238
432224173
430535032
430713475
429576149
433370446
428854612
428844719
429201803
429542412
429126215
428938719
429008434
430892107
432448735
430182545
429676832
429907809
431994698
430456560
433565620
430906917
430065615
431480390
430521608
429709760
430896880
429322188
430731572
430087179
429505371
430119499
430223051
430132940
429855143
431187616
429597681
434338030
428862135
429801044
430325201
428782997
429073369
429552913
429946573
428908838
428712352
430996025
429985675
430885211
429639935
431067424
430091751
429186578
430611738
429009924
428367525
430927655
431690184
431325342
429379245
429997963
430046155
430193876
433465150
430270517
429653253
430595972
431012240
431915453
428396751
429144972
431162764
429218783
428782600
431169687
430939771
430099994
432320702
428847571
429531778
429437670
430834693
429553064
430326069
429831932
430683831
430086555
429556261
429243481
430704877
429874396
430674826
429592063
430122106
429787156
428630090
429645115
430713769
429426191
430432487
429870869
429906490
429940338
431174146
430577484
430445144
433619367
428996963
430769096
429312772
429207243
428507086
430177131
429482862
427786676
429058076
428279517
428821638
430528522
429791229
430191893
428920506
427981082
430156545
429747389
428402670
429805751
430369989
430672069
429305007
429576216
431097682
429242056
430457629
430931032
429956262
431670648
429331969
432209581
429037457
431228845
428615031
428150927
430418745
429996516
428861500
433347470
432393611
430630923
430899806
428426856
429969261
430987571
429311029
430212286
430954509
432310150
431861593
430407090
430518929
429914738
432099719
428550011
429608632
430953703
428761966
430432432
429159630
428912960
430546454
428581812
428851773
428445002
429362380
430291422
430160167
429408109
429878918
429124306
429710534
429816012
432129059
429648758
428762624
429861517
431327318
432328178
429002506
430655507
430109476
430199765
431228318
430018930
430229628
432644656
430672036
429605407
430450669
429939278
431533709
428319554
428639069
430456829
430091304
431809467
431168684
431077197
429033665
430160662
430708253
431499337
428375588
430374321
431299781
430440358
432032059
429350321
429838155
431300621
430550536
430480827
431414771
430042585
428797451
430159437
430621602
429558701
430013444
428750908
430416206
430442527
431462713
429611100
430442769
429813677
430877737
431511839
429891283
429435992
430902881
431649412
430266624
428898334
428914017
430679195
431076165
429462210
430265443
428422179
432292655
431317178
431218467
429488326
429800012
431074244
429235696
429448594
429528183
430788563
429787926
429636929
427467403
429713221
430391832
431523606
430091941
430407539
432136779
429980121
430712701
430111757
431339492
430440704
430939311
429462178
431159288
429272300
430139419
429994351
429231675
429463413
429013406
429113306
430460287
429147140
429928035
430449845
430680128
430648150
432961067
428883728
432673764
431306691
430553047
431887358
429640505
429906327
428867672
431117242
434004874
428997977
430421870
433890738
429466439
429071478
431780510
429871372
431381399
430549300
431224379
427730159
431766485
428583952
430283292
428266758
430024038
430664891
429806903
429715703
430400259
431288774
429394391
428134677
430389449
427838122
431032373
428303878
430097840
430758378
429850016
429921673
431495863
430508310
430791672
429591700
429668584
433137473
430500079
431852215
430742358
431475929
429106387
429468888
430012339
429371132
429583323
429638742
431096669
431233965
429827538
430313336
428217501
429730744
432432025
430025599
428711892
430935777
430284684
432371587
431557001
430857165
429059804
432553974
430833668
430799951
429631947
428315763
431507035
428179518
429604490
430792184
433006968
430094479
429331344
430620932
430845510
432161839
430754863
428508314
430347560
430010462
431615196
433243322
429512402
429909948
429677190
430243257
430843419
430828215
432038777
430803161
431973204
431813655
430079585
428382935
430428154
430263769
431733161
430230249
430352320
429410088
430378802
430709691
430582850
431978985
431398814
428273598
430233871
430244536
428515115
430179592
429934791
439103637
429653086
430301494
430292384
430869450
431510080
430724868
431278749
431138721
431665911
432129626
432781501
429488478
432754180
430730813
431422424
433449624
430226692
431007630
429511970
430810802
610970327
431379672
430715573
432670196
430973864
430509624
430657749
429818321
429479336
431424270
429880907
428782242
431982197
428534630
430322831
430834858
431670731
429192265
430271766
429948212
429130801
431346095
430855313
429254488
430541574
432307355
430770576
428979577
434065470
430426139
430420676
432918846
429132451
432254439
429686184
429763789
430419289
430663353
430122525
433975265
429980527
431581495
429309820
430617116
430165024
430783835
430752980
426956238
430582241
427945894
432197489
430323562
563804716
429258026
429216640
429998240
432206619
432253560
430190461
430916408
430663307
432843855
433151459
431237292
428799170
430833133
431304775
429688899
430888929
429408687
428677066
429636395
429237206
430575913
430594984
428906403
429733964
429519666
430400399
430610939
430898751
431562761
430188066
431461990
429228785
428645808
430888550
430118829
430938574
429722227
429108199
431291290
430005328
429701164
430251255
429264220
431111159
429621229
431283615
429398959
428559907
432049366
430096371
430129052
432610370
440975330
429273140
430947446
428091934
430439173
430338046
430685869
430152644
430546322
430370651
432870963
430770632
431135726
431739370
428989190
429474855
430659582
428680705
428932650
429219849
430271463
436286336
429153216
433759151
430005656
431074779
431291356
430196923
430906610
428862468
430153205
430490800
431200808
430610718
430166044
430530004
431763072
429591597
428081445
432846629
430437168
430920712
431283992
431259101
429919122
429654185
431367380
435627851
429822998
430296515
431532185
431228841
428911004
428071422
430447668
432630175
431551881
431997237
429995049
429433643
430253408
429892201
430894131
428526789
429417272
429762615
430915823
432046140
430805283
428702006
430066739
429061998
430872047
430153810
429020519
432861643
431681253
432434232
430902395
431609201
430430012
430509314
430122069
429497176
435123946
429772703
431544293
431037567
430481370
429576941
432538878
431764810
428992604
430154303
430056252
431717518
431679031
428574884
431867917
428771241
432087982
430688988
431118531
432137272
429397409
431314230
431193071
431576339
429956025
430105610
432529596
430544456
430299635
432868303
429997339
429775078
430617035
431319978
431025461
432154318
431915961
428878940
430212786
429771990
429408749
431617896
431437662
430952532
430339800
430598938
430733950
430107832
430773328
429537558
429488108
431260008
431701301
430561600
431705304
430462321
431488732
430029023
430580612
430487585
430800411
430554236
429878640
430766830
431099871
430325171
429999482
431013504
430281648
429984067
431386498
430167376
430042339
429291057
437011118
430147872
427483878
429065769
429884821
430650762
430122202
431532300
431090321
429669970
430020219
430991260
430186080
430364989
429517687
429111263
431908351
429286832
430000924
427956576
430938227
428548584
430483503
431306943
431083499
430473562
429912132
431271539
429570052
428352810
429804691
429882003
430890834
429463484
430158379
429896347
433463766
427872617
432911333
429395588
431271559
429698568
430921780
430930146
430109180
429190457
430455076
433810871
430670684
430429979
429828103
431039228
430473476
430220741
433099635
429926358
430337898
429350496
431679987
430457968
430667749
429202284
429528389
432245905
429921749
430724900
429955355
430448968
435303044
431665949
430832162
429508602
428682085
431012639
431842325
429731515
430664816
429875766
428080128
430091498
430109969
430037306
430018241
432335526
431455422
428627979
432217747
431076422
430612454
432128308
428954253
428640247
430089249
436314194
428439410
432521661
429540483
429228561
429068098
429206891
429883703
431280863
431626550
431487616
428519828
430460730
431385801
430571521
432683599
428932544
430593709
430277610
428884369
428937730
429696510
431718039
430145945
429292268
431382476
435225940
430351430
428880656
429874746
430759048
431139663
428355937
427997262
431140222
428705123
430765180
429108334
437022657
431569794
428525574
432717125
430739000
431395845
429294496
431009320
431261835
433617306
432554034
433591756
429789854
430172980
430057672
428601260
430023039
429914316
430994314
429987938
433949638
430492726
431494223
428979158
429356815
431731213
430149626
431168901
430668933
429190732
432074047
431363078
429761094
432362611
429717156
429426216
429255995
431265406
428618911
431005756
429896569
430340886
428970510
428848329
431435991
431242221
429367285
430277562
428927005
429751769
430531592
430571116
431139166
428162987
429632560
429688745
431764779
431777415
430844160
429929042
428418480
440270598
429796662
430264792
430804119
430831059
428045965
429804032
430374911
431885342
431780905
431069195
430152339
430210882
429123658
431291030
429733631
430891174
432282538
431964104
429342630
430391864
431066866
440795548
429117639
429653836
429895923
431372122
431360876
430777132
430188784
435484072
430073710
428542828
430006136
430567372
428422858
431502791
428368523
429348149
428745938
429322664
430759891
430190481
430498674
429121152
429618991
429678374
430562110
430734343
429353453
430113242
429699063
431144666
429908189
430752936
430843786
428757839
430478205
432395765
430140734
429303766
432133777
429568902
435975594
431451352
429896377
430318787
431106428
440363972
428326819
428418642
430334397
430839369
430339890
431926639
430546160
428660683
429575574
430651047
430489769
429978214
431443224
431464482
431838642
432145071
430023847
430240179
431461410
431247766
430042026
430729521
428815557
431547036
428579041
432838912
430970422
433430270
430746048
429820287
429881803
430594835
430052430
432070547
432179904
428957378
431026191
430910369
428927784
431569590
430032615
429577443
428116250
431174046
430771214
430538850
430627595
430711733
430431586
431229517
429337067
432114501
429624905
430034577
429940532
430267144
429038113
430249046
430066213
431555558
433343588
437445208
430504371
430563814
429954456
434364608
432206235
430395553
429491877
430465772
431731985
430115366
433149430
435124923
522187610
434892563
429863939
430827130
431994536
431281238
430234464
431124257
431169665
430563370
430569728
431610218
430169793
429273055
429762466
