146593067
133167214
111408895
129346761
112173333
107222798
107940153
111681861
111671125
112004368
107396862
112116996
106422533
106288663
106921227
106798238
106664459
111419972
111968511
106798651
111674488
111163632
106366632
107619763
107643237
106918349
106822287
106482759
106454824
106369303
106578750
106627245
106579911
106727739
106784576
106521261
107855131
106520218
107025354
106420965
106640640
107328043
107654303
107849514
106356094
107745997
107357738
106695427
106573885
107037172
106648490
106705364
106716664
106679498
106915909
107612468
107030084
107065755
106784736
106833763
107356592
107374792
107531790
107071913
106576266
106964610
107638534
107037324
106739119
106883568
106918368
106837909
106727147
107329050
106810281
106525137
106765572
107052353
106664177
107126017
107134554
106836650
106579275
108889239
107018835
107156926
106868347
106857130
106878377
107641686
106932482
106794734
106755692
107045161
106613623
106215862
107652143
106710066
106904711
107172987
107149980
106550643
107097545
106776663
107165453
106901303
106105625
106326168
106629423
106739582
107044471
106900156
106606715
107328362
106129289
107915372
106578833
106339972
107170295
106356688
106592348
107153688
107511048
106528636
106824545
108049213
107049761
107073878
106334626
108239884
106710666
106929480
106588266
107080965
106887152
106490780
106536797
106730707
106763704
106753625
106326558
108176762
107246636
107033848
106332573
106634854
106896431
107003796
106453245
106438878
106736646
107428403
107441509
106372314
106312995
107413486
107018194
107189773
106882894
106573144
106049887
106237981
106795351
107432021
106897577
106190272
106601110
107326879
106694103
106621419
106874917
106362721
106638636
107121231
107114906
106648878
107996468
106981601
106123378
106383171
106087335
106232761
106709447
106453039
106521698
108053688
107369726
106671133
106753998
106548143
106390392
107133095
106919805
106848249
106383974
106140632
108276168
106824193
107623616
106635718
106659922
107279695
106664044
107046098
106523386
106692611
107022035
106775197
107129959
106821841
106584859
106871966
106557702
106564854
106625494
108248719
107220849
106895693
106515730
106386655
107006758
106758602
106521583
106917725
107234512
106623612
106239060
106688262
106795642
106268351
107449700
107266410
107627816
106810700
106849973
107413505
107568082
106913940
107222683
107364187
106610816
107450012
107060189
106769273
106805785
107546792
107462090
106585244
107045238
107236106
106703034
106632713
107643235
107678629
106619633
107316810
107805673
107347788
107130562
106525357
106355825
108286345
106979237
106591594
106591565
106709815
107310064
108517030
106344608
106342364
107300037
106998325
106281706
106643883
106424220
106687913
106749411
106705870
107306253
106578344
106963948
107426634
107162790
106140433
106964797
107228740
106219212
106276347
106283023
107204938
106592254
107457480
107151180
107057163
106429263
107993329
106637857
108378236
107691672
106691711
107267104
106611378
106441283
107707768
106808646
106875485
106796202
107127847
106597648
108019915
107700247
107270949
107217560
106805283
107082263
107967588
106889162
106811129
106409926
107182385
107109519
106316946
107564611
107099518
107477962
106486047
106747536
106786494
106209178
106716186
108450388
106626630
107233713
106774016
106679321
106519288
106830424
107029087
107098476
106661912
106370562
107319524
106703022
107936381
106797550
106501771
107106584
106838011
106870217
106920691
106846531
106893184
107436808
106557904
106550694
107482514
106849029
107075795
107191830
106800964
107588127
107117682
106564056
107826177
107392052
107284711
106259625
106679466
106519564
106650630
106865973
107502537
106612563
106519048
107035572
106803576
106086131
106755279
107142575
107471651
106753673
106824480
108205391
107859622
105958251
107223752
107144972
106970321
107211712
107266534
108111276
107363400
106945870
106438753
106605522
107845164
107215221
106521287
106878157
106552776
106687762
107637211
105742396
106697491
107266206
106659116
106630500
107365814
107485025
106969532
106739548
107738336
107688641
106867754
108889377
106798608
107337116
106174097
106903652
108894162
107808354
106535028
106969878
107174095
106421033
106497679
106469430
107349124
107751747
106806803
147830535
106672971
106633528
107258334
107040759
107133470
107504524
108330707
108721331
106220610
106512699
106512101
106491312
107337768
107132018
107059557
107028754
108255941
107348339
107203833
107338012
107288468
108151062
107595703
106635330
106768529
106830688
106648259
107202811
106447834
106592981
106934799
106331962
107506053
106953638
106510120
106446000
106963203
107044620
106710957
107884691
106793926
106786120
106735592
107668343
106462912
107041347
107708538
106943924
106576052
107626216
107060224
107545367
106661657
106984284
106241757
106859950
106734700
107237164
107157999
107053140
106375177
107178875
107031100
108645835
107193982
106786268
107058340
106701618
106837100
106791725
106760998
108080702
106268076
107649264
106921614
106886043
109095684
108297520
107104536
107018181
106816536
108074338
106898531
106520427
106964030
107384666
108129891
107223666
107161931
107977463
107604317
106740505
107631309
107668087
108242362
108232908
107667098
107289700
107285530
106498547
108406736
107219206
107398870
106596125
107837794
107417036
107510257
107835932
107007658
106949461
106300457
107385703
109652483
107529680
107823044
107208700
107124877
107441590
106961670
108001445
106944411
106873650
106921870
107203521
107633145
106772064
107631816
108067690
107576444
106898478
109187876
108045352
107093079
106740284
106646610
106856952
107035958
106872259
107182638
107038734
106568955
106693308
107994539
107344410
107811192
107292076
107067226
107544301
106692662
106387871
107170364
106927455
106435177
106436312
107261938
108045951
106743969
107108048
106619770
107314451
107786686
106633233
106814577
106372424
107238413
107341729
107487607
107579738
107093375
106994974
106898715
108995669
105790844
106843592
107171413
106713796
107096128
107936814
106859850
106825474
107577694
107783456
106702460
106799057
107365051
108080791
107619134
106980906
107648038
108767993
107453995
108013831
107715284
106581053
106649118
106732553
107649735
107675039
107680682
107412190
106537781
107119596
107664531
108011211
106591672
109556653
106623726
105888971
107248784
107600470
107189104
107049559
106713121
106865411
107326351
106870878
106432733
107539611
107948521
107284816
107702378
107123007
107307416
107353411
108450272
107348926
107145343
108961895
107276021
107026311
106484598
109189139
108143229
107293340
107052260
107222032
106888433
106818230
107565909
107289000
106008592
106542886
107545669
106785980
107949049
107809037
107038375
107869333
106962675
106616633
106998770
107177805
109151202
106828915
107321821
107161424
106901682
106936777
107831502
107000942
108496753
106791910
107865248
107108090
106583770
107484288
106955661
107714726
106450700
106584086
107132685
107416261
107390033
106817483
107241014
108796070
106725166
107411563
107593925
107873863
107418750
106591756
107107967
106852496
106903506
108074618
108366066
106782260
106509346
106972501
106651529
106918602
107020743
108149880
107325359
107371787
107973245
107195871
107334054
107082854
107516444
107824018
107603823
107208127
106764206
109458168
107025541
106914595
107867570
106937315
106914606
106806056
107279879
107100743
106671145
107468035
107226866
107471230
106244055
106696456
107431208
107195577
107109875
107697721
107178114
107572692
107081468
106911797
107549537
107935432
108056179
107685899
106554858
107898911
106694224
107691665
106873576
107349227
107492301
106332287
106828684
106715294
107541844
106333928
106602273
107451811
107848007
107439434
106883967
106533346
107067040
107103073
107317631
107046139
107755711
107537163
108234429
107604067
107511805
107031565
107442764
106706817
107213339
107353324
108060831
106597292
107220426
106463461
107388495
107475517
106917877
106161998
106482519
106385568
106526341
106616149
107054659
107023877
109276604
106531958
106490241
106847740
107846373
107202559
107443733
107391103
106781417
106813749
107274136
106386675
108226678
106545126
106465459
106537738
107193908
106932576
106187614
106872863
107557532
107196385
107183140
107600061
107313203
106303529
106308430
107652682
108018069
107711358
106828389
106685079
107110615
107071837
107684830
108331738
107049741
107746775
107580777
107091718
107025495
107494628
107738197
107068823
106783689
106490409
107717887
107181000
107576324
106782467
108446990
106879375
107590719
107148811
107003406
107517949
107067081
107257123
106782394
107499663
107450083
107437504
107329390
106734616
106801606
107606828
106478234
107559299
107489312
106290884
106320862
107360108
107284286
106894371
106094696
107664547
106374225
106862401
106932561
106802225
107861403
107173679
106820959
107899512
107151627
107988237
106732152
106696623
107632684
107542338
106556300
107280051
107361876
109028136
106818427
107616411
106355642
107756186
107510252
108244090
106735147
107128594
106645366
107452782
107569527
107610015
106749159
108058907
106883619
106440896
107302935
106801002
106374765
106518861
106514538
106427158
106772557
107630626
106704064
107185870
108051937
107736185
107729550
108596661
107005125
107061235
107044949
107518058
108042881
106503653
106229230
106866139
107280542
106710082
107156929
107718152
106772196
105997428
106787275
107982877
107753838
107133900
106902172
106937521
106681966
107254332
106905157
106264859
106616432
106438825
106347761
106578375
107151697
107680015
106941255
107202431
107676603
107458729
106671136
106614427
107228867
107379640
106886524
107616792
107518413
106956550
106929380
106483519
107179311
107270175
107298914
106709079
106406987
106598118
107249859
108261196
106877743
107501597
107657813
109033246
107060047
107377891
107182550
106933885
107565410
107100847
107330747
107247150
107379427
107010774
107127626
107753514
106796987
106679693
107428993
107581203
107054128
107778150
107497201
107034767
106595219
107067595
105960596
106556517
107584259
107349346
106904374
106517546
106657170
107530940
107190480
107649025
107064783
107112238
107409021
107732948
107698865
106421304
106393814
108163352
106422834
106882989
107235109
107162441
106967544
107396016
106865647
107932333
107066805
107021378
107391518
107278910
107860527
107621595
106747658
106714824
108037983
106569522
107042653
106970125
106781278
107387654
107331883
107293421
107201400
107993336
106164092
106836279
106899340
107501963
107179376
106872730
106822137
106906186
106741045
107494691
106681559
106724280
108207922
106407055
107951809
107484855
107734227
106985991
107511791
107591242
106559380
106613015
107364949
107011591
106192284
108092100
106865904
106476116
107829767
107249330
107777131
107457425
106525069
106775472
106455309
107546563
106783164
106513267
106624115
106649253
106978837
106158539
107076029
106734672
106967364
107080892
107073555
107214185
107823209
107120623
107714157
106992610
107546522
107595837
107565208
106231379
107096223
106701119
106405994
106397732
106811314
107188361
107361746
107563045
106510324
106178349
107233731
107387890
108173839
106312771
107119082
107684625
106506086
107864824
107945822
107577868
107111763
106564570
107437993
106758173
107500069
106430454
107423679
107297923
106525064
107299284
106733140
107658716
106546424
107030938
106315907
107640098
107246143
106595681
107166708
106290320
107269955
107960766
107573222
106779518
106904904
106883260
107293711
107548782
106606167
107617181
107927001
106746319
106494295
106927278
106345349
107249670
107370254
107555407
106830481
106470734
107822612
108219566
107626457
107656875
106414328
106970324
106982697
107243833
106722411
107401812
107627959
106937508
106301391
107192661
106432109
106771331
107608269
107744849
107481373
106602075
107511555
107275186
107013295
106973939
106977548
107836276
107521239
107342742
107833495
106652032
107915244
107261154
106751442
106676790
106613510
106813317
108895017
106531902
107005417
106664817
107931589
108157217
107617537
106988873
108071468
107200642
107432156
107006490
107376392
106952846
107746710
107100073
107347630
107049114
106516010
107303655
107182962
106301238
106999237
108387463
106427928
107344583
107650428
107285255
107727652
106722259
106410107
107516705
106625073
106536780
107250130
107615848
107155445
107765994
107350844
107045994
107887716
107023303
107138409
106553742
107086352
106114246
107546414
107756662
107416084
106245407
107458510
107421797
107001171
107128753
107147168
106613961
107475860
106461918
108200343
106486108
106888378
106549196
107877710
107135395
106600840
107040814
107698242
106089630
107296741
108796228
107845252
106885259
107780447
107356082
107076553
106943396
106216270
106838453
107285662
106888955
107371418
107551571
106640101
107475566
107065732
106879119
107061042
108155703
106763623
107215119
107079015
107526017
107051724
106617696
108204992
106651966
107506881
107382284
107513432
106740772
107288628
107848280
106689065
107400569
105765110
107977410
106804861
107423133
107267955
107282082
106915093
107096471
107381231
106806199
107581068
106501807
106465805
108846473
106707609
106848159
107670509
106214177
106912626
107115880
107914850
107181382
106308134
106838655
106500579
107019637
106409085
107113393
106757003
107964439
106620679
106783471
106903326
106566937
106761854
106658789
106583891
107032607
106715052
106925365
106473586
106736413
106563224
106753252
107116965
107041521
106625505
107064463
107309496
106564414
107487831
106373200
107123846
107407680
108623707
106948409
106674246
107394015
107139952
107410809
107555210
106451563
106742341
106538772
106736354
108125044
106356136
106910594
106904524
106965706
106745067
107645565
106449292
107551189
106452973
106687967
107091360
107451982
107358627
109137165
105997451
106412479
107833114
107548917
108176642
106789354
107609385
106209458
108002490
106972036
106926998
107483100
107645039
107568349
107132585
106700578
106293681
106657959
107048252
106363498
107102140
107506288
107427985
106701594
106831015
106310641
106546215
106205197
106943650
106603886
107010030
107467373
107355829
107142785
107403252
106636494
106495297
107571050
107525138
106515112
106694822
106849417
106577432
106295790
107180902
106301507
106883547
107591611
106390886
106290573
106735833
106736266
107216602
106571193
107676478
107127827
107919777
106962731
106822357
107018885
107413210
106968554
106430699
107698387
107086091
106456439
106431089
106655931
106758870
107006115
108007806
107042552
107857139
106141419
106559012
106706283
107818759
107199430
107369876
106771857
107072508
108096242
106811150
106579855
107294573
106452411
106723056
108215177
108154184
106917933
107349511
107614915
106721172
107076659
107396626
106914906
106977398
108715561
107110770
107082616
106570866
106977592
107243348
107875434
107732895
107336571
106971060
106211517
106612830
107029936
107468255
106888597
107113543
107514107
107387433
107340664
107415331
106399649
107439066
106550864
106687005
106855776
106706268
107346158
106832586
106665918
107345389
107414566
107098664
106898193
106649632
106686433
107223859
106356989
107516515
106958223
106322630
107148693
107105745
106670384
107771264
106681102
107053671
106534546
107072988
106585779
107783123
107708680
109520030
108322443
107294967
108141486
107199265
106995531
106727809
107203248
106669947
107041054
106667802
108073784
106990176
106272424
109280893
106958522
107230874
107048739
107107724
106775667
107523718
106877027
107608011
108525598
106792095
107268494
106973636
107680961
107843114
106657711
108501787
106615425
106749736
106731694
107361392
106742230
107065804
106621004
106160615
107405238
107302644
106929693
106255152
107181164
106947792
106619680
107531175
107692994
107417157
106260316
106289710
107478155
108329497
106925317
106189428
106178657
107000487
107057396
108263510
107926458
108016741
105904041
106855133
106840432
107847488
106825553
106729751
106729825
106177648
107047236
107027533
106917722
106079040
107137119
106328008
106933339
106414756
106485387
107686622
106628768
106800248
107383699
107302500
108438375
107855563
107111179
107246983
107318879
107620254
107699945
107084403
106927441
106546138
106875597
106620057
107236010
106761594
107480592
106918952
107150988
107239673
106914791
107477608
107154458
107510519
106800924
106567199
107218155
107821468
106878712
106759551
108276597
106537644
107381031
107276454
106612770
106603353
107998670
108042589
107548330
106508690
108781437
106994340
106722718
106634403
107289219
106984075
106504801
108508832
107665827
107350443
106615499
107732527
107477939
107974070
107510668
107212618
106988958
107965287
106207122
106412049
107140370
107269206
106812208
107456775
106308362
106368540
106590982
107345337
106793747
105666396
108234874
106964949
108064358
106984846
107315413
107042081
107648046
107457722
107340775
107543638
106931150
107283672
107010088
108121647
107328398
107303507
107277782
107049888
106950016
108023681
106937005
106970081
107203864
106568524
106795572
107303387
107420989
107023525
107403863
107117381
107475202
107413832
107047483
106320008
106458162
108158300
107095048
106861901
107835012
107057960
107931874
107960438
106873995
106994067
106474710
107031275
108492868
107656338
106780928
107739600
107034576
107381123
106818743
106935095
106775242
107333543
107228963
106791522
106964824
106959226
107023453
108039028
106973180
106420141
107694879
106415933
106935037
107338216
106255481
106886391
107640500
106827531
107187131
107961365
107446570
107325855
107825397
108511290
106831582
106829335
107115317
107574113
107500824
106809837
106901567
106536078
106375460
107175440
107100549
106833178
106651829
107465459
106213211
106788048
106169685
106776775
106613021
106536350
108032617
106934538
106575040
106405021
106931282
106199864
107271251
106612804
108093980
106284902
106629305
107237977
106650340
107104903
106410086
107134559
106776817
106794174
107196652
107508096
106437752
107238607
106621523
106936970
107432890
107579374
106515075
107321956
107651446
107158011
108237250
107715643
107024419
108141984
106986159
107983330
107281633
107650823
107445735
106034368
107130664
106644685
106916934
106113318
108966949
107284165
106815730
107697298
107173975
106463971
106913708
108200532
107197417
106065286
106605122
108279236
109264713
107204960
106875954
106888854
107659863
106287094
107570289
106812610
106948570
106778864
107452510
107550005
107945385
107883861
107134107
106549281
106837481
107435991
107209379
107128259
106437482
107486204
107450428
106592091
107389173
107105379
107011233
107550420
107065141
106982330
106141821
108050972
106847608
106539795
106878842
107572962
106607659
106578974
107720551
107132597
107607169
107902006
108114822
107378467
108245443
106659707
106858729
107868998
106907794
107165747
108720861
106594201
108113008
107057365
106235223
108434676
107124027
107672307
107029854
106989177
107811162
106829169
106931386
106290004
108067322
107598796
107559219
106460604
107204333
106309919
108130032
107473225
107305878
107318114
106582648
106863900
107200072
106914703
107449905
107178524
107102963
106652358
106986078
106999852
108187155
106186313
107889968
107434360
107493884
107364682
107496287
107471648
107386974
106261458
107328909
107112218
108296682
108036422
106846494
107208932
106878280
108412807
106698465
107045132
106446400
108046520
107512318
107060467
107078731
107042429
107076107
107460097
108456248
107530413
106371421
108112375
107089600
107097687
106664183
107170999
107122235
107032819
106838873
108340892
107030538
106359679
106338751
107318990
106173431
106979969
108735897
106941473
107615550
106864993
107608836
106322890
107334596
108007208
106815494
106797162
106360299
108080092
107060795
107504692
106631568
106685564
106618245
107204730
107183071
107565446
107488734
106999164
108088080
106201095
106505992
107566660
106479723
107049111
106688304
107785419
107295112
107118170
107307582
106486878
106617295
107422624
106524943
107109034
106518950
107648937
106904003
106948484
106288461
106452402
107056652
106165385
106930430
107035598
106660317
107314121
106770514
108078293
106502211
106216730
107073501
106492780
108535354
107166021
106651081
107900427
107476500
107238866
109069650
107412074
106774056
106124606
107076891
107234209
107222115
107118754
106537517
107344674
107110719
106398893
107276313
107359780
107889278
107116529
106865300
108740676
106376724
106650903
107029847
106555578
107709404
107138945
107407600
106872310
107444832
106704966
106426142
108014259
107209879
107903728
107868546
106381071
107387493
106670274
106822485
106830611
107405189
107170335
106952823
106877926
107919176
107827539
106581324
106304512
107131332
107218625
106933968
107088831
106691021
106986532
107017921
106770853
106964461
107123421
106964730
107063188
107621036
106390854
106279424
106559899
107639004
107672288
107989997
107198522
106742281
107963339
107794238
107448409
106413686
107843834
106565675
107137471
107658317
107180854
106721974
107150977
106272470
106982825
107090698
106729685
107685219
107362037
107978993
106300424
107362045
106702094
108064878
106779359
106282657
106625185
106644457
107843337
106758914
107855205
107526997
106196977
109435646
107556168
107825368
107657260
107295264
107716190
107208548
107305065
107252943
107209200
107705166
106944439
107889581
108230064
107493725
107878370
108299604
107235242
106769600
106508631
106179877
106276272
107186662
106404885
107230185
106806614
106997034
107341420
107225597
107933274
107372121
106222400
107502347
107582307
106744673
107644916
106914598
106748427
107910104
106608597
106652338
107317840
107261788
107496625
106654963
106865341
107129378
106888041
107762003
107063176
106533624
106769610
107018742
107607660
107292041
106765535
107034758
108513488
107558476
107626293
106553162
107634529
107089213
106442841
107815603
107033157
106722271
108891902
106804371
107547635
107405940
107504577
107647391
106941342
106918199
106856346
107101758
106543764
107421939
106597194
106790406
106949757
107015058
106946889
107300877
106609057
107894815
107170403
107690172
108259280
108063255
106729358
108765294
107656166
107228304
107486708
107795246
107424003
106750913
107508222
106180021
106972558
107558975
106181787
106316678
107795905
107381992
106628297
106804827
108084936
108027079
107743470
107808314
107640968
106932766
106446530
106502177
107000294
107168632
106901554
106694650
107212184
107666097
106613782
106696965
106411333
106702899
107857341
106292964
106865837
106951637
107047619
108168388
106441741
106680969
106569647
107169373
107520691
106400489
107642371
106870195
106272410
106815716
106736904
107461519
107258704
107317580
108630244
107365985
106359123
107677367
106511123
107197697
106939433
106705629
107519816
106944912
106236657
107210649
107179666
107322714
107781276
106608917
106875608
107439209
106630611
107212618
108370638
106787024
107234775
107283265
107391353
110727954
106501869
106926294
107119537
106720489
106841443
107815818
107561241
107163880
108171645
106667539
106199277
106735083
107281286
107100259
107128995
107273984
107901674
106807611
107089203
107951633
106633385
106453203
105933397
107407970
106399633
107297340
107504794
107651290
107540647
106390516
106701947
107367829
106936962
107475592
107547419
106674899
107400524
107305741
107390054
107590496
107498010
107234526
106799511
107950884
106760711
107079728
106382018
107181885
106900903
106734308
106778177
107326519
106636253
107142270
106659565
106272225
107139835
107450425
107418159
107189875
107733398
106754363
108191582
107071062
107304304
106923534
106802325
107919504
106644650
107165811
106996698
106994923
106799177
107274693
107097285
108288833
107224058
107825149
107398661
106901265
106442237
108052845
107271336
107715323
106665509
107041420
107588621
107089653
107188239
109477414
105929751
107621966
107564967
106855481
106838447
106412406
107010085
106633988
107004615
107746414
106874719
107358127
108238174
107847580
107826337
106549508
107482802
107521386
106761788
107339440
106339776
107249766
107387810
107696300
107687833
107813318
107314701
106525613
106138538
107136147
106659033
108705588
106566167
107144874
107228601
107460446
107487190
107791243
108542402
106731489
107796430
108143042
106834167
107550061
108584012
106758832
107738229
106905261
106608025
107092299
107020839
106821113
106994091
106505928
107210781
107288124
107928223
107807842
107078839
107114154
107762305
106808397
107351410
106752636
107045842
106819231
106816910
107310498
106632557
107016052
107236975
106669613
106715081
107493410
107531772
107474295
106872671
107362271
107684899
107832312
107736394
107291926
107361698
106105921
106917682
107220701
107651646
107744112
108057515
107510672
107216275
107995288
107757058
107100377
105941843
107404399
107189242
106758314
108672995
106503525
107181186
107300271
107328384
107089954
107754024
106906973
107365179
107529192
108031789
107068813
107980217
107042292
106332022
106240372
106516993
106923405
107064969
106186325
107253006
106459800
107145874
106786892
107510199
107361152
107867584
107812132
107543795
106921962
108571862
107930205
107611292
106501608
106731361
107123597
106499237
106852538
108629401
106718507
106807002
107135087
107486043
106792759
108043814
107370933
107224787
107019105
107025517
106854333
107286510
106060985
107232441
107293077
107478552
106992736
107531123
107785235
107566872
106502440
107069400
107260549
106637833
106820916
107016038
107050247
107671915
108577957
107728906
107662010
107645530
107021433
107213420
108084570
107635477
107572850
106910461
107142874
107686225
107090279
107018893
107091305
107339520
107573012
107589974
107210773
106465648
106810952
107826534
107479799
107656140
107025575
107264771
106387156
106473650
106698146
106876293
106537519
106658610
106848519
108902642
107588916
106596931
107114495
107016627
106521099
107513780
107491843
106896882
107987123
107326061
106514634
107197449
107123508
107449523
108072836
106880703
107077638
106876712
106480809
106883563
107627091
107130173
107213836
106527396
107335186
108065296
106885966
107226438
108204228
106422249
107037636
107841513
107458139
107873690
107635171
107363697
106847106
107455944
108045219
107389201
106346947
107779989
107621353
107278267
108092846
107472209
107527959
107607774
107326905
106821629
107195929
106898857
107251321
106663059
106586276
107517364
106688102
106719744
106995833
107502146
106844045
106493310
106780834
107651693
106831144
107578325
107598160
106799356
107176005
106398981
107631823
108164946
107542702
106746210
107032149
107818736
107039126
107216380
106247302
107551242
108512093
108034455
106299873
107530379
107646636
106779431
108900667
109326958
106756030
107549844
106308915
107608637
107107865
106816119
107179380
108188657
107661543
106198561
107404156
107593231
108557553
106627093
107129709
107212440
108360351
106987848
108336567
106511262
106506591
107535733
108562765
107214691
107801137
107363412
107001036
108493016
106785613
107053856
107806327
106845605
107905310
106674327
107231820
106761087
107095527
106359400
107295683
106833084
107974993
106752615
107895944
108093853
108154225
107397301
107420272
107704284
107770546
106066445
108308840
107211412
106343447
107069249
106600270
106567577
107098700
106506767
106845930
107634706
106930341
108164324
107163512
106313983
106725056
107253964
107627887
107664982
108036348
106761680
106689651
106834573
106813098
106724383
107057223
107755823
107570575
107132105
107130380
109517005
107708324
107934708
107029560
108288292
106892351
107432201
107162311
106405112
107682788
108311602
107723873
107437835
107275413
107683838
108325909
106507532
106988340
106799440
107288115
107754233
106903375
106584873
107362940
106944937
108521350
106836814
107305270
107118380
108450865
106926386
107908558
107130747
106741410
107258210
106824348
106708297
106527957
108641947
107450868
107366431
107143084
107061161
107026790
105966826
107071804
107275270
107420774
108021686
108703632
107131437
108512671
108849389
107543089
107802047
106657151
107256481
106592141
107943095
107632338
110158654
107883008
106955937
108886891
107422079
105955007
107314370
106833709
107272290
107543082
106428398
107679136
106183058
107284161
107415394
107360083
108016899
107544100
107187140
106591889
106197433
106905409
107321757
107890215
106633091
107197883
107483393
107028923
107600485
107482443
107398873
108439589
107391810
108208494
109850059
107491761
106420481
107186102
107725500
106867486
107062361
106974619
107709082
107410451
107558198
107024012
107860637
106863820
106654342
107278333
108067321
106343017
107369497
107229466
107978019
106528731
108323291
108950253
108194743
106828647
107679373
107958125
107025814
106620235
105989441
106807146
106976529
106514113
107457563
107526279
107630345
107719392
107166741
107453495
107977570
107622685
107614395
107102234
107670789
108033826
107478645
107092889
107044994
119868185
106419777
107308670
107560864
107562226
107102193
107775290
106644459
107187240
107217016
107789967
106734564
107197731
108148584
107438032
107593935
107017986
107690921
107473052
107118566
106969523
109078236
107640792
108432593
106351254
107689423
106752356
107796315
107179441
107039534
107668618
107133144
108050194
108112544
107522595
106578226
107529334
106751712
106392405
107299156
108525828
107207221
106684892
107693339
107163476
106713441
106163654
107446966
106538939
107241666
106812393
106869059
107599580
106775662
106912955
107725706
107175071
107682888
107298214
107102621
107563333
107882112
107874940
107347184
106138188
107340868
106240001
108405772
106439620
107461816
106850020
107283805
106442254
107009369
106560747
107546155
106855293
106408475
108405109
107062276
107136692
107034151
109352248
108381084
107073489
107262153
107166391
107192559
107345705
107079262
106200497
106072289
108284358
106116386
106911776
107628158
107069426
107155564
107001024
107769440
107685509
107413265
106967157
106917216
107717894
106933086
108219977
107009450
107737633
106854438
107010621
107753364
107094626
107751117
107106099
108034918
107218128
107300758
106786194
106357876
106666165
107181279
106705121
106700136
106971693
107470245
108194827
107227602
108235034
106904464
107551423
106190479
106544645
106994725
106586202
107201006
106515838
107045320
108902704
107448918
107733740
107537935
107741828
107432489
107571780
106481155
107894563
107257471
106679183
106331356
107343030
107698283
106478863
107686033
107428048
106867661
107207927
106751939
106481682
107390052
107220388
107623711
107022164
107269855
106498874
106310379
108156885
107432928
107781892
107338410
108279241
106677551
108601268
106722065
108366230
109480345
106762317
107025939
107742000
107184722
106633803
130460571
106308172
107520382
107431833
107294626
106883920
107595551
106437893
107567288
107173843
106982089
107540887
106759961
107510849
106474250
105976023
107648575
106395069
107865588
106920078
106636638
106314202
107797695
108102727
107666278
107490195
107228507
107750900
107631677
107215274
106655768
106921007
107180150
106844845
107077532
106687725
106748540
106352905
107604243
106107480
107293927
106028370
107938385
106595671
108417369
106257355
106843132
107412532
108099346
107230315
106671464
107583847
107288715
106722552
106944298
106105388
107241470
106578092
107432677
107278884
107904638
107926599
107313766
107053781
105843412
107419881
106290507
107931439
107470259
107157367
107421549
106693207
106827782
107361681
106632341
107635029
106251484
107482945
107311492
106480564
106765390
106730965
106031769
107669865
107188085
106501818
106881118
108206217
108711529
107100006
106212717
106552761
107361964
108197864
106703789
106892776
106926298
107273653
107189036
107029494
107486020
108055551
107311825
107385278
106419646
106705300
108536477
106714001
107166118
107371897
107068046
107867506
106604132
106693566
106868993
106640818
107577520
107582023
107736021
106867024
108133863
106510111
107618293
107681464
106306426
106273068
107341144
106928613
107926480
106970055
107333172
107513146
106471372
107856871
107405749
107134848
107102155
108220995
107640079
106339856
106708191
107541053
107511788
107095523
107730188
107407185
105976902
106943151
106336722
107568496
106735664
106673586
106258041
107458458
106362386
107450783
107775262
107751950
107398946
107425106
107555490
108330736
106495088
106639494
107062450
106454453
106513960
107899439
108092514
107616552
107557431
106740408
107863937
107220139
108044382
107480694
108512444
106944667
106929893
106635858
106743671
106652809
107644760
107479630
107968361
106720020
107138253
106621246
107744771
107983218
107349367
106616871
108999475
107547084
108261775
107016580
107286420
107284078
106907605
106911436
106901608
106977106
106882636
108205150
106559996
107796374
107262186
106952920
108061400
106948608
107560498
106751905
107091690
107142013
107774308
107543197
107400155
107447487
106561571
108704569
106785272
106982064
107292375
106920385
107802763
107515555
107863223
106906975
106468360
106805746
107752976
106376789
108021656
107166972
107845210
107858683
107313020
106945488
107227934
107765691
107112910
106531373
106804439
106716697
107048249
106844252
107715668
106795940
107199344
107070480
106505650
107553065
107190211
107576533
107108154
107170555
106491628
106561958
107814326
107089171
108145624
107336998
107538873
106691043
107190075
106532851
107690585
108163678
107530419
106640374
107349833
106855533
106552230
107616229
107114115
107459618
108201462
106993600
106906380
107848829
106986378
106904543
106688131
106625361
107776326
107215304
107505433
107608379
107800092
106326249
107142655
107889704
106941599
107220987
106547022
106609144
107675225
107057169
107704329
107759186
107745744
106768051
106471254
106545370
107425285
107503542
107529480
106872825
106431541
106853455
108443484
107122006
106526206
107695434
107457974
107052400
107782050
107172847
107812717
106835728
107617615
106749291
107273493
107409266
107211557
107009062
107473937
107048776
107178889
107382373
107348891
107320837
107469004
107000329
106610370
107169759
107025492
106959110
106556555
107140599
106491608
106625426
107445635
106645935
106493623
108324522
107927107
107067285
107249489
107858835
107082396
108041557
107224741
107585217
107265016
108018867
107107603
106752658
108016660
106765343
106719635
107974763
107255851
107568079
107425285
106175733
107625284
107369520
106821505
106532348
107324328
106849454
106611838
107424602
108181176
106523847
107398528
106705971
106140394
107074969
107162669
107810755
107266325
106831707
106654170
106859937
106615865
106955133
106829189
107341918
106974148
106957501
106959762
107053510
107336294
106760501
107056375
107194962
107225342
106791061
108350542
106790682
106816591
106707632
106858070
107516211
107801151
106978289
107552611
107788096
107424472
107284276
107746361
107835638
106429225
106665749
108291174
107073598
106797804
107603162
107967684
106772489
107409985
107787217
107001395
107932573
107669582
107383727
107161097
106647067
106861531
107273339
109510210
106810254
107152157
107504587
107073293
107947230
106430258
107229903
106928106
107865303
107216349
135619497
106563159
107283746
107481939
106825908
107893500
107332360
107522338
106880349
106576775
107608487
106489996
106143066
106481187
106580490
106693848
107469313
106519753
106353039
107430853
107551626
106277941
107301098
106761976
108184846
106352514
106412065
107113089
107841943
106344967
106789342
107089278
106793672
107076310
106856215
106767540
106903786
107418810
107621209
107254783
107780653
107380408
107542599
106521473
107166311
107471320
106859483
107136930
107005678
107713234
107581517
106916453
106889332
106879010
106577819
106363756
106858826
106150304
107020262
107297194
106525869
106492286
107132693
107551874
106694781
106658092
106878945
106496135
107759332
106791583
107566532
107138848
107286793
106692282
107546525
107410522
107053158
107536860
106318451
107177905
107382249
106974562
107193296
107835664
107435438
107966818
106825699
106459446
107370083
108289182
107775578
107358666
108182255
107764454
107233993
107432503
107040952
109244241
107263377
107441726
106912567
107228678
107109291
107419598
107397890
107115345
107723708
107127863
107575349
107840178
108032077
107161873
106642590
107360206
106832073
106742212
107701829
106774151
106478824
107214418
106820943
107166247
107052055
106992206
106414642
106773506
106426748
107677124
106898461
106927733
106800904
107476746
107236047
107203911
107796744
108822613
107163791
106516942
106807272
108149979
107089162
106480922
107325640
106683065
107422288
108631407
107232499
107751172
107814319
107535372
108122844
109519598
106389340
107588270
106536783
107000994
107438050
106997979
106864645
106316689
107936679
106569709
106847615
107888338
107560420
106301640
107906833
106547404
106218187
107148545
106675226
107005608
107350470
107470658
107763476
107768713
107773841
106958789
106995948
107016479
106564617
106471829
107237598
107446293
107123277
106974334
106818293
106884454
106603806
107637545
108564578
107341302
107013537
107411571
109002868
106961259
107971486
108947950
107483502
107630868
107776565
106800457
106508786
107741299
107494452
108013542
107253570
108058248
108036512
106587622
106785475
107060259
106417061
107363973
107677083
107948154
107015886
108552796
107513608
106869805
107837505
106536661
106418459
107618810
106567300
106664839
106739659
106890838
106555564
108491420
106520086
107050339
106847708
108546890
107440254
106673904
108106549
107548804
107712908
106900811
107295372
106802866
106391875
108278825
106882637
106992654
106645806
106856390
107989361
108018327
106689808
107427442
108206067
107749407
107045613
106393068
107770659
107590926
107086463
107070901
107200786
107330732
107842584
107137642
107575682
107178825
107904432
107464145
106786068
107422952
108285059
106842496
107659601
107154693
107350315
106854112
107464112
108331372
107680752
106256190
107056538
107268236
106809746
108067611
107774053
107621837
107371290
107616667
108612932
107932469
108487782
108260977
106895670
107064519
106833648
107123888
106402067
106597912
106712142
107061571
107000377
107810748
106800394
106670470
107349904
106893470
106994853
106891898
106600582
108429518
106814532
106438888
107600748
106507527
108131604
108427201
107592511
107228925
107547734
106922731
106761321
107023351
106684761
107764889
107844442
107501962
107316781
107175214
106637255
107501621
109261226
107056684
107197493
107456824
107368165
106899239
106848122
107225956
108946462
107582745
107413428
107468414
107353812
106305032
107477548
106554082
107588951
107203937
106432596
107021747
106903972
106806911
107997261
106562639
107627864
107181147
107909017
106958930
106733822
106960390
107000955
106826023
106025757
108011586
107832140
107684398
106452365
108266721
107424752
106899044
107575162
107142608
106163604
107116280
107866933
107446197
107354062
107702969
107274145
106173129
107074250
108073465
107129802
107470018
108153320
107211875
107546980
107564865
107527747
106057263
106916070
107448622
106568252
107510548
106818889
107928227
107741788
107811904
106881770
107925864
107212973
107453849
107051679
107092484
108573801
106515741
107247582
107076776
107422402
106734401
107421083
107687643
107491662
107863275
107141756
106847906
107135230
107270251
109107593
107394635
106673121
107308095
107136773
106295507
107347358
107372940
106724787
106414888
106817481
106532387
108137265
106920297
106469179
106954500
107409228
106175353
107474967
106938486
107869523
107611365
107314663
106464774
106590262
106161405
107232335
106820210
107697257
106456917
108388862
108896323
107315062
106774637
107167156
106954661
106862926
107434344
107548910
107471585
106723542
107812642
107047642
108601206
107789349
107306127
107327607
106212924
107717447
106941435
107153432
106942501
106771848
107715880
106469943
107558222
107161631
106825564
107914449
107281480
107107424
107627992
107654702
106602491
107271557
107338004
107625072
106952177
109044579
107485268
106847944
106957096
107041382
108005031
107442868
107388041
108085810
106844623
107886524
107625394
107155937
106825260
107404111
107585949
108201778
107480986
107106805
107532810
107339346
107360228
107311280
106785970
106513111
107845230
107334662
107339664
107162145
107155269
107001263
106109022
107193360
107030003
106844702
106710604
106147616
108055109
108165954
107470375
106850890
107387340
108002098
108316047
106473202
107344432
106626323
106688276
107093267
106686932
107178023
107742033
107102411
106828101
106255085
107386529
106973999
106894834
107061108
107853678
109139737
106731301
108065203
106988967
106915560
107287863
107799551
107837383
107896951
107297288
107598842
107402810
106728595
106470191
106832284
107206600
107478897
106884724
108156011
106781206
107982712
106888318
106826392
106763938
106573519
106677578
107134996
107896572
107389445
107215301
106594612
107194567
107493136
107593400
107099716
107142203
107565531
108206156
106976532
107777521
107153604
106333892
107448580
106575085
106000115
108244888
106893630
106912296
106410888
106949379
106653793
106752233
107279293
106377887
108002431
107828975
107560256
107784746
107681034
107017270
106762147
108423997
108477492
107230095
107128368
107431108
107055133
107409214
106457422
107301004
106571419
106984807
107095643
106661000
106551542
107116180
107103313
106866743
108148425
107859524
106595498
107115870
107549797
107115638
107232365
108012679
106493618
107917103
107165197
106608049
107315455
106951406
107920917
107170752
107419925
107693582
108181020
108384662
108950622
107528739
106570589
107925293
106593159
106313919
107257165
107285826
107612365
107283146
106846623
107416251
106589162
107455611
107670937
107496154
107257889
107178088
107139018
106755218
107200862
106852825
107360441
107436309
107528422
107161314
107827489
108264646
106564882
106933804
106924641
107287047
106873269
107002454
107756680
107873966
109209584
107284572
106649138
107630891
107536124
107250904
107537901
108143975
107554314
108272260
106664414
106863219
107415990
106945516
107329792
107446255
107170856
107353901
108938847
107589486
107368801
106382633
107053388
107013106
107609612
107391729
107442936
106673785
106310224
106441949
107115833
107729007
106970212
106637324
106815281
107229173
106928721
107126281
107675437
107395202
107554712
107891111
107182780
107266137
106978806
107068791
106936475
107724412
106855595
107344832
106713618
107179730
107426558
106747071
106732479
106546038
108099771
107131300
106832558
107890451
107079895
107179667
107031251
107114383
107178866
106844942
107773762
107079228
106963916
107550824
107234695
106722670
107051157
107007115
108179132
106832445
107189918
106756022
107331747
107438200
107496991
108494843
107640242
107268366
108378124
107490123
106989493
106737226
106871516
107669410
107680862
106466665
106314745
107871158
106717152
107123277
106633347
106188116
107410809
106801248
106613140
107235121
106801404
107467718
107029338
107988398
107114093
107071982
107407671
107575282
106898072
106118740
106969867
107826923
107276553
107692891
107891539
107293006
107912545
106977326
107129089
106723600
107752880
107309274
106531257
107775270
106927167
106684478
107515038
106765650
108004335
106460897
106726347
107798641
107826013
107093283
106236444
106925483
106818898
106819424
108022504
106552725
107402850
106445065
107746615
106934314
106539536
106572797
106529115
107023025
106472591
107154840
106426030
107541100
107143814
106481133
106514753
107883402
107359024
107031033
108034935
106637276
107810296
107047989
106712507
107098803
107751423
108466042
107059921
108131926
106764731
107527723
106360442
107847712
107846049
107052970
106262012
106883156
108186545
107081239
106885011
106411460
106983832
106579758
107029622
107198800
107456030
107230803
106808979
106740291
107028837
108727131
107670465
106929411
108102328
107160510
107787065
108133746
107283660
106253152
106807308
106708125
107265487
106997817
106792175
107268397
106835310
107129259
106152205
107226266
107110440
107474215
107071124
107112438
106639353
106286651
106536374
107208719
107769771
107841882
107500016
106530060
107150315
106278945
106922140
107710053
106364001
106550633
106691732
106871989
107563621
107232146
107622305
107717286
107285246
107303516
107136490
108020658
106973075
107577352
107154395
108154100
106734938
107846740
107984677
106640593
108080084
106802204
106549818
106075307
107219923
107864789
106861382
106533341
106946938
107517781
106550117
107848121
107803900
108058764
106594069
107722763
107067184
107473901
107101373
107893802
107663648
106876193
107419708
106915204
107198731
107718078
107472317
109137913
106986279
106987945
106099565
107265610
107444770
106874940
107411483
107662211
107952369
108344568
107480801
106798191
106880232
108159476
106525565
106618123
107233390
107841641
106976858
106966007
106882112
106633019
106625264
107201702
107041216
108100413
106740964
107013473
107447507
106585171
107768734
106591577
107522082
106527706
107053493
107565587
106897948
107494066
107632319
108001515
107070799
106822076
107134075
106328524
106301047
108201338
107065491
107228530
106848563
106795136
108883657
107999688
107114506
107554334
107222353
107213013
107190583
107096241
109580824
106825043
106703517
107956948
107338387
107070763
107184986
107493466
107069170
107611266
107327568
107557970
106628756
106767124
108344275
107552957
107096109
106933763
107199472
106712654
106952917
107209443
107936758
106793066
107234762
106919045
107834359
106544233
108020588
107426658
107667858
107279963
107203029
107159676
107342335
106613514
106801489
106975358
106225402
107412375
107525619
106856144
106219490
106931188
106793944
106479078
107344055
107440228
107094108
106715332
106985258
109000505
107607490
107719194
107490919
108046058
107727144
107426994
106415096
107745576
106316671
106455449
107314167
107298619
106721004
107936991
107503553
107129766
107214102
107010360
107788182
106533910
106494878
106202777
106569030
107301770
106785105
106850812
107438904
107614791
108201312
107280395
107410112
107966984
106888627
106866756
106816215
107138861
108152086
107234482
107801931
107512885
107214052
106850964
106639919
106816811
107744354
106354899
106480470
107946041
107164287
107510704
106616391
106832287
107159695
106523323
107615715
109311281
107615880
107360067
106494577
107539204
107444874
106265353
108044252
107032001
107356297
106943136
107254708
107561772
106946668
107407661
107802561
107969282
107329173
106397772
106163874
106871699
106414338
107852066
107877442
107327408
108014244
107244745
107085821
107411926
106833114
106645545
107679126
107273484
107347321
107330743
108256037
107781469
107526409
107919734
107562312
108084438
108950412
106406468
107798119
108075588
107311280
106273081
107281605
107066660
107214979
106578283
107412047
106879732
107092118
107456209
106441858
107158266
106800859
106889921
106737209
106739859
107266324
106592524
106614478
106368547
107253295
107319357
106574797
106912447
106840544
107310761
107118391
107380717
106845373
106633475
106864383
107161264
106604053
106918994
107425007
107355891
107125390
106447896
106167776
107259709
107459710
107988602
107961507
106399004
107124981
107076357
107419747
106766823
106634516
107206822
106596353
107628384
106382246
106592364
107342183
107255919
106859009
106944528
108019943
107486879
106792823
107390132
106757747
108030268
107151004
107401052
106563124
107031775
107153863
106998686
106465180
107460867
107220075
107589698
106858603
106620643
107506023
106224835
108421117
107856832
107794065
107028067
106968891
107873972
107763709
107246752
107855006
107491792
107366078
107699091
107659750
107335561
107009374
107305648
107457281
107596012
107424693
106225147
106555829
107508764
106427080
106215360
106861558
107659551
107131764
107058743
107084464
106411363
106904382
106617394
107417366
106307558
107341597
107151189
106935175
107601099
106461309
107091456
106250932
106238705
107405983
106797445
107768581
106833620
108139088
108082897
107235809
107929784
107173880
107387855
106775583
106371115
107072264
107038200
107479541
108359270
107978217
106819366
108821246
106457558
108035926
107574207
106963747
106977704
106455384
106543979
107123934
108004603
107711104
107915378
107207583
107656851
106738534
106748572
106885856
106985150
107434753
107037835
106449738
107152945
107502471
106601447
106635778
107703551
108233420
107436531
107869552
107047594
107399780
106503275
106502836
106575869
106965247
106347779
106896148
106441190
106711123
106695961
107308369
108298083
106694008
107529008
107241730
106658388
106803638
107132025
108130531
107151427
106530317
107316682
106971446
106816473
106849880
107764847
108047774
107274721
106583525
107704103
107227299
106518075
106893515
107734886
106206753
107132886
107960835
106636991
107492417
107448058
106867004
107457112
107280454
107013909
106355528
108061211
106637900
107426647
107930771
106837554
107420559
107782978
106778497
107148225
106744601
106660910
106892025
107292394
107546308
107185347
107514303
107444710
107687214
107011754
106640755
107639184
107143015
106959936
107565517
106888143
106622549
107201922
106006475
106533752
107111789
107483337
106758920
107797814
106710379
106956581
107488027
107398067
106787341
107746040
107550465
108790683
107753239
106800238
106936681
106425820
107016625
106578196
108880472
107237989
107378792
106189939
106773283
107607687
108177947
106984158
107431908
106536818
107583266
107970853
108201848
107271725
106791810
107797358
107193382
106702463
107954625
107316721
107085196
106526033
107564611
107791951
107614916
107632020
107146352
107029048
107332459
106723921
106420107
108052077
107253876
107527214
107462707
108169273
107342527
107605512
106454641
107959917
107445376
106799111
108778069
106834417
107752112
106443712
106262580
106471492
107623431
107021246
107376058
106316341
106551037
107361412
106979357
106409993
107008632
106772658
107033416
106821160
107346954
107684670
107852776
108540753
107371417
107454355
107625892
106748854
107102775
107344976
106257118
106381943
106892190
106673241
108134597
106899853
106571996
106421600
106328445
107240909
106685689
106904612
106294577
106743330
107666992
106810438
106601025
107259158
108114937
107047977
107507688
107445839
107754435
108352397
106653244
107097719
107668676
106632019
106899155
107712283
106398580
107710091
106688387
107101244
107699179
107270981
106735973
106941684
106294205
107024612
107564116
108411516
107308813
107713482
107541979
107573188
107594279
107673628
107595831
107116228
107882162
107236068
107812779
106165762
106851231
107520507
106750398
106135417
108171359
106770945
106815134
107375885
106892262
107206344
107554122
108258604
106209722
107540324
106906443
107750280
107236557
107515478
107775357
107742645
106705882
107148961
106910153
107386944
108030718
107195890
107465871
109562108
107500006
107280678
107313891
107581146
107689990
107683711
106838902
107344046
106977937
106815656
107500196
106519760
107256986
106942820
106537977
107457510
107505496
108942574
106861488
106114728
107638104
107773831
106515299
106740027
107010753
108064812
107282329
107403103
108343692
107556919
107007906
108045399
106754712
107375045
107408445
106530266
106400553
106068543
108066041
106504297
106116473
107303976
106690431
107335043
107006556
107698142
107262082
107057343
107554317
106622642
106611318
106451079
107896483
106576251
106626158
107036616
107081492
108946338
107023820
106675559
106728479
107351933
107393125
108002385
107029724
107562821
108076576
107689207
107960237
107663442
108511038
106745424
107154111
107532509
107713016
107423911
107332347
108293205
107582741
106364772
107344829
106702374
107806361
107237605
107492623
106875132
107383867
107479502
107151774
107038884
107793858
106942226
106952619
107325534
107198973
108155297
107052525
108691538
106840773
107583007
107515845
106629605
107749049
107505986
106385339
106588051
106358662
107219152
106634850
107352667
107323095
107923463
107176322
107641920
107152637
107398317
107037456
107615726
108903090
107159260
107280020
107391641
107122493
108315263
106966766
107086032
107692005
106799361
107310216
107451248
106878004
107721623
109381350
106590746
106987219
107724867
107715284
106992127
106747350
107383310
107499952
107118839
107499558
107403417
107512453
107818007
108479423
107998453
107215720
106712585
107621286
106762418
107477337
107418099
107481140
107091310
107400425
106344727
108220119
106479204
106946545
107666746
106688451
107374415
107699188
107976973
107886758
106863284
106856737
107622975
107534788
107290173
107114782
106924132
107347373
107906253
107133426
106646092
107177128
107353553
107252556
106849409
106660649
107893352
107134032
108001384
107655895
107121590
107504373
106342716
108002435
107700984
107569474
107490126
107683297
106954229
107352712
108991009
106379654
107134962
107561474
108491313
106715350
108016371
106890458
107515974
106732277
107178865
108686086
107389184
107302644
107508596
108396280
107118666
107606336
107031640
107345446
108093867
106597028
107771533
107822383
107805216
107274063
107129346
108340226
107317046
106888259
107257720
106818788
107281718
107642567
108851594
107149839
109318411
108261567
107527403
107393950
106615908
107867404
107490772
108294716
107594351
107293010
108442979
108317411
107741198
107741216
107256118
107867823
107436715
107569455
108143738
108052299
108011200
108361959
108679048
107065381
107635761
106708312
106973177
106795252
107605311
107390697
107033997
107796866
106726954
106190938
108218636
108058673
107082849
108324205
107377824
107730896
106962089
107788306
106922681
107475765
106345334
108005490
107223940
107157119
107550155
107304729
107178435
107268935
106707937
107500851
107713987
107310998
107050542
106702716
107203440
106527487
106718862
106737912
107644535
107578356
106453941
106603234
107234760
107531760
108188220
107177544
106958886
107340107
107912528
107539378
108077375
107977929
108045579
109561292
106560128
106493823
107601744
106848257
107109455
106779380
108651266
106512100
107777155
106196145
106701630
106331399
106817603
107894701
108095704
107483107
107973199
107726002
107654464
107981277
107570117
107051258
107301480
106359509
107458597
108178759
107264618
106256497
107026983
107451678
108043393
107567109
107609757
106359870
106773667
107323487
107939618
107161694
106488905
106304104
107204271
107103686
106661233
107291645
107409732
107542539
107315256
107808339
107075400
107444007
106757458
106800935
107504118
106819369
107682889
107008240
107236802
107832518
108462225
107057134
107521720
106868064
107340288
107208597
106759366
106522469
107958388
107621769
106882475
106334842
107491684
107834930
107081076
107136499
107099756
107782588
107247608
106980861
107364289
107127938
107009337
107759281
106801678
106805264
107027680
107919850
106334074
107662884
107144363
108210942
106446523
108789188
106996661
107710971
106719751
107227971
109131824
107350885
108181147
107992457
106962590
106336100
107394810
108124388
106983717
106907158
107310998
107112739
106859933
106347908
107365517
106822553
107205561
107575251
107502424
107303028
107129405
107982180
106524254
107234725
107092470
106858407
107472972
106354905
106810721
106871017
107393945
106228583
106147819
106661498
107310245
107218882
107709064
108319797
107255510
107587580
106374223
107859535
107560240
107272889
106587982
107486872
107880274
107232273
106361920
106155967
107900233
106527122
107137859
108014475
107520743
107362621
106898707
106744390
106684368
107607857
106361461
107296864
106808899
107431294
107853525
106874384
106905448
108073226
108457333
107521111
107678162
108381739
107600402
107826697
107105766
107896726
108242487
107475531
107535166
107823546
107370220
107859745
106589277
152833700
107302677
107559627
106423145
107836325
107701878
106669930
108250564
108020103
107420904
107013698
106832861
107791086
107134686
108002785
107535089
107417315
106948010
107177776
107626823
107393367
107045645
107925286
106831365
108835583
107165663
106011295
107790185
106869392
106181715
107191915
106866450
107806507
108869119
106610009
106640809
107150479
106639274
107651742
108637326
107142210
106778933
106218545
107697869
106956114
106769275
107225737
107360050
108156669
107719222
106734451
108166818
106882918
108396546
107442877
107700261
107392340
107637691
108260575
107767069
106776196
107642884
108197642
106918923
107351310
107403611
106717211
107539675
106467441
107568008
107388947
106810527
107004253
106852645
106981110
107268780
108064348
106834186
107692554
106876604
107961872
106819443
107527974
106497327
107641711
107023556
106624298
107066772
107308231
106916937
106848858
106688336
107852361
107745528
107240041
106987603
106972145
106816166
106756028
106378751
107151715
107201269
107073308
108319024
107479142
108332796
107186436
107074308
107389713
106834357
107695695
107206352
108146994
107440835
107062661
107392406
107855057
107621732
107700910
107624270
107472597
107955322
107864092
106815603
107266948
107802443
107529300
106969453
106386189
106712553
106437127
107447953
107154131
107681009
107815584
106145569
107254186
107354475
106782467
107417308
107750149
107176587
107317904
107623426
107467682
106727282
106915992
106759646
106580114
106943595
107054971
107013276
106948022
106067361
106951393
107045554
106940435
107604843
107675942
107546765
107012609
107771205
107730384
107295363
107258398
107555563
106768161
107229294
108466416
107267279
107123209
108402933
106236505
106657645
107240045
107481354
107058316
106759972
106740548
106816142
107960158
107525276
108171191
108165020
106835820
107903510
107370068
107705326
107308704
106932310
106891997
106984189
107907778
106828099
106896247
106702592
107698409
107086146
106371553
106873254
106708458
107870369
106780376
106558469
107254109
106983411
107499046
106996246
107402935
106722399
108004399
106443919
107459490
107439274
107864383
108298229
107312455
108118809
107352786
106654378
106675795
107264124
107739122
107655043
106882105
107258900
107792853
108190136
106135941
107599929
107031611
107096049
106700578
106603799
106770464
106991666
107959475
107014765
106776036
106590401
108237362
108078973
106537556
106928016
107352639
108053051
107413681
107545423
107335195
108253972
108010892
108074831
107922838
106976117
108467730
107441648
107189296
106723221
107569302
106344582
107713953
106927952
107483927
106456052
107797695
106786367
106523711
107304047
106691537
107029488
108640936
107520489
107103523
108765716
107048522
107174025
107128000
109034917
109121530
107176351
106890869
107623752
107651774
106706237
107166858
107045571
107457100
107451620
107331176
107471675
107232811
107830795
106830032
107596355
108730617
106334827
106698381
107039510
107417628
107617886
106557475
106963252
108063089
107122769
107551623
107896663
107265261
107364402
107098495
107554273
107023732
108468072
106871810
107572363
107104558
107643069
108054284
106741541
107523437
107349517
107692955
107244513
106325948
107115396
106733707
108131580
108310479
107012113
108925292
107218538
106505182
107442137
107654946
106566856
107092270
106813781
107977135
106741113
107053985
106717916
106623971
108614384
107009487
107893734
108915648
107494817
108155902
107849217
107419100
108174460
106782942
106755174
107320786
107497423
107585679
107834584
107746126
107245046
106528917
107217339
107728562
108021005
106797310
107352780
107465571
107559583
108304838
107572635
107407848
106590961
106282398
107302146
109190565
108428147
107059729
107794440
108239834
109619831
107422344
107964841
106542805
108220574
106457147
106838066
107696702
108342074
108641907
108273023
108421565
108108453
107359458
108922976
108172433
108523236
108105453
107063894
106989297
107541147
107794389
107017216
106643837
106508829
108077857
107657518
107776229
108142897
107361774
107401004
107010966
107253133
107120991
108145695
107326325
108340640
107557694
107313084
107537005
107881192
107635219
107658924
106522803
107190821
108100109
107657386
108401995
106690689
108025088
108489234
106661094
107438857
107181537
107580051
108684315
107626056
107572489
107327553
107559601
107797484
107551205
108374904
107889455
107742163
108359662
106558951
107645952
107462416
107365715
106881956
107020018
107692111
107852223
106911371
107810104
106624637
107497557
106158386
107231527
107157157
107948354
107775490
107758971
108160826
107261077
107785975
107661456
108777411
107447132
106986336
107347827
108051062
107104542
106729357
107686969
106455863
106940942
107567790
106637102
108149357
106826739
106987903
106408759
107015558
107475355
107822738
107603118
107349376
107699661
107114939
107406577
106754444
107068334
107000120
107075695
107594227
106895818
107643605
106960551
107672986
107047549
107143526
107518773
107354770
107395961
107217980
107621066
108445960
107834611
107474247
107837538
107244889
106911107
107538539
107562448
107434396
107551746
107439365
107514494
107867630
108002715
107916441
108231451
107544188
107053218
106978582
106766943
107051821
106827588
107157722
106918590
108061297
108901082
107346311
107179304
107151995
107598250
107650141
107342245
107891143
107317036
106796899
107158167
108480065
108233973
107136625
107310714
107262946
107271120
108018895
106782309
107706798
108793717
107502996
107206023
107205270
106578694
106896079
108052816
108415366
107259867
107163761
107167602
107353961
106932333
106772823
107793743
107053825
108000669
107723391
107543244
107834401
107316637
106981603
107932071
107371165
107555993
107300289
107417735
107454933
107058937
106928099
107133936
106613189
106877570
108390342
106377282
108076912
107443142
107090933
107140657
107489926
107663360
107129545
108246752
107232755
108298895
107109606
107530883
107313800
107021881
106741602
106742491
107342370
107899854
108190109
107463184
109678194
107333121
109794798
108785805
108534546
106847299
108150688
107123483
107507491
107447440
107092311
107400223
107206194
106364293
108182649
108010198
107037663
106886484
107548742
107603689
107920551
107464032
107753784
107297114
107100253
107989666
109154147
107662209
107944148
107130826
107750413
106716549
107846060
106989302
107681402
107081618
106956683
107091640
107471143
106624536
106741833
106776652
106922767
107033119
107999351
108242299
106526903
106750568
106321542
106855487
107377978
108128095
106606404
107288582
106734274
107406286
107007594
107431924
107733506
107250754
107042532
107441460
106602600
107284050
107225941
106669742
107184422
107586713
107429950
108307016
107487219
108268495
107931068
108895152
108099532
107590467
107896014
107808929
106053259
107357846
107021939
107648424
107135539
108148000
106080422
106924334
106675386
107341842
107797000
107487821
107236534
107876162
107091098
107687244
107794037
107230668
107279299
106836634
107311147
107038151
107614310
107273659
108200088
107968611
106930889
107254414
107920950
106097969
107251935
106921131
107887761
107407237
107304179
106012812
107342630
108337205
108016453
108154310
107978515
107167608
107696949
106875716
107083511
107589155
107031931
107989400
107633270
106583135
108348345
107722108
107701172
107357604
107653284
107626425
106241992
106642727
106943729
107248499
106757715
108049017
107172882
107764643
106603934
107044998
106555189
107036219
106720827
108073354
107080747
106718650
107655252
107657815
108433751
106786727
107491113
107857301
106798091
107151977
106664112
108811497
107068290
106455047
106965363
107908160
107408247
107642288
107682860
106351801
107383623
106274875
107356746
107267106
106734549
106377681
107715400
107316035
108596090
107826604
107273676
107464448
108910582
107783833
107980231
107347311
107612403
107385088
106797074
107311497
107142178
108082150
107684994
109000866
107565295
107725946
107575247
106895009
107575642
107027090
108330451
106930909
107634316
106940821
108024093
106919389
107671343
107265276
107000858
108414517
106555450
107340237
106778600
107994271
108105221
107790399
107320586
107079088
107665451
107156587
109082761
106944103
107683109
108434039
107416479
106350940
106983976
107561023
107970896
107311061
108047079
107813287
106403805
107889566
107622881
108856349
107300861
107085793
107528437
107274115
107359887
107692813
107455737
107932433
108239659
108308891
107177026
107629456
107726395
107813163
107167295
107081272
107581264
107530173
106926710
108054992
106227963
107140442
106901061
107229105
107689468
106521975
108086437
107116279
106982505
106661713
107371264
106995274
107508328
107080682
106855986
107251248
107998640
107032065
107948537
106774613
106715636
108169153
107197910
107428485
107136543
108373870
107755491
106849539
107354596
107416083
108101942
108174947
108064492
108042525
107165918
106867803
108817847
106625660
106907336
107140364
107156132
108769550
108070898
106725960
107049241
107341085
108625414
110412092
107264729
106934991
107728424
108212771
106936544
108199928
107019822
107105886
106966630
107311877
108268200
107158874
107295629
107191902
106761220
107167131
106785019
107429549
107775250
106754404
107266900
107117309
107407641
107769921
106499358
108549448
108109904
106015379
107646171
107146971
108320235
106393234
107724285
107908588
107199749
107313060
106950538
107960368
107037850
107304094
107185167
106428592
107239390
107031516
106565754
106939646
106972916
106628829
107337460
108142691
107376066
107316589
108338247
107307218
107159174
107373840
106950363
107682870
107432173
107649879
107812068
107113869
107242469
107448207
108487960
107771286
107070178
107446452
107035745
108179309
107532264
107826357
107706691
107866919
108451844
106333926
107221041
106837999
106714773
106742073
107776086
107342408
107252549
107059463
107073293
107669937
107062687
107679083
107520498
107483034
107947565
107085614
107869169
108022346
107174665
107234923
106702533
106332230
107004492
107477779
108210261
107009577
107032098
107493938
106387308
108068398
107582914
107517411
107296181
106776200
107704323
107281035
108076714
106617320
106619575
106880633
106792578
107419034
107731860
108488635
106721767
107486096
107072567
107468317
108210467
108369810
108171443
108311758
106831617
106927620
107295301
107064739
106428821
106708305
106968839
107210626
107283787
107801387
107409411
107403891
107080120
107216816
107891161
107042172
106148436
107247292
106899537
107530930
108305770
107203271
106879523
107512462
106975293
108021945
107128863
107417729
106928782
107503727
107931922
108638422
107067445
107131691
107072136
107184733
107235148
106330288
106889913
107101507
107051703
106747816
106710257
108021733
107424455
106241532
107950794
106848422
107766657
107341871
107852131
106423503
107574382
107686428
107207746
107845863
107951381
106534257
107519594
106755398
106922315
107228023
107021640
107006815
107635612
106728565
107466687
106350715
106876100
107979241
107068228
108056379
107201156
108085097
107234991
108139231
107758234
106868335
106245068
107558703
108007163
107605300
106467581
106856483
107276156
107325944
107684081
107276152
107280404
106931384
107659235
106813592
107079453
107530983
107007085
107488637
107013487
108414844
106490914
108341159
107681419
106669231
107366687
108536756
106650524
106955972
107332893
106651977
106765083
106719400
107136558
106827107
108164814
107816273
107104452
107007602
107612006
107518636
109289659
108294675
106526700
107294637
106693505
106645853
108553034
107949783
106560079
106319444
106768327
106732221
106417249
107144344
107352924
106791693
106833148
108862226
106981981
107659265
107532988
107331532
106790772
107083342
106415644
107219728
107013796
107616679
107045058
108071324
107646044
107623389
106997413
106997433
107976345
106949621
107605945
107151822
107081520
107954106
107292677
106946504
106723190
107112961
106774570
107088875
106844182
106777758
107289776
107336005
107879211
107356207
107145534
107993429
106881790
108549216
107783742
108015997
109480645
108058408
108192514
106776973
106662730
106945983
108074013
106425902
106343733
108004910
106297486
107122149
107125830
107622670
107127974
107566383
107911039
107690567
106580638
107277259
107382322
107566439
106967266
107728896
106687653
107993893
107406388
106833161
107802538
107690203
107242745
106992126
107162279
106843211
107499919
107305388
107415485
106737900
106635920
107171704
106618792
107595242
107588878
106794494
107885972
108213253
108400438
107199145
108525667
108307378
107689400
107961363
107070812
108038264
106940045
107398306
107339783
107927766
107199118
108212767
107071608
106811411
107650547
107657724
106965708
106797999
106801857
107569512
108118380
107329592
107279863
106886421
106654465
108792990
106614805
106500035
107474657
106883990
106911382
107031687
108173011
107614243
109501507
108142650
107150314
106757295
107044190
106366001
106962593
106526825
108084003
106215664
106725323
107014725
107123255
106291975
107911601
109035013
107073325
106262734
106617766
107140594
106295150
106734898
107523238
106874298
106372308
106418911
106579789
106903683
108311506
108149348
106553441
107335374
106928651
107140953
106687650
107543304
106932913
106869233
106953141
107277878
106714456
107057991
106648497
106652863
107204231
106510383
106791940
107703999
107826796
107103135
107933639
108601549
108613519
107048719
107160520
107275731
107300626
106407904
108505985
107153499
107211156
107822145
106906651
107833900
108809083
106712970
107822965
106157520
106890984
107931223
107361863
106512334
106569356
107465705
106764100
107248179
107126649
107345048
107932676
108306742
106986490
107337259
108001389
107138512
107993964
106750709
107113097
106817877
108826819
106896625
107814835
107867582
107177068
107359067
107549571
107508038
107448372
106699711
107287876
107226134
107606597
107036222
106578677
107750729
106766496
107887609
107009623
106697555
107613964
107945576
107884103
109462832
107551573
107260919
106916636
107889606
107315966
107573608
107153494
107796791
106844290
106907428
107306322
107223168
107492137
106817554
106873835
106612716
107638438
107521729
106883938
106991919
107264364
106902760
106809444
107281028
106925573
107652996
107048361
107253166
107103915
106906929
106531814
107580746
107610186
107800541
106467692
107110283
106378106
106486716
108201358
107586866
107450366
106458280
107900565
106920048
106497798
107817352
106666611
108134644
107047426
106693563
108054001
106579417
106775828
106659228
107871665
107555200
107211980
106458964
106558904
106974864
106846024
108039933
107107213
109104387
107704748
107069335
106910098
106897472
107722432
108082525
106769552
107338557
106810595
107831977
106845109
107314494
107479083
108902659
107313849
107267402
107113239
106823529
107486589
107527198
107025316
106549306
106694466
106991779
106566242
107502102
107678895
107332107
106994395
107160409
106255621
106386433
106735564
106798804
106991394
107329890
106575740
107948980
106964253
108256889
107879205
107392129
107995855
107171866
106876633
106952236
106756639
107454733
107907619
106944694
106606695
107115103
107917039
107084943
107939085
107284647
107253645
156278764
156857567
107275716
107053909
107230232
107620737
107585713
106828100
108409256
107856940
107577790
106810607
108146243
107397723
106846642
106932369
107300547
107598629
107405550
106808675
107515213
106622589
106913134
107271884
107058453
108112050
107823592
107231834
107518343
107152499
107047277
107168558
106630985
107709286
107440263
107254176
106921030
107208839
106706606
106283825
107251785
107944557
108332846
108171228
107414868
106550542
106219843
106947270
106928457
107350172
107751027
106626395
108735886
106960658
106437976
108626693
108579127
108325219
107268373
107692894
107542248
106794166
108803498
107365791
106833769
107615348
107884040
108424264
107857891
106824041
106855296
108645343
106654103
106847419
107063097
108028643
106335805
106790457
106570208
106665380
106885196
107840370
106584716
106865990
106982132
107449964
107069144
108007718
107210164
107007683
107119581
108113626
107215687
107788456
106779744
107122216
106484380
107267593
107326758
106960569
106916217
106747708
107386178
107117778
106660907
106841360
106264211
106917084
107130832
107460608
107121630
107569867
106547696
106235923
106631496
106786601
107388676
107062921
107752932
106643289
106568616
106888345
107761817
107191924
108111472
108435210
107648386
107860043
107795509
107631653
106577930
107456395
106424796
107503233
107962419
106577995
106706158
107518232
107377588
106927773
107287175
107651977
106647007
106518056
106452605
106456037
106945896
106863571
107658303
107335469
107374255
107087132
106843361
106853841
106808377
106053311
107167058
106554772
106425509
107570664
106499570
107923251
106490882
107163352
106940028
107478553
107126727
107669752
107265717
107828030
107699730
107281044
107138481
108129632
107160690
107296417
106676624
106842664
106947155
106920824
107604137
106907344
106897147
107949039
107705909
107116513
107660646
107856931
106721660
107744058
107733811
107609125
106929689
107311374
106892594
108421188
108176170
108605700
106630001
106202352
106735414
107311701
106519460
107190956
108018334
107035320
106757095
107135315
106750811
106470479
107046927
106387912
107151845
107655025
106862351
106800308
106833671
107692970
107956477
107418361
107258522
107358961
107562470
107679599
106901057
107351210
107550829
107602285
108273845
106992510
107171583
107474732
106568481
107446513
108721144
107455128
107206717
106973708
106759139
107323369
107106541
106357567
106903280
106577738
107591278
106026446
107547047
106757102
107546969
107853343
106362712
106906851
107308607
106786636
106870681
107235515
107732982
106601762
107220010
107376407
107628286
106591959
107707612
106383351
107155139
107603878
106922792
107911777
106650980
106846942
106535951
106901219
106916311
107109265
107117828
107072328
106706581
107202020
106922955
106735064
107513113
108070213
107915725
106892955
107334466
107142435
107325541
107342132
106610561
107163903
107725392
106832973
106872849
107756889
107014676
107496602
106694705
106729477
106935373
108112547
108354049
108577685
106714245
107616650
107501588
107616363
106702361
107514085
106704789
107877292
106657379
106964156
108484405
108133234
106989927
106123281
106673580
106251214
107321294
107133570
107049888
107966910
106728508
107225612
106762734
107494450
108023843
107458226
107228487
107855132
108007980
107515048
106927279
107608407
106797466
107392385
106645636
106431741
106304965
106892284
107156233
109203904
106627895
107553434
106462616
107320625
106601380
107179283
106651441
107221462
107357357
107250875
107593828
106581328
106154985
106621465
107755715
106554405
106707809
106759789
106628085
107003950
108714422
107477527
106104774
107741171
106742456
107377668
107553315
107187288
107113786
107292101
107345111
107512238
108180475
106447013
107025597
106635353
106890390
107410460
107431041
108104338
106528806
108665310
107272989
106659929
106755806
107265280
107176291
106885834
106552599
107470199
108266976
107668542
106805689
106857047
107494088
107360011
106770875
107406485
107121569
107027290
107188799
106393814
107382065
108907178
106936250
107362561
106296542
106427622
107935036
106455906
107589585
109228536
106879456
107201125
106403236
106379709
107787661
107533580
106872815
106862617
106585392
107662509
107723657
106589792
107292607
108351602
107188887
106062564
106923332
107571392
107807632
107503228
107644053
106947017
106621033
106897958
106961652
106319783
107044024
107493813
107146277
106911176
106873196
107216755
107188332
107458188
106433511
106153125
107712536
108019266
107879765
107461314
107459641
107169613
108409424
106899203
106613246
107046465
107704243
106429140
106941598
106918555
110265489
106957739
106768319
107892168
108468066
107301055
107365190
108034043
106668634
107718742
107536392
106432774
107189426
109076443
108047861
107139510
106324677
106507377
106648117
107386104
106591625
107278902
107191575
107938557
107754724
108117211
106454826
107638371
106669457
107578694
106752591
107337257
106763370
106737005
108377396
107307502
107904839
106901493
107414083
107321854
107223987
107987936
106817822
108020879
107707615
107825837
106429076
108366386
106847229
108417387
108331657
106722906
107111875
107639840
107983873
107130179
107323941
107859673
107653926
107114738
107804072
107884928
106993278
107243368
107162251
107437963
108202746
107130765
107383309
108189203
107033110
106532765
106924043
107118017
107277448
107806346
107570306
107374723
107142970
107894777
108064497
107586969
106882460
106704969
107692330
107956689
107228328
107064718
107487147
106705479
107978680
107103765
106661871
107231595
109232793
107081220
107205137
107627892
107216497
107051815
107117068
106850382
106767191
107404294
107688083
106803201
106564997
106823945
107972890
107810068
108124553
106690138
108415139
107393894
106926851
108001805
107179462
107415374
107510641
107353150
108079054
108115008
106761814
107935668
106379856
107381644
107190153
106918581
106869493
106917546
106717097
106559431
107136898
107569207
107874017
107482580
106510300
108446880
107724669
107257914
107897606
107297258
107026142
107868654
106890293
106866660
107115513
106755403
106802569
107132360
107395898
107093753
106235781
107722899
106920624
107370121
106857015
106774834
107265587
106487371
108391875
107110331
106710552
106478620
107145831
106700122
107254455
106614546
106380766
107477801
107640088
108974096
106856828
107377033
107280377
107887090
107692651
107331634
108305626
108429528
107135811
108161566
107886230
107069362
106886079
106654657
107071963
108015780
107368732
106914455
106110949
106566212
107228164
107680926
106657974
108199494
106657920
107871973
106717943
107115260
106711913
107127062
106545214
106374336
106735141
106671695
106354123
106899513
107357366
106807162
107048296
107136901
107138326
107055967
107212520
106436994
107651224
107149129
106552636
106982334
107431531
107487574
108080408
106785740
107685416
107823185
107951877
106942285
108538314
106740694
107730511
107282981
107122165
107168285
106977070
107751276
106883962
107081068
106922995
106366010
108512166
106329938
107377365
107678896
107197757
107348292
106257705
106998465
107959091
107901378
107498435
106535027
106964369
107713294
106494300
107741424
107253684
106506795
107312583
106080600
106991157
106895680
107594403
107257997
107480619
107521702
107947289
107858522
108145090
107549028
106730468
107673205
107250099
106367716
106983774
106610726
107349684
107186849
107317219
106999221
106331796
107650362
107308261
106505713
107739711
106823369
106704291
106663247
107382062
107516566
106730889
106271974
108289124
107359215
107198373
107429818
106668763
107054420
107271784
106847429
108320241
107308406
107112354
106862883
106478978
107499204
107592282
106267455
107105478
107333167
107790607
107234986
107623027
106470003
107129094
106683461
107508059
106421073
106803874
107891054
106952845
107939135
107010824
107341229
106589447
106544208
106720888
107229645
107401144
107494027
107340089
106706927
107304578
107369188
107248810
107201644
106772947
106708490
107292308
106443839
106979164
107240115
106758826
106320780
107902964
107936941
107262663
106931467
107514991
107686016
106287812
107363690
107794310
107874291
107004437
107421209
106581900
107060604
107103339
107296117
106779734
106935605
107179443
106968049
107694124
107041945
107075967
107973417
107677663
106863079
107112086
107657141
107527114
107002068
106537942
106775482
107646463
106933475
106324660
107489036
107202138
108313530
106739975
106400301
106564291
106815582
107329674
107102130
107545849
107454211
106601329
107365793
106573827
107089603
106961959
106694415
108176577
106968390
108110651
106187953
106972655
107486892
107438984
107346720
107453632
106651090
107160873
108186990
106734838
108438034
106491654
107378971
107229220
107096360
107258657
108026996
107212696
107751865
107758583
107368244
107092882
107680086
106814125
106996286
107735037
106951842
107101833
107029826
106914329
106780617
107941514
107129220
107749314
107528850
107156944
107136751
107242814
107628315
107094148
107086706
106498415
106924093
106820813
107648599
107479379
107587965
108239618
107087499
106656369
107512027
107637746
106934175
109815533
107506991
107107390
106478515
107222194
106804250
107736305
107702368
107662186
108217699
107249709
107359636
107220921
106921749
106750460
107796981
106529001
108179500
107458159
106289825
106905490
107782914
107680960
108310846
107092545
106988684
107672121
107963905
107172353
106765288
106755144
106293764
107219766
107888995
108070978
106754422
107308491
107585167
106706937
108443091
106442191
106900039
106702273
108294775
107894480
107356133
107595942
107889076
106618210
107136610
106645711
107336044
107173638
108370772
107322137
107030714
106880443
106991184
106754697
106303381
107441188
108155838
106384377
107505139
106431682
107004183
107510871
107501639
106990379
108360264
107986264
106842558
107167572
108417400
107159450
107182201
106956579
107181866
106717456
106863305
106431410
106929991
107510677
107962869
106844997
106334012
107543261
107592006
107281732
108155357
106860664
107242501
107447887
106581282
106877802
107814538
107351859
107315877
107536573
108516526
107073640
107249123
106986416
106501833
106663075
106446411
107144653
107129666
107637342
107819770
105976424
107104492
107138297
107322469
106478371
106827924
106920734
107808232
107908562
106875782
108004703
107663308
107324148
107059462
106989668
106499900
107016298
106752372
107051802
107310408
106579329
108493719
106552153
108441622
107548694
106908202
107150674
107615226
106842544
108531962
108022072
108279417
106676566
106501709
107622179
106740720
107918325
107573740
107511091
107697747
107315297
107025635
107663577
108007289
107604362
108833781
107768028
106525542
106522739
106591291
107621563
107388956
106569812
106917805
106614654
107101767
107185687
106981953
107129477
106963630
106428512
106496921
107120701
106766602
106643671
106521339
107891560
107406367
107121017
107412906
107048145
106780091
106302341
106470582
106544922
106351009
107262790
106587523
106099563
108811415
107721630
107818806
106975407
108177391
106295974
107210162
106478770
106231913
107445809
107059904
107209651
106623711
106970206
107265668
107454305
106684332
107265269
107924493
108026435
107507391
107474795
106621483
106585127
106879698
107158325
108040117
107616045
107122566
106853285
107710622
106834618
107027020
106931902
107856512
107179585
108026852
107770916
107461249
107371864
107536987
106770114
106691099
107566632
106825202
107066594
106650605
107478101
106135641
106893749
108127471
106799411
107434001
107073487
107342709
107515152
106324567
107383122
107657311
107260546
106715612
106384197
106708103
107034528
107997644
107111407
106617593
107568275
106580080
107710486
107197403
106491767
106451335
107681121
106646297
106864086
107003459
107878392
106784107
106983599
108523206
106679637
108210707
108721553
107214345
108012873
106609126
106937317
107315082
109362690
106484010
107822073
109021999
106539335
107321491
107275510
107070506
107257410
106893420
107167706
107569714
107294269
107879815
106336857
107258510
107855714
106195024
109108260
106572509
106923679
106868851
106861820
107115678
106324835
107086504
106674138
107689841
108451561
106826445
107646115
106377055
107018098
107474748
107465126
108334779
107607872
107494263
107502091
106685414
106424368
106799545
107417631
106906932
106407700
106681414
106908054
107293989
107100570
108193781
106862211
107644897
108395650
107274465
107300047
107314994
106963963
106858712
106329004
108577449
106302743
107835733
106722834
108598006
107799004
107249660
106447165
106906532
107957469
107132335
107160817
106843460
107027288
108259434
107762571
107498559
106422551
106671431
108571405
107331970
106804765
107600517
108260532
107915089
107706400
107741199
106863269
106827577
107935982
106800419
107347688
106859799
107401709
108244357
107097624
107121531
106946615
107390178
107348997
108706200
107922278
106945966
107275736
107265044
106851122
106552741
107182180
107037164
107244847
107367626
106700071
108083957
106582787
107140704
107128889
107616340
107852583
107295840
107686184
107290051
108117768
107596756
107298724
107362463
106981719
107848433
106367787
106900489
107238036
107842982
106641761
106805718
107773854
107821958
107630960
107148521
106595889
107083981
107210720
106996911
106373457
107624449
106874201
107316856
107077224
106816970
107294249
106498489
107490562
107962608
107478137
106758819
106465237
106192504
106577298
106830194
106802920
106765416
106383066
107499125
107153190
106546097
107096322
107295414
107859828
106707613
106834665
107989439
107313676
106362911
107993506
106852278
106581841
107078120
108230046
107323263
107149550
106591654
107230996
107448997
107034664
107721981
106629675
107169817
106433722
107027535
106672224
107002845
106861536
107803869
106742187
107079960
106436322
107697845
106997493
106395409
106679381
107066841
107813124
107767438
107448522
107803610
108024649
107977402
107464332
107529109
107801398
107862978
106718653
106830456
106302587
107887532
107073330
107400824
107366517
106882818
108093257
106812826
107797049
107098440
106667137
106590331
106463764
106689052
107628463
106342382
107412247
107931069
107331030
107588825
106947453
107367703
107819234
107180994
106991003
107386097
107461013
106770536
107582367
106764863
107466402
107311365
106459021
107193855
107825731
107251486
107547306
107750566
107031525
106916732
107252082
106576925
106368776
107555672
106866340
107272480
107214884
107508462
107113383
107204946
107292053
107405091
107699202
106945637
107325815
107298865
107406597
108823849
106976131
107062259
107787511
106621035
107029976
106572059
107019250
107723288
107233657
107318027
108095133
106789557
106640537
108090985
107451827
106885697
107948783
108385053
106913469
107321778
106146749
106819401
106868925
107575024
106302037
107400616
107940346
106736985
106439609
107081982
107235585
108047828
106428395
106582414
107119759
108000740
107486361
107658688
107158079
107290262
106636037
107174001
106754401
108830584
107588585
107240829
107254334
106706231
107040224
108042467
106949044
106599875
107981944
107407551
107007411
106725202
108945475
107208749
106338884
106874804
106522453
106904434
106833762
107445458
107091040
107709879
107511429
107221846
106942930
106459948
106908576
106839845
106532064
107260157
106484099
106761512
106423162
107265774
110049096
108034920
107387826
106440137
108640781
108432756
107918869
107798365
107940871
106216548
107012737
106726947
107437154
107516538
106951476
106708454
107024819
106119159
106676381
107171687
106733437
107768242
107891089
106878219
107146446
106876915
108506708
106726764
106780887
106975136
107272322
107182065
109075798
106871479
107582576
106752820
107007078
107057659
107878973
107432802
107379132
107762026
107635733
107287786
108688745
106704099
106984458
107571952
108307217
107559593
107954566
106916828
107470806
106192458
107086801
107204148
106655896
107558712
107610786
107009399
107920894
107664300
107398361
107055960
107534419
107244761
108151037
107146690
107605623
107079438
106861678
107772822
107277479
106539574
106771708
106925842
107202305
108199347
106828533
107786953
107301671
107489674
106569929
106401017
107547571
107353366
107112517
107114190
107589074
107527591
107415692
107840615
108117345
108215235
106673495
107465837
106882760
107459164
106562684
108100191
107390370
107860895
106601781
106945634
107673403
106509721
107104836
107611273
107035592
107653006
107519682
107898259
106854761
106872765
107917799
107322576
107885990
107659992
107079334
106865214
108858710
107214792
107091180
106130906
107412696
107199583
107990186
107014863
106995134
108893261
107845193
106973960
106552207
108454927
107035502
107076525
107660802
106527289
108213076
106653551
107388265
108117243
107134766
108256244
106955024
106934395
107520511
107231739
106093527
109233039
107137401
106083481
107727623
108494349
107645532
106747406
107875298
107080741
107036783
106956699
108707732
106801301
106584312
106992517
107586958
107475810
107283151
107416717
107774974
107247839
107391966
107748784
107270043
107796044
106489991
106247466
107459185
107126752
107210230
109451029
106932813
106872506
107177080
107461754
106391968
107272804
106969281
106334837
106742850
105886960
106247742
107986596
108150560
106761965
107719257
108191507
107147874
107757711
107191752
107005564
107083795
106921704
106793153
107162328
107410676
108287853
106958114
107312612
106275193
106937539
107630724
107592158
107118698
108307850
107042842
107106805
106387983
107230722
107655757
108461485
107641139
107373472
106573855
107634866
107900129
107691782
108408674
106975483
107752529
107155255
107003323
107718693
107517527
107173418
106895848
107070332
107165466
106948395
108103371
106694263
108217913
107180397
107144408
106774805
107666592
107528367
107516031
106930652
107397256
107042532
106542577
107432836
106214211
106459768
107227319
107072072
106640783
107216793
106991820
106588473
108180955
106931490
106867057
107571270
107721506
107024221
107540356
107355750
107360595
106243054
108049394
106998282
106952408
107415517
106780113
106596200
107155956
107332686
107269430
106878238
108760309
110263997
106840464
106601111
107982332
106712281
107068475
107837002
106904758
107726174
107684262
107973675
109130361
106938217
106850548
107550687
108374581
106357530
106706114
107273980
106357733
106581650
106414362
106649743
107673368
107525918
107568220
106553551
106726277
108408253
107919378
108651161
107484245
107435852
107903228
106947179
106259149
107586217
106922694
106849986
106990780
106693366
107387332
107605611
108310710
106348039
108128066
107073290
107642848
107118466
107393647
106242554
106726125
106362694
106453388
107455632
107023427
107548222
106954485
107322368
108384670
107074759
107896941
107602065
107019576
106771352
106689905
106228359
106918876
108125225
108070131
107523640
107391362
107352943
106504648
108050721
107365319
106907998
108334246
107827516
107964284
106278884
106886898
107876014
106937603
106838854
107745847
106950288
107786722
107930993
107772365
107102332
107044908
107553983
106850812
107291509
107179533
108454323
107377125
106977861
106401270
108036179
106991529
107149602
107126810
106268698
106600217
106009933
106581827
107079323
107452231
107360917
106531775
107115495
106750904
108288722
107579858
107858201
108029439
106944310
108117678
106994987
106698180
107403806
106461084
107008525
106525805
107139282
106392237
106415897
106640171
106585122
107682603
106952907
106858581
107403056
107253452
106993355
107579357
107689683
107058367
106494002
107013692
106909042
106976416
106722038
108058225
107358175
106606828
106530587
107789731
106532883
107156067
106329824
106150027
107215702
107239265
106928366
108881856
108517747
107589438
107302043
107079850
106416850
106844959
106920607
106471823
107869333
107740779
107870449
107621965
107350427
108216125
107781177
107580535
106567936
107030186
106516160
107665313
106613539
106655236
107093630
107423589
106318170
107111392
106695095
107645994
107575516
106948945
106810620
107321047
107416643
107498662
107286521
107707107
106641332
107639613
107761016
108381999
107427098
107077808
107678852
106667391
107588685
107486714
107086257
107736321
107724364
106657299
106598048
107204395
107682990
106680359
106914715
106591241
107477836
107891080
107189417
108253330
107481134
106975290
107262263
106885155
107202542
107588878
107796700
107838097
108151220
107295824
107888037
108229459
106467895
107050063
107607480
107377765
106982340
107371369
107307038
106797100
107310764
106748732
106624475
106690786
107401981
107153107
107366683
108015035
108038146
107905901
107480330
106707769
107143302
106522656
107067139
106865595
107130728
107316967
108127107
106661924
107993909
106565858
108782176
107668708
107715279
106774338
106525912
106712568
106707328
106837578
107359033
107153237
106892800
107549502
106748518
107089556
108628966
107829332
107259153
107240457
107472203
108245737
107082138
106715757
107612864
107215714
107435556
107099190
108250218
106607874
106889077
106209633
107194366
107266497
107498295
106354530
107923580
106993743
106997909
108757755
107674154
107039530
107840793
106923657
107636575
108071229
107126362
108342085
106300439
107143523
107291630
106920045
107800241
107212386
106490112
108257800
106729886
106655831
106666992
106544978
107388844
107183003
107134700
106733026
107812320
106371039
106900070
106474721
107622630
107596442
107826055
107536800
107693131
107709845
106863337
107229597
106709651
106769333
107157763
106610987
106982040
107225909
106758390
107081284
108737589
107974645
107567827
107281273
106801019
107358614
107312960
108002851
107251080
107275888
106614566
106869324
107504689
106643703
106962990
107087341
106616329
107105933
106611819
107416468
106624211
107143389
107099571
106501217
106663266
106898937
107146041
108218545
107730155
107534477
106433580
108148066
106922330
106756995
106978450
106424267
107234236
106264548
106824040
106517895
108208092
107705602
106744251
107107426
107901710
106977123
108149237
106891501
107889555
107203090
108061329
108162447
108111839
107441692
107611952
107077425
107528292
106959355
108172987
107627721
107960018
107807151
107677809
107108145
107414513
107547307
108332786
107488326
107661212
106902820
106347554
108382016
107248811
106957191
108061636
106370876
106549421
107374593
106866011
106469071
106826505
109635931
107333356
107984923
107831298
108300051
107538925
106524409
108202276
108265503
108744105
107932244
108455898
107036317
107811151
107457761
107972831
108938867
107666555
107673931
108072400
107899597
152650116
108475116
108250586
109574852
107276460
106619169
107557569
107568498
107426705
107390566
107043911
106497770
107538660
107148234
107164688
106871140
107950809
107797448
106702240
106795400
106772794
107588485
107334852
107465633
108085531
108701758
108035003
106856525
108111618
107268239
107970213
107625764
106591135
107596750
106505404
106273261
107894540
107513774
107161199
108143430
107113469
107555961
107101709
108211911
107405847
106790714
107976664
106184305
106962333
106329120
108738199
107254852
140686137
107271387
106987212
107675180
107946899
107890175
107383728
107275952
108011881
108356453
108320429
107992712
106755308
108176946
106694612
106480300
106524597
107297403
106717045
106418115
106527780
107108792
107191813
107606684
107104730
107129183
106751179
107683451
107476643
107776624
107521368
108025872
106658171
107092366
107236245
107153428
106739444
107428970
107085565
108350045
107622807
107545012
107194135
107078607
107937987
106798115
108153796
107174827
107158612
108167658
108001392
107351245
107520889
109922765
106509019
107002647
106140983
107072212
106837236
107318793
107721957
106992625
107660610
108001927
107546817
107529387
108198999
106731495
107179761
107576020
106938004
106964720
107226230
107696547
109121600
107044285
108702416
107040489
107219383
107248993
107088903
107572503
106654385
106861862
107363332
107883707
106437993
107974582
107771262
107395748
107109370
107196127
108761454
107498824
107102314
107536483
107341099
107144656
107300266
108271241
108127792
107480749
106889959
107901597
108072348
106733773
106669938
107501767
108670582
107238952
107620441
108060628
107422008
107048856
106882817
107297971
107022951
107589562
108718599
107585514
108295157
107501559
106897780
107460948
106629416
107843495
107427124
106576124
107062961
108165741
107534147
108244048
108115185
106997901
107800695
107010924
106695870
106544368
106735204
107772262
107323490
107851689
106596746
107796429
107704125
106857465
107854849
107133708
108390700
107683501
106609127
107736203
107045062
108050877
107374411
108179369
107978503
106880279
108723821
107811217
108143400
107233220
107415604
107410683
106607472
107302397
106835372
107116648
107006989
107131223
107385593
106866131
108235154
107694868
106569230
107023240
107416145
106723715
107410215
107734297
107757970
107505057
107284934
106965960
108168183
107762165
107039031
107609243
107604304
107407914
107140037
107641413
106981912
108135526
107247582
107446389
107934007
108243795
106922189
106649768
107289588
106858351
108000287
107505283
106824354
106924434
107375957
107389921
107485279
106738749
107200637
108330554
107494172
106660052
107145684
107112542
107319085
107930158
108041364
107355368
106771009
107131868
107550762
107193885
107098684
107316295
106483173
107538836
106709596
107704552
106519035
107683250
106855569
106839179
107992917
108073369
107721217
107594002
107473990
107670907
107278761
107337149
107277812
107138203
106892863
107183973
107334822
108245629
106692401
107116672
106941358
107991766
106880171
108082303
107436134
107742542
107169984
107874973
108755895
107317306
108014316
107171817
108330198
107191312
106809137
107805059
106654193
107488314
106995793
106874943
107309924
108063428
106830163
106771279
107987951
107571599
107408700
107291043
107077307
108651920
107454768
107749308
107142682
107141597
107545329
108512681
107146698
107998061
107502191
107346005
107778254
107325071
106880810
107485805
108168256
107706492
106362870
107751877
106858606
107235395
107934878
106566724
106518925
107398398
108947996
106346008
108830777
106494682
107567803
107470695
106693283
107318164
107389137
108147677
108388997
107146216
107124629
107852848
107566943
107825435
107597340
107939325
107479172
107299288
107526135
106672935
107671005
107073219
106703692
107968571
108892667
108054815
106568188
107324585
107399336
107411349
106378692
106478684
107768223
107064305
107453930
107567336
108851940
108119497
106446717
108160131
106520978
108015133
107271697
107883279
108126013
108327838
107935571
109263033
107908083
106263989
107282732
107151168
106797203
106486550
107744501
106648262
108441729
107725188
106854502
107833475
106430834
107888815
108198525
107531967
107512008
106883706
108061256
107613285
106623009
107369473
106462779
107381278
106734868
107413414
107532806
107956115
106645442
107726212
107142782
106743257
107654090
106888050
107186153
107665070
106632640
107403236
107252874
107276622
107227310
106885426
106564883
107235421
107924853
108061974
107472009
107149853
107229204
109601413
107198427
107965702
106916216
107746187
106270280
107187533
107770709
106908827
107507255
108703257
107083710
106791735
107016362
108063505
107162517
107521991
108493765
107731380
107946358
107634261
108078429
110380373
107018824
107110763
107316644
108197315
107944867
108145115
107742529
109004393
107703104
107039058
107202674
108299816
106344934
107386788
106906955
107106611
106202279
106878702
107505166
107421831
107582669
106243918
107414220
107058764
107232813
107933888
106923135
107685059
107664144
107472993
106971186
107570876
107183036
106847498
108229856
107590975
107606702
107824182
107591409
106804457
108221587
107933645
107654849
107465932
108093262
109267788
107001992
106642685
107673021
108003372
107076930
108020088
107631254
107175896
107328736
107628492
107277978
107026514
107589745
108044156
108189153
107946954
106996032
107332761
107326442
108141986
107005595
107532095
107247737
108210926
106445288
107699654
107903027
108378317
108009677
107240761
107651086
107182563
106726136
108421990
108303552
107003752
107501727
107089082
106536691
106936343
106447447
107072824
106318640
107272568
107922827
106672005
107217880
107549255
106818165
106852277
107213146
106867314
106566469
107378799
106802818
107759036
106702780
107752288
107045090
107817922
107937059
109415814
106909553
107279998
106567200
108652713
107965857
106670004
106913265
108215929
107383405
107496970
107295493
108399961
130410611
108496659
107228367
106699254
107265810
106852810
107134133
107317713
107541349
107389859
107590622
107094111
108079499
107024831
106822784
