547106427
490868327
498638196
469936980
452079980
465504586
462330670
507696942
496141981
464172110
445197370
476203456
445038148
446950407
473689733
444192419
444096536
490415344
491266764
493180802
469914567
454388205
443462050
443826433
445708597
443634813
454604400
444175035
444408070
447968043
443541581
456931057
442923670
444157323
442547034
444705915
445286396
445424840
444298111
444677841
445865211
446110378
453316271
476600352
444539175
471647859
458762386
445474267
443435887
444798762
442706924
444647772
447754524
446049956
443252044
447497449
446809030
447799662
444354305
442876866
449309576
444134569
445189126
444783009
447704032
444704402
445477627
442970661
445313001
445466168
444532049
442324674
443848838
448845907
444301877
445717791
444088852
442899637
443636540
443937855
443410819
442515143
443245224
443927803
444636178
443964080
445055059
444549392
447879379
445246230
443582432
444443214
444833655
446102241
444979204
445930150
443131908
446458301
445150438
445297149
445564202
443525470
442197068
444440482
445405013
444484986
444108071
444178560
444798352
445865367
443672889
445771369
444017010
445083216
443143169
445614894
443559631
444034485
441625802
446901594
445500962
443869288
447109466
444808358
443969381
446001120
445642585
444445937
447192820
443200085
445080382
444693602
444616967
442093718
443014371
446267812
444031994
447252981
443887058
444033319
442220911
443909502
442491046
444372557
443938799
446531524
449175891
445148689
444167320
443960133
444397942
443701465
445913220
446802637
446195573
442600405
449819784
445172752
445069855
444608644
444706421
446025217
442875709
444357223
445316731
443901382
445916058
442675510
441910890
444191026
445914345
445079230
444739899
445171563
444137381
444695926
444538663
445367480
448582793
445178553
444713138
444610918
443475508
444016855
443233454
445111889
443585856
447004774
444533491
445026060
442679448
443953170
443427202
444787195
445173320
443823189
447021452
445265708
445144220
444081102
444678015
443940704
444924277
443325959
442447574
445400465
445301408
445141169
445368018
444216511
445571546
443995401
447623238
445369055
445839629
444892106
447203245
443018604
443102465
444185053
446396120
448099113
444793301
444245801
446521687
446111624
444555840
447580741
445018551
443659976
446156103
446477381
443775016
445224329
445501324
444795910
444228864
444306224
443902466
443938222
445472288
444989182
446475069
445304340
445107736
444389098
447177010
443361883
446666887
443947547
445526489
443799941
444723194
444556281
444744286
445621078
445317666
448420458
444433620
444942822
443364723
442705083
441567060
444161463
445902886
442819003
444092144
446377461
445902131
443169066
444914585
442936403
444430105
443966672
456221913
456884997
458426035
447323021
443641117
444039267
445092718
443621873
445086032
445201329
444798949
444029144
442500970
445071272
445761072
446079060
444153649
445458983
444980298
445162708
444390032
444358804
444117006
443561163
446470891
444609282
443544303
442804557
442949319
443529747
443791388
445300749
444868294
443873771
444161004
443439707
444929001
448391200
444195879
445240901
444086923
445316759
445122183
442857822
446425026
443545015
447540094
448559255
441683434
441587947
446051277
446162068
444451831
445851623
446517797
446339998
444157306
446841963
443265182
446327596
443433191
444134718
442991437
443141833
443775918
443817049
443338696
444518689
443494923
444290540
445721861
444327851
443110731
445145693
443677537
445395511
444121826
447153357
445118773
444239960
446935544
444789951
445370265
443401746
445036822
445780146
444195911
444825569
445995455
442859952
444081115
448217023
444729844
445673179
441641712
443931473
443823155
447215330
443463317
444682351
445221709
446812557
442824863
444396461
445002096
445795680
452944614
455258943
456527763
446166968
443982222
443979437
444370826
446031705
443316850
444960559
447798484
442042397
446517342
443397705
443969090
444515503
445699877
444131120
444835278
442919994
445035669
444998921
445010504
446844806
444880294
447576944
442088391
446101278
445787676
445549791
444119282
445398452
443873359
445808793
443090516
444682741
447399201
445679308
444033213
444598298
446688163
444477152
443421712
443435553
445120769
444388832
445070820
443840217
442214171
444109038
443254334
444557285
445030621
445440539
444211543
445743538
445907867
446433190
446050141
445048219
443947072
443204971
445037714
445005805
445522891
445381944
444104657
445441570
442167333
444135452
446130909
443481006
443296894
443607301
444649288
447130947
441631034
443611702
444967302
445772969
444752014
443362425
446549443
444462688
444896075
446732297
444052377
445012316
445424666
445359735
445301156
443994837
446546868
442854768
446430035
445547812
444054155
444690461
444667466
442920747
443176873
445639649
444713134
443631575
443957653
442612671
445508174
445072963
445096500
443916475
444142492
448709515
443101378
443124649
445004588
445198284
446282996
444926115
445131131
443818325
442929841
444433356
445932509
444300568
444142032
442909513
446293124
445653595
445869174
442431127
446191235
445221206
445103185
443094122
445354178
445641452
444001322
444244990
443375502
443033891
443959722
445642351
444504776
445101824
443901802
443871259
444972384
444535308
446071291
444541995
442657820
443752369
445138694
442795429
442756421
443419726
447592659
443448623
445452216
446106627
444434001
445429992
443200099
445602808
445769470
444969162
444284458
445332946
442050737
444199458
445345289
443503558
445474107
444573306
442033795
444718126
445469491
444838885
445467222
446381452
443413617
444873832
444953520
443306936
443262105
444320784
444086996
445728431
445015093
444817237
443550787
444185794
445108729
444443749
445671758
445666241
446328740
448903495
443868694
442851083
442832311
445393532
445971841
443623221
442300353
443897993
443428056
443930562
445877818
443264650
444992367
443220557
443573113
444154760
446150421
442804207
442898130
445162985
446025445
444577578
444715838
443443097
443166603
445753323
445901669
444826010
443016117
443240006
446288187
444297213
443492732
444513973
444966773
443409857
443228016
450050425
444379351
445209735
444944377
444077116
445530799
445388964
443654619
446670158
444447547
443978547
443532451
444534190
444963891
445114153
445619603
443706814
443622936
444276867
443053963
442699900
449145017
444377883
444028783
442899535
444332374
444242031
444307673
443473354
442300705
443321651
444186816
441831891
445769616
446659707
444444242
442727356
445849030
442946802
443570379
442829566
444939282
446341284
444482178
444678891
443599734
445025616
444880862
445528398
445836006
443846039
443539111
443893835
443496741
447204462
446529529
446602741
444023867
443887052
446806220
444697590
442106308
444699362
442619096
444088593
443464219
444766638
443604118
445158544
446067166
443441761
445057616
445964802
443637336
443397798
444251372
443250806
444518420
445581632
444512791
445622820
445176227
445613328
445702162
445423105
445750879
442720689
444027307
444886664
443400456
444633727
441388261
442894212
444385048
444172393
445748717
443656881
445486293
443081976
442864814
444256253
444141730
444507763
443513435
445635535
445959711
447045539
443959410
444130120
446487837
448754928
444591534
445259854
449774290
447554771
444490248
445164003
447256601
443146544
443581732
444411319
444212791
448768143
445143488
445413950
442966864
445084406
443844111
444945777
444137467
442409154
444892810
443598595
445518848
444583669
444200752
444055695
444641470
444036162
444700041
443478017
444416737
445219438
446109737
444609456
445388087
442171566
445877622
446496251
443860289
446355201
442556432
447545103
446615812
446349883
445764955
443177021
442592993
443704369
447944439
445437241
445872267
446787838
445665294
443945253
443771863
446193541
446275676
445474608
444252795
445604585
446947634
443941046
442593146
444548669
442777347
441054625
443100948
445328671
444706890
442635268
442516124
444127883
444761977
444601857
443901340
445352110
443754931
443756859
448743591
443089247
444721065
442970652
443060565
444578571
445151222
445844238
444732506
443459962
446149169
444909200
446263933
442914298
445711053
443126927
443207786
444629275
444932141
444972374
445228928
446405079
443755645
445710302
445287159
444742024
441722808
446691684
444852690
447493667
444184860
446393065
444754206
443761261
445447896
445026312
445226239
445500341
443397403
444895266
443738725
447802206
445530992
442500061
444233821
442837348
445494306
444317910
444252894
444966046
445370420
443554042
443735532
445199268
444614219
442686777
443735803
445827814
444921549
442449443
446254285
444547862
444049175
442035396
443190845
442368227
445592996
446894849
445804500
445697674
444128751
444762189
444715217
446286573
445384115
445852414
443312401
444114484
445709414
443730534
445580787
442040874
444206163
444991957
444088021
445121985
444397650
446270636
444177729
443114720
443354017
444309096
446761841
444908462
444778723
445360694
446500278
446591222
445548845
442410849
445396416
443810309
444239610
443689726
445062192
446503305
445436898
445508016
442262829
443816268
446113034
442875114
446934496
446496352
442482744
444038054
444816366
446183338
443052109
446751939
443676271
444032171
447758050
443603778
443255092
444445211
441329802
444911327
443931527
443663813
444422088
443493440
443591875
445311881
443004082
446191859
444447696
446125102
445387073
444741151
443870174
444055689
444400334
443732958
444144997
445424004
445323518
443452708
445448118
445951438
444971095
445924583
444864496
443938051
444604681
443574171
444029438
444640316
444786645
444155451
445456726
446351283
446062423
446880886
444622816
444914154
446589774
446255611
443156126
444363316
444851020
444802958
446970390
444504877
445999123
445531504
443630942
447428714
443993327
443811503
443834799
447402371
445610221
447599176
443158901
442937267
444516321
443922838
445667848
444040480
445196670
445208759
444753075
444903440
444220312
444939332
445974875
445246135
445617869
445471278
445152025
445196032
444011941
444285424
445083415
443525721
443888896
444506558
443794272
444773595
445459934
444966588
444645327
444351134
446040522
444103742
445978465
444315165
447710706
444262795
443077312
447123564
443082506
444271087
443628152
443242784
442792258
444853021
442535972
444735979
444335884
447604747
444075868
444875901
445375276
444737924
444742053
444946696
446343670
443848799
443582985
447355475
445098513
443783403
444902552
444863155
444249601
444649539
443575717
443851464
447725099
444882069
446231560
442492445
444275992
444586761
445176550
442388926
445873852
447616642
443135036
445536793
445689851
441889002
442089993
444536643
445427634
443724473
444336509
445253408
443432771
445747760
445142198
445515053
446113318
445593575
447430623
444112235
444380827
443610554
442692174
446801960
442546369
443188023
445305786
444794167
444898110
444077572
444042920
443212256
444874731
444643934
443882834
445540283
445721757
442841773
443956225
444572740
445091652
445859224
444644961
443988118
443880345
443987106
445239766
445190231
445259436
445650844
446446590
442589502
444305842
442876492
444062672
443765880
441358238
442114967
443949614
444443560
445050128
443926865
444540543
445722614
443463533
442148941
446055191
443836215
445236961
447112797
443107449
447017623
444410247
443522068
444165708
442872029
445027174
444975489
445125471
445383886
447301115
445287479
444245851
445925481
445725626
447595495
445128065
442864243
442887069
442748644
445412272
444202773
442862496
444467871
446224740
445158481
443777135
443311057
443514464
446421107
445909406
444369919
443512410
447260612
444493294
443486419
443529362
446211363
444839428
445571175
442353003
444853503
444407888
445513903
445668082
442713319
443127462
444157990
444283189
447547670
443812663
444440811
442333483
444212458
442744229
444309074
444826312
443093214
446395517
443506505
443399738
443164296
445858019
443924255
444117580
445695803
444169244
445827835
447195814
444285638
444382650
444574213
443917076
442747850
448920777
447496217
444656061
445088292
444626903
443726465
445646742
444390602
442087224
445483119
442596656
445469454
447115641
442914546
446440752
442862169
442120571
444883005
445486313
443641746
442850855
444114289
444773349
446286518
444439203
442969994
445053598
444433607
444729076
444681354
444302118
446786933
443703379
445120784
442281197
443966104
437304842
426241721
436540223
431782015
433465981
433078716
431126282
433758785
427153447
437568929
428286716
427202428
422663685
430185558
430889075
428770213
426875653
434902809
426496367
422187001
421717321
427895424
431453390
425804830
430175878
429797926
429413325
432515975
430558283
436722542
434569019
426506659
436708801
434201732
431666015
432747670
426011829
429749563
434765214
434519716
432620915
433171739
435253899
425700060
438556692
431859541
431862134
434292214
441479652
433553717
435097470
437536251
436408531
432520314
427442553
430509845
435248533
419022900
434789538
432085373
435647481
431816440
430299694
433228711
434353838
422976589
423261429
424963556
425117986
425402501
432316299
436376364
432024765
430218113
430136801
428606343
431455783
431480669
427908480
430820478
435859115
431090859
431698628
423235831
431681165
425258370
427155671
429756315
431356451
422275641
429703778
433567472
431988484
430550592
432551296
433190596
430343696
434391267
430033830
431876851
432857410
434161726
436413888
432056305
430845020
423772518
422136777
430270836
425853728
431143269
427739231
430907516
427313223
425383972
431012177
431731140
433729685
428946085
431890169
431417173
435901334
430288387
427679838
431814155
434844588
431833630
434289091
431472893
428567751
433448895
427632095
428437347
426155951
424223214
427684509
424617014
436701280
431295489
428271828
435165622
432494466
437271780
432990002
427610355
434947344
427737091
428617409
431366883
434941068
430876585
434353117
431173788
430417571
434216986
433012719
432235579
432634750
430741621
431031961
434588321
428308278
433004910
429940826
432315764
435566686
430054735
431820657
426155922
420827930
423372799
427243228
424778897
431497272
431832021
432819911
424606108
436192889
431199233
431287490
433827772
428132534
426255801
434389042
441910149
433160884
431509051
432357211
430051026
430878790
427724963
431559939
432348818
429672474
423824481
433131585
425690554
433898786
432997668
427287185
434555482
421254367
424036516
428235307
428506396
425222548
427472530
434633869
433839659
435374064
430526663
435252563
432476681
429851104
432394326
433768613
435907543
430777705
431418791
431314648
430506353
433378527
431063569
431943166
430991453
429703453
433978304
431602442
432747978
423765083
433346149
432357067
434322839
433385243
435323526
429014313
430551340
430758706
424839347
427297623
424669409
437709749
436598268
432102835
431960798
429832815
429488137
428632696
432152218
430747416
430798776
429931405
430522655
429604500
434404721
428097318
431115570
432895879
432089954
432575968
431762019
431282264
432150738
421262029
432605530
432004059
431188962
435895651
433957987
435681730
432368132
432439305
438595301
426499031
425680777
422186785
425840535
432031244
427449415
430347884
432069732
431478719
437042600
433881546
432258039
428164835
424309696
433693507
430918798
432022728
432047570
430598236
436772690
434966611
431503152
431265047
431480838
429412949
435448245
433634190
436914225
434498485
431231043
431860793
429159030
432246570
433168462
434504369
427772038
424252486
422403779
432521301
436234199
431390815
432468869
434371215
436789347
437235214
436194567
432472976
431133306
438824027
434036896
429486476
438761829
434206949
433454499
431584389
431086665
425194464
424398192
433815231
435886447
431288309
434590860
429978464
435488709
436436633
426202563
433351658
428850123
435755643
432919472
424695230
424142210
429040570
432365378
428430092
429957380
433574109
431287686
436140636
420595044
427622335
425876289
434343871
433993212
430838397
429647577
424495407
432490306
433417352
428741885
435514581
433074878
430403808
424315142
432788744
433240794
432573595
428136579
430791022
431909299
434086079
433633273
437646712
434157239
423396088
425765374
430697207
434210275
433100237
428848630
432219322
430795513
433620046
430305417
429556502
433086591
428237450
431991999
426763362
428492486
431735865
432992276
429940908
434545841
433780197
425250876
430861470
426851086
432277681
431979522
429509683
431009956
433337881
431063274
437727081
426457236
435634054
432033216
431630736
429649985
430939966
432222909
428217926
430597528
434349402
436043638
430365790
430905947
431417091
428988072
422378130
426602578
426129096
433213974
431141414
431697850
431867566
437417821
434909587
434213084
432690113
430959927
433367234
429519462
429195639
432872283
434729801
430409268
433422554
428713051
432353921
430528787
431351492
417788564
431058399
429633919
427946975
436933573
433263843
433328069
434152447
432607727
432942006
430585966
424761458
429205117
427444172
435474182
431480832
433984987
429003111
436700456
430843165
428910714
428210355
431028546
419890636
422295141
430354460
433106567
435998487
429337041
432932860
432297712
433889757
432369426
429665276
425810381
432272564
425762499
430240447
428833106
433702410
432557783
434407013
435231520
432339010
432356149
439709267
429539597
430652958
431706705
433693455
430961138
431648034
434116938
432547608
431257015
431591778
430866763
422539665
432646214
430528900
434570461
432148469
434482663
431881990
434785473
429587081
434181630
429230796
431604853
425426144
435052114
431138087
429615192
428547190
436148701
433437106
428693287
432399190
432333674
436758213
433477672
432050040
431238593
431309500
431482829
428597980
428704403
430619759
433102567
434781673
429664207
426088015
429314907
428507905
428091006
434556021
426702062
432822692
431006436
431846883
430091512
431646931
431855016
423976526
428077934
429595237
428778874
429528217
433317145
430141838
434971614
433474197
431808558
433986572
429479119
435404141
433759793
430361404
434666023
435493787
433592848
435143515
431625545
434319144
426459334
427795279
438898103
432864763
430850677
430683339
437475309
432425234
429499266
436987729
431032534
431036522
426678638
424175058
434989064
437490614
430619867
422680142
432172470
426721399
432138780
434484165
432065760
432684362
430865552
434393344
428015856
427595154
431651752
432414363
428158077
429340535
427864090
429000610
432563773
429976046
424782594
431789669
432125961
434862341
428926350
435406439
432327091
432820248
430984054
434117835
428639682
428429752
435053227
424022496
430497750
426060882
426970278
428458689
434592400
429169829
431977289
433644256
427989607
435390694
437198531
435972390
432229269
430782995
430964972
429093613
435138066
436249531
436594172
435858683
424724767
436392502
433467034
423565637
428203291
434292980
423756510
424790653
426341297
429470345
432752380
426591315
432375067
431411715
433464097
425868663
431792058
423581534
428551041
433389066
430966670
434883305
433140659
424821914
427553342
432382608
426717162
433031240
428799978
432032112
430727612
433490317
431483375
434345628
430377442
436504755
433391423
435038286
431232972
431755390
433165705
429252088
430578217
432258985
431406214
430837735
432219758
429645711
423372667
432674903
429148907
423754340
426293453
424555813
434982472
436041924
424898973
428077165
426477965
427790547
434459005
435678569
434357785
431252040
434622990
432265111
438650618
431967303
430210543
430006565
435662741
433738554
431872528
431446817
429601180
430295442
432872978
431565819
434972861
432869791
426281700
430757229
429644775
426381969
432820835
433100912
422447442
430156046
433030616
430918703
429687998
432499288
432571887
421656785
428695250
434159688
433314617
430738488
425917017
422515427
426736743
424458648
429991698
423431723
438279140
431957243
434091487
433555548
435813589
430275018
432383245
431864984
433425273
429340928
436042797
436403070
427184828
422514064
423385480
430345663
428472936
428444652
434765391
426193341
422354284
431454277
431233231
435476687
427429986
430146691
434292829
434230346
433316299
428452230
431729025
429182800
431203553
427004537
431145296
431786630
431314328
435395139
429760445
433836991
435477937
435340407
433566477
431866178
429304067
433421482
433972854
431699616
430287058
433851863
434251984
431343042
423036320
429449381
428839416
434410570
428250575
436093544
433892691
434052315
436588696
434363679
425192505
430911452
422580789
431153867
432272693
435967581
425858117
434371610
427189600
430634489
429039093
425601349
428524252
436309254
430053971
431382423
434261885
428548791
433188628
433721057
435101109
428123369
425210388
429618251
427757304
420018057
427089636
435662534
434549817
436592796
432071809
432022400
430690668
428672634
431040127
430666205
433896238
435457779
431372770
428326235
424619708
425256015
429422639
433313167
429532889
435874144
429551690
429447024
431238002
433969610
435204418
429727889
433571258
426167531
429950498
431361717
425720949
423886499
427189239
426397705
428017927
433414844
434149884
432687088
439180142
435301192
424140676
426931535
436699216
432384709
435974179
434196137
431999137
426762779
428692249
436074407
434039682
431808409
438483130
431213367
431950041
432660307
431419031
432057754
430605146
428879220
426988842
426886786
426395149
430403002
435325702
424867987
429589021
422137626
422220854
425782197
426551707
422905726
431711429
432324267
430378019
422308244
434176646
425908092
430738670
433860955
431197033
433012988
432513188
429445228
430344762
429386094
428983813
430676706
429625044
427848852
430925952
428761809
429480520
429379043
421969253
423761763
430272023
431566086
429360888
430997186
429899479
437351784
432508445
423741978
436255708
429589432
426039956
434281378
434279490
431912151
429236499
431697652
427773789
436240072
432301165
429190301
421218008
427020274
435194367
427852844
432098073
429942231
429412414
430924693
429633933
430357894
429395633
429459096
429760514
428356863
425497341
433710759
428279485
429945801
429156442
429723371
429900549
429629815
427041425
431877442
431816607
439697059
427277752
430681966
432738062
428291002
430383889
426557758
428188744
433044428
427830816
428016108
423382786
427898469
434710036
431379694
428051219
429580476
429511817
432319613
430094397
432553988
430149277
430548834
425544274
431597739
431540433
428108973
424725690
424791555
432687583
423580701
426013221
427336491
425305126
436645162
432067960
426193360
432364181
428130859
431029603
431950431
427779373
428380515
430039219
426863477
432193400
428361538
431191710
432325924
427774739
429377145
430164897
425565080
430067063
427102730
429380915
427268065
429983872
436102159
431623883
428519989
432031872
429506819
430634790
428791385
433595118
425877578
431009461
428465069
432588053
437910290
424888021
426189995
435527460
427423549
428863021
429146142
432190232
432578506
433429694
436752225
428464052
432446089
430187613
429167380
438733643
428338671
429312498
427046617
425225877
430556059
423307796
426949147
431258619
431920424
434837508
435389667
426340645
430788006
428111289
429559893
432134404
439169917
436508124
431978843
433457514
430406877
432680364
426465561
430160572
432151705
430141771
434697592
424419718
436845631
430065567
428776274
429255323
426778414
425173272
426910080
429364486
426484656
427329524
432760052
435777613
428026000
432367057
431653957
428918785
428631930
429550322
427382948
430074933
433497180
428390334
427846576
431802623
423259833
430089043
427474258
429636116
436290975
428923463
428534664
431888075
431655926
428429728
433004070
432006891
436575183
430995547
430686164
430822173
430875122
429206184
429543042
427737062
431707164
430415763
434365836
432089479
434366662
433161059
427972642
430439928
429270380
434506631
430294916
431585375
422061732
435007175
431238525
434414896
421319915
430421646
419960851
428420717
430805320
426262349
431678369
426185062
437405080
433447440
430605845
429180653
429470846
429468040
432725044
433680636
430258627
429380883
430794107
422093865
428001770
426912226
432512503
432643819
428370456
425802408
427224083
430732610
431530953
426563560
432471570
432394175
429748741
432688133
432643002
429230029
429153080
429572714
429473741
426485283
432989564
428120684
427254975
422505742
430941694
434809393
433027807
431837968
426551519
430985601
431100331
430607293
426963560
428212717
433263504
427145877
431925467
428486421
427115144
425501208
431070204
430591091
432347803
430088221
432618717
422336818
429227360
426136460
425043894
429773666
426641577
428340356
427947071
428909630
429021445
434027464
426366605
434745992
431768272
430873146
427691486
432659377
434907246
428787670
435577053
429043016
430715254
431705508
432693861
429934009
429535900
427756339
427561804
428897879
431486745
427339576
427949584
427021261
430435980
425641670
433737692
430680228
431834864
430778197
429383980
435353920
434288664
424573616
425539803
431619322
433622232
426748360
430610636
429627585
424155318
426452395
431525642
430073300
430905756
429333285
423491068
429195199
430718144
425678591
431198766
426158414
422838161
425532644
430403870
426861798
425480054
427988680
422774511
432553459
436635221
436787726
432389595
434705982
426671336
421745162
430951354
426950462
432116607
427481013
431412398
425343056
432305262
424884044
427985384
433581128
432346778
429952626
431138665
431160334
428805541
426500433
423614968
429702343
431523708
422611428
428335079
430810612
434931263
429749135
430353189
427843083
426386157
431661445
432084913
429354979
430233902
431753961
432279467
429312414
429101671
427480995
429600391
433756435
427843171
423168658
430614547
430448389
427006745
430444273
430227793
428636819
431030263
432160929
430076380
428647378
429028277
436615289
431374071
429853085
434390773
434323479
427554788
429709860
428927029
428370378
434076189
432877499
428268428
431850062
434582192
428656150
434795169
429272309
430679410
429972567
425456162
428871785
432260577
430950722
432057665
432206992
430976177
432778104
430838772
432781498
427684651
430956928
429878192
428947551
425606981
419777952
435627309
434651676
434487602
431393638
429866982
428979145
430171015
428980093
432637824
430171712
431290075
428725714
429765327
432767495
425303813
434682670
432631141
432401273
430318274
426141675
427128812
428104733
433021910
424131496
431994428
433628202
428013657
427230500
430099158
429955307
427443311
430204479
426300530
427456124
428480063
431166562
431146365
430339288
431852812
430962956
431465201
431179952
428883581
431324878
428584245
430567801
432197336
430384076
431045157
433364622
431237138
432656940
430463820
428902534
425893043
428860292
424067205
427511856
431165542
432548125
432241918
430604538
435046349
427126613
430948081
429823746
431620751
429072726
440107722
432417130
434269278
430868361
432608151
432308050
431387997
426201942
430491175
426471388
430326111
420769830
430188887
427506282
430887346
429942151
433514083
424685745
429040524
430014392
425020755
429310573
428488457
437812732
427181547
427576542
429126595
426010144
433558669
431730746
434173950
432463705
431740499
433735110
430239562
433083240
432157174
432332574
437224828
433682250
434255887
429017474
428603124
428616042
424061771
424728615
436447528
433552683
435581061
439314324
429736087
429174987
432961110
430038236
432428602
434175378
434447775
438834869
435657369
430083456
429807320
430205693
430870901
427381617
428854253
433211350
435320054
432942415
424356569
433932579
428697960
424758909
427594880
430641427
425240747
428749874
425752594
433319281
432618492
429640268
435965675
431826896
428094857
430376462
433620310
434003061
428092155
432422059
435521070
436251835
433476159
428856394
429749724
434765874
435043242
432484755
430654855
429950224
429927984
429873132
429552225
430108502
427859230
437630871
430899945
431107133
435109343
434057601
429959049
429333567
432461553
424762550
427491510
429818917
431098977
434529052
433849723
429292365
433717286
429222311
430908677
427380307
427053636
426317049
432635579
424375208
431724760
433887412
433626056
433171672
431732900
434362199
427142274
423034430
428958561
429774043
424797773
436291133
434509435
434496692
431263967
431024709
429298845
431083058
429444077
429441998
428333864
428820096
423037944
435320499
435802389
429299055
431162721
434844946
427916565
431544357
434337107
435401895
433656283
431632087
430832781
427660436
429874319
428491303
430771300
429907176
428397951
434194732
430997845
432354739
429973426
428445356
429891830
431353534
432368110
430029483
432079729
432923490
430245231
431686391
434956785
433903966
432155842
430640828
424703617
440863458
430300219
429466344
426686522
426175943
425532939
423485384
431682506
427723856
428774502
435519645
430700314
438874893
431396342
427705028
426470965
432393471
431038262
432135835
429338191
426292141
435212829
429312195
429270573
431997167
431711570
433881057
432436156
430588262
427258358
428877056
430522701
436972316
435107203
421120209
424345717
424137113
429636857
430847048
433234659
434471207
428013283
426207223
420596613
435102320
434142775
433313114
436090648
431715906
431668812
429340281
432465705
431900767
431226911
432224417
433017501
434243870
430870454
433016476
433970946
431313966
431441630
433921656
434604474
429109094
430181539
421927369
433110961
431777540
433396474
430589036
430433209
430592055
429704442
430048702
432116430
430083523
430141011
430725672
435389159
432890542
428979619
438966207
432800525
431386771
433029583
433211221
428137916
433302276
425708578
431302499
431736185
434608192
428764913
432292376
430518929
436341264
429903054
431717120
426211920
425868356
425731240
432390845
430082758
431775861
431022923
435510982
431614295
429287338
428229972
432399562
432370213
423904536
430080239
428249474
431368550
430804817
432475324
432705132
433965656
432392573
428123800
427966409
423764875
434677538
433847455
434463425
433896068
431598528
431442149
433142542
432011665
435220376
432467093
431267618
436850619
432838389
429988848
430070953
431398802
428850155
426778835
429372530
433524729
428895122
427287093
421620038
427123315
432109174
436278699
434765058
434150830
434809293
433573060
430458602
430963480
429372859
432138144
434418079
436067669
431845546
432712248
431932285
434322468
433724178
430474718
430985331
430455107
435803005
426061073
434237672
432737008
427293792
429195820
429017579
432468921
426486242
430893759
433654238
431156608
426238976
426352846
430557881
432053308
430121038
430847390
429789125
432629334
433488903
430638465
432840565
429778949
428332849
433358798
431590588
431727701
432588441
429922652
431674757
428832642
434507298
434389752
432528674
430382110
428692207
432590530
431351397
434547697
433102263
431346426
429733384
429727824
434193442
433893142
432135215
432947142
431325995
429992607
431473750
435394199
430293939
425076694
431379834
434047568
431834917
429200918
424651099
436817228
426649422
429103860
432298339
430048985
430875563
425943297
425917195
424150299
431633713
427078452
436024655
431963275
430919323
429864753
434722311
431048116
431337068
429187922
428411056
435375339
430848095
430895832
431688078
433245693
429490143
431522854
433108697
430628838
433889409
427686805
429891616
427409154
423901537
434257242
432483058
427702002
433466952
431892295
433479175
428523370
432346555
434187782
433622308
431638686
430795381
433279134
429149994
428815698
428191092
426969616
431035931
430500795
432499328
430212422
429185172
426380503
432569800
431646374
435794668
432091516
434699410
432832985
431381380
430561927
430562396
429671254
437855047
437498430
429924956
428218031
433782734
427242178
424447555
428002667
430724947
430515173
428743825
427211068
432775267
433733925
436228008
426453971
435971765
437239787
428176772
431990283
437282703
431062877
430106025
432394277
429308165
432770533
431170635
429138744
428877497
430200688
428828735
425204016
432434485
431605375
433435440
423371786
435638269
435293070
437913358
430393133
431903147
431107793
437132497
433472650
433962818
433583369
428026182
441602019
431095646
435331526
434707433
429489860
432126178
435240275
432244698
430934440
430587339
435244946
432858350
436714539
431912234
430555010
432392741
432651765
435017080
430808558
432482816
425784858
430450853
427414915
434381720
433221321
430272829
435852139
432529277
426503160
427640017
430882137
429098931
429549002
428128553
431217383
434204488
427761872
427601924
429656700
424793981
431003286
427398280
429604434
426913655
432408246
423747235
432332576
429187463
432763002
428659007
430390076
428718638
429114778
430755691
428036414
429209693
424922001
433770549
435098041
436811946
432508535
430914181
426925787
429805312
428316564
429355128
430791422
426189334
422533981
435012817
431202163
434935795
430746178
433035376
431032761
429354694
429081418
432016163
432707178
426623781
435579098
439003261
432372813
432143900
430634686
428972250
430224086
430276153
427486803
430894260
430032199
437446782
422744235
428891292
428576539
428002912
429671291
436793605
424741080
426771815
423776402
427166210
421042464
423598391
420217788
429423879
430046429
428081814
428061246
431096509
429587517
434637743
429976524
435943855
435454255
437078612
429817431
437105561
429111370
428089725
431290031
428389690
429042676
428894288
433214266
422269321
433103653
425525707
430102579
428864771
427690723
428455015
430159681
432818905
430074806
429300566
430631995
435420335
431032147
429843445
430576262
431951904
432966533
433029307
431151682
430734343
430123481
431837090
421817052
433469427
431917608
433566408
431633896
429902346
436742314
426661834
428583147
430669906
425337576
428484629
437730762
430873832
428148068
432298344
428167268
432382681
428770675
427798568
429691598
429620317
431028602
424613629
431684097
429505509
427833046
431584917
432153049
422306416
427665884
431109149
430279554
428113100
426782391
427787030
436230235
434192996
436678374
430326373
431248875
430937104
428130557
431941127
430618478
430945728
432513593
436794663
428789610
432977964
427577193
434791599
429556498
430349539
429639361
429758109
436106550
427906964
430879659
430677113
425416647
424516353
431098146
427091664
429320052
433895122
430297325
430462954
432139046
428214571
432128318
424108207
431718396
430393591
428132603
426220764
429107676
426326080
427437674
429425439
432866541
428900566
429856653
429724776
428034324
431621061
428206738
425173032
427780508
428392466
426041170
427241931
430608747
432279879
434002153
431810480
427508672
434280685
427525851
429501965
431864917
426014966
423386687
431109344
438999778
431893827
432193669
430223588
424681230
425839115
427107062
429757944
426492492
430475832
426305987
433084883
430668347
432054393
429096597
428481604
432543049
431690232
430283717
427471765
432338660
438459997
433339857
433250357
431689003
430381235
433037636
431277774
428960696
425963373
434632483
427261010
426893723
428061791
437399420
429713124
430639868
433248908
428401588
426710441
434458195
429542633
429096615
434370225
431461147
435193102
433659453
428995978
431955372
429111004
427135352
431628838
429502627
428928894
432920491
427404486
430580897
430645771
429212526
421937808
431800695
418578027
426425369
430487194
430444660
425393366
422944689
430769077
430309221
431756818
430483942
428840934
429687644
432611040
434965104
432073139
435411364
430157611
433203780
428814519
433760114
428907174
433592194
428224364
431501945
429355591
432269182
428565837
430833128
432028932
429773078
432181056
428662249
431353182
425090999
425467402
430404732
432636659
428649762
430896153
434514542
428863578
426800525
435169810
432592863
431081607
431627829
432512946
429957954
428853794
432141340
429132335
426531741
422417019
434053949
430308244
424875276
424624537
430026859
431630837
427805315
432605162
433244230
432594763
429628260
435588196
433956516
434922260
431780728
432064523
430429284
429036272
428292959
435515255
430677038
426566624
429523994
433640691
430863371
427606809
430412119
428923679
430395367
427997334
432577619
428681795
425144919
433254467
434454813
432836520
434017215
434180867
431808921
432145481
431582352
430701210
431069221
436916917
431873236
431158815
435063966
436935195
430684348
433966698
430883253
430237595
431386766
432499369
432688776
433702054
430602947
436749283
432299773
431340701
436908501
434933995
434711593
429336879
433107200
431354569
430995518
433674647
436202171
434599382
428997888
429699316
429382875
429516965
430087516
429063910
430928776
434364573
431012375
425199445
433771175
433809771
429851868
420756959
430903779
430612541
435439221
427071319
432710813
429149116
432563961
435406342
430464414
431183483
433554767
433924975
431045521
432909427
435910781
427708436
429727179
431377452
424295559
430914903
429581030
431309970
429234286
429763134
429900001
427503199
432025691
431522159
433038566
430862987
430748074
433108162
433014112
431254040
434057510
431444793
433635464
433217736
430358603
432729225
432127864
420037543
433232391
434538644
433627540
428071802
429896870
434401768
434484241
432287755
428896845
429003232
426276787
424507301
435772276
434098768
436365211
433547722
434145678
428849800
428856870
428551315
431269120
434924276
437143812
426371468
437625524
431287365
430927386
428406270
432065195
431038321
432577542
434787732
429472395
423168739
434095655
434609218
431880525
430081780
433533242
429968337
433535361
429322866
428254045
426182161
427173651
439422244
433991967
434864176
431141020
433912289
432630644
436866003
435716437
435169480
433909107
431856543
424195492
435483558
434080092
433244061
433824766
432196172
431992154
436794867
430534502
432209185
428915466
432083603
433325018
432861696
431681932
430574049
432798869
433273144
430011103
430723459
431589003
427812502
433918792
426850007
436969619
431449231
433914984
432493897
431168659
423284500
433991310
439537225
430027830
436814795
424236597
434513295
432448441
426674448
430464892
429810309
437001004
431498548
434829681
431782061
432384467
431587964
431061800
433158478
430387820
431007160
428996501
429381231
428279137
432206620
430299953
433873178
433454392
427349616
434827739
437519276
433629103
435397224
434540967
432631291
428097602
432131105
432093040
432131567
435312680
427124326
437200172
430203168
429944960
425317983
433616636
435399156
430230171
429356273
428903747
430528900
431619561
431057651
430890897
426136041
431138444
426565063
428184948
424614234
432374121
429527039
430667464
430998551
436937578
434106722
434123525
433448278
436013381
432766396
430905487
431269244
429187398
434270096
431147825
428918628
434887209
429824254
425639130
422375702
430213685
431093060
427270323
432001494
428963459
429832425
429319363
435125823
437003304
429661378
428442025
432930364
435109017
429687290
428887502
428873677
432154617
426465053
432999528
433026388
434724734
429679900
431528045
432058884
437823692
431849754
430685917
432007597
431970292
425669478
436579660
435525795
431569570
433467928
440650444
432512499
433332817
430732378
433089007
433854079
427553750
438570219
435655340
432053133
429937304
431905360
430297468
429029662
429339963
430240313
431641022
429647397
422544388
426250204
432654358
436749754
421047158
431386661
428325932
431627682
436118924
433421870
434672265
428528635
430108977
428725209
431566443
435114174
431862353
430948763
430546992
431139102
429350831
429194215
431897142
424497528
435677129
437448875
436378475
432931144
430175674
439565904
437051815
434738576
432265908
433788771
432101649
439022181
433962629
430767361
434614182
435073677
428494278
432446811
431164998
433141745
431275842
432791922
429220036
427481421
432931501
430707476
433296797
436274472
431136087
431787000
432454298
431865608
432134456
424538769
434259018
433742361
430028861
433050889
429570357
429175094
427193168
430826540
428058367
434419122
433035392
435722607
431197486
433462363
429043826
429888758
434836969
427709572
430340747
432016836
434003566
436095701
423603498
437368260
431004675
428499663
431380485
428176722
430253066
432140715
432210381
435000876
435293785
438268019
436500295
429861757
430348487
436121740
430339043
430922749
431869997
432633402
434531526
430324431
431392669
429499985
437764587
435028636
435936305
431472825
431065974
428361762
431341473
436604858
431390531
427363845
429329324
432933428
432949569
432625703
431917024
431463342
432823268
436321178
430811614
428892729
430654256
428233046
429236090
426535218
433586946
430269636
432342102
432127183
429827466
427346368
426780833
430447073
431387839
426990762
425658162
434487260
432621430
435796367
435305718
429374011
431216685
437553536
431690846
432948645
431754558
437239435
430943279
435559023
434899483
436569150
431102185
429100550
433016853
435660645
431898980
428302887
424496975
437296478
432619589
428496584
430608657
429244365
427878728
428939281
429657187
430133769
430906529
429502253
436879140
433877889
433781401
429239556
431340912
430824910
435400602
430572947
436772361
434066621
434806150
428774033
439091808
431970645
434684831
433039110
432899055
434242908
432050799
436664600
433286639
431457324
428420461
436112659
431969171
436248018
428997551
425110939
429006850
435039784
429574018
437037698
430819812
430755533
432696914
426573808
427797094
427330938
427287523
430335543
431999206
433472385
431078417
432813071
424939949
423485942
435779518
433958336
433240247
432940518
432750039
435033750
433055478
432699752
433759947
430036278
434209015
431897280
435542780
432966702
430222957
432057914
433226151
431016316
433989110
441327729
436492202
432821458
424781182
435961899
429655120
432964531
434789286
434435351
428563512
435697797
431623935
431937399
430643984
429246221
436023036
424234534
431144484
430637328
434373405
430975475
425399695
435337920
434446145
434792733
430136703
433640155
429205997
433109393
432743559
430090077
425643335
429853187
429775965
429813475
432996522
430366124
427833278
431913297
431947432
429813482
433044963
436255916
428710613
434014995
430633742
432772524
432020721
430508572
422192988
434820235
432734016
431880004
432950676
430413364
426971371
430441504
432300077
432110457
429824939
428488488
433542610
429137821
430687077
430099950
433393689
429477949
429960612
431428854
428845121
434298949
434046559
437066018
434047984
436154887
431501623
434882325
432091986
434319101
434839317
432643989
429552890
430726291
424348087
437158599
430990362
427810505
431342705
432383703
431269064
433910850
437754583
436274054
430033311
433981550
434459754
433823563
437048026
431727285
433932059
432610148
432117836
431874353
431132757
431739405
431551195
433954477
431773829
431633269
433304601
436174900
429854965
429813244
428227819
432507639
432457196
435415852
430008756
436077091
425523564
431353057
430545056
429447391
432781960
433843935
426907578
431850854
433281710
429589513
433112046
438280683
431461223
430037651
426858550
432557167
429978225
430196088
431060460
430343115
430598472
425152509
434395525
434507195
435086645
427395303
430521477
430514340
430106930
430773898
434557633
431337813
428759831
429649327
425748826
432611724
431744194
430207923
428715431
433103486
432373756
431648572
428597032
430600305
424879213
436841197
436438926
432702881
427035440
431142361
437557249
428991193
430799781
430283833
434355863
432495602
433200710
432908148
428156646
430290672
432280247
430203925
428855230
430228538
434040700
430573221
430405741
423623454
425216076
434861380
433963214
430931746
432275098
428399428
426475983
433706737
432910044
430487282
428436484
433289590
428359742
432421731
430499356
431268925
428342875
434489421
431629110
427965880
430600867
430294715
427673326
430781107
432972263
428646232
432058758
432066411
430840303
431025271
424744095
429624114
432157409
428207002
440313924
430380399
432579178
432796200
428870691
431049810
431869764
425967147
434152952
428479145
430568779
433313558
439564559
435642036
435915544
433177115
432664936
424524549
431306422
436632809
433398557
435617624
427445791
431258759
436576919
435289637
434764523
432533488
434264646
429158395
431647101
433156763
431775267
433868724
437744042
434949759
434956939
432674278
430534318
433714036
432931917
429985665
431532925
427863478
428547619
426319627
429301047
431164902
432614806
432028011
433494429
429777231
430527992
434538990
431822500
430281000
437362610
434634564
433286912
429127149
429636027
430487189
432056345
432456301
430554890
433958517
432168374
429459692
430394261
437726179
433496360
431182065
426600865
431844778
434467323
432148146
434108565
437294274
435527874
430018948
423275187
435295688
430436662
432572458
433105786
432401494
440269993
435670667
431702328
433979891
435838491
419948697
434683421
436953173
433701264
432655395
435605917
432423734
432994443
431111567
431156316
429251867
425939221
437563663
437309846
430115842
431655157
435287694
427770764
430873652
429202783
432573832
426600528
427202549
438652340
428993615
433152466
433759932
434665824
430487077
430028889
432053649
431089779
430987728
431524923
429471734
434337298
439392691
434032196
431674504
434244943
430681272
434082493
430525655
436650088
430371020
429683156
430421758
433312574
433692237
431472574
432854603
431644499
428067356
433055023
431859397
432776246
428742331
430004437
431645956
431104538
433898205
433437730
434614130
431871097
430228319
428923091
431479859
435964358
430656791
428395998
432253090
437620297
432054557
437783319
432684638
433204998
432643065
433686188
433500281
436456530
431716473
430428229
431900500
432387200
428885974
433947277
439928628
435557579
432490240
435142225
436624166
426723785
433032406
434705149
433816390
438606887
433640387
433526411
433280339
434158916
436766900
434802802
439058503
436407639
431667412
434114789
431155054
432179612
435623198
433221108
428029882
433452884
439866802
428684197
424400473
434072518
432586578
432060227
433183781
431057611
429038590
435608907
430463317
431678348
428672775
432700606
433257446
430151841
431067720
430598252
430098663
431079269
430470894
433827717
433655481
428029039
434450996
424507865
440801240
430206915
430808599
434616618
434510215
434716427
435234478
433599676
433572709
430039067
430885283
428929971
433840700
430748325
431748469
433659015
434274699
430660960
436512389
432719114
436875661
429135749
427815498
434407219
436851147
430438956
428282235
427969560
427340388
434359163
430449781
433043864
430686477
425044994
436748309
429616617
434488197
433433738
432661609
432266017
430545263
431917448
433100854
432368743
430875475
437797055
434143842
434860855
429275551
428806403
428134535
428993203
430637892
430581576
430387403
432839461
421875783
435243393
430365386
433334475
424551275
428409477
428129087
426593553
429729071
431675988
430398506
429221299
437876496
434979085
433956237
435231200
432736669
434626190
430278668
435987398
433312548
433567544
435163803
423697777
435892289
425392592
425505733
434795394
436633766
429760401
426779957
432212632
432491675
428085147
427492692
438489083
439117899
431429068
437066504
431508211
430582430
432018794
434459842
432330551
433681826
438061921
423821982
432279156
430200525
432403060
435062057
431822070
435869953
435622101
432344016
432047901
438589116
429695852
433313990
436006866
432066079
437022025
430571042
429113553
432642146
429605117
429733410
433334475
435178517
430311335
434195215
433424699
432514011
435327580
429565526
426642036
431781777
437864513
432582857
435975077
428298297
432131050
431629303
435433577
431980014
433667287
431978305
434223102
431809773
434214696
431318296
432866568
436492986
437487785
428368954
429044098
428521438
430608835
429976597
431959793
432716752
428236420
431863555
423928022
434452739
432564154
433021970
432138264
434577340
434454574
433302164
435223296
432791302
428701049
430504166
434822203
432184812
428885045
433897840
436494181
435459731
433241368
429451144
435186993
431901976
430246082
430856920
434892230
430730646
430585183
434010630
432696473
433018793
431220843
431554668
433682152
425103434
427309763
432863288
432735462
425335084
428028627
434398403
431973627
433702806
432296799
431769679
434259102
429924568
431992570
434864651
425163202
429794547
429256599
429489694
431040131
427746307
429739864
432299060
428669164
427475334
440461195
433435671
432480992
432680459
432044234
429692015
430422669
433467166
432456138
438960587
433765642
435184224
431531795
432877807
429055479
430742351
427649262
432910223
429678056
428482008
428716729
431514536
422679491
437415557
433481222
431666559
428620277
432428394
430384510
431724922
432148872
433509618
432803388
431277959
434865311
431772386
434815507
429234253
431018259
432387516
432386666
429657169
431433096
430598932
430732693
430808278
436432228
419588870
428352486
431494008
427865251
419099333
428627650
429302366
435774688
433082973
426797263
429270147
429451495
431336341
435433367
429523284
430999379
435039219
431794603
429404676
432143638
432213337
425582574
436907880
431080493
431578300
429424258
432209934
428063002
429592146
433080478
427407447
427982730
427604688
426700223
426848789
429840092
423762832
430951934
429391921
431627482
430403560
426562244
429468447
428842418
419498605
430672986
430546603
428417739
428923527
425970025
425004382
427764058
431617538
431506792
426691787
420721672
429012011
435133517
433352679
429971282
434980104
429824058
432227673
431773690
428600871
429698177
430994931
433053858
426549347
429022407
428080830
431988789
430104881
431529982
431084364
430732905
429459188
429006716
419688302
434074910
433863689
431999401
427101281
435245964
430076626
428550522
432183532
428233377
428509659
425330797
423493876
425887295
428358061
429161327
434769267
437515917
428539528
428650999
428508177
429528338
429572348
424993021
433342975
436929536
434603015
429199596
433809968
429485903
429951786
429978722
431093781
430757759
429084972
426595258
433396427
430775439
430704001
432677095
428263421
430359496
429053264
426538396
434056070
433226102
424858699
425373301
420550736
429814635
432436424
432227745
429412058
430750210
431822125
431044540
431924921
423894784
432011545
429605547
429643066
432055209
434100642
430448241
430195644
429595411
427337949
432027652
426625346
431842791
426230124
430936742
430973942
430446823
427887850
430328027
428394372
430141511
428819903
433798401
420804392
423639831
431710338
428882679
430832796
431354071
432188145
431292921
428958289
426845453
429781699
430480334
436978673
427794419
428914205
427996698
429175845
432062702
430904008
430520652
430886966
428462129
432805499
420821667
423063746
426727212
429199662
431806664
433167975
428382129
433212158
432101310
428931712
429387102
423260913
429683795
426693055
433633068
429034592
433586452
431120956
428447250
428197169
427633398
426059753
425634036
429244708
431422072
428960883
420500210
427910165
435028057
426832260
427822473
427765635
430406995
428620448
422309375
430982670
421780833
429962253
430992251
425503827
428060955
431960268
432518220
432466390
428862873
427992393
422961309
429004133
430400985
431892312
427536486
429727878
430469403
428881342
429726862
430287335
430824244
422083715
426903134
426515376
427746457
432284996
426769334
433066749
430213816
426874675
429015630
433846007
426909296
427962817
431866809
429123725
427247578
427333457
435191257
429005113
429185518
431311161
430288302
431548979
425906318
426203127
432484315
429043415
431378438
427887928
430191167
431072888
430948847
428746862
428113818
424694173
431395774
425855603
427177350
434479314
429590922
426437902
427311339
427090258
428541560
430533621
432613747
428555824
426978251
420138128
432429865
431013301
430113791
431016983
434466260
431729373
427054052
428715172
425447371
428235484
428623956
431663194
428498620
434856025
432553290
431977146
433294562
428355883
430036433
426647687
434538308
429115340
422621438
431051415
428473397
428396882
426519474
427432712
428896608
430562617
429884360
426532746
431456012
428573478
430291932
428930211
432212654
427450137
428878505
428329798
432485056
432268483
426635071
435314682
432627646
430456599
436577514
432445142
435450258
431272165
431541009
426743947
429848070
430698388
429566611
433551890
429877023
428772979
428852543
427491373
432051843
428589264
430514654
432699770
430813779
425711127
435422789
432341034
432998354
435506105
430289583
432440764
435631115
431094303
430968560
428779718
430004122
437784539
431275441
434936359
428478424
423977114
430524078
427416074
427780825
428400298
430241551
431336493
428128028
433618609
435099830
436388406
429529173
428079656
430189226
432756015
430880958
429951390
431938343
434070667
430091336
434801756
430367112
427421941
428102093
429213561
431530351
429195760
429782030
430413504
429136695
419499638
435609136
431719640
437251588
431285124
434005611
434113513
431924655
430690495
431831209
429611896
428741094
433395461
430242987
431812236
427587574
429558972
437550631
431675574
430266817
435275064
431149699
436374116
434121282
434501295
436075957
434782021
431837768
431165219
428790688
429308249
430099645
434152454
431962004
429126735
438737187
426153193
431860127
430137185
431935057
432899346
430913495
430448440
433586220
429258080
431607897
431818104
430236336
431389138
433324542
431605940
424913599
428844299
429567413
430058114
430642162
428742128
431234804
433114844
433012823
433839859
428020897
429708984
427788900
430044812
429506277
431305141
430570348
430236367
435504281
430397864
430786002
424202835
421579031
432150802
432237305
431138717
430432933
429153435
430137607
420403154
434816685
425620550
432408491
428152251
424348156
433073270
429455146
429980101
433230141
431375072
430547637
435001529
436366384
431622632
430460225
431091241
432464188
428731704
431945259
434966274
433046542
431496904
428919489
431166058
431997481
432066427
431677971
433048568
433017256
434334298
428925598
431972334
427234981
425866738
436544821
437917185
433028762
431851588
429774586
428921807
431400963
428948169
431793464
429151067
432522617
428285703
434005285
430051323
436589451
432465108
432562652
430221052
432662293
430284532
433518873
432566920
428429191
436273717
435422461
430123478
432267633
431283461
429563897
427144565
430306629
430153464
429797398
425909228
437281290
437228522
430922985
436556759
431139507
430995844
428914922
432751312
433532748
436661781
437265123
425167985
432142582
431324150
430965389
430724975
432597017
431048543
429582634
434569610
434273227
433815022
428140925
436767758
433585006
430542813
433334163
431356549
429749087
432747862
432133975
431456504
432704594
429201101
427796029
433688403
434984786
431199701
432614579
432005802
428938932
432873467
431655549
429276654
430726392
427564757
438983644
435163279
435045102
429842034
430907041
428733462
432395471
434383862
431225901
433735268
435337036
430073537
439070398
434130665
434184825
430724377
428990862
428762909
432235768
435102506
432202639
431445854
425819611
436629934
433053120
429319585
434356056
422342211
430822617
431302869
430437978
431201684
432448055
429532096
434496375
436526746
433060998
433403330
429610047
431462295
433386973
434883225
429047107
432873930
430005319
425189690
430457334
426068687
427277854
427962344
428555477
429824799
433517812
431002433
435837179
435064310
426603121
430486612
429134704
430348025
431962819
426270223
429415090
436166104
433530087
429879458
428504828
436073726
422805259
426323362
429241356
425943980
429539395
428499085
428432208
428857097
431064271
428506345
435650108
428510909
427276631
427439265
427104953
428957256
430823507
427738771
430675993
434124042
431168867
427713035
431005133
421032310
422400501
424633664
433007102
428208091
432514250
429980110
432395812
429177667
428187450
424636765
424474356
431311712
431652693
433776340
431050517
433487854
430929754
434948825
434200789
435088174
432431130
432179485
434129475
433073140
432247371
426223936
431036060
431311975
428249977
431372736
431316024
428753356
427507409
422231926
438350785
431104320
432630063
430825365
421757689
428657537
429597318
427588888
430413748
425592882
434143005
431715658
430935040
430588289
431608787
433461044
437661488
430474721
429813322
433347045
427961821
432772174
419271269
424467397
422472772
431264927
431067740
429814491
430134305
428752362
429781195
429228424
428867786
426889917
433268679
428776137
432574922
431434754
431004118
431271102
432263588
428771669
430786428
430886946
427624507
421279688
427413278
426596726
426519415
428592675
429543080
426128975
434049568
432421151
429157416
426047438
422057811
430571395
431799624
431782677
425936825
430142398
425637508
430427226
430232413
430591677
430045577
433018315
421416493
426696535
435453803
434571455
429666184
432831849
434578456
433218807
436603112
432444495
433940055
421343954
422775352
425883218
432971167
428507279
428073716
428034846
429114427
427117065
430904697
428327044
431900808
432028235
433947513
427624303
429735726
426552992
429495771
431722958
430441462
430379280
433369247
433367579
424383089
435791319
430650679
428707070
426508366
431944136
432773730
430944063
433330548
433407772
428239635
426611645
428094450
430285448
426503918
432180306
429885581
429547306
428760692
430259269
434064227
430855731
429475209
421042564
433566408
431854495
430684098
429151459
430108558
431456108
429583737
429858883
427935092
433066140
424604544
424320155
427446772
429143971
434785195
429511102
435391550
428479536
430405082
431923838
433729150
430758506
421439309
429321867
429722869
432123724
429294496
430162247
429382555
424139098
428588999
427490625
431816400
423332410
428551782
427882636
432277566
431084360
428912419
429556046
430475905
429146062
428181964
432739476
434877973
430199958
434026406
433108529
428014612
428947072
432237620
427436645
428170204
428973988
425318140
427934488
419203921
427930864
428492504
430537901
427700522
427498224
432109966
428504274
432833170
433512666
430571192
427208685
427019977
428762014
432657206
429585562
428289553
430954714
427781904
429038323
421875106
433308575
422643092
425566214
431926438
429134999
432481940
430537979
430806374
429547675
433532199
434173694
434184086
432755579
427842819
433092651
430560128
422039644
429715601
426475528
431684541
431317349
427939477
428388671
429813297
432107750
421364419
425671352
427368060
430589817
429815293
430132790
436001105
428849261
427465035
430025925
425307844
420396576
428055152
428530512
428732228
436303095
429739363
430785021
431692482
431880994
426195878
433043709
431177609
427747448
430029546
430680520
430430889
432093985
429635083
429339917
431069817
429961176
434086763
433474817
424918032
426133676
425688557
429823172
430634351
427724093
431171517
426614183
433747831
430523696
434262237
431431984
423496228
430805301
425435956
425414881
429080446
436582930
429821174
434677592
429487199
431140081
430378908
422829825
431466503
430286115
434012459
427510481
423864863
427779781
426421213
425211722
430972116
427527946
428445199
432287200
429404990
431076172
431679936
428165562
430662961
429601571
431637783
434984351
429284544
432259875
424342565
428688623
425320665
428815835
432465766
427593385
428953505
428467022
431073662
434928145
429438125
422439065
429970495
431573614
428172895
430889545
435885851
432348797
431337954
429463167
433923247
430103893
431130964
423876110
427593962
429106188
430303031
431924155
430219780
430453739
432842979
434888238
431100750
433029426
425404770
428487219
428452738
429941878
426356074
429949807
434087599
434271006
436040005
435361831
429161279
431445164
430688708
424955720
428063830
429539921
433598106
433570078
432600666
427679470
431950175
428588879
430548024
424225881
421713499
422398541
428707420
428258040
430994895
429827086
432662391
428590833
430582456
431765612
431666900
428978880
427828489
428926760
428987573
429158394
429680500
428447959
432050639
432798292
430628437
434900117
422116083
428510204
430652278
429733403
428289660
427056867
431851234
427000731
427368291
432955178
428428419
423103417
435984610
427883159
428082601
428145204
427617455
427101309
427744067
428771772
428797925
433665204
428242026
423918894
420721953
419666951
429933026
430985697
426832085
429868773
433762757
427655919
432555150
435437040
428429291
434936226
432640987
437550984
426054098
430628356
432216640
432940554
431692232
429909323
431558165
427928050
437218373
424294313
429609010
430366033
430342612
427671992
431215807
432908283
428350314
433623921
428277100
426750852
432002253
428740039
431167365
428622359
429882286
431400003
430086619
428562959
432241345
429886153
428482343
431905763
433034167
431103233
431149308
430073845
431279389
430779497
431258241
435485350
431358715
425885175
433691678
432614828
434561204
434791130
430402263
430777850
427828707
430416364
427860662
428021005
426380319
424470932
423490989
428068533
427324099
430647705
433133020
425135610
427894183
431843020
429120823
429030649
435101904
434782416
432550828
430853116
431128016
438190590
430905088
428237465
429812560
424135314
431840311
431919836
423530308
433465987
430719923
431023864
434369923
432449833
428518221
430301390
432115640
433217880
430280687
433085900
427998060
432097319
429280858
436715692
434043129
429967317
430704781
432313392
429922955
435325573
430947818
431048547
433728114
427321161
430243478
430601213
431333005
426134353
429341265
431011915
428194519
432497875
425913531
433287481
434108889
432202051
434022415
432671218
427923056
429178753
430838386
430908655
432135320
427208709
434323677
440500443
429612261
427730339
431535669
430294368
429411099
430825126
426964498
428971868
431480597
427507971
433194164
432319462
423070748
428557249
429819373
430689976
435177505
433657098
427458948
428912725
429613789
437496027
435230515
432795237
430946519
426377188
432468687
433262435
428020278
429057271
428366366
430140364
424694206
427721875
430509296
428150200
429559609
426634815
429710985
429837461
427863096
428268446
428351822
433309447
433818516
429478251
430702286
432371634
435356393
429092797
430886159
430940115
430280261
430906003
434181900
422051501
429337833
435683084
429314553
428530547
428418089
429172265
432193519
432955993
435519883
430605284
428262808
430674425
430757296
430646637
429477045
427644328
423984042
431489877
428658923
428608380
431357156
434479312
428131974
435792139
434285535
425864359
438489321
434541430
428521529
429018749
427975475
428374958
429174532
429387667
435351735
434095450
432373923
425068354
431672111
427026076
428876159
428546856
435306407
432405155
430458282
434339421
427297218
426722387
430216488
427346926
427803047
429438539
431902817
424723768
433118192
435744395
422460674
434098038
434286131
432544602
426642457
430396169
427850389
431091295
429739057
429632067
432420086
428747325
434178672
433142851
428639201
430433944
431132959
430362478
429742373
429950163
430688276
434794136
432594577
423375845
435809416
429779525
425869908
428447454
435068212
428090282
433072929
429786400
429619379
428845154
428460444
433402170
432304859
430005579
431855966
430415545
431465408
430317864
427321678
428770371
431336923
428594616
420883314
434386585
431510422
429744856
430182226
426656676
431452584
429357568
431536666
430817192
429125199
428498700
431827850
427645772
431249200
427567785
429610895
431189919
431972223
432523564
425870183
433607746
430365279
434259446
431034048
432507769
429918696
431499097
430770554
430660860
428521308
427331305
434486648
429981067
427622533
432490369
431345550
432044684
430959010
429326821
430750901
430352741
430332940
432164618
431919006
428505016
428056778
430844924
433594880
430439118
424771120
427394285
429864196
431142274
429163170
431930793
432872938
424244105
435307797
433414473
433065381
434096053
432791929
431400267
435627755
430109774
433045334
430622877
430385919
434738837
430209164
434027635
430367429
428208084
431654237
432483489
431677682
436800168
435325306
432149209
429483572
435294545
429355138
431645889
430742383
431577367
430807730
431310515
427560593
429057801
429721975
428402170
433826057
431425285
431131388
429626509
429048551
426054756
430318493
430171839
429650994
427879176
426241279
433184559
429358447
429228556
436588955
431871732
434996960
430270404
433373290
429619926
429818628
434371601
424178353
434849988
431769414
429773666
431985660
425059525
428648415
428944035
422260128
429242016
433881212
428826066
423579304
423646173
428158547
427046402
431467107
429268177
426199971
431790400
430528914
434071884
432943163
423502180
429069047
435801824
431415216
435810767
431217631
430899286
429202312
429949517
427404864
431439555
427176575
436520058
430442010
430062083
430992919
427994902
430224259
431105824
435185993
429569754
435563772
433659881
420802728
422380511
430241510
434044828
431336452
430196754
429202391
428611261
432923366
434738685
428138413
428032529
427286051
434295808
428027555
427181203
427083458
426088809
424269786
431499929
429138627
429694538
427301229
429356612
433417621
425852944
428903460
425104148
426210629
428444851
431329163
430881590
429217630
433685119
426055244
426954071
430640285
427249953
430139832
429419196
431968139
431803609
429880137
428058459
427634440
427209234
423687020
430956151
426904394
418363065
430827826
426332838
426315283
426230437
430775651
434689141
429491777
421516283
430645695
430235322
427838565
422803047
430947447
428926693
421040222
432458653
426685346
432668212
427491497
426885997
423595874
426834630
431431705
431477577
429849113
432233333
431720294
433400021
433323690
431159785
427333537
431440927
430969288
427938116
430369056
428949843
429466184
430545821
432976030
428820553
428547135
430481179
434509246
428693235
429878375
431134839
429653608
431183623
431889508
426324412
436103334
427425733
427223979
430895436
436220186
430082744
434397849
433128581
431370111
433915583
428567893
428778467
430211122
432957115
425257223
433731341
431482679
423750682
426585313
427009889
429881323
435217198
425860879
430474245
430537545
430687645
433996800
436209199
433695691
431108328
430908180
431997358
429620985
432025930
432276744
431860052
427950508
421890834
434103850
426352655
428090703
431212816
427253216
426625359
428571899
427040936
430552452
432632103
432850961
433108144
428921587
432034234
431755695
433062507
432316122
431371409
428757091
427479661
428000057
432702871
421604358
427414006
431926588
432804051
433030577
431323495
426683812
434102578
430836078
426440021
430901128
429894850
426003142
434663198
430057262
428431141
430969587
430756705
427515211
428779724
431425931
429958878
430437118
420788179
435640250
436188208
429415677
426574112
427442590
423109251
430378074
426100972
429070366
430240169
425342266
428820061
431376708
430574987
426510174
429969154
429691684
432465382
429283373
430791732
432701888
427158323
432577678
433267615
431843290
431647951
431162890
431154843
428095283
430428197
427814814
427803438
427608034
422883795
436849965
431732057
431138048
431110804
428249989
422735055
428339575
432510814
432231386
433990694
429387779
435068631
434917096
430114757
433399354
430341011
430342529
430608057
432525729
429655747
431884019
427204006
427605078
432180707
428588636
427076671
431719117
428262745
423941302
426480449
432162500
428150600
430998571
427600569
429674425
431592049
427624198
431601352
430656991
434972970
429490124
427391886
433463319
432822486
432248445
420308120
421682374
426982400
426668774
427402983
424995617
427379319
426835087
432008354
430495069
428835213
425127596
434435232
434290342
431948813
429838127
430035112
431772752
432100887
428223799
429222616
435858128
426679243
433209859
435499301
424380988
430992537
429550949
431445422
431737635
434051255
435679447
430295276
436163034
425729734
431156591
434228223
430510691
433398071
427945871
429990313
432413058
428894135
429303787
434247065
428038771
438575779
433066765
433429704
428420097
428775861
427106234
428759112
428235444
424374618
426939457
427299697
420451284
430438622
428908095
430339155
427961395
426866459
424527304
429885858
427671720
428018412
426796608
430157709
426897282
431464565
433567435
434625627
429915515
432952635
430539024
433017466
430554927
433763620
432376274
431567427
436055972
433016704
427793818
427293952
432038551
425717925
425375516
427544773
430858513
428815983
430263294
435760816
427909918
434958299
429837393
434734475
430562238
431638087
430333038
431205810
428463677
425705161
427101921
438644456
429070497
429185719
428631604
426200904
426843366
427820257
428222747
432574174
436372777
424937534
433606634
430673565
433541475
428375275
427495804
432399307
433166219
426852411
427055418
431076938
429652250
432084317
433261352
430855854
429260263
429239996
436859231
429036942
429643851
424842908
425155141
428591877
422506134
435042801
430317072
427654036
433612008
432420362
433279404
435071250
430247192
428784257
429201732
431661452
434410030
433410315
431875376
433622614
427351246
427191247
427101919
426540522
425078263
429691408
429399013
430138831
434281029
431827647
428188671
429932932
430152724
433761643
427066239
426430102
428297556
426704858
424366691
436996449
431700177
421756585
429790446
427641174
430206686
430760936
431229907
431600400
430748625
429235754
431944823
432419940
432886926
430732174
424151979
430823674
428310874
430536282
432408774
424552322
424195027
426454003
430051368
434241358
429081301
429662816
429008877
429866969
429184906
429881299
427973472
430660058
434681713
433745772
434793961
430239247
434941947
433792717
428395095
431833892
429848380
430332642
429369757
427118073
423595920
437926985
429488847
432921318
432894890
432098897
431900048
428974890
427287806
434566745
430584084
433163633
430369818
431079383
428319661
430216057
430844198
433836064
429378685
429088773
432667223
434878524
427912719
429009069
436407092
431263499
429399946
422894526
429099790
428334151
429453635
429849461
433031842
433924851
428199220
438335959
429916549
431951603
432601256
434602868
434929929
432502776
431990809
435301992
430127902
428739793
428310553
427703540
432556744
429351250
430078251
431821171
433365871
435438055
430058188
427196251
425534871
425021864
418106371
420998135
418917223
417750945
417420802
419060598
417760394
420887134
421054106
419025832
431307555
431244545
437373248
430374693
429203410
432438265
427494496
430284147
432916002
430330438
430005941
428646302
426233277
434205861
431684171
428873595
431025998
426407132
427904467
434231784
424184786
428410917
428825753
428914841
426768695
430272261
433488708
434675778
431481930
430749443
424856290
428618566
426689699
426468465
433258778
434021779
431350568
428201637
429848321
430070357
430146056
431345559
430930469
433997917
432462961
433717697
431649701
439289943
432515009
427427079
430273177
433844122
428714546
427683813
429689903
431571607
430518490
429059627
422164856
436395157
432000655
430480929
429561581
428950572
433306848
430213144
429906161
428383871
434436043
423797596
434717633
430203275
429735671
427762976
428016018
429777777
430497719
436562824
430625777
432048013
429713727
432719211
433009343
428525095
430464887
432178203
427514963
429269708
427259787
432708590
431083996
429229556
423617217
436935428
427833479
428348721
423757596
429558035
435134401
427593678
429454746
427923604
428397355
430562844
437333900
433161856
429323116
432335666
430856208
428073762
429697029
434341808
429660707
425900808
426444063
421538151
436071468
434776758
431774943
427534091
425821643
431655703
426756284
433036393
430608872
427704214
427646483
430744627
432037052
433817313
435028338
432795010
432368305
428246981
434009923
431651682
432479990
430366093
431799175
435226427
424208200
430058904
431491881
431349428
429213160
431457887
431810516
432135231
433629582
426062825
417526739
418237869
418698800
420018641
419217069
420133171
418207259
417810175
418240016
430122325
421217109
433246588
434841774
429008950
434571283
432492577
428941395
429276760
426941110
431345024
429299003
433024902
425356807
423241997
435018430
432426787
429095156
431304023
432744460
428397624
431008233
429583315
431109632
428545036
431560025
428926150
428377083
433222349
425837365
432083106
423531247
429299030
429741794
431261115
429501395
420287170
432333350
430966475
429231879
430999908
435504387
434757285
428087893
427716397
430196765
431137697
430461311
435391608
431503435
428661528
429869195
424021647
427366433
429273221
428056696
433105356
427688798
431069288
422979912
433253329
433289601
428113499
428566549
433407902
430680193
435366048
427166642
430222719
427821443
426007745
434012730
422079602
428415721
418384297
427898809
429060973
433323065
432068414
430223285
432016173
435569423
428051690
434118506
433035866
435594704
431093618
432036270
430241226
427711776
426518970
431228719
431123553
423187158
433688053
433835595
429796513
431244786
425308986
428963817
425222672
428407768
428314355
430180401
430568943
432036857
435470418
436597274
425842810
425724381
432315339
431105377
430796237
432324664
429207528
428505457
420983244
431357888
433191939
430852888
435712246
437662575
431448046
432109918
428842825
427316255
428903463
428777060
428649244
433019707
432122836
434293411
430670462
431990422
431710993
431478100
432501136
434468873
429798047
425943860
432772216
429868600
432784600
425360828
430328535
435896367
431879454
429544188
430794950
431273122
427646614
433332622
430224712
433029016
435590633
428965631
432980595
431846169
430076009
428749141
427824398
426855706
434735316
436452033
430052489
432834146
428259211
433290717
427766069
426992572
429085838
430103452
429150992
425411806
431117836
428822418
432229351
429196451
427448252
430085928
428093580
429670135
422847765
424462669
429613968
423003460
425536291
430195563
428894218
433476085
426816940
433022036
430129099
426822794
432613230
428588264
423665430
434749138
436302972
431948017
433455351
429201785
430529556
427284912
434331001
426178562
426574854
425282653
426581825
429250446
429859991
427812140
428227313
426067662
431519175
429361482
433384659
432414530
427172797
425051490
426449311
425577475
430950669
431073672
427916399
427230612
423971681
423768811
426313014
425751410
425836987
435202806
429589441
429713706
427140535
431379369
429878071
427723104
430889845
426304337
432925735
434195539
423636895
432912619
433172710
422787600
425139697
422509664
423296179
424577667
430544620
427176962
425609431
427522416
428805339
428858939
429192170
424133515
430886887
429851101
425753957
427392180
429189495
430328997
426952199
436227037
432937420
428719671
426267168
424944216
423374634
433976330
427153060
430915980
432684052
425824366
419088817
432613485
425051778
429194232
429948474
433621623
433045334
426368334
426988283
429535428
430637572
436247786
432737620
429819290
431789277
431219866
424033491
430903352
431594220
427336777
430039718
434783537
425389934
428867092
432520702
434283836
428871315
433513299
432711311
429715107
435090084
431430388
433078717
431157369
421881777
428208129
425463064
427853370
429342881
432684911
432743593
433062124
428233748
430767108
427809579
429483558
430184467
431061107
429402505
430184334
432181460
431307623
426990158
431015574
433188330
428316348
425884289
425645788
431898273
431407223
428467608
429457289
433649110
432305515
431000125
430920966
429603748
429188198
427700879
433370094
430870452
428049637
427745592
430639648
432070663
432495498
425655476
424955697
427118381
426182251
424714466
433318556
430200820
429913450
427407923
428126640
431028526
429584581
427365984
430244809
428940384
427807779
431507141
430775800
432033089
430444998
429319919
422645667
426970931
427460211
426801998
429449409
432567967
427900036
424116148
426232320
430140093
427469161
427837664
427120043
430374063
430745947
433872274
432873453
426581990
429541098
430552121
426469686
432025465
429212634
429470132
430497258
428967198
430969298
432725450
425711110
428970045
436508306
431266083
430045217
428411115
432565295
428905143
427526395
426165450
427974361
432448461
424343925
425177713
423605503
429937598
431494049
429320469
428629225
431850041
431308179
430487489
432300713
429011638
429091619
432375321
429907643
427033293
429260986
425870490
431051973
427148491
427524455
425080388
424385364
424308329
436285506
432068656
428098982
433000640
429403682
426049729
429801617
431830984
428950034
428538035
431276451
435469582
427056300
424990852
429864443
424553843
423765174
431855851
433121535
426691074
425380213
430539891
419844420
437374057
428822350
433095769
431346333
431778482
428474338
429416762
429541912
429033687
427213089
427687255
437747105
430514250
427941328
427740606
429487622
429093153
424462439
429842559
428722348
428512296
427823802
418825531
435393073
432093317
430785587
432551052
431252816
430653763
428053252
430551708
427532567
424113290
425339773
429454646
426063368
426474775
427466260
429655892
423768214
423416131
426957271
430821944
420464514
428652176
429973644
431396556
429905008
433121919
428652081
425732928
428110019
432821028
427332598
424517595
429805637
422411696
427940961
432492140
428156423
430267398
432146148
429912738
428568653
429283708
431315744
431385163
425597302
435854876
426844381
430423694
425425507
425871562
426819087
429535769
429696312
425825312
435052638
424193778
423289769
431563218
432248612
428902558
428679026
429781172
429442639
426204116
432073754
427526933
425925999
425955276
435529641
431696611
429228932
429011107
428816986
425237705
425405691
425554348
429035599
427236943
425980070
427016871
432010327
426556796
429575109
427589065
429538433
424855917
430986898
432450405
425299674
426210788
429084554
432112273
428278829
429109871
431769638
433338660
437509693
429594377
431509702
428149503
425603124
431775491
427384768
436710514
432775074
431399505
430338062
427375801
428309527
428969137
427533512
430870765
423691321
425269115
431642749
436089984
430806877
429459819
424986103
428720583
430022789
425652204
427402581
425370660
429621646
431105735
433791121
432422445
428563611
426887115
426874228
427716873
425705731
422931845
427113370
429584053
422810913
425504071
429383360
427129141
433781029
431765702
432671613
432109157
429017635
429011997
431361790
426988220
436341325
429422835
435544056
438757564
427821632
428878326
431298072
430153936
427021723
430347882
429073238
426401054
435294466
428337456
429138718
430025892
429886096
427771737
428796772
429710656
427201733
428289460
431004374
435993261
430664383
429212644
426548131
424550305
428127759
428197972
425248608
428358589
429520697
429466540
428681984
433698272
426418371
427296592
430570963
430523855
424557807
429935364
428556724
434846240
425531484
428198935
435593910
430140906
427929263
429097791
431678032
426177256
424627984
422763459
428792623
426641078
427173910
432641643
434576082
428013665
430805186
424555441
423974471
425591087
426197334
427518691
425940000
427894106
421381767
432588565
430835131
428174362
426280603
426743943
426191339
427220649
428857458
426471569
426247209
426404731
431892923
435055708
431831972
428700434
425215157
435273424
430928377
427187215
432074937
427524908
421476467
417902027
433422185
433201493
427615658
429525436
436470523
431896666
429584525
428560748
429045041
427850238
427061891
430359901
434182089
431934338
429155555
424372791
427859678
424743628
433201471
429812719
426085668
427154186
431054416
434586438
432471474
428316706
433618416
428775957
427721382
428463637
423605320
419978441
427726810
423064417
428067873
432723851
426883489
427103678
423438652
420174369
427689141
421226768
423730396
426252699
427350430
434683754
437028833
431113036
429520167
430464527
431605299
432287046
429532828
431292871
427635045
431126849
424567399
433143015
429380610
432905825
431376607
425929608
430963501
432034190
429088339
427844418
431257632
428182917
432246858
430481678
428814429
425426616
426818433
426073926
429686165
424065651
424856137
427395356
427890955
426054597
433772187
431107305
424536366
426981362
428100785
433830387
429448107
427468631
423700030
424976397
427786518
431035018
429531312
428439269
425638595
425976225
428881179
431330147
433210205
428442701
429168344
425659110
430278518
431692302
432040029
435876077
430323916
431623621
425346660
428167441
430139840
427635521
427508443
427652027
432900935
434139062
428974619
424865769
427119171
427573592
424447527
422883971
426899437
426264721
427867482
434000344
428803717
424100195
431693073
427510258
426914188
428311634
424194980
426969179
429592340
430031581
421888439
427929422
429084686
433910221
427110843
432493767
428511563
429521134
427682999
422187321
425026549
426855069
429626717
430696921
434265995
431764904
427256361
427539060
429641287
429172766
425026178
429286766
434034484
430409056
433838687
431577233
430548184
429731530
428928560
428059606
428133165
428768455
428351169
429012629
429396598
438642807
426758411
434565690
425149964
427380148
426189638
429000027
428612693
430769823
431155673
433719576
426782451
432827686
431944352
433465057
431182512
432164943
431534213
429432196
430129594
426211964
430888525
423695652
436605273
425838010
424415001
433032343
427523311
428077881
428950777
433070824
431232909
433855934
427363652
428088317
427842504
434610694
432131625
430854970
428430549
429970818
429509337
429612242
432596467
425889938
423393043
434293409
428601780
432136449
426402001
425636557
429774919
429781076
428005468
429082348
426808624
430997052
428693218
428598471
429438654
434680474
432085648
424990576
424724941
428247396
428689057
428251022
429930087
419158240
433559709
427466698
430762721
429721420
429041865
430105669
429330869
427802085
426889075
430943176
430037931
428132824
432888708
430640564
430474933
430188656
428789324
430025275
431088458
430702583
423915536
426714948
423734267
429957158
432497159
429021715
432698602
427961165
429861072
431494934
428767976
427741511
426810038
421438529
429054862
429159529
429487890
434111053
427736859
431255158
431061068
427705404
434542028
436780279
430522015
421259994
427829103
429686663
421444034
436403553
430099309
430049216
435169207
432421245
429919948
429903833
429328290
430472967
431840320
429988526
428818515
433079428
429894846
429314557
430870982
431352626
429849851
425372885
432172143
430157623
432034109
430326647
428816914
429854539
430376988
432049356
427853831
431546472
433348555
421323270
427819631
428386172
429488596
433769306
434022482
428738854
432264511
427488297
427266264
426565990
428547756
430128887
426786579
430280584
431977106
429846387
430844883
430883501
427197322
428481207
426647209
429212587
425228950
422838093
427154569
434715263
429650979
434090225
430951403
429611291
428565431
429183984
430064221
432028955
435678106
433413131
435060608
431345487
432080404
429297174
430892405
433120487
425846790
429582178
427438517
421754289
433145692
432345323
426460547
425614097
423342446
427406153
421284420
429755632
421086895
426381697
420612406
425155447
428836193
425296223
430150415
428394587
430364739
427401982
429615938
429108916
430317996
425420061
426642411
426535996
433649019
434213340
430960890
423407661
426286966
426656803
430384155
429840482
427102373
422877817
435953162
425669613
431646566
435698933
430621041
427896648
431200066
429849139
425670456
427863257
429236678
425586736
427534953
430407925
429807903
434894703
425293248
426763008
426715946
430945431
430227327
425942246
426007472
428410312
431194870
427539833
427048836
430180014
431377121
433288018
428880957
430085962
428059313
424970241
429957770
426933068
431801357
430313206
431472524
428917830
429505052
429703631
430090597
427324445
425841288
421505555
427770083
433712687
429273133
428985317
427806470
428696235
428105400
428234545
431376642
431743007
425287007
432073493
430159163
433456119
428772781
431427888
433270728
427046273
431706485
427191453
426584360
428573113
424094365
424582876
432181156
431933623
429835521
429671169
429218307
427769721
428159315
425696119
422491613
421288830
428526026
427862588
431109076
429756252
427399931
422204342
430183821
427303806
426577897
427950802
427907915
431364804
432776721
433746859
431585054
428864781
429577656
429201902
429047158
427424940
427943206
432611219
422070605
432536713
432455230
430571728
426158018
427558211
430794975
431715787
425677794
423287462
426053398
424353257
426190348
427175932
426976657
425402932
431397263
430907448
427970328
425401996
430256287
425811585
430484979
422884086
430262035
427107231
427270991
432358974
428375261
435365980
429092269
427085168
432442734
433061657
425309188
431572176
421159565
426254813
428152648
430035240
428189327
429535579
428665293
424374566
426622230
436019409
431294670
429297430
431401310
434992787
428623669
429974317
427682624
427581393
431960571
434068603
434324625
423574120
428693541
430509242
429133544
424606916
427862035
431084975
433442039
433733149
428959354
430067077
426992582
432010717
425751874
429555587
432759512
439116743
433886875
426389663
433646820
429898372
434077567
430943834
418693767
429497077
431044128
427017471
426884216
426721891
427214094
428727313
427022173
442940104
428405454
424765913
427037404
430751318
430333956
433141232
428904298
427038402
428438543
425336984
424672707
426510098
424462432
428771156
435248023
431855839
436833116
429616897
433352153
427097312
432322958
434240822
428741055
431329531
423263085
428197748
427147637
424523943
432011410
433271925
430650310
430132149
429555827
430798989
432433123
427644119
426872277
432645766
430392094
429677588
426441292
430360298
425207696
421403535
424721629
432312734
424896887
423690437
432131518
428072688
425828504
431624368
429215515
430969698
427028189
428803245
427629611
428445723
430414598
429506461
434405775
429524359
428392113
422646177
436228309
433583470
432685434
427861815
425616312
430992262
421888957
428352805
435095662
430014581
431603327
430004151
427456180
426894120
432285397
428697722
432374812
428955080
429980026
426612227
430192899
429988032
430390362
431753669
433532223
427067185
430059744
430514312
430541197
421749766
424239167
431884210
431380231
428479181
432854659
430864385
430673979
431995609
427599488
427983681
426668224
428903867
428526581
429098110
426746753
428396117
427040200
429099527
433544548
429558272
430729382
426187162
429727853
430611898
430576222
428604177
427269987
431281014
429653464
428769165
428761342
426477220
429444927
423897075
430092888
419930517
433222835
428599947
431976836
432057832
428521134
433152346
432914964
429064601
428695945
428669200
430721699
433811182
430840476
430020917
432599870
429182220
429925102
423053020
431821362
432556559
429575564
430765602
423967864
426037120
425798315
432704771
430737264
427280014
431153335
428132483
427394324
423193239
428547655
432303280
427880034
433463451
432466135
426648223
428596097
427720850
428735254
434503929
429238004
418530671
429030672
430140493
423916744
429351380
432058841
429372165
425607023
428246297
429770246
433111639
424162565
430345463
432564663
429239092
428920388
431894758
434144628
429297137
433474336
424886561
426605379
425326343
422092407
428838674
435906075
431965891
430561719
429548089
429098673
430758140
427961495
428281391
425432130
420244264
434049160
421258925
427170482
432101739
429913903
428782719
432121872
431281987
432186414
428913903
430565767
433211307
427594851
429179241
427658321
432498436
432325681
429899913
431044647
428502843
429534974
430922074
418644185
432963500
430652443
433347887
434811949
430454029
431339056
430399246
431707280
427399282
431700890
431076758
428466540
427495791
430917454
430596122
432461465
429373678
428816590
429767202
428391583
430770295
428714524
432437766
430643255
437027039
431025476
428906076
427781192
426407282
428015990
431322389
430346139
428299110
425740349
432956770
426121809
428173875
430873557
433683332
418258047
430179967
432936387
422208982
426899325
428604605
430487514
429803741
431062358
430852915
431271719
433193788
430164332
430946062
434436152
427855199
432514677
420715854
432087593
435247457
429012069
417293293
428043610
433988455
432979767
429674519
426256176
427619031
428948728
422781048
426421700
433743916
427320614
430657944
426866657
430005934
430936096
428604516
429425916
428668742
419962940
435958933
430873058
430228323
423821662
420973848
426690725
432870696
425818110
424220051
427092158
429246970
431343306
432510636
430707944
431647929
429050008
428858032
428467156
426568439
429839954
428326765
429936729
432837997
430121744
428769605
431132157
428424757
428788693
432572399
430757997
428227082
428163920
431381214
426817157
437281451
426496568
431812666
430438414
434364148
432582664
428854327
432845641
429794833
434457274
428139184
436007197
427210549
431548879
432287879
431486808
421379608
426002260
430207537
430200757
429118772
427779138
424504745
435140122
434216555
429660213
429250711
429993715
431641958
431155909
427428787
429554041
429550569
430229479
430398685
428881325
428666248
431851178
429531003
430753279
430177263
427984675
431889516
430366393
428457539
426940096
433826746
432797982
429577537
434414908
427009556
427582881
428099949
429388351
434293571
428786604
427940153
438808871
430706696
430579262
426476126
427060385
430963179
431015551
430765991
429068416
428687146
429636877
423357228
433369340
429771708
426471593
436059225
434889959
430712537
431339423
438614093
436110105
431172003
426213210
433717997
432661070
433195336
437060736
432111368
429956878
429522788
433025181
426625646
432891933
432926446
435336345
434111321
430817139
433108055
431592357
428821085
431565933
432666676
432125969
431716393
429315163
425147990
429597660
425790968
428045666
430634938
431407598
428404390
429444254
432062439
430114103
429964508
429516387
434857405
427416485
427088381
435002340
429468643
426795810
427559937
431486169
429461053
428576895
429433471
420284748
432885835
430745228
431475917
429691463
429798204
431525224
426111608
435953034
420059512
431281611
427200747
428632190
432788948
435611423
426425311
427035224
426376459
428336203
432393452
431422318
427232092
427290887
422075775
433018409
430826435
423650090
427275869
431269098
428865058
427186247
433282138
432946796
434624575
428684503
431496547
433501805
428113922
429866450
428473700
426087949
426189264
428536803
430031506
434363355
429769565
430952396
430735253
430060261
427447258
430179349
429433110
433243021
432505341
430818598
434108496
433743835
423378990
432859754
433750069
427373292
429393309
430010282
431477866
431463090
429287451
433468559
430513478
431956915
427598001
429384499
430375191
427469812
429247483
428656567
426882910
427385867
426762187
429560387
429918093
425541629
433686821
430758733
428984395
427128229
426982362
429356731
431124937
431143111
430182089
428564060
429485571
434085697
435116421
432253157
422905552
428632961
430141739
431402520
426037766
423824395
429722649
429496553
428349333
430895056
429873650
431498679
436036605
428615795
427925220
426976315
426022924
426870975
433706972
427513278
436862621
433482286
429071646
429876546
427203556
425163328
423071587
426125521
428623334
430010955
427145728
425444668
435085600
430648216
432673496
429194846
429289554
431895620
432788551
429126217
434790762
429417939
425232204
430730362
430375308
428417294
429208750
426737924
430845954
428400230
431099072
421998725
426509387
429812944
437640138
432028939
428602633
426839739
426402665
430002772
425868926
425929610
426631556
429624457
430346049
421832182
428794552
427796300
431128850
432756509
430446525
431800423
426501199
429545108
432795161
431710115
434659581
435479713
430887214
431015929
429485306
431666591
433445271
431009852
429606317
431729564
424947861
429550425
429207651
437408797
435765780
428478695
429359892
430421716
428983890
429290382
430561409
428479493
426991511
429021078
436682522
435403643
430070373
429654032
425956166
427402560
429242126
427921867
429285226
433472722
430343849
431825590
430130751
433409748
431671946
429654155
432363117
428959929
424136014
429821409
437189264
430507909
425620535
435186977
435351743
432682292
427489712
430951317
430430172
427132757
429319148
425595371
429510137
429306473
434171916
424562847
429460698
431867162
428461630
429550389
428078169
427823979
430756304
430646959
432478786
424175429
436467826
430106691
430908849
430552772
430535276
428500369
435488460
429797395
433318446
432464178
436752966
433606055
432256253
435773209
425756922
427248486
427410689
428860522
427462818
429039345
428961863
430375544
427053998
431494466
428058787
429518500
430739818
429346871
427817681
427775885
430558726
431520282
429405981
428802067
436681386
431541961
430522794
429671550
428721104
429422133
427708450
429232202
425525813
432421357
428900699
429408590
434398056
423479659
420387457
428157624
430515854
429180335
433214238
429921999
428772803
427629922
425299472
433918229
429000812
435182721
429196026
427329434
426349641
427761176
430968179
429247157
427893818
427795580
431110936
427263998
429164713
427564678
425775467
430402427
427380086
427483889
429830252
434656164
431846222
428591674
436166404
433256440
427226539
433595723
428029766
427517182
430165905
430333447
427997708
429696409
425735912
435662371
432003851
430974523
432658530
433441033
431340186
431418513
430079969
430985446
430919980
428480651
428404444
427433896
433147731
432218944
431082243
432557090
430400258
425661272
429559505
430145039
427463392
428555018
435696285
434925095
429741063
431893226
430966957
432107237
428977107
427534254
424647484
425098416
430321262
435473059
432758778
423518498
423605079
428177817
431804956
431861683
432545308
430334987
429828020
428887924
428287899
431719469
426564880
429395985
431169244
429765919
429070446
429566953
433382104
428054549
429084576
424643335
429262577
431377630
427997303
431027294
430645783
430119452
427259859
432050650
430463819
432760089
431850545
432861539
431633045
430000805
431640957
428275564
431704374
432932358
435626505
429629452
430319691
428384221
427881659
428875411
427788763
430740854
426555772
431769007
435971797
430473234
427698818
427720735
425469925
428407297
419865569
432130489
429231559
429065381
427187754
424195874
425271195
430846396
421202225
424908624
428994609
430538828
432276168
437811705
434635997
436539593
430965386
437183464
428593280
433016141
428892849
437615308
433728540
430941905
433602234
435324345
435699972
432217232
431122794
431462137
434864496
429574010
427999500
427261390
426488666
431093862
430643563
426767996
430945622
428502839
431272177
429719379
432352304
431433595
430585231
428963926
430201287
434876272
434069954
429348415
425578886
432282213
432337922
431741190
427511287
425333576
429752171
425729469
435468555
432847601
429658769
424874970
427229889
427242723
425277840
429346105
426700291
426601180
429976656
436190114
425025897
437012168
434394592
429303607
426412194
427145543
431333002
434152016
429620053
432063036
425211192
433211484
433657430
430819052
429825526
430431331
432682732
433017889
430351450
430784744
434118904
429678733
434870889
431869521
434519254
429912686
427938697
427828124
426612085
431150288
427437283
431504752
428933793
427989183
437335107
432142585
433149877
430729184
422669275
432440245
427809888
436280629
433102058
431945256
431733641
429005325
431400680
431017271
433354060
433522145
429349824
430750452
429335611
424321507
428529174
425122596
430392163
433049442
432338562
427485196
422816432
428853619
429083205
430454969
429862926
427074366
427855109
423270661
433177773
430338013
426996554
426461474
429084134
432273074
428248940
426517660
425320847
427293607
424794585
433627353
428151409
435735639
429522143
427767476
430531896
431371453
429636562
430062494
428232932
431126003
424231705
433056826
434824558
428351957
434358082
427017242
422033414
427827835
431845944
429882077
423167165
429645623
433530540
427603035
426904574
427126707
430998055
428717324
434019606
430575381
429188523
424171301
428877359
419558223
434168911
431946107
428918756
430023412
429487547
428533501
426495278
427048591
429661051
426437865
426062538
436949718
426170330
432408911
428880907
432932701
432415703
430785865
431103008
432931433
429545826
427534594
422798348
428525331
430632883
428441382
426371682
430579765
425714080
429013366
428923323
426144628
428951549
424744626
433598315
430516109
430112559
434085027
426783414
427738692
429652621
427132743
425972831
422390454
422727058
434062364
422525164
427669702
427319865
429161432
425659861
425639133
424550815
426905619
427090137
426730098
424335208
429234867
431547336
429964240
426836310
429870753
429112509
433111249
433112688
432683034
435472067
433407121
434424197
428152609
429607336
429094444
429328305
428510777
427725879
431542936
433676558
430166947
433358669
426105148
426819468
429853026
429323707
430611819
424789541
424523030
431989262
424899856
428212553
427301425
427796775
426440285
428690972
430217133
430444153
431416658
430896065
430269385
431108362
433613734
429052007
428196675
425434404
424019943
429745669
429089889
430995166
433452922
432918676
426450227
433347989
425337131
425716131
425510658
430162106
432467085
427721696
430612179
429223963
426886366
426539944
432110696
426011886
433882427
429311717
424570912
429609673
426801117
430017108
428578358
428092197
429475721
432712201
428676154
431615839
426794303
423181239
434283215
427033003
428661084
425249782
432402473
428060833
429164111
428391562
431478599
431976826
426777663
427931231
425434100
428780393
426684167
430698603
427895020
427418587
428921486
428238942
427800865
434635559
422408818
438220813
431039866
430380240
429880327
429749418
430924673
428833822
428890619
428672298
427067617
427531869
428719650
432114465
424787481
431354000
431330649
431340912
432360786
428108959
435224274
430985721
432522528
421178276
431465923
427680298
430964220
430059191
422363421
425379981
427810656
423948625
431098819
429009754
423357490
425855702
430793463
428541805
428650000
427697845
429991962
425903860
421682513
428537956
426962614
428901588
423236106
434156457
428999993
428841539
431647265
427923442
428549269
428581576
432954903
432357548
431166037
425276445
431250365
427502083
430939046
429227852
430161796
425084291
429418199
431767686
432865627
427260962
432585014
418224019
427391474
426775410
427084352
432196241
429454524
424589646
426571109
426136352
427618104
424408768
420935887
433430422
431772533
434141074
429805618
430461683
430965353
428825332
428138516
428505844
433572855
426843391
435759907
431315020
429939811
430887032
423421759
433881827
430475317
430066248
427017998
434338075
432983542
431663247
431678486
427430134
424079007
427445028
429360888
429707491
424657576
429398454
436018921
430236079
424874464
428470401
431197352
429866518
427575277
430388437
428565118
428695877
429362117
429651189
432955171
429874957
434429121
431708201
422861323
427709143
434525701
431525393
429685137
426594408
424644642
428661869
428974839
425406878
431759565
428222154
427664876
426329896
425506799
425465772
429322846
428952079
427598832
428972478
433726809
431497822
428852446
429928853
431552535
428082742
432186120
428153352
430408363
429523672
430053411
431080384
423011372
432461628
435933543
432666021
427983650
429812300
421989734
432021211
430573780
424711590
433003218
427364667
435466309
432284598
431216472
429194050
426064472
424124856
426379496
423330894
424116497
432171272
423431143
426257903
431219207
429478437
426565749
422627497
423772015
429592172
428797639
426908534
426114269
421536663
427994531
429470508
427092995
429556450
430003881
426163176
431342492
427282212
426071365
425799966
426513927
426012686
426141396
435792554
429762164
431772765
436122054
433570900
426879328
428008584
427935617
424822643
426761443
422561302
434670914
433649519
428101596
427192534
422646272
427455888
422495978
422184169
425047021
428380919
426847173
432921751
432229033
426764083
432397259
424547685
430663360
430248412
433294359
435300543
426407558
435704547
424031467
432435987
428759585
428064163
428952043
432547054
429330864
429307693
428644117
426455537
430913024
428892500
435241741
424411216
427039467
426249118
434631471
430778027
429898089
426651068
432461568
428364777
425151865
429977857
433163612
431206885
429741328
428939613
426574044
429777519
427421843
429784402
425410733
431312667
423731926
433659410
430847553
434707387
426735069
428443267
428216098
433092508
429412980
426671656
423960578
431736114
424367801
431159177
