305312158
243560948
248905198
223314835
226623483
241978898
229107589
259803402
247843053
241855733
222483338
237541548
222411875
221980843
251502266
222608625
221877203
231137528
245833259
246410065
247088298
221717077
221304072
221715725
222807570
222008793
233055539
221119576
222253286
223613777
221252222
234836752
222040779
221141384
219590437
221932975
222587140
222972717
222729371
222878585
224409516
224329880
222355888
246124602
222528969
226282399
237572824
223355690
221915216
222472363
221686228
222970628
224909170
222525152
221284472
224354237
224056647
224347203
222867663
221904079
225303238
222308362
222956070
222839278
225038765
222613822
222530469
222189019
222367326
222631473
222713757
221883646
220854188
226866105
221808781
222810889
221152854
220873183
221987825
222391101
222285835
221114623
221253779
222815297
222567571
222599546
222443694
221625300
224088789
223747768
221492916
222069615
223219784
223410075
224396565
223115831
221442515
223375722
223829645
222443602
223409504
222332403
221903019
221535318
224835369
222120389
221385709
222733769
222819072
222783517
221640539
222592481
222828608
222883359
221615519
222788268
222373148
221806215
221566905
224479379
223675407
220867818
223645600
223051625
221426411
223645226
222454990
222440825
224566711
221500306
223727307
220958684
222221499
221309595
221753332
222806104
221612087
223752371
222406593
222827290
220757829
222765417
222947629
222701552
221557574
223102899
224826210
222491958
222306331
222447290
222404559
221827821
223691101
224012283
224243226
222559051
225430473
222689017
222422089
222799377
222369369
222775029
221453273
221897124
222238258
222177692
224193554
221859159
221270648
222132054
223429373
223561118
221358691
223694059
222853853
221857058
222276307
222343076
223290435
222075330
221780585
221937646
221477430
223078496
221427519
222371715
220412296
223476483
223192374
223201090
221060224
222586698
222175649
221756454
222667187
221742941
223495681
222227343
222739046
222415040
222565937
221268348
222170526
222019244
221434711
223489670
223515896
221894846
222460161
220540234
223819084
221669481
223552579
224510665
222960716
223081317
223233062
221692415
221646895
222326467
223086265
223884585
222620232
222429066
222743982
223078363
221744689
223405510
223162498
221734509
223178883
224475774
222621613
222268009
222203744
221592967
222166338
222888586
221930722
221820085
222967275
221484483
223461089
222610888
223798080
222017555
223665625
222531389
224573465
221734980
223299890
222825364
221685211
222414232
222627433
223358533
222696207
223941644
222137408
222365497
221569206
221522239
220653689
221730034
222965198
221800568
221190502
221954476
223411410
222468309
223117556
221879913
222597804
222530080
227689756
227528383
229853740
224818911
221730033
222213468
222335001
221238015
222861904
222760034
223073798
222027151
220620761
222518265
224284622
222533433
221464571
222310419
223331436
223288888
221958401
223056774
223636088
222054453
223807601
222239460
221495812
221396740
221117583
221659292
222427717
222539372
223339938
222011604
221693678
222312179
223610775
223953336
221611320
222735148
223408708
221290250
223421310
221888675
223215348
221548078
224552192
224051196
221192659
220796248
223393085
224720857
221484706
222149154
222672509
223360970
221719441
223799436
222168147
223527276
221206741
221814871
222138452
222150514
221809167
221726262
221653023
221679317
222560587
221082788
223245168
222103048
221809960
222952989
222694078
223405831
222351276
223075886
222300566
222621068
223681660
222936980
222336406
221757123
221880202
222081946
222299562
223931107
224304890
220510665
221859952
225184607
222468662
222451327
220815233
222065552
221340687
224887227
221734993
222631719
222856402
223205550
220934005
222334798
222462153
223846045
228693070
228592196
228850686
223867343
221444447
221618049
221763304
223667822
221087868
223186747
224604327
221764590
223016740
221413292
222259722
223643764
223702312
222702216
221718109
221682624
221575480
222394844
222730160
223422326
223996373
223884978
221399102
222951543
222074914
222525714
222972675
223179975
222138296
222587317
220984111
222436622
224002290
223527740
222729811
223040707
223919921
223081831
221617255
221985489
222082144
221942472
223539351
223640697
221460652
222229244
221821007
222951993
223534391
222857437
223317702
223667625
223564567
223469597
224341460
223310628
221823400
221840499
222503566
223494174
222903563
222326141
222985411
223081134
221290436
222519137
223616220
221737304
222368380
222625822
222323158
222165289
221391303
221387111
223826087
221636184
223326578
221564645
223428583
222432319
222626577
223183404
221219863
222802697
223110961
223304990
222168957
223793302
222394745
221632962
221819239
222628896
223065591
222801004
221767700
222893365
220913990
222711857
222026733
220894460
222339592
220496882
222913402
222182464
222096741
221853238
221823172
224588958
222088888
221605248
222906618
222242264
224237485
222144042
221630589
222783039
222103426
223191532
223863040
222319027
223241640
221292238
223483362
223351299
223542923
221604870
223825658
223216907
222961049
221179776
221671075
223019756
223190131
221128022
221784058
221384967
222245279
223785244
222360422
222939321
222266774
221962089
221496312
223217331
222796094
222727301
221115657
222169700
222879718
221724548
222227807
222191193
223673982
220789120
222431126
222297106
221866603
222254893
222803920
222269207
222920048
222418563
222661218
222299956
221577655
222628234
222104150
222534949
222968530
223654394
220864301
222389167
223311567
222664924
222591460
223255315
222609220
223693952
222213461
221166292
221577122
221961845
221718677
223383964
223630824
223144957
222608392
222430639
223530255
222281234
224579876
224329126
222970931
224506985
221445254
221514805
221092924
222604958
224380500
221642359
222363356
222618133
222645812
222360584
223824052
222340043
222492345
221468035
222114907
223332715
223137297
221842203
221582579
222613303
222911398
222682332
222561614
221033197
221554964
223398123
222678700
221495525
222339356
221449245
223007747
221750317
221246907
222853904
223242016
220492207
220780423
225419823
221841271
223384948
222775763
222133942
221762469
223261492
221889206
224675327
221884434
223187172
220424914
221430046
222577756
222268849
222764773
222190544
222566179
222460283
222402288
221782988
225206685
221955522
221081134
221406410
222155395
221954492
222111581
222151943
221441542
221581981
223599225
220703435
224229830
224417890
222228883
221650255
223380678
221621023
222038937
221938067
221812713
223608317
222630782
221904418
221778985
222742457
223542894
222818303
222623248
221955902
221438641
222934480
221588329
222852094
224038834
222352356
222834544
222367634
223205908
222508038
221262782
222425655
221641514
221473010
221581146
222564671
221757698
222886474
223450218
223115359
224035660
224825241
221251535
221447909
221027527
221968048
224100069
221819185
222178788
223376503
222306089
223382584
223916834
223829783
222259013
221664877
222725750
222034413
222314080
221715880
220820837
220944210
223008394
222821459
224055378
222599832
223537182
222297026
222159789
222995325
222160506
222045234
222309370
222611721
222575989
224212592
221040063
222460490
223170066
224159450
222727464
223777482
225587702
226387674
221111256
221287027
224250762
221094510
221725562
223176667
221322225
224225649
221846034
223497924
221315292
223104012
221989935
222478841
222097172
221727178
222621098
222482005
223043076
222317721
222569563
222488338
222393721
222013495
223033453
222789809
222855096
222437553
224163853
222564806
223362260
220550531
222298736
224483774
223196534
222803348
222107767
222869687
223582310
222905019
222460203
221121220
221012455
221312097
223456643
222604843
222672813
223580620
222894240
222215813
221380818
223961043
223192416
222897728
221895786
223450503
224130118
222946315
221977426
220605219
221615104
220485818
221708332
222166608
222471533
220649537
221038805
220947907
223297771
222021950
221698197
222620625
222446699
220672527
223957194
221104232
222418729
222246903
221763906
222639761
222669235
223100884
222479862
221403435
223613162
223128160
224404555
222278015
222407002
222071032
221699803
222642348
223757438
221807272
223698646
222815224
221781674
222299723
223510963
223486026
220932978
224268500
222430290
222714535
221719729
224098959
222093949
222021303
223443850
223151780
223199166
223294623
221602864
223840221
221051526
224324910
222812021
221051295
222655742
222651012
222250649
222684419
222419113
223043222
222573142
222412068
222825493
222549978
221805339
221898484
221198166
223256589
223260794
221577185
224329670
221915680
221862014
221216357
221499667
221715133
222440292
223718418
223057798
222392443
221888171
221899763
222402705
222705157
222798937
223031433
221593728
222158730
223710402
222931837
222608235
220966391
222375647
222316711
221662344
222850398
222576589
222708023
221416979
223430571
222002584
221738935
222991600
223328145
222821899
222257987
223529125
224723761
223286174
220765949
222506508
221558745
221954583
222896049
222872604
222847029
222915427
222498634
221644018
222390056
222995464
222117458
222994069
223095665
221495577
222720088
223394260
223331692
221787828
223435775
222275900
221131950
224325156
221610857
220585880
222527882
221188500
221658920
221513859
222087021
223541487
222514619
221220146
223616860
221354386
224325219
221726188
223068169
222961320
222514854
222029872
222682639
222207715
222125398
221685719
222527244
222295346
221558938
222831426
223861314
222985577
224228868
222411098
222301431
221927171
221749729
222445828
222998133
222794954
222408798
223298683
222678957
223279994
223681318
223408835
221990895
224719544
222798004
222079364
223489072
222783465
223075347
222780117
221896529
223797598
222875343
222132658
224062564
222118245
221528653
222058284
223411065
222984357
224472176
222557463
221277738
221869961
221575422
223519064
222128556
222420582
222617099
223301250
221245128
222085929
221694932
223845013
222189851
223474263
223794717
222816188
222629999
222470769
222000293
223000160
222216242
222249257
222551108
222166193
222301808
222281805
222234355
222399667
222104281
223543618
223032720
223314949
223163740
223762983
221649676
221365313
223542311
221383146
221213320
222586043
221543721
221678144
222350916
221486514
222988430
221315916
222954366
222589872
223358823
223227948
222648558
222426158
222784260
224100450
221931810
222693298
224404579
222104405
222664371
222668069
223268503
222501817
222089860
221829960
223169349
224105549
222248280
222475578
222048893
222120697
222716169
223600968
220809678
223285934
223961085
222290623
223288765
223706866
221028423
221318898
222979551
223489333
222182921
222611337
222839406
222371559
222634465
221980775
222981058
222554372
223561147
224787681
222679358
221356108
221953473
220931311
222739964
221483319
222001350
223200773
222852227
222802083
221472777
223607818
221699635
222376359
223258242
221131608
222913168
223175968
222160070
221939706
221544535
222715740
223176701
222074864
221459774
222335508
221764344
222418399
224216738
221742133
222659521
223843836
221709536
223512480
221491114
222613416
223042369
221355043
221768463
221564458
222950169
222221383
222253552
222899004
223230009
221735154
221593183
224108202
222688647
222658339
223992316
221556945
222599926
222710045
222094877
222440955
221439655
222951396
222536082
223106145
221874361
223740806
222850637
222342169
223485979
223952909
223967690
222571310
222850618
221219006
222233142
222119302
222715950
222176027
223015189
223111653
222114158
222646826
220663924
222428827
221906411
223203604
222937743
221317310
223608722
222515937
221520792
221913960
223539550
223974842
222161864
221059821
222183638
222923843
223351808
222169984
222089401
222740069
222035379
221707809
223846249
221695182
221906571
220929329
221848584
222814807
222557093
222536257
222273583
222113503
222233562
221513668
221838295
224738520
222161515
222830378
222441133
222451481
223185361
223053297
221479081
222610279
222080135
221682726
220764241
224923571
224874799
222839599
221788539
221083321
222320579
222244097
223211524
221756638
221816111
221377032
224804556
223622408
222028682
223675170
223008665
221708202
222976483
222438695
222401769
221055342
221548593
221619888
222191767
222476059
220837795
222280930
222595525
223034062
222078266
222158069
223931058
222899063
223454992
222109036
222516453
222315807
215177209
218463884
215479927
214986396
215348040
213548133
214575795
213616076
218245813
215020375
213339271
213302863
212651519
214994639
211354901
214452330
217882237
214139200
211356533
210518460
213688340
213675109
215137626
211452719
213038064
214310326
214988269
213554278
215667550
214037382
214961861
219277757
214476516
215653172
214442618
211115344
213387094
215969637
215115886
216306513
216511789
217693561
211139575
218000868
213439485
213344049
217045215
220521471
216813289
215750891
215555162
215964016
215192907
214842226
214478995
216886902
209125073
215227611
213623131
214543178
212567455
213718701
214279382
216141458
211122647
210304803
214918862
212865543
212988430
213708247
216993503
212951637
213175910
215129067
211964618
212163100
216027536
212110111
213807673
217135307
213759479
215242194
212720781
213338673
213152259
214375816
213478933
213591767
212591600
214079012
214011878
213568101
213118092
215508982
214368722
213562103
214335324
212815853
213399748
213403699
215237449
215749137
213164132
214572463
210515722
210866862
214026271
210816295
213530588
209874064
214645574
216099572
210795263
213977838
214418780
214112274
213185923
215077456
214286793
216020403
214428243
211699745
213502407
214482265
216114753
214391129
213627910
212219084
213924670
215303155
212119239
214299701
212279595
216799555
211920561
216975784
218140156
211530638
216632946
212395530
218759934
213831634
212087399
217114650
211446336
211298005
212097699
216948375
213906132
214520324
212597439
213036696
217937198
215867918
214388622
214642185
214993243
212681527
215581514
211926962
213248914
217505147
213908191
215940520
213470783
213434420
215276692
209595568
210925122
212777084
212451595
213036746
215806982
214766789
213551229
219769561
214525025
213945889
214398059
212757531
214693679
219347623
222233439
214122009
213106137
213615224
213512404
213299479
211906995
215240518
214895222
214288335
212702219
217980389
210629816
213509282
214778036
209751154
213659639
211145030
212515687
215352274
212862220
212551754
216442653
215766727
214744617
215100149
214537560
216810609
215173382
213082379
215263591
216807877
214228561
217020372
213201769
213956921
212560821
214768817
214014591
215015745
213527446
211786097
213616288
213571626
214712955
214420731
216980208
213341002
215363176
214125712
217102225
212278932
214248945
214599587
213435534
212729131
213642144
217291809
216200610
213451685
214702247
212603174
213644349
212326086
215420625
214420643
215234475
213333894
216548285
213322697
216303758
211082304
213013925
214261136
213298791
215140264
214666622
215123901
214609222
211172337
213511448
213844077
213981609
217289950
214358112
216381455
214032070
215506216
218340867
214071607
213299680
211268691
213516517
214519745
214163370
213137715
213240016
216075374
216342801
213505908
213773238
214880930
211487733
215346013
213194957
214363559
213769723
215028324
219337727
216401048
215573477
213777679
214183585
217545022
217432438
212755405
216468000
216592394
212419828
216987740
211931951
215322250
213968416
217720602
214580050
215050763
212528911
212914981
218185763
214173160
214245250
219712274
217746770
218430337
217587406
213611102
217099238
218076438
213820945
213909304
219251885
215403283
215322464
214028308
213355695
212470417
214094222
216721551
215372969
213102668
215605498
214340386
216768548
216883763
213433033
214611550
215396576
217041825
214095484
211541090
212508686
214158427
214066795
212354819
214885798
214696939
214973542
215712220
211337901
212968976
211501249
214386792
215263899
212291190
215735065
213307590
215186367
216110897
213944091
217414800
214045283
213378947
213947679
214428009
216658214
213329181
213222969
214164502
215185513
216287917
215602620
216767187
215922925
212656560
211689355
213851505
213624072
213270127
213228397
213828623
213265895
215721267
213009433
215136401
214138455
213754532
214779470
211287863
214252453
214050574
217223503
212873540
214631566
211846016
212239678
212969512
214376131
215670804
215959287
212196178
214275461
217454091
214478061
216649702
211559081
216489628
213716819
214196609
214682456
213771696
214614536
213020210
213739235
215405969
218295502
213558163
213308065
213965552
214021002
211340953
213892117
211927233
216080566
214124433
213866711
213664480
217508174
215097756
216112728
214394554
215622616
216631932
212728654
214174565
213813596
216523695
213739218
214677102
212167024
214299851
213218832
212558120
209475852
214785799
212205381
212313776
214981623
215469071
215038527
214745426
214139850
214045262
213432058
211774412
214640527
211299604
215151976
215959035
214885051
214437164
215870510
212484011
212128229
212450866
212553826
210053414
211580641
212818425
214590656
218182246
213620546
216928311
214291143
215583570
213829130
211127976
213887054
214216999
211257883
212958942
212429314
216903617
214764352
215308853
215459605
214993640
212516749
218453666
213568235
212292430
214902010
214024081
214665298
213869955
214656273
215490076
213558539
214117815
213303234
213480791
216692947
213496912
215841115
213781342
213646181
213294701
216424360
213597494
216163209
212221466
214394292
213566645
217256643
214336086
215070339
212034859
217333370
215203346
209738238
215437762
216009425
215496187
216941029
213866318
214423428
215118437
213400492
213045184
213054703
212644094
217015207
215962950
213854118
213159255
212672097
212950377
213352098
215817120
211483351
214407092
212642549
214211704
213088735
214985277
214417482
212309868
213771689
213264439
214365153
213972367
214209722
214226880
216699880
216061833
213088734
215241753
214971818
217411875
216110592
213602852
217936402
217938270
216065510
215791899
213128172
216080607
211218692
212277595
218693870
214884281
213641887
212936773
217113992
214311186
213185824
219391415
213376655
214027068
211135279
214950212
217597782
217566938
214374464
212869849
215352088
211980859
213774535
216745595
217105326
215077683
215272152
217063095
214314761
211657661
214973001
214501469
211928736
212129395
212447538
211872996
213781691
215044715
212444949
212914710
213005129
213642190
212004900
217040991
214806328
216311557
213811236
217240380
212498763
213412135
219729073
212396918
214471818
212933616
212959088
213748471
217147281
212240688
214529927
216591815
212997215
216140048
217785939
216628466
213766132
213620598
213532482
213387370
214653335
216322555
216716421
217816895
212419255
217172248
213080826
212764955
213074718
216637591
210166885
211866801
211921145
213420589
215384620
212064614
217494837
213165090
214550736
213758001
214904220
212678767
211708746
216802991
212348562
217925168
215596008
214780155
211489106
213174633
214517734
215695185
211970500
214039025
212503613
216186094
214433726
214712282
212239470
216284199
214039608
215169060
213224742
214148789
215318150
214350235
213024467
213549428
213130968
213453115
215427990
216744066
213557439
215180623
215464886
211482875
213299435
212714269
217901150
218440717
214167596
213608533
212746331
211488168
218225315
215405083
217867316
213862268
215542177
212716217
216113875
214303490
213983013
211373563
215338058
214782862
212889665
212681978
213188711
212895842
215170263
214668818
214860150
214996550
213238452
214801474
214725068
210056868
213562550
213918826
211179085
215050059
215477412
213343567
214565879
216018950
212665899
211074248
215276761
216575657
215718063
213220002
214331796
213233623
211762460
212984350
213719150
212700110
219095090
213360386
214402008
215719545
217456030
214128426
214339434
215740696
216471967
213018790
217217067
217887176
215120471
213150557
211190982
214210730
213382519
216489722
216818611
212453186
212134573
213538445
214379562
215780617
216284935
212905626
216036544
216057424
216276504
212695406
213876512
213701800
212912075
212160269
214828799
214370514
215527345
216395818
212791089
216259109
217800271
215123971
218941662
213584333
212117453
213585777
214089185
213600879
213800827
216216011
217102206
215473304
211677687
213753451
213443621
215444426
212911523
216980656
216390818
214443388
217841231
217783247
211606055
213838033
210930417
213758789
216247476
217432741
213590843
216488402
212711054
214399460
212799798
212377864
211525149
216828651
216246455
214132010
216419042
216592641
215678319
215035712
217379180
213544270
213189752
213162256
213863735
210819846
212326075
217915186
215653780
216825900
213644777
214369321
214353486
213905681
213835530
213492035
216403038
217124021
214923751
211144896
214152570
216735876
211621409
214284859
211023257
217626531
213795460
213858276
215038961
216388228
215191394
216186454
213660982
215528271
212296180
215376373
211760778
209425228
213929239
214766203
212570752
216081073
217104111
215489539
218828474
214580552
213256960
215144990
217620642
213954484
217310052
214156464
214063012
213347853
215854291
215332964
215493966
214598244
215421781
214428452
214677314
212860793
213238651
213740437
215820958
213705382
209583977
213786895
214261414
213379494
217438145
213452088
213039396
213140635
212103227
212482209
214906598
213415698
212575837
214777701
212430876
212552805
215845614
213963395
212964415
214094809
213773113
214396124
214250611
212881439
212682106
213572219
210836707
212366736
212513877
211853045
214798526
214175985
212212311
215111298
212665635
213665485
212526470
214335081
213552393
212428033
212800375
217696332
214691826
211231652
216302619
213686701
217135435
216299533
215553250
213961398
212618435
213706159
213051858
217180170
217406444
213171545
212223256
210602010
217951060
214723957
216288957
213742086
212484405
213058249
213462784
213659821
214142812
214609821
214957129
211814416
215367005
216867690
216296750
212862944
212869264
213727181
213568701
213509043
211654827
216190457
212662945
218425281
212126598
213209649
216232423
211960152
211581098
213416704
212448155
215701436
212167698
215357939
213195555
212986229
217606678
215389704
215320793
214737810
214044513
216495012
213992874
213244029
213225827
216811966
211776056
216406362
215152961
211784224
214813472
210682752
213965946
211970622
212101094
212753951
215172950
218777036
213500618
216486218
214489239
212879663
215508307
213756967
212655380
213007328
212527952
213858070
214555045
213220427
215289806
214237403
215028504
213237305
213746824
212262917
212062775
211121270
212991720
211048373
213482023
217364111
215072009
213627177
213036408
214570066
212827257
210361033
214632773
212640508
212781741
212774077
213879765
217784293
211237321
213363692
215714363
211995915
212285564
211654788
216279619
214189065
215146598
218414371
212182911
214860123
212933875
215426140
218348321
212759572
211871387
211274829
211940090
212753108
213954218
211987465
215046215
212766968
215076087
216402398
213657777
214277259
215488372
213374692
216464600
218164206
218386549
214087167
213090441
214953499
212468239
213157708
213468583
214925568
212964927
217540035
213206827
218592123
213748771
213062716
213045653
213678655
210577541
211657907
213334787
211484430
212051472
214073767
216816139
212499314
216109583
211863187
215157480
211163446
214175233
210842413
214584429
213507817
213094498
212614705
213553979
213771020
213914069
212931284
214835083
217567749
213373369
213097665
214267193
214507733
214644357
215964574
213060277
215949895
212559422
213141793
212413385
213850676
213338601
212598959
212772127
215049125
210518616
217610978
215648947
213851521
215833190
212596960
213213205
213635475
214809864
213615850
215881517
210174658
217113848
213020876
216271701
210566647
213580972
209998865
212471938
215942996
211785362
214890922
212130085
217560841
214363391
212876452
213509251
213364310
212924927
215935374
214509855
214098295
211775069
213779242
212805977
213113162
211194409
213411477
215890712
214483204
213327386
212523598
214080320
214877349
213128727
215762254
216600702
212713788
215673631
213459854
213335478
212477624
213301974
214797427
212765357
215240078
213969141
211047621
211402568
213230927
216405451
216176409
216408031
213269695
214468312
214192202
214123959
211574395
214687781
217131227
212502914
213672359
211807777
212551937
212456383
214755657
212657367
215471845
213755541
214096392
211088648
213758838
211784671
211186162
212343979
212805215
212512041
211981902
213846247
211488290
214965394
212436581
217829304
213313587
214884402
211369424
214413596
217405946
211450874
216640591
212704711
215568836
213931175
216384851
213143904
212666686
211788381
212129694
213810438
213760466
212836091
212630653
213719775
214140199
212144044
216187521
214154628
212414176
213886225
212099746
215519494
214412303
212245291
211281020
214445025
213753810
216051870
214247822
214439153
211593248
211759900
212772614
213316599
214408663
212447226
211643648
213428630
216923945
211937020
214757283
211342502
210531214
212340639
212013424
211933788
209811044
214611783
211547842
215467349
218319756
216883894
213537668
216278792
212987812
210540295
215233186
212938536
216706416
211973971
215458709
213406169
216711249
213417575
213752321
216189247
215601527
212943150
215234313
213466347
214196291
211446735
212401051
213064477
215376510
211890900
213486602
212540054
214960584
214038519
214611642
212778300
210422214
215852839
215374467
213468906
214918618
214531854
213678543
212686656
213143525
213225183
213867311
216132240
213761425
211050866
214016765
215040250
212859545
213273686
214122782
213110715
213711836
214996588
214168201
213529439
211788038
216301721
212865846
214183392
214842338
216183359
210782249
212961692
214192502
215453419
216574252
215553281
211704085
214727544
217812510
214026641
217011148
212595479
215502525
212598262
211557879
213414720
216385592
214923834
213029700
215719608
212291801
213633602
212390123
214963937
212135208
214640836
215341831
213369608
211719033
209701613
217795350
216906746
215261703
216596622
211916894
212953859
213180517
214186433
215302488
213378612
212619602
213111149
213199847
213498921
211357713
216460810
214129954
215567963
215899294
212323858
212287084
212057623
214871393
214428913
214535370
214897206
213657874
213229907
214717928
213043315
213149107
214764692
211294910
215581916
216681094
213896469
214491269
213264316
212966485
213364527
215485849
213196060
213826667
213156168
213005239
214349530
216173840
215494102
211203910
216204263
213950772
215565981
213935645
213303774
211747714
213318659
214695657
216423641
213679794
214972167
213841801
214820932
215262947
211903633
212784869
213571344
213090331
212561283
220951414
213136814
214654981
213216767
214570685
216153357
214870352
210943702
214064666
211460192
212996815
211333024
212613482
213010194
212840972
213684163
215132812
211726679
214372734
215004311
211405015
214430832
215180720
218215011
212463897
211148167
212512770
211897659
216876317
215348857
215944570
212960170
213954147
216007535
215312237
215351814
215163826
213861431
218152246
217677478
215159026
214209438
213537185
213421853
210454524
211610111
216787907
215900646
215847464
219115202
212875395
212098941
215975046
213046371
214545733
215767819
216956518
219424565
218229492
213405071
213668303
216078295
213371816
211524729
213457013
214729579
215387748
214049651
213351602
216911078
211994826
212598314
214338716
212812526
211330040
213376231
211250922
216296134
217614833
212529199
217994833
213278747
215318324
213499249
214262747
215064185
212026843
213726722
216075818
216204926
214426108
214757154
212824473
215728385
216531688
215647449
213958595
213912171
212993012
212912315
213531485
211657965
212079453
219032151
214185917
213881607
217657219
217921847
212733778
213237482
214179840
211615401
212893389
214470433
211699634
217324262
218118634
213377638
216031223
214963049
213495180
211581548
213901871
211295797
213307339
213649050
213597541
214093509
216032840
213672121
214659063
216250389
211403816
209738616
212798990
213623829
211798545
216892400
216199568
216086452
214373123
212491175
213117325
213448418
212142237
212574489
214999341
212597507
214699038
215203181
215856141
212386761
216010489
215597221
212271680
214269970
214264307
218949605
215905128
212650045
213023647
213759626
212951215
212356731
213250670
213538064
212551560
216783324
215322992
214043830
214576658
211773084
212083767
212905106
214799012
213589485
215372909
215698957
212098268
215277631
215837365
217161660
215828616
213121417
210084214
220446829
213750732
213919989
211737214
213319719
211981628
209987133
215138429
213369155
211660088
216373976
213680083
217893430
214492743
213798581
210218866
214690090
213744010
213362227
214685648
213194170
214496895
213603260
214208477
212188778
214629236
216557026
214525627
213885953
213157716
213434428
214844929
216351050
215803312
209841838
212927190
213039551
214392200
214976978
216702141
217577178
212196050
213834560
210814686
216624794
214002581
214219751
216180618
215897691
214802701
212334755
216198963
214746190
214172699
213607947
215664548
215518057
213716703
214158552
214388091
214847375
214248958
215765039
217322862
213363804
213079967
211981875
213451713
215023127
216228752
213915973
214085516
214097377
214573298
212447311
217038413
215335522
215705025
217812241
215845424
214373201
212864157
218317681
215455059
215116435
214955929
214755545
212865822
217053452
211070339
215405839
215137099
216414369
213138680
213538021
212216916
217463518
213397737
214666919
213171680
212685196
215524123
213528491
213412969
215252445
213249602
217284407
214928520
213483015
213117122
215691160
215589203
210602974
215687144
211329638
212567816
215332901
214138070
216323282
216703578
214666645
211536338
211474598
212547887
217079217
214892569
218362586
216256476
213718762
215836917
215624004
214319607
215897753
214355521
213251012
218285500
214267192
213038170
213103393
213458343
212401259
210935003
212209272
213481463
213302873
212687944
212587515
215774868
214801407
217048603
214277710
214164996
216397077
215375205
214610030
212936961
211937587
216971122
216359787
215190243
214079124
215588843
213995615
214467781
217358422
212620823
212363227
214701661
215397177
211574625
214838721
216067529
214319821
212256810
214840556
216255478
211217356
213883661
215798941
213537809
214219679
211468016
212795751
213969090
214083816
214259882
212880227
214146079
213793406
212968100
214269581
212675874
212577603
216138412
214691841
213856220
213459153
213556526
213989722
212381557
214424150
214619817
216078789
213244975
212657196
213964560
213809389
216605941
214646105
214259484
213861176
213723095
212682879
214820675
214278628
215064550
213997496
212962216
213149721
218843053
213700210
214370542
213964109
216401533
214912472
213024419
213323770
217277583
212199458
211922124
215353324
214838181
216466732
211134497
211415184
212043094
213671913
213274598
217247087
214400154
213362101
214874794
218291299
214883086
214897098
212076747
213702523
213405262
212569418
212608683
215055333
214970221
212348576
214781750
214287285
214338163
217049625
212603321
213587536
212257789
211878072
215400669
213741553
213413809
216080322
213742734
214638258
212279218
214311913
216290197
216073316
214295123
213236807
216397104
214113350
214112586
212165597
213301761
213804572
213539860
214303899
211928524
213306520
212109873
213130692
217139679
216609428
213029017
215402420
216765649
213746728
214070219
213076130
212392058
217728159
217595236
216296226
212549489
213635116
212164478
211620174
213778105
212509508
212672883
211781829
213205283
214810887
214807748
217144491
214707900
214743646
218516824
211193615
214277266
217859111
213576642
214119070
217556768
212456251
213428646
213567505
213133599
216040516
215462899
213603930
212678253
212496490
213817722
214789567
211273872
214993743
217354409
217914321
215759378
213134585
213153779
218704272
213648926
214095042
213666188
214931080
221075993
213175685
216774979
213943833
210635050
213999990
217492244
213085516
212767981
213953909
214749633
212627386
217678224
214142371
213927409
215164248
215591334
215780190
213786627
214980054
211492008
214962093
214657173
214888966
214331403
213514459
216655996
215295990
212480725
212907878
216313944
214074933
213654286
212263422
214000710
214723383
211940374
212432128
215587860
211165407
212993474
211517244
215056117
210903936
212841304
213335995
213788661
212918962
214198454
211992107
213961620
211577760
213458674
212469058
212309526
213913064
210850572
217551433
215711859
219834384
214548669
212765293
211649593
214856857
213820597
214500229
213726859
210722425
210507077
216607988
214021823
214373150
212947533
212978732
215664290
215604210
213844101
213536907
214721536
213797312
217722575
220134389
213321867
213155415
213899803
213501588
213655644
212027662
212075402
214441678
213982355
216704468
210413763
212073142
214411988
213023214
213293336
217555212
212182718
210828365
211881375
213067913
210092948
214316987
211583935
212441060
212976732
211345282
211698096
212639472
212902054
217333574
213860643
215730395
217735944
217356039
213395918
217973696
214905823
212769667
213351770
211619251
212390454
212165091
215654541
213789930
216781010
212393255
212849069
215007932
213020731
212401330
213104886
214661783
213627959
213722001
213663974
216985248
214102733
213595343
213087777
215300908
213046764
214451266
213188447
212680142
212906869
215902989
211504027
215627031
216303748
216901071
213155883
213554729
217662225
211461332
214866484
215001392
210853577
214666375
218549719
213935967
212306549
215804077
213070978
213112472
211628667
213576391
213685801
213381400
216039942
215028515
213859896
213070465
212393580
213477572
214040263
211129285
212579508
216395343
214752024
212119338
214587111
210682020
217522774
212807346
218324608
214652300
215126098
213643053
212432327
216600938
212971546
215687177
219999431
216922975
214411268
216424276
212342648
214613147
212386562
214146897
213224182
213518234
216194962
213019972
214866776
213198511
210601500
212068349
214307373
212541884
211739225
216456571
213453672
213295375
216312308
213108171
214859117
212840880
212641394
213681248
212147829
210369073
213492424
211560290
211771977
211912356
216750003
213553719
213469139
212390724
212864704
214540624
213119764
211036214
212188824
213635727
213852219
212849027
212089364
214501208
214540767
213632074
211739485
215268360
212729707
213839471
213841201
211031802
210049657
212461701
219232037
214998765
213529912
214462034
211216928
211586709
212655466
213932010
211738111
212705602
212757332
214367733
212588305
215600886
212948305
213078388
217053563
214360155
214465737
212483287
216269700
218653556
214686841
216534888
213592289
214751075
214189237
216352382
212203587
211619430
216444300
212098215
212224322
215529265
217881690
213422188
212286398
215592786
211966947
210580722
214996302
212457983
212598367
217755950
213344874
218537337
215099938
213043182
214301360
212557103
212408370
212502565
213458235
212447067
214303680
215144488
214461228
217058694
213764816
210371196
214330339
209841859
212454050
214020391
212792651
211431424
212614637
215238679
212754198
214089776
214001472
215096183
212217949
214754930
213708616
215569302
217023808
214086845
216748073
213165552
214994123
214187023
216260722
212364696
216138859
212137489
214366607
211994954
212514572
214712265
216680878
215664068
212040529
212588019
211627723
211956866
213263216
215350572
211229514
216821589
215654691
213501945
216544070
216087547
214948649
212922795
214726670
215277156
212948305
214552017
216183701
213900426
213761207
211637437
217068679
214969229
211748169
212482981
215078089
213913033
212217977
215325951
215167256
213385586
213553198
215293923
216174881
216855235
212833612
215152724
212395192
213245224
212692693
216380097
213763140
212011177
215877235
217718094
213266030
211527273
212197093
212685635
212824346
211652011
214644618
213872949
210989599
216576704
216982414
214291084
216635674
216076071
214237969
214530666
215585384
213441746
214483860
218887104
214735720
213404375
215572981
215776328
213839952
216521805
214042334
212769299
214679608
214541701
213627261
216136965
218022581
218881874
215030304
213697870
216865869
218748928
215729024
214376066
216404129
215596123
215327377
217520385
216494431
216953950
213546622
212915216
213137182
213458938
212561637
212107661
213107324
216742771
212162347
212486839
214797609
214340109
214496931
210341567
213636853
213500522
218424577
210649957
215741133
211667181
213053253
218166179
212479507
213947352
215465702
215196151
214468794
213679611
217097642
211702763
214157641
214642144
213279758
213567671
213077562
212883847
213847521
213399803
212704293
211785893
213944937
213015334
213260916
213526665
213008700
216216420
215416522
214375313
216259452
213506801
215093378
216153982
213692534
213988679
213258733
210521062
214456397
216899862
213813685
212191790
212661837
215437549
215000163
213677590
213163537
212493472
213143714
213618088
216236919
213830369
215855119
213698783
213988219
212876767
214242822
213794387
212733210
215892576
217210612
216538936
217174992
214319645
214913940
211165960
214038138
214408390
212207520
216106628
212975360
212798508
215535522
217045616
213557893
213425301
215387440
211705554
214705213
212952533
212524156
213227907
211152780
218407984
215447073
212891563
214802362
214048991
215093865
218271110
218196582
217082186
215470929
215579180
212761685
217486659
214396814
213440756
215087837
212906630
213634130
215173422
212455617
213160764
211875102
216039674
215518745
215700557
212897144
214854610
214102066
213860415
213749035
212797825
215655779
213287267
215870402
210339245
218010065
213759333
216159744
213619850
213778540
212014785
217487806
218536164
213215288
217620461
213498685
217958401
214833386
213756225
214106995
213395939
215611156
213402008
217240049
215215346
214565537
214256569
211904070
216340728
212256610
213556098
212977760
212188439
211970748
214553870
214918173
213558131
215570406
215242092
217166275
218998607
214346247
217777411
217631210
215665207
213708567
215159554
213507359
215038450
216559646
215550174
217944181
213051931
215671966
213310081
215108517
217047532
213109220
214406082
211718748
215959666
214531072
214771998
215195183
211214037
213061028
209936116
212561839
212867540
216325755
214335817
211896212
214458563
217109038
215622508
213857699
215458286
217070099
213851615
215625090
214901136
212764160
215680572
215531966
210855093
215136584
213560925
211210198
210038236
212437910
213642490
213365959
212825541
212616747
213086555
214340043
216876989
215343699
213377312
212386135
213688266
216836529
212875873
214007962
213055084
216874335
213786171
212535133
217437719
216602622
212835449
213004810
215137056
217216241
215588307
214786872
214683413
213391764
212646310
218766634
218231677
214647309
214253318
220509953
214047160
214912320
213536566
216579304
213415050
212841739
219144944
217902280
214069280
213647605
213888209
213099543
214031224
211592621
212381270
215462316
213377297
212389267
216445843
214369553
217303871
211224364
213585112
210288567
213671157
216066987
214699201
215023055
211397887
213036899
213248599
215027222
215288071
215022555
213485289
212525751
214384196
213479865
213111711
213721279
215161255
216530081
218477173
218024203
213932754
212943132
216061247
217441630
214968426
213713029
217083430
216805944
217723896
217293898
213018625
215880517
217462336
212870027
217011553
215157029
214550917
214751022
214585838
212641549
210556704
213456224
213070231
214291609
217610853
214493167
212666230
214367959
214605182
213747945
212171770
215391287
216081543
212465976
215980547
212619632
212262706
212833839
214324879
211999687
213525585
215903577
216844391
213173235
214433437
213213683
213107574
216226944
212649277
212605793
215507362
216241546
216986849
212822971
217908297
212236176
213463333
212998961
211786845
215243726
213678539
215364086
213398848
215851802
220364144
218961538
212310751
214327155
217502703
213564699
213259450
215183371
214623020
214335486
213829475
214536611
213174589
217524485
214888786
215535799
214524485
214015561
212828078
214674481
215242095
213723043
211939822
213188460
213414108
213414584
213643840
212318603
213879465
214032839
219113014
213782928
212749380
213439365
211572537
212408041
216949199
216671788
213349639
214066280
215149306
213118667
211977304
212207063
214196350
213697679
215442442
216398573
214232936
214656856
216325322
216561033
214821541
213442203
217961613
214253954
214671074
212840072
219100798
213383819
215262112
217041500
215793977
213509371
213462513
214728169
216731436
213713284
212520995
213485321
218283514
217077167
211848039
212776715
213136359
211727629
213495900
213047525
212338895
214757678
213166963
217344608
215378941
215070419
214483975
215884439
214614391
218350857
212954938
217719323
214580577
213449370
212502133
220136960
213468799
215705882
214106078
214955234
214963061
216564487
218180239
215654644
213548901
212683897
216385480
214251828
217248514
212301169
213190995
212742230
217611196
211538840
218059439
216102956
214340715
212026862
217181548
211739939
212258681
212569252
214044624
214843879
215008575
213350009
214142412
211807985
212041469
216650342
215238184
215748765
214171479
213370278
215298632
216782572
216671411
214286185
212308636
215877474
212265200
217964190
213734100
213943279
216054667
213348511
213567842
215115715
220220466
218368966
213805583
212132884
216770117
212911704
215135469
214954670
218234655
213014091
217857747
213099256
213689026
211025654
212749550
217265313
215062153
212561643
214254261
214851270
213978082
211102686
217228949
215837582
214816232
212519411
214836220
213128645
214034539
214252694
213830690
212473276
212504893
212629290
213221784
215849028
213712046
213757239
212807763
212602961
212840868
215573209
216459043
212396827
217283526
213904673
213281067
214458329
214041146
210307208
214912096
214004262
211909784
213734228
213031537
213708102
214504608
215455562
214749433
213717309
214460792
215390582
214138442
214452172
213050328
216271296
211568826
214357832
213447340
212157316
214074537
215122339
216606546
214311461
215725920
214006050
215386950
215533346
215104009
214248879
213971326
212967764
212999313
212424089
218483686
214757090
211711121
213968780
216156214
214387558
214426959
216815778
216670598
212939050
215224792
215521776
215979480
216173576
212469258
215845027
214875011
214845631
214407524
213440908
214141555
213291385
216949559
213826324
213727537
215296863
218854088
213514809
213365757
212431357
213377344
214686380
218103436
214032312
218794201
214387807
215000791
213021356
212522791
214332688
215717580
212642005
214887135
213993400
213135293
213600802
219616445
214660517
213452154
213766459
213929918
213083049
213736450
213159200
213020453
213969398
213046705
216979463
215099558
216897430
211880504
212767136
212706350
213146497
213107594
215273010
213477054
212434957
211912602
209927997
215185049
212853076
212472746
212610361
214784744
214348514
213606912
213244481
212927951
214553970
218233650
215739887
216056094
212790752
213618894
218264306
212749737
214840693
213470572
216639097
214204379
214865771
214422327
213402715
215112720
214403709
212889140
214506697
212498974
216559407
213636877
213165683
212338027
214777329
214770333
215778396
213883763
216037669
216323075
212858530
216323734
215278005
213701530
213181115
213616452
212656857
213642379
213730544
214385031
212014309
214192414
214882468
212490389
212619676
213169975
211488285
214312548
214271320
215731259
213824131
213792623
213987595
214081676
210024096
212696626
215159235
214579301
220155670
212419026
213469065
216856484
213624397
213690261
213691650
212293403
214835380
213591372
213195052
211785648
219102021
215957679
216680832
215913977
216195923
213628864
213097048
216484465
214527557
216755658
213757930
216995100
216978457
216246873
217273747
216416383
216305040
212842026
213416686
214323620
214345647
216472608
218194096
216048721
214760866
214054872
213160923
213472150
214582633
213338118
212831878
211689615
212848955
216181399
214919786
213291605
214918909
214205859
215551557
213462170
212760365
215651230
212310366
213748303
217977550
216121524
215632696
212523731
213368911
213862393
215040062
216182943
214812812
214295249
213980071
214315035
213126335
217090424
214463159
213844600
213067133
216178927
215887787
215308236
215497037
218219768
218251437
215059929
211680795
215937982
213552820
216556076
213822782
214261436
217990023
216471241
213553855
215728655
217417183
211154871
215825539
217654468
218230729
215614156
215201495
214831693
213621411
212495835
212675616
212456849
212900498
217771727
216947389
211963279
214254292
216725005
211479240
213711702
214245814
214834650
211363283
212697542
219628024
210963310
216586390
212947070
215713488
214112096
213539365
215094657
212812254
215447338
214760290
215990876
214123672
217960593
215519333
215289892
214058407
213421060
214843732
212452516
219337692
214048739
214014191
214192886
213880317
213280107
213786314
214373568
214482166
211530718
215460393
213364011
215532039
215737590
213033598
213354146
213368606
212949240
215361079
216247709
213671722
213544652
212262016
214137317
217286658
213615372
216477170
214033788
216588574
213936628
217947541
214190784
214881609
214655015
213624839
216741972
216743807
212240233
213376864
212882142
213497437
213065325
213796637
218664802
215508069
214843754
216540097
218327292
216053751
213864868
214490929
215248771
220406097
215169482
215769721
213264376
214699086
218266765
214924553
218456373
217801870
213029477
215949907
213445382
214595170
216424805
216076912
212174868
214674598
218568485
211950001
213960476
216432479
213971234
213476326
213487011
214304161
212848677
216856739
212825588
213141071
213440766
215472103
215147223
213350972
213868344
213466287
214019166
213330639
214853335
214222026
215185577
212622060
215052767
215724941
218813234
212912733
212714030
216335273
215445846
217740640
215278011
214935173
215165769
213769535
216429002
212590363
216339729
214220668
216981905
215051834
213902995
211520535
218204153
215491365
217954543
212972430
210955152
217957392
217329167
214056788
212980828
212057104
210812192
215254373
213885032
215980449
213008089
212703057
216478004
213163883
216686390
216563642
215624865
212601012
214252851
214718623
215418342
215425899
213447150
217731742
215608014
217557259
212998732
213717696
212182075
214363301
215294609
212442651
213507130
213810161
212327371
217540117
214470454
214846802
212638645
212969353
211188772
211470486
213010830
214777923
213814247
211752920
217548728
215768393
214956921
215807198
214614572
217208897
212628248
215749861
214203978
215063433
216720935
214496831
217151914
211156225
213390285
213504911
219347837
213582323
212530860
214931721
217131860
212400065
212836756
218003783
219781894
213753965
216669445
214688931
212138952
214747655
214797863
215239873
215651479
217593815
212446526
215734564
217666979
214048695
215553676
213390459
216913862
215357151
214131845
213815679
219082071
216374300
215170497
215989721
214419179
217698892
213860750
212903125
214733605
213071024
213462912
214525054
214652316
216171452
215903587
214078079
214821725
215939283
212887718
215057895
214556653
217087864
214705951
217043457
214577256
212251610
214316288
217264028
213297115
215762526
213375785
214021425
213533460
217909345
214140844
214528566
217255632
217808182
211533160
213706907
212961375
214000663
214715988
212278733
214093613
212644299
215758732
215200262
214945169
216251852
215424817
214737267
213818330
216836996
217229586
214595873
215696344
213633452
214044958
215471225
213048998
211831682
215158292
215907664
214769324
215498536
212119884
216992357
214152976
213509913
211294051
215955654
214392187
213130743
214182442
214394511
214508691
214121686
212709524
216420408
211818302
214239546
214700226
214099403
214565781
209942247
214531692
214722191
214569662
215081801
214349057
217595395
211971768
214788395
214791523
213973763
213915915
212746961
213352099
213350390
212352569
215093381
215271189
213261304
213622452
218654629
216220003
214756806
215400927
214079662
213905514
213028664
214482935
214029267
216612439
217802182
216040925
214922874
215718626
213839252
213330113
211627636
214826160
212331754
213216279
211749683
214268236
213169265
217247948
214702470
214906013
213974512
214825169
213318100
215279232
215263960
213591925
214603596
215403103
214984832
213581377
217237149
212544512
213798775
213962569
215069064
214083262
214219671
214203374
213580630
212119835
217521556
211126720
216452238
213966422
211481717
209615458
212814258
211678062
215994590
217114876
217575031
213491286
212769621
212778059
217253232
212104434
214899771
215545023
213689640
212854862
213631817
214590523
210785793
217665630
212579191
214776448
213790575
215465142
211053951
216586509
215754046
211705596
214462625
216561819
212494948
211438420
214704517
212053500
216190219
212554034
215393726
213823365
212399953
212599261
211548389
210681817
213261274
212927834
211840113
212796136
212678905
212323698
212995750
213986809
212039883
210889375
212601600
213686437
216412559
216390610
212782053
218055213
214624497
215215608
215207731
212746572
213079559
216117646
214915581
210972150
213047658
211975482
214080168
214250867
212907165
213762324
212349997
211444069
212382435
210566804
215631317
215325036
214716323
212532712
216768906
213532370
213006154
216169203
213549091
213162507
213394581
210108308
211917129
212541110
213655088
216529433
218220809
212735444
213974549
212461538
212774528
214514105
210392576
216685609
219398121
215842742
211753498
216512270
212279723
211823503
212314621
213831701
212358919
217201556
212838762
216509326
214325028
212971648
216680327
213335108
212393991
212275216
212918575
214496442
216003545
211087639
211080895
210984448
212510239
216486639
215192638
213500295
213555086
214150587
212972618
214069017
214015149
215304769
214544425
213449542
214306797
217288572
213393832
212835286
213491876
211719022
213645441
211830541
213631323
210335518
215445280
213610621
212563612
215794720
216200850
212011416
212059176
211851571
216687988
211023212
213211844
213521432
212669639
213034242
213349704
216152141
215237711
212370122
211333781
212665270
215856799
216854325
212245680
216146821
214681801
212604406
214369199
213363669
213543785
214064292
211993876
214400350
211942080
210951896
211742825
215014090
215181083
216398490
211820761
217940098
214621503
212467993
211384863
211862341
213732218
212136340
214516234
212526941
217389839
212877822
211172787
212181658
210651551
212121551
212887578
212646779
215491990
212094548
210865135
211152047
216991109
210454447
211884651
212033530
211768419
213353698
213781617
214672210
211578183
212403902
214020051
211706850
214315907
215916307
215541780
212519081
211682827
212960126
212512910
214826825
214554056
214422227
211832167
215774061
215522115
212087337
213113942
213191523
213254250
213282189
212231005
211632073
211538352
216311992
212383879
215018942
214693122
210782718
213675436
215839467
212878834
213119602
215677688
213122349
212917881
211208186
217738545
211370319
210893182
212914926
213647965
213171606
213925250
211760163
214690356
213684382
212947799
212845201
213999738
212969812
214096758
213460950
212266249
212977631
215000546
209970809
211877757
214888805
212586145
211428493
213010786
212651167
212346977
213814447
214027774
212332123
211737667
210773778
214084730
214537292
211494814
214345151
216470971
214958819
211762471
211663607
215722010
212905240
215900539
213008212
212241995
216083513
215609161
215423750
216333044
212768260
214418879
211835559
217118152
212968689
212202029
214669939
213082696
211716523
212390331
212077132
212220055
212696215
213414885
215225902
213992124
213048770
214932113
212697126
215565815
211831450
212790514
212595400
215832130
215463479
213093871
216295474
217235783
213500337
217133500
216176653
215979273
213424626
214766429
211327492
213185160
213220276
211877136
215052702
212076465
212326067
212890077
210571337
215094165
210623511
211853604
215180934
213533790
212543237
217298774
214444372
213746272
216480120
212696275
213692710
217809392
211967323
214625080
213278731
213661172
217407848
214154771
214438388
212887282
213266964
213512837
213102533
212457946
213756151
212954138
214028862
214598639
213315848
213485915
217997430
213155233
212193093
212500741
214592790
214296092
213201121
215541493
214988675
214826792
215130833
213779643
211741437
212648025
212404656
213752341
212938709
213047700
213657409
212013482
211860819
216668785
212730576
215945721
214287796
215765928
214910896
214322810
214670373
215623375
213598739
214296844
216699746
212907090
213985081
209607728
214116103
218797719
215132351
213844398
216050285
213167315
217547748
212873137
217591277
218753723
216909903
215229109
212418408
213919965
213770986
215046314
216987431
216214244
216968984
219077050
213543359
215590532
212148086
213550259
216814410
215097231
211867296
216287195
212009050
214200754
214168673
212149582
212739676
215680037
213927807
211584287
212939708
212482531
212729946
212770402
212807607
218524905
214655290
216035248
216823399
212958450
213132557
212789201
214079510
213181884
214745850
212762174
212983862
216968565
214247736
212206732
213356527
208667504
217632046
215854782
213444292
214269493
213739128
215107215
212144860
215261146
214212186
214228685
212308632
211279886
216602216
214285166
215421839
215150300
213682148
213379981
216822062
218370146
214722826
215834981
212301825
213099874
211324935
215194981
216511405
214749319
211825318
211732751
213948774
215392057
213492398
213849787
214174295
215767042
218707726
212233119
214170017
212079704
211740534
217592604
218938467
214718237
214368928
213574973
213028970
216099031
213201622
215495000
211570550
214221189
210953896
216698279
214795538
216053389
214009702
214322400
214397681
214596832
212980144
214847099
213415798
214121849
218176056
214536064
213857783
214645067
214057545
215411008
212000807
213893216
213900840
212862165
211439781
217890336
217647258
214189060
217884819
214704761
213351317
213022934
215662021
214745670
217734713
219167445
214487275
213349352
212789944
212893865
213770218
214097630
214664895
213853768
217480672
215441708
216075694
213946882
217350707
214668431
212939193
214556442
212128520
212315305
215262484
215552950
211700107
214168042
214804088
211318454
216427770
216652440
214460312
213615048
214300915
213394824
215039126
213204052
212313211
214574451
215160795
218628270
216603782
214740798
212709714
213477882
212803686
217375503
216537574
213502593
215464376
215879281
210942748
219038018
216100649
215459969
213387027
212293386
211635879
215396628
216409363
215018355
213683027
214652626
217330285
214513790
212572285
215405485
212024390
213628415
214550658
211630223
213763571
213816715
214214720
217007747
218734110
213863128
213299553
213700980
214350078
216115682
216884211
212584462
215277992
213500623
215596601
215325239
212573850
212293745
211567928
212172805
214075843
214269965
213363842
217539072
218383433
212689162
214468037
212964116
212834429
215101137
212149611
213886397
216065280
215113605
210806726
212762753
218503620
213670460
211108965
213785996
211579572
213968251
214952069
209890586
213829125
214108749
212230333
216297496
214409823
214713686
211804558
211536217
211815226
212982302
212471320
213166935
216060718
213186344
211719626
213511470
209906707
213311143
211040682
214775431
212386511
215481890
213877016
215977739
212798667
211723842
210189247
214436200
214886730
213167262
214893330
213624935
213955663
213038084
217242649
215460060
215190721
215639433
213685561
216623834
215520563
214079204
212274696
212689042
214234145
211320430
213575915
215623245
212815279
212240935
213877187
217968004
214050627
214337133
212965126
209600624
211318484
212347792
211137863
216430274
211052109
217080476
216504892
212496006
212745462
213147370
214026688
219290054
212530330
213897841
216585128
210964210
215851389
211273007
212084283
210708334
212733403
212591787
211887364
213869360
213058434
212503066
212249631
213208963
212236923
215780236
212966211
214103613
213571041
212390512
213068200
213567163
213293934
215709133
212380042
211342278
209757069
213013426
212644409
211838999
211715052
214613551
210592564
213775898
216921366
212715314
211884234
211339775
215638050
215098914
215488755
213250042
213099707
210241092
217273223
214482463
213356805
213911395
214987930
209664930
212120470
217753592
216709721
212997281
213347295
214036345
214982605
217386272
213914318
216199128
212429007
213536283
211140448
214218133
214027356
212719341
211854816
212137824
211871350
214376578
211698992
214441933
214486165
216122558
212404062
212573430
213022011
214437491
212987423
215036679
212356993
216784351
215728887
210973949
217483114
213260445
215739644
213128786
215083383
215184806
213976961
213967230
216282989
212375277
211868167
213649209
212877484
213998862
213689316
212165498
210583056
213210954
212805275
216461018
212749841
213178520
211356737
215894706
212804157
214036625
212445954
212809974
217003509
212693126
213381506
212606042
214966160
211627377
214391026
210661286
211564664
216084730
214313929
216087807
210806103
212541527
215394521
217524092
213504210
210610513
214122593
211829909
215719194
214172794
213294810
212976548
210881373
213421916
212506356
212720342
213099149
214452431
211984613
215954220
213860847
212361386
213087755
214862040
212888170
211443683
215165354
214890957
213773470
216404430
215713254
212156096
213578718
214606400
212092034
212868279
213038861
210636881
213060370
211277864
213805118
215412166
212053212
213161085
212227595
216117640
213583317
212913721
215176021
213476269
211078589
212231762
213154582
215678454
212800708
211152802
214565676
213999009
213542952
210796167
215627894
211649718
212255677
215329479
215664070
213134036
212506288
214683118
212196134
213873428
216200527
215114761
216220357
215524786
215173146
213545858
209385700
213017201
212339418
212713312
215007084
212602884
212699680
212022337
214675281
210138641
210217273
212384905
213777228
214163138
212653312
215499979
212988894
212210619
213513825
210818032
211120876
211736868
212911708
212712508
217813821
214528629
213386532
216819250
217143688
210448609
214920901
214736032
212209954
214864436
214521265
213776213
213375814
213465625
212042030
215030201
212439169
216248219
215645483
215604714
212250444
213925960
212611984
213080092
211619068
213666595
209612944
215113899
213990996
214774940
215861913
214406812
214960918
210733033
211115161
211355475
219757104
213694044
217424984
213080660
213939834
214499179
211730164
214774948
213131194
215387329
212227463
209091972
210897237
211403763
211658301
213467399
211019166
215381331
212847851
212615848
212447278
213181542
211007765
213163342
212805754
214983669
216145338
212569489
215064306
211251383
212881045
211643760
212264736
216056130
211615211
210979511
211454049
213752512
217140910
213019091
212378956
214384770
214159024
212480988
213344224
217530647
214781241
213054103
214180200
216193958
214870355
213438213
211871669
213038469
211526787
213972597
216281179
213137932
214652553
215723777
216545938
213593404
213493995
215186983
212226082
212432882
212718340
212213120
211433999
216537647
216697789
217679206
216764310
213841162
214428991
215308289
212730137
212761207
212696660
215671578
214705050
217781738
211508820
214127775
212904365
215026590
212929787
212711498
211744850
212065018
211017253
213978023
214620356
214771956
212059407
211440081
213184414
214478021
213631046
212931791
213653708
210801007
212998453
213940274
212068513
212312785
214215409
215615770
214714657
210854072
211378592
213483072
213936153
212278408
211812700
213161505
211205334
212767249
217415010
212122447
211862273
216431816
212294331
212026228
212468873
210633346
211546403
211604463
212591543
212698599
215631441
213688998
212137218
210432684
211736418
213027894
211342200
212742679
214888937
215665255
212466142
214248821
217708331
216844827
216213319
214389217
217572731
210874271
213848798
213355539
213662067
213232069
213894896
213821535
211115564
217535130
208207905
211938471
213845002
215082844
211275272
214662684
213666003
212217293
216631035
212638328
210875795
214598304
211621420
214737051
212447878
213731475
214736673
213888469
212122036
215882652
212845861
214091115
215628549
214116854
213865326
215026302
214085769
213992059
214783754
213177789
217965197
212957656
212458940
217472136
213777703
216604930
216702305
213874052
215357613
212476726
212970998
211783484
213318281
211486502
212287350
212596548
212908733
212962541
213657222
216465369
212535711
210993426
212576321
212990050
211718758
217164697
215677741
213852158
214263249
213018829
217857331
212732268
211374983
211842363
209954592
215704916
214286486
213103141
215332970
213120119
216402894
215415468
215387184
211136425
213968136
214179728
214829327
214302736
214611629
215115107
214432727
211698194
216101221
216316291
212255931
212215473
215808590
214807826
217277891
212409273
214832742
219203291
212619697
214548617
215102075
215623036
211846265
213149195
215329662
215492647
214804918
211716499
215645505
215076852
213937682
217164109
215440341
210589151
213337449
213070472
214864597
214131084
211706809
212714454
220469175
212236053
211602836
214729581
212216263
212659972
214972509
213635758
213025814
213322852
214384766
213306767
213735206
211295739
213399484
213837068
212927839
216054461
215860321
211417085
212184347
213838930
218087165
216772704
216342654
215348508
213149428
213853416
214020124
211575590
213842610
213650991
212921564
212691885
212804270
212613443
211546766
213348915
210914013
213556138
212795500
212245749
212067513
211853167
214300917
216169070
212008076
213982945
214289070
218759525
213907927
212880942
214201340
212975123
214316135
215106946
212734846
212420388
218602091
212328615
213051386
212236524
211582862
214852772
216061358
217202539
213086630
211666944
214020911
215327342
213855580
212545197
211161229
211848269
215326452
210925471
213160461
212743053
214927591
210875873
217082529
214297280
213378609
218322578
217380858
213407195
212118859
213112779
213425862
212441490
215838166
217361101
216455760
214794101
211299895
213660588
213268962
213222128
213100918
215841164
215719648
214076173
214999144
212485176
211927827
214078960
210851498
211381686
212206242
215711800
211392170
216065772
217501075
212041756
216122383
216264034
214732266
211096473
212985311
212369670
214283730
213126874
214236806
215432375
212280534
217586824
215699410
213644425
216109448
213915163
212390271
212825055
213185734
213133628
217456404
213023015
212997341
217510609
212008606
211795238
211936073
218208666
212562997
214912076
212567850
212251887
213706285
213188393
216645364
214231917
211849090
214903902
211937863
212294340
214829959
212154372
212952361
214031776
213782894
211081685
216837277
215433111
213526600
214959081
211239564
214304365
213475964
214115517
214420493
216939124
213176242
215929879
214505720
214597081
211424403
212883314
215180805
214932905
215397237
209108821
215385611
214228485
214723162
214189887
212666473
212391046
213380379
211681647
214640130
211586354
211728037
216911868
212579807
214872075
215779863
213713683
214712468
215149081
212978451
214436975
214326795
212994389
215818937
215429656
212041912
212017141
213350223
216641367
214212977
210996699
211553402
211861188
214338779
211305825
216382237
213340871
213303831
214382746
215396297
214950842
216154842
216136302
214078181
215944962
213753716
216174727
215649014
214072189
216479681
214258405
215440439
212925416
211630616
213762438
214601309
212816889
217534561
217535739
214080348
212347039
216309959
211555451
214708770
214492353
215394753
213582729
213660964
212121991
212364401
212090183
216567933
218609469
212994152
215482434
214696716
211862632
210476100
213951711
213744680
213193615
216073485
210078264
213299981
213594429
212325822
216553482
216420455
215059620
212970922
216395348
212740063
211392335
217038997
212257673
217923007
213860296
211967575
212886077
210783982
210764549
211926868
208829607
214170039
215216346
212194479
211296226
213076911
212198639
211973083
215786675
212350777
212299024
214430108
213401673
215938662
214409003
213595375
211308259
215531817
213024548
214730309
213628669
213539807
212136837
212640029
211089322
212731821
211668483
218695240
215070101
214180482
213848042
211475871
214082599
215297538
216382199
213373718
216796846
215561320
211148734
212926847
212525968
215812857
215228385
213368652
213205629
211556440
215845682
217625259
212156329
214300721
213205744
215906016
212502728
212864964
212089405
210497141
210041980
214340785
214487599
212750087
211083903
213069954
213224327
214249026
214524734
210873326
211075525
213541412
214363391
212761633
216411586
217502164
214183506
211147703
212769166
212278619
213155555
214763620
217122222
216221839
212730950
213525131
212436871
212972152
210925660
213540942
212807708
209440947
213335127
211720816
211914571
211674298
214553391
217033982
213583232
211704335
217262820
212996387
211107022
209078231
212589542
211756318
209258290
214926163
210421916
215554791
211496507
216809395
212104991
211142536
213037276
213533014
214221362
213988937
215661566
215090332
216134553
215072299
212871698
217278518
212975046
211829458
212492482
213173501
213259475
214035447
217546340
212418809
212783110
214924168
217027427
213130854
212048492
212899271
213834996
212569019
214582864
212137841
217475834
211275464
212159475
213114416
216761134
213865703
215774321
215392182
216110340
216402600
211974028
212159496
214307882
216229577
212957669
218098114
212848895
213283227
210800102
211773155
212159056
218734639
211700192
213289655
213911120
213696084
214885246
218211762
217142360
213523321
213238691
215077124
211898766
212756853
214847047
213908134
212940943
212008895
215395771
215349580
211940821
214473453
213440707
211027283
212305577
211866574
214941649
216282331
214435993
216773065
214353384
215782853
213691101
214352079
213854005
214029608
212065553
212073531
211480499
214746262
213304827
209606747
212693442
214533743
216406420
215459636
212189075
217637786
214432806
209327761
212588611
213648256
209652534
216016766
214277844
212138013
213447009
213617538
213190587
213258888
215515429
212396098
213223904
210883962
217580007
218050297
214565450
212487012
210894603
211170214
212448320
214809978
211680815
213133240
212580650
211954711
214156261
212959131
211283418
216929884
212964211
215100829
212271912
214613585
216502151
212697792
214311083
214531302
213374657
216151866
214116967
213264290
212189518
213511319
213329815
212162046
212204521
211627517
217068142
214948459
214798714
214405124
211521866
212562637
211768829
213885005
215730832
214968745
211050971
217735182
216442754
213365587
216167482
213484136
212187412
212726581
213753067
213746360
214102488
211535091
216287324
215068809
214992412
212167421
215784202
213313905
212890962
212182728
215906451
212877479
214501048
212529823
213331323
213407444
213230468
212833025
214405090
216884931
212332453
213200443
216398173
215177049
215615738
209768712
212112533
210907852
211239694
214884256
213142670
212605394
212789038
213786270
214398616
210235399
211840804
216780774
215283700
213135323
211781420
214036093
215154970
214832731
212571879
212086957
215436991
212307863
213358744
216664711
211169172
214465604
212786781
213975939
214696367
214755306
214729138
214194807
216444490
213447110
217257409
214944119
212693062
217269890
212073930
212537413
215031437
212626394
212891828
217247128
211188287
220397305
216022097
218657781
211883863
213947432
210522563
211752448
213460703
210911347
213135133
210862479
211549007
217256621
212158676
212457374
211665738
211118460
210518366
214769465
211160572
212882601
213008602
216086174
215325260
212877715
215042717
214535726
214264516
215066864
214044029
216495454
212667901
214685903
214776914
214643876
217956248
216131636
213919572
211783963
213653528
210837354
211079115
211971838
213334131
213497147
216656477
217180392
211978166
218500999
214961022
214942832
212572869
214804919
213255115
214821425
211159454
210365106
210257793
218519183
213142182
214073624
212800841
212030959
211696656
211503535
211934097
214483866
216842141
211029003
213868212
214710442
216152754
212930963
210693862
215227040
215977547
211864727
212711927
212225928
213932327
216149337
214202001
212577038
212985586
213149540
218401857
213993055
215733214
211829059
210367098
214506570
212911814
217180299
214509299
212984072
215225323
212972409
216698227
215487998
214747262
212625445
211229015
213959355
216812844
215258304
214036845
215600856
212303312
212639201
212029354
212257534
209845771
216769071
212338362
214486830
214668541
213228776
213594780
212430444
213975096
215899992
211536044
211862585
212265189
211080349
212135064
218323808
215093360
212023185
212719272
212135313
212695985
212214999
212865813
214290099
212853847
211500354
212856962
213282965
216940446
214750102
210192840
212972900
213939962
212204591
215999765
210693778
209788822
212877846
213704134
216970458
212445273
214320243
214812120
213714295
212321468
213518901
212382020
213966126
217122381
216082778
216411209
212732013
216629649
215801641
213080333
213453765
213178017
212050310
213716897
212669370
216319605
218453338
213218404
215959344
213234932
214835001
216019031
212829917
212621642
217051698
212631438
215354955
214452076
212159721
216918383
213194780
213152778
217757953
212538327
214100220
215505777
217559414
212849358
213440204
217110897
214550270
213910612
209464726
213062016
213328818
212600751
214538940
214042021
216621566
216163173
217936143
212476022
214931321
214119819
214920859
214585870
214362419
214175939
216224522
212426694
212506071
213001422
211448974
216235934
211472084
214598696
214236992
216673369
215581524
212743614
212958623
213542836
212746378
209231307
211247286
210255021
208911323
209224559
210174728
208339680
210993448
210190663
209768596
221741128
212785882
216215197
212780430
213858153
215504649
211522339
213077308
215318129
212632977
214782815
212036455
213644430
214362737
213829519
210708351
216151459
211167889
211055425
217061282
211589572
212543124
213926284
214733130
215291171
213452995
214768785
216588780
212756399
213130304
212057150
212072737
212663650
211172059
214451118
217347139
214857979
213012227
211403772
214271410
213138311
212806221
213522213
215235356
214181915
214902873
214858007
218790807
212953694
212866757
212725376
214348038
213082149
213770712
213029781
213574493
214645524
215623992
212557581
217492579
214022026
214938233
212103801
212095631
215481645
212099699
212972390
212560989
214087922
210285690
216845850
215474827
214785363
213332903
210319706
212397019
213407593
217678520
213583144
212976395
214200961
215652991
213934023
213073833
212333149
216337952
211301487
213352969
212642817
215757502
213425029
213269375
213021954
217392752
212076166
212834368
210939355
213316610
217564472
212045509
214133690
212481529
212125986
211963621
217781665
217017780
213007749
216583150
213075037
211959046
214640174
215706087
215540311
211012382
211756078
213462254
217359659
216648489
213804543
212566853
211791753
214009098
211492213
216529702
215016869
211467941
213378107
213385950
214394961
215973300
216457864
214845837
216762771
211901598
216748999
214653609
216085453
212810880
212555720
215538443
213623568
212576772
214133645
214434588
212084854
216538759
214596427
214007297
216699372
213428704
208897497
209889357
209213259
209084287
209452827
211184110
209792815
209911343
209266198
208842059
209519136
215930245
216961818
212465625
217431983
215049534
216998743
212857425
211756837
214065358
214416039
216615096
213053177
212416917
218271511
213804284
212356490
214630298
214584819
213484235
213304264
212754494
214215777
212972299
214611477
212246483
213652972
216067104
211314474
215770003
210508815
211689904
212649735
214502648
212470558
210626935
214887854
213354829
212243125
211735886
217297713
217182722
212976880
214205734
214571947
213643617
213137297
217680180
212995087
213185190
213025350
211088640
212794651
212865377
212646697
214899786
215023061
213433139
213699138
214701465
218596717
213445593
211843435
215320814
212629929
214635356
212947308
213010128
211652382
213175323
215952773
212411838
211961948
209670160
212426759
211812623
216797594
213953621
212316570
215185183
215611964
212209178
214540900
214208127
215738736
216103849
216497303
212565778
212225001
212624019
213358862
214986238
212964920
215047729
215444107
212305030
213816303
211744847
212311151
210666298
211662903
212752044
213001979
215246708
213250814
217170726
216451870
210820970
211214218
216420052
213341052
212814092
214170287
213543193
213963163
212543915
213953679
213042595
212259072
215964470
218500026
213402573
215128241
213224553
211746505
212120385
212401908
211873107
213113354
214289803
215456965
215657076
213196870
214415260
215855835
214856843
218227967
214430223
210336288
217364419
212772765
215045556
215378187
213562671
215814618
214531512
213187268
214213076
216056548
214548109
215901281
212041078
215221110
217811439
213244445
216506682
214418525
211846148
213846435
212032014
212254855
214713504
216049132
213645056
217300036
213320770
214090130
212258626
211446940
213346002
215200479
213500891
212181071
213939307
213528875
214698508
212424007
213075255
212141128
211055498
214094580
209845255
210614359
212878546
215711310
213823896
214019652
212591003
215651689
212197101
215638958
212313203
211794170
217091240
213107740
215911925
216665622
218011120
214017375
216347538
213413775
211210569
211295622
216689597
212173655
211533056
210976199
211870908
214250713
213020517
213407729
213293052
213122619
213799686
212750995
214623478
213449409
212067670
213014847
216220694
211278633
214154820
214956437
214025763
212659422
210518948
213191362
212715443
212591570
213488596
217391732
212624905
212934967
212635121
214736441
213340373
211537061
212007831
211788509
215095666
216842222
209668240
217400332
212942557
213717688
212359426
212115002
210859010
210387628
213675569
211243307
211734613
212333540
215819347
212550268
214216910
211011821
213647433
213419927
213318560
211808728
213941855
213628127
212229041
218333725
215403386
212720184
213099108
210950735
210706272
216228647
213250294
215206391
215761658
212569839
212236114
214163255
212379787
213334766
213907662
214436463
214447508
211863148
210899409
213557885
213107619
218388650
213343950
214877120
215533807
214942513
210945274
213738982
214197892
214358412
212559554
215089403
211682723
213020152
217113244
214064049
212135658
216212395
215287747
214913841
214303397
213242906
216559162
214719384
211055015
213767743
211776947
211729293
213233382
216166178
216080817
216178811
212948931
212720198
210986993
213672387
211946655
214126599
212487573
211510698
214281622
213778686
211646298
213405133
215108518
212892086
211597399
214001956
213545799
213686625
211502546
214587227
214980427
215182201
213390835
213305788
213252970
212925183
211072258
216520444
214509968
211905042
213982178
212995797
213653402
216344973
211007260
213154251
212572417
211893298
213003440
218480790
212992440
213100409
212516536
213306569
215045873
213168888
212214040
214297676
212901120
212814525
215366248
212313005
216727954
213161145
213033929
212130352
212423177
213260597
213072341
212537696
214816436
211883842
214276349
210866480
214409468
216493533
211991865
211868745
214072886
213046102
216095941
215305468
213695133
213541427
215520674
212904429
214893950
212395930
213928807
213193329
215691259
214154727
215952025
211744629
212816884
217409675
213389640
212678673
211809911
214790858
212288468
211580136
212253192
213259591
215390432
212181891
215353699
209940959
214378578
214490040
214303400
212923890
214994526
214086524
211992564
215335232
213816897
211596482
214739233
213239630
210764065
212557109
212027823
215531099
211788047
213342864
210630726
210787809
212388348
218037136
214700024
212061702
217970205
213760280
212046085
213759151
214150789
212769607
213136699
211861709
217666297
211411822
211364204
213467676
211053780
211077928
215207128
216276478
211010297
209706608
214531182
211715972
217589206
213258335
215767437
213699447
215427317
211653112
213404398
214217968
212213306
212428950
213189269
218620180
212243492
213200100
211769921
213690313
212370333
210841712
213066232
213581090
212077385
213252825
208871465
216692420
212743703
212944306
213945424
214182687
213855596
213366524
215513453
212482028
211403886
214890260
216515245
211081263
212355361
212153427
212691571
209942888
211190711
212711713
213670720
208825584
213209489
214305736
214407841
211658035
217338448
214181829
211269125
211968161
217465265
212924041
210444088
213402406
211756494
218084306
214381233
212745199
213907036
215536732
213563082
213022288
213110155
212745908
213963954
211979292
217705685
213440472
213854952
211295062
211740385
211671660
212450395
213194762
212310292
217553349
210993912
212110976
215324387
215101705
212684117
211564927
214413963
213756151
211465180
214504063
212606465
212103627
210666767
216671339
214419180
213580938
213292249
213730159
212393272
212428023
212090365
211589435
211443857
211143569
211068065
216149430
211550843
212183400
211296291
213713300
212111713
212221728
214574403
209893559
213972880
215225232
213979169
212720410
215036783
214055286
214483268
217622162
214939800
212800823
213100770
209987697
216888164
212527075
216855150
215346690
213225834
212901696
212750185
213048586
212226531
212104646
214072055
210310287
214537651
217481898
216446354
214449874
212082949
211389266
211966301
214661050
212833117
212788754
211223553
213791949
217249640
217892883
216024313
214321369
211837549
210695481
212704850
213580906
211186135
211628569
213495750
213453310
213392154
212628861
210022570
214251416
216275054
215857215
213624933
212717102
212665088
215296938
211217881
217622354
213036515
218082088
219049900
211663857
213413605
214881041
212751707
213421287
212725598
212652681
210634843
217647417
212036489
212378894
214486258
212129039
211095021
212219842
213984520
212432652
212511515
216341828
216793895
217275282
212257169
211299636
210845273
212967551
214849284
210762795
211848239
212186455
212626898
211749574
216789831
212073639
213029411
211964404
212434628
210985166
212574633
213255683
216693064
210885437
215857180
217715777
211355201
212426338
212270176
214404723
212037845
211205596
211625150
212493858
212165579
212727525
217486272
216490658
214145029
214374730
211783147
210804271
211209239
210854143
212116336
212193848
212154636
213009700
215723441
214634958
211610113
211906485
211644557
210679252
212342870
214504120
212064995
211738363
211999574
215923513
215595981
214553565
213968769
211490178
218144086
216225933
211040787
214801017
212596983
210489094
209286259
216747764
214952968
212386261
213994339
215831254
214905259
212047228
213442624
213336798
211550993
212788093
213072361
215965276
214346484
213406065
212788591
211535084
210815430
215464931
212752010
211360941
211952781
211234828
218489228
215857039
213113446
217431199
212530849
212601179
212578462
212125593
208974492
214014844
211919038
211299012
215306737
211582068
211428166
210019218
209602537
212960786
210182150
210585733
212178366
211811745
217294819
219390454
212215851
211876363
214804180
213142670
214214468
213386665
212959230
211945822
214756216
213633592
214068895
213484966
214372691
214066415
211322589
213464840
214205692
213281092
211397930
213789833
213630832
215424213
213345512
214030424
210914891
211819056
212037664
214963351
212275988
213019823
212190784
213144312
211462018
215942524
213309871
212504160
210169913
210945993
214684113
213287513
212540331
208767912
211446316
212191072
215142838
213358022
214802363
210349629
211494188
212710598
213562393
214775890
212421958
213628645
211739922
210974595
216137310
215201742
218172495
213496269
214676455
211678647
212179569
212835029
212500825
211252981
216029498
217423920
215139561
215181956
212103587
212346568
212351811
211002495
210636531
212184643
211685915
213684655
217319242
212466444
209995469
211447268
212359864
213215680
213866627
210019881
211536992
214010709
213771799
210614881
211614637
211996143
217302312
211083924
213920986
211791149
213509013
212378142
211046132
211181387
211185436
214480938
212444859
218268401
216731330
212266181
213921675
215251985
214629659
211778338
214015072
217270320
214142590
216857600
214281241
212951796
212049707
211394652
212921122
214280666
213528328
212856623
213449126
213805314
218189484
212531914
216742246
211053093
214009525
212478546
213549062
212207169
212294455
214522420
216039891
209669452
214082778
213942018
214674772
213583927
216875649
216406147
213284154
212905634
214598449
214969039
213899622
217753825
212411983
210383397
216480414
211882865
212303373
212513163
217083527
212715739
216222361
212353855
211264172
214993804
216762002
214392135
212631157
212200117
212740433
212003675
212622944
216412716
211256717
212586634
216484846
212784746
215261962
211316041
211120073
212416790
215642926
213346373
214413320
211803859
214503696
214695984
212213471
211492227
214627748
213174962
213374894
210412221
211700996
213895528
213394131
213282323
209137431
215396351
211576924
214403653
211707162
211833919
214148292
215255428
212524980
211025154
214347067
215777189
213866058
214383774
215797254
213214066
215781449
213404634
215703810
215255157
215595610
210550295
212030762
210493487
214766252
217434741
215031432
214500148
212102289
212366074
215581774
212400037
213068980
211590642
210864185
213882905
211710591
213685621
215114151
212159593
214917638
211572758
212405981
217845457
217859616
213522893
211198643
216588207
212972804
210983416
216761707
212247998
212572294
217052639
214294049
213582386
211622750
212747045
213938834
214969203
213925295
211415627
215908531
215298032
214126434
214746493
214262823
214207308
210729252
215385973
212719998
216285918
212163700
213214117
213434869
214254910
215110230
212892046
215118062
215156047
211827631
213232864
212659950
212545273
216695147
216445026
214240142
214715829
212921144
211096707
211929736
212913067
213631871
211954781
214343543
215597993
213146697
216315543
213602870
211226429
211629740
211860373
216563858
212822442
214550544
217042846
215968348
210391026
216085365
213213401
213797987
212503125
213436698
214614942
214740215
216441571
215949341
215925895
213985704
215760105
213991091
213782070
218027711
211509115
214081437
210467382
210383162
214671719
214215643
212806849
213799109
212112914
211623437
210291545
213914852
211386256
209555770
210142817
212533424
212159025
210198182
212068397
212107996
214554985
212050013
214906467
213150721
214966141
211619748
214261813
210481124
215555206
216607848
214101856
210802604
211947261
212694300
213744350
212984510
212139847
214560932
218851226
210974328
214960134
217704761
213950665
212185758
216922126
213526418
211930703
211694970
213704613
212514364
212730688
213108247
212638846
217336775
211403344
210891025
213062970
215201585
213912248
212116796
212166079
213338213
213019841
215683802
212984936
216501837
214640111
215586623
213586149
210838887
210786389
211899957
212473908
213615918
214317259
214163130
214596203
213466571
212780123
212927892
213191076
212426432
214287553
210001832
212467079
214593656
213624567
210763904
213460043
212567412
211790010
211454584
214515734
212369150
214147053
215504109
212787078
214166628
210649149
214820268
216280414
211709992
215347237
212538509
211442596
213254616
211910096
210621234
213437475
214278009
212587476
212851951
212914273
215656115
213814963
210957552
211611921
211883673
212513956
214401198
214438454
213370712
211617601
210555325
212180830
212418042
213426831
211511688
212182717
215162052
216065292
215674926
214052346
212519739
212925729
211938814
212783412
212423657
211703786
214097235
209764641
217622498
214474543
214260218
211866187
212993759
215793092
215172972
212335618
210668201
212855412
212423217
211452106
211969523
213099408
212107131
212282576
214740047
211497445
211232604
214233427
211171979
214698661
210580880
213243163
214218877
213912807
214546282
212748872
216603592
211865755
211914786
215320139
216466129
214453035
216072634
211705078
210761820
211467589
213642209
211755528
213217408
212511463
211198335
212044345
217781729
213575084
212184739
213196208
218528691
211667645
213041470
213107156
211373387
215593734
213956924
216183831
214796233
214543085
214021586
212234357
210294024
212768692
213416975
216548154
212932380
213521223
213289550
211774992
215362788
211199101
211334776
215435282
218427360
216303696
210705249
216228817
214235193
216211353
213396269
210926863
211455419
213950810
212335165
211357039
210939758
211481136
211946926
210965854
219356022
213088777
212172347
215444634
213273846
212708201
215758397
211783903
213405153
211854565
210920313
214147153
211607348
212331556
212308230
214134451
214905030
216682025
213262772
217357988
211104202
214381907
216685447
213346939
213865022
212598669
214261028
209885592
211576317
214559152
212976591
212074008
213431957
214401125
214005451
213178120
213450469
212711889
215909445
214335937
212570431
215193022
214290430
210361815
210841802
210924036
215284126
211439978
214419019
215196476
212903897
214625182
214421305
215286516
215914335
211627337
211821816
212767060
213818446
213465040
213814295
213188728
212711621
213227672
211101204
217157986
217018112
216433371
212475474
211799154
214538079
210836840
212033622
217514442
213203127
213955751
213767221
212367477
213192661
215415559
213108285
215148930
214490844
213097565
210889326
212967234
212935742
212823950
215176068
214862374
211976611
212801255
215733293
212521256
209853022
210109684
212951605
212948554
211644212
215941714
213950132
212487536
213694759
212473294
212024507
215794812
214854126
211297089
212432794
211518661
211876683
213006870
212901991
214854047
215414968
215245004
211448832
213053271
214092621
213405113
211615307
213587461
215847681
212126031
212847284
213444503
211940491
213313430
213828097
213236202
209578924
214220935
211667564
214234710
215944307
212246175
213447914
215414853
212094836
214610892
215246144
214774646
215642963
214821532
211573204
213457219
213080985
212058310
211153847
213599951
214346148
212891716
212237940
210681648
212054537
211247617
215047932
213745766
211877142
212085285
213467467
212261592
211133358
212808193
215090505
213019422
216048291
217026352
211535920
213630387
212100024
212331953
217862500
213467741
209658450
215272487
214909363
213436105
213282945
214008019
214473323
211369461
210989462
214042127
217085232
212300352
214715908
215065886
211300299
213238596
216370468
216741163
212914252
214882910
209875934
211562098
211136376
211213412
215680276
217475965
213226621
212829166
213216664
213965688
213314676
214120818
212137680
211387109
211432442
215623695
212947978
212899666
215231631
215466085
212362319
215794056
212961594
215347436
212422038
213207616
214474806
210982769
212773774
211476712
213964393
215663656
212378884
216073918
214450513
214061166
214609102
210977827
217859792
214059077
216122731
216666759
213174777
213589405
212816021
213332270
211345059
213798827
215892858
211697884
211457727
214973889
214683996
213007949
211997862
214301220
214335037
213730960
214292440
212179653
211879785
211943901
217248643
215256765
211526544
212668316
212031649
212186947
212848512
211655262
211903978
214070001
216021838
216839756
212343489
212965486
217479614
211569318
212265784
216223215
212412511
211996367
211934843
213656549
212673347
211972751
212934592
213596479
214054562
214009632
213845427
215355804
211961557
213923285
210901205
213855861
217438828
211928711
209230426
211369566
217780180
215495247
212901251
211209929
212082500
210102302
215884215
215598299
216890361
211659772
212264657
210841465
212484398
215697188
211448834
212769143
213171647
210717658
216417507
212438948
213897644
212644957
209780900
213393244
214203355
211270577
210203322
211314832
213592719
212653517
216138004
215845759
214168829
211664844
211226591
211708379
212485191
214698831
213007972
212912561
216222506
214196081
212059239
212555066
211946519
211632588
216132745
213062875
212120212
212292461
212883046
214306697
216087843
211393313
213243097
215758327
214759294
213276466
212136362
214835544
213891177
213694882
212651524
214935020
211785743
215580892
213117107
214563503
211899417
211764459
213645954
212941634
211451320
212525370
213610162
215968899
217038847
213289162
212400273
213569121
214988688
212604162
212196934
211843340
213963701
214141813
217085699
213903545
210492330
214160880
213930029
212178588
214529977
211919298
215170372
214277653
211496411
218140010
216870174
216173155
211870289
216919492
211116137
212414775
211602674
213461000
214108926
210201952
211694874
219094520
213309010
213117033
211727937
211326229
213776262
213265163
215304361
212585148
212744721
211122030
212687596
216643037
211746311
211106089
217082692
217356188
213605717
214150918
219861856
216620083
214438804
212608230
216514284
215977661
214842848
218468990
213858299
213006316
212517856
213630878
211780418
214261765
214987664
216140618
216446621
212611304
213933836
214391509
210466079
213290914
215069312
213000051
215879001
212844900
214157661
215683984
212652181
212458330
214813739
214489321
213615931
214215477
216045227
213473542
211843206
212361247
217009172
216274172
213108369
216488989
212202901
211411979
212683273
214003459
214124517
214530003
213435056
211900735
213107931
213417021
213383187
212751239
215374377
212206407
212693150
215164498
211389459
214180373
211940183
213278872
216323617
216826343
214124007
211931123
212839614
211942549
216470353
212899879
212221676
212649949
209896872
214062072
212052955
214403665
210344524
214516950
212735382
210136844
216981340
214481979
215721523
215472893
213198737
215675731
213059807
213163832
213865447
211276676
211326408
213056757
213132715
216184821
212906309
213069025
214003027
215107145
211936744
211436399
213017892
216778231
216984853
211494231
215519902
215248112
211443106
213814575
216788429
212468145
214062920
214743279
215741088
213535961
213599801
213266054
214459933
214136531
217884013
212024662
214601309
212340188
213645614
213176777
210830087
211963441
210844051
213182023
211999406
218446289
215080981
214099325
212656824
211653038
212341674
212265462
214217956
216208393
213111464
211371636
211396881
216745054
215480096
214827305
213668296
212039278
214641249
214927053
214827538
213600084
210638925
213687710
212246839
212807450
212342207
215450093
218847129
211265846
210478421
210910787
210304049
210853309
215597175
212777193
217305043
216849962
211437643
214316343
212413835
211189646
211345492
210906339
212950644
215716106
212733268
210185649
217173122
212157381
214831078
212874572
213179933
214104099
214241861
211945217
217382975
211612297
213372199
213317720
212181434
214400231
213108565
210771562
216211109
211996961
215589517
210198877
210653327
213171373
218102128
215945442
212091434
211897768
211649531
214030622
211231395
211148140
212383926
215144138
213614917
211963389
211974916
212392806
214163532
213915742
212808975
216927503
211826955
212196195
214178615
213611237
216523254
216718944
213973161
214256887
212571763
213136350
215750052
211766722
213695364
216968906
210585683
213808636
211736775
217233807
218556937
212039678
212470603
213452719
212830732
211162306
212575319
215313960
209947115
212396692
217247765
217799217
214228072
212447290
210711980
212331115
213189099
212305877
212007575
215615726
215341613
212362645
213802675
215741999
214813934
211803033
214471890
213216117
211440126
215519780
218329347
214548785
214399723
218064461
216823581
214122110
211973279
214910187
215459436
212163969
212226910
212052530
212895097
212470236
216256100
208592837
212696449
213912838
209640196
213443689
212458393
213016866
215772113
212520004
215105401
212637706
216970095
211622474
215316567
211145874
212990811
212797509
215958904
212928923
215453582
213656974
218797009
214417045
215177718
216035256
211697192
210595614
212622631
213316199
210953436
212807801
211870685
214681521
212335073
215112712
213816656
212210362
214445207
212559733
212110237
212459352
212781708
213473979
213821432
212425344
215881689
213440585
213986992
211892312
212637773
212639599
212553545
211493074
211842014
214598040
211384033
213134779
216156025
209351703
211934800
212417955
212593131
212525893
216430776
216064456
214027964
213206315
212580945
215535731
211893413
214768849
213783217
211276522
210857639
212344127
214332935
212209962
212032770
210828744
214633529
214014904
212058024
213138210
211466044
210971571
214070429
211798434
211949439
215390063
215853675
216691622
216939341
214948662
211800033
216847038
213062551
212464141
212582894
213204922
212828217
213074719
210941390
217287039
215739311
211548291
213964959
212779872
214086581
213499111
213307331
214073974
212524422
213682682
213029261
212250059
214010082
213850853
214144276
217997325
214193161
211100839
212911372
213061903
211748771
212428910
218013702
217266065
212394195
213303608
214465924
212561645
213649269
213899989
211648708
211867988
216275067
215749104
217365608
212241832
211189706
212241850
215579694
212894538
213992795
214819555
213940332
213062992
214007686
213182621
211594732
213991368
213692177
211633716
211774142
212223978
213475929
211424328
213948964
211965903
210542256
213197736
213152474
212795401
215108751
216053531
212832667
215513443
213487690
213899938
214227436
214975566
213343228
212485319
215977862
212439876
213999779
213900337
215753706
212787514
213248369
212402054
212040766
214139164
212452387
213774502
212216977
216130905
216827482
213568624
211754660
213089027
212818391
213936466
211800601
216588695
214299933
214239761
215537293
210945397
212788890
214120426
210523852
212177449
212965619
215381938
213886582
218140414
214466246
217426562
215631833
214846387
212324043
215452711
211799292
217191015
218528191
214014725
217174816
216694963
215696202
216215850
213088206
214980105
215361202
214357357
211222822
212030503
212873823
212196228
214349131
210964876
213238602
214113060
215710313
213054203
216303857
214719854
214290865
213023010
211403320
217148451
216168775
211585826
210594073
214123102
213851462
215498568
212175742
211774065
212673796
214860040
217071636
215713602
212606216
211321634
211339385
211981515
211549064
213597916
211831020
211579321
213613061
217081954
217139382
217750415
217284018
212885213
210634219
212852351
214403943
217707345
212530907
213936241
215596473
214059163
212082736
212675785
213260441
214387877
215876511
214650526
212932223
214698336
214527890
212720353
216272962
214528746
216041524
213287841
211823607
212775537
211911187
215043474
212805324
215631884
213144255
212982963
219265176
213929436
215741209
214164364
211347627
213530167
210187775
217237665
214119722
213823807
213395626
213902792
214643338
213032792
216336681
218058939
212698340
213149449
214050689
211055220
212461925
211384335
213416054
215048071
214075726
211691514
213402990
212921309
212921746
213143170
213981417
213082454
211888085
212207902
218520451
212325629
212808016
212339750
212950027
214193163
214750559
211089074
209960815
212904211
210623274
215564298
211518851
215905381
211268807
212936517
213891744
213332658
213469886
214248722
213014432
212980424
212526063
216140412
216681382
212833163
214759741
213171258
209482681
212430587
213642860
213716518
211173196
213328619
215156260
211219786
213166246
211283586
213353143
211618258
215168235
214100931
214508681
212795141
214691865
211192126
217747376
214609373
212175667
215039643
215441626
212808791
212088373
212968235
213664999
212792117
212317814
215115923
213113301
214286736
213326123
215258999
214399755
211565545
214224078
215321222
212038241
214006304
212142086
213930175
214917226
213195365
212102884
212830992
210936566
212509148
212173153
211346859
213642734
213721593
214451725
214123888
212845666
214896664
210740868
212332314
212134088
212684056
212269998
212707235
210062311
214764942
212501845
212542946
212826587
212640190
212225708
210642543
211143678
212214292
212864859
209959330
213413085
215495322
216007950
213075826
212393005
214306567
213892211
216942079
217220347
215123461
216705296
215328681
216658473
211507575
214114898
213530862
213838171
211858951
211891201
213198736
214325176
214182037
216239756
212738874
216138044
212511743
211784435
212448025
214020249
210397334
213009599
211016024
212570776
212926582
211742513
212878426
213423903
212613942
214096294
212933267
212392026
212629618
215409093
216544650
212534147
212427778
212272362
215100376
214042563
215474955
212678341
215327388
216026058
211021909
212797993
211911074
211869231
213372530
213975401
215945603
213552658
212995395
215055231
211317218
212663721
214144460
211750511
215218562
211750075
209283323
214967199
212793975
213462530
213500720
213406672
212753122
214228078
212510275
214819093
210406089
211960160
216993723
214572782
213260851
211899198
214723144
213352721
213548387
212345436
213956240
214692090
215323152
213149707
213047469
212185801
213297564
212023551
212215338
212999533
213680186
213044733
211945834
216798596
214787432
218770653
215258886
212216956
213243157
213477390
214250830
212295112
213934184
210869518
212490796
212683513
214347511
213179211
213347464
213045377
215504429
215347784
217315069
211591754
218446986
214700686
213688896
213330883
215964609
211813521
212128693
213827497
213036588
211668541
213224382
211738657
213713500
212297540
211400640
214908721
214998156
215279256
212459836
212275569
214818757
212267798
211116338
210962257
212068588
213163923
210197729
216510505
212468238
213437287
213330962
212485560
212816113
211954361
214958306
216120888
214695080
213165469
214847342
212206690
212536610
212448716
214197971
214189667
214858005
213703955
215806169
211183855
215648421
210331100
213467046
213947522
210382239
214711865
211984274
211253555
213436462
211023163
209560067
210949343
212032208
217031208
215319190
216552035
213961280
212972154
213630166
213600166
211993187
212443113
216807700
210852275
217195972
213263928
213859320
213810119
210712347
216533489
212460151
215460645
210612067
216507533
216008731
211373964
216895301
212559625
212319767
211905332
212082180
213916941
211499937
213620344
217963942
213497285
211273027
216172194
212742062
212637928
214240284
215259466
213365010
212339235
214410900
213012454
214852887
213430198
216556608
215244899
213659667
212699308
219295189
212167549
212906698
212176174
210858034
211765139
213172140
213083189
214366095
212531156
211996383
213180846
212935373
213360032
210615418
211771095
212161480
212082108
215812144
214528719
211613877
212300228
215972902
213403580
215066836
213566573
215029534
213961051
213921677
214438280
215501142
218600117
213979998
216287072
212903398
212773303
211834149
214062053
213317539
214663061
215365741
212654663
216640980
214310892
214298223
214340843
211596785
210254136
212132734
210156106
210252374
214714924
211499152
210353824
215300588
213788404
210499734
211123767
211062550
214392934
212450285
210646773
211726853
209464569
211689691
213851236
212141464
214050402
213321619
211780962
214393246
212141127
211823678
212393857
212443402
213649706
210322180
216494008
212999061
213534058
218384755
215439730
213228730
212132807
213150456
210664072
211641599
211809153
216066949
215286224
213588384
212260005
211249922
212941633
210979048
210932744
211285178
212389005
212397638
216359542
215389797
211267480
215098769
212871092
212882295
213133600
214607464
215798802
213909946
214773503
212848806
215790173
213034110
211861251
212552007
214363325
214588782
213094134
212444814
212816674
211985549
212358040
217286119
215109095
211985945
214011514
216462100
212390248
213609711
212417974
215858308
214350284
211475716
213443424
215856655
212002177
212442248
212727205
211677602
212495715
213369985
211798658
211324715
214371618
210790119
215401459
216510821
217713944
210986164
211852464
211448458
214631229
214196310
212092646
210431880
214130145
212030145
212564533
