9066099022
8949758191
8869700149
9248463130
8905063342
8758764468
9131172095
8989523459
9110570786
7241658180
8906333607
8785710285
9207029013
9177243780
9015344724
8971864330
8864834869
8848510386
8996641882
9023372832
8902185719
7428118601
7094077900
6876997964
6832474490
7039783328
7549208365
6976162497
7087827031
7269399274
6947555987
7559352169
7397761680
7750079555
7680757503
7401932115
7656381411
8410550240
9217099268
8969069498
9306527496
8632669381
9018001537
9022922798
9177898539
9010131090
8869248122
6552276512
7597790758
7521614160
7610622295
7579610753
7693281445
7705865109
8585153720
9077967709
9275168405
8854759002
9032874192
8801024329
9153491066
8977082551
9108064541
8568740551
9240856808
8964712016
9077445268
8949615215
9222826125
9084820248
8297835019
4906042187
4652901523
4972067152
4934648073
4844944070
4933144813
5036533302
5046952009
5090168662
5167120706
5092863180
5334215445
5133780544
5091767869
5204214973
5153948556
5137148096
5052208151
4982462226
5024921727
5107373839
5097728803
5099825812
5123449300
5020248910
4959225463
5229073289
5179903236
4950205022
5175872142
4957951019
9060975653
8775261316
8898383825
9045341544
8772638044
9101658937
8897542821
9020171025
6093619091
7016491905
7231008205
7289218933
7372171112
7471516176
7536758950
7953668682
7543613489
7743286374
7660518837
9138222608
9074162005
9147989444
8759969581
9018664157
9135244861
9147389950
9020864920
8911725324
6787049056
6751865426
6962740710
6539923537
6633776469
6798000326
7551621527
7117449904
7108811834
6979132191
7233955971
8153512156
8762465802
9191028396
9018734628
9332592343
9202238445
8929092030
9028336079
8861415374
9249618462
8870135821
8861972831
8861679001
9099497487
9231180554
6787630768
8488545101
8541795215
9191840727
9007019021
9006209374
9051155607
9197317648
9222363791
9221475599
8838712706
9183443848
8913339014
9024286680
8896184471
9279403158
9042378082
8893998818
7498034284
8877881840
8947795137
9015669508
8904592607
9350478232
9276713281
8934650219
9072402100
9228946218
9062677782
8898553196
9137651049
8893110379
9036993830
8723972896
4466430057
4462300772
4717965349
4667784621
4584336807
4696604183
4665743490
4506479739
4676707205
4575458979
4823683886
5190086390
4801630495
4864841342
4842551272
4941879963
4865596023
4930411788
4906639523
5038317312
5027266527
5028552341
5197465794
5176159049
5059009814
5197850015
5210533605
4999034790
5183884412
5234158380
5250342825
5255693329
5014695689
5295765354
5060365774
5218631879
5128050423
5056234542
5201802776
4993768735
5063579303
5077638899
5221316352
5211907070
5210373491
4820776602
7699531567
7780237363
7566522808
7231853400
8115835210
8960453093
9492457726
8911517308
9150114537
8885165824
9180008947
8869076084
8873530074
8893635159
7274459643
8567447551
9060641103
9110186413
9153523132
9084010210
9366165631
8798771288
8644600505
8875309649
9010789381
9129152474
8981282522
8983857973
8862051681
9258813371
5612092897
8985398680
9090216375
8922021696
9403907124
8764846814
9016178581
8882433680
8903615984
9030619618
8201547203
8200416206
8767419984
8484136680
8519735585
8795945218
9275389550
8459941140
9291207725
8910872550
8702215292
9211742183
8812002647
9301162608
9172936966
9145144970
9017847454
8894286367
9097148222
9191253625
8010213826
8815465918
9090470222
9158162388
8788175705
8764400146
9103654245
8925785067
9037598695
9049981047
9018774719
8993212416
9126639062
8978028332
9128511801
8731091549
5207258873
8705773548
9020824692
8637349621
8959144111
9020593923
9178260086
9088292701
9083417604
8910427249
9011140122
9021169768
9002085613
8879021514
8872130596
9127537344
8996362443
7224576363
7391556292
7094005274
7208507927
7281041052
7144391308
7535422941
7641182059
7378971832
8019945309
7717913489
9191802461
9237254424
8955853712
8915174875
9151590093
9272730090
9185587232
8909662988
9177003812
9017917467
8549303664
6613065015
7009038702
6951443582
7380751981
7223899480
7096006704
7139510211
7255237313
8272706606
8911588643
8707860271
8906469950
9040185877
9280216218
9082628148
9068812150
9190304278
8966350257
8874742439
9258162420
8741862197
8997362456
8894553534
6389738178
6708468922
6912634655
6756688382
7022571391
6842920791
7026329411
7547120174
7140301798
7310963138
7436073948
7203252685
7106431340
7502931256
7320364108
8750995946
8870664655
8787883923
9198177602
8932121920
9170499021
8755970794
9130399021
8991355679
8868229874
8992914108
9252294433
8708036211
8838825300
9090070670
9036674693
8916450135
9095047708
8948156139
9043773221
9062429475
9038039301
6797893026
8857261275
8565800644
8476987036
8670584111
9247487085
9026379433
9315690069
8894656616
8787732657
9115569846
8838381795
9062586126
8658905143
9035067758
9299770898
8901951358
9192601051
8972323880
9190083174
5875428813
5096578016
5073103479
4954575210
5091292517
5109756943
4949733074
5057363903
5111878645
5264635348
5052241136
5148536741
5172831521
5092940113
5170800380
5158478529
4973871381
4837501494
5127763677
5039407099
5126568643
5124327797
5278679129
5041037149
4970996402
5205373111
5110843267
5067901341
5266035006
8983999952
9187791755
9040656216
8848977292
8852849306
9110266737
9115530846
9002323317
8977566719
8333086777
6911473109
6913451404
6974712584
7298496994
7113771848
7026339554
7330909866
7212562142
7288446588
7166029190
7443845910
8228661802
9071806359
9160068822
9053137921
9227067710
9270023457
8988884586
8958621961
9152466376
9001101953
8886986143
8977674937
8895720268
8751929713
8925211794
4952410691
5040069363
4982179980
5113287989
5173509491
5033679881
5130125034
5224799143
5177826361
5086515689
5080900809
5076164453
5122004626
6963804911
9021343865
9147451844
8988258410
8754221014
9123549466
9126324895
7540949577
7055618430
6999105919
7139735878
6848930287
7409896071
7484337238
7518228106
7447944272
7713678323
7758911739
8060708936
9018816774
9218317939
9028376760
8990128220
9373743889
8597939115
8992746072
8719451569
8859739657
8707213991
8012812085
7736972195
8384627445
8904442997
8903724764
8908694539
9051496509
8897617587
9289305276
6375806244
7061844444
7197629437
7458483752
7695331063
7450466932
7692441374
7779487735
9225627394
9252888301
9153123291
8714405944
8937558187
8832891824
9205824188
8777470972
9017099003
8911027608
5996175904
6872732534
7045915260
7535932760
7098568620
7106934791
6926929040
7166095097
7934116450
8743189113
8836943869
9053322825
9188804213
9307859664
9227049839
8915918806
8886897724
9022879066
8986489481
8972337208
8979526005
8729121154
8989995662
7480435075
4826475732
5230559261
4696557508
4801602337
4855854390
5055083277
5034943300
4865787894
4769975314
7967825750
9022890772
8722232059
8721405667
8917731877
9052060930
9178847272
8894180083
6598566539
5152840090
5086279419
5204968499
5193053979
5125048794
5122660495
5062356337
5141553524
5121425069
5122020569
5046537691
9086155004
9365529467
9079177571
9191263217
9025675630
9151240470
9082672570
8892583876
8920854594
9042062075
8839394257
6897458877
6957966015
6918846481
7594497689
7068628863
6890906083
6869178939
8194410855
8783807135
8845789789
8960734088
9015396971
9034948536
9069985349
8985708052
9058905563
9165940021
9133081592
8857577088
8861733043
9017751835
8989573355
9001343820
7958642004
5011872391
4956078947
5114020434
5182618333
5052333253
4766048902
5140340897
5167140187
5387387476
5159372734
5060410593
5048919367
4986520789
5209283966
5007453397
5118528095
5124876157
5194200804
5045509061
5197153118
5219364208
5049460929
4965117503
5192152551
6887518125
6795679921
6815973816
6999266384
6859587264
6996746590
7366065615
6738754654
6795535283
7202967687
7158002553
7484730392
7403233846
7455221947
7410097754
7896572853
8902344925
9209960194
9090638886
9201915127
9029981604
8754863165
8871501409
9151491355
9125091528
8878910938
9152438728
6983815441
7071837349
6930666921
7447370790
7088362658
7066865593
6695723909
7174731705
7166729632
7636841448
7496114176
7548030625
7672198381
7668889951
7504274082
7963174083
7789264416
9089827178
8933844837
8885925460
9058451136
9050251627
9092049631
8907699253
9044804340
5660228202
9086748264
9362425802
9033463587
9504511484
9064650640
9094907210
9204598678
9050866330
8631337585
8641876280
5809600590
9009807498
9123447887
9056788016
8953709079
9056031141
9035054606
9017195888
8969230245
8850340808
8718037331
8844992208
8869874259
8298990499
9055592755
9198345321
8683802291
8969769630
9354859041
9352716105
8808407054
8950288925
7190828081
8378398967
8883390571
8874575056
9027346464
8893658610
8911247543
8954777975
9192831535
8903868052
9063178633
9029029498
9027251149
9144452019
8897819757
9011201945
6441651894
8871234356
8909988258
9158538301
9156099569
9310001753
9214836056
9197903997
9357028805
9043934553
9079036004
9173642004
8899853264
9016823535
9017897937
9022899617
4512824228
4840681165
4640349548
4673605364
4635561385
4692561108
4581901803
4733486652
5276930581
4804825667
4911528747
4698941951
4903570702
4810742920
6494741187
7594970543
7322013699
7492002949
7796437142
7342491535
7515013528
7761332733
7819153488
9180104793
8890343003
8986806148
9120476619
9120324232
8853365127
8731133872
8992844640
6994198116
9214258938
9054417623
8887232890
9009418063
9144010392
8738849918
9061138414
8767055603
8260162208
7382918448
6986738243
7053764129
7092318696
7215561939
7093957443
7530264157
7445339833
7802925603
7678254574
7905766580
7595774603
7877412194
8338027929
9050475273
9197134686
9235411417
9098614410
9219140031
9068645982
9222913517
9014561210
5309769442
5077999010
5089214249
5179321047
5296620314
4999464424
5209232534
5141706401
5042994988
5030365197
4878552076
5103669566
5240855617
4950420900
5019381603
4960001838
5020662038
5098564308
5174261690
5164310145
5115989690
4953099009
7127202747
7287216242
7110660743
7092574707
7328320073
7432713460
7748705817
7688963926
7515678642
7449492208
7729971136
8931423464
9223670350
9175845520
9151183713
9233077119
8943542677
9317863982
9431698640
8898928708
7281292250
7277634486
7156170292
7002766899
7118192193
7065747376
7336974544
7575317994
7459441229
7524518971
8515723692
9324332710
9077739883
9042117450
8771965711
9257354367
8725861462
8848666018
9012258712
8897530035
9163870096
8541227084
9184981348
9011162583
8855837951
8985823833
8839447546
9100539770
8611767909
9122258023
7647177190
6928156343
6943003806
6897319750
6825879401
7336099907
6975572411
7957263161
8631926372
8652945786
8768417065
8797137770
9181206860
8648463475
9345951375
9248226581
9115333982
9329702561
9059551521
9154659009
9028976601
9150235355
9184065976
9029112842
8905495666
9239350730
8837476388
8790269254
9026940280
9144183496
9142892997
8881361911
8794416181
9143340435
8722568092
9188912333
9054689318
8960627463
8811489942
9156333804
9139517007
9280952155
9020857573
9149667668
9013588479
8486261559
6342100952
5207805640
4852576674
4809550948
4840660545
4840378842
5678267612
6261345869
4824568478
5034304354
4952989677
4899734544
5030998323
5189708045
4967159656
5193009347
5138313651
5047203851
5166561870
5250382684
5174861962
5076459982
5211700910
5058247871
5136270837
5134395734
5187284566
4974724600
5192112544
4974699092
5136480533
5057172948
5051552439
5055344176
5285410155
5015831386
5114997726
5190271834
5126841288
5133607104
4905787630
5059969049
5229108545
5322136633
5304039374
5080284842
5069107279
5136850372
4990610327
5141580698
5199849013
5133967565
5053427536
5125543879
4901205385
5208815949
5058176289
5204109926
5132562323
5217342785
5153359560
5157552229
5436996514
5135697032
5194181657
5120978158
5105621576
5047419308
5240386446
5095427894
5173198280
4939062553
5106411075
5104642730
5037260507
5095492563
5253882631
5095220857
4729687377
5132562323
8260162208
8997362456
7197629437
5091767869
8641876280
9050475273
8755970794
5177826361
8960453093
5039407099
5007453397
7967825750
9051496509
8906333607
5295765354
9151590093
8743189113
5190086390
9149667668
9068812150
7088362658
5063579303
8541227084
9045341544
9153523132
9060641103
8788175705
7281292250
5197465794
9011162583
6441651894
9018774719
8893110379
8925211794
8702215292
9198345321
9239350730
8848666018
9144010392
5135697032
7796437142
6093619091
4903570702
9092049631
8871501409
7094077900
9016178581
8767055603
9129152474
9151183713
4696604183
4930411788
8996362443
8683802291
5295765354
5166561870
7098568620
8707213991
8911517308
8707860271
5122660495
7535422941
5067901341
6738754654
9002085613
8904442997
9010789381
7403233846
7330909866
9015344724
9077445268
5153948556
8908694539
7802925603
5092863180
7547120174
5211907070
9133081592
4952989677
8911027608
7281041052
7536758950
8947795137
4970996402
4824568478
9280952155
5172831521
8992914108
5125543879
8859739657
5133967565
6911473109
5062356337
9130399021
8904592607
6539923537
9021169768
8988258410
8996362443
7289218933
8992844640
5034304354
8988258410
8953709079
7212562142
8567447551
4855854390
4970996402
9051496509
7378971832
9020857573
9131172095
7231853400
9015344724
8899853264
8906333607
4840378842
4990610327
4972067152
6983815441
8815465918
5193053979
9084820248
4840660545
7496114176
5126568643
9279403158
9222826125
8837476388
6999105919
8870664655
8338027929
8670584111
9020593923
9431698640
7540949577
4840681165
4941879963
9029981604
7372171112
9198177602
5166561870
4640349548
8764400146
9354859041
7166729632
5114997726
9177898539
4952989677
5173198280
9016178581
6999105919
7436073948
7098568620
7693281445
9074162005
7610622295
9022899617
5014695689
5208815949
5230559261
9009807498
8893658610
9299770898
9110266737
9190083174
7780237363
9154659009
7401932115
6976162497
9082672570
5140340897
8869874259
7575317994
7447944272
7117449904
9050251627
6756688382
9082628148
8585153720
8228661802
8515723692
5173198280
8977674937
5126568643
8836943869
5133607104
7281292250
8767055603
6926929040
5660228202
8648463475
5110843267
4974699092
8943542677
7113771848
9101658937
5204109926
9056031141
5041037149
6869178939
5030365197
7471516176
5120978158
8298990499
9086748264
9097148222
9051155607
8881361911
9024286680
8410550240
5059009814
9037598695
4801602337
4878552076
5197850015
8861972831
7566522808
8839447546
6913451404
8838381795
4999464424
8631337585
8857577088
5121425069
5197153118
8898553196
5230559261
4999464424
9187791755
4933144813
7748705817
9289305276
7443845910
8977566719
8658905143
8874742439
4965117503
6815973816
9144010392
8777470972
9188912333
8848510386
9001343820
8896184471
8983999952
4939062553
6795679921
9054689318
7432713460
5153948556
9027251149
9173642004
4982179980
9125091528
8705773548
6994198116
8854759002
6798000326
9237254424
9218317939
9365529467
5255693329
9021343865
5046952009
6994198116
7320364108
9017099003
7255237313
5240855617
9043773221
7289218933
9173642004
9090638886
8988258410
7087827031
5053427536
9018816774
9068645982
4506479739
6539923537
5436996514
8911027608
5153359560
7397761680
9183443848
9023372832
9175845520
7098568620
5089214249
7780237363
9175845520
8743189113
7699531567
7045915260
8729121154
9299770898
8812002647
5322136633
8795945218
7636841448
6738754654
6869178939
7963174083
4954575210
9059551521
4840378842
8795945218
7594970543
5090168662
9098614410
9018734628
5059969049
9366165631
8719451569
8808407054
6947555987
9192831535
8989523459
5207258873
8986489481
5612092897
5133967565
4901205385
8721405667
7203252685
9015396971
9181206860
9197903997
9090470222
9051496509
7039783328
5052241136
9144183496
5042994988
7113771848
4575458979
8977566719
5052208151
8585153720
9035067758
4960001838
8903868052
5091292517
9043934553
9192601051
6926929040
8783807135
8989573355
8910427249
4462300772
7061844444
9191263217
4999464424
8670584111
8722568092
5193053979
7953668682
5096578016
9058451136
5024921727
4993768735
8637349621
9156333804
8929092030
7087827031
8983857973
4901205385
9017847454
9153523132
8898928708
7139735878
5141706401
9115530846
6974712584
5250382684
8950288925
4462300772
9014561210
8722232059
5048919367
8857261275
4820776602
5193053979
5096578016
5040069363
8898928708
9204598678
9103654245
6943003806
9492457726
7518228106
9017099003
9258813371
7277634486
8992914108
5193009347
8838825300
7958642004
9198177602
7391556292
4953099009
9099497487
9072402100
7713678323
7647177190
8631337585
8811489942
8879021514
6795535283
8764400146
9240856808
7055618430
5092863180
6912634655
9279403158
7039783328
8885165824
5062356337
8787883923
9009418063
5106411075
5174861962
9018774719
7166095097
9082672570
9018774719
5034304354
7174731705
8979526005
5210373491
9017195888
9115569846
7212562142
8201547203
9001343820
9052060930
8459941140
9043934553
5122660495
8903615984
5028552341
8950288925
5020662038
8297835019
7366065615
9218317939
8910872550
7736972195
7203252685
5055083277
9017751835
7139510211
8738849918
8903615984
9158162388
5123449300
8707213991
8767055603
8714405944
8631926372
5127763677
5197153118
5052241136
8115835210
5115989690
4804825667
9133081592
5114020434
7223899480
8797137770
8969230245
8950288925
8894656616
7535932760
9147451844
9151183713
8848977292
6797893026
4865787894
7140301798
9151240470
4954575210
4990610327
8911588643
8759969581
7065747376
9115530846
5221316352
9018774719
4941879963
9115333982
9357028805
9209960194
6787630768
9042062075
8115835210
4986520789
5046952009
9011201945
7963174083
8801024329
6795535283
8862051681
9143340435
7328320073
8986806148
7106934791
9022922798
7447944272
7575317994
7382918448
5189708045
9052060930
8631926372
9089827178
7641182059
8969069498
6876997964
8378398967
5240386446
9188912333
6986738243
7492002949
6957966015
5173198280
8885925460
9022890772
7515678642
9011140122
9063178633
8707860271
5809600590
4899734544
4837501494
7455221947
5067901341
7492002949
4959225463
8632669381
8754863165
7310963138
5179903236
7692441374
5207805640
9227067710
5092940113
4824568478
5157552229
9183443848
9018734628
7547120174
5189708045
7796437142
5069107279
4826475732
8854759002
7540949577
8541795215
9153523132
9144452019
8905063342
5996175904
8861733043
4696604183
8762465802
7743286374
7758911739
5167140187
8597939115
9223670350
5038317312
9214836056
9280216218
9022899617
5205373111
5030998323
5123449300
5103669566
5007453397
7699531567
9086155004
5387387476
4809550948
7471516176
8905495666
6093619091
8631337585
9257354367
9187791755
7342491535
9197317648
8723972896
9144452019
9180104793
8705773548
9013588479
5152840090
8812002647
5137148096
5136480533
7459441229
5120978158
4930411788
9026940280
8201547203
9045341544
5304039374
4575458979
7022571391
9026379433
9197317648
9252888301
5097728803
8985708052
5052333253
5041037149
7802925603
4990610327
4974699092
7241658180
6787630768
5209232534
9021169768
9192601051
8964712016
8836943869
8771965711
8153512156
9054689318
5120978158
7026339554
5255693329
7269399274
8905495666
7717913489
7277634486
4667784621
7065747376
5124876157
9018001537
8960453093
9122258023
7496114176
5120978158
6389738178
5192112544
9001343820
9138222608
7905766580
9032874192
5250382684
5046952009
9197903997
8886986143
5063579303
9147451844
7896572853
5167120706
4865596023
4905787630
8670584111
5138313651
4698941951
8993212416
9252888301
8958621961
4993768735
7641182059
5211700910
9147989444
4820776602
8790269254
8658905143
7174731705
5063579303
9306527496
9257354367
8990128220
9147389950
8794416181
9084010210
4512824228
9068645982
9020857573
6815973816
9258162420
7223899480
8894656616
4840660545
9218317939
8996641882
8297835019
5153948556
9014561210
5076459982
7543613489
5038317312
7540949577
9188912333
9082628148
8637349621
6926929040
4999034790
8788175705
9042378082
5113287989
9001101953
5153948556
9218317939
5107373839
5060410593
7144391308
8985708052
9049981047
9190083174
8707860271
9120324232
9235411417
5062356337
5067901341
5182618333
9222363791
7342491535
7656381411
8857261275
9258162420
8260162208
9209960194
5042994988
7877412194
5109756943
8670584111
8886986143
5234158380
7071837349
7492002949
8910872550
8893658610
7492002949
8969230245
7502931256
5167140187
6613065015
9191840727
5136850372
7796437142
5204109926
8837476388
7705865109
7336974544
4809550948
7518228106
7428118601
4906639523
5113287989
8903615984
8850340808
8764846814
7447944272
7780237363
7695331063
5136270837
8783807135
8894553534
9225627394
5134395734
7436073948
9227067710
5194181657
9138222608
8906469950
8729121154
5159372734
7705865109
9115530846
9276713281
5194200804
8705773548
7065747376
6756688382
7110660743
7436073948
9357028805
7231008205
5387387476
8870135821
9129152474
7660518837
9062586126
8790269254
8972337208
8729121154
9040185877
9037598695
5309769442
9156333804
8892583876
4466430057
9100539770
5217342785
5211907070
9056031141
5141706401
9016823535
9090638886
5060410593
4837501494
5660228202
9049981047
9184981348
9120324232
9280952155
8801024329
7158002553
7322013699
7026339554
7963174083
8611767909
9079177571
9016178581
5011872391
9077445268
7016491905
7548030625
4999034790
5285410155
5076164453
8881361911
8916450135
9222363791
4729687377
9218317939
8869700149
5194200804
5250382684
8476987036
8631337585
7530264157
5110843267
5809600590
7705865109
8885925460
4972067152
8943542677
9068812150
8902185719
9180104793
6911473109
6613065015
4729687377
8812002647
5136270837
8861972831
9153491066
8797137770
4990610327
5136480533
7022571391
5224799143
5095492563
8932121920
9036674693
5224799143
9187791755
7761332733
9098614410
4652901523
5111878645
9221475599
9152466376
9051496509
8729121154
8943542677
8857577088
5037260507
5141553524
8861679001
9289305276
9043773221
4982462226
8907699253
4959225463
8801024329
5097728803
8731133872
5123449300
9058905563
5436996514
9275389550
7156170292
4901205385
8922021696
8519735585
5141706401
6887518125
5278679129
5250342825
8979526005
7065747376
5229108545
9299770898
6976162497
8721405667
8775261316
9064650640
7026329411
5133607104
8966350257
7695331063
8898383825
4837501494
6869178939
4801602337
8902185719
8979526005
7905766580
9191840727
9154659009
8333086777
8764400146
9054417623
6876997964
9009418063
8911027608
7231008205
7559352169
6951443582
9332592343
4865596023
8683802291
5229073289
9043934553
8755970794
9020824692
9125091528
8484136680
8997362456
9042378082
7896572853
5015831386
8837476388
7016491905
7068628863
7504274082
5175872142
8861972831
8885925460
9129152474
8908694539
7717913489
9110570786
5135697032
5060410593
7328320073
7535422941
9058905563
4934648073
7139510211
4972067152
5208815949
9178260086
8909662988
5141706401
7224576363
4934648073
6930666921
9177243780
8611767909
8894180083
9144452019
8868229874
9227049839
9147451844
7403233846
8885165824
7287216242
9362425802
8631926372
5086515689
5095220857
5089214249
8911725324
5038317312
9131172095
9133081592
7071837349
7022571391
5660228202
7549208365
8519735585
5194200804
9310001753
8909988258
5204214973
8966350257
6795679921
8977566719
5019381603
8812002647
9151491355
5229108545
9071806359
8228661802
5136850372
9110570786
9492457726
5199849013
7106431340
9201915127
8906469950
6375806244
5090168662
8875309649
9138222608
5278679129
6928156343
8861415374
9092049631
9188804213
9258162420
8960627463
9017099003
7166095097
7330909866
7009038702
7530264157
7190828081
4903570702
9188912333
5122020569
8872130596
6613065015
5034943300
8985708052
9028976601
8565800644
9332592343
6613065015
9028976601
5224799143
9249618462
5217342785
7039783328
4999034790
7594970543
5090168662
4826475732
6999105919
7274459643
8890343003
9123447887
7203252685
8989573355
9252888301
9033463587
8903868052
9352716105
8785710285
6872732534
5136480533
9054417623
9144010392
8652945786
7336099907
7594497689
5996175904
9042378082
6633776469
8983999952
5028552341
7636841448
9084820248
8881361911
8705773548
9001343820
9142892997
5304039374
9317863982
9258813371
5240386446
8988884586
4766048902
9062429475
8153512156
9022922798
5042994988
7156170292
5133780544
7223899480
8993212416
7223899480
9373743889
5058176289
5221316352
9188912333
7750079555
5042994988
8759969581
5058247871
8883390571
5091292517
6912634655
6093619091
5173198280
6842920791
8201547203
9191028396
9050866330
8917731877
9275389550
9299770898
8908694539
9188804213
5224799143
7680757503
9188804213
9064650640
5309769442
5133967565
8903615984
5296620314
4899734544
8915174875
8759969581
7016491905
9306527496
8932121920
7761332733
8960734088
9130399021
8882433680
9225627394
9172936966
9054417623
7447944272
8989573355
8898383825
8729121154
5209283966
8881361911
5197465794
8759969581
6695723909
7002766899
9009418063
4952989677
9147451844
8755970794
7093957443
4729687377
8897819757
5123449300
8272706606
5159372734
8194410855
5387387476
4584336807
8848666018
4901205385
8883390571
9064650640
8960453093
7310963138
5089214249
8955853712
7597790758
5080284842
8870664655
4952989677
7636841448
9020593923
8996362443
6913451404
9050251627
7255237313
7372171112
9307859664
9183443848
5174861962
8966350257
8725861462
8839447546
8911588643
8870664655
8894286367
9115569846
5133607104
5099825812
7110660743
9156333804
9110186413
9125091528
5276930581
8228661802
7287216242
5219364208
8977674937
8892583876
5133780544
8787883923
7397761680
5076459982
8886897724
8872130596
8922021696
5172831521
5234158380
9064650640
8992746072
9357028805
9291207725
9329702561
9056788016
7144391308
7459441229
9027251149
8966350257
4584336807
9270023457
8859739657
8333086777
5182618333
9183443848
7093957443
9205824188
7695331063
4899734544
5304039374
7106934791
8722232059
4696604183
5030365197
4801630495
4957951019
5111878645
9197134686
9185587232
8953709079
5091767869
8929092030
4640349548
9033463587
6943003806
8986489481
9191840727
7039783328
7022571391
7274459643
6999266384
9009807498
5034304354
8384627445
8019945309
8476987036
4967159656
9142892997
8658905143
8890343003
9190083174
5133967565
7322013699
6912634655
7540949577
5153359560
5250342825
6913451404
7957263161
9002085613
9062677782
4986520789
9158538301
5167120706
9035054606
7595774603
5176159049
9083417604
8844992208
4990610327
8012812085
4840660545
6832474490
4903570702
5148536741
4769975314
7636841448
7289218933
9324332710
8977674937
9017917467
7660518837
9184981348
7641182059
7055618430
5177826361
9289305276
9143340435
8917731877
8893635159
6389738178
7549208365
9115333982
8872130596
9152466376
5218631879
7575317994
9007019021
8972337208
5296620314
6947555987
9219140031
8705773548
9170499021
7967825750
6876997964
5204214973
8644600505
5183884412
5040069363
9153123291
5030998323
7197629437
9158162388
5124327797
4865596023
8937558187
6974712584
5019381603
5875428813
9054417623
8861415374
9163870096
5141580698
6957966015
5080284842
5387387476
9016178581
4855854390
9180104793
5229073289
5113287989
5095427894
9088292701
9403907124
8981282522
5114020434
7328320073
8707860271
8877881840
5122660495
5209232534
5152840090
8895720268
9156333804
6795679921
6897319750
8597939115
9280952155
7896572853
5176159049
8194410855
7789264416
9178847272
7449492208
4676707205
6494741187
9090216375
7428118601
8871501409
9015344724
5045509061
8958621961
5234158380
5036533302
9054689318
8910872550
9151590093
9033463587
7779487735
6375806244
8707860271
8925211794
8658905143
8771965711
9165940021
7559352169
7515013528
8723972896
5046537691
5141706401
5229073289
5309769442
9504511484
9152438728
8905495666
8060708936
9017195888
8751929713
7215561939
7380751981
8794416181
5164310145
7471516176
4934648073
7045915260
5875428813
8541795215
5204214973
5091292517
5055083277
5217342785
8869248122
4820776602
9110186413
9142892997
5278679129
9026940280
5612092897
4941879963
9006209374
8852849306
9128511801
9190083174
8878910938
9017847454
8839447546
8378398967
5197153118
5106411075
5209283966
7498034284
8808407054
9056788016
5059009814
9366165631
8333086777
9239350730
8890343003
4974724600
6897458877
9010131090
5097728803
8764400146
9018774719
5240386446
7480435075
7409896071
7594970543
9147989444
8894286367
5436996514
9329702561
5189708045
4970996402
8904592607
7409896071
9301162608
7597790758
8844992208
8153512156
8775261316
9248226581
5140340897
5208815949
7502931256
8658905143
6375806244
5240386446
8909988258
8861679001
8992914108
8702215292
8708036211
7547120174
8488545101
7139510211
8981282522
5030998323
8903724764
5092940113
8916450135
9125091528
7678254574
7692441374
9097148222
8991355679
9062429475
8977674937
9079177571
9431698640
9066099022
8641876280
5152840090
6539923537
4575458979
5122020569
8897530035
9120476619
8541227084
7269399274
9153523132
5055344176
8768417065
8949615215
5077999010
8878910938
9052060930
9049981047
9001101953
9035054606
9126324895
8777470972
6342100952
6708468922
8892583876
4950205022
9130399021
7156170292
4864841342
5124327797
9021169768
9137651049
5058176289
8898553196
7748705817
4974724600
9127537344
8909662988
7366065615
9403907124
5060365774
7896572853
8787732657
5124327797
8861415374
8010213826
6842920791
7336974544
9235411417
6552276512
6963804911
8861415374
9301162608
6869178939
8729121154
5095427894
9144183496
5175872142
7378971832
9207029013
5158478529
7026339554
8775261316
8874742439
4512824228
5076164453
7668889951
8989995662
8260162208
5111878645
6708468922
5134395734
5047419308
9222913517
4982179980
5069107279
5057363903
5122020569
8870135821
4809550948
9350478232
9332592343
8874575056
8897530035
7215561939
9177898539
5276930581
8960734088
7729971136
5209283966
5036533302
8857577088
5076164453
8911725324
8907699253
8725861462
9258813371
5055083277
6695723909
8882433680
9198177602
8907699253
7492002949
4933144813
5221316352
9354859041
8838825300
9225627394
6930666921
7594970543
4953099009
4950205022
9012258712
5660228202
7139735878
4842551272
7484337238
8897542821
9084820248
8992914108
7233955971
6825879401
9131172095
9018774719
8916450135
9017847454
8764846814
9021169768
9020171025
7579610753
9198177602
7579610753
7208507927
8632669381
8808407054
5173509491
8838381795
9177243780
4905787630
6999105919
7967825750
5229108545
8845789789
7166095097
8913339014
9191028396
5199849013
8893635159
8839394257
9083417604
8869874259
9205824188
9062586126
7455221947
7166029190
9040185877
8887232890
9133081592
7802925603
9016823535
8115835210
8228661802
9231180554
9163870096
8459941140
4954575210
8777470972
8719451569
6872732534
9139517007
8772638044
9094907210
7736972195
7559352169
9217099268
8989995662
9143340435
4640349548
7957263161
7289218933
9373743889
6815973816
5091767869
5221316352
5189708045
8850340808
7336099907
4999464424
8862051681
9222913517
4696604183
5199849013
9173642004
9366165631
9056031141
4696557508
7455221947
9307859664
5095220857
5304039374
6598566539
7521614160
9060975653
7039783328
8812002647
8767419984
8861679001
9002323317
9120476619
9020171025
8920854594
8567447551
7796437142
4466430057
5122004626
5175872142
4974699092
8115835210
4673605364
6999266384
4950420900
8297835019
8915918806
5210373491
5051552439
5092940113
6787630768
8874742439
7281292250
9324332710
7397761680
4934648073
9270023457
9150114537
6897458877
9012258712
9301162608
5135697032
6261345869
9190304278
9018001537
9050251627
8797137770
4810742920
8972337208
6787049056
8885925460
8637349621
8992844640
9180008947
9054417623
9045341544
9130399021
5099825812
5152840090
8954777975
7140301798
5387387476
8887232890
7092318696
8959144111
7660518837
9209960194
7140301798
5056234542
7156170292
8993212416
9055592755
5138313651
4952410691
8934650219
8909988258
4729687377
4982179980
9086155004
7144391308
9056788016
9153491066
8785710285
4766048902
7140301798
8811489942
7061844444
9017917467
8832891824
9123549466
9056788016
5057172948
9098614410
8567447551
7504274082
8886986143
5099825812
7496114176
7789264416
8911517308
8839394257
5173198280
5051552439
7678254574
8714405944
9010131090
8731091549
7668889951
8201547203
7743286374
9094907210
9366165631
9228946218
8960734088
5174261690
6976162497
5157552229
8787883923
9097148222
5211907070
8988884586
8714405944
7610622295
5177826361
9153491066
5253882631
7471516176
5049460929
8759969581
6633776469
7016491905
8762465802
9228946218
7094077900
8272706606
4801602337
5091767869
9030619618
9123549466
9026379433
8909988258
8644600505
9045341544
6951443582
8902344925
5190271834
8333086777
8943542677
8298990499
8989995662
4733486652
8993212416
5115989690
9144183496
4801630495
9151491355
9092049631
7166029190
4878552076
5137148096
9373743889
5019381603
7594970543
6999105919
9015344724
8899853264
8902344925
9077445268
5030365197
8855837951
9062586126
8910872550
5211700910
7877412194
8767419984
5189708045
9147989444
8907699253
8790269254
5046952009
7045915260
9219140031
5055344176
9028376760
8983857973
8641876280
7289218933
5173509491
7330909866
7543613489
5060365774
9191253625
5167140187
9248463130
8897617587
9115333982
8567447551
5076459982
9090070670
9299770898
9240856808
9103654245
9020824692
9147451844
9227067710
5059009814
9127537344
9010789381
4769975314
9214836056
9362425802
8898928708
6842920791
7518228106
9077739883
5046537691
5153948556
9170499021
9072402100
8997362456
5809600590
9032874192
9135244861
9060975653
8990128220
6751865426
9012258712
8838712706
9027346464
8985823833
8857261275
8484136680
9059551521
7672198381
9011140122
5037260507
8795945218
5205373111
8775261316
5122020569
4673605364
8937558187
9180008947
8870135821
4820776602
5187284566
9219140031
5042994988
9038039301
6389738178
8200416206
7455221947
5055083277
8981282522
8897617587
5218631879
4810742920
5027266527
5047419308
8777470972
6926929040
9061138414
9030619618
8905495666
4855854390
8977566719
9217099268
9158538301
9011140122
8934650219
8911517308
6890906083
8897542821
8632669381
7106431340
8861972831
4864841342
8934650219
5122660495
8892583876
6963804911
4729687377
7515013528
9192601051
5194181657
6887518125
8783807135
8861679001
8200416206
8767055603
9029112842
8333086777
8861733043
5062356337
5124876157
9150114537
9024286680
9214258938
5105621576
7053764129
7705865109
8958621961
9123447887
8985708052
9050475273
8990128220
6787630768
8895720268
9010131090
7118192193
5110843267
9204598678
5040069363
9015669508
5334215445
8890343003
6963804911
9127537344
9054689318
8010213826
5098564308
6613065015
7065747376
5052333253
7190828081
9029029498
9237254424
9120476619
8897530035
4952989677
9172936966
7967825750
5207258873
8897530035
8981282522
5170800380
8989523459
8783807135
5115989690
9201915127
5052208151
4941879963
9042062075
5063579303
8298990499
7447370790
8648463475
5177826361
8861679001
4717965349
5062356337
4986520789
9184065976
5210533605
4852576674
8911725324
7053764129
5095427894
7066865593
9002085613
7547120174
9062677782
8743189113
9152438728
6963804911
5217342785
7692441374
5128050423
8567447551
7445339833
8801024329
9165940021
8902185719
7045915260
6962740710
8959144111
6375806244
7110660743
7401932115
9115569846
4801630495
5136270837
5190086390
5197850015
6751865426
5030998323
8883390571
4957951019
9310001753
8631926372
7436073948
7693281445
9058905563
9191028396
7382918448
9101658937
8899853264
6947555987
6996746590
8631926372
5055344176
9128511801
5157552229
8878910938
8476987036
8864834869
5059009814
5058176289
5229073289
4840660545
4911528747
7255237313
9201915127
8904592607
5103669566
5194181657
7166029190
7963174083
9120324232
5046537691
9023372832
5095220857
7287216242
7802925603
7449492208
8906469950
8670584111
9152438728
8201547203
9191840727
7202967687
9160068822
5058176289
9150235355
9191253625
8948156139
9077445268
8790269254
8873530074
7594497689
9306527496
8787732657
8868229874
5122004626
8992746072
7743286374
8996641882
8885925460
9029981604
9026940280
9187791755
4906639523
8960453093
7934116450
9127537344
9115530846
9315690069
4973871381
5027266527
9017751835
5027266527
4824568478
9050866330
9017099003
8869700149
9010789381
9239350730
9068812150
5077999010
7117449904
9082672570
7496114176
9147989444
8873530074
8641876280
5183884412
9059551521
4970996402
4512824228
8905063342
5141580698
6926929040
7098568620
9090638886
6756688382
7139735878
9037598695
5240386446
9275168405
5138313651
7729971136
7551621527
9013588479
8850340808
8853365127
9227049839
9272730090
9077967709
8913339014
8906469950
7166029190
5127763677
7551621527
6389738178
9077967709
5164310145
8989523459
5132562323
8881361911
8783807135
8907699253
5141580698
5113287989
5073103479
8925785067
9147389950
8815465918
8785710285
8885925460
7484730392
8877881840
4950420900
5063579303
5125543879
9137651049
9108064541
8901951358
6962740710
7298496994
9219140031
4865596023
8969230245
8857577088
9001343820
5166561870
7692441374
9191263217
8886986143
8897530035
8862051681
9228946218
4911528747
5204968499
7088362658
5115989690
5174861962
5122004626
6897458877
5034943300
8971864330
9291207725
9214836056
7515013528
5210373491
4974724600
5182618333
8476987036
8658905143
8019945309
8850340808
9233077119
5042994988
7530264157
6825879401
8568740551
7693281445
5090168662
8852849306
8917731877
8839394257
8909988258
5148536741
7796437142
9086748264
8861415374
9237254424
9211742183
4911528747
5183884412
7597790758
8903724764
6848930287
7819153488
8705773548
7016491905
6441651894
5190271834
7065747376
9214258938
8989523459
8768417065
8981282522
5229073289
8873530074
8915174875
8772638044
9249618462
4967159656
9185587232
4974699092
7540949577
6974712584
7877412194
4581901803
5095220857
7274459643
9015669508
7208507927
8969069498
5219364208
6975572411
5126568643
5106411075
7896572853
9233077119
9135244861
8832891824
5053427536
7660518837
8969769630
7322013699
8903724764
9108064541
9068812150
8549303664
8153512156
8683802291
4696604183
5113287989
8755970794
4974699092
4982462226
7117449904
7610622295
7328320073
6787630768
5030998323
8272706606
9062677782
9209960194
7934116450
8985398680
5115989690
7957263161
9209960194
8969230245
8839394257
8922021696
9158162388
9291207725
4804825667
8915174875
5285410155
6999266384
7713678323
5097728803
9144452019
8897819757
5148536741
7660518837
7092318696
5210533605
4665743490
7515013528
8874742439
4810742920
9135244861
8978028332
7672198381
7447370790
9156099569
4939062553
9190083174
8788175705
7202967687
8838712706
9001101953
9227067710
5187284566
9317863982
8902185719
7233955971
5118528095
9036993830
5140340897
6918846481
9151183713
5996175904
9058905563
9028376760
9207029013
9017847454
4575458979
8922021696
8911247543
9139517007
7713678323
6751865426
7779487735
4954575210
8861733043
5049460929
5033679881
5174261690
6859587264
7298496994
7551621527
9016823535
9180104793
9020593923
8911517308
6598566539
5153948556
5058247871
4826475732
7750079555
7336974544
7668889951
8978028332
4844944070
5053427536
9120476619
8913339014
8875309649
6957966015
5170800380
7320364108
4844944070
7241658180
7680757503
7436073948
8993212416
7761332733
7087827031
5020248910
4581901803
9059551521
5182618333
9010131090
9028976601
9074162005
9180008947
5055083277
8991355679
9110570786
5296620314
8488545101
8797137770
5089214249
8708036211
9035067758
7224576363
9066099022
8844992208
9205824188
5255693329
9352716105
7656381411
6869178939
5133607104
8893110379
8707213991
9357028805
8985398680
4640349548
5133967565
9059551521
8890343003
7750079555
5092863180
5172831521
7641182059
5174261690
9014561210
5141580698
7610622295
8228661802
8811489942
8933844837
9002085613
7156170292
8861733043
8922021696
5164310145
9110186413
6999105919
9024286680
5124876157
8541227084
9034948536
9059551521
8925211794
7231008205
7450466932
4952410691
7458483752
8908694539
9184981348
8838825300
4972067152
7140301798
8871501409
9310001753
9127537344
7579610753
5067901341
9058451136
7699531567
9345951375
5056234542
5125543879
5309769442
7535932760
6441651894
5106411075
5046537691
5211907070
5039407099
7372171112
5134395734
8272706606
6911473109
8869248122
4906042187
9090470222
5224799143
5201802776
7092318696
4973871381
9052060930
8992914108
5077999010
5041037149
8549303664
8910427249
7535932760
8966350257
5230559261
7779487735
9074162005
5052241136
5678267612
9056788016
8903868052
4950205022
7118192193
9257354367
4967159656
5153359560
7536758950
8808407054
9147451844
8991355679
7443845910
7672198381
5058176289
8969069498
7779487735
8955853712
9026379433
5158478529
5221316352
9184981348
9053137921
5190271834
7255237313
8894553534
8611767909
7110660743
9291207725
9020824692
6842920791
8988258410
6962740710
8920854594
9014561210
6926929040
8738849918
4967159656
8597939115
9028976601
5173509491
7144391308
9151240470
5138313651
5034304354
9017897937
7066865593
6832474490
5045509061
9040656216
8903724764
5187284566
8750995946
7287216242
8764846814
9021343865
6911473109
7636841448
5086515689
8986489481
5105621576
4911528747
8484136680
7215561939
8992746072
9150235355
9211742183
8901951358
9202238445
7796437142
8794416181
5114997726
7066865593
8597939115
6708468922
8947795137
9063178633
6825879401
5080900809
4901205385
8958621961
8979526005
8959144111
5092863180
7092574707
9223670350
8722568092
7492002949
7743286374
9185587232
9083417604
6930666921
8969230245
9145144970
9011140122
5179903236
9090216375
5192152551
5194200804
9030619618
5098564308
9020593923
9258813371
9103654245
7233955971
4733486652
9143340435
4766048902
5134395734
7401932115
7713678323
8903615984
7094005274
8904442997
7066865593
5109756943
8758764468
9252294433
7579610753
9094907210
9403907124
9130399021
8855837951
7166729632
5166561870
6797893026
5115989690
9315690069
8947795137
8875309649
7575317994
7480435075
9156099569
5036533302
7026339554
4903570702
9063178633
8929092030
5120978158
4957951019
9043934553
5164310145
9177243780
8981282522
9133081592
8869700149
8731091549
8881361911
7693281445
8723972896
5124327797
9227049839
5058247871
7450466932
9139517007
4824568478
7212562142
4993768735
8964712016
9329702561
4941879963
9045341544
4823683886
9044804340
8815465918
8964712016
9126639062
9020171025
4974699092
6375806244
4698941951
7963174083
5136850372
8845789789
9083417604
5047419308
4999034790
8648463475
5253882631
4982462226
7594970543
9074162005
6832474490
5122020569
9017099003
7094077900
8978028332
8719451569
9222826125
5996175904
8988884586
5153359560
8794416181
7515013528
4965117503
8200416206
8772638044
9156333804
8853365127
5110843267
9147989444
8897542821
9028376760
8898383825
5612092897
8855837951
6975572411
9066099022
4855854390
9129152474
5107373839
9247487085
5058247871
9211742183
5091292517
8943542677
5678267612
9053137921
8743189113
6897319750
7524518971
8898383825
8741862197
7496114176
6708468922
8759969581
9015396971
9235411417
7484337238
4930411788
7098568620
9504511484
8338027929
5210373491
7310963138
7688963926
9158162388
5133780544
9184981348
5240855617
7957263161
9014561210
4999034790
8484136680
8868229874
9247487085
7530264157
7397761680
9060641103
8960453093
4899734544
4973871381
4506479739
9129152474
6994198116
7287216242
5120978158
9095047708
8886897724
6887518125
4810742920
8755970794
9002085613
4865787894
9135244861
9020864920
9012258712
9188912333
5158478529
5040069363
9231180554
9015344724
7092574707
8838712706
8845789789
6375806244
7366065615
4844944070
8983999952
9252294433
4878552076
5118528095
9147389950
8228661802
9231180554
7458483752
7551621527
9202238445
9015669508
7967825750
5052333253
9228946218
8758764468
8922021696
6598566539
7524518971
9090638886
8194410855
8883390571
8933844837
9235411417
7641182059
5193053979
8915918806
5096578016
9280216218
8911247543
7459441229
9126324895
9115333982
6795535283
4906042187
6832474490
9252888301
8906333607
9018734628
5014695689
8869076084
9009807498
8897530035
4667784621
9103654245
5875428813
9214836056
4959225463
8194410855
8862051681
4993768735
4810742920
9235411417
9090638886
5121425069
5095220857
9315690069
9158538301
6962740710
8869076084
5204109926
8719451569
9197903997
5240855617
9098614410
6389738178
8955853712
4952410691
8857261275
9042378082
8410550240
4462300772
9180008947
7594497689
6979132191
9252294433
5080284842
9275389550
8911588643
5114020434
5115989690
9365529467
5069107279
8868229874
8718037331
7088362658
7016491905
8808407054
4698941951
9125091528
5255693329
9026940280
6738754654
9027346464
4837501494
4986520789
8785710285
7092318696
9068812150
5207258873
7330909866
8670584111
4855854390
9152438728
9289305276
5080900809
9151240470
8916450135
5080900809
7498034284
8882433680
5125543879
8848510386
5167120706
4696557508
7328320073
9021169768
9077445268
5015831386
8949758191
6986738243
9018734628
7231008205
5229108545
9086155004
5048919367
9237254424
5128050423
7401932115
9022890772
8801024329
4993768735
8750995946
9310001753
8768417065
9054689318
9029112842
9026379433
9060641103
4733486652
9350478232
7536758950
9074162005
9028336079
8988258410
9172936966
9060975653
9001101953
5019381603
9252294433
7484730392
9090638886
9020593923
7055618430
6708468922
5095492563
5115989690
9275168405
5092863180
7233955971
7328320073
5192152551
7088362658
9345951375
4640349548
6815973816
9042062075
9128511801
9017195888
8909988258
6999266384
8899853264
7061844444
5077638899
6897458877
8788175705
5060365774
5170800380
9058905563
9222363791
7320364108
6947555987
9276713281
6913451404
5177826361
7595774603
6872732534
5135697032
5229108545
9016823535
5240855617
8861415374
4974724600
9077739883
8200416206
7447370790
9086155004
8955853712
4676707205
5052208151
7498034284
6975572411
8902344925
8897819757
9001101953
6930666921
7092574707
5033679881
8338027929
5179321047
4692561108
9191253625
8812002647
7322013699
4852576674
4809550948
9170499021
9156099569
9086748264
7540949577
8731091549
8933844837
4933144813
8861972831
8683802291
8898553196
9192601051
9098614410
8977566719
7428118601
8648463475
9257354367
5113287989
5048919367
7695331063
7958642004
5103669566
7269399274
8898928708
7713678323
9101658937
7055618430
6926929040
5095427894
9172936966
8989523459
8920854594
6261345869
5304039374
5192112544
8969769630
7026329411
9249618462
7498034284
9077739883
7802925603
7233955971
9022879066
8812002647
9043934553
8874575056
9038039301
6979132191
8775261316
7026339554
8754221014
5034943300
6999266384
6963804911
5039407099
8848510386
8859739657
8549303664
4993768735
9051155607
9270023457
7672198381
7594497689
9010789381
7231853400
4986520789
5104642730
7699531567
9280216218
9202238445
9017195888
4950205022
8882433680
5219364208
9062677782
5086515689
7215561939
4960001838
8925785067
5019381603
4673605364
7026329411
5230559261
7518228106
8958621961
4970996402
9225627394
5051552439
7096006704
7450466932
9183443848
9126639062
9079177571
5086515689
5034304354
8894553534
5218631879
8883390571
8960627463
8869874259
8871501409
7106431340
6832474490
9029112842
6815973816
8911725324
5077999010
4865787894
9010789381
5092940113
9018001537
8875309649
9173642004
9122258023
9025675630
8906333607
9149667668
9173642004
7197629437
7559352169
5194181657
4840681165
5057172948
8787883923
4993768735
8855837951
7372171112
9042378082
4965117503
5205373111
8937558187
8985823833
9028376760
9051155607
7322013699
5118528095
9011162583
5250342825
7026329411
9214836056
8972323880
5253882631
8707860271
7108811834
5322136633
4941879963
9144010392
8519735585
9028336079
9089827178
5136480533
9044804340
8567447551
9218317939
6598566539
8771965711
5209283966
5067901341
5132562323
8641876280
8410550240
8878910938
5130125034
9033463587
7680757503
9350478232
7934116450
8297835019
7174731705
8798771288
8911247543
5193009347
9197903997
8798771288
5105621576
5049460929
9069985349
7117449904
8611767909
9222913517
9074162005
4717965349
7436073948
7269399274
9009418063
5128050423
8991355679
8902185719
8911517308
8597939115
9022899617
5141553524
8839447546
8719451569
7789264416
4864841342
6983815441
6787049056
5192152551
8977082551
7504274082
9077739883
8906333607
9017751835
8811489942
7009038702
8767419984
9122258023
5173509491
5179903236
8597939115
8983857973
9222913517
8738849918
9187791755
9138222608
7547120174
8632669381
8966350257
6093619091
9280216218
8989523459
8969230245
9024286680
9064650640
6633776469
9233077119
4956078947
7274459643
9062586126
8894553534
8272706606
7174731705
9147389950
4824568478
5059969049
8338027929
8977082551
4939062553
7504274082
8775261316
5199849013
8788175705
5124327797
7231008205
7045915260
9030619618
6738754654
5164310145
5152840090
7540949577
5111878645
5027266527
5077638899
7409896071
7548030625
8790269254
8670584111
7139510211
5170800380
7471516176
7106934791
4993768735
9059551521
6756688382
8861679001
5024921727
5148536741
7382918448
8971864330
9153491066
5612092897
5190271834
9131172095
5209283966
6943003806
9101658937
7717913489
8848977292
4696604183
7203252685
7447370790
9050475273
8949615215
7231853400
7934116450
7342491535
9270023457
7447944272
5322136633
8893998818
5055344176
6999266384
7449492208
7071837349
9185587232
9027346464
8949615215
5120978158
9029029498
5134395734
7761332733
7045915260
7548030625
8988258410
4957951019
8012812085
9180104793
5197850015
7127202747
8459941140
5056234542
5224799143
5218631879
5175872142
8750995946
7575317994
9011140122
4999034790
7789264416
8988884586
4844944070
9137651049
9077445268
9063178633
8931423464
9027346464
9144010392
7108811834
6539923537
9082628148
8931423464
4840660545
8906469950
9191253625
8637349621
8844992208
9033463587
9217099268
4581901803
9024286680
8488545101
7877412194
5175872142
5080284842
9324332710
7678254574
9165940021
7403233846
8861733043
8515723692
4696604183
5436996514
5051552439
8892583876
5042994988
6848930287
9227049839
8903724764
8979526005
7447370790
7110660743
8910872550
8298990499
8881361911
8893658610
5096578016
8989995662
8565800644
7288446588
7432713460
4953099009
7055618430
8893998818
5051552439
5193053979
8911588643
5091767869
7688963926
4635561385
8658905143
8960627463
9016178581
8887232890
9058905563
9247487085
8972323880
9276713281
7088362658
9017917467
4766048902
9018734628
7953668682
8652945786
7524518971
4837501494
9054417623
8899853264
4974724600
9026940280
9123447887
8911247543
8060708936
9197134686
8869700149
8750995946
9028376760
8060708936
5678267612
5095427894
8885165824
9017917467
8972337208
6815973816
4840378842
9190304278
7447370790
9122258023
9090470222
8966350257
9110266737
8906333607
8648463475
7641182059
7320364108
9205824188
9100539770
9023372832
8972337208
8788175705
7736972195
4652901523
8848510386
4970996402
7480435075
7403233846
8908694539
5125048794
5204968499
8762465802
8983857973
5076164453
4584336807
8903615984
9072402100
4953099009
8476987036
8875309649
9042117450
7595774603
8991355679
8996641882
7877412194
7484337238
6797893026
8986806148
5190271834
8541795215
5058176289
5190086390
8115835210
8894180083
9055592755
5060410593
4673605364
7009038702
9275168405
7106431340
8986806148
7877412194
7068628863
5130125034
6539923537
9492457726
9233077119
9023372832
9053322825
9032874192
8969069498
8010213826
9310001753
7022571391
9151590093
8909662988
8812002647
8787883923
9191802461
9084820248
4652901523
7549208365
9051496509
8898553196
5047203851
8838825300
4878552076
9079177571
8920854594
4852576674
5053427536
7905766580
8950288925
7106934791
7298496994
5164310145
5170800380
9090216375
7336974544
9122258023
6943003806
8949758191
8871501409
9317863982
8969069498
9017195888
9202238445
9086155004
6441651894
8886986143
7391556292
8953709079
9191802461
6342100952
5114997726
4667784621
9015669508
7502931256
8959144111
8611767909
7088362658
9020824692
4878552076
8871234356
9018664157
5322136633
9188804213
9077739883
9069985349
8915918806
6996746590
9040185877
8904442997
7594497689
8985708052
7053764129
7223899480
7391556292
5067901341
5875428813
9197317648
9084010210
9332592343
9108064541
9205824188
5077999010
8909988258
5052208151
9153523132
9009807498
5024921727
8862051681
9145144970
7680757503
7094005274
9258162420
9131172095
5011872391
4462300772
7224576363
7380751981
5130125034
5205373111
6815973816
8869248122
7780237363
9028976601
7680757503
7548030625
5058176289
5111878645
5073103479
8895720268
5047203851
6947555987
6552276512
9431698640
9188804213
7789264416
8338027929
9045341544
8977566719
8648463475
7166729632
8777470972
7108811834
6957966015
8996641882
9053137921
9275389550
9001343820
8153512156
7281041052
9198345321
5126841288
9061138414
4840378842
9219140031
4696557508
8960627463
7953668682
4717965349
9062429475
9158162388
5250382684
4934648073
7549208365
8861972831
7535422941
8915174875
7093957443
8905495666
5250382684
8893110379
5055083277
5007453397
7281292250
8871501409
5122004626
8871234356
8515723692
5011872391
9028376760
7496114176
5133607104
5240855617
9178260086
9150114537
8989573355
9018001537
9095047708
6261345869
5276930581
9082672570
7521614160
4911528747
8894180083
4957951019
8908694539
5266035006
7139735878
7484337238
8959144111
5073103479
8012812085
4965117503
7088362658
8852849306
5240855617
4466430057
5211700910
5224799143
6633776469
7515678642
7269399274
5157552229
5076164453
5189708045
7215561939
5067901341
8991355679
8905063342
9151240470
7743286374
5126568643
5053427536
8972337208
5159372734
8977082551
8797137770
7110660743
9021343865
7071837349
5194181657
4949733074
6756688382
4575458979
4941879963
9151590093
8794416181
5122004626
5296620314
6951443582
9082628148
9056788016
5230559261
8948156139
9013588479
4959225463
8541227084
9247487085
7093957443
5197850015
8848666018
8808407054
8861415374
9089827178
7543613489
6975572411
5210533605
6872732534
5020662038
7255237313
4952989677
5020662038
9066099022
8929092030
9247487085
5137148096
9160068822
5138313651
9020857573
6887518125
9131172095
8949615215
9049981047
7566522808
4960001838
5996175904
6974712584
9191263217
8850340808
5076459982
7705865109
7445339833
5209232534
9079036004
5334215445
4733486652
7672198381
7092574707
4667784621
5051552439
4973871381
7595774603
9009418063
5219364208
8985398680
4810742920
8852849306
9156099569
4954575210
8903724764
5130125034
6962740710
5097728803
8894553534
9357028805
5113287989
5077638899
7595774603
8731133872
8010213826
5045509061
5211700910
9084820248
5105621576
8632669381
9133081592
8201547203
4667784621
5183884412
5096578016
8902344925
7934116450
5097728803
5207805640
8815465918
9001101953
8338027929
8899853264
9222913517
6928156343
8844992208
6913451404
5209232534
7597790758
8989523459
5137148096
8911725324
4906042187
5019381603
9079036004
9018774719
5125543879
7066865593
5114020434
4906042187
9190304278
5056234542
9043934553
7016491905
8768417065
4970996402
8897819757
8836943869
7026339554
8986806148
5229073289
5057172948
8754221014
9035067758
8894286367
7139510211
8870135821
8750995946
8990128220
8953709079
9211742183
9291207725
9086748264
9017897937
9086748264
5278679129
8954777975
8568740551
5124327797
9079177571
9056788016
8738849918
9163870096
5039407099
9099497487
9221475599
8881361911
8484136680
9042062075
8992844640
8885165824
6539923537
8632669381
8949615215
9289305276
9110186413
8012812085
5028552341
4665743490
7096006704
5046537691
7094005274
5166561870
9062429475
8488545101
9222363791
4842551272
9022890772
9061138414
9204598678
9062677782
4652901523
8920854594
5218631879
5296620314
9082628148
9120476619
6695723909
9142892997
5128050423
8971864330
5192112544
5255693329
9027251149
8897542821
9317863982
4954575210
8911517308
4692561108
4934648073
5092940113
8725861462
6708468922
7094005274
8907699253
5153359560
5266035006
5127763677
8861972831
9228946218
8864834869
6825879401
9158538301
4820776602
7967825750
5174861962
9014561210
7518228106
4698941951
7289218933
5304039374
8909662988
5190086390
9332592343
9014561210
4933144813
9221475599
8869700149
9204598678
9198345321
9017917467
7432713460
5099825812
8992844640
9217099268
5007453397
9092049631
5132562323
8949758191
5211907070
7403233846
9018664157
9029112842
6798000326
8812002647
8741862197
9013588479
9090638886
4990610327
8892583876
9016178581
7480435075
9006209374
7443845910
8904442997
5132562323
9050866330
8869248122
4982179980
5038317312
9040185877
8932121920
5295765354
8850340808
8911725324
9011162583
6979132191
7455221947
7432713460
9151240470
8913339014
8798771288
6890906083
9177003812
5136480533
8893635159
5209232534
7480435075
7680757503
9145144970
5174861962
7963174083
9258162420
5020662038
9022899617
7092318696
9011201945
9147389950
8960453093
5266035006
8985823833
9272730090
9240856808
6795679921
9020593923
9126639062
9403907124
9040656216
8870664655
8718037331
5048919367
8960627463
5086279419
9010131090
9021169768
9017195888
6890906083
4733486652
8964712016
5240855617
9018001537
8897819757
9180008947
9317863982
9027251149
9131172095
9034948536
7445339833
6815973816
6962740710
8854759002
8597939115
6708468922
8993212416
9077967709
5077638899
4462300772
8896184471
9110186413
4824568478
5113287989
8925785067
4696557508
7436073948
9191028396
7559352169
7958642004
5103669566
5152840090
5436996514
8933844837
4934648073
8272706606
4698941951
8883390571
9129152474
5095220857
5295765354
9139517007
5062356337
9152466376
9088292701
5098564308
9350478232
8565800644
9035054606
7410097754
6928156343
9018001537
5218631879
8767055603
9191802461
9092049631
9110266737
5182618333
4652901523
9147389950
8722232059
6552276512
8861733043
5194200804
5192112544
8985823833
6795535283
9045341544
7717913489
8875309649
8996641882
9365529467
5124876157
5211700910
6994198116
4956078947
8585153720
4844944070
7802925603
9053322825
9084010210
9299770898
5011872391
6943003806
8861733043
5207805640
8755970794
4769975314
9017847454
4999034790
7934116450
7190828081
9133081592
8725861462
8541227084
7139735878
4901205385
8741862197
5141580698
5136850372
8568740551
8476987036
5153359560
8785710285
7595774603
6695723909
6872732534
9079177571
8410550240
5055344176
9016823535
8917731877
9018664157
9128511801
7458483752
9222363791
8925785067
5207805640
8115835210
8488545101
9152466376
9151183713
7540949577
9144010392
9257354367
8872130596
8741862197
5011872391
9144183496
9033463587
8895720268
6869178939
5096578016
6994198116
7071837349
5107373839
7190828081
8901951358
8885925460
8549303664
7094005274
8754863165
7535932760
5134395734
5099825812
5678267612
7288446588
6897458877
7905766580
5027266527
9090070670
7543613489
8996362443
9190083174
4864841342
9035054606
8977082551
7127202747
9090470222
7113771848
9025675630
9030619618
9153123291
9007019021
5175872142
5255693329
5052208151
7087827031
9110266737
9156333804
4673605364
8934650219
6872732534
9147989444
8707213991
9063178633
5052241136
5201802776
9129152474
8838712706
8764400146
8815465918
9022879066
4956078947
9020864920
8861733043
9248463130
6848930287
5875428813
7212562142
8762465802
8934650219
5187284566
6974712584
8868229874
8853365127
4801602337
7144391308
8948156139
9023372832
9198345321
7484337238
8886986143
7779487735
5197465794
9029112842
9115333982
7668889951
7127202747
8901951358
8992746072
8838825300
8954777975
5114997726
8890343003
5060365774
5250382684
8977566719
7455221947
7094077900
7026329411
8969769630
8911027608
6943003806
7002766899
7409896071
5158478529
7743286374
9270023457
8915174875
4974699092
5063579303
5159372734
9270023457
7320364108
8515723692
9094907210
8971864330
8953709079
5204214973
5278679129
9188804213
5175872142
7190828081
5197850015
6926929040
8916450135
8549303664
5612092897
8670584111
8929092030
9178847272
5036533302
8902185719
5028552341
6261345869
9403907124
5114020434
4820776602
4837501494
8060708936
7208507927
7695331063
9011140122
9028376760
6999105919
8902344925
8989995662
8777470972
7729971136
5204968499
4766048902
9175845520
8916450135
8990128220
4967159656
9492457726
7780237363
5109756943
6983815441
8977566719
8298990499
8839394257
8631337585
7087827031
6897319750
8790269254
9352716105
8714405944
9012258712
4840681165
5051552439
8852849306
7717913489
9027346464
8909662988
8892583876
9103654245
9108064541
6797893026
9079036004
9362425802
9040185877
9275168405
9028376760
7342491535
8873530074
6342100952
5092940113
7055618430
7717913489
7647177190
8905063342
4842551272
9020864920
7761332733
8969069498
8797137770
7713678323
9362425802
6441651894
8872130596
7750079555
7336099907
4973871381
5197153118
8010213826
5179321047
5007453397
7484730392
7087827031
8886897724
5077638899
8979526005
7190828081
5041037149
4950420900
9204598678
9207029013
8787883923
5207805640
7233955971
7403233846
8837476388
5040069363
6093619091
7174731705
9053137921
9022879066
5217342785
7595774603
9258813371
9247487085
5217342785
4809550948
9054417623
6918846481
9365529467
9069985349
9191253625
8565800644
6979132191
5295765354
8894286367
5192152551
7515013528
7543613489
9032874192
8925211794
5285410155
5038317312
9154659009
8960734088
8949758191
8767419984
9125091528
5052333253
9128511801
8060708936
9240856808
4766048902
9077967709
4673605364
8848510386
8882433680
7796437142
9221475599
8758764468
8992746072
8910427249
6957966015
9068645982
9017195888
9015669508
9252888301
8515723692
8722568092
9071806359
4959225463
8845789789
9077967709
9211742183
8721405667
8811489942
4462300772
5046537691
9110266737
9020857573
9156333804
9301162608
4584336807
9149667668
9198177602
6859587264
7610622295
9280952155
4840660545
7098568620
9163870096
5052241136
9099497487
9165940021
4575458979
9042117450
6848930287
5204109926
8486261559
8992914108
8862051681
8783807135
4950420900
7281292250
8904442997
5123449300
5207258873
9058451136
9090070670
5086515689
8743189113
6994198116
6913451404
9151183713
9020864920
4950420900
5024921727
7957263161
5091292517
7215561939
7310963138
5322136633
4933144813
9088292701
9086155004
4899734544
9177898539
5135697032
5278679129
9151590093
4823683886
5182618333
5073103479
9027346464
7409896071
8384627445
9028336079
8861972831
4952410691
5125543879
9222826125
9120476619
7166729632
8767055603
9201915127
9158162388
5045509061
8298990499
7779487735
5192152551
8985823833
5104642730
9089827178
5173509491
5092940113
9022890772
7692441374
7688963926
8297835019
8864834869
9275389550
5136480533
9280216218
8729121154
8992844640
5020662038
6832474490
9143340435
5295765354
8949758191
5173198280
5057172948
5118528095
5208815949
9120324232
9492457726
9214258938
5128050423
8886986143
5136270837
9191263217
8989995662
8644600505
5126841288
7660518837
9240856808
9029112842
9133081592
7092574707
8705773548
9115569846
9163870096
9233077119
8943542677
8486261559
4959225463
9197903997
8915918806
9040656216
9040185877
6996746590
8787732657
9431698640
9307859664
7471516176
9066099022
9007019021
8955853712
5055083277
9120324232
8859739657
9018001537
7277634486
8893998818
5111878645
6842920791
5207805640
6832474490
8861415374
4865787894
8894180083
7692441374
8755970794
6842920791
8972337208
4952989677
9088292701
8915918806
7231008205
7688963926
7093957443
5096578016
8894656616
7277634486
7106431340
9011201945
7336974544
5034943300
7113771848
7391556292
9011162583
5076459982
5060410593
9123549466
9055592755
5048919367
5076164453
9191263217
9017847454
8541795215
5058247871
5133967565
8869700149
8585153720
5111878645
5170800380
4665743490
9127537344
9252294433
5197153118
9036993830
9276713281
9011201945
7382918448
8754221014
5295765354
5285410155
6947555987
4954575210
7274459643
8969069498
6552276512
8868229874
7758911739
4810742920
5015831386
8985708052
9060975653
5158478529
9068645982
8845789789
4934648073
7967825750
4823683886
7713678323
4801630495
9354859041
5098564308
9010789381
5028552341
8751929713
9354859041
9239350730
8949615215
6695723909
8836943869
4865596023
9198177602
8898383825
7504274082
8958621961
9150235355
5250382684
4676707205
5197153118
6738754654
7202967687
6342100952
9280952155
7380751981
9248463130
9227067710
9094907210
7366065615
9315690069
5039407099
8641876280
9012258712
5123449300
9016178581
8568740551
9279403158
9077967709
5183884412
7647177190
8519735585
9504511484
7492002949
9015669508
8637349621
6494741187
7098568620
9178260086
5197850015
9120476619
9207029013
9032874192
4954575210
9492457726
7484337238
8488545101
9192601051
9280952155
8751929713
8714405944
8012812085
9054689318
7502931256
9144183496
8894180083
7699531567
5177826361
9177003812
7158002553
4506479739
9006209374
5387387476
8200416206
8838381795
5124876157
5095492563
8798771288
5080284842
9431698640
7934116450
9021343865
4823683886
6708468922
7071837349
7819153488
7281041052
4906042187
5192152551
8896184471
8723972896
5138313651
6872732534
9204598678
5048919367
5148536741
4967159656
9037598695
9017917467
4986520789
8541795215
5211700910
8898553196
5122020569
8896184471
5173198280
8897617587
9002323317
8707213991
4956078947
8486261559
8986489481
8019945309
5080900809
7174731705
8929092030
5096578016
7758911739
8476987036
9272730090
5051552439
7366065615
8933844837
9258162420
5157552229
9145144970
8798771288
8850340808
8996362443
7197629437
9198345321
5136850372
5067901341
9020857573
7647177190
7106934791
9017917467
5217342785
7391556292
8758764468
4837501494
8378398967
9022890772
9139517007
7549208365
6957966015
9060641103
7750079555
9198345321
8978028332
7117449904
8960627463
8844992208
9009418063
9100539770
9214258938
5130125034
5296620314
9154659009
8905063342
9352716105
7647177190
4801630495
6930666921
7336099907
8950288925
8859739657
9029981604
7410097754
8785710285
8902185719
4974724600
9053137921
9153123291
8378398967
7026329411
9064650640
5080900809
7298496994
5210373491
7758911739
8019945309
7536758950
7065747376
7372171112
8897542821
4911528747
9191840727
7819153488
5130125034
9011140122
7391556292
7594497689
8836943869
4906042187
4840681165
6911473109
9040656216
7330909866
8731133872
6832474490
8797137770
9170499021
9090070670
8565800644
7458483752
5208815949
9252294433
9042117450
8931423464
7549208365
7127202747
5046537691
5059969049
6859587264
4864841342
9289305276
5167120706
5011872391
8955853712
9237254424
7963174083
5014695689
7380751981
8929092030
5049460929
9324332710
6869178939
7281041052
5073103479
4930411788
9252294433
5011872391
5099825812
9184065976
6897319750
4840681165
9332592343
9137651049
7202967687
5266035006
8741862197
9069985349
6986738243
9099497487
4766048902
6951443582
9115333982
8832891824
9072402100
5166561870
8488545101
8950288925
7166095097
5110843267
8910427249
7447370790
7203252685
8947795137
8719451569
7298496994
8911027608
8897819757
7087827031
8985708052
8917731877
6999266384
8648463475
6897458877
9033463587
8898553196
9079036004
7409896071
9145144970
7061844444
5024921727
5192112544
8722568092
8864834869
5133780544
8714405944
9084010210
6890906083
8798771288
9258813371
5809600590
7224576363
7610622295
8873530074
9038039301
5033679881
5660228202
9280216218
9021343865
5034304354
5095427894
9214258938
8904592607
8893110379
9015669508
9023372832
4899734544
7053764129
7459441229
8611767909
8012812085
5059969049
4930411788
8960453093
7549208365
4957951019
8887232890
9058451136
6897319750
8801024329
4999034790
9018664157
5089214249
7233955971
9248463130
8960734088
5612092897
7113771848
9126639062
9217099268
8996362443
5076459982
7094077900
8702215292
9170499021
5060365774
5110843267
9191028396
9083417604
5209232534
9069985349
7212562142
9366165631
7106431340
5014695689
5077999010
7002766899
8910872550
5250342825
5095492563
9088292701
8915918806
8969769630
4466430057
8848977292
5204109926
9172936966
8762465802
8931423464
9061138414
4939062553
5109756943
8913339014
9018664157
7515013528
8893635159
5086515689
7117449904
8861415374
9110186413
5173509491
8983999952
9144452019
9059551521
8764846814
7594497689
6928156343
8549303664
7660518837
9237254424
5076459982
8854759002
9248226581
8983857973
7518228106
8731133872
9079036004
7287216242
8839447546
6389738178
9219140031
9054689318
4960001838
9026940280
4820776602
8879021514
9153523132
5124876157
7022571391
4957951019
5045509061
8969230245
8848666018
9272730090
7009038702
9068645982
6996746590
8200416206
5015831386
4506479739
8567447551
8854759002
6342100952
7322013699
8641876280
5053427536
8775261316
7053764129
5221316352
9097148222
8977674937
7432713460
8790269254
9181206860
7009038702
5045509061
7656381411
5124876157
6859587264
8890343003
9190304278
9257354367
8920854594
9329702561
9188912333
9227049839
6441651894
5123449300
8785710285
8869076084
8864834869
7092574707
5046952009
7445339833
5167140187
9022922798
8989995662
9154659009
7096006704
6996746590
4804825667
8848977292
4512824228
9044804340
9021343865
9151491355
8985398680
5199849013
9222826125
5030998323
8201547203
9055592755
4733486652
9373743889
6795679921
8019945309
9160068822
7336974544
4933144813
9062429475
5153359560
5221316352
9072402100
5080284842
8848510386
5123449300
5157552229
5309769442
9100539770
7530264157
9034948536
5125048794
8721405667
9020171025
8978028332
9191263217
8515723692
9239350730
9026379433
7743286374
8857261275
5167140187
5387387476
5125048794
7713678323
9017847454
8743189113
7139735878
9042062075
5170800380
8879021514
7328320073
8738849918
7502931256
5173509491
8972323880
8916450135
8948156139
4957951019
8911588643
5187284566
4506479739
6957966015
9071806359
5199849013
8568740551
9181206860
6913451404
5217342785
8925211794
9084010210
9197903997
5179321047
7108811834
9026940280
5049460929
4901205385
5207805640
9055592755
7524518971
5176159049
7761332733
5295765354
9137651049
8883390571
9198345321
4959225463
8937558187
8702215292
5058247871
7197629437
5045509061
8898928708
6926929040
7055618430
9051155607
9252888301
8767419984
7877412194
9357028805
8519735585
7743286374
4952410691
9082672570
8997362456
8722568092
9217099268
7241658180
4676707205
5095220857
5322136633
5095492563
8874742439
7298496994
6912634655
9006209374
9332592343
8885165824
8906333607
7445339833
7330909866
6962740710
7957263161
9108064541
6751865426
7459441229
9184065976
8848666018
6890906083
8894180083
7750079555
9002323317
9222826125
8722232059
9183443848
9002323317
9153523132
9018664157
8794416181
9058905563
7208507927
4864841342
5122660495
9010131090
8788175705
9217099268
5234158380
8848510386
6876997964
5218631879
8338027929
8869248122
9090070670
8925785067
5080900809
6986738243
8683802291
8896184471
9036993830
5038317312
5209232534
9035067758
8904592607
6751865426
8768417065
7521614160
9017847454
4804825667
5194181657
8859739657
8853365127
9192831535
5174261690
9237254424
9074162005
5047203851
5020248910
8898383825
9012258712
8913339014
9366165631
9128511801
5024921727
5167140187
9180008947
9147451844
5264635348
9144010392
5152840090
4865787894
7281041052
5136270837
5030998323
6918846481
5034943300
4949733074
5128050423
8969769630
4865596023
4820776602
8985823833
9108064541
9036674693
5080284842
5234158380
6976162497
9178260086
7269399274
7656381411
8272706606
5190086390
5204968499
8012812085
7110660743
9170499021
9275168405
9009807498
7166095097
8771965711
8754863165
7496114176
5056234542
5179903236
9202238445
5136270837
9144183496
9063178633
7779487735
9123447887
9156099569
9373743889
7203252685
8911725324
8486261559
9228946218
5204968499
5210373491
9197903997
7190828081
7432713460
7496114176
8934650219
8741862197
8949758191
6872732534
9013588479
4809550948
9504511484
8954777975
9017897937
4865787894
5091292517
7480435075
5264635348
9049981047
9280216218
9077739883
7382918448
5133967565
9197134686
7039783328
8874575056
8767419984
5059009814
9028336079
9043934553
8893110379
7401932115
9035054606
7108811834
9181206860
9126324895
9240856808
5020662038
7958642004
7281041052
9115333982
6787049056
9177898539
9170499021
6928156343
4466430057
5187284566
9183443848
6976162497
8297835019
8911247543
6375806244
7096006704
8611767909
8853365127
5204968499
5209283966
7521614160
6912634655
9068645982
5124327797
5173198280
5140340897
5095492563
8997362456
8384627445
5133607104
9345951375
7410097754
9144452019
4967159656
9062677782
8718037331
7713678323
8762465802
9052060930
9247487085
9029112842
9307859664
9061138414
9029981604
7096006704
7092574707
9110570786
5034304354
9147389950
9029112842
9026379433
7551621527
5086279419
8855837951
7450466932
8772638044
9129152474
5086515689
6887518125
9205824188
9153523132
8909662988
7144391308
9190304278
8874575056
9125091528
7958642004
5056234542
6928156343
8925785067
9177003812
9165940021
4950420900
9329702561
5221316352
9110570786
8985708052
4635561385
4673605364
8565800644
9201915127
6539923537
7432713460
5141580698
7447944272
4960001838
5106411075
7521614160
7053764129
7695331063
7579610753
5105621576
9357028805
5133780544
9122258023
9147451844
9017099003
9248226581
8911588643
9040185877
9178260086
7668889951
9036674693
5172831521
4840378842
4972067152
8870135821
5098564308
4986520789
4769975314
8898553196
9178847272
7009038702
8897530035
8731091549
4973871381
9160068822
5048919367
7118192193
8702215292
5122020569
6598566539
7480435075
5122020569
5159372734
5057363903
9015344724
8597939115
9307859664
9122258023
8882433680
9350478232
9018816774
6832474490
8878910938
6976162497
9373743889
7449492208
7158002553
9365529467
9010131090
4804825667
8920854594
8879021514
8486261559
8960734088
9177003812
9099497487
4696604183
9022879066
9043934553
5207258873
8837476388
5141580698
5123449300
5176159049
5073103479
9137651049
8764400146
8879021514
7471516176
9165940021
9187791755
5875428813
8200416206
8764400146
5170800380
8886897724
5285410155
8904592607
9017897937
8772638044
5204109926
7535422941
5052208151
4974724600
5159372734
8969069498
7166029190
5276930581
4840378842
5157552229
4903570702
6979132191
9158162388
8977674937
4973871381
6930666921
6825879401
9352716105
8632669381
5250342825
4665743490
5086279419
8731133872
5122660495
7342491535
7409896071
9090216375
8875309649
4965117503
7543613489
9120324232
8873530074
5264635348
9035054606
5183884412
9011162583
8845789789
5007453397
7748705817
7656381411
9239350730
5028552341
6957966015
7061844444
9020864920
8515723692
8338027929
5208815949
5132562323
9151240470
8741862197
5126841288
6787049056
9207029013
7449492208
6876997964
8333086777
7066865593
9082628148
8631926372
9120324232
6983815441
5121425069
4982179980
5125048794
9020824692
8767055603
8894656616
5387387476
4982462226
9027251149
8949758191
8959144111
8549303664
9025675630
8964712016
9071806359
9131172095
8886897724
8911027608
9177243780
8885925460
8903615984
9272730090
9177003812
9040656216
5122020569
7372171112
8986489481
7504274082
8890343003
8476987036
8902185719
5015831386
5030365197
9036993830
8519735585
6999105919
8903868052
8869248122
9068645982
5199849013
4844944070
9128511801
5106411075
5095220857
5125543879
7449492208
7530264157
5174861962
8896184471
4855854390
7215561939
5055344176
7336974544
4506479739
6798000326
8897819757
5041037149
7233955971
9197317648
5046952009
9129152474
5875428813
9079036004
5047419308
5092863180
7436073948
7515678642
8916450135
8870135821
5030365197
7118192193
8010213826
5080284842
5219364208
5204214973
9017897937
4952410691
9123549466
4801602337
5174861962
7231008205
9191028396
9158538301
8060708936
9126639062
8333086777
5057172948
7397761680
9020864920
9097148222
8877881840
6996746590
5197153118
7789264416
7156170292
9126639062
6975572411
8991355679
5295765354
8871234356
9180104793
8702215292
4640349548
9022879066
9177003812
8902344925
8861679001
7094005274
7450466932
8854759002
7729971136
8894553534
9142892997
9219140031
5130125034
9017751835
7342491535
7877412194
9009807498
6976162497
5092863180
5255693329
9083417604
9027346464
9120476619
9010789381
7549208365
8901951358
8565800644
7378971832
7039783328
8870664655
9181206860
9055592755
7551621527
8832891824
7515678642
9289305276
5020248910
4965117503
9154659009
8992844640
9053137921
5048919367
5089214249
5076164453
9110266737
9221475599
5039407099
9090638886
7281292250
9152466376
6613065015
9209960194
7428118601
6494741187
4733486652
7443845910
7277634486
8893658610
7443845910
7016491905
7139510211
9028376760
5042994988
9068812150
7458483752
9310001753
7092574707
8977566719
4673605364
8873530074
7223899480
5060365774
8750995946
8725861462
8981282522
9127537344
5158478529
9090638886
9009418063
5030998323
6911473109
9012258712
9090216375
8989523459
9152466376
9192831535
9092049631
8911588643
8801024329
6951443582
9227049839
9233077119
5030365197
5086279419
5612092897
8932121920
7597790758
7428118601
5205373111
8798771288
5197465794
8874575056
9227049839
8194410855
4852576674
8893635159
4899734544
5334215445
5172831521
9090070670
4692561108
7372171112
5137148096
9123447887
4667784621
9034948536
9028976601
9151240470
5148536741
9015396971
9126324895
8871501409
8541227084
5058247871
6897458877
7547120174
4906639523
9158162388
4840378842
7802925603
9020593923
7595774603
8764846814
9022899617
6897319750
6261345869
5095220857
7535422941
8950288925
7092318696
6859587264
6912634655
8719451569
5192112544
9054417623
7445339833
5240855617
6974712584
5019381603
9020864920
7274459643
9222826125
9151491355
9301162608
8378398967
7281292250
8722568092
5193053979
8896184471
9192831535
9248226581
8877881840
8714405944
5157552229
4906639523
9092049631
9110186413
9225627394
8731091549
5199849013
7636841448
8985398680
9214258938
8978028332
5164310145
9180008947
5086279419
9192831535
7320364108
9354859041
6738754654
7518228106
8632669381
8893998818
7445339833
9022922798
8870664655
6859587264
8486261559
7656381411
8754221014
4466430057
5132562323
5040069363
5179321047
9043773221
8838712706
5187284566
8915174875
8989573355
5121425069
7241658180
9185587232
7108811834
9064650640
4692561108
5141553524
7336974544
7502931256
4717965349
9276713281
7166729632
5113287989
9011201945
7096006704
9100539770
5210373491
9083417604
7498034284
4840681165
5809600590
5097728803
9222826125
8771965711
4905787630
7223899480
7117449904
9249618462
9354859041
6986738243
9190083174
7382918448
9197134686
9099497487
8019945309
7002766899
7547120174
8758764468
9052060930
9135244861
8992844640
4974699092
5091767869
9366165631
9139517007
9050475273
4652901523
8897542821
5122004626
9059551521
5111878645
9028336079
9050866330
8868229874
5210533605
5167120706
5057172948
9184065976
9178847272
8060708936
6859587264
5240386446
6890906083
4823683886
9219140031
4842551272
7597790758
8795945218
7158002553
9150114537
5109756943
8948156139
9098614410
8925211794
9197317648
9068812150
9090470222
9050475273
9291207725
7610622295
6930666921
8652945786
9002323317
7780237363
8721405667
9094907210
5167120706
7380751981
7139735878
5285410155
7322013699
7022571391
8983857973
6389738178
9191840727
5334215445
8707860271
5027266527
5211907070
4950205022
7678254574
7484337238
6633776469
5036533302
9317863982
9248463130
6912634655
9029029498
7566522808
9001101953
8751929713
9152438728
4696557508
8549303664
6738754654
5211700910
9088292701
7106934791
5209232534
9101658937
5014695689
8194410855
8798771288
8845789789
9084820248
8837476388
9055592755
4999464424
7575317994
7397761680
8985398680
7190828081
5197465794
9082628148
5105621576
7432713460
7680757503
4852576674
5114997726
7543613489
8979526005
8652945786
9061138414
9006209374
9077445268
9032874192
9033463587
8871234356
9153123291
4950205022
8260162208
8997362456
7729971136
4939062553
9058451136
8887232890
7636841448
4581901803
9218317939
8731133872
6928156343
5052208151
9021343865
4934648073
7484730392
9504511484
9077739883
7498034284
6795535283
9221475599
9072402100
6708468922
9016178581
9002323317
9214258938
4769975314
5062356337
9228946218
8869076084
8893658610
7336099907
8764400146
7144391308
5159372734
8725861462
5063579303
8988884586
9191802461
7231853400
8859739657
9009807498
7397761680
4826475732
4837501494
9151491355
9150114537
5201802776
9053137921
5007453397
7967825750
9211742183
9138222608
9007019021
5229108545
8772638044
5056234542
8913339014
8794416181
9098614410
4665743490
6897458877
9018816774
5046537691
5276930581
9029029498
9172936966
8836943869
9233077119
8904442997
9201915127
8903724764
9044804340
9275168405
9301162608
8906333607
5052241136
5309769442
9191028396
9492457726
9192601051
8989573355
8869700149
6859587264
5135697032
7208507927
8899853264
7310963138
8857577088
9175845520
7009038702
9248226581
7729971136
9178847272
4974724600
4512824228
9092049631
9228946218
8893658610
9123447887
7636841448
9064650640
8731133872
8722232059
9177898539
5047203851
6756688382
8708036211
7094077900
7026339554
8585153720
6887518125
7953668682
8971864330
8996362443
7780237363
8750995946
8484136680
9020593923
8869076084
5058247871
5055344176
8010213826
7110660743
5141580698
5057172948
6695723909
4810742920
7504274082
4990610327
5069107279
9204598678
8637349621
9315690069
9044804340
8832891824
8541795215
9198345321
8751929713
5092863180
8848666018
7692441374
8911247543
5122004626
7502931256
8758764468
6093619091
8911247543
7551621527
9153123291
8988258410
7342491535
4950205022
5136270837
7255237313
4581901803
9198177602
8459941140
7144391308
8861679001
9180008947
9188912333
9154659009
9125091528
9207029013
8476987036
5077638899
5190086390
9222913517
5127763677
9306527496
8868229874
4903570702
5174261690
9017751835
9177898539
9139517007
5266035006
4974724600
9153491066
8913339014
9147989444
5136480533
5104642730
8855837951
7551621527
9037598695
5058176289
4855854390
7053764129
5193053979
8947795137
8904442997
5086279419
7736972195
5204968499
5266035006
9152438728
5037260507
7277634486
5126841288
7277634486
8741862197
8718037331
9077739883
9090470222
6261345869
5234158380
9154659009
9289305276
9352716105
9233077119
9094907210
9018816774
7459441229
4842551272
5036533302
9144452019
8731091549
5205373111
9130399021
9088292701
7750079555
8459941140
8869874259
5055083277
7575317994
5192152551
6887518125
9352716105
4717965349
9120476619
8338027929
9153123291
7559352169
6787049056
8652945786
7366065615
4506479739
9050475273
4952410691
4462300772
8772638044
8378398967
7094077900
4676707205
7484730392
8378398967
9082628148
9018664157
9006209374
8882433680
8787883923
9022899617
5266035006
7336099907
9030619618
7445339833
9202238445
5190271834
7579610753
9090070670
8917731877
6613065015
9181206860
9365529467
4581901803
9011162583
9108064541
5014695689
9072402100
8850340808
9082672570
5027266527
9068812150
9056788016
9201915127
8897530035
9139517007
6975572411
9017751835
5041037149
8644600505
5099825812
6539923537
8871501409
6890906083
7140301798
5076164453
7096006704
9042117450
7197629437
9218317939
9252294433
6798000326
5174861962
5250342825
4986520789
7002766899
8839394257
4952989677
8908694539
7548030625
4960001838
8886986143
8910872550
9051496509
7668889951
8870664655
8153512156
4665743490
9222826125
8272706606
9354859041
7428118601
5052333253
8850340808
5118528095
8743189113
9020857573
5334215445
4864841342
8853365127
7428118601
5055083277
9280952155
9097148222
9053322825
7045915260
6494741187
8986806148
9197317648
9373743889
5126841288
9012258712
9050251627
7967825750
9180008947
7705865109
5189708045
9272730090
8260162208
9110570786
8997362456
8754221014
9191263217
5201802776
9056031141
8652945786
9066099022
4840681165
9270023457
7549208365
5436996514
5211700910
4840378842
9023372832
5250342825
9022922798
4956078947
7127202747
9022879066
5090168662
8903868052
9431698640
7197629437
5126841288
5059009814
9158538301
9191802461
9052060930
7455221947
6890906083
7957263161
9084820248
9035067758
9310001753
8708036211
5126568643
9060641103
8378398967
9153123291
4676707205
9016178581
7288446588
9178847272
9160068822
9403907124
9103654245
9095047708
9036674693
4933144813
8972323880
5197465794
8996641882
5208815949
8911517308
7255237313
9249618462
6825879401
5229073289
8839394257
5152840090
8894553534
5176159049
7458483752
8894180083
8905063342
9151590093
9029029498
8795945218
9123549466
4640349548
8870135821
7197629437
9150235355
7391556292
7287216242
9002323317
6795679921
9043773221
5109756943
4698941951
7535932760
4652901523
9145144970
7071837349
9177898539
7905766580
9231180554
9257354367
5098564308
4903570702
5612092897
5179321047
9115530846
8297835019
9291207725
4512824228
6494741187
7382918448
9324332710
9198345321
9063178633
7498034284
8718037331
9181206860
4956078947
7958642004
5114997726
9275389550
8996362443
5127763677
5208815949
8925785067
8787732657
6842920791
5179903236
4901205385
8920854594
6552276512
4982179980
8983999952
4698941951
9110570786
9315690069
5678267612
5201802776
5660228202
9040656216
9191028396
8985823833
6897319750
8933844837
5127763677
4729687377
7480435075
8808407054
5047203851
8459941140
4906639523
4953099009
6375806244
8893998818
8893998818
8201547203
7026329411
5809600590
6976162497
8937558187
9137651049
4878552076
5153359560
9362425802
9016823535
9151491355
4970996402
6947555987
9144452019
9015396971
8683802291
8297835019
9086748264
4840660545
5278679129
6975572411
6928156343
9197134686
8869874259
7224576363
5211700910
9029981604
9011201945
5062356337
7241658180
7045915260
4717965349
9122258023
5207258873
5230559261
8708036211
8519735585
8754863165
7548030625
9050866330
4949733074
5190271834
8986489481
8878910938
8985708052
5183884412
7647177190
5996175904
9043773221
9324332710
8898928708
5211907070
7668889951
7223899480
5104642730
5052333253
7432713460
8762465802
8754863165
8750995946
8767055603
8751929713
7110660743
9270023457
4575458979
8567447551
7277634486
7215561939
8012812085
9178260086
5107373839
9354859041
4878552076
8955853712
8932121920
9002085613
8869248122
9007019021
9033463587
5182618333
9173642004
7484730392
5179321047
5250342825
9058451136
6261345869
9020171025
6996746590
9275389550
8836943869
5207258873
8933844837
9021343865
7736972195
5130125034
9248226581
4842551272
9062677782
8723972896
8959144111
5114997726
8754863165
5141553524
9240856808
8966350257
5125048794
9345951375
9197134686
8909662988
8937558187
9079177571
7953668682
8978028332
5192152551
7026329411
8879021514
9127537344
8764400146
5678267612
9016823535
8759969581
5109756943
5179321047
4823683886
9362425802
4826475732
6986738243
8683802291
8852849306
8384627445
9217099268
5193053979
7530264157
7536758950
9138222608
8714405944
8996641882
9009418063
5133607104
5052333253
9248226581
9219140031
7518228106
6695723909
9350478232
5190086390
6633776469
9056031141
9079036004
5134395734
8925785067
9028336079
5019381603
7610622295
9350478232
8648463475
8950288925
4810742920
8741862197
7212562142
9231180554
5106411075
7106934791
4941879963
4676707205
9036674693
5015831386
8991355679
7896572853
5133780544
9020824692
9060641103
8797137770
7202967687
9156099569
4696604183
9022879066
5204214973
9042062075
6797893026
9090470222
8903868052
5194200804
9237254424
8893110379
4852576674
5055344176
9044804340
9185587232
9037598695
7281041052
4824568478
5109756943
5033679881
5204214973
9317863982
8787883923
5210373491
8964712016
5194200804
6342100952
9115569846
9123447887
9306527496
8795945218
8902185719
7382918448
9036993830
9143340435
9152438728
9249618462
8922021696
7068628863
8798771288
8911725324
9204598678
5875428813
6494741187
7695331063
5114020434
5107373839
9345951375
9163870096
8298990499
7158002553
8872130596
8815465918
8989523459
5136270837
7118192193
5121425069
9160068822
9071806359
9172936966
8815465918
9223670350
8775261316
7748705817
9492457726
9020824692
5067901341
4865787894
7819153488
6787630768
5091767869
9310001753
7093957443
7113771848
9366165631
4844944070
9153491066
5086515689
8917731877
7748705817
8839447546
7378971832
7117449904
6613065015
8990128220
8874742439
9258162420
7068628863
9051496509
7391556292
8768417065
8894180083
7409896071
9016823535
7009038702
6943003806
7241658180
8989995662
5197465794
9306527496
9144183496
8683802291
9153123291
9042378082
8988884586
8969230245
7957263161
8992914108
6441651894
5020248910
9101658937
9138222608
7065747376
7336099907
8905063342
5007453397
9184981348
9030619618
8771965711
7905766580
9034948536
7678254574
9018001537
4899734544
9001101953
7106431340
5189708045
8060708936
9018774719
9178260086
8983999952
6798000326
9218317939
5039407099
5120978158
4974699092
8904592607
7699531567
9275389550
4949733074
8869076084
4826475732
7139735878
5309769442
9173642004
9252294433
4575458979
7515678642
4729687377
8754221014
4911528747
9202238445
5179321047
7748705817
6848930287
5034943300
8895720268
9204598678
5157552229
8486261559
8904592607
9063178633
8906333607
9025675630
8872130596
5276930581
8887232890
9202238445
5014695689
8702215292
8893635159
7641182059
8911027608
9022890772
5057363903
7515013528
7750079555
4769975314
9051496509
4842551272
9049981047
7743286374
5167140187
8977082551
7819153488
8839394257
9029981604
7166029190
5060365774
7515013528
9151240470
7106934791
9214836056
8541227084
4698941951
8848510386
4717965349
7118192193
7224576363
8019945309
8754863165
9223670350
9036993830
9187791755
9027346464
4466430057
9015396971
8832891824
5193009347
7410097754
8260162208
5095492563
9209960194
9431698640
6999105919
8857261275
6887518125
8723972896
4960001838
7736972195
7736972195
9023372832
9018816774
7717913489
9188804213
5159372734
8897617587
7521614160
8964712016
7502931256
7366065615
8894656616
9142892997
9077739883
5207258873
8898383825
8929092030
9040185877
7281041052
8972337208
8882433680
8731133872
9178847272
6552276512
5387387476
7515678642
5172831521
7320364108
9110266737
9178260086
5234158380
6389738178
5194181657
5174261690
7140301798
9018734628
9110186413
9020857573
8644600505
8019945309
8838712706
6951443582
7680757503
9063178633
5039407099
5099825812
9082672570
5033679881
7158002553
5028552341
5051552439
7053764129
5140340897
5678267612
7330909866
8886986143
8725861462
9035067758
5125543879
9235411417
5037260507
8862051681
8932121920
7397761680
5209283966
9089827178
9123549466
7953668682
8983857973
7480435075
5179903236
7647177190
9015396971
9125091528
8915174875
9222363791
8384627445
8783807135
8384627445
5219364208
4950420900
8848666018
7127202747
5020248910
8971864330
9126639062
5436996514
8905063342
9053322825
9191802461
8905495666
5190271834
9009807498
9092049631
6876997964
9058905563
8854759002
8333086777
7934116450
9192831535
9227049839
7484730392
5122660495
7447944272
4933144813
8836943869
5121425069
5253882631
9050475273
4581901803
7061844444
9052060930
8644600505
8723972896
5193009347
9024286680
7779487735
4965117503
5136850372
9072402100
9115530846
4865596023
9010789381
9233077119
9029981604
8983857973
6957966015
9197134686
7678254574
9275168405
8894180083
8808407054
9153491066
5121425069
7139510211
8549303664
8010213826
8597939115
7958642004
9350478232
8933844837
7958642004
6963804911
8864834869
9184065976
5136850372
9020171025
8879021514
6787630768
9299770898
5334215445
6751865426
9066099022
9276713281
7113771848
5229108545
9239350730
7127202747
5133780544
8911247543
4864841342
4993768735
8958621961
7288446588
9077967709
8972323880
9188804213
5296620314
9015669508
9042062075
6825879401
5080900809
9192831535
9110266737
8922021696
6872732534
7380751981
9029981604
5128050423
4953099009
4635561385
7459441229
8707213991
9084010210
8972323880
7449492208
9001101953
9178847272
8832891824
7761332733
9137651049
7066865593
9055592755
9329702561
4665743490
8153512156
7274459643
7699531567
5091767869
8631926372
7789264416
8988884586
6918846481
6979132191
8272706606
7231853400
8794416181
8788175705
9150114537
8947795137
9060975653
7320364108
4911528747
9235411417
8978028332
8922021696
9043773221
5047203851
7401932115
7610622295
8925211794
5136850372
9043773221
9086155004
9231180554
7515678642
8484136680
5092863180
7410097754
8959144111
9222363791
9103654245
4999464424
5098564308
8815465918
9100539770
5030998323
8541795215
8885165824
5014695689
9069985349
9225627394
8815465918
5011872391
9170499021
5128050423
8949615215
7660518837
9002085613
9135244861
5278679129
8971864330
7579610753
7905766580
4982462226
8722568092
5114020434
6911473109
6798000326
9014561210
6963804911
7492002949
8985398680
8707213991
7068628863
5126568643
8929092030
9147989444
7224576363
5024921727
6975572411
5141706401
5132562323
8832891824
5137148096
8966350257
5166561870
5201802776
7594970543
8986806148
8895720268
9115333982
8729121154
7736972195
5057363903
8864834869
9026379433
5034943300
6951443582
4665743490
9095047708
4999464424
8972337208
5045509061
8874575056
5047203851
9178847272
5069107279
9037598695
8855837951
4865596023
9115530846
9258162420
6996746590
4462300772
9185587232
9301162608
6962740710
6751865426
9049981047
9345951375
8977674937
9142892997
8986489481
9053322825
8869700149
4905787630
8729121154
7372171112
5019381603
9089827178
8848666018
8977674937
8759969581
7535422941
5107373839
7717913489
8905063342
9180104793
5255693329
7543613489
8754863165
8384627445
9221475599
9022899617
6848930287
8200416206
7450466932
5115989690
5106411075
5049460929
7061844444
8910427249
7298496994
4801602337
8857577088
8979526005
9248463130
4840681165
5179903236
9145144970
5052241136
6342100952
7484730392
7139510211
5264635348
9177898539
9403907124
5224799143
9131172095
7688963926
8874742439
9306527496
7963174083
8838381795
9207029013
5033679881
8883390571
9044804340
5255693329
8871234356
5059969049
8707213991
4665743490
6930666921
5133967565
9018816774
9074162005
9034948536
5057363903
4973871381
8877881840
9150235355
5170800380
9149667668
5057363903
5059009814
5077999010
7566522808
7796437142
9115333982
7068628863
7459441229
8985398680
6983815441
8897542821
5060410593
5167120706
4905787630
8153512156
9062586126
7802925603
9365529467
9051155607
9272730090
9248463130
7026329411
9011162583
8297835019
9006209374
8794416181
4956078947
5076459982
9151491355
9054689318
5028552341
7595774603
8997362456
5153948556
8871234356
5264635348
9049981047
5059969049
7403233846
8910872550
5104642730
8718037331
9042117450
8787883923
8652945786
9053322825
8954777975
9239350730
7802925603
8857577088
9051496509
8894656616
7566522808
9177243780
8901951358
8721405667
8992746072
9135244861
4982462226
9223670350
9060641103
5040069363
8869076084
7380751981
4692561108
9201915127
4769975314
7594970543
8857261275
4905787630
5118528095
9101658937
4930411788
5091292517
9156333804
9062586126
8949758191
8908694539
8384627445
6890906083
9026940280
8903615984
5278679129
7566522808
9324332710
4999464424
9149667668
5173198280
4584336807
8707213991
7693281445
5125543879
7241658180
8838825300
8908694539
4729687377
9051155607
6979132191
5046537691
8901951358
7055618430
7174731705
9097148222
8861972831
9123447887
9082672570
7087827031
8787732657
9150114537
9431698640
5027266527
5036533302
9086155004
9324332710
5097728803
9042062075
7536758950
9214836056
5194200804
5140340897
8874742439
8986489481
9020857573
7310963138
9040656216
8953709079
4584336807
9240856808
9222913517
7342491535
9275389550
7535422941
9053322825
6552276512
8985823833
5089214249
9062429475
7535422941
7551621527
8983999952
8228661802
8871234356
8878910938
9050866330
9042378082
8877881840
9192601051
5264635348
5218631879
5218631879
8585153720
9403907124
5104642730
5148536741
9017897937
8897617587
8910427249
5167120706
9190304278
8853365127
7241658180
9068645982
4696557508
9153523132
9079036004
8632669381
4970996402
9147451844
8844992208
8893658610
4692561108
6918846481
8722232059
5219364208
8904442997
7401932115
9017099003
8985398680
8958621961
5127763677
8723972896
9188804213
5038317312
9272730090
7953668682
5285410155
7166095097
5140340897
7957263161
7108811834
8931423464
9184065976
9190304278
5040069363
8895720268
5224799143
9275168405
7536758950
8893998818
7378971832
4949733074
7336099907
9051155607
9022890772
8857261275
9252888301
5059969049
7450466932
5240386446
9149667668
8902344925
8767419984
8981282522
9060975653
9022922798
9023372832
8637349621
8861679001
7366065615
7410097754
8568740551
8960453093
6598566539
5194200804
7068628863
5141553524
7535932760
7660518837
5076459982
7002766899
5197153118
9013588479
5046952009
5138313651
7088362658
5114997726
8947795137
4466430057
7231853400
9098614410
9017751835
9034948536
9191840727
8969769630
4635561385
9177003812
9110570786
8886897724
6943003806
7397761680
5099825812
9007019021
5125048794
8910427249
8937558187
5056234542
8459941140
5207805640
7002766899
9362425802
4667784621
8870664655
8943542677
5055344176
9060641103
9248463130
9043773221
9120324232
9017751835
9279403158
9149667668
9227067710
7656381411
5217342785
8838825300
8644600505
6093619091
8988884586
8898553196
5080900809
5077999010
4967159656
8201547203
9248226581
6797893026
5304039374
8907699253
8764846814
8878910938
8868229874
8585153720
4837501494
7378971832
8992914108
7215561939
5133780544
8568740551
5058247871
8948156139
4952410691
6994198116
9158538301
7678254574
4804825667
7443845910
5264635348
5047419308
9257354367
7748705817
8783807135
9227049839
5122004626
9315690069
8719451569
5204968499
8874575056
6876997964
7288446588
9152466376
9115530846
5057172948
8644600505
4823683886
6876997964
9011201945
8838825300
5179903236
8298990499
7678254574
8658905143
9197134686
7118192193
9097148222
9239350730
9177243780
9222913517
4878552076
6974712584
8897617587
9099497487
8708036211
9015669508
5159372734
5047419308
9029112842
4956078947
9042117450
8459941140
6963804911
9089827178
9022922798
8708036211
9062586126
6859587264
9247487085
7695331063
8909988258
8641876280
9053322825
9021169768
7156170292
9197903997
9062677782
9350478232
9191028396
9027251149
8904442997
9018734628
5136480533
5086279419
9062586126
9184981348
8981282522
4906639523
4766048902
8870135821
6795679921
8886897724
9191802461
5211907070
9007019021
4512824228
8897530035
8983999952
4960001838
7699531567
4512824228
6494741187
8611767909
7693281445
9258813371
8787732657
7118192193
8811489942
9060975653
9103654245
8837476388
9017195888
9156099569
9144010392
9307859664
8853365127
4956078947
5192112544
5047419308
4982179980
9069985349
9044804340
6787049056
9310001753
7106934791
9015396971
5253882631
9197317648
8986806148
6539923537
4941879963
9036993830
7717913489
9173642004
5660228202
5015831386
5285410155
9030619618
7458483752
5125048794
8990128220
6983815441
9036674693
7166095097
5122660495
6962740710
7287216242
4640349548
9248226581
8785710285
9090216375
9158538301
9181206860
4635561385
5077638899
7934116450
5148536741
8848666018
5132562323
5253882631
7692441374
8731091549
7382918448
4584336807
8795945218
7166029190
7255237313
7022571391
4717965349
7330909866
8877881840
9013588479
8894286367
4801602337
8772638044
5110843267
7401932115
5193009347
9177003812
8567447551
5060410593
9153123291
5053427536
6994198116
9077967709
5141553524
9058451136
9018816774
9192831535
9028976601
9163870096
5037260507
9099497487
8631926372
5148536741
8949615215
7096006704
8754221014
5126841288
5187284566
8958621961
5134395734
7780237363
6911473109
8917731877
5086279419
8541227084
5205373111
9099497487
8565800644
8971864330
8772638044
8977082551
6869178939
5020662038
5296620314
5158478529
7298496994
5091292517
4824568478
5276930581
7748705817
5809600590
5015831386
8787732657
9028976601
9165940021
9022922798
5230559261
9029029498
5069107279
9042117450
9191253625
4733486652
8751929713
9024286680
8658905143
7459441229
5107373839
8992844640
8877881840
8899853264
8932121920
7166729632
9137651049
5183884412
8702215292
9197317648
8568740551
8754221014
4986520789
8808407054
5210533605
5103669566
5077638899
7521614160
6797893026
9223670350
9221475599
6842920791
8228661802
9094907210
5193009347
7166029190
8870135821
8864834869
9050866330
5207805640
7672198381
7524518971
9191802461
8989995662
8960734088
8754221014
9040656216
5193053979
9090470222
7498034284
5028552341
9191802461
6795535283
4905787630
5309769442
8947795137
5060365774
9270023457
4692561108
7094005274
7274459643
9345951375
9011162583
5229073289
8839447546
5020662038
9123549466
5140340897
7594497689
4823683886
7905766580
9315690069
9151183713
7166029190
7088362658
8964712016
5264635348
7055618430
8887232890
8915174875
5046952009
9352716105
9192831535
9152438728
7535932760
9329702561
7896572853
7113771848
9069985349
9151590093
7559352169
4906042187
8894656616
9180104793
9068645982
9025675630
6633776469
8764846814
9022922798
6979132191
4954575210
8992746072
9029029498
5034943300
4506479739
9018816774
9020824692
9279403158
5187284566
4844944070
4906639523
9108064541
9089827178
5201802776
7668889951
4840660545
9034948536
7524518971
8869248122
8997362456
8969769630
9110266737
5204214973
5024921727
8897617587
9142892997
4905787630
5034304354
9306527496
6912634655
4673605364
7208507927
4804825667
9021169768
4950205022
9158162388
8896184471
8996362443
5197850015
4696557508
5041037149
8725861462
5176159049
9214258938
8758764468
6996746590
9317863982
9279403158
7002766899
9237254424
8484136680
5052241136
8898928708
6983815441
8937558187
9145144970
8903868052
9403907124
8838381795
8972323880
7905766580
5230559261
8872130596
9138222608
6598566539
7594497689
7087827031
8722232059
4906042187
7518228106
5660228202
5114020434
7729971136
7672198381
9032874192
9010789381
9095047708
8992746072
9299770898
5229108545
8705773548
9017195888
7428118601
9095047708
4584336807
8859739657
9227067710
8897542821
8893110379
9079177571
9084010210
9061138414
5190086390
8943542677
5038317312
4953099009
7641182059
9028336079
8848977292
9082628148
9289305276
7729971136
8777470972
7789264416
7092318696
5052241136
5033679881
9017917467
7672198381
7819153488
7231853400
9165940021
5141706401
6848930287
7380751981
8795945218
7277634486
5179903236
5037260507
5036533302
5020248910
5103669566
9190304278
4769975314
7547120174
9050251627
9181206860
8903868052
7688963926
7566522808
6751865426
8933844837
9257354367
5126568643
6983815441
9054689318
8925211794
7208507927
9324332710
5138313651
5141553524
6918846481
9126324895
5193009347
9175845520
9007019021
6918846481
6979132191
5137148096
9184981348
8838712706
5090168662
5118528095
7530264157
5809600590
7410097754
9175845520
9038039301
7322013699
5133967565
8953709079
6913451404
5077999010
4911528747
5014695689
9362425802
7310963138
9025675630
9128511801
9017099003
5135697032
9126639062
9025675630
5090168662
9014561210
9135244861
9299770898
4635561385
9043934553
7156170292
4852576674
9354859041
9276713281
8844992208
7705865109
9190083174
8893110379
5204968499
9002085613
8751929713
7436073948
6738754654
5135697032
9209960194
7094077900
8410550240
8993212416
8879021514
4903570702
8755970794
9329702561
8875309649
7779487735
4982462226
5177826361
6974712584
7443845910
9013588479
6598566539
8838381795
4826475732
8855837951
6798000326
9306527496
9225627394
9365529467
9090070670
7241658180
5201802776
8637349621
5041037149
8838381795
6930666921
7458483752
8911517308
7445339833
5172831521
7203252685
5193009347
9209960194
9276713281
8869076084
7443845910
4949733074
5057363903
8898928708
8714405944
9086748264
9056031141
8519735585
5276930581
8788175705
7819153488
8767419984
7140301798
9177898539
4965117503
9373743889
8911027608
8977082551
5036533302
5030365197
7158002553
7093957443
9139517007
8652945786
9170499021
5126841288
4809550948
8954777975
5033679881
8897819757
5197850015
8993212416
8898928708
7203252685
8410550240
9025675630
8838712706
7166095097
9050251627
9018734628
7547120174
5240855617
7647177190
9100539770
7231853400
7515678642
8895720268
9151491355
5069107279
7705865109
4840660545
9126639062
5109756943
5105621576
8986489481
8979526005
5204109926
7166095097
8486261559
8991355679
8943542677
5124876157
9108064541
8837476388
6913451404
7061844444
5192112544
8893635159
7378971832
9151590093
8915918806
7758911739
9504511484
7504274082
9249618462
9084820248
7693281445
8854759002
8910427249
5174261690
8839447546
8897542821
9150114537
8838825300
9090216375
8901951358
5103669566
5134395734
9030619618
9017847454
6848930287
9056031141
9185587232
5105621576
5118528095
5296620314
7288446588
8585153720
5089214249
9015396971
8960627463
6756688382
4939062553
4982462226
9101658937
9038039301
6389738178
9115569846
9252888301
7096006704
4640349548
5240386446
7447370790
6787630768
5136270837
9126324895
9149667668
9024286680
8718037331
5037260507
9015344724
5037260507
8768417065
5153948556
8955853712
8948156139
5210533605
8949758191
7953668682
9051155607
6825879401
9069985349
4865787894
8194410855
9173642004
9504511484
8790269254
8541795215
9175845520
7093957443
4972067152
8115835210
8857577088
7758911739
7819153488
4692561108
9205824188
8948156139
5040069363
6795535283
6441651894
8743189113
9061138414
8988884586
4901205385
7678254574
5809600590
9082672570
6093619091
5322136633
8910872550
8787732657
5136850372
4842551272
4949733074
5194181657
8931423464
7597790758
5436996514
5110843267
6375806244
7190828081
5024921727
9017897937
8519735585
6695723909
4949733074
8931423464
8911725324
4801630495
7758911739
5250382684
5069107279
8721405667
8777470972
8954777975
8931423464
5334215445
5612092897
9017897937
8902344925
8887232890
9133081592
8909662988
9020857573
7065747376
4972067152
7449492208
5095492563
7758911739
5059969049
4826475732
5177826361
7269399274
4696557508
7092318696
6797893026
5060410593
9126324895
9431698640
5124327797
9071806359
9192601051
5176159049
9191253625
8925211794
5020248910
8960627463
7524518971
5167140187
7212562142
9191253625
5047203851
8631337585
8771965711
8488545101
9095047708
7208507927
8932121920
8738849918
5020662038
8764846814
4824568478
6918846481
8992844640
8767055603
7688963926
8988258410
4953099009
9090070670
4804825667
9183443848
9060975653
9123447887
9020864920
6756688382
9050475273
9231180554
8869874259
9035067758
5205373111
8897819757
7559352169
9175845520
9050866330
5104642730
9025675630
9145144970
7540949577
7566522808
9086748264
9279403158
8852849306
9365529467
9050475273
5063579303
4466430057
9015344724
7066865593
6787049056
5049460929
5049460929
5158478529
8989573355
4676707205
5126568643
8012812085
9151183713
4667784621
7127202747
7328320073
7281041052
8836943869
9056788016
8977082551
7455221947
8260162208
7288446588
7223899480
9062429475
8948156139
5229073289
9011140122
8959144111
5166561870
5095427894
9088292701
9214836056
4899734544
9211742183
4930411788
9027251149
9225627394
9038039301
8971864330
9184981348
8909988258
5141580698
8811489942
7224576363
5104642730
5209232534
9011162583
9007019021
5175872142
7202967687
7579610753
9291207725
7071837349
5098564308
9020171025
9205824188
9227067710
7536758950
7310963138
7566522808
9160068822
7410097754
7039783328
9028976601
9222913517
9187791755
5120978158
5197465794
9002323317
8903724764
8484136680
9227067710
5091292517
9207029013
7780237363
8844992208
9151183713
4950205022
8410550240
8937558187
7693281445
9036674693
5090168662
4852576674
6613065015
7447944272
9329702561
8899853264
9018816774
5266035006
4959225463
5103669566
6494741187
9018774719
9222363791
8906469950
8907699253
5192152551
8882433680
9144183496
9150114537
4933144813
5210533605
9032874192
4820776602
7342491535
5080900809
8915918806
5210533605
9026379433
9143340435
5122004626
8721405667
5219364208
4844944070
7208507927
5164310145
8886897724
5996175904
7289218933
7166729632
9027346464
6261345869
9231180554
9184065976
8869874259
9144010392
6751865426
8568740551
7535932760
9083417604
4952989677
9150235355
7106431340
7094005274
5053427536
8768417065
8934650219
5175872142
8722568092
8731091549
8738849918
7068628863
5322136633
5089214249
9079036004
6947555987
7575317994
7597790758
9089827178
7692441374
7484337238
9153491066
9028336079
5250342825
5107373839
5034943300
8848977292
7761332733
8200416206
5062356337
5104642730
4982179980
9001343820
9036674693
9053322825
5086279419
6798000326
9223670350
8953709079
8839447546
7289218933
8708036211
9103654245
7281292250
5073103479
4960001838
8767419984
5197465794
5174261690
8758764468
5030365197
9050251627
9060975653
9022899617
9035054606
5322136633
9009807498
9042062075
9021169768
7378971832
9345951375
7336974544
9095047708
9280952155
9037598695
7094005274
5204109926
4635561385
8260162208
9279403158
8762465802
9130399021
9053137921
9038039301
5052333253
7202967687
7255237313
9035054606
9035067758
8894286367
9280216218
5141553524
7330909866
4999464424
7656381411
9045341544
7098568620
7447944272
8848977292
8874575056
9071806359
6897458877
6795535283
9150235355
5678267612
8631926372
8775261316
8845789789
5253882631
8722568092
7524518971
9042117450
7288446588
8871234356
9357028805
4506479739
8906469950
9040185877
5264635348
6797893026
9249618462
5204109926
8875309649
5205373111
7289218933
8872130596
6342100952
7496114176
9086155004
5996175904
8869076084
5073103479
8892583876
7484730392
8862051681
8972323880
9143340435
9018001537
7068628863
9147389950
5138313651
9058905563
4939062553
5174261690
8838381795
9120324232
8873530074
8648463475
8906469950
5057172948
8848977292
4939062553
8631337585
8721405667
8644600505
7287216242
9042378082
9027251149
9036993830
6951443582
9020171025
8893658610
7009038702
7877412194
5125048794
4864841342
7548030625
8903724764
8911247543
7156170292
8708036211
8911517308
5047203851
9258162420
5060365774
7498034284
5059009814
7322013699
7127202747
4801602337
9084010210
9020824692
9156333804
9160068822
5057363903
5047419308
9051155607
8898383825
9258813371
8893110379
9022890772
8893635159
4729687377
8722232059
7026339554
9018664157
4635561385
4801630495
7410097754
6983815441
4906639523
8960734088
6093619091
9307859664
9223670350
5253882631
5127763677
7231008205
6912634655
7521614160
9115569846
9058451136
8894553534
8915918806
8854759002
8743189113
9198177602
8964712016
4967159656
7269399274
9222826125
8019945309
8410550240
4809550948
5128050423
5334215445
9184065976
5141706401
5039407099
9152466376
8990128220
5167120706
4950420900
7202967687
5234158380
6552276512
7896572853
7039783328
4652901523
9036993830
7471516176
8895720268
5121425069
8852849306
8731133872
9152466376
9050251627
7535422941
7378971832
5096578016
5182618333
7688963926
8783807135
8911588643
8954777975
5173509491
4801630495
6787049056
5209283966
9301162608
8857261275
9151590093
7174731705
9150235355
8989573355
8894286367
8869700149
8384627445
6986738243
9062429475
9100539770
8874742439
8702215292
5095427894
8996641882
8885925460
9049981047
4804825667
9191840727
8738849918
8488545101
7231853400
7403233846
6986738243
4905787630
5304039374
9197134686
5230559261
9130399021
8953709079
9062429475
9090216375
9156099569
9235411417
8852849306
7530264157
8718037331
5069107279
8894286367
9074162005
4575458979
9280952155
4801602337
8969769630
4990610327
4766048902
9307859664
8811489942
6795535283
9177243780
9144452019
9163870096
5092940113
5049460929
9006209374
8905495666
9126324895
9185587232
9042378082
4972067152
8801024329
4635561385
9207029013
9084820248
8894553534
8894656616
5678267612
5125048794
5190086390
5172831521
9362425802
9177003812
8986806148
4696557508
9029029498
9071806359
9022879066
9191263217
9214836056
7750079555
5052208151
5020248910
7197629437
6999266384
5137148096
8871501409
5097728803
9022879066
9332592343
8771965711
9066099022
8893998818
8969769630
7688963926
9197903997
5107373839
8905495666
5177826361
6756688382
8194410855
9097148222
8707860271
4581901803
7093957443
8631337585
7695331063
7140301798
8893635159
7450466932
5199849013
8885165824
9002085613
6974712584
9035054606
9001343820
8887232890
6633776469
9177243780
6798000326
6848930287
8755970794
9064650640
7455221947
9172936966
9077445268
5042994988
9279403158
9123549466
9011201945
4930411788
7016491905
9151183713
7548030625
6795679921
6897319750
8885165824
5133607104
8115835210
8869874259
9038039301
5183884412
8515723692
8759969581
9017897937
5153359560
5176159049
9191263217
4855854390
9115569846
8879021514
7647177190
8897617587
4865787894
7212562142
5126841288
9037598695
7118192193
8917731877
7108811834
8934650219
9163870096
8115835210
6598566539
9056031141
9504511484
7403233846
7166729632
7636841448
7158002553
9211742183
9010131090
