1131334458
1100070698
1104364371
1106487371
1147183259
1085857610
1104453223
1108746567
1170532658
1022448378
1123912854
1061436827
1165265712
1129096905
1109495977
1104682250
1150573527
1088909763
1106305593
1003670545
1119039257
1118464757
1145678673
1127954256
1125801087
1126894541
1083588340
1024758469
1148913855
1170603150
1123219212
1103492261
1124744241
1086548653
1046531140
1084720927
1107210062
1046976033
1063649781
1114328951
1129833264
1124295687
1064047937
1150249867
1127879490
1108012396
1165355209
1103177681
1149218937
1146719271
1125868496
1173250355
1126308724
1127510126
1085303386
1120220699
1129974624
1110366160
1108877141
1108262338
1048620263
1151279490
1170631936
1128116137
1107169759
1133094114
1133869781
1136391418
1175297752
1050257668
1114165288
1192936022
978309229
1110597656
1068222861
1130655713
1180629319
1131084595
1131776257
1131673066
1172525006
1128687233
1131060252
1109353694
1138221398
1151116199
1092599614
1086988226
1149140288
1120258359
1060792037
1104793071
1085837291
1148504496
1085002745
1087189008
1169398208
1170205124
1105817500
1123984638
1064014278
1104927837
1087359017
1167089493
1130270701
1105678516
1028946107
1124938037
1083988815
1083840862
1064961108
1129185334
1064245285
1188085041
1082746260
1106969153
1123672490
1105722163
1130900242
1083918958
1085858804
1107706114
1106058448
1053860224
828011611
820284774
769717574
804778036
811137594
889333723
790777159
846367426
826560923
798197867
808416026
782057873
827883340
831632083
837388576
809877143
841650385
800007496
820739905
862785371
797273315
847564336
805949499
813643704
831317882
762321615
827478688
844131301
1195314028
1198328072
1155820639
1112115253
1053075388
1133770702
1132851923
1157153635
1154745438
1110680814
1114065124
1187883479
1067585857
1158256878
1158841057
1110610142
1116072368
1134343458
1107438368
1060859842
1192888812
1016849764
1172837844
1086745747
1106957574
1104755185
1125777567
1148380598
1105358709
1103204895
1147794021
1215167453
1104166903
1131055612
1105446136
1202092708
1108727820
1146382339
1063621133
1085756942
1170625719
1153087986
1122861699
1080730583
1104434433
1019285347
1148166894
1109951777
1125367077
1148409539
1107761765
1148254519
913699602
827545919
772675215
830057557
795012861
825449607
811760200
853436697
781761499
827273707
826879743
792522303
797729077
796231761
855201573
825738570
825593618
812068347
822315436
809131212
874369367
816232925
799090698
825519730
829037812
784553388
808533344
874286804
829765793
786843678
811418630
795934377
795159705
800109989
811455540
830398045
777992967
797113648
843243707
782410554
821720982
809939281
825790582
828353132
836426607
817841161
844746691
846479177
855891117
813577213
815137230
782017061
822074630
887058128
1105241900
1105752813
1093416370
1092049482
1113577573
1113142670
1111714810
1112387523
1110182436
1133398639
1114324094
1093357608
1134735226
1158427649
1134999763
1090162822
1098662010
1127072597
1148827505
1168009843
1063325558
1190434571
1168448217
1124183146
1125553227
1125925893
1103693132
1107888313
1151945135
1125582697
1149297438
1089235568
1125552824
959629203
773219884
857419798
768101386
776007245
828943822
796086290
813002129
823487986
813422077
812104153
813244116
760174905
810722388
811402393
791046843
794549997
813231463
769177634
858842479
795607271
829683379
814412410
886944444
842884206
879836869
1096924871
1146039884
1152053833
1128714620
1104198011
1172658868
1129065142
1126853833
1126675202
1104303927
1123685666
1147206420
1148706580
1108766544
1106800305
1087691342
1190624202
1116392091
1124950514
1104852684
1169511960
1085649658
1192056342
1131440488
1129827479
1106815261
1083121916
1037950114
1150272426
1128926176
1109454917
1106549116
1108331995
1194499875
1162673336
1094237887
1084798044
1106151550
1146209403
1107675975
1148788248
1108711878
1170857082
1147100919
1061044982
1106293525
1080604229
1110472235
1086571910
1106493689
1086813744
1150453036
1169946419
1004555266
1090009814
1132464352
1104413021
1063601678
1064805624
1106037121
1128691602
1061089792
1083643292
1122891209
1147045050
1128029735
1194026612
1105149511
1234094315
1124798936
1158880100
1090793499
1197752145
1093859741
1115321625
1141569243
1157989050
1177164138
1196019250
1131846359
1153863761
1133686887
1136995413
1120164909
1092313992
1200109036
1115056629
1101485749
1177601474
1114299088
1218902279
1174846043
1092775033
1069768751
1151863197
1176738457
1131934004
1109571458
1113370733
1183892170
1154567499
1156792011
1118281627
1117985730
1337092329
1177670188
1112704385
1176579394
1134335789
1090456686
1070745302
1154070337
1111637462
1110564419
1133108447
1090307027
1113658017
1132521782
1091535895
1121078027
1110833584
1178183055
1090851009
1198781807
1106256544
1191141840
1150306618
1085967141
1107179177
1065167032
1127195022
1104567040
1083887226
1125499596
1021792590
1112395023
1042519097
1173243129
1110963274
1023439600
1004027328
1074390713
1110973063
1114070848
1071067023
1155935917
1157606483
1070411727
1133438877
1157086180
1177963404
1091727054
1089938362
1135208919
1169163886
1091274246
1115364330
1119929718
1117360346
817355516
803439495
824852678
843498224
827614536
958882223
1124847616
1193699240
1065165953
1148702696
1082900181
1124458576
1124897288
1124117000
1128568780
1108767614
1126113798
1106138042
1107348973
1125905726
1078217507
1151311939
1082159562
1083318960
1126100012
1148712014
1105399716
1066158647
1106617475
1087225365
1101642317
1148301178
1081571307
1109686872
1108653502
1065134978
1107738351
1088500616
1128403659
1054220592
1076636729
1083285577
1176137477
1089638116
1133473922
1153286931
1070180574
1154013480
1090410300
1089343881
1137164292
1066906264
1158300870
1070039245
1096571666
1133382506
1136840181
1134458095
1117325652
846536217
849745888
831958249
816431602
751326480
820155727
804637011
848194705
876547795
847238905
847015526
801104931
846430110
784038565
784550595
835073961
813783340
820125743
836496498
832501203
828404016
897330885
832792984
807959547
1085342644
1128989337
1088478816
1107492515
1108596001
1109795056
1068772725
1149392440
1089540363
1108317478
1068128353
1216821681
1157060018
1134241734
1112042387
1094123947
1109261365
1140449561
1129137170
1124481299
1091386799
1132683906
1091266716
1132620686
1092314338
1154087164
1091305954
1067858402
1157855583
1131876258
1115018108
1218832213
1180216931
1048361049
1179079451
1134119361
1088854791
1108809290
1070804916
1133810309
1090133582
1069927970
1090690917
1128728727
1130301472
1069058339
1109434795
1134903031
1133739510
1079633838
1218176218
1111904166
1114050027
1183117311
1214967691
1106027550
1069287086
1133560182
1199122339
1135299206
1112546533
1155585313
1091259092
1071907292
1112292089
1111642124
1113666726
1075999273
1118709571
1137417919
1076246676
1158185874
945288158
1139290458
1164957493
1118848577
1140367576
1165743318
1140375433
1143090254
1119294100
1098749390
1116491830
1138498387
1148462851
1158609273
1120700488
1122394446
1142752144
1123996116
1130365334
1070523096
1175412747
1220139983
1132592831
1089281674
1130329942
1218842417
1071561533
1133610135
1071250672
1093709016
1136901092
1219602142
1070885470
1090123907
1033317962
1064556562
1112504992
1175048051
1090612096
1132953418
1175773243
1109283254
1066956376
1153236516
1151238433
1096095834
1051189143
1121045857
1048751673
1112786076
1135377997
1091534173
977264601
766774069
805700361
865690952
818111576
820288744
848381140
812558917
820225915
800915799
869412310
813059833
817707898
819604057
832031553
874312192
831308025
798896588
833391004
834548328
807930646
816753874
852386425
843837793
820681518
849230402
798526868
1147972507
1127173087
1134003005
1108122476
1061427734
1109938681
1111189594
1133211998
1171824657
1108580519
1169439687
1171964827
1131633166
1137902317
1152544962
1135275644
1131254783
1240239778
1143287211
1110572101
1194108619
1087659967
1111285317
1109871420
1150533574
1129192538
1087741989
1127794267
1109436486
1090506165
1135345437
1150171571
1070610452
1107677360
1142706256
819858687
766883801
806720966
848828919
850842357
848605141
832403352
828055471
833953397
832760488
865660650
797648242
802607607
801105578
817490314
859668221
832238252
815597947
821478067
828509506
822792515
832880615
817423213
815248341
882277402
816363409
883721731
1165762225
1161106685
1169515231
1148719335
1031640101
1066973501
1045503895
1108053373
1130721349
1106350232
1147290258
1169961582
1063476065
1129910573
1090797198
1086047546
1109871171
1086515284
1128526411
990575816
1154898553
1092289225
1218900594
1093119800
1156888455
1091296773
1154688214
1091488869
1111236673
1133109438
1093409339
1143322881
1067834270
1093328484
1118384396
1027516031
1094438226
1280783062
1144305738
1107929986
1132479295
1113682098
1091582584
1113050853
1115127248
1154123362
1068776367
1072857220
1110619619
1218836653
1092538904
1121357672
1068417307
1182428762
1111435146
1021604956
1172076792
1091074110
1242887339
1176394268
1048404262
1091711573
1134414192
1109724836
1090492830
1196704230
1087528164
1176439013
1116683748
1178721224
1137114277
1202878458
1114558769
940271082
796577360
810659765
817610324
832848665
850382989
860617454
863934100
834444730
848531884
831633066
847474174
831122915
801342173
811842376
799316349
827492309
832571296
806515424
846720383
833199364
819733412
863795885
863683900
829489168
1111471436
1093589085
1136448895
1177511343
1116522150
1115581579
1114247777
1093225679
1072993878
1111722347
1114462376
1137784261
1116098798
1052064631
1075516539
1113651123
1066829329
1139074924
1063113789
1086077925
1063265088
1146646792
1043072081
1104371818
1061642713
1103404476
1104448806
1145332128
1128928157
1107565744
1106786493
1148896075
1088434491
1041707660
1108045376
1089697980
1112847014
1176457008
1114155480
1092206402
1112914108
1111893916
1153433769
1047348844
1111709342
1136127090
1116459289
1158073036
1092838115
1139071592
1112252242
1108307153
1149371882
1127879642
1085464759
1065153489
1083790335
1150339936
1127529267
1104904694
1146038471
1062993387
1146695456
1084389794
1133070108
1106379005
1132201292
1130412657
1180165822
1082450274
1083497977
882220958
827272944
843674591
854198592
796900222
812729076
829203991
821950176
810618309
764237259
812483781
840086922
798490181
798045118
781121848
826083054
813838725
830495070
793052941
781164610
937638005
1146363169
1064688429
1106709374
1062312403
1171683827
1087007092
1127220193
1082389311
1126627500
1103909250
1146117064
1084960482
1087618623
1084801519
1106619742
1150995974
1105942631
947649193
1187332761
1174814262
1098722435
1110729595
1176270877
1136079373
1093742099
1141251435
1088975608
1181281319
1154954557
1131582629
1132216725
1111982942
1135811919
1122835045
1156114897
1094029946
1136393979
1135383878
1146799962
1081313593
1189445762
1146496811
1169747508
1149818971
1129920134
1044383413
1190683693
1061035745
1124730675
1081348219
1064445690
1109266064
1086877035
1107449910
1109408421
1127445926
1160191799
1109248190
1110646900
1171886165
1129403474
1090780728
1109175494
1107554903
1106615172
1128939930
1089473214
1134749148
1157004328
1091451617
1134722969
1091264502
1088482434
1104102398
1076830817
1086248078
1079698589
1063625774
1176579245
1105333005
1107770281
1127943675
1129924822
1106991203
1060865552
1105001523
1104963108
1110521715
1102367650
1150734773
1065032127
1157542247
1189348663
1171312609
1162341731
1170821563
1129754821
1160301285
1197886151
1194568086
1109162493
1139786812
1205522372
1170423748
1091726321
1115336534
1162724020
1137446740
1142391144
1113975391
1173503119
1182492784
1129490123
1161881054
1113753843
1161257874
1111984672
1176492022
1146868371
1154777339
1129309680
1207806254
967070087
1002691693
946274144
942747017
931608934
966216746
1020039484
960284028
949319384
960672515
1127818245
1131350570
1220521239
942400575
931069057
945833137
959422835
948078260
945844300
974822695
962141048
961576335
927323269
948600856
968889226
928860544
966274264
965185952
992306116
911526978
968813540
950734676
935871789
1010164608
1026508078
949106724
967661472
967646254
922536297
986419752
983582167
934004571
956314441
970105362
947995337
970324275
933960992
1041519845
948981656
954589439
949226943
938527521
940900015
966862911
984493123
933818126
971970044
879206248
931314942
963792285
948114081
968065210
945472652
999488584
962069668
961739890
964520991
948442390
944176202
982305597
928778034
971510785
986204848
931504339
931646383
1033672697
968959603
950606537
932434829
909609600
1007772270
931887475
967758431
971067501
953608143
899072433
1000416877
935819516
943233020
914331358
922867797
950656337
967950119
934688081
984941844
972441463
966560015
953862763
950412872
969837866
1005418879
933104998
969581068
967711049
972845604
987578962
1003405938
951146674
953350296
931900919
932109970
914299690
950552175
930380580
937621364
952855303
932868631
945533348
889236273
986780847
948659492
913373604
933582064
940417936
972737028
966581810
967272546
932281571
930644069
971366563
1003044850
1004672363
894932060
1010869649
959077366
983332948
950075577
974045912
956101740
970940480
949637263
1003065731
976481234
1001116483
967335423
947476183
966340213
952099701
987150094
931491646
899161041
929888725
988599895
950038653
932460784
998536505
956539248
951633614
952644409
1133578539
1135346739
1135095029
1108895988
1179662312
1128615775
1154114771
1201143812
1219392864
1110667991
1130714278
1241536606
1201166063
1221778150
1202708191
1153163520
1130029254
1131649422
1177639048
1201187604
1150607806
1142157270
1131811523
1177154703
1132283746
1161659310
1177398265
1180294244
1116528500
1156224971
1143906858
1159872478
1187780354
1162188044
1165581876
1132560604
1199095888
1126953596
1200538801
1149379178
1158501338
1150672658
1105362659
1223605498
1221015125
1181234353
1130900281
1161314963
1152583884
1248988953
1129968113
1243665639
1110563788
1158275946
1200513533
1143067605
1220328459
1199798176
1128652121
1214367222
1127754177
1217161545
1223694507
1189785846
1196291687
1141124328
1195643639
1134298768
1173415045
1121287939
1154234785
1112962330
1196518968
1137184884
1224888980
1158761622
1178871818
1131690961
1241971765
1158952693
1109211641
1197001197
1195867035
1172670564
1140183606
1127890992
1132990269
1175631787
1202796793
1238950653
1158286604
1152818378
1199876807
1152784979
1247442688
1127996786
1134961772
1175485379
1203222212
1174823251
1187231294
1166674649
1139197563
1113047199
1269102878
1171454358
1180082257
1130835940
1199953830
1114373495
1166091146
1200442440
1220780998
1199039097
1167476021
1135528407
1173448743
1205079030
1178307408
1180041630
1130025499
1145554740
1111406265
1162444570
1178863835
1159762307
1128741420
1219795192
1152702990
1198687700
1133084557
1093461578
1203221768
1136572555
1202675122
1178787198
1146434468
1199719002
1138505789
1113833301
1162182274
1224505950
1208021021
1178806662
1160420742
1134113821
1183674040
1198442543
1139641643
1092661298
1154680815
1174974978
1137874583
1178515812
1217852433
1132660863
1153161651
1053733514
1128023884
1202128443
1176275215
1155612582
1239724568
1201548211
1220590655
1176713640
1132731436
1133280089
1130419210
1178636907
1193558357
1202119691
1219236810
1151729699
1153626925
1218916271
1155342899
1157305150
1174172895
1117512480
1179067731
1179590963
1155292234
1200247319
1154365081
1156843578
1158254428
1094533010
1184127326
1168582537
1228455291
1136444081
1143679328
1115785783
1135666383
1192907618
1201156977
1065277423
983607713
926561906
926645527
941596240
916182632
905392483
960797103
943969949
991291329
941576516
928866721
949607453
1023279804
924196930
979056174
928054299
973495517
985276807
993956155
983469765
943490521
947835795
925282294
1031027878
951313055
968250789
982803117
960419843
959905792
962231258
965349828
949652373
980252421
977922919
927415975
1042975576
962018735
961699176
925379937
964235417
945012602
942911418
909940616
927182474
940996153
1000640550
940561800
942294152
998222557
979814276
975322553
997802273
997562642
982972816
967516344
959999339
925606262
1036931459
942247475
998751411
971745334
1022019237
925032160
870375963
944350838
925369896
946257063
984182875
980386207
926776785
907731555
980174739
972471699
891030876
962430033
965027374
964282043
971329825
944812610
957243704
926300977
960006283
913852632
942664470
929193143
980975541
943249421
910424083
950670773
963280406
941751135
961545732
1003522050
907436266
947088568
943818663
983177657
947058260
906425688
907518970
912962486
946506549
1011332298
946312619
911216989
943974198
889695431
889006091
957569460
962664227
1003279703
988133297
986567337
943602227
979037839
960437012
958846003
981110727
960042206
993998765
963581924
950524925
946840830
961947438
913118463
979841784
965101927
962017067
927991910
962378388
942794464
965905071
944950739
935136034
979392640
943221226
962531771
964160323
907442052
960603528
996090124
966510688
894205641
982628989
1166325384
1150724974
1205487315
1176135997
1178214375
1129551117
1153754571
1156708265
1175371349
1180010166
1166642400
1089326840
1151694111
1141526110
1174588997
1225807367
1147818890
1175897682
1105135545
1176670328
1113564360
1150206534
1165228669
1131990749
1113633006
1210810908
1160960047
1132832185
1223795571
1200792833
1203551950
1161848314
1164470988
1181503350
1186244462
1182569757
1114779493
1276012714
1107836098
1218049509
1198901283
1111374440
1174947673
1131781220
1110880650
1178620673
1157047092
1223846253
1175815859
1178085027
1179739822
1110147821
1132134545
1156283808
1134523523
1111379770
1141713350
1166247578
1155478979
1195158783
1115514807
1181023668
1219409229
1155662107
1179311467
1152491922
1140627538
1227031298
1178263616
1129140158
1184488465
1109340729
1177361988
1218153579
1135607391
1181920833
1106364679
1165518656
1174748306
1198746947
1132079210
1178908192
1217957531
1136154833
1152025207
1129938807
1218514665
1220535005
1151833746
1155302937
1133486029
1160007351
1174502405
1157665457
1153499130
1182429361
1150986597
1211669762
1153259275
1096331675
1155455417
1221152679
1146508890
1199902543
1155444275
1108059743
1091367600
1189664326
1198746801
1151719070
1153093225
1199361549
1199177612
1157191780
1107897744
1134447959
1197261774
1179699871
1141087121
1201045065
1245477555
1153396517
1198604033
1115799061
1203178970
1138581935
1178422475
1154142097
1086080990
1156185787
1087517782
1176210649
1079521026
924837844
924560529
906206166
960678692
1054794919
960245879
890411413
936186705
946584986
996116491
996986266
981790905
983613602
925636802
961124602
960998412
961674315
910631450
998788539
964776726
996576329
978500083
910931974
947364302
922607290
996225689
1000697311
962798363
979050044
962489376
960663178
942066264
1192397696
1183923275
1091688612
1157133476
1181411720
1159631716
1217971351
1200230159
1109980058
1156327363
1196223465
1136060316
1173176863
1206627435
1151968729
1240588050
1195469162
1202195910
1154185532
1090107676
1176021876
1113067124
1140338367
1199129054
1116557917
1175110127
1270356903
1186620521
1217087863
1243120406
1183019501
1160622902
1208321770
1137401061
1195635799
1178837254
1265754850
1169968110
1222027937
1206895005
1155874482
1152519765
1253326596
1113690775
1257941373
1164347200
1168719013
1190629426
1139548679
1209942919
1160217117
1210544733
1249275287
1207703417
1136558120
1207798095
1158591763
1178956670
1199127123
1244146806
1161424706
1313171096
1159404188
1161943008
1158626284
1181363513
1177167561
1138284767
1208709881
1191384776
1157248164
1229759516
1158484708
1193280878
1177137796
1211118980
1156329674
1161289348
1203923311
1136803930
1131778845
1197541599
1245603357
1192772353
1138727281
1137487894
1205181727
1176289214
1181555670
1161848286
1207840287
1159131769
1140265377
1091150516
1136532444
1090371412
1182810374
1202180655
1143901309
1137880129
1139652742
1188293865
1179646091
1125237203
1201544272
1159091144
1204227781
1203473270
1201657854
1207084307
1178886064
1183272649
1136339920
1181963899
1140440111
1186071843
1161960045
1205296322
1138330095
1202621685
1206628007
1180955798
1184464854
1143312087
1180186217
1207261237
1160136424
1162746883
1179796069
1162570366
1166875753
1158270903
1176681110
1208915034
1197688749
1237645549
1197082628
1140616873
1202413627
1205627821
1178988767
1154856198
1154681227
1180928306
1206302364
1139807389
1155003756
1184641634
1138469021
1121244134
1180035391
1116770732
1141810412
1134895524
1226990252
1156714327
1201418809
1155245471
1131859312
1160826905
1137724344
1178607632
1112685203
1193830924
1115311558
1132276137
1199494227
1178276003
1149393682
1161140851
1187410010
1159837545
1118557901
1115522341
1141346247
1137207683
1185281495
1250869287
1186342610
1087443618
1172987929
1146997301
1179373170
1185623583
1111716514
1213985421
1132360348
1160922916
1197542894
1224897618
1172321932
1197370083
1265810653
1134463701
1198923159
1113854253
1133509208
1242172114
1154066221
1237393644
1133662869
1178593068
1155938628
1114489670
1092716023
1250209089
1202732053
1136874897
1157269466
1138498496
1185516411
1163135193
1123739512
1181027971
1143054914
1246614492
1183448956
1137422104
1145757501
1173595097
1140619828
1185149582
1186465206
1158478740
1216951840
1226115541
1164870817
1114375312
1165118473
1115586133
1134174456
1137685437
1132147843
1092221221
1136039227
1159122859
1177877198
1199767263
1219569936
1219752244
1157060738
1163981055
1197989214
1185613873
1139533028
1163134892
1251190739
1124356034
1229033675
1138197135
1182210491
1163218574
1160801602
1159765219
1191709748
1274675091
1206601271
1206552557
1162746052
1162954320
1163404493
1206952326
1160127945
1116863830
1121994277
1225518305
1163587486
1184245583
1118961957
1161232358
1143065754
1206683121
1127855597
1163599362
1295253053
1139867398
1176692055
1098045654
1189260510
1112367559
1202440856
1173772230
1113277740
1186194331
1255633179
1163803027
1116726309
1166757277
1254767145
1189148088
1159264823
1184599783
1137888210
1189631196
1179568124
1183218021
1184496331
1162700066
1121974473
1186552540
1162974010
1205904678
1163882405
1188334196
1142344231
1232140022
1182524865
1186793288
1159239110
1207643651
1181410202
1182694929
1140961161
1189004879
1031708872
1277899157
1157565997
1175713090
1159601826
1217606535
1159042766
1110032992
1161838629
1174715205
1199603782
1156928588
1198444462
1130087140
1221031799
1216652722
1155496862
1195163976
1134159741
1193001569
1223228097
1129959334
1154948206
1173746425
1158779600
1245322711
1230595932
1177848799
1206366158
1090437763
1162218185
1151350169
1161330691
1164812914
1204478246
1163192093
1117533397
1182471279
1153934354
1218843860
1155018491
1127274206
1131015799
1175280470
1065515948
1067613546
1201543022
1151580021
1223202009
1173662915
1243404532
1173870418
1139024006
1202425562
1149791131
1132389574
1156836914
1175924077
1160719704
1175299412
1199991748
1193309473
1198256904
1172373312
1134616640
1216619941
1176817493
1176318530
1136530139
1127834525
1153913878
1137364845
1219979114
1154387290
1153367888
1176675351
1157624125
1156856601
1216070980
1111475118
1215665025
1181706059
1177772176
1131470257
1092959127
1180815005
1220213232
1181553671
1106498131
1201928775
1196917530
1202272734
1155746458
1109213381
1093552988
1176321450
1198770607
1147881379
1114266404
1130711634
1112886192
1196569111
1281134856
1143431480
1187089612
1160450808
1221150565
1152236892
1177508446
1219838835
1244943032
1189946182
1225741421
1129635559
1204397325
1129410886
1130539359
1088780464
1088489577
1137901178
1154321440
1116164782
1110869810
1222052178
1110362152
1113981222
1162956835
1182433353
1182855057
1200373733
1184802903
1181801619
1170392180
1202434984
1203863047
1161077003
1225298174
1133739585
1118580141
1178112452
1160858728
1135653435
1097124710
1158229729
1225112476
1200181415
1119256560
1111460664
1199452584
1203600870
1227705810
1202825398
1159416389
1133285824
1113659821
1186662732
1159501163
1185043074
1135862230
1162926770
1147299390
1178344604
1179059777
1134008181
1109442142
1135068192
1188826442
1248937442
1196978765
1157896688
1198789357
1181043071
1089772190
1129196405
1154045420
1154822019
1155235048
1085755360
1155708296
1107601587
1179955126
1197540750
1160345941
1152766306
1223571320
1152869428
1175781675
1158749468
1177187184
1201885457
1152489580
1205705516
1211013383
1247538268
1142882404
1159324964
1130947538
1200301094
1150260041
1182535635
1129821538
1199003886
1212530285
1146943217
1194852251
1132737602
1175921949
1116149134
1171783667
1202960470
1228764839
1264822249
1129205476
1145388010
1174674616
1173097563
1130752692
1208312212
1174988499
1221878530
1106505730
1197506444
1062408008
1174979190
1217533854
1149193710
1158119152
1124894505
1135596966
1170057887
1136148838
1151149085
1090528996
1086928687
1154624767
1226430428
1174334088
1278657203
1175622548
1176557547
1199024822
1193677963
1181022698
1153157972
1197075292
1178555975
1180504761
1160952621
1151602445
1105623820
1153684745
1135308063
1173913847
1132645889
1175722218
1156316816
1172212154
1202298969
1196218246
1174459817
1154600051
1131972660
1131690869
1110444285
1111791687
1198356173
1159845091
1171898443
1134780468
1239214336
1151711316
1199754548
1137595477
1198039850
1177733372
1171992173
1175159469
1198884333
1203245514
1178754309
1246521357
1215926527
1140429004
1222683624
1159427850
1177269348
1175853142
1130074674
1202906725
1156880043
1159938023
1196071653
1150512221
1110564049
1150765739
1202294938
1147665104
1177954574
1215899438
1219333625
1156314108
1156969265
1129479813
1183957481
1152283612
1175466190
1177249665
1110491667
1065576449
1130976487
1132847131
1208511373
1154612872
1178477228
1155681727
1151665823
1113002062
1110673126
1226614354
1148313375
1228901196
1174446794
1151956591
1158864844
1223699338
1134338787
1188374324
1113587018
1156016463
1198822668
1195960892
1137789866
1253761864
1216589305
1248697132
1234234537
1209319072
1178415701
1165444657
1206561691
1209775494
1229184384
1161358689
1129460493
1201174290
1178118264
1176979881
1172720283
1248104614
1198683525
1139470572
1157083550
1203765975
1216921690
1202454651
1221377600
1207111582
1181502926
1159871908
1153074501
1170595392
1175743813
1138619291
1133390522
1178725402
1224164356
1134423729
1139643293
1154277610
1183865718
1203673713
1162565193
1181692781
1122308542
1140850664
1169844929
1158976405
1189996566
1157404867
1184352982
1157204759
1163089345
1136363510
1229125990
1179971658
1170320160
1268342444
1117526747
1161454061
1166155491
1158235556
1158531763
1162480628
1135882854
1161288121
1221529450
1117475792
1222624522
1097495739
1177950957
1114443121
1113350395
1137218827
1133312577
1181370214
1159487415
1159316959
1176232672
1160241174
1186124317
1137399997
1164093725
1112275598
1207817996
1138872468
1184702071
1202395542
1252972518
1160421856
1165628640
1186214738
1172595672
1183340647
1186300525
1203745699
1165098170
1177885891
1128616898
1117864676
1114062211
1164532117
1162241693
1181970254
1292898803
1190998683
1160219943
1141614051
1140419314
1188612932
1179577551
1138815237
1143565204
1141221023
1221980515
1175268912
1133225733
1173589373
1181490788
1167250237
1121342705
1140356539
1186367712
1135738525
1119100369
1166141684
1165894117
1183067141
1186733923
1182769436
1227860365
1126461895
1208115998
1137838281
1232389058
1161277728
1119620442
1116451068
1136558482
1141838248
1206047637
1163791508
1177505565
1209117217
1211110074
1209318327
1162271199
1121538214
1177435606
1173746499
1161484344
1196157165
1134644784
1111341595
1177440819
1133095164
1247649918
1150105901
1177590413
1153313829
1171141402
943235912
930920101
962245289
905546490
980186945
1008932177
959260452
943313161
979625675
912774083
944960984
892580396
945002603
963116936
989958460
993586502
928921128
964555241
981800634
968649656
947250809
1005396626
967822852
952609612
930331722
955570814
984103223
981779121
916062327
950921187
975928684
980495852
973931613
933497301
947974626
904727707
941897427
949718242
923456879
926642141
999332995
962184300
988128065
925173311
944728523
975854687
889472375
974125212
962676153
1016591928
965408518
945876138
1002022374
946524529
980318377
979931879
966456556
941717773
975940677
978741463
964471073
1021182750
958623738
960217756
945070873
972063632
976732910
924567497
960238310
1011639779
925141287
907833034
925026182
1014070183
983097762
1204798035
1153847533
1175109861
1175936790
1154492071
1224997534
1128566937
1176337990
1135881627
1242254320
1129262045
1193622490
1178814762
1088375728
1133323858
1171928777
1137404382
1153100861
1199987848
1151458575
1133488436
1175851853
1154145597
1220937510
1178182175
1129503932
1195783870
1156142828
1175131864
1156351784
1130326857
1220961387
1131612422
1189836635
1150002444
1157016009
1130484452
1155918220
1177062488
1181034910
1106804913
1152903168
1162630554
1172703159
1186273184
1175007897
1111026508
1157595944
1180534534
1154715534
1203881856
1110222392
1117631733
1195942591
1135476073
1183379733
1173069322
1138610874
1199110708
1131352074
1156041810
1155031725
1193679075
1242495335
1147359324
1199334568
1199960761
1199681129
1154656198
1158135444
1152737275
1157500551
1195176426
1220258971
1134016908
1102390932
1153011225
1130065597
1112318176
1153886299
1160475679
1175749526
1156828728
1170498635
1202052468
1171683364
1160432049
1172400149
1139233145
1203892236
1110334396
1135081825
1176299844
1180435784
1191890280
1117171574
1225240957
1186089548
1205572338
1186710856
1135423603
1146501750
1156216649
1146271161
1142576343
1164567214
1160731780
1159971011
1131278042
1176909328
1207274582
1155338772
1136836976
1222682138
1183679327
1199277222
1100459867
1177105273
1117321251
1219845683
1119589922
1086526366
1178141025
1132044107
1182240764
1105269507
1129927421
1115928194
1176402621
1135834661
1219951929
1182640447
1173742972
1120132403
1241619069
1167527743
1133146853
1257043364
1227272133
1145629009
1195732814
1166272260
1138973952
1228294877
1159560894
1246674972
1098974216
1165701545
1203026569
1207139294
1139796364
1233496776
1141575398
1205645721
1164244508
1191631306
1270928630
1199867869
1253798843
1249256705
1157632114
1227280558
1154924636
1138254463
1157539353
1223902680
1134507281
1178183466
1170774090
1225635874
1156839854
1165630209
1207430008
1209531300
1141681563
1187147760
1226280642
1201988050
1182901796
1142722231
1164027436
1141703347
1139589767
1207638508
1122305169
1207156760
1190738236
1097963823
1166548042
1187658050
1186556255
1160623857
1175747444
1180081089
1230663173
1187095871
1203571469
1186901265
1163472726
1186008370
1206235957
1210795837
1169450908
1186560289
1159503702
1208710845
1117201049
1160380286
1189371064
1151877159
1169480284
1143752413
1165174374
1138312428
1164821056
1151255100
1184317340
1140311194
1205551514
1136100101
1164781803
1227243418
1160757036
1157550098
1186349420
1182325135
1186640375
1159783197
1186177203
1204887652
1185573579
1137738748
1139402252
1123022897
1141253581
1145139854
1156985567
1212054535
1116760381
1161325571
1230383311
1188094739
1046007290
925373327
918695022
972530842
926191399
955082293
985966655
946506723
946764531
927484711
979767107
965597902
947855446
915098181
944611877
965809677
1058723487
960582877
926105895
961797372
1002041285
978205759
923529088
977454589
1001536306
963572647
979486070
962296591
963095599
966156267
946655016
908912702
979922760
944001068
987217433
1000717237
911873712
975104010
928847047
983866679
937887116
978984761
985320252
1008359077
1004758050
967490808
983148325
950965706
1016045247
959154389
980328114
1104268776
1110062957
1156066291
1173525662
1156668910
1194348897
1220175616
1153903266
1157809075
1240467248
1092359978
1178457184
1183021712
1149507978
1203288706
1151636872
1181590386
1136663775
1219894837
1153654198
1149940207
1136060660
1154112364
1181829078
1173021363
1200300058
1172534202
1133437457
1171116656
1151684810
1139206359
1205586509
1127979595
1161687901
1202307209
1140123278
1182278449
1172019666
1198556967
1217410921
1159453898
1108478827
1174366469
1206248589
1184159466
1154120403
1173540696
1128894337
1230776307
1160001321
1133842369
1132157514
1113041225
1216408531
1203497176
1174613251
1162620549
1152590259
1091380670
1156507114
1173554315
1179316641
1195207180
1202531065
1219630654
1155777438
1195503682
1133825754
1158410237
1199444539
1107783467
1200772781
1197735347
1160137790
1175026068
1222767434
1218382635
1155043525
1175127289
1116741018
1174136928
1239538025
1178390388
1179798399
1175720159
1217370649
1156347321
1136503575
1173797761
1133042723
1199021140
1110476064
1161599724
1149525462
1159941451
1110881712
1111013649
1152130089
1110145293
1218310048
1151348137
1158942387
1243729940
1135851489
1197977043
1159200729
1130813316
1157394294
1213365839
1156554864
1135609419
1145337216
1130292394
1222735646
1198297045
1134079834
1179688907
1203547783
1153149565
1130359151
1201984005
1130721103
1181604575
1156075060
1116204527
1131555196
1243815483
1173709361
1153328113
1199700259
1142791358
1161998460
1186176463
1205715027
1205659222
1202417831
1183622490
1161160466
1120698131
1183583548
1182679875
1109566680
1149637824
1159190615
1202112116
1154698824
1175461981
1206942232
1196257608
1115324422
1222213969
1158563464
1112234613
1224252758
1159684786
1111943536
1131873924
1182539712
1158709576
1170831100
1155961027
1135035023
1246071099
1268351037
1195720175
1182406350
1176349423
1140915089
1153252698
1187763998
1134276447
1078884653
1210909200
1183784438
1132769506
1179918540
1185670385
1181653865
1212194124
1245506814
1186263906
1225230173
1182491949
1255245081
1162578193
1137667141
1186388684
1181742653
1145229720
1160629599
1208396054
1203664211
1160198124
1177837180
1186118086
1206691738
1135472759
1177909976
1182220157
1219292639
1127943955
1240418915
1201720425
1175170717
1227240596
1208228115
1225708688
1202889115
1183365119
1116467471
1097745202
1140688057
1253930394
1164291715
1097602394
1183532600
1138329354
1159092102
1164501127
1207813934
1165465360
1224999484
1209149984
1139542011
1181968997
1228851090
1143721730
1156143018
1169391940
1204663549
1193542933
1184140557
1186800475
1161971617
1208233291
1162217608
1166114974
1142675824
1139771373
1208485540
1138602285
1202580392
1086669508
1158496254
1118564510
1164681473
1160624043
1162861370
1115578366
1232309113
1223390196
1163099002
1116764008
1159001376
1186231807
1138674732
1162464980
1164565166
1147844702
1205548954
1205230007
1203872206
1196147790
1160434245
1185838955
1132664719
1190324919
1205957923
1122394698
1114968506
1227987676
1204010870
1228146795
1140196456
1098535026
1210968433
1191398603
1158021876
1207228816
1263479059
1206955866
1166607865
1295789363
1252985943
1186125298
1211781273
1188083381
1205335085
1168289609
1119966401
1181232048
1207949488
1162147340
1139505277
1140748749
1165563120
1185733706
1214898088
1204394012
1201386480
1230399436
1282198841
1231959018
1151274844
1167982478
1188520194
1214472537
1165917388
1260601054
1216336019
1105823528
1173077904
1173292644
1209242904
1163001306
1115992537
1114877444
1188296441
1168700964
1161504355
1139639392
1141825422
1188428541
1176788877
1142345458
1121878937
1207619897
1211268592
1180904175
1186183372
1085688198
1149878106
1207185748
1171734452
1138154150
1096091719
1166265235
1136988723
1188882819
1138660127
1143610066
1158379323
1139774549
1228594180
1139191012
1167251297
1196647386
1098102242
1138869172
1122116037
1160196623
1183497574
1119511850
1099406961
1227099710
1139170306
1139767800
1206044054
1199220789
1117326142
1233034550
1157575857
1164081475
1159098728
1228832365
1207491961
1230906779
1148291392
1182750660
1138172400
1165468474
1165684572
1119715346
1160742735
1100162003
1190228407
1187772964
1158261175
1125187195
1211681200
1222018247
1160221901
1148456713
1161754518
1142231423
1197898239
1182136187
1159463613
1162293700
1218009427
1100443053
1157937754
1179688147
1100862900
1139417909
1169998413
1117162987
1168425294
1158680068
1163612792
1143922676
1099246235
1190836780
1204290814
1137069354
1179327275
1122322493
1222293813
1160118184
1157496643
1136186925
1269003870
1269288905
1068632038
1093750955
1134772453
1267625558
1158793211
1180408370
1136238275
1174915006
1097291510
1136948257
1115994574
1131930161
1202235738
1114267877
1158678575
1211604474
1110695063
1168003959
1157605262
1184706608
1159476785
1159468424
1122929474
1285461855
1126406763
1176161222
1151453589
1140095786
1184157303
1136159397
1111421141
1222826321
1198807905
1159135432
1179859645
1207099142
1182021179
1183763516
1229992113
1185092768
1230875123
1159585183
1137134355
1137952100
1175124678
1185045277
1142535318
1154846672
1247371245
1239978537
1182514407
1131254104
1085727758
1196032245
1228843494
1160586367
1250357408
1094796145
1163997756
1163751153
1160301191
1171461578
1193903238
1155881808
1154496735
1177781703
1150771626
1204322393
1180728586
1174787410
1240585019
1265490243
1128448575
1152670882
1178552833
1202887870
1195261787
1159951022
1179339268
1143961250
1157674576
1173792180
1226285748
1140849855
1139492976
1139272240
1207815778
1119420827
1159380862
1142038989
1206131571
1186277765
1223701524
1165895543
1181722808
1190657241
1116339067
1167124114
1181051535
1160106841
1201851077
1172195842
1163077170
1159131848
1181806894
1170328668
1096047061
1153764671
1181035283
1197280307
1174567469
1172470879
1137389916
1137477101
1241752753
1184722585
1208843531
1203242469
1119518252
1205418080
1141345972
1203363803
1253910448
1162202245
1207952670
1161169045
1121279702
1206370341
1102798044
1138800773
1163341317
1208368310
1255925457
1203724149
1185900418
1207079665
1163301133
1184917134
1121321589
1168406993
1182538264
1208130282
1121870134
1144228920
1184115367
1213276764
1120187351
1182533505
1197874407
1245272941
1159787139
1209596502
1137179487
1206603990
1164326389
1186126210
1097792586
1139384646
1204312042
1076456853
1159056088
1158580866
1184701008
1181572767
1118688284
1236172093
1206686544
1283013882
1140140835
1134840413
1229853421
1140773774
1183304876
1210688360
1118742324
1185550999
1159616560
1251979357
1143885946
1160347942
1142578512
1139122224
1171183127
968939307
948202015
964904208
980142185
1006667263
1005009215
962755197
944826308
954774556
930981422
944152049
962361955
950313909
964034878
966954058
925361289
890674865
908676189
962395495
941222297
947359731
1007512050
924195946
935660085
999991682
963906679
926576902
963895267
944331240
972997682
981275199
979803708
963860401
918605874
937290952
999765735
1092144180
1210730709
1139260251
1142242396
1224786524
1165439966
1155402915
1204979529
1150570662
1160076156
1202219602
1134005836
1173072904
1114719073
1173949584
1064214793
1135906438
1113097839
1155370092
1156350225
1219846341
1159260968
1123894250
1192852691
1133553152
1157538120
1108439320
1096416263
1130524904
1176813097
1199709364
1155993972
1174276946
1221811024
1174271796
1175235215
1217700059
1208399117
1194442995
1189544907
1131942358
1181219460
1129529155
1175858265
1173949112
1160008311
1196186179
1197215325
1203069752
1132567295
1154769773
1170302785
1173539631
1174434111
1134746731
1158092861
1178465326
1163458542
1203770994
1135604370
1252465002
1229633771
1135198682
1175673088
1155880214
1129437354
1200288632
1240465358
1199481836
1130717166
1156299639
1151523938
1201779864
1197030598
1176872927
1172907076
1222481443
1174729499
1114349647
1172943636
1136395728
1152148979
1178268475
1131671399
1179707074
1200360292
1217964283
1205194107
1088810897
1112587226
1173670052
1174884406
1109457573
1159070396
1264388718
1116098541
1175354697
1264359932
1175895325
1096356202
1226769026
1159308510
1155207043
1219280119
1150899321
1181456612
1134614753
1130599358
1176192719
1107400546
1156897182
1178155171
1156823524
1185034283
1179118494
1120971839
1197153375
1150612664
1180500294
1152384083
1190531567
1220552813
1225283401
1149538331
1158601426
1155207027
1137511577
1265526988
1150564150
1223467312
1219881491
1154118997
1139919285
1205783028
1159810961
1163707553
1196559720
1178842607
1105135256
1183593546
1139091545
1145046811
1205852995
1231239190
1179581751
1143322206
1176822535
1232390959
1117422261
1167364943
1157994312
1179309686
1153797022
1226715897
1109389037
1154429110
1184785418
1133203488
1139669243
1215916680
1181499412
1218472596
1161231222
1219399649
1205323622
1151750385
1091835784
1154525422
1147691507
1151980191
1178956319
1135603622
1224528941
1197389273
1135890163
1194735430
1203183759
1199467463
1182531274
1110788965
1179192710
1269616968
1145081669
1164655026
1190912843
1160159255
1160328728
1165908343
1159297732
1139115742
1229902964
1227970444
1187168157
1183237475
1231596833
1156806098
1113605365
1252134679
1142200895
1190491894
1161361747
1140920930
1163025998
1228228082
1221698809
1203132404
1152450537
1153057902
1155731634
1270708041
1153916200
1152503331
1111208081
1136294938
1153513151
1185741670
1140146946
1164037799
1160418782
1094212111
1146131600
1178384751
1207635991
1115927487
1188663732
1140158582
1162580830
1204781995
1162562120
1247324223
1232433407
1166408637
1185468177
1118805701
1186996214
1182651967
1185528006
1182510517
1206697716
1163141685
1186930312
1160876389
1185787474
1139829821
1190085432
1164731892
1144309289
1249115329
1139960259
1140170166
1188833929
1178614697
1205341565
1172246616
1162569001
1204332241
1165871290
1160369028
1137019621
1227885565
1187778218
1095634896
1187873092
1208220960
1183342431
1210063883
1158404737
1163589728
1139536508
1144775604
1183812222
1185305949
1184378437
1162222755
1228185535
1163594155
1161887770
1229422955
1188746081
1171610484
1228537079
1123306728
1247972927
1246836343
1118683937
1150520578
1193768387
1214632852
1218951938
1138776780
1154565551
1203292503
1196470304
1179330163
1173230472
1172430373
1157811365
1165961111
1206129408
1177140067
1160352431
1159319661
1179600175
1139755228
1230201556
1125754332
1161205107
1116990226
1110134886
1242994675
1176965677
1138815420
1171976881
1152586604
1160483533
1178157300
1092507002
1088887220
1203343348
1184940343
1180112320
1135168093
1204481071
1109622962
1246811318
1152206106
1174324925
1219730028
1180514410
1155962183
1203878248
1139613002
1138189211
1177421152
1205857091
1114671269
1199858185
1138389883
1141340254
1164147285
1078245247
1166501962
1261922349
1170094458
1136138615
1181891727
1158969707
1163065485
1226580769
1118964838
1181168112
1254407058
1177917741
1142964536
1181052128
1122271629
1139015191
1119105985
1273574092
1226903119
1112768129
1158360246
1204095851
1134859914
1157754615
1220383811
1219531382
1176932047
1175389043
1165892595
1169352723
1256336561
1123905371
1182247971
1095323254
1137695801
1165970027
1161160281
1133816803
1180790617
1272983473
1138963156
1140172174
1224800819
1098809882
1184407306
1256115455
1138919588
1184176131
1180126353
1137631548
1161097431
1094203625
1220156326
1157171613
1118314636
1205353447
1162139886
1233020561
1186044807
1136681446
1142202998
1161498297
1190324366
1206557524
1143711303
1180452001
1190669779
1094286052
1247702123
1110414549
1179625648
1149890873
1184441425
1179578129
1162480075
1229628544
1162487465
1170694130
1146052933
1191864597
1202342431
1206506449
1208028362
1097248258
1161864185
1143108620
1200874880
1208919649
1134920582
1122912914
1159327834
1186401363
1116118367
1232464001
1121997927
1161935004
1183337729
1204880598
1274233988
1145010852
1163977534
1161555768
1134398331
944613965
927003746
950305843
999282787
930277542
944901657
966368356
961297164
979166300
942703405
948358262
934134731
947236082
926524839
962930329
931125951
961956763
998160909
996123832
922364867
964015662
942630751
941123053
960715454
961120224
933918744
961840450
929446584
952047000
956715388
935195337
944502496
946149508
930173387
945609756
932311541
996324547
933804506
950643999
967171960
970785146
986787074
931049971
947255894
1001313156
894711865
958354246
1072680398
1088212566
1173436519
1092361982
1151232195
1111005071
1178068789
1151127107
1203724178
1109666804
1178117578
1131346149
1159107451
1129670532
1138365172
1243611303
1162183397
1134085268
1113483073
1199623854
1108777394
1158872938
1152375635
1198395397
1149379219
1224891738
1129647827
1157720247
1199012351
1185139462
1107722649
1154159300
1199632736
1180469931
1196414192
1177061057
1132087827
1201547591
1128521868
1087704295
1177418442
1152108699
1091126072
1175340639
1197771319
1133862388
1180359284
1110521277
1173038036
1108867932
1131370481
1154615358
1132093334
1135349165
1131335251
1154376349
1109256758
1176914399
1221761372
1132162698
1226009453
1220146636
1150321285
1200206910
1198548085
1202182611
1131051579
1156168437
1158707584
1194021794
1221153117
1219436342
1155548951
1220856036
1128283805
1178522938
1135504708
1140339927
1133975150
1174051346
1135755775
1177620541
1179053229
1130249774
1158284060
1175509717
1183678931
1112850939
1155293316
1067126548
1088689882
1177077113
1172394441
1158633017
1156372939
1151663058
1114576337
1177168112
1217672835
1175367560
1155362563
1214574699
1222559114
1195719039
1242724425
1221159439
1133238349
1110483971
1201083660
1086800725
1154079706
1152655861
1132739436
1152469346
1132266752
1174810274
1153952036
1153663884
1107674873
1198164836
1205640311
1231660343
1152448239
1176988875
1133419195
1152026240
1204393164
1182815360
1111763998
1157045827
1153221161
1136313570
1222534218
1154195351
1137625154
1182949350
1207880246
1247935150
1098020402
1247250939
1138730349
1185452349
1148824231
1250859176
1229599586
1112632535
1220311616
1156774807
1204126740
1178554248
1135320250
1207904843
1184117913
1134060957
1186030725
1201443024
1068440891
1200935721
1178876788
1159472319
1174391338
1222124286
1135493708
1192673548
1178869469
1180180232
1218816304
1179353758
1154016544
1138919280
1173367953
1157753500
1176861959
1189051015
1111652858
1190970888
1206402665
1253879525
1164270055
1252006145
1140064723
1205421006
1158206756
1240929004
1205152606
1141874910
1157078653
1185520343
1212654689
1165146875
1097058053
1162775609
1115857978
1143205953
1186824890
1184779851
1188728883
1091245155
1118096466
1136515129
1245476204
1157434357
1139404085
1197786096
1160982717
1217679735
1178160805
1133000060
1115146808
1137597680
1167686467
1182254113
1211965677
1182827523
1096005081
1160173637
1138237274
1230745965
1162172970
1187859439
1162837262
1295090359
1160205473
1186578820
1197734844
1195813578
1141445312
1189337954
1185205661
1141523068
1148225011
1186958499
1223285464
1165382627
1180250704
1208731140
1185638406
1158095309
1250450474
1233032499
1216594505
1139616338
1184192374
1162262776
1120902779
1229808200
1093636835
1181503082
1135206565
1148709183
1163183958
1189799950
1137745456
1094926587
1124515520
1116587545
1163327387
1115237120
1116533884
1204808895
1196039720
1110413266
1185091014
1118200813
1182642816
1142256228
1186608981
1119791032
1181845222
1163349085
1115000472
1207779071
1186127308
1169006290
1179842018
1184698310
1099579348
1229188861
1159876044
1124813616
1155653636
1121989194
1149959988
1150366056
1139021622
1115186031
1181207963
1153779842
1135804052
1130768189
1201977323
1154568778
1224790975
1152350317
1222228739
1110048108
1156214025
1175021156
1221909450
1172957629
1219125979
1110385164
1065919395
1221290084
1155657424
1137806624
1196238691
1180877614
1132128174
1140314759
1155428360
1140545189
1195435670
1142076276
1137490367
1230147667
1136986762
1165148051
1138475628
1217653650
1130980184
1242278434
1222826043
1243068435
1105837244
1107237516
1158089165
1149452690
1178510584
1067099022
1245553896
1174335846
1156330591
1156400900
1159310693
1198152344
1135007640
1176459996
1132470024
1159862901
1171269038
1177200969
1152541617
1109408735
1152387548
1094300525
1175702232
1156230386
1153077210
1130044018
1153297261
1173713781
1261794408
1157108190
1109635379
1134141188
1176350374
1156047646
1137431086
1085722966
1243302033
1132900249
1178282013
1128852763
1176399137
1088595126
1132634146
1218833206
1110106140
1131017860
1176101353
1178016157
1218276382
1241989001
1176709725
1134146394
1173696327
1155627371
1154390679
1154478883
1154812348
1157215441
1174389809
1151534644
1201231369
1202286749
1226792126
1156965098
1155726791
1130441226
1110936179
1173754645
1154010304
1172136254
1089185661
1218442007
1114689319
1129200157
1201622301
1216542597
1179015852
1173992069
1179733667
1129238524
1197068505
1200825528
1137196591
1169421699
1155715954
1180456854
1172978868
1242677482
1158372367
1199655972
1176200316
1211394598
1216898389
1222891949
1130524076
1184310068
1176273066
1153856156
1131386380
1134922850
1153248523
1138567367
1111116730
1107427659
1200524938
1130772561
1177136865
1109005157
1093060204
1107843862
1201595139
1192277552
1245875712
1153421119
1197047103
1260377220
1087201873
1069107620
1208866870
1103422976
1141204118
1140828529
1195642483
1137668975
1092330703
1089670665
1135380878
1088383733
1245490060
1129381689
1154386952
1179901895
1166208237
1255076924
1141318938
1161759558
1141241852
1141127738
1182233732
1139280684
1143300326
1161087861
1141259683
1204316272
1104384750
1094983018
1135317631
1133271535
1151943899
1210829344
1243075099
1180684280
1200447282
1157487500
1171831367
1202499477
1156532287
1176041533
1181521597
1139644747
1175213717
1127381494
1131077738
1247785214
1198533507
1218195321
1155927660
1112937185
1162563723
1176621214
1184927497
1250156632
1114095728
1094934718
1188654785
1162712506
1170639594
1179949698
1207982344
1114060624
1137098277
1178962644
1209823477
1182072383
1141993797
1159342817
1145118967
1161193083
1158436830
1109840494
1140835171
1164298774
1159395419
1185841544
1136410292
1272740138
1155073344
1158855564
1135241027
1186021915
1180263234
1159093303
1157318217
1178085590
1238869153
1181834280
1155364434
1227702618
1250348802
1143791554
1139399907
1229279638
1159479611
1137125549
1205913682
1162986853
1182111784
1163655385
1181252563
1074941469
1183213393
1164513850
1217822727
1160016459
1207721436
1205912956
1141929966
1159764632
1172380032
1181516019
1162040395
1182372167
1212296908
1120643822
1120218828
1143572391
1098515060
1158410377
1160255573
1210472366
1137018499
1181563871
1249467063
1205537512
1204089863
1127732180
1133337082
1210050673
1208524487
1146338387
1123575598
1230370196
1163189736
1183388589
1204450902
1143212597
1163180975
1168140618
1205713907
1142670555
1227684698
1208191284
1184582937
1185139398
1207697399
1161266386
1139628243
1143438640
1182142131
1121647819
1203947297
1250724300
1157918026
1188053981
1163833650
1188833291
1119356250
1185224454
1094453875
1175766366
1153043123
1203714961
1157338794
1142953829
1178128807
1003280497
908142181
965090442
940909934
926746313
929366140
974304232
1022631430
1144710462
1250493762
1113196145
1207147063
1221445263
1229897198
1186439541
1186470286
1137888020
1200624603
1151155273
1202540820
1268796926
1204383425
1200307707
1205420196
976410806
977743197
979308046
945226754
906385016
949008210
913436145
999463545
907445986
964657012
929751407
966985697
981670454
974875883
924416309
961776541
1004170506
928295041
1016745650
962971995
949935947
1015646873
970599064
945018482
985848926
964798529
963635983
949318013
988247647
1010464795
954436771
968090190
951803147
953223599
966740120
931323256
966515328
948493784
952775799
931422053
896009400
984284772
895199456
954151276
925070184
946529705
966865261
1006655122
970612461
952204804
969624752
951477214
1008219516
963713192
999695369
966168131
982950581
895875523
976582480
951686938
983679070
987755109
962685166
963292719
905965603
979177729
965442229
929569290
1017546695
935118665
916531326
918587978
1003746231
970178295
952386300
951896419
1004657570
930288104
988010875
1005056722
973122854
950589976
952088514
951179854
990737508
971459765
990021251
952305464
932740701
1024516269
1021016788
986662342
949382945
951922416
950810389
986590547
948032659
955261098
950835145
949163833
931787142
987277503
954876986
1004931720
954379198
968670901
992354352
934622462
970310056
969352945
1019521055
918216661
955832344
948979043
982096168
960952529
939247590
1180039235
1203983206
1199282963
1139576632
1226146495
1205112954
1131560937
1115257405
1157388899
1223819761
1267187143
1209653988
1172956163
1228226026
1138963055
1200507522
1155364110
1117780447
1132756173
1205735041
1088047701
1224395262
1161281522
1159335765
1184054152
1153277229
1136052369
1158743891
1182906774
1179975456
1185626250
1150044239
1130745276
1227668958
1108831977
1132302739
1155952334
1194339563
1177781600
1198775554
1177977729
1131726576
1134603620
1180744787
1189051445
1248546372
1198146277
1223759348
1186609989
1158157333
1208604577
1160284529
1141506256
1160693742
1202090918
1152236250
1190229359
1133604977
1177251511
1193729987
1095332757
1136543375
1108545557
1180108437
1198197861
1131758016
1154510286
1160622976
1129530053
1180505203
1179328786
1178749750
1147067892
1221295437
1113534098
1183457079
1153525679
1225280912
1196022105
1158793188
1222179124
1224636745
1112350199
1207496339
1008266329
969649577
916281461
952660102
973249632
949792547
933057171
985667288
936002450
981812169
947162138
931487481
951223265
935550680
934651416
967673349
986372474
950342722
939688013
950033097
967698576
1005931500
896116398
953588579
1002366630
1003118297
930037107
911558390
986654483
982211307
963567973
961814008
1017158079
983702037
962519456
926515969
912145614
959818453
979325471
946000987
927275993
1063937361
1164459829
1117338562
1204272560
1165300479
1073939668
1179041758
947476822
931426603
967871819
932080760
949727608
940457045
955819445
966901932
930917309
915404885
979868568
969972096
985363502
894607109
992442904
916973820
967029214
987523222
951572675
949219557
951233588
967148686
952937118
930959135
915461801
919780882
949198869
949427909
985824802
989538077
1021346193
1040269549
954385966
952996431
983762697
970359432
930784008
928336803
971088669
977480877
945823797
1003826069
932440836
935712762
968773743
950568918
985080915
1029382226
965026962
1021590193
967641131
954079958
969936721
932574543
950752344
1041862952
984904644
968678658
950425156
950225585
934100499
931605328
1004286258
930777669
985128170
970383380
931606668
967661805
969739217
1007637879
932020984
947839918
966054359
985155640
957576165
895524956
986000144
971934658
958163073
965177723
1118222058
1132421890
1156528029
1204207667
1152608475
1178770801
1153197532
1181465347
1155384803
1157509240
1131110187
1202070384
1130792090
1243742403
1152230793
1175280055
1127744464
1200695384
1129581120
1107252160
1157882727
1152510645
1179796510
1111905994
1113391527
1157766999
1201517167
1160353989
1134818898
1139473720
1111418550
1160143373
1117341125
1183828521
1200085392
1171340666
1179943913
1157453676
1129429198
1110825814
1108939470
1066379942
1091664591
1168588465
1086872021
1155035899
1151857253
1234602436
1220285338
1151654521
1157152745
1175301850
1222678680
1132918233
1086276229
1180547063
1218865630
1157013803
1150509972
1221028733
1131642318
1152575240
1174982618
1134555324
1108173752
1154412926
1112873726
1173775258
1215597976
1151290912
1238636409
1179185989
1223424632
1129846898
1202023069
1151730529
1229231111
1170300508
1226670294
1220796854
1131153584
1152823136
1152945227
1177883364
1227319830
1172321180
1094148908
1107713134
1136985321
1109529542
1159657083
1152136906
1029556765
966612368
961190243
965681277
943739316
927524327
945699710
944140809
943818667
928237199
908346491
1021431741
961798252
979484310
946132872
1005272315
947253383
996425480
963959841
981863283
965714166
890029718
888140433
960231877
963013091
963944933
964724443
945358525
927247698
1015864455
966415856
979303680
943627165
908726368
982368376
948806043
925305539
923922930
912959268
943499392
1004516803
947790015
927924518
947840374
960092853
928470412
924990399
946921400
999367108
945809739
912406842
912881119
924009378
942263523
944059640
943799740
984085590
942171849
890648927
929419117
925613853
966289393
889115049
1021266502
908058055
996117369
930579547
967772769
962069352
995277771
942184994
982940431
944039536
924789758
978562237
947768016
924934673
908472924
944154332
949083785
942119949
1000221796
973336415
1192918250
1210626617
1159112063
1152968568
1180296015
1160513709
1180207308
1149882806
1115263452
1129804334
1178601524
1196858406
1111340851
1114854377
1145017751
1227690567
1163918134
1250957738
1229093372
1159325655
1207035434
1094477672
1252762840
1141085740
1163216670
1196667780
1188110118
1155101620
1266920907
1170806472
1162849583
1223167738
1136367546
1114534879
1181804660
1175694211
1158332145
1197721491
1114748934
1176106175
1133888087
1157775559
1195616584
1157243882
1195160147
1136323030
1157614881
1159018687
1157291085
1159087661
1222307051
1115962779
1158056893
1204044330
1176789908
1143704229
1136384419
1235773495
1207317238
1185743616
1184669074
1143707312
1180159015
1162356108
1118375405
1160395372
1136908671
1138843545
1231462437
1181122050
1186106279
1185030072
1208805531
1275615560
1205584687
1183401419
1155487244
1180753186
1137607984
1131398949
1136024666
1134729173
1158192543
1178199413
1155529625
1151203491
1177394644
1175536360
1163417893
1205348604
1184203977
1160514508
1232947642
1206719666
1162358286
1158097102
1205986777
1120100003
1072406816
1178954428
1202548691
1183499564
1140382856
1164793635
1208370755
1141881318
1205602208
1133110176
1156931871
1253531674
1165798873
1143168846
1162655395
1185698813
1161204667
1148988905
1137842659
1117214971
1166259530
1115937027
1143597454
1205263483
1184270595
1229010806
1233170069
1246591902
1157000174
1172885963
1256952458
1074174451
1142473457
1163200086
1185356309
1190352998
1184644194
1141653500
1118125947
1201732531
1162597377
1136917691
1138972444
1205252273
1209607748
1140584755
1163981715
1139339988
1116847519
1250576207
1095696011
1207631674
1159662908
1212343850
1206711871
1208608100
1115454526
1163160437
1159490047
1161367188
1161740914
1213747076
1177273429
1167478675
1157347106
1183684665
1224445015
1142541121
1155697023
1157797310
1160896778
1251009460
1243664247
1137322402
1159514947
1137064002
1183190266
1196206130
1183939606
1154954669
1184942814
1178607779
1137077867
1159836107
1140281339
1112951936
1230838882
1181173822
1208563881
1202901911
1208061805
1205537837
1190250245
1188351228
1189630021
1186775908
1189858379
1164186797
1317181223
1153910599
1046365179
1016598160
1159685959
1241082737
1201712852
1069501829
1157154958
1208695942
1135232506
1097160069
1159935489
1164707450
1224244386
1187070319
1159565376
1139834620
1158681408
1174610301
1177890236
1224595414
1222042484
1156195693
1243750625
1270653163
1180391005
1204393667
1113768208
1162823747
1174514033
1140673258
1181042313
1230573311
1179585946
1137115121
1183328042
1226467803
1140649699
1223376303
1158338963
1113125414
1158838498
1163346033
1110777765
1181628002
1179457445
1180724310
1120179418
1158228422
1162145391
1224369125
1185888945
1180984840
1121238019
1136577264
1159242348
1134910673
1182316300
1177783163
1158654939
1200500202
1204228488
1093562472
1170716562
1138525900
1157611428
1202314937
1165299681
1137442251
1199645929
1185609955
1221679979
1161961933
1156639043
1181442402
1160207199
1159686651
1134078793
1096140410
1178644644
1165746489
1156629010
1184246130
1132727127
1204267461
1137960626
1204434604
1186089431
1157012367
1161871008
1159961726
1248894338
1136261529
1182363727
1222774553
1201751185
1154702899
1185502547
1219284810
1203358999
1131574929
1117771905
1180961993
1227211804
1134684715
1180858308
1175823279
1137301979
1159096330
1180411683
1151344711
1160284364
1223743836
1146242195
1175018493
1207400311
1226505242
1224158069
1178365427
1159905352
1077470643
1204520776
1183230819
1286309857
1130822161
1225576454
1112664440
1155912357
1257043617
1176220424
1220430773
1155048482
1134073730
1206192017
1163425742
1183292864
1138409819
1161742443
1180608914
1201217642
1186406790
1209543208
1164814244
1139622851
1220255465
1177926543
1132177283
1136647779
1132250215
1132435041
1111319744
1179872147
1222500920
1134702902
1201712537
1153207834
1246344136
1134755742
1135886374
1151099091
1113585423
1135060219
1153897307
1207285119
1177846647
1178602372
1158640355
1130194017
1158368011
1135794188
1158961989
1160028228
1180537647
1203196254
1135482579
1167309269
1160780816
1171691762
1184734868
1209530554
1161514641
1226465409
1113138919
1115551890
1203709928
1188111351
1180801080
1119437215
1139143610
1112536500
1209805014
1136947892
1143111448
1163540533
1166021980
1136673596
1180868267
1221877845
1163497350
1155484277
1114693117
1174605573
1177934365
1195820527
1155975016
1149619216
1198702035
1135041738
1157423025
1183906242
1160219736
1181869492
1159206316
1282532121
1157798739
1225171265
1185620999
1135990494
1160135880
1163986661
1180826910
1164892969
1157836698
1164548696
1182480285
1139815999
1181940952
1168103666
1158125475
1185598967
1163442206
1183765532
1136832640
1162889691
1205411236
1145150366
1158988689
1228484886
1183218247
1140112709
1166474340
1163617454
1205662133
1135732800
1165114436
1198235895
1225782483
1153963962
1179114334
1139409752
1164936917
1118966927
1191958519
1227764142
1117395309
1140416450
1178106280
1118000842
1184515684
1096854703
1137057149
1140589175
1182667135
1163787019
1184588011
1146145963
1160392272
1253912093
1181675167
1190665243
1094118047
1187273614
1209121449
1141414537
1203260241
1140966767
1120643291
1119897133
1189664135
1140163932
1097692339
1193517749
1109727917
1244645415
1201622119
1153879440
1203358436
1153705750
1135523620
1115910014
1115402099
1196414920
1129726141
1222820685
1198431265
1151222761
1128517273
1132414591
1195530173
1088897800
1153545180
1138975506
1173010828
1159156988
1198833032
1145831794
1157159069
1183011716
1115014415
1090989579
1180217272
1110661043
1148631731
1161761715
1185000217
1224679533
1165762485
1198942990
1199398069
1170349821
1181859030
1130123113
1199013237
1147444205
1199696937
1200912668
1178338551
1176192266
1154452009
1151214331
1157631950
1111098588
1132624734
1160935446
1173507672
1117218650
1174535553
1139978680
1129012273
1108773799
1177265949
1105758144
1154614027
1151351842
1221253481
1172808260
1111662163
1172072751
1196437150
1191491223
1178058195
1198658450
1201529881
1151623199
1213476190
1173839204
1164354916
1078776330
981674282
966589276
976689087
924952481
971871491
958587889
928494546
927883568
970144415
979256892
946141204
963250946
927436921
946058493
926117329
941411167
985686249
963246687
952841388
960472383
1041932864
962741821
943462976
926483720
949679584
986084054
961887879
980719399
964200248
982369594
926069716
1017453318
1002420233
942816626
911603032
907782592
985294123
978059973
945595648
969323381
944775031
961093623
979750673
942341131
954171143
962102436
927795786
986372888
912619034
965523197
926582461
980838025
1019683656
949080309
943606616
1000181571
943320326
951656135
968550245
965979160
1049513862
1112992006
1130080063
1159639844
1217555627
1087545895
1227565957
1169029327
1137989896
1149733748
1132968147
1154524157
1178793525
1195216854
1178299248
1199853469
1158681419
1197843480
1158034809
1189500512
1159037440
1130760731
1157278047
1156659221
1155096937
1134080493
1105862391
1201620835
1240338914
1177428930
1247117172
1129394839
1162754636
1168334266
1182455147
1174379322
1135282532
1225474521
1138304140
1195808204
1204846688
1133702822
1202409602
1153923751
1136442108
1161984732
1175725817
971055692
900065657
989537234
969417983
958157997
932156293
952830064
990010960
954353220
975186260
971131105
948649467
982599268
1033234825
985191934
967147519
928934564
929433654
936422813
1025160809
969286802
931017299
933826851
949005156
930502832
966008198
965195369
996301424
947701143
970049178
1003816157
1029269574
1119395226
1151632254
1201371948
1165716820
1200082018
1092700799
1157485679
1114743640
1161670748
1133953667
1183685709
1137788755
1159321847
1182973755
1146995836
1188096959
1168997110
1138329980
1183630987
1169007722
1165548853
1182488299
1160313287
1145577634
1205743390
1167554320
1251592047
1228004843
1187832950
1161486059
1161163832
1273353280
1164874084
1247835235
1167357904
970694114
931370315
968504302
1002183885
972538301
950545351
980342894
1104399563
1224546875
1179112223
1193334173
1226676811
1199649154
1141796713
1160997019
1164649145
1205684478
1167231046
1186352118
1157095920
1140937319
1139902351
1143459320
1161695885
1189169870
1169960462
1141073640
1142703538
1146389791
1227987871
1250109408
1234957988
1207749413
1205522874
1124338068
1230097545
1207445664
1166012988
1164889654
1160943021
1188779527
1185867409
1168647797
1094669454
1192204336
1164829204
1226865243
1163112347
1166994548
1180905916
1226421341
1199133968
1210485645
1226747809
1166989293
1206801245
1187544803
1163839069
1145492153
1203712270
1143686702
1226886676
1208493517
1186238297
1207274022
1117576614
1144540670
1185538281
1231380876
1182457791
1199475027
1118860317
1145020097
1202987971
1254845052
1226826370
1252903952
1225476902
1166825509
1186913846
1206613749
1263783853
1183832624
1173363891
1185456790
1174212145
1211437872
1167714616
1132723122
1177784182
1176173126
1135403400
1174522410
1222951771
1158330606
1155123482
1130610517
1157557195
1174314952
1175217855
1176596791
1086374080
1174873775
1195886300
1224735866
1220992588
1197040283
1183741884
1154164766
1176628394
1180257762
1159485704
1182879156
1179640991
1155898985
1159275089
1163298862
1204212083
1184217332
1186833743
1252418295
1132000379
1153053080
1113654316
1201316707
1218743277
1235383996
1151157431
1159127926
1235857441
1157144243
1133057291
1136629164
1194943936
1179110515
1133863289
1181763122
1177794425
1201779793
1154569715
1157378963
1242407181
1131920465
1152892595
1178169132
1193126140
1244417960
1155631383
1178133594
1198482062
1181175909
1175889736
1086467348
1112169449
1177699011
1135247736
1149556193
1137836587
1130799960
1180770333
1153861100
1220647763
1091730016
1129681111
1211404879
1172390311
1199269247
1134182648
1199401156
1133218218
1110175131
1216195878
1157376779
1127075722
1146507117
1174844277
1200955036
1180178943
1200970633
1153149006
1112674408
1107844830
1175775931
1155975733
1151181988
1136101378
1154024082
1205656173
1157707224
1200672343
1130831111
1176011590
1152655660
1221180952
1107431557
1130410172
1175545828
1173948433
1205229674
1200283929
1109777637
1150108554
1114621176
1129758812
1157543479
1194814235
1198155878
1108328762
1206118129
1158876968
1158612966
1111639186
1084769126
1134422010
1181324263
1180032117
1198925572
1197661549
1175266495
1090936431
1196491065
1202524680
1154180770
1198762112
1154310110
1135613435
1131705677
1091980876
1224498803
1150610595
1156153595
1152307737
1140904629
1174557655
1200551585
1131571950
1201961656
1150602368
1310413747
1153059461
1220061587
1128902573
1155671661
964042342
972073317
943093664
947617491
980840599
967058341
971811519
926726241
1003555133
874172586
984240218
999641428
924312403
951953185
966399983
1155318300
1207573107
1163941857
1115948295
1160455497
1174888178
949041593
991016887
917943389
950358992
968398579
988597791
979731038
908944511
930103420
1016865646
1005324937
925393821
925211496
964529467
948490523
947913858
967312211
929126565
964822713
942738873
949811560
943934685
912552362
960826970
980305983
950115988
946509447
945752782
940963486
925681416
966335097
963132247
964287165
984925734
1003429343
981126307
944729769
1017412386
985370148
933962361
911411866
963703132
1052692324
1166362966
1282530955
1206204730
1125158392
1226286958
1184818306
1138275055
1155325145
1207662292
1230791972
1203308094
1163107935
1097691702
1115297301
1228524755
1137762382
1183857790
1182013835
1185166575
1248084209
1163725787
1136406746
1139937282
1181904517
1114630386
1134111152
1224038507
1113022121
1178881421
1132166086
1208392182
1175653350
1110429733
1160364962
1140120074
1162060918
1160567286
1212130163
1161262205
1204776341
1180329208
1142720354
1179589049
1206996208
1161044530
1140363557
1116094329
1119929193
1225843844
1170358747
1209928573
1141978102
1119043401
1204679857
1145067585
1161984267
1142399649
1140151072
1249665951
1225954269
1166279395
1138262430
1187257758
1247423074
1165035046
1250029567
1164749657
1183503876
1168051827
1182415993
1207339162
1152259070
1202438934
1217091250
1187277731
1182359011
1125802961
1187793664
1190543366
1138042343
1145730354
1204290747
1208026545
1118755389
1145205883
1250818725
1165435604
1162141551
1162939242
1136754057
1187683578
1180310839
1163179208
1136546320
1196423970
1136966499
1186241521
1186092171
1178469237
1185171969
1161453812
1185840347
1117333950
1165096510
1179505687
965466030
980416417
963980134
926326585
936950036
989193298
924280844
1036656678
929884621
925999201
949841916
960591499
966554663
949626300
971380834
989580438
967482414
967692497
913646106
951027165
936315712
927320893
968005626
968916194
990818498
914639670
953422676
1001709397
944258157
982236302
946898281
1000700802
926547184
1076460697
1150615994
1160993054
1149894494
1222859062
1175761016
1149547387
1184949071
1219576153
1213687254
1152775225
1130131204
1176092687
1086482300
1105051830
1154702673
1173139219
1200107637
1248242377
1133033877
1148875665
1158194621
1109494643
1242801120
1130195161
1163263534
1205379247
1208442385
1116895624
1181695916
1182269730
1158081021
1117724632
1129939565
1223605452
1246726748
1202068525
1135080618
1138849854
1135046384
1181879574
1132301510
1137903245
1202533370
1117277172
1177169589
1209085259
1200009632
1158585505
1150201363
1127467434
1199732425
1220774476
1176134703
1196979828
1172197901
1197604681
1107191510
1198459532
1205231731
1158172016
1160368198
1182577949
1227987207
1156399779
1114540340
1176179773
1186911415
1200841627
1160402442
1177890233
1158114060
1114621044
1137488678
1092088627
1157561113
1227074491
1203028985
1200570236
1110533095
1137879846
1159414343
1200376028
1139439622
1136874753
1224948194
1098406932
1136923464
1271605318
1156332274
1118326541
1200410196
1245583926
1112495656
1139685451
1134870975
928386511
983501230
909922602
910018179
967238416
967762699
967845161
974874011
968241807
985090277
953981785
913733277
934933189
986065715
1003731149
930726064
988928324
914241434
894875575
982984828
931472259
932655659
900508828
984692383
949502291
1022622654
991584819
929544481
950365133
931705727
950430200
991318907
934745612
986956680
987231434
973463389
987472662
969027214
987342167
951170664
954185295
1039266913
1019826967
966552637
979215498
996343506
913827686
966656255
948919149
943294087
947607751
999226460
930404407
890601438
925990897
945222682
911324444
920279271
969129298
933602488
994606269
1009488858
1020486911
986925137
947678555
1011621690
934789864
1024690528
970556759
1013492581
945770251
872117995
983419161
967360333
1006826748
912749658
942405695
946284255
1141929025
1230928400
1208197786
1118226454
1144167944
1139573647
1204372629
1178621945
1133555011
1142781313
1176378540
1115910447
1170941632
1180192239
1132530755
1111286784
1173866513
1203795194
1153328978
1186296441
1184544470
1254732429
1184162222
1258336082
1192085850
1199485512
1102119565
1172906549
1231878682
1175643547
1212763427
1190458074
1274873996
1194895064
1210979694
1151324046
1166851377
1189591078
1189752675
1246556759
1213897183
1169974013
1165698244
1191211757
1122533925
1198762335
1180976638
1184812789
1134460101
1201088790
1153710106
1135383532
1153447814
1175560218
1196177597
1250061231
1176060578
1163934960
1202962548
1145259854
1161378116
1189052058
1207711082
1155855924
1185727475
1185723234
1170527210
1166874451
1139370665
1118388337
1156992712
1160177420
1167953173
1119253800
1206470565
1115328902
1231139733
1222902515
1120961870
1203386555
1161460091
1228543997
1184686232
1183886418
1142397049
1167864283
1228422768
1163890502
1163688519
1118617264
1163036901
1178741486
1189364821
1179867476
1137320087
1173742943
1206347080
1181815841
1121337448
1161921663
1160814950
1120811469
1161225130
1165473856
1161060640
1186517467
1160508195
1296243948
1180570087
1188598912
1253772963
1146733497
1186152256
1142267321
1188884335
1184306314
1184881179
1140254393
1116132732
1167766765
1187046367
1140772028
1184636999
1187417922
1138629084
1185016003
1161187368
1186344728
1083086230
1159782995
1174547732
1181494208
1219585582
1157051261
1174614317
1223684495
1225471589
1115489596
1153840655
1202364561
1198767115
1205843524
1243592141
1129800873
1111069196
1152343134
1173660482
1153865694
1128967627
1199142158
1153669497
1181548108
1175329751
1136210541
1195841130
1160288576
1180543431
1202734687
1153884646
1109117291
1205304333
1159037639
1165911898
1184118477
1140097686
1175309388
1201913028
1150870018
1160847039
1152753394
1286844299
1147906533
1221090504
1195093598
1153844757
1132304469
1113706827
1192673026
1159070318
1134841417
1134864449
1174767138
1178395856
1175940150
1165075438
1154901963
1174351380
1180093801
1222650941
1106823019
1208648438
1197391040
1088305046
1175361811
1150002239
1177434210
1124847028
1133208975
1214401683
1157819767
1151058341
1177353952
1195263885
1180908606
1199748162
1155822876
1151395741
1150520658
1136957476
1131497046
1219806113
1133543831
1180038291
1154599160
1138841278
1153378675
1306232239
1151639137
1158671853
1218764462
1135528793
1130345510
1155974411
1154538452
1135541384
1152448197
1213373533
1066559173
1150500946
1176433798
1217243179
1179562733
1111048977
1177980025
1197369134
1115108955
1193468111
1158015407
1151030376
1196403621
1196710103
1139301204
1219894793
1113790348
1172079653
1107916817
1179209407
1221829356
1157404651
1243752923
1199340391
1180379544
1134631463
1155298498
1116273322
1218641816
1221040162
1130781009
1148487935
1151112733
1219575393
1172718547
1198540069
1216292902
1181731519
1104513550
1176634024
1107581212
1186227778
1266111668
1201811621
1129880496
1072361577
1196882385
1149860253
1136214558
1131730849
1200248533
1174852369
1133583906
1151538467
1153375004
1177401804
1177955009
1215888642
1136206392
1153724599
1110823735
1218875658
1145790965
1107036731
1175221103
1106579800
1148954105
1130342749
1127726969
1170521254
1222222361
1128607871
1159902144
1203271410
1181226259
1201605876
1135812534
1194935878
1153105116
1176365708
1138245071
1208095801
1136060663
1149653288
1123889043
1208015599
1128296461
1173373194
1144472172
1216766189
1177199371
1216440895
1150958166
1190753591
1148246264
1132368810
1084293870
1218183170
1188430540
1176282505
1110378760
1105103447
1085730109
1150180957
1132523891
1213516089
1175477448
1124737270
1151154760
1150641099
1166416566
1212934376
1154032087
1130963718
1158712465
1181733930
1157632430
1233694905
1220293224
1115043140
1156724965
1220726372
1222524660
1223139205
1201472349
1199315109
1132623559
1181514958
1265072336
1196378302
1201623672
1179853144
1158324706
1132262897
1092241905
1155618466
1175807315
1133117457
1191859492
1174992552
1126372859
1197008650
1213286309
1108021661
1147276322
1148969418
1088244750
1170485952
1164835126
1243972269
1178693922
1134961097
1180998871
1133623104
1151698912
1136844782
1180323292
1244023131
1158610077
1239843959
1157929702
1087515684
1115156804
1201572525
1224362699
1196206066
1203197009
1154729052
1138907529
1180898203
1154946034
1117338015
1178303345
1157571070
1134887183
1159529866
1112339911
1222999783
1155401846
1182109703
1131549568
1178328147
1219684839
1235280377
1136744702
1137991274
1114209902
1206686359
1175843177
1181931597
1175021902
1156844706
1208610367
1153909222
1178487606
1154639138
1222470776
1131427745
1202404791
1179895371
1178310771
1159070396
1223250266
1130315688
1181056928
1134721664
1177464640
1241418405
1202995379
1131934147
1205555091
1222467883
1156675412
1260472169
1205423230
1176061161
1180320466
1113836970
1167285238
1140193587
1228248322
1239602152
1175148830
1226384591
1200181547
1158487036
1199814882
1133624540
1166961521
1183774191
1176356753
1180168098
1183586854
1207940148
1141822553
1182612362
1116270287
1200908714
1251283137
1182965278
1187491301
1187297358
1183075442
1268494173
1153176016
1160734334
1154158636
1170610459
1161687748
1178288859
1135340332
1176182227
1156696895
1182906324
1136540282
1197396666
1135304849
1193858371
1205214339
1152962108
1154410196
1129463971
1163675481
1253200672
1202359652
1196115461
1179626532
1155952213
1158371462
1156504528
1201843799
1176461154
1209130027
1118103907
1210023783
1226118351
1191612143
1181215242
1140313521
1135463204
1159572643
1186439949
1138484899
1160715269
1204173709
1186017904
1158375049
1251849086
1160285002
1166783913
1094328789
1258703182
1159906208
1200656963
1156581006
1203727027
1152856990
1157084510
1155963102
1160824672
1088582881
961839466
966037279
960543476
959827546
945384011
933632630
952633257
986904501
968965823
934153432
932613234
973000485
950866906
967905543
907275329
1098676868
1183886787
1162848724
1137071966
1141686420
1141801604
1118762434
1184054180
1183828098
1164534654
1142257637
1142271813
1208507369
1163770173
1254285156
1164093131
1179743400
1246408907
1114477989
1164786998
1139491304
1165870499
1139237572
1116328859
1145912640
1165531325
1189445704
1135120244
1184130014
1184617543
1181971470
1172321812
1139579133
1161007737
1167818344
1170889104
1210599972
1228206862
1177488434
1180689335
1184880576
1205014822
1185526955
1224255942
1143852136
1201094178
1139850028
1139526313
1141295788
1180725617
1187731360
1138753227
1228572209
1158931827
1201191677
1143860558
1188167933
1120546316
1179468842
1208454787
1117537019
1165416727
1139248966
1186556474
1220457929
957502673
981894389
944469500
909606307
964339444
947458704
948644572
945492240
891445179
986757442
960756719
945848196
961532263
995443200
1001138347
966936526
988136653
1005816472
973273704
972693093
985961420
895977600
950375283
1180894164
1139768064
1227777360
1232760664
1178053230
1175512190
1114387858
1177134269
1113490398
1129028111
1178323915
1137982596
1178175457
1178027079
1239291269
1129401963
1114976976
1196631271
1137992190
1153015251
1182283433
1174627339
1128597422
1130378343
1176786473
1096354148
1246706361
1158739076
1112538789
1176469306
1178761369
1158327805
1198674004
1203303757
1157857891
1190582481
1186947848
1235234535
1140907190
1131744247
1139825160
1164421808
1200670293
1140042410
1182097911
1210195541
1156880078
1141000364
1206748306
1240552164
1138388224
1158603039
1185702597
1161525173
1140532347
1181949660
1138639458
1182540228
1185747421
1152604793
1138269262
1197513780
1114404200
1110651348
1160221030
1157086071
1245086125
1109803662
1175440339
1143919755
1184459000
1141572292
1165068169
1231256926
1115508958
1184414700
1118812873
1209371783
1138592052
1227565836
1180765573
1119048838
1137794477
1196600175
1166162712
1214356855
1159314386
1146842915
1227745559
1231996100
1206903978
1252351535
1184964087
1208847519
1138201986
1143353990
1184071542
1165554296
1181801151
1165050942
1141524959
1160273634
1211583814
1141845127
1164267464
1137451634
1136646854
1151902865
1185594185
1206828719
1163552358
1183450347
1186657714
1166804830
1163548768
1117904726
1142691175
1179387101
1143425867
1152793177
1212896581
1182563232
1095887775
1184626368
1138277367
1164329493
1094119026
1185170494
1159703038
1228084539
1203300066
1153672327
1183948465
1141539597
1158664181
1229360025
1183691413
1207695892
1162587572
1208315779
1015828821
1135383594
1096676212
1204772054
1189246396
1139659430
1143235023
1137168290
1166521480
1203730588
1227626184
1185564375
1173623542
1187903314
1188433964
1224130448
1140205525
1179268419
1228137405
1138446067
1141681185
1162498615
1226479037
1089416051
1237213252
1156367084
1158823934
1171184584
1135265355
1181777382
1202042623
1155624793
1201388460
1155296361
1138076641
1218044298
1159562733
1150543450
1158181845
1134783899
1157226471
1157687204
1151506970
1160916761
1198012945
1187119588
1109690688
1089288928
1156267492
1203886524
1154943865
1180072342
1157757110
1255831784
1161342337
1253565294
1122229172
1186409346
1141402735
1181015200
1206949299
1185480192
1160164413
1117242472
1160682440
1203998354
1163836583
1113154765
1185951566
1138298709
1143418919
1159646881
1164244766
1158984884
1141445284
1136294143
1247448988
1134487864
1133085886
1221889192
1067730581
1187150037
1118850741
1206089439
1133166362
1231087917
1160768236
1190041775
1057470914
1171368080
1123394181
1147660212
1150029106
1204424407
1194488697
1167883960
1172503266
1188839429
1238479761
1167439388
1168968851
1184518431
1173099672
1146491685
1214898032
1258242632
1171072524
1168128679
1216517713
1210996487
1148386799
1150873727
1147166919
1239305083
1193041152
1190752094
1196085058
1189796609
1221192807
1192728139
1177233303
1191291121
1179331973
1187365714
1142229118
1159929807
1172662588
1123228711
1195011015
1145707532
1220204615
1195359070
1190852933
1165512100
1171837669
1174194003
1169212629
1214280581
1143907690
1189901644
1133853257
1191485279
1127336600
1188669848
1128708404
1210729879
1281360137
1185490937
1222010873
1079368842
1191544607
1188993866
1169183677
1168885606
1259054067
1213176887
1149809446
1197101283
1191498397
1191139206
1085682098
1158120109
1108088728
1228110477
1134143780
1210268177
1107641549
1223108239
1219199671
1244088995
1201865414
1216816009
1205499319
1140489901
1160000896
1205760784
1158718496
1180995086
1174330204
1230249385
1185418330
958030349
925680469
894183937
946701378
945087750
988797094
946955601
996192180
966991062
966942257
947346232
929134617
931185646
1000431657
925775184
950844017
925970008
947497928
962618046
962379590
950753489
965002523
927397144
957946448
925646143
933673983
983116727
986442392
965424641
957325322
982399763
981769888
982233813
950103600
935825931
929876010
965318196
931266275
1009615196
952215360
952918973
914739395
971003526
1006258451
949936326
1004555951
989344448
990747872
934775186
967801792
966510920
947195865
955494280
1040093154
1004818729
893986385
953104638
933935016
971279180
987262698
1026295785
986274518
1007167829
947987768
948172571
952209655
968545481
934588621
944437113
946481628
1003690244
984893042
890740673
980217147
928283456
978336682
962763845
928165454
949142116
954065760
1022334701
1024723281
1004550778
937145710
968814255
935284536
998258814
990812950
953641951
950485016
986483536
969217702
972224993
932362939
914285024
916931823
932853069
990887967
982997458
986472594
926505844
985395200
972592972
966030109
933292392
951277493
1045176451
985541442
1005263837
1003037744
989452844
953786239
934495026
950201327
1026543855
896330688
932514539
932342187
932717441
967467804
987396326
932721442
986138101
1036889538
986421352
1017444779
980769303
967119466
900822889
913213272
914485062
968634589
985702372
938243762
947795669
967938765
932358159
973845263
970053638
968612792
955000969
932407883
1008441641
968955308
1008010418
952964768
969988738
993065381
969045237
949207589
984784615
953881368
913512985
950059491
987743356
949873110
884168848
948588676
1055780666
949672307
968275166
974623761
1021288853
969122090
951119778
984174248
1205761676
1179835922
1111537751
1066737306
1175995691
1163756884
1199212076
1203300665
1177977220
1198185609
1179558000
1128975820
1155961427
1213346648
1138809371
1142882118
1193079259
1172792455
1157831737
1209816114
1184309984
1099780936
1183276138
1163294588
1131088484
1111437125
1199230195
1113402748
1113089914
1154528215
1185104342
1153733057
1141244079
1153868043
1116836655
1217675918
1132692663
1091694454
1172847197
1223938344
1220503744
1111522000
1173337854
1157613577
1250291627
1089645245
1199532484
1187994380
1137782957
1116290963
1201252114
1163180745
1112991096
1135714835
1116870862
1161081909
1166572030
1138123401
1144049289
1117499363
1095161087
1138238311
1182427883
1118735676
1117691710
1207820195
1206159360
1141902572
1203050722
1188396660
1249706459
1182319054
1161769351
1142542994
1136036712
1163472779
1132089144
1181805803
1135073570
1243872398
1177190755
1203658059
1133372371
1156389741
1150640745
1111248152
1113097860
1155179351
1205498692
1138965673
1163597006
1182297340
1077990733
1182695528
1138554622
1159935416
1186796655
1200672035
1119681418
1138851498
1163278961
1184900774
1182803635
1207056982
1118158901
1187526270
1185870875
1140766634
1137544608
1184641035
1150895379
1183329807
1208207272
1209661470
1160539529
1169826999
1117078177
1210297021
1163768649
1150249192
1169229597
1209337667
1141217098
1185869034
1120178299
1225013052
1197406098
1157651708
1225753991
1146511515
1115615177
1183739747
1252135897
1210112911
1161770132
1160943130
1208452193
1206010347
1230595266
1230704269
1114258217
1185398864
1205031723
1209265055
1183391124
1165875561
1162961612
1142133492
1157975862
1161162056
1154333896
1139633756
1120641164
1203039363
1100365704
1182943795
1117015240
1115168430
1144433967
1213571265
1171366579
1143443872
1153588236
1177188148
1162675583
1109977315
1201229332
1156088026
1215511719
1155800267
1134357322
1109494207
1134491983
1178579057
1176027445
1177845155
1106389025
1153809704
1153283428
1112232982
1151434608
1223648264
1065981876
1202585002
1155493952
1154983252
1140284249
1177106243
1162879904
1132405208
1160065149
1157032130
1182961336
1160715081
1206897113
1200334369
1170585837
1224029487
1138401126
1108125237
1198439740
1151774708
1134593173
1239418719
1130857463
1185029794
1173798228
1195818867
1180645696
1162541557
1128924405
1158515179
1199595900
1177441194
1200354048
1189530273
1183066229
1228872608
1176102508
1136525701
1171337130
1201291469
1149209210
1176633342
1129616506
1199106219
1153227729
1135155520
1089607181
1129465471
1173218644
1223088450
1157595574
1243479647
1193625611
1177594047
1151688828
1203037805
1130222374
1068544769
1153471112
1218434024
1220154905
1170574434
1180981854
1154990813
1136485279
1085771752
1151645423
1174554128
1177132604
1172924768
1135014106
1109952290
1131754575
1137050509
1154070317
1157105614
1174125452
1160834853
1216500064
1221057547
1175925749
1200333967
1135585975
1160113781
1149582574
1201304731
1173021496
1204360904
1221171057
1175108182
1139374916
1176611244
1133202474
1226212539
1151960082
1178087160
1216083429
1156432445
1179264609
1245119668
1149992719
1088101612
1222716906
1176198072
1181708858
1154032575
1154975178
1151771184
1150988064
1132351499
1133358430
1174022989
1153920469
1216639093
1178576784
1172969878
1156472861
1173578310
1190569111
1173202408
1132901740
1133909614
1174403879
1198675840
1111346853
1133263310
1175843542
1240086685
1151330936
1105602398
1195996608
1091737930
1170765793
1178934584
1150666943
1172465463
1155368314
1129845796
1019101378
1199604757
1195708451
1158367522
1165161164
1120301377
1166275820
1183753423
1141001221
1152890532
1139403681
1168999924
1206611577
1143701051
1163019519
1166258797
1137999626
1164867845
1117819637
1163699412
1164492574
1163094836
1120974179
1074574820
1171998134
1187516359
1151533901
1180419886
1101825108
1162962316
1125197499
1209556001
1231661339
1185970773
1175329442
1124191433
1243751993
1215419578
1289532933
1207619274
1189724596
1158338097
1147839466
1247042992
1236862682
1181430038
1142570788
1185489017
1190939804
1078764760
1192252913
1096198497
1189287396
1183798676
1122513736
1139327417
1159523550
1196513181
1121263628
1102668247
1228935730
1187576437
1187655182
1163083941
1138832028
1165388787
1184700655
1208925054
1115714336
1212910165
1176300465
1216051819
1094377857
1210365379
1139816165
1231676481
1182117380
1141580171
1187180461
1164610999
1205969517
1093370130
1185527856
1136823055
1115022950
1116955320
1211873741
1161721163
1169800594
1179477064
1174636501
1162908271
1277103271
1099429848
1166578967
1160143106
1143866743
1230959506
1142673940
1204549959
1143711417
1255324260
1177755274
1223567581
1163355152
1153889094
1146112393
1138760928
1188222126
1228078465
1142757975
1117066274
1180423919
1185125242
1226955762
1152746722
1164851160
1158729391
1159239932
1143388848
1161059423
1167523762
1138755934
1123068167
1223591624
1188488193
1185170400
1192181070
1141473580
1020083037
892801302
942542452
997369534
946562294
924500515
982529689
1071254402
1199093479
1183321687
1156026962
1181853180
1180553207
1159416567
1200451379
1180224868
1137488713
1185335515
1179431374
1160578174
1156594079
1179142770
1223555927
1136097051
1157190797
1205106994
1177095412
1005750915
912733893
894151329
981595737
1016251456
942452856
912272249
993388815
960735612
945158155
964952169
938254468
987656740
928777525
890837512
965416774
1186614148
1152911895
1219829677
1152655659
1164661928
1183697500
1168154401
1270065719
1076405145
1140805101
1163462054
1183915013
1166916863
1162466581
1229665202
1244951591
1113457094
1152591171
1181420738
1196052693
1264161918
1157476029
1204948349
1197336860
1166003642
1154927414
1180641265
1175038277
1094614881
1239219641
1180979130
1176376128
1164577750
1128665299
1221676625
1223128738
1137726688
1143900148
1157457167
1216746637
1204903594
1220598343
1203835135
1154529437
1157154062
1159911731
1191278289
1142061176
1212667395
1182863068
1207872905
1228698687
1182825509
1201620942
1166285786
1160953897
1140333610
1141680954
1161241624
1204229164
1178763696
1178280879
1172224200
1211122859
1253140045
1202697321
1231370858
1157891681
1187397647
1176931260
1134580992
1177732472
1201712015
1156595369
1222789972
1152491021
1108930041
1183015493
1175446634
1163704549
1183412487
1118978067
1159567215
1186141285
1164840204
1247185700
1161510945
1183891726
1137657968
1187159365
1247724289
1143638106
1180461310
1140849945
1234135439
1167372206
1181906809
1186472592
1115988342
1141758585
1138910063
1157898795
1190519227
1161591080
1210512017
1161673899
1183980889
1120854111
1187582810
1205168149
1187239684
1181429722
1161734006
1120803004
1231052663
1134558340
1137403600
1170456822
1164812264
1180036810
1141137464
1202853842
1225160901
1182384437
1186439188
1181019947
1145034457
1247300293
1167011902
1162809123
1160216896
1250259153
1187408423
1162448714
1167583001
1161587196
1208943640
1226299178
1164472909
1161340710
1142423970
1137454329
1193150913
1247261494
1167113014
1185387620
1182590955
1185263645
1143284148
1174144851
1157585585
1137045164
1130560223
1205048190
1155313956
1180470348
1217228029
1179514832
1196296896
1132020052
1200354363
1186974992
1120157838
1229759495
1204742955
1141018766
1184530616
1207167504
1118303196
1213419171
1160426271
1210091996
1197688238
1126002723
1182394341
1176786784
1176416516
1226389278
1052518092
927866908
961896157
950503296
985792224
1015685454
945038154
978711070
951579210
944446667
852825041
909017970
980820406
969026070
980677332
942718673
961708846
895139871
986474907
928140800
924935141
965979200
980984585
951664005
948645430
911938236
928967994
950643594
895056458
1207652524
1160866161
1122535407
1158263337
1210375374
1139595539
1183956142
1118724384
1181853470
1184890442
1163790744
1181219671
1186801932
1184093859
1186015444
1135705152
1166208283
1247354387
1143166438
1203240772
1209978600
1136629282
1185810972
1201424750
1142470038
1178130093
1224864397
1178757371
1178399914
1176809312
1154560795
1095498847
1257996838
1198672920
1116261774
1229834290
1187821405
1160437540
1212449449
1162573023
1151679533
1165983631
1205184671
1188294549
1160998473
1211176530
1206179215
1157655133
1183182779
1145787610
1139787515
1120198368
1247852272
1164647494
1157410952
1187004289
1180236276
1118897205
1118778041
1185256359
1116365691
1164526999
1166043307
1136035341
1166013340
1160192933
1163693946
1205418039
1139010781
1185355164
1185037036
1219979077
1155370709
1134551880
1143698080
1159999781
1164533016
1161883081
1188817572
1227494197
1163723297
1105085213
1185743873
1135596822
1207909799
1228449382
1139079129
1143990007
1139816405
1142533979
1208782613
1208159182
1245791865
1143092364
1116001719
1256640734
1252215010
1167836101
1160765989
1121346727
1251392028
1253888020
1181556638
1120825602
1159867200
1117062168
1171877756
1158492924
1219710214
1199605691
1313236758
1207031615
1199290404
1252913186
1130175601
1159586108
1083447890
1249572147
1115870406
1189166650
1140081355
1179330963
1203955359
1144476292
1154345041
1208866737
1249631934
1163387415
1164432629
1179797690
1195958293
1138779281
1175118546
1130371726
1089456227
1177793538
1207662344
1186299376
1202727624
1157509403
1199604897
1159310324
1182263833
1109982200
1136993107
1175765329
1203745040
1171050848
1135882820
1175355932
1280582859
1234970504
1136738970
1179205347
1203516951
1153835505
1096973525
1112880524
1130782925
1164594137
1159964453
1178858384
1119388957
1166986089
1186012744
1165656396
1248909009
1205565026
1139564656
1161826750
1210545216
1240754122
1116836730
1187115791
1182588071
1188660337
1160623480
1143802992
1094881628
1186256804
1181566365
1160916301
1156224540
1133676155
1136683108
1177096262
1140288141
1197260624
1094421050
1193441830
1113961132
1225712997
1162276733
1140663082
1141485124
1181540981
1189068869
1161643729
1144112012
1162085911
1136342823
1161245144
1164899945
1148800806
1161192712
1141763218
1203141145
1298601106
1138861894
1209820108
1205324389
1119570066
1227366931
1117047599
1168727997
1182415697
1117221791
1208993495
1138782822
1144931153
1165910058
1272183345
1138422017
1187229162
1116718931
1204963353
1188034875
1113738792
1150458772
1181648228
1181320276
1177086757
1201958363
1184927739
1124710084
1138753765
1187748855
1203682593
1214159921
1137195247
1208192555
1202792803
1204391489
1290907975
1118065164
1135291837
1231509238
1161421568
1231856574
1183120276
1165414921
1225251476
1140231981
1251203801
1164413012
1183775012
1144643868
1258040334
1185827711
1203759843
1207430153
1181894814
1141797636
1161726052
1002040630
1181491631
1218940603
1141628678
1131598302
1226529241
1219565290
1139064621
1176579370
1159172137
1176729326
1182184023
1171710799
1152592007
1136980566
1087742242
1159176077
1130075143
1199622089
1198011114
1179050056
1198796503
1221941612
1133856954
1160162840
1181029650
1250961339
1199173307
1168123662
1224258937
1121837260
1111278525
1184656501
1230945200
1184787593
1136658935
1184767229
1137811383
1133536031
1158657072
1111291135
933168803
930148649
948463400
978699608
998997932
973121387
980914345
945897941
1020107483
951869847
909975115
1120233325
1182386802
1164608027
1098250692
982809313
929297518
1002847682
986019487
989808374
970029000
965522761
964774284
951526911
1000001431
873424367
965165274
965826133
1025379603
981839069
947828164
930004758
989297267
963154964
982917124
949712803
976499144
983370115
962693868
910105268
910701496
1007882584
986917948
928066078
962954824
1025401261
948296566
945769094
929218316
984266683
891096881
970278389
968576790
929404501
1004275088
967483478
1000332030
911714207
1018002711
967771334
986128377
1133436378
1180097827
1152017570
1158412290
1244219797
1138307156
1195463478
1140624171
1267621339
1159210202
1132576471
1183236491
1136265451
1131213691
1177948902
1179596573
1154310788
1161948220
1133136546
1133903833
1115440178
1196335280
1200710108
1221320030
1222447190
1153539368
1227154461
1152845781
1181403376
1200143932
1220686413
1179642774
1204375786
1131086196
1183099396
1066433370
1160644034
1176172112
1199637557
1166713910
1197148374
1133647383
1089882108
1135559409
1221132695
1069440307
1173164683
1158828726
1125698165
1107605908
1185015468
1131654593
1157063952
1132935679
1135739178
1154219534
1201995020
1193827529
1180110596
1110246545
1178554069
1171960430
1177904597
1153284457
1151850269
1180056841
1132592278
1172224685
1199372878
1160535941
1090714824
1171524711
1180793854
1242317345
1114529899
1221428839
1240465170
1130963613
1117028678
1197662903
1154182948
1172141795
1154972763
1129098483
1202013558
1151441198
1157157625
1172043066
1197935460
1156033619
1246485988
1201029005
1114417041
1221866963
1182836288
1157763145
1133797719
1135643110
1207446655
1180316518
1185393386
1224477392
1114117528
1172294665
1129279903
1198303425
1128529367
1200167845
1172891879
1108802589
1128726193
1198032533
1128887756
1158833803
1196922911
1198028143
1222522654
1159030195
1239411861
1161619604
1131899519
1204382189
1135947319
1178791794
1152902478
1128705630
1176804689
1136598075
1180107731
1216411666
1156346479
1112313919
1157856641
1227342708
1156869969
1109284804
1199528655
1175604522
1221433505
1194231997
1193871682
1173709869
1221430397
1171654935
1180694914
1130020510
1244242976
1151200556
1130961783
1163243138
1210820063
1133626976
1153190162
1259308606
1114715713
1127742313
1150652577
1180791802
1172879123
1210553707
1203001505
1131355392
1173041001
1221651145
1152852485
1176488356
1130456625
1132372968
1159680946
1094648209
1130474954
1241124950
1174690945
1198771357
1180435019
1204889404
1169474934
1225285824
1151719926
1158194403
1180842091
1159999308
1172548136
1107115262
1135069457
1220962847
1133919141
1192093051
1181069929
1130131241
1181036616
1134421310
1243597900
1173063523
1156839743
1131743067
1114609401
1173103137
1161520175
1172981845
1171822189
1179929173
1127896526
1204161745
1129556723
1173794865
1129090477
1158640731
1241545436
1131591769
1107910177
1225537409
1129758110
1177062020
1170824883
1177398366
1152783738
1199749567
1217046797
1155201146
1086197432
1195042386
1200459760
1151657132
1244162081
1194200798
1202095390
1183024066
1202341346
1156507320
1111389932
1204113486
1153408011
1115454420
1177363470
1158349771
1173185750
1157274642
1153034143
1156734159
1132045863
1107010915
1134269687
1175014037
1158738486
1220280589
1178464937
1112040412
1140790064
1180365894
1170183065
1200319102
1115908604
1158451505
1210527448
1110826930
1186950499
1141732520
1118151331
1183888672
1181550147
1207301350
1135003714
1221432998
1096020795
929888358
979548275
979887020
941686000
942601276
1002155870
906951009
985628562
946682678
964415803
930347538
941396523
944039083
984473229
942078944
914702792
943006604
948637592
1016905617
951153284
973674731
980790124
943312742
943505328
912011417
958696480
944520384
978806189
925845946
985051800
947562674
907654143
926293769
960106162
980755150
942823096
963754341
961055148
1049380816
924956614
999432406
961660347
912725712
1023748980
997482646
959821914
896789530
924867661
965437511
945134384
963901030
958077963
1001603373
943687620
960699615
998220427
959637528
979813927
948565663
982589006
1000550051
949232685
1039457077
1174513025
1134687030
1221246285
1201267188
1275723102
1178691124
1115810838
1144522422
1156579858
1157325673
1156030250
1185133722
1088189584
1176580466
1201271622
1155911266
1137363303
1135447063
1159343742
1200930907
1068291800
1218882836
1205829160
1152763816
1010755166
949033552
945285741
927452281
947576033
954585555
925000698
887743207
925931677
933175714
894231476
952147279
964784062
952410557
926309994
980269451
965616540
964449204
978929303
944179947
964321943
947185489
943486990
925854078
944238160
912099557
932695956
974037129
943118319
982531620
925325926
987484185
944200105
945459062
890796815
964187115
965178984
973202693
943752190
941403327
982859634
989044227
945773871
926142041
1016326384
1155482861
1154202674
1139049957
1135296601
1179518271
1157216088
1102776722
1148643088
1230320565
1176305963
1175899688
1206693566
1198264778
1181708594
1177658329
1138143509
1155812371
1143342390
1175918908
1183648870
1176066325
1222897622
1112964704
1111299476
1198872339
1222459681
1129867349
1174768208
1117708214
1218797162
1158010925
1158617472
1159886137
1176073158
1201981986
1223518335
1163768415
1203626191
1180538544
1138593753
1166749767
1162299713
1276283272
1182328373
1009738114
1001235362
963546926
980385500
1085705519
1187110351
1181643753
1183463050
1203032966
1211860210
1120276653
1206173956
1163978135
1177976802
928956956
989050574
917226799
943683475
943971629
943294478
968205775
928461823
963895233
944376509
912899981
969025677
942944141
950993047
942398210
941213547
945962136
925022474
943490383
958972456
943676893
949023508
941067273
960079412
924362252
945096846
999105780
925360161
977805400
942771427
965555776
929612540
1001914005
968007597
1197187379
1237600434
1220087879
1180769548
1132801417
1067467016
1134187207
1223352660
1198710729
1135806314
1128788329
1224285858
1152392954
1182039362
1154399857
1210615662
1153313925
1157286552
1153028253
1115833640
1197260702
1260167359
1177876544
1007865213
890965047
943041801
944731278
1039214367
947895721
1032800903
997173544
961801173
966188762
927635083
907263421
986810854
948256397
965204510
962103413
949033937
909745785
907521744
1140804277
1134998224
1224229994
1110197997
1176746550
1170977225
1131176454
1221282676
1203817390
1111924940
1112166612
1177770891
1172758287
1227396362
1154801679
1203155851
1156026144
1175226528
1196489813
1221456070
1220556648
1179242713
1194820891
1176165369
1131494241
1182019826
1219467005
1242736970
1176455556
1095816597
1215830995
1219117964
1176591524
1134019156
1223302755
1180726283
1135887053
1175512622
1153357372
1160132172
1131501464
1221646728
1183507780
984858858
950247535
1154999972
1130092046
1182306328
1158076363
1105880939
1089693394
1219494575
1138330424
1175078339
1157104492
1196300833
1166312334
1015481726
1100027002
1067928500
1149087008
1241431924
1176928248
1154170844
1156382863
1111550819
1174639769
1130821532
1139391648
1175213414
1176388097
1188464868
1139132619
1155880334
1139882877
1152958238
1198113778
1092739615
1162735166
1159573740
1114481557
1295736791
1202334015
1236168309
1222669795
1171612929
1181963659
1124978844
1109756704
1152921186
1127185645
1202554079
1110050223
1154832660
1131113115
1178332879
1132638760
1114380547
1153061458
1153335588
1182807352
1200415304
1259674548
1202366804
1109218845
1151087807
1110527141
1199488883
1177088038
1173874179
1116979795
1220937369
1133019736
1172188255
1199640858
1173658411
1201706039
1173991512
1237805356
1140051228
1119070973
1150777190
1116339831
1155702474
1239335976
1179181814
1153441215
1174589198
1165762077
1193396679
1181459557
1151992954
1087455203
1177223539
1179760017
1223002507
1032237526
913044838
1039225764
1114269529
1000294554
976698286
946300539
933330233
949257763
945902659
950107566
1185161283
1181949561
1159700153
1102598434
950397642
1023181489
981996977
951804724
975878856
947720013
928556848
912557665
948208732
968603497
967926565
911953395
966754314
963160963
971146667
985492244
929558422
1020111829
1027206014
971658038
962886650
945547478
966859201
1112906093
1158552635
1142138924
1028309959
963584188
909891051
967023703
984554932
928461989
946449689
947878951
933678534
892774635
999558348
928537972
1028439480
1017965616
932004693
944474561
982249653
950640918
1002304171
946443802
1010535642
951177124
990282699
965959521
1000768178
950049302
1000075952
969393325
965177875
963502287
985595294
964515973
944739385
928441111
1021959745
948499328
999550374
947049026
946719923
944967002
1126910070
1171494592
1185390570
1205395562
1232398880
1138470556
1166480324
1254559104
1160156776
1159968769
1209653242
1165204483
1189061496
1181244613
1164100031
1160413152
1141917845
1222759521
1206152270
1200821183
1185828940
1233492202
1178730995
1119161982
1197091518
1161845140
1143225494
1207552268
1151059986
1121917584
1235062292
1205946382
1147938662
1145637581
1214398587
1148101761
1147454988
1134550944
1155385869
1199152046
1222365770
1129895476
1133473308
1176332452
1129555664
1179981768
1152324524
1134848566
1179017715
1206829720
1196526761
1201492442
1150538102
1096109355
1151840347
1161083794
1142813233
1116719001
1179282417
1109578138
1177871971
1132884460
1198149617
1151787284
1234129581
1172452489
1178404694
1197783927
1152265294
1130032780
1196777692
1220347050
1137053810
1175034114
1156047305
1150724901
1170761143
1108311535
1127682004
1155966975
1129589296
1245197306
1195713543
1177036209
1152138706
1180058002
1161322257
1282923658
1177162597
1174502800
1172756654
1179917110
1153068249
1223802231
1156625479
1202998633
1134046492
1157160282
1110999005
1182390999
1171918687
1156350658
1152545063
1179222257
1111282678
1157306489
1110332094
1199108446
1196663213
1266094346
1129834862
1171888144
1228079406
1108825784
1170991426
1153448160
1199304339
1172771111
1156217602
1174964738
1203973160
1132003512
1221210543
1135503322
1222198606
1231473225
1161048257
1177583628
1179867625
1128554225
1115599552
1129834699
1133578246
1154662074
1147814311
1183616825
1150943852
1175072535
1178360901
1195888796
1172756545
1153777721
1114466033
1179331991
1154404461
1202634086
1177445509
1202399405
1152389703
1208145138
1114101459
1218809096
1242908028
1132821706
1153644738
1244066410
1218451533
1137594723
1129637790
1139993874
1175667129
1147601657
1135968751
1140612133
1160180673
1186664368
1198831917
1229356175
1094260997
1140629562
1113084425
1156459059
1186095740
1168153709
1161881152
1155073803
1118867873
1112881657
1141732934
1134946827
1182471339
1137949669
1116562050
1183759375
1159911220
1163362499
1140647061
1163527444
1114643854
1097308139
1187576571
1191732570
1144349663
1211930779
1143640373
1187945535
1209682889
1133608058
1138916801
1155292009
1218531147
1131576908
1218241635
1132328121
1131976778
1129627435
1135963875
1133727039
1175579513
1154265792
1113963675
1155798498
1151961189
1227202095
1132321450
1118931563
1136532962
1181253783
1150915200
1133604331
1193836312
1223299979
1197781324
1221858544
1217189569
1197300546
1174479836
1174143333
1150363692
1134375100
1156501935
1158004864
1106954091
1198914301
1157579252
1137758672
1156334715
1152449761
1156073658
1195610386
1181079625
1214934505
1264908060
1160686335
1154095383
1109577262
1181940054
1088043992
1156352086
1110303408
1153465971
1091086332
1152042583
1158001214
1151819908
1181208663
1223102226
1138639893
1153566011
1158975160
1176709377
1179504257
1174925758
1158935375
1107443645
1151815916
1131649114
1152077528
1180929545
1216501922
1201356306
1176635083
1177961160
1133157363
1157643567
1151262107
1179319144
1194956106
1136680910
1134814624
1154011081
1171711404
1136322814
1112774051
1131860701
1182370022
1245418885
1205095955
1173057956
1225164833
1151978815
1136705885
1133763437
1178283997
1194713173
1226853658
1150724898
1221592885
1132969641
1112299045
1176699852
1135114056
1178373321
1222130279
1175136080
1135823321
1155880314
1086907387
1182034071
1132141037
1157844895
1155850805
1109011677
1179301506
1205387745
1217703128
1225156621
1241407161
1124447542
1161081185
1197676251
1197540089
1181717348
1252097389
1129650412
1206806078
1130169793
1067979736
1196972413
1086888584
1161421323
1163442647
1204833108
1161246335
1208255487
1202466794
1249507418
1136651133
1165343282
1185131463
1273221525
1132635982
1179236657
1175427972
1203493534
1174411605
1200424316
1135518841
1117413742
1174828286
1132455585
1137099840
1151243253
1181630799
1179347041
1201470515
1241225514
1162168832
1197903220
1131480849
1151784869
1117344364
1135812791
1226621584
1221597848
1233737032
1154643856
1202346365
1224540638
1194847943
1090441441
1144807121
1141062850
1125131748
1160383024
1165882949
1181376942
1163988909
1159556127
1156533339
1207286135
1137164239
1225939460
1115254343
1143047565
1160158678
1167571019
1205184164
1231727398
1227443613
1274356776
1164395797
1159502211
1134810955
1161031975
1136915841
1180842920
1154462551
1227831529
1176304756
1136025464
1180002628
1198834184
1155412034
1178544352
1136821424
1165099325
1159252523
1143754271
1182062177
1184466720
1136174532
1162905057
1166326603
1163452170
1142441087
1173295050
1161145117
1203103794
1175192388
1273614073
1164288783
1138831162
1145145867
1248743179
1095823886
1231177741
1164001271
1112357271
1274684198
1160095710
1145990840
1184901773
1208659744
1185382684
1207673501
1184023449
1188367183
1143236354
1099008572
1207677966
1226950594
1188337242
1178365831
1201125916
1187852371
1204352413
1164831358
1138002539
1119684586
1118066130
1206314418
1204336975
1208405551
1157021625
1117348228
1229042801
1113435771
1145968532
1168582062
1211574097
1114613389
1187318883
1116662325
1166556837
1224478809
1187790416
1163980560
1209924842
1203406740
1162925081
1161214803
1232144013
1214633913
1120456062
1183379048
1116270157
983484335
898010457
906290434
945408571
946708337
962532448
962680421
986749261
961819750
1024934975
1033539984
948165134
979455169
927365963
947580504
978664143
1003046154
1000936074
965344290
942827781
911946079
993510543
930498572
941825622
961520262
912880173
962751075
948047079
1037777485
1156314968
1175989768
1139378744
1174237029
1156350569
1202514621
1184591012
1134423654
1163802343
1203047664
1164752813
1138661749
1162903060
1160663135
1157928170
1132541442
1109190790
1227581123
1108658759
1174658438
1196566114
1161975562
1150841515
1134716844
1152195068
1155968295
1170036342
1178511997
1190396609
1131294821
1159174980
1197025893
1160789625
