571840681
570876696
567358288
572096885
562387143
568512381
562547381
562524856
567087239
565528681
585156057
583313683
565775570
564146965
563475582
565315166
560173409
565513926
564257888
560373535
564503681
578571915
565086003
573614208
559705489
588328391
577809644
587904083
579595769
565227409
587719495
598551520
593040815
594827623
586208682
564538622
563233874
571927745
588458833
598344120
596334881
583195131
593041442
582128914
597463966
589852235
561424740
571009176
572670873
565735797
564528704
568291732
564519853
570687252
564432201
563951714
577224892
572281384
574631305
577592491
594698666
593629774
590048195
571516912
576408682
593612652
589335791
590938844
574630442
580918794
587709298
600457422
595657693
600580856
569351953
584318602
566711335
559564594
565453570
569439461
562490458
581930775
594105835
583812171
587949168
575051154
565073560
564867775
571409697
576784873
563854170
573421829
563678739
566661483
570641122
556078591
576836643
571471699
569313755
575459648
566710230
573558330
571602559
567480126
561950301
576000289
583366787
600802284
581245195
566322898
566125983
571210161
559236064
564940146
571835210
565069400
569558109
572797934
562120555
566361794
568760764
558822042
577190419
591723636
585644163
573989082
571499403
569659843
564740338
558557314
558126868
569536525
561074742
572065757
581870610
599193629
583037774
568753249
570776580
596767229
594662938
607682123
595880599
604056750
593141800
592399872
587007879
584200305
566694071
565479197
567418172
575912109
565847029
566499139
569319017
561654609
563549774
568180272
566095160
563134580
563034979
571202247
574580535
562918384
574980542
577838768
565329852
568956885
576734584
570257821
563284709
569534454
561782695
581145971
595332167
587750440
573567020
567155128
563559971
565370284
564451292
571930754
563121050
568409939
569675822
564704273
562834513
569057355
561444733
573153269
593690965
597202985
596433596
567987060
570758477
565692581
562878803
560476711
577519430
582304739
570275563
573584902
571664688
566415281
567751587
557440727
563901879
564525594
572908343
563523744
567628155
561692221
568905113
564986416
564527408
564375390
575354753
560236016
564400477
559203281
562409038
563848229
571868478
566992748
569633451
567677547
568337778
570402700
567757788
585937985
592650730
579102973
586488117
566962884
562553189
563563763
561280867
568479101
582550626
573423692
561633766
550779251
566826425
569281178
573088690
564227941
562354419
568168030
580005827
558472959
572096398
565943136
563709017
563653553
561338581
574296529
559139829
566923400
567546940
560662316
573162087
564602004
566142823
556697477
566450645
557083622
562802250
557608188
567364900
571002720
565094238
562600478
561036280
558179468
566413910
568400459
562992955
564077891
570926121
566642451
563196872
568892904
564104426
560071501
567868669
564474207
565209662
571700073
571096839
568579901
567441631
573658063
604427628
588778338
599679076
583277554
570074914
578650520
569469949
549204896
576252980
566280752
559132277
563109406
573273744
571170391
568274132
569052720
566219572
562471079
573453273
575830189
569616596
574202522
558994041
559491109
553838313
566536750
568381180
564956835
572409444
570199848
560469951
572280820
561147976
563871790
560705807
561228800
554311921
564109122
569154485
564955400
545444448
568836619
572726652
560735752
566959592
561542395
566450494
567983705
591058933
565445484
556737533
564699189
565453938
569377953
573865111
568468239
562668645
560063124
570301328
558040879
571741975
569201357
560652708
565167111
570211048
567805035
571438624
571912931
573166481
599680686
579886748
584973469
559468459
572945626
565952602
566449436
563116815
573323854
566028391
584140767
592208417
584151336
590689657
568303454
572797399
567091214
562570638
566980229
571823985
569559301
575875770
567548733
583079520
588100731
586101887
560707031
566218945
562599497
587874455
591502343
571435354
563502906
569779108
566255141
565938889
560385393
564479629
566715238
562477440
558953581
563773317
681916464
820845129
560809302
572907110
558881850
589667733
574128752
565706788
559768878
564624178
581405443
561071624
559781189
589884354
584929469
600724359
589966080
584625517
568366348
566701263
564527388
563751837
559514891
559963561
574250083
567624221
569313640
559810109
564452795
556714518
572352974
565038123
562797476
568871393
566027791
573462558
558378517
565902517
570840993
564195471
563304586
567503999
567414444
560833149
567049263
574213477
564141652
559892383
559954877
581635472
570418357
575483460
569530316
573137466
565730194
573149015
568217354
569933342
566868897
568088266
567007474
570434921
559075491
570964227
559932516
573233992
568510891
577387164
566242467
564267568
570400616
583101750
580825762
602653684
573267937
567565383
590427343
594643445
599538708
582419548
571744819
561198859
562408221
561918595
554925758
570189480
567846560
566225501
561709475
560407654
571209370
559115237
557940700
552817736
563471165
568496144
569083474
564155821
560955983
556600318
589264832
586788977
597551476
559241917
561490721
573503613
560853799
564826556
561965707
575496843
565931302
567304262
559977959
575587854
586881986
591313747
595122184
618129866
594102117
585584743
575047563
595003446
580899207
596146549
587219644
588958652
561491133
566692944
566104279
581823902
578600886
574492339
565540746
564848895
579605717
566861411
596393054
570490428
571214227
574076835
566743428
584878975
577749344
565656888
562177097
564634587
567216071
568061407
572274286
561742707
572352693
567291809
568636376
568146508
558771354
572165554
595294720
590309995
585842397
572838487
558946949
573067118
567160776
568988956
570553398
561740871
566126277
567838426
565152093
569256579
575506419
571594117
566039631
569329789
561580531
581461975
587247843
570022070
562273789
566873956
597605670
594558605
567448463
569779233
569395273
568560034
574352174
566482183
578083361
568738897
579779364
590264425
591777025
588330752
572729391
585879952
601396584
599488277
591403626
557640464
567973345
565260502
565696648
582041827
576866695
568028267
576924383
565811151
562313306
621530293
633365772
568041913
567251912
566579617
562868470
566224063
562893392
563061124
582134741
565728146
595846855
570489100
573215082
568224970
557108861
579695564
574502052
570715049
563213838
554920099
558452567
583917273
604796653
566775249
565385676
572045895
586822062
588592941
593066992
560734134
559559841
564714839
585137962
590317151
571384829
578784497
573549498
581486009
585029277
578158107
583782048
563097238
567541477
577296071
566541638
563378982
566633061
571578609
569124766
593694074
594020506
594003128
566148305
567915818
564733107
568502691
572993275
569843185
557132026
560909966
573195299
562766665
565867346
560694704
563007021
557351370
561809413
568851699
564381010
574799281
578129753
550399487
554454773
570802883
564211964
568579221
564817474
569592318
570011537
576643504
567457046
570943561
563175376
579882414
597219575
593098175
559942268
566212055
561543977
565936266
564305619
566593015
566078952
565255984
574478768
570764212
595510504
569868746
576336070
574489605
558933160
567065022
573130497
569393599
561956152
570552095
570457598
559326429
564762872
574757361
580709248
598732107
590693490
594952181
578894858
570585950
566329450
568341026
578353554
596693935
568808002
567084316
597470131
596159538
593466959
592372462
570507079
556617719
570837980
575426819
594889211
577858181
569177694
565254590
563741130
564138178
575461568
576769814
572580899
567387038
562890813
569058513
566944832
565151936
564961792
579185163
569425756
570651601
579540694
559523544
570183357
587421564
582178685
593753457
553106213
570782757
576001566
562891165
571589021
574093825
557180255
564462409
578163409
596573435
590815712
583089203
570034692
564514867
566127674
559802489
612926746
557858726
562003393
575365037
560995094
564667885
566187946
566384233
567737813
563286625
566247661
571865726
570320869
569887807
563655715
563189709
553105069
575558279
567145467
554906954
568496374
576325845
565771599
565950990
574568124
569608441
559705986
569690181
583240126
571201788
561231708
572425979
558763851
565312824
565345260
571890526
567674563
572489070
562529180
574844424
565852354
562170540
583569290
594992010
590092517
601395231
580421164
566659168
565681514
565950921
568267074
563613412
568071290
564961896
560611555
573802065
568115624
564402340
562996177
565054379
565366225
574665797
596346569
569783154
601947652
585628394
584519458
585639892
592922040
580535607
570912125
582386430
569578205
559882831
573777018
578691021
556403099
580305686
563855229
559276677
574181822
547902263
575805633
572272324
565066182
565996666
557258040
565100656
559758663
562528412
570089880
561080392
571889672
574467986
562668996
589062587
583964218
577156656
562375234
587316442
588852681
583587999
594018963
574399636
566979455
562914256
561064373
577339656
564051768
572203300
573564503
589203125
575329992
563465619
571722298
567946802
578533619
581236645
585838999
584839894
577733121
564088017
570519114
571741922
574219208
585225143
557002667
559959856
555963271
558230902
565149891
569634604
570633796
569471149
565961495
570181254
574771781
564258248
577027668
563777630
584491202
591350164
590030490
569091045
566710366
578358532
575463105
565167916
565815412
578757887
566653806
559401943
564724876
561032519
574792845
561463634
566818187
559236332
563632835
574733259
574911516
569682589
573655579
569550103
568291804
568141255
568029006
570535040
572340524
569309831
575711542
572427078
571601927
564863927
566173474
567135590
567609459
570505134
560551988
565748012
564849705
564462971
563735951
566213992
566959595
564573629
601127676
591403646
582638408
565570708
573434030
570635819
567175162
577429268
583863111
588545189
608414924
574939989
575972748
575222106
565412798
559256011
565814753
556037188
560159207
565589538
580515794
589315825
613681468
599792352
594711233
561848043
569924128
565250792
560543923
560164670
572731688
574736285
563623034
563987516
556395003
559836776
572373460
561268255
567876234
572328953
566908584
576984060
568171104
573407079
570988226
580592889
591524938
585175191
571084703
566545990
564583591
568771086
566353286
568060833
576703809
585243868
591901337
596923850
589799644
557955657
564547304
572332477
590834249
596328787
588335221
568120261
562754460
559339803
569540336
563505489
567455453
567156444
576547778
571739523
585547970
593628152
564706908
580202479
565715992
572561042
566299681
566060468
562000382
568100816
557868185
558652592
568937349
563518500
569795135
570718876
571727958
571831112
569307154
573517829
603813982
593673252
603321005
596788052
598325394
565438815
577146500
569791485
557865083
580041801
566479670
563477021
569760132
570323474
569731677
566106037
576321434
570971312
561939515
568580612
562106861
566542538
565840422
570626044
563666648
581044346
593369505
572090171
578207158
569227866
569263032
566854636
556953725
566401570
566557348
562773069
568540299
570082705
560501842
559171290
564737503
565939635
581983909
586752464
580139587
572449479
568109238
578505419
600718761
580145952
581284822
565206586
566866264
573047535
569764189
560893460
569886799
563941310
573908306
565735054
577473772
582710700
560540049
574813267
554543501
567550817
588775192
562039153
573293088
583571265
596124531
594298697
601073550
570366266
571829289
566348067
563067898
566946202
578345762
560321841
565743877
568544302
555442942
568373891
564936975
563509589
574734261
568636649
565156060
577345420
569421928
585388984
601443032
591315127
597603803
586611014
571868530
577048444
560542762
571299577
566995458
571257339
559463586
573468905
572412769
578318776
584989088
573147456
566853022
565193764
561900176
554970672
566585102
576528111
551554651
561141014
564819483
556298851
564524801
573861945
568985524
563882836
559997824
574692462
566469810
583001945
592911745
595903963
590318418
580047281
564703018
557433899
565646521
571049565
560219818
555153791
566946782
568658621
564559453
568389655
570669137
567660901
562127451
564608297
558752646
560711666
565106509
560134145
564272618
562167894
568508631
569340716
568709369
564434324
567233290
559503234
562064611
563989529
583846081
571955065
604277455
596512875
587763908
599479726
576460114
576224654
597583815
593280101
596125987
578577994
564685684
591240303
592676414
574867907
566438491
563828756
567670295
571344034
589334718
582826821
583529667
563841204
570563114
574254986
570777748
557812891
568271533
565439840
596511450
598644199
601079798
594186914
578648175
567475463
584072523
602125501
593783600
588794274
562263470
573161284
588802003
593230821
591567806
582596267
554829406
569225345
558651138
580112906
565379464
556207755
570215115
587774711
598396508
589051403
591057958
564111195
569111497
586059388
576965647
584237691
580203782
559079936
565726940
572748449
559397248
573945893
575486293
575761946
568418798
560594885
558861208
568951118
565719944
563348093
566398523
586422024
594999258
589371496
567999658
570056392
571208120
561430671
569081306
574932380
566527206
562082350
556741780
558087607
598180133
590413756
582585292
591718193
588633361
576781176
583115599
568244036
576972629
563804916
583522146
584098468
567565383
568311055
582522479
580909596
596745657
596587935
571634115
568723474
557215341
569777961
564954300
561299902
572582151
569239699
564347589
566976377
563830018
562299723
558418914
562987035
569273104
565165081
565971507
567828491
564157122
562617590
565545690
578361106
562600342
578522751
593736765
589423635
605431630
600292859
576736379
571985068
570775070
607398538
579866449
574671367
563512108
570919552
569366766
577035036
562758492
571353973
570465690
557769217
565794929
562875064
556171861
583424522
602043144
604447908
593485236
601249820
586191515
567270912
572844472
568001681
568985647
568220577
567476153
566383285
556433100
564096153
566737606
565618356
563104468
554754944
564936746
563217720
565042191
581637103
565691809
572281801
557284749
557933998
570859719
557932716
570105279
576306152
595387745
603183367
585451828
592009787
604535811
595350281
589237064
580894129
601348130
575903427
569914829
564883619
559144274
577067684
571900526
570391265
586927400
588708978
585036554
592609304
583188508
563806814
573790918
568641018
562852146
560694836
559564463
563219698
562641292
576846087
568629098
567373778
559537416
568854380
568301232
562602525
561089217
571664617
566733995
573819820
565008042
569429090
571670511
568439634
564894776
560813636
555810509
568626046
570572019
585028921
598641253
584553148
589699099
589061587
581270039
565981067
579772776
566700798
564438872
562388877
562427044
572729792
570849916
565049625
577563190
591767665
565813242
560542049
571564325
573750765
568738595
577746485
568682028
564188913
573633497
569395678
558777323
568142856
586641139
588868050
560157606
564555922
564828651
567201081
564768974
569222601
555934115
569215202
569398251
567711360
562875065
558255944
574321242
572974949
577027164
558861924
562079877
568509005
569661406
559093199
560379578
565572832
565534419
579117103
595395583
572972277
559092570
571003351
563542850
563690126
568151868
563860690
555192156
574172258
562225017
572671032
573327465
566155073
557829810
568603784
559445376
579020760
565499481
585040256
597013579
589686414
584531072
591626326
574348442
569934124
568508014
594531935
595232587
591704090
600978470
565336017
585047086
583545074
585268184
583153835
567614321
576296984
573334275
576044720
566074945
570305293
575133479
560602547
574825343
593128412
583061915
572583786
571355210
565179543
559905990
562285820
569913507
564314955
587885218
599202920
584312278
594840256
579677192
569617472
567440745
588728093
589766143
593043958
575132670
588046391
587604318
593846529
601355412
587700972
578361059
592951701
586173765
588691882
589856256
591548398
591021280
591916801
593292073
584585582
570928417
560001469
557263988
568095475
572799096
568071031
572232777
561407581
561871943
563707995
589177481
595954691
575396646
568667595
579592966
579394565
579148189
594318538
564473494
562654471
571136518
566973234
563804705
573794759
570338970
590108439
599011381
591113248
585644792
576880653
590341147
574121794
564596358
568219487
565640801
553913725
568094946
556970856
569410730
566502619
564975562
561209282
559764972
572971695
572944183
578291793
567380302
562410566
566523858
569505233
567464841
566821887
573621174
579319566
596693001
588565191
563601976
569682798
572457641
592276411
586993066
586092431
561764639
581776501
557767961
582969765
594373452
602644520
600784192
563393092
563050203
563623931
566111110
576506302
572980025
561662193
562553538
569912009
569081509
589042484
574000417
557249889
566650936
569712656
585151056
588785762
568581892
553110879
577195689
593069146
592746166
584183124
559172549
566859556
594982051
576682166
597363971
592497022
564500790
571383070
564180327
568431274
588063484
566404309
561852480
577483785
587385442
594549993
576668516
565315394
598254186
588711837
597141002
583174916
581448681
561356206
566178101
574683217
581217946
593332756
567538098
564625996
559968240
568209119
564022335
569828328
568084102
570343886
576298172
577115295
585070537
587188121
564072051
558337876
560345510
570739160
551988657
573340965
572347388
564047856
558196865
564881242
562545781
558792018
565421861
572706617
564773789
562551800
575050577
565632593
576585452
587976784
583101375
593750075
570875723
557063085
560660616
578280947
590888797
590997127
552485377
556109957
568881207
563135742
577169815
574986623
562809471
578629969
565021260
575451874
587016061
571505616
560554898
596718588
584314343
595776541
591595965
556487610
567486554
586048918
608304197
590758040
596483601
558983158
567741833
572666690
585840908
575849372
576534721
569946682
568663027
592118507
595491708
587949397
575872125
576307194
561717063
568680185
560755052
560901889
560986743
559689038
570431526
569476811
565936102
567490980
572217773
577683030
596925177
593140209
562202000
565529781
572748573
561621534
572125642
561071002
561715404
574367519
569381503
568171387
590380991
592258217
590646554
573459282
570440607
561466684
567582023
563395467
559169089
565890069
567957234
568439577
566220090
569734614
559785327
558981972
571739885
565189211
568440949
562126737
563677086
563240465
566861918
567092528
562477434
563090419
573852986
569541311
571902568
571993245
563516189
556865570
557985577
560616028
569519229
577001075
575506230
563496862
575298952
564209865
572893303
563953365
569812613
571824882
574066186
571377260
565359531
571412940
570490729
572999121
566667196
564465506
561506296
568729224
562550639
563871549
582784341
585119292
591903779
576290364
562397232
565571238
563074131
558181501
569089734
570476074
563366313
560840609
567588634
568499794
577972338
553778750
565175536
572613845
570436181
568052813
566654804
558679278
566527286
562782235
557158092
566239204
575325103
589654008
580788915
590738803
592736028
579102787
569496195
567051335
568345402
561621710
555604527
568453169
561675045
564818979
553856342
557259203
567884197
567613480
570441192
569662155
555539979
563576467
565779658
570059827
559786602
603858340
595811048
583810946
588426717
561317939
563884538
566206786
566654693
567183224
556502620
567448267
562129279
559670534
571887328
559871898
565105180
601523977
583233402
583259668
593004681
583867161
564879326
571537775
563200468
560921319
575491642
567205974
563129914
566592689
577905159
607163022
606670868
585318311
597056376
593590748
586955184
582485435
572891785
557919402
564025802
593869798
595480714
600824239
568358252
571604108
566441605
569235569
564804533
563624881
562501444
565780585
572353713
589829444
595250574
575631720
572922990
574651205
585723952
594970116
594699805
593362589
603660951
579960236
602543688
571036363
566179657
578041203
594592351
594202602
578717139
573505453
564747241
558284324
561459504
573581282
560139997
563064920
568816668
559597684
571705277
568649554
566048730
568643928
556912780
562711583
562794467
568062003
579085666
575702347
571588744
564170081
564314618
554746577
571874691
558950857
563853571
563188645
573744371
565339611
566061061
571617202
565418886
572419856
566276085
585821226
593237540
570948273
584260514
585925621
569655129
570956760
567162475
564996574
568175606
566073925
559022669
568387961
586875174
572889301
576178493
596482832
597446725
588085943
559518743
574885726
595661089
599600366
599260086
578096611
580831539
600260671
591579490
585841752
588249050
579733447
605156939
598974445
602618322
594222781
576181139
574516854
597375476
585846834
595407533
594982155
577005278
559328157
555511305
557534554
564699363
550186094
567136039
561549523
563531775
567755924
560624725
570726919
558783818
568371253
576250705
572352101
556536961
571602919
572586171
556108177
560008972
574905496
570144942
570778540
568827978
587096338
604653593
607258215
590994487
575903085
568097084
557084800
559334288
566066955
571482644
570121059
567704057
559910313
570993334
586346587
574539031
572396743
560150856
584025063
596184790
594392018
597219456
590731537
594825543
596674510
594112399
586385297
587219842
593294326
596199058
596730008
597211587
567895846
567955121
565472175
609151517
587935094
585385695
567138844
598701602
605680538
603644443
594963881
581034505
577343409
571381060
575284594
560154902
603048734
564433783
561005486
568895710
557722116
563888936
573283764
561757738
565885567
557587616
574500351
590192485
582542151
569481850
556943221
569012108
558432855
562304007
569181198
555676068
569571687
574266347
607506425
597771439
559086362
571041132
560322364
565791507
574049378
575529484
573430381
566383974
570471101
564548116
569754807
575678780
571781732
560136884
567697648
570980217
572254364
570802336
562712090
563784901
566032989
563017571
566074239
556410982
559901860
570150272
564699869
575412113
567215621
561981100
567727218
565019380
562773396
578396660
569429886
559577561
573658176
590439073
600395666
584128318
559902410
566238406
582465445
576769436
567199669
573233017
563073313
564532600
596170970
597905786
601347989
590968571
590386763
591614769
603093638
590777834
580131417
552989595
561965907
565828373
564081411
575485888
567995867
569813566
568460150
562121478
558064619
567636960
565612385
559142509
572824421
584607189
593454401
582305982
560212062
561377391
568021859
598189326
588191075
580267299
569005608
570967048
563996829
579797651
607815182
573538685
561947399
575500427
562853867
559612745
571970288
554974202
572420882
592444057
596875159
590006017
578235368
575144802
561014374
564408407
570797506
572635782
575948012
566448982
565194489
567027722
570698008
564226222
563787563
582773039
583165911
585105467
579316158
581037989
559058144
556867196
565102086
570496600
572737689
565288670
565623396
563482090
556359101
566848633
573360155
564625339
560575101
586779376
572623423
564111472
566084603
571674323
573038271
572116529
566755159
565254755
563504928
567244093
569455206
562490478
561975208
573566782
569277287
565903357
568873365
580324751
577364865
570630392
565933708
601541900
567040860
574459178
596916649
571152110
562522124
569416730
561646625
570059045
563448990
571587224
569615318
559161254
574541993
576236325
573982440
563975361
566903920
563987363
575491044
585524304
571990107
565369714
562585685
561806366
568486030
568378870
563567084
567970907
567741125
574951166
571748936
575897243
567294095
567009456
576448667
572619675
564259513
563774266
577572650
565183416
567456958
560174703
567417039
564879074
567619831
576497690
590046051
601682217
596330166
583065009
576478682
586346291
603555344
597022589
576195128
570422637
565327026
561504274
570428022
568203674
572643216
565668825
561600304
567666845
570979841
572931482
567395650
564194253
576130949
575835867
598572541
579277068
568923903
567129843
567417775
568330958
571012191
567521437
554012124
560760742
562658370
557036354
577279901
562032471
572223473
567953434
558546790
557156909
572186498
569553243
568386433
565511681
561698213
568656940
565503391
564428567
557223320
567472469
567783419
557794505
575932288
589681560
582302949
569945986
564376393
564066990
570034545
571062680
591415973
581297198
596320302
588273154
582237869
595282327
583795131
589186268
584521723
590562600
585912932
585821040
590788333
589327343
573865519
576746358
558785324
569115698
562156190
569741792
568541627
559965789
572909624
588356677
596075547
597059077
562676203
570619243
574938693
567322147
573374993
556285615
566019078
560350560
568394981
565763294
567853671
571115126
567027650
562581737
570785644
570331760
563169253
572488047
565684513
568208005
580626999
590342099
576836690
553370903
572229855
568032940
564206266
570376579
558381843
569684905
575556124
566819689
565503452
571153987
574508271
564935503
568817004
574444934
596982329
571741851
563100870
561528145
574985907
550442283
575131152
563541243
576498850
564741451
593617933
588380895
590363784
557485027
566607927
575881119
568665371
582573965
580581532
570361349
562875438
578616190
568318318
564061137
573147156
572901906
590917167
582979926
571381459
592063908
572800646
575374717
562882718
567799609
573019261
569838025
562508902
559298966
570370822
560128034
566846875
565655307
572460909
562437451
568038961
564397517
567835685
563622123
595576359
592386572
578820618
584004681
588822850
562676596
562586073
561828220
567309464
564834444
563628528
570357632
557064313
567173413
567979138
566995155
574365396
575669485
597617530
593281322
588561033
583164225
595932477
587487601
580436179
594181168
593420096
589024530
563684670
560018203
565851478
564219411
567440911
564870712
562115824
572729542
581138398
561142227
557177595
583478472
598761682
580996738
588477269
599640021
585913135
565022623
575808560
574983704
571210555
575139187
571514091
572381468
567519028
557336003
564213044
566339811
567298472
562586108
579047360
579565140
580498143
584587895
561214229
575487615
566755213
571709729
566555372
571019908
573882461
571873855
568405140
573377453
564862448
566242590
561740646
567234392
565889345
569981844
577565058
569738038
607948704
604345809
591090246
560707998
574651063
568231871
560986532
560608648
573923718
570384734
562166327
563559808
568549719
573244065
563203954
559804977
570156804
573695983
568996467
562563927
575015350
582273083
568521349
582701546
583835309
584481260
582604896
565481332
577043366
593038556
582452817
595034573
575727573
567085678
572508353
566832715
593871860
584231230
567570993
565333497
570416001
572446207
569957256
565243092
562606242
566330406
562990878
570621729
568995280
564496024
562450173
565181558
566708258
559590036
570202110
570195239
567514844
565962362
574761212
570964858
559309811
565892791
569595149
566289168
575797294
569929900
554101365
568616360
586118845
572769088
565919867
570754797
564422193
567751386
571163404
568647246
569611668
563347498
560002754
562984922
569652016
564860708
564129540
566129881
571872356
573930072
567221545
568707330
585253461
569503208
563808990
560388886
566214736
565930637
570950544
566507585
565023509
574997835
568847674
585277180
582346199
598729539
578676974
576206692
575627992
572897284
574693458
567287706
566635477
565756254
570537113
581888504
576113487
575026145
574350228
571543604
571618805
564188660
555425622
579640187
576433407
568157936
566764195
559065080
563815188
571684615
569952915
559756639
581554486
561272123
568928505
581411013
560179110
566200533
575842906
557682346
581278375
589847079
591970608
598593425
575018504
567091326
562896314
567164354
568747367
572658016
559490583
561835391
569999565
562710582
562927366
583522963
567230310
565892403
565418849
590941126
590083660
571921749
563764795
566472555
577862856
558390165
572960135
577395864
564145861
556975880
565336852
569967529
558712059
562330000
572838849
564422599
557951939
569906513
562441686
567389336
568588022
571586854
573331833
567786807
581275373
588123661
597073420
601204814
593441922
586219937
556198356
564855237
569582728
566834448
562849361
574138122
571089657
574601758
592303059
603357163
587631750
573226825
570392227
567233157
568754235
558099821
559829678
580583205
563530419
565595930
563638386
567725363
564113843
571820208
564361792
570521895
587348544
585231367
567387064
579238995
597774581
602236819
590872710
586131017
575066251
565875808
571583182
568253536
572322316
566505666
559215624
580035706
595364493
583896265
584675261
590034980
566862642
568457642
560592913
567133913
575979436
556983134
561650511
568586773
567164725
586757700
588258881
566566386
570889370
562153922
569037169
562961426
563665584
569980452
584933984
599812121
585042730
587861704
571291989
556523812
574969422
574628893
557401599
565674781
562276109
563211636
560374767
562405425
560463993
562484913
569484932
570218544
570550561
567385497
568701955
559444398
569140138
560040981
565589087
565083830
573153360
560769459
583161417
587960268
595984559
606813308
580034391
562740379
568633173
567682989
566845811
570649351
561790359
561820785
600424466
593719864
590200088
585519792
564687310
564655888
558861588
567607356
570550428
568906770
578557758
597088522
569338401
566450383
564093592
569507899
561543496
572622741
562830306
569857194
583077613
566790101
562366790
568957351
560887631
558318369
571070397
557348942
564366194
560459783
564786057
559702244
568800232
561138803
575151106
584028754
575659028
593814130
563139712
565264570
569008010
571435127
572265640
575072109
580552035
594285347
602736036
592101127
594696598
568436115
559916590
567563001
560840906
558033322
561404304
563804757
568532581
559944455
569071289
578288737
559464268
571525940
572415529
563999045
565584821
558950523
560873616
566319928
568857195
563544305
567702122
574049802
563024183
569581562
572250623
565363854
566120092
567716639
569051260
568319985
567413602
562501592
566889147
565695519
579833260
577023882
564296486
558235628
572592815
595910310
604926583
596031341
592408569
587099674
591889271
592142320
592707123
587553043
576340786
581080543
565162573
557742602
574238704
590907541
594497619
590223201
574208329
566331119
565451551
556875820
558214760
566040504
567090809
573059426
568896859
567589694
566721404
575954464
569748375
558571709
573838559
574584506
563239801
560933535
598231043
598418557
593551402
589795188
566310175
576774820
584211175
597502718
596035843
596022297
570444354
577753446
565842159
564318736
569173424
583069415
580962611
599237970
590203425
572772787
589499688
587494873
560581211
569350567
595621585
587927570
604362525
574701426
572403104
594790534
572307113
558358931
571189092
568713726
556783682
570453353
560395443
567067894
570621419
570449011
570029450
560687742
568051898
570768958
570808389
574831027
565957105
566541193
563261183
569719402
568357901
574289280
563416995
564635085
567118325
567884777
573296735
574143854
562218830
564494865
563627574
569284359
571620009
552161058
578598178
570212155
567026050
571787687
568820998
564660976
572104302
560500791
564383897
563067582
565477731
552100369
576050404
579328356
565436767
562626012
566739163
567941295
588776846
580866810
564189055
546609321
562554332
554557442
574216089
570228102
565006044
570587477
563453004
567810059
577457598
571232485
556954528
573488313
584661720
577227731
563740825
563286061
561684333
574298004
562066347
570839761
565217986
571550596
554028487
572645730
572707379
571731874
567704815
563616853
570287536
570142784
572618276
562467275
554997856
576020854
600028471
583576714
591433604
590669338
567766790
566322227
567325690
570674077
585682294
573924847
569734931
573934491
570519530
564485681
556347088
566010627
564991353
569894862
563846141
565514748
564145106
563728835
571029907
561004897
558932082
563745268
565483678
565517995
564018472
563190285
558123433
563824914
566766825
567736755
565440413
600817865
602014056
598491407
567198284
565534745
579653515
592599326
596338046
600742846
591500286
585499290
599638123
586075691
595980649
595000763
588151894
595819171
592087964
596709094
589520495
581819304
591799001
599497134
595356628
581247829
576997065
566366138
566990738
560268467
566474364
566411104
564794591
554653177
564772246
566002439
574369743
575741392
571502507
561166022
579720583
568832429
558039487
569192863
571554847
566601193
570957243
566232186
568694263
565026638
563126819
563531520
564839503
562568927
561204468
562299292
586175609
592235185
586701869
581425905
576156508
564352302
558224353
570373996
565415541
570098673
564692234
600889111
592284081
600611549
591949825
593241591
559460142
570321351
578478772
599450057
608956281
571368117
561255100
574185284
569230406
565896702
593423134
584672471
564527403
575041766
573953027
559178065
562130247
568681893
560980658
604693434
611901542
598954420
584511518
568798292
567369565
561847936
574354634
586130428
580481232
562635032
601673231
599358625
604560940
600366027
569539255
563956076
559422208
570856039
574554363
567168040
569315622
566516761
589502135
594039016
588163383
579161786
564513220
562399138
563315353
568675848
564115501
572894830
581618436
587576302
597039211
579112614
593118007
586767135
591176883
595132478
583965799
580068000
575272401
566969089
568015728
571997034
568663826
569955655
568037645
567807694
569554644
570475870
570960823
567088009
570034217
575525494
571043961
563673426
566517765
569826843
584837301
573037616
576871934
593122683
600693779
567462249
565714951
559769161
557244955
574455607
565502142
569517198
566082953
564590977
570561466
573361867
576262477
562881897
561625698
591215413
572895046
591866551
569293256
561433639
562554691
571633241
558285612
577723644
564259215
570535931
563229835
578956009
566649104
564462581
568387091
562549416
556988917
582817980
611446892
601762174
592897630
589423164
587269935
589393948
591197770
583370969
583548542
587510476
587947409
601069139
563968129
569858711
566487879
574836875
569578178
576852701
566787049
573677401
574082761
565463897
564217687
582159134
569992561
565416670
569107699
562731066
566173069
569588231
575847827
572184064
589288726
596068586
595222101
570085806
569238962
572198677
566505742
572493605
578281203
565700356
564324243
563470743
568818350
554967039
562669572
562699275
574442274
561337828
567195471
576130874
563081270
568738657
574887984
567309308
561935801
568507538
575457469
570100199
562984727
591290503
590327779
580153184
567840502
561101002
561706337
569574206
584390028
598871463
599350894
582470517
589963504
572563008
578318492
596311477
575545997
595523855
596104159
586280364
600288881
577293830
602960318
591413418
595779929
591957154
582436189
588262974
588761774
579208211
561945834
566137625
575380304
569777850
596027443
589839938
590553328
595317110
562847816
557315170
571347646
560173638
571439168
586862880
585747763
563127333
564316909
563259318
564340736
577894732
567222983
568566596
561700470
580207019
564768895
561995776
564618285
574245790
582490313
591414267
572403111
577568869
596758147
601948169
600333998
591535614
601195885
601809468
594304834
603465600
597072152
577888463
597678532
566711602
554080180
571541543
574083611
571884048
579392766
563062287
568695857
568065456
568660242
565963156
571862469
560843089
570844110
569432445
564765568
568820691
566160946
578266865
568298878
562212979
566092415
559807146
571261994
566004707
573601634
577671786
571716951
561676400
570759700
572799947
572785511
569664850
564271425
567890527
574899617
566444668
571440656
569448477
568208900
595864532
592435711
593431711
599462533
574047011
557231641
563549029
566881355
563464868
564276745
561560751
568599855
558435254
558831388
558929520
569408039
563017122
560919820
592946212
590858860
598157130
597102711
592904794
600828762
598923389
595411198
583475575
563892595
569591261
566419015
557443773
561646057
559659761
570809683
604819921
596845633
601364215
598833602
600117317
595226685
597174767
594945775
584607475
582886998
594702069
592953899
589604231
589582849
600947147
588703588
594469911
593085135
591168627
594436633
595005220
562617947
573113525
563120513
565439441
579573305
589836218
554740978
564566024
564840911
571497810
561328752
560228044
557608237
569452223
562161134
559342376
557069472
558399099
566281764
571472867
563891956
571870100
582012810
571841411
565444027
571107207
590409702
594695970
576077718
573241652
568877678
556596488
567839023
592910283
580488489
569035901
573477763
572828987
564091733
571991251
569215526
569954912
573878828
573925301
557488958
582823672
561383074
566839338
595078285
592131132
579766741
571063433
565850562
565480639
565303146
570824258
571993143
561526274
581471952
561754799
573769470
575519259
584111819
596769990
584809806
597373583
584214555
596259133
576468948
568600959
563306825
572767996
568953792
589058055
597188502
593638489
598081596
595116340
590187399
588322211
562059858
570054356
572459067
570473617
562118094
559198732
563555830
567776272
562868406
562249049
576737306
564465091
564678202
570814917
566175616
557580605
564096479
561850044
565663993
572622837
574567874
562980486
563902575
568720198
575272499
603082490
593184323
595473254
562003794
559944121
590556017
590715718
592915101
594028419
568333059
568735452
567903451
570036617
576756915
577263426
562744946
573643694
575315397
570718796
568418239
581576828
604092317
591635222
595979725
592354151
588540387
559239076
558554978
576582721
566317679
573290133
566528042
560982996
591668979
604790546
583143360
590939096
573648526
576616681
573392432
590074443
605230639
595441873
571912862
568908592
569311365
576648671
566465828
557360444
589150966
610068773
596893505
588596897
586292648
576849514
556995999
567080544
570961316
566895578
569024410
563023746
566331250
562890243
566146143
565127144
565478674
560798090
569852660
555238799
555765516
570079968
566266652
575802838
589991792
599040733
594685026
598691839
562102558
572760810
564550679
559175085
563046581
571624403
573523568
565490713
593433351
594660514
583907329
565630848
576638877
562245837
571598204
568207982
559095397
570978689
570122286
566592390
559630285
570682480
569491190
562690959
571411823
568855787
562493283
566926994
573813049
564904482
563803105
574678250
571216087
581216383
568273980
581996449
593845131
574991813
564066928
562444289
578745076
586850740
589707507
573081889
562955075
564855539
568267862
572651056
559104390
566399028
573404455
573744486
568380481
571281423
561775155
566641016
562246217
578423770
575812985
597705886
587034473
595163892
573967869
569472270
555201095
554574746
563214893
572688412
567178566
568297124
560657007
568443321
571348732
567868219
565303078
574459918
567928629
567575256
569777961
559279666
571152224
569568542
567147883
574365862
577110894
564882231
589618976
593221654
594608394
583088496
591538756
588567969
584192800
583684058
593697875
591099588
585563531
608705529
591572832
603905286
591432386
562959076
564861618
567739648
575818786
564181908
573995277
569155158
569188101
561239734
574543499
582762835
582187803
581506598
565245734
566455499
561353399
578420191
561518127
571173744
572752888
571802108
569354787
575946000
556321046
554550687
570011376
564817994
568067721
553011934
573574973
562932755
575718090
577147602
594183020
587702676
563571217
563024562
562506606
566408925
563793104
568346580
560208449
567169376
600717826
599703995
591330134
587931036
578061293
605726984
601851893
594603137
604230272
599770263
591545788
592762803
587902605
588535391
587500492
570691629
566327285
565414749
562036498
570264251
571247985
559220001
571502244
565516480
575240168
560773318
572034448
563484041
567377759
565352842
569839854
568024502
570584283
582160831
572579198
571593401
579447877
572617132
568655153
561349952
571146462
576009200
580557893
568007655
568841059
557343617
557969017
563488660
560284013
564239186
590053773
574364198
582024617
585085456
581785823
564379574
572861586
577996972
591385450
592815413
571690200
571026920
573814580
566566664
573405392
559103897
560540292
567942341
580679862
593199493
585549476
568624302
563864486
572175178
565076367
570878297
564582815
572079422
565627100
571572127
563037814
564769605
578809343
560811787
564833990
572386983
591689287
594906725
591801519
574195726
568086658
588292867
584469925
597246832
569602065
562228640
566391489
556989050
568941695
564227497
566834137
556306115
579103128
598553361
577804816
581068426
562795457
562636686
564996072
560902472
574256399
565493791
562756041
562874939
566833451
562264141
562125322
568144672
567068586
559836999
570752534
563509436
571306665
572994448
558467087
594499179
592440265
561061534
564658824
564398670
565912500
574976574
580321789
563726952
572000630
570469351
563855358
568205894
565438535
564609306
558754197
579470687
588133233
601831772
581607960
578718067
569836290
568339888
564990856
571341666
564165524
564589755
560995740
557041418
565041193
583746025
586780701
579854750
591855532
603964025
587425294
597139374
575891634
591126198
567986957
573513654
579153914
583347830
579598052
573123293
566410715
565403235
568270324
564229981
558203438
556206539
560960464
559885959
566186154
567939633
568352780
590649308
592497854
595226018
570002456
578945552
589401042
589175825
593547343
591789804
586105772
566692051
562851019
573138701
567772296
570475233
569077888
565662767
567079428
570203432
565562366
560085772
564518861
558404241
565713914
555544279
567195197
580425841
554452375
553226895
562114856
574276805
571061817
570401645
556282536
567757739
571499051
590191410
586561452
580887646
566490919
566814720
561472674
569068598
563015685
563456280
575583405
569606568
567598361
575144737
564159605
578673979
572416504
566139573
571497840
580581949
565785916
579953216
569310064
576727911
597010768
581692128
570587590
569899432
565098887
567756776
582852004
584382246
580722591
586768380
578331505
556005721
566076275
563386848
566743411
568294840
567838090
562421021
573225794
564106556
564840928
568620513
558862622
572378253
567013583
582521514
601678417
590984142
597470883
580299115
570337785
575917758
568837927
566538758
582333818
587696425
579092932
583498526
597397523
595571215
599905546
577529531
563537920
562165733
600288644
585904950
596749901
565406024
561853973
568940042
580909830
576258389
575015601
569292390
563035127
570431884
583204747
587841851
596600095
597369152
585970668
590628081
584909869
588890977
592791206
569366237
572391246
573373033
571794890
570374684
576906783
600309740
598949467
586965859
588061767
571273419
571978178
574515199
560502538
564442241
574793606
566678482
555735915
564124253
564675396
561752202
559812714
557201803
571352245
570570856
566194559
590272043
573883394
566643444
602549688
599287046
596697120
590734133
559673918
564779384
563627381
571576101
562679106
574549286
577152490
567364467
566725344
566810509
572419156
556782098
565616736
563023971
569825663
559798843
564428693
572794507
595017018
581385041
565933169
564282136
561537977
563338479
553572508
561554185
565606105
569901286
563154790
573468571
562046201
568075070
586964840
561522502
572029584
584318003
594454721
595781039
585443685
594686441
556194709
567852508
563467910
566098740
563073097
565859969
564604005
558547471
567204903
570218214
569216647
560801340
581417508
602527314
587642836
561576656
568086589
561521073
568511657
564948025
576491423
566027584
569098371
568349560
570640082
564183325
587934151
591353723
593312238
599269853
592380958
600687857
585078728
588114717
555182958
564232282
557059736
560779703
572117852
563945573
564506492
560047017
587329261
583714979
596689994
589945246
590027886
585771209
578952164
584408572
583392742
604701965
596383961
586775098
587141873
577525896
596363931
566960554
565135023
565525986
571711048
554827257
570973834
561620151
566297971
564181406
567030560
562718864
567972135
572123060
557344599
558246900
575435677
562787859
558377240
570841360
564492350
571452958
571170489
581220942
594536611
580337542
586748710
586737773
583835280
567671920
569308952
575192866
588731337
594346120
578369258
565074313
573564273
563991622
569764683
581713936
582370495
553259938
569252452
578066403
568096575
576979432
565080616
569043008
571042344
565256820
568383312
572613507
565087286
570449011
578421182
569144665
578024514
575411922
568745950
570841095
602921308
593575072
584267538
576189928
568718807
558385097
565344672
562039110
579448943
565219312
599750351
582167150
560408759
576772330
581718401
556631293
566023920
564693441
559917469
561563449
565045449
564591418
571261045
566425917
560196562
568504802
561979681
572757605
572185868
587485788
569587928
569921549
568855780
570583256
565028801
565111172
560229176
571642718
559555204
577594488
569247462
578574462
602479315
593125590
599578328
591299067
592990393
587079949
586138757
591948439
583850526
592075826
582959975
588677922
575368473
597987774
568719838
565701226
558892268
565181743
573612581
571971241
568032074
569027524
561154499
573829945
582665624
588857229
595306604
585267015
583304109
596396966
589393827
580121893
568386220
576458012
565170009
570000803
564330059
573749394
564090688
572818998
561070116
571450255
593228896
584628699
580568583
586623683
573290000
561667695
571002291
583252093
586863149
594203449
598315141
590187358
599535810
586244205
586785063
580698609
586010289
596797081
592990257
587968908
588857965
590961583
593298424
570279737
563317660
576208553
570295381
558417284
572090376
579655085
593146679
587336707
580303754
562481105
566725296
562426925
558821877
568515854
560719217
573985599
564647427
568220465
579818510
590626021
569570076
566667529
561717101
567040906
568518478
567275128
577160333
573900565
590754726
590540261
589271007
582079828
568415890
560379075
562687679
559308303
564931028
565726383
568661168
565593656
577336396
576025215
578883298
573186646
567028471
569399208
586151931
580399435
593619330
599658048
594571718
591130270
581179177
589478341
548267887
575255364
575011022
575046885
573681884
565809372
575664022
557499935
573928919
571517915
594503818
561124414
563829707
574420457
596286459
595147738
595462636
571179399
593039226
594445515
591188195
585690988
596701575
599309840
579598382
590214391
591249027
588872046
585338075
569132161
568249772
588997674
575971009
555264136
559615900
558797782
562139349
581437261
571655797
567797752
559697125
574531682
570969562
567761967
576462962
563510658
557049225
563742698
572749321
573098117
581782411
560688185
564447581
564966605
567997827
572765912
576575449
555418406
560672722
556865364
568095587
565745386
588866734
566860399
572239312
560728216
566520594
581146758
557040989
563243299
567129965
566764268
562719841
564328426
569698724
595681464
594305199
590380835
597938918
581321357
572223127
591993957
588976772
598291061
593321055
579288711
571582683
580350231
573749450
564531656
584597491
560796878
563785902
562163346
563501213
566425656
568127689
572214618
567376999
569638560
598427764
597708608
566965151
568031232
567080599
574340284
564322382
566634269
571915678
563415237
567581668
579865629
568708508
570350215
570305736
570174905
563369247
553967725
570182992
573567325
567641875
564744562
570111188
565722411
573595558
569449862
569853908
579136632
600270789
581025168
581430435
578768074
587775707
592364873
598302734
583518351
558867296
567414341
566664269
558022688
569572846
558923415
565194503
558455277
563036921
570748550
562138441
565866507
562725531
568608382
572884056
579202814
561768490
557224787
569349666
563784639
568084531
574512641
582422896
560412171
561257249
564788000
569991698
566798766
566672297
555634508
564762037
574134758
571142235
573871209
569363572
564170633
552174720
562800456
569031704
585198093
574592847
595195188
589640820
591101481
591570570
576206381
564455230
560157398
572093924
562034215
571448834
574362339
558226297
570009607
563665598
578165020
592396043
556364100
561580766
571128301
570555621
563618426
568436007
565885136
562850880
569387527
573015443
564698378
575552701
562591306
581139276
596312697
595128816
593367254
565448969
575814750
572586413
566821010
570540160
573384125
565306578
559758487
568399136
567938023
555003614
556355879
568504827
587285502
589226367
569835497
556864539
560415871
564227707
569192900
560401787
566643509
568378815
564139150
566457756
569878972
562423573
568887225
564222146
561713988
568318366
570912513
568710459
584082891
566760941
567966386
565493771
559366233
569982947
567795015
561548127
574171281
581655970
583754116
589498475
579088694
559749715
579795005
590339573
565263221
577472910
558985920
583843106
570510108
597568245
592420789
577410942
565553015
572757371
563402150
561482135
565400754
565766481
567480842
565111720
574958948
571785004
562964992
570232647
560897665
560745157
560988495
561524609
574366963
589418681
592124924
593670270
592789409
584691061
581551011
565160382
574376109
580509372
587772086
578814784
578949771
564397726
567526581
568014439
578230374
563982700
573470004
556257612
567379356
571631996
581711106
588304018
561920266
565361060
581205880
591868501
584848654
585887886
567633460
569276606
575051720
568513103
567077562
563672640
559309764
562093428
569294765
570481539
564820496
562958500
573717225
576345090
593143811
591093570
575100727
564770265
585941831
596130256
588976701
586856646
567747883
572585691
582626496
589278375
589071733
583370072
576092403
561086715
567732428
569149047
572708553
568222590
563070326
577386912
592010898
596694848
600655381
563786090
571593478
560587764
562109512
565773711
570341959
563198121
566138256
591149409
593497102
597852763
573112480
572710809
559724987
555613230
566393342
563310258
565138266
563926463
565401851
583340082
576674823
590362184
566487099
567068354
566871541
570753693
566568866
565710095
564438133
571650711
569559649
574731872
564039953
559662953
564084031
565652402
573858426
569759115
570384173
566191529
566256399
554703507
580604040
603833849
580207458
559522527
574843209
571117253
594321635
590985395
556996697
561137072
573825464
566227729
566083679
570782822
553710514
569757216
557791406
566363948
566186711
569055280
556369645
559570467
585913681
581524657
587201980
571037725
556255621
568838762
562366433
570231514
575705763
570768638
552579663
567373938
562546972
601583104
576720431
563635628
560232576
559284635
573116510
568899868
571824097
572920201
573023213
570672180
568234741
561681778
561239652
570475847
561949947
562216056
564385782
565364044
562347466
566462558
560794500
559644862
565652600
572051317
571815733
571293173
564836481
565132794
568633832
575446308
559498908
582785809
585233096
586709892
578974962
559438492
578575979
589427203
597870192
583660904
578375856
592702242
589469595
592214963
602096837
591090515
567257918
566630217
560145911
571004153
566344429
581899655
556465152
562222586
564547749
563994721
560955858
566899449
570645108
570040415
566337364
573725042
565795773
560162281
581694295
565359293
590552110
598872691
567097929
569631970
597902859
592289255
589379391
585139056
570050760
563296450
576803174
561205538
568491615
569580408
565907549
576812562
547277678
563660519
562989676
573565151
570569603
566540399
569535552
566951571
579775602
569083134
574621481
571929519
560956650
573512443
569898549
557608604
569472078
570306346
575420184
560998108
560186602
564159794
556698772
569251840
596345451
592209538
554541513
565261519
562913528
552229493
565637623
568545835
565013530
577426163
563744351
567289455
570164506
563247551
564361425
562034481
571224686
553236597
566392069
562140342
565885145
563280629
560406690
568687721
560055192
561167594
568361524
583683006
583148960
596539883
587675140
568467042
578647607
588100506
588230689
594550979
580736309
559211179
571864288
565605901
560742989
571530794
561629735
572955840
571803029
560439857
571968531
560154454
566463959
560568880
567870189
570423718
564890808
564926124
572101372
560305331
573518382
571259200
582726365
575811802
566802929
574438347
604860379
601098779
584788139
576619441
554131233
570236256
560496178
567981538
571946094
568494869
573046572
568161987
580838077
565999387
566161912
563417824
564787322
568790890
574668063
572379071
561687255
567042086
559641295
561126298
573131921
574693472
563682707
563378450
593791759
595148645
590544772
579040700
569325316
593670714
568338156
574868177
571931932
561614460
585083012
598246330
595845952
600848585
596252949
551809711
562232960
566922096
563910996
569976296
573606274
567386008
583865967
596945970
584424396
587349824
590679799
596060451
596465331
576960556
596680379
584427359
579358754
570695320
567035668
573839774
583069352
564608306
571667469
574396441
565161498
554820368
570494690
564278207
557654296
567679875
562756338
647904611
648480906
569234294
559809216
560213724
555894981
557610120
565563921
570471936
565975566
569015374
566672572
567134149
561228731
559598889
561885413
562166569
570968137
570664680
580782129
603588547
602022562
598968140
595608333
572128260
569800168
564126403
570601930
569166966
577552124
585999276
593368593
594919900
589820480
590851730
586126683
600574570
603092550
586997821
575307406
584719868
593133031
581237051
598500061
587698189
591360281
590675483
590606154
607116263
562362419
568373768
590417221
591461751
574792073
562656559
568324848
561901569
569621182
583400056
593077383
595113654
587060277
590970589
588833815
602432720
595056367
592507721
592857393
596167350
580633549
567316068
563888672
560158297
558737593
570148276
569884531
557492471
568196230
569694634
560802534
580364808
565815130
570750630
594904284
589910483
598095042
582134007
579485356
597655592
585984201
585321821
596216685
581595810
587147931
593361471
587947377
583484998
593444124
580050247
562578861
579529178
588074300
602049453
594608364
558902952
564361238
562604887
565550569
557024995
574093222
589046048
585949654
590180246
589336315
594197944
611194843
600041902
596550962
598378523
591313056
590331007
593460835
600327675
586035867
606957359
584932345
579090081
560867907
580317493
568624232
560944617
572398219
559599135
570232818
574554885
565468175
563031957
572119445
586671757
580310902
593636954
592191899
601779455
572430292
560409023
596607379
594306804
591307568
601040098
565050846
563636804
555454933
564814558
557040255
567634013
567488503
567616913
561342995
559587003
573155565
548769667
571782044
564956185
568893225
564628307
573753628
556576777
576127859
559386591
568180397
559893967
564627499
572671591
569255052
570891978
567287912
567154175
575619203
569701283
566186078
570332415
568762676
563052123
570491166
598734095
564910718
562932185
599735288
589209247
577135973
574228201
597173731
593949984
595946165
574246615
572140383
577802000
598928240
598816196
590124715
559746211
567352412
572065603
566075481
556491682
565119311
558700375
568844719
562599366
572777903
568196855
577377010
567306617
564397096
576149957
565517295
564054240
569013134
570489597
569102953
589246244
594098781
585441787
560521976
561348260
570743099
562386939
561176279
566167877
564945696
561597894
554667148
565452794
573450736
560276622
588806837
608024727
597040476
603097397
583050664
561405814
566635286
563524707
597527053
596984437
573824602
555256046
570751101
575442738
586301210
599370973
582681442
564997547
562015415
573493197
573199040
573458273
557866246
561666614
572539185
581756267
561447128
558352616
557972435
575038008
597097423
601289770
590261402
575832011
575380485
558742545
566709936
577568873
555016958
561111621
585339219
580046493
590553590
591197861
575260056
569493559
562530916
563658394
553530699
583567834
581858256
567373567
564532699
566407248
563492920
566632071
582332035
593371615
592136928
593014201
588471563
575875644
554818053
556808275
566586528
559903561
594291305
563700653
573663388
554243350
567528561
575640131
562510854
570766507
566288865
571838561
575438527
588240672
595395728
566413336
566138140
559394637
566868432
556810273
559363472
561850500
563009927
568470748
559446616
564609687
577835541
575164504
594075294
593080307
611367677
596371045
565019927
569922298
568456667
564129260
588954653
580336693
576936413
569336919
563292097
567670310
553036382
590652328
563109551
567738440
590712674
595262590
587114326
557143306
560153685
583667887
591282777
573156235
579638644
569853896
571430106
570180455
579242534
593658282
572136677
574203602
596860056
593157745
597177665
591924219
572295408
554663124
561808168
567255119
568128269
576927637
567050951
557633642
563386854
567479039
558897899
564264077
564538231
556702870
561223473
569098053
570776092
571097267
575817804
567039897
565457781
576467443
577949914
578128655
572825656
571672037
580330220
598960122
573765117
569645258
565124780
577002870
568176584
570026959
571241976
571789000
556154901
559715158
561516749
560453489
563605245
559489897
562184212
575659272
585261460
563055834
562541135
563158581
561084672
553900743
567241101
569132098
569567025
595106366
595509635
597833786
586621968
570054482
564601685
565478776
564387994
571369983
571357240
570454724
570474431
594892891
600808000
591222119
566128898
570885484
573024788
559224214
563732204
568927458
564417257
575127669
577669587
568538548
588853236
578989052
570323625
565888788
564155945
570597572
570731581
561148303
565995382
560411464
565681149
575468202
566420214
562535993
583718839
587712693
601547044
591342371
572262645
562915884
590112768
593695119
601077608
597002593
586634449
588988468
583634374
589547746
594054276
591294385
563227676
577684802
571847216
562313689
564154046
561909791
571325471
605068112
599014823
586874966
597608972
570869097
566787537
574920636
570803926
560860915
580190675
574254039
573112316
566827055
574436683
568391528
557411926
563245238
567708601
568394662
563546067
579643515
568124780
562296241
569442358
570549129
566013821
564686408
572623814
570696187
567362970
570315930
570702600
566345586
571015343
560005392
576649177
562169690
572057645
574470311
559165023
567157768
568340947
568614337
582738588
569114875
575134371
564351009
582371969
575423856
575103992
570452002
565719840
561951328
562234607
560402999
571421084
578762857
584766071
584957970
587200172
585885516
567986323
571105405
566451513
575267500
591166212
576280055
577976479
574714264
562402274
565381532
566139316
574669743
591114743
585401694
595055145
595787673
580732272
567032964
559543938
563306070
581128757
594188353
579091320
568367749
570038433
576663228
571834408
582110753
583625658
568074532
564350796
568156968
564353125
571672486
556938099
575174830
590675378
592623778
585587601
584346837
583477269
585123744
590494420
556024583
560819311
573601971
562451478
556807034
570908670
577940499
582072670
565219017
567072775
563826106
566626535
563716824
562303803
570441580
554614689
562033794
563203255
556912162
563823716
568230100
577665173
552156960
561391561
564198376
565339476
554145833
566643684
587922693
594229151
573804011
574766038
573095866
608873293
593767152
587948526
570798215
559191521
565608004
563667579
573321230
570270991
568074647
563351240
560144045
565526055
592722039
571792822
569054719
553422647
562733754
559512200
557553981
576414481
560324898
562582606
574578146
577603088
586845509
559259056
567629538
568073638
560601163
567808741
572730578
564583385
568498673
565414423
572796562
579037791
574558062
561490325
558978225
557545368
564828661
582840879
563251958
561365220
559560944
562356222
578881479
588852536
563371259
565813492
561268411
573817010
566448918
562970725
575091473
572266918
559374760
558674291
567378189
574158583
589027089
596542143
592352858
587917274
587216495
565249435
571983842
594639081
581919826
596028946
581559413
572139722
586438339
602917807
600933079
580012973
595272502
591224710
585382884
584594447
590158664
599388122
592320879
583505937
580077586
588271042
584501585
585465686
563112136
565488505
559506988
559495250
560808385
576791265
560239848
567875499
564894215
591092704
585764209
566426864
573459249
561556663
572110530
565920296
572001333
559929273
568590421
570769629
570122812
566889742
568391926
576437754
563855495
558597893
559056775
567062828
560364006
570561496
556843516
573792675
551941087
565494387
552503096
567372087
566993221
561709180
560714896
570308193
561645238
565379739
567115892
565298183
554554495
563946520
556829510
565845959
566234908
591468483
552738711
563810650
568892053
561868658
569382891
563919259
572146725
554692446
568417188
568064698
579088061
610767413
581427779
568805776
579328835
592884825
582601151
591452324
579499582
574644106
590423753
587467156
602610807
594336047
569544557
568891746
564929722
572314638
567196391
570645230
583022814
595482549
584765981
595705152
591472108
566509135
559442853
560174408
563850110
569264904
566338095
572781422
563321388
571201393
571592887
577996279
572780813
568652274
585583379
601889780
599019047
597115650
569000311
568168583
559351791
564567429
578888937
564262949
569268874
565046213
581993907
588522825
591340174
574908991
567215476
567759585
570549941
593052355
590745281
601348263
591538874
596818241
589690343
602004356
594224975
565513980
565649785
597731376
598970306
605694967
572878978
564239197
567023733
572296744
562470885
561894042
576437121
585294006
597219703
595663415
592894955
583783191
570533291
581207346
589452799
592929171
590969802
576163925
569072391
575319022
562550177
567287679
583728688
578355160
569757776
572025032
573216079
558152308
557279270
562964364
569053901
562951794
558721997
562012785
571496165
565254296
573075668
564535918
570525288
560273222
562876654
556117961
566302201
568394082
559804631
566524553
566609803
583579287
594125004
583972612
589376603
574156320
568087028
568778978
602630806
591293650
590838252
571588413
586954108
602445052
595393781
602394603
588335059
565506434
568928745
565173472
570176619
594964293
571798795
575345470
566059235
576481028
567577509
564584753
568755910
557305491
561445720
568269226
566610244
567996211
566715379
566106404
582393722
597425098
570662101
563039745
575580467
561393600
577136948
595590648
591211342
560738398
558127567
571278430
556856404
576775342
585935300
566979836
565012042
584260021
591932535
585610925
578063623
570499971
565990751
564804486
574504974
565961022
566412519
568248781
558920742
581565824
581492891
584626319
568617268
563668486
568482700
568675441
572355602
558579738
557900132
571754594
563812430
564218122
571813451
563550299
563927476
566067318
558829252
562578668
568331699
563097047
567546099
582980622
594000594
594368945
576523432
549517751
565013922
568612324
559170556
573811247
562621356
572609832
567374400
566698995
562901519
576042348
560715125
566580132
556993889
568224671
563639091
566145820
569453584
561182582
567153696
565105292
567609539
566864248
561153145
573163014
567709547
577138828
561248764
568142002
564271754
572106095
573096644
571499060
565051698
575260498
571792911
568327580
595640742
581303175
560987500
562113851
559630068
563597998
559822180
566670385
573900299
573549504
581919181
594210219
581252805
580805493
599451976
605798937
600146261
600360991
593468237
576917373
555517191
567918108
553278778
569950488
564492084
562852141
570912887
572001772
569008371
566801413
578926174
564794997
569338207
565970396
563803471
562459766
568438069
573343176
570403710
572636599
565763552
562223924
569595091
562866197
553468609
566027773
564568303
570624020
562614041
567847552
568190739
573985048
568822950
563749967
562039900
567911216
567422889
559280069
558776188
575051696
567972851
567693601
569582259
570518842
569582320
568889463
581548152
561574332
563822514
569372164
576985795
571291964
576767026
562566518
580196280
595805206
561894293
564543300
563806823
568703325
561362466
560897097
574229767
567479407
570637638
582823346
591837242
570562184
558819267
559868563
560189941
572949777
577958225
563334472
562578899
577798390
561556089
573683770
563879116
569148855
563003699
571872553
561762118
577358696
568261573
563457553
554291900
558199196
571475230
557540902
567206410
560198270
561985834
562334573
567903588
575633100
562314648
577201037
570982822
566146743
570104400
565899996
562697545
570044989
574804143
575574573
559269300
559440564
571482856
560902627
562695620
555832366
566569398
561587116
569963058
563339972
562171115
571313661
581045959
563155259
559421342
566879186
567215870
562903330
570325483
568300461
565604736
571279372
565771579
570750476
566058266
564496051
581405116
578782113
567722065
588169202
563243108
581413566
585714201
596228539
589167811
573973798
565492966
576323229
575154470
600851172
568738629
558093890
573655974
575698298
593828479
591743569
582043896
559261988
563121078
564832542
578175609
560058228
574324445
551018377
568322128
562342756
564709729
563381124
558304332
557721782
564760217
565562820
572653572
586021888
587896217
596277691
588002474
594101228
585358692
574912170
565074047
566907498
573998588
592560659
586221735
566260875
568647781
560941734
574797975
588387726
586338638
599191140
597987816
594262410
593592981
599969609
581310552
572071107
573411341
567057939
557363631
572012913
557807759
563680545
563365100
570340153
559115747
554911102
572203780
608566456
592154496
590516672
602415901
581202797
567747222
569912460
571176358
563280643
569002276
568141258
562071177
581954081
586620204
585809624
585496971
568414635
565750826
561727610
571495279
574894982
560863276
562149045
569298342
565974221
575220742
556093643
572969920
572359514
591071113
588578495
601889796
583424180
560572900
563115265
562116099
558431127
564530903
567134295
549319118
566640806
572410801
577297274
593576006
587930554
584019636
595313836
594839453
592287569
599589224
565268043
571727006
559659086
568187417
564681993
570179291
567390250
566502993
555778609
568131343
574183156
568977376
562401458
563913443
575511710
556005367
562885639
574665983
568975305
571997242
590729035
597290065
583901308
567845961
563864538
572202367
600980545
584448232
564513797
564519439
577601819
570740122
559896175
556552052
567322359
568756930
569210767
569726764
570556930
575781928
567880980
572057147
580837382
590828961
592664625
566180179
552976350
576061934
569030568
580532047
589451852
559264450
565403288
564359765
563778247
560066343
558945264
560115061
566082521
563980427
562304710
585561945
574910228
571627786
573568622
565364040
575464848
571758341
567709921
561035377
564746164
560673445
569897822
565402821
577338228
596650667
591993640
595558675
598726051
575612537
569200778
567806757
566408868
563478101
570534313
558256101
566140270
569411117
564636114
561068125
565358963
559623760
572151055
606157979
593733784
586504337
572938190
563571890
564632690
577276934
583783006
587419900
566855277
563709177
596130477
592265271
582265313
576972573
567208473
563779896
566769660
564898531
570488782
557122090
572069117
565463725
569729191
563817700
563822052
566382298
559411408
588030025
578269945
570220108
569217845
566547557
567790023
560094266
569410811
592509303
576936093
567534333
597512235
589560617
588843400
600992903
578100114
595371076
600707083
595085747
594589961
578964218
570905375
574879690
576397291
577719694
573438800
574628911
565893195
557128866
564077838
554526771
567230330
570947489
564929158
570067436
578848224
601096691
563744650
577393733
556009177
566375171
568761198
564619761
570023720
561338967
562829274
563732238
562019864
563471670
563328133
567250002
555630239
558090385
563735750
568717206
568712728
566552984
570436757
588494978
566211801
576258012
568132970
571660856
563572784
583234843
580638317
566216723
563324658
584432171
600222725
592719918
583693342
572601842
588868416
585933560
596605930
589143169
579801371
558348043
569851831
566204824
565169006
566326157
559368224
574467743
580022101
581401329
585583289
583373124
567260254
564266273
565687082
567603753
569144175
573433228
563447649
579597840
568495713
592103871
596179100
568554121
564103438
567295034
567216695
559697970
571444892
569995183
569027486
566426305
588057629
600776023
584316453
568299469
571410975
578169046
561463590
568558099
570751103
565707178
568004430
561971951
564666126
558489099
566753706
572287431
561787282
562684498
566140973
562758035
562546919
566193836
562276322
562258153
568848662
571696527
553154284
562292072
558726105
565544263
577660549
558691643
571055847
593146107
596090123
582689233
586337507
559437353
570997322
565210364
575202391
569876694
574377358
591967311
595048238
591669812
597533329
592971203
583989462
598260632
593472500
584651872
568877296
578991742
567024792
570604518
568614617
578285169
580310049
552984036
578870129
601757530
593203454
602595752
583933444
566697312
567642755
586091507
597855163
600879243
586211835
589621584
594946647
585983205
595531748
589019426
561931657
569352729
559708490
567027541
563019138
571228387
566171471
558015156
561810661
577342685
575501107
571371974
570394929
585500367
601014600
599246907
587205679
576252399
568536681
591404768
589735294
560275841
577676354
569574816
564379371
572843409
574623645
566611274
566984976
554597163
560284382
561970218
564187621
574430315
556008034
563461194
570509823
559542549
567327808
576546178
562422283
557613243
558706543
581359656
589352852
586916268
561171655
566675201
558854501
570703827
558031442
560496290
563466919
555788511
571245337
574014926
571502935
566072836
564905363
567136649
569933104
565766541
568524876
562516850
563090977
565751444
566343013
564878446
559536908
564215695
564193728
566454117
575839351
563624859
563276051
562606404
565733622
565983364
590271615
583519473
559312193
565878263
567479377
559501914
568647076
555538507
569810746
586699099
592682864
601830213
579554287
572264838
562243502
562164136
576565356
593848587
584888524
567706410
588704825
599347485
594904119
573322176
566893282
565899699
574062893
572767830
559929166
583668973
577073757
566217592
573965844
573076322
575784996
594972268
557294290
563946244
562767678
561130453
565430210
562959135
568899021
556410202
565500359
567205559
579681921
570173823
563820423
574058500
577078391
567930141
566166102
561280678
561055208
565396703
564486484
556565166
567395872
570008143
558371548
574363437
565078749
562168027
566705706
559894529
565559292
570307567
572698137
568683356
573524972
559060557
564760811
592350870
592724951
589530529
568009182
569451325
567812789
600694246
600700188
568540651
569113881
568659457
567759924
563129812
569261365
577676386
559886670
558566065
567227877
552292925
573987133
574297461
558608078
568817976
570257610
576606882
578248199
568105801
560711547
563331638
569334360
569194784
575477916
567189239
564320369
578213872
566255503
567606770
563939196
562176437
555126423
565866615
573481177
577981033
564620807
568354159
565409111
572548041
563761687
561741234
569329937
574486758
556428634
566888723
571227599
556536972
573329665
560770495
558458419
573021277
567451097
564595957
554135154
570204826
573030230
569260481
562472077
572434288
573924072
563118402
564856927
565084266
558840790
566444311
566331742
572960645
574344632
560970179
570525228
561998246
587364945
595379127
607981058
564876323
566475986
563148163
558135897
561947422
561598420
575556713
591977897
606731931
596558051
597311402
577790444
568471943
568105391
566203280
569262767
559417402
584711850
561652457
569298672
558823146
571846927
593688047
604727014
584291303
596480405
592906883
584097666
595269397
595406041
585638054
584509490
593023809
590829347
575586701
568000009
567902181
561954823
560102544
569476202
558584694
578159336
577251153
562535462
563485293
571279218
570619401
567970882
568950991
565156427
567038442
557330156
574114119
560822157
582898131
577558402
580322486
564142585
569595378
560769564
570893926
579610630
571588439
573276930
572102478
563999838
562667731
558532506
561900914
567825661
586823878
595569295
595800895
591890232
563750296
563225737
558392293
565108897
553277922
574571565
553169928
570917375
594821324
582991505
586773470
573108657
562344143
567527552
568647846
561854523
568547245
567665174
567980557
565466498
568468967
564296911
567545435
570637383
569391984
569051097
553638600
561259715
587318701
570430802
566567742
584320229
587544636
582056592
571665014
568501751
563893247
557384399
569180604
562007649
572090163
570068839
556279151
569754990
571379369
556794644
567726847
580196092
561239326
582123038
580557161
567946700
584845445
593827955
593009575
594150978
576255073
569634253
555427554
561905291
559492916
567120287
575546618
556905739
578207856
567346463
572827776
567300499
569131281
570193629
562686670
566293600
567013777
564934276
571226298
572948300
568512357
578235913
567219623
563406243
563503741
564239059
571546635
563640501
564928571
567934130
565286826
586463988
598069753
586060361
579647989
563515099
562245204
562048859
570802732
573097741
565040194
566439873
567177679
560536880
561336320
560872807
560818591
557506146
573167379
561435632
581908069
578808629
568183589
559945610
570767797
564276437
565025160
557393445
556534122
563942020
559627883
573777260
574946028
556899654
565859842
564440814
564528549
567160120
573143912
563434811
569346962
572611176
589011146
576274926
576836718
561936690
567093311
568581194
570750308
571576844
563809617
569410628
565541419
564200089
565675385
568828775
556380612
562353752
572131007
563962416
567147836
564109256
561094792
568820065
560627240
563826647
565535018
564248640
563892212
556321790
568147095
571723349
567092630
573651499
569154351
561939898
567487130
588482622
578234011
566731203
556650643
560633629
576292901
567061609
564725634
562761848
567266951
567722141
572271565
566426562
588776460
575174782
594971702
593534360
586059784
571308334
564639664
566672480
566076348
565592859
568034033
554467616
568910164
559962102
564751865
557001110
576049751
569237272
561662042
564867793
564444418
569037073
573296693
564341926
573924977
571149864
565413626
581672063
564475037
561924677
562558698
571798601
583009358
582492732
580014932
603399368
567626942
569369538
561291765
561562341
559937593
574527449
562090198
560620231
566975856
563625782
562887837
567480309
567840215
568470715
560063140
563744328
561220168
571114554
563138823
570671395
580760423
563180064
564171520
563115802
566482240
587387447
572466327
559034771
562467828
576102310
566100650
572138680
565707629
566587781
568684873
568572975
568321350
569090641
567871381
574644337
588419202
565977768
567447716
565773528
565504130
568492184
569392939
560093728
564981786
560492104
575323396
566018916
553102852
573870540
559447763
561275865
585752262
558708672
566471431
567144483
570390955
555705316
568186525
564062249
578544538
579875351
560628823
566636591
566202448
570013931
573851119
564907462
563142840
572892738
563590518
563004570
560420526
560729788
569873513
563378915
563889055
566865615
575111602
567464361
600823754
593673617
599659945
593528576
593704369
565415992
571226122
580288488
584248034
584492171
582066131
599113395
582080560
592153226
596716133
591674891
567022467
568372486
594891868
587640328
593640773
591161998
568850750
565022760
571812853
604249720
596203530
573327788
567376414
571377043
579475846
572954899
563852824
563252097
567113824
567363631
567605979
570814984
567763347
559581340
564048935
569158953
578044124
568094110
566801532
566390489
569319108
564872143
565819292
564654251
580714836
570356725
561519095
583609120
604799637
583836392
558624005
561344311
574225427
570263040
563918129
560079086
561045256
567298545
565861580
568180878
581004934
558145384
598289903
598191752
603398131
598390404
584987437
572133519
593373307
602083971
596706008
591998815
569851303
561157622
574802556
570888737
603369599
597357918
562738316
599458064
602854622
590548811
583631792
593292184
558166743
567155223
567762911
564345786
571297948
561964317
574879389
574319438
565818822
565988347
574546846
567674462
567904215
578314600
588602827
581306127
575996855
564454967
566493200
574644019
555843486
570058832
569712403
569112130
568188368
564754085
576313824
564229049
564516137
561447530
566976553
564890065
567712190
576512740
572373938
590012251
590991318
573159480
572398720
567367495
560004772
562247212
572821113
563606930
567526015
570262672
568105907
577034274
594107379
585757335
592745614
590726161
598414310
581368549
589310831
578190897
570601487
573554458
565318704
572066731
561256605
565336857
567421784
560292782
563863837
576099728
570781079
555089176
573461900
561455562
565254737
557687439
567046491
570119876
576881544
594037587
599068670
592826059
594385244
557892547
594147421
591904108
606121101
595406368
586876298
597405735
594956572
588858402
577763223
596877829
573958131
565111192
562372828
557943174
558758730
568918569
558548767
557483888
571883230
568847687
569423966
568345169
572286519
566052830
573356196
567477936
568002350
567487176
557302388
569261317
569430139
585191675
563529551
560965384
558962737
573136849
569410182
580290638
575673909
563152027
580989285
561370288
566670145
561105522
569373784
561873747
556522808
580137177
591243142
586283013
567964211
557290457
569862670
565139522
579956429
589690764
555789914
564547266
588634509
590512852
594033199
577917916
575125790
582718396
587241996
596018987
601094390
570787388
564936953
566112966
565687253
590655429
588532968
561585111
571239183
562362567
567917096
590785421
581808665
569767913
555839596
577458918
593326166
588245145
576978784
572158186
565957629
564794192
559902118
559705209
558618729
577945500
591119432
593967970
592327557
582088029
573187474
593366476
600109602
588890791
592395471
569211041
568620324
569917456
582558802
582194400
599039554
590623351
592672211
581363083
588275145
588847296
572411091
563939018
567816844
568513410
566960981
568556183
565367366
557619986
581738712
580749068
581564775
589667682
583690779
589115961
587341652
583641555
582923067
591147590
562640578
576757368
579667635
590454628
596352228
581999176
579291516
569491212
578668193
575245195
596169682
567129734
578712871
578343986
562300531
569938465
550936012
586349696
586560550
590904531
585256145
596715469
592641389
590329382
586212452
599089956
597407727
584881433
597789297
596789367
582534557
589023673
591760401
585862350
556627753
582998039
566896056
569410878
581676721
582788807
561461823
562965774
566015942
572668823
560520125
574070738
562907932
572383781
562843782
568601655
563650691
563874787
592467573
594175676
598665819
577247087
587108647
568425519
564163839
566940398
556418986
555618191
570802244
564371775
562618845
564113458
570019727
566087957
572887246
566067585
596862472
598801537
602537439
585964138
568694174
587453727
589644294
604049709
594026377
571282328
576255064
600807808
609602759
596622236
565874081
572363493
577017289
580368235
594297084
591971819
572829500
563466028
565050400
570999729
571639280
569450586
564122427
575202053
563814256
576709795
597920179
578936980
573072372
567862121
567797472
558796982
565612955
561113854
573582659
588060607
590079404
565497644
583127342
587899332
564424292
554773511
564599826
562708479
574431263
555590928
564832082
565555128
560598696
562373060
568646393
571784435
572372207
566285270
579859966
576816330
573928818
553044850
573869450
554744739
563345845
576922092
563095049
563330955
566642742
569179749
566042752
566323740
560768975
572147205
564327360
576229278
583085371
574510613
561149909
557821455
554360071
579403387
573441198
571865303
560089990
565228873
569275906
560353090
570409148
563002152
579221799
555893463
563875938
567611179
568268399
568661536
565786781
571476395
584258046
584747829
580736146
562364472
562814446
563759535
561011113
556076230
568448270
566471499
579342632
560064038
568203959
577252573
585184669
588108701
581411830
594848406
577283728
575158506
567241468
569092216
562896188
574216221
570626893
566193446
578945698
565191465
564777634
557809609
556805134
568489812
562117442
567013996
566711347
572177209
574511994
588522627
579086038
590944935
578129740
590201374
567049091
567855866
562895446
559992622
578571763
589060304
554029024
557375610
573100946
566339432
563111285
559847827
564064286
563796001
553854318
565310870
574868044
561469484
568720667
566305819
567851617
569125755
569905413
561415198
565823528
566193417
570485250
563394571
575291143
552004145
565975517
563465206
574667781
573276528
572756800
565908054
580653454
588457083
581745802
576147802
569979888
569489302
560753943
572062954
567435482
574754914
570625699
573844615
583168729
577528911
561029648
567827325
559555606
550320675
572128406
572099987
567944066
563058887
569918506
557731904
570195445
574072258
569451474
581913652
566283940
564495253
564329152
564052370
561469016
567109485
577225686
565820257
561434012
559293828
566796057
561698047
562767534
564335532
574532013
564282712
581207255
597635340
595234189
590941432
588111939
559831283
562382684
573378590
563388398
560163372
568590254
560032819
573279753
581200479
565481068
561910932
559149542
563993889
565549434
567953788
557450648
569766090
567056332
555484709
572054451
569475035
565450670
569822240
562769527
574433154
573735820
563304478
575975797
564553153
568927487
569704729
559498880
573076846
577633322
556549610
559454627
569271713
570355836
565891202
575385973
564631454
575601325
563458056
575111283
578183449
562117681
568532495
563234107
566263347
566428468
557044164
559086319
572590327
561335099
566103393
567342938
567254700
556958109
570098687
557018643
571841974
567546907
567114157
556726087
574758169
558833278
565078553
557546550
567962289
566580389
568462921
565190967
559835656
569852729
559578394
573715974
574029912
583165269
582902633
567248010
561679949
561818264
569170398
561230299
575472834
565389755
561321811
566891165
560677309
554632218
569995976
567996193
569721315
559768278
565362307
569167423
569143718
559934173
571637937
564253058
571594837
575953475
566690297
569651634
562207700
569683592
566649860
555437456
576223647
565729440
556931527
556875901
560674884
559938401
561199156
565430450
560562445
563326501
561220532
569568387
560193436
564769752
562848552
567601068
559932869
565442566
575207612
592850290
592502911
583450132
584801105
569828896
560671757
562931994
581567303
577901958
563509868
566285430
565345423
567359096
566803237
568737129
563662351
571322821
583889306
576207652
591044416
581475763
572776575
571473255
562010196
590993512
586914808
570480860
572070425
566635244
573069668
564290763
570720268
564912115
559422898
565375771
569409412
584712914
581128392
562868276
575083764
573949271
572472661
565949077
564662547
565905621
562649616
559676698
589859727
595051132
591138682
567866606
566406908
565377729
563815806
562736125
567908584
575187368
576305180
558902319
563242130
565721844
562706546
562237264
567059343
562211839
568735919
563867835
565530529
578688833
588079986
584104647
571858831
562912625
577156017
605042098
590307139
598673185
574834293
560342958
566980755
558841455
561857353
570462711
559799645
567963055
561268027
567672164
575926097
578174512
573311321
560437533
564790502
566765047
581314309
575705375
559603827
570302070
586628028
589847493
571429550
574205583
569930477
564256428
558846166
566151710
568107957
567474658
559422161
558799604
568175192
567949631
557441875
560788294
566665588
555708193
561782468
564969389
573777010
570011435
566927852
559294540
565257111
572708141
563271569
578360477
585571864
602854744
581035137
581021678
566931907
564281919
575349558
577108301
603079072
586375092
585661189
588361622
589381464
586795128
583526011
575932536
580613837
590852004
577011793
594039463
582702380
563047829
567311557
569891770
566525151
571858499
577811048
555530009
572478616
584149082
583584823
596029396
564470614
562638668
563544068
569496026
561771506
563839500
563622916
565150603
572444918
562350668
568291175
561704699
561686692
566294161
566829222
568666686
570286974
561287785
575234384
572086749
558701917
551253402
559123014
561293387
565066437
570518410
583284135
592345260
583023153
575082303
565974454
568634804
560495719
564677608
562426497
558894010
570366393
572445603
569172454
568932648
562332396
563928254
564638676
562974436
562649006
591343052
587405425
578679787
567090073
561061343
567780571
552217792
570614898
568657827
562573993
595395760
582074593
572624596
559107083
564088782
554072146
569882490
564518308
566648199
565541296
560216135
572159222
556880502
574476964
569755275
571857486
558289504
564497922
571105657
559897784
560604973
570222578
578328020
560599871
569363957
561731085
571315690
569407944
559112096
562590709
563179505
551143988
558197989
572991326
562453906
565948136
557286437
578414564
561425533
567624191
581948620
583678016
569291371
567040360
564455193
558672186
559978446
571813729
572806975
576365366
573245918
561780585
564972803
552637923
562971065
559774908
567242812
561214309
564077636
556130831
561182489
558693503
576077330
588098886
565469407
577282015
581859331
580646890
581739067
567867121
565473429
571439030
570653986
564184443
562110913
564350094
560153996
565387805
570796828
569762093
562163667
567383833
561750675
560268778
567457323
576943504
587527539
574119344
567299817
562797795
570162368
564690666
563619881
575638235
586322691
585217787
573931187
567261713
565743408
566799153
559850806
567598649
570813894
576746443
572491489
584069630
583857748
590219749
577604596
572894641
568734213
571496101
569356718
552646085
562194678
573125970
565806861
566285982
560158312
569237863
565008492
561666680
562680866
563683428
564478833
560289166
572776339
564538697
566012187
576255815
576579687
573861129
571894116
560492615
560993873
559370102
560113206
564297615
564941687
575089457
553728287
563386441
563973524
577674032
567476629
564164098
564471260
568394725
566632312
559439783
563839815
579208188
584686076
565661943
573977335
590943067
584310348
579220370
582584566
580438241
577250672
569973722
567661203
561906819
564327804
558305266
563507558
569595122
564991921
559506293
559532592
563611123
561359127
569438254
570458067
589554228
596225862
593980633
569400782
560961286
564067146
553313131
574640071
568962310
587514360
591188002
590883373
593050003
587461849
567036657
565599925
570389323
571596003
604888774
585139685
568797984
574364880
558283871
556654041
568574848
570202314
572667206
561602443
561787851
569258087
566941400
558842033
564084273
574697254
579229356
597067378
590736172
563077932
562945392
572584818
569336930
566423832
562503559
561599029
600991658
591826762
591021862
604235230
573332491
564525929
562157042
570732676
571051525
583258533
570329779
565577439
573063416
563349057
562043404
581495274
577822851
571936700
566913904
562117915
556376123
563217271
565471551
567214434
566968910
560880139
564519482
565275853
559196091
565100385
567628298
575251171
591526792
579915582
569904623
581860221
589194942
572032010
572520361
579217162
588586716
592736038
594239525
581065704
571839310
572519316
581870573
572915326
558467795
582963453
587364496
591580592
595047888
586872871
592453670
567348524
562474175
572755006
566287725
564310294
571764554
556753081
574284552
561987132
561413773
558434866
562437047
569442901
563875682
559378401
562800315
565197784
558406853
574365447
565838102
559076433
564675699
575578614
561622947
560988772
567875068
562192856
561186957
563068498
575896022
581067348
586472185
567148552
573823510
568194944
558371887
568786556
564230590
567424606
572702697
576514402
569801630
571557454
576894569
576805447
577602190
566079625
570363808
563135986
565847074
566467723
566160851
563265824
572038315
560759381
557488753
562532257
565118414
562845233
562225271
564851356
561275203
573367354
581113700
574771285
571856977
563928992
561248759
564779113
568907651
571745884
566938695
561931667
556309108
565307509
565748513
566329696
566537388
569092196
565211775
564170512
551288247
562029317
567867557
562267995
567442258
578785795
567415835
590014179
580253797
580588772
569785084
563762317
572255778
562016613
588705689
581084878
564171594
576396653
590265599
585220338
600143744
562231401
561821363
574337497
577905766
589690176
594086520
561873746
563779209
561616930
567327603
569991374
571835686
583274328
590419069
584858452
601328344
588650499
586636592
589399378
597037266
586038759
593367983
583067073
567798667
561993943
568641547
568350355
567016350
562790785
562406746
566042649
558012018
563659815
563983475
561236074
570240296
588344819
584486954
590819942
596421171
559188964
560730134
561354663
570245450
565715871
569380506
557655990
564268143
558028868
563573383
568248069
565233037
562087509
556201525
565494346
562860111
566847283
570375568
590313575
590091870
575429870
599355876
596341041
565795116
574415791
568224306
561407706
566740324
565947070
568552632
582317502
579927750
586697421
601828878
579082693
556114860
568412769
572596008
569549328
561703757
574662981
576604067
555341804
558464248
570306920
558670219
565012917
558104593
564461600
558126973
553541289
562461501
566282299
566517976
562156203
575876700
580047993
564989001
583975757
588238823
587604971
597186317
568806228
597206003
588897879
597027421
595201091
587074065
567356865
567732265
556519687
572335028
567465046
575497173
559077084
566778394
570680215
561098992
558961264
563368007
564526721
567429272
569774164
587144370
597972480
568135552
572586237
566495091
563798888
563162604
568702503
571874619
556430745
574207455
560468480
563424952
567844122
569068565
570606168
564314481
568202274
568087648
558483834
568357637
557132786
580835772
555909871
558083504
568360538
565497648
570481638
561010411
561839613
566048870
566591706
559157101
565022444
563009812
573636573
570014121
564374395
572915364
551155030
562615039
570576947
562231690
573203447
576437969
562851655
564867716
564984961
560680895
574129203
562375041
571887065
576661905
565843402
561174591
563735823
566777658
555570898
570687493
568276155
560726410
561987423
577918582
592826647
579192191
584380588
586680906
575214907
581635140
563791179
573296838
571051267
567306336
566349357
561333372
568936197
560220763
574606251
567953736
556531269
566282715
570975580
565623234
564885831
577207705
585914116
584040000
568181229
585939849
580926246
593937253
587796622
585924601
582842005
564452650
563386965
568670025
570148860
568662386
574586604
572002702
565628322
571961840
565138654
557535472
575253553
572908710
566464789
564611934
566363950
553038953
556001472
565027495
572496192
584780330
584316138
586545179
578786560
589086365
579570289
591768005
567417661
567600467
557111403
566243692
569365179
567137629
560278196
568850663
559199013
563593105
565867061
565916314
565206352
557048346
561944831
556961377
560184157
560551995
574742207
560391067
568429554
573177977
559982216
573514877
567626349
574280936
572889235
571790265
579204002
565939124
560645015
580073979
572696363
571658160
571220294
567946156
567168938
550555033
568723907
577085551
563349839
581112973
588013110
601049827
590389704
580286611
559273912
564644901
571056300
562022639
571894680
575860489
586313484
594183395
582903602
582261354
593710068
558103716
575300727
562996305
563657119
561862828
559693752
574305950
569744064
560690956
564746903
571551314
560753035
558840635
575612939
565474782
569771450
586706068
592139864
560563843
577096503
601989360
594197144
586744905
564196623
563458736
580081970
588551238
593098064
581825114
584349456
564807098
601241188
596810427
598174400
574420451
592661260
595788423
596852420
597510391
583092443
567056440
554652410
563266169
557060976
573186851
562000006
563167571
567972051
572711236
569793904
575477789
561246908
557237474
566920435
565915524
562964691
569917008
567091195
566626153
574170139
563583513
560035992
557835967
570036605
561737772
556273136
566704869
565449421
579258759
575901781
565993600
558942928
567874403
562663056
572302783
558440077
564390433
567617810
560283972
566755952
561703952
566553578
559659584
571091190
570549373
567648543
557553634
566964921
559414806
573758643
577654272
567609133
562320609
565103226
573423254
563370730
562763169
573015094
563454456
575138401
604921433
595804704
571105896
565154507
564257575
556393874
559075332
569665919
563642521
587749088
589015332
600565845
605565030
583028801
566587468
567785483
563743299
567918713
562867908
565483777
589786588
597553922
583255587
596035644
582244265
597030445
601264349
581521563
586085057
586935125
588944685
562956598
572124735
560559649
567244682
578631033
583082318
557954984
560594631
566897607
558878381
564832469
571650879
565996040
572027585
561944940
574584646
573598354
586680947
592854305
591977275
592448776
591500903
573630197
567264388
594717784
561854565
566767358
561094506
574172633
574930058
567346541
568192856
585928609
570417792
562509957
553970558
556547788
560220513
559200105
567344909
564896239
581685679
590286948
596959449
580096871
568408570
572855368
563934802
572680457
572573417
582479420
554047899
565611790
567387222
576049321
574876793
582432973
560795430
565702626
566874462
570571770
571482574
563479404
564051756
571421495
572566891
566761107
578650634
561172091
564179670
560966014
566188837
570101847
582433714
557333316
558175483
563715672
560006972
570955284
562998414
558992811
565873548
566504479
572077872
569205611
559998133
564972591
567766833
562126428
563367193
559408949
566365658
570084897
572386885
567398054
578062234
564291259
557913052
572488968
563918727
569762618
564456669
571308431
563527654
567377853
572823900
561376012
563075545
573753579
562928971
566378155
554695184
567284256
579230374
573637662
563338841
565111885
595513913
567507409
570428132
568011810
566959989
586966331
588949503
574778856
573550833
566829784
567299636
566006449
565314450
563156376
565946414
569533428
571980484
581999951
585984002
597334845
587666409
582635241
587593364
576316790
566795506
567040328
560332041
570197472
561723608
558818084
574701008
566464955
559154053
589290109
585374896
580109926
562284198
573447422
570397596
567896358
565222818
565939712
569530102
566769065
559102203
556745296
565721448
576582740
575199866
580029117
582607343
583104484
584134572
566325804
565007826
556469586
571502255
565766990
550630867
569147645
574950432
564770281
564787658
564166047
573260848
594528047
594400670
582227235
585720764
578710693
569422218
558917460
567025893
589028649
592840118
584109701
571899785
559708106
565120938
569307986
571890445
561516526
580381038
583264116
587047687
583104253
584295052
563078611
560179389
581544373
578456586
588948238
578381121
565061353
567218236
576575100
586296171
581635018
576619375
567385577
559098894
565194938
569783193
572640362
563804764
559263594
558958446
586338990
577589434
579588467
588989244
578914020
561250768
556706156
566608505
572786880
568502789
585700931
555794111
572046595
564917972
556597218
569704453
568839701
561059056
564504438
575682138
566745852
565024959
566107999
566069926
570837589
561053256
574294387
573481498
563448629
560776482
563551975
572408668
565318846
572186571
577333025
583158917
585154558
594318084
576033485
578327243
583254385
578034665
582015291
561859189
570696172
562857299
573004094
569926086
561239693
554743756
562700018
572531165
554566852
558824820
559561524
586331189
587511490
579203035
593606847
584622905
560363038
565051371
558299099
568781918
569659799
571396338
560422278
568964942
574818196
563003368
567017200
562638910
560813565
574357972
577719720
566900590
561235838
564221679
561638690
566294949
561712259
564305496
568747289
560492670
566243190
569349273
568239072
561873586
566786142
567266381
571416591
565382487
570328104
572386493
561878446
563967565
585942285
582386953
577870498
570404812
558894933
558966259
560718486
556347217
569283895
565864889
572376840
567097916
581700474
570635362
585783794
568313663
597373841
608861546
592618028
577053425
567875796
566182910
570196318
570814047
554736002
570383751
565833395
565840890
547560866
567835853
574567071
563355648
565233278
565217404
563002725
559461931
562913069
561689438
573335308
574166985
559544386
565679199
578322309
576122698
563948145
566633269
564089980
565469476
562878802
554230319
567504559
565222582
557288659
561651231
564440112
561946853
563704738
569131183
570729948
565220441
554010580
567049826
568594079
557343481
553197050
566650735
557829081
567532340
565262186
589723170
599693250
583557012
572412187
557655392
570423952
561656749
569763591
564321236
558303492
564796376
576051912
561311437
570529208
567782948
567358895
562555354
557297994
563005119
568338829
570235767
562734608
570862056
570589682
554362440
570815469
571952084
556365443
561825486
576226467
565803316
565021783
567773969
558355822
570683739
562206033
565225891
569222748
565625363
561381262
568366699
572487841
565717639
559801914
559762214
590128582
589515307
576101133
576037144
579364542
584975081
577615906
583462715
578264350
567737617
578958931
575701709
564607100
565127843
593900877
573314588
571940379
558860625
568091131
565929252
563646098
560411006
565455921
581706313
574490199
567421044
563883874
567236187
571564946
577606677
572031202
558112625
575473249
570535870
569192152
561144480
584639782
568627015
568754770
594268419
577525989
589998099
581878728
573745389
567103632
562958896
565171330
558830923
569883742
561583051
560991603
552772641
559508555
565954039
564730283
576723779
566793181
564574230
560910243
572154621
559331931
559201521
563615861
566339314
565377276
567627601
560892117
559846592
563872031
575605752
559894449
569924310
561455959
568130728
564299804
567030029
562845440
565283722
567429590
564569262
574849316
585246465
573285421
565862048
571111642
565318882
561808869
568523228
567088141
563383736
563921638
561890202
567916338
566562992
558327378
559823021
565702153
563404154
566683405
575543299
593367552
592785275
593536421
588578737
584589071
562264442
569332270
569725529
568794812
562479936
561823110
557917854
562549911
569168591
557769188
557911122
571196495
564391931
568904718
570987914
570429276
565902105
565734294
563184088
571209321
568051662
570538386
565337194
561670155
570681197
568511210
556652395
581553757
577156964
556129726
574640831
562453627
554835348
568801524
574150877
591997563
585350531
594476278
569727273
573338673
561593196
568244460
559986838
562865634
566345792
578858333
574038725
575249784
565926221
569116012
562162992
555225247
571333414
565035702
558431806
576915791
567129094
568314198
562362936
563715279
573112863
567371208
563698713
569730867
566948559
562328617
572048659
571703373
571610836
570001073
573563728
568122250
568268515
563988856
570562589
564286539
565352266
560241109
564814523
566971699
560622670
561486760
563873078
573147606
559912445
550177062
560991859
564571421
559030545
563407354
564301630
566018077
568697486
557636319
562223058
563717624
573066049
562538761
564237628
550938380
556923991
569556641
558968663
556249956
558439659
568430169
560572310
562662240
569779858
563414762
569454102
567353354
561156250
570226235
566247180
569888921
566066778
558535991
566940515
561692435
567541526
567308891
557184427
563585210
580080964
562123543
578199273
572114578
570008287
580052037
563188691
560491340
562765281
583245368
586002690
588783412
569376889
555008810
566749882
567115882
573413167
576689576
571763795
566543671
559604538
571112548
562692013
572949269
562631584
568302347
566329385
580573979
558400818
567865601
566715517
558201234
566963384
572386467
565654476
568001606
561391939
582893633
585331238
589589855
587452915
585338698
589205373
581361749
586208182
591295481
571229823
573011461
563143414
561313615
564051740
567506621
556174131
566661277
573590574
559662660
566138562
568231052
558154316
585525498
593385453
583433484
580087508
564690663
558945915
565226000
565541708
569867876
585974701
566045772
572465669
565942109
564709772
567825434
561670256
589619002
593823134
594947400
591656127
585148563
577097661
561847322
557489352
585651983
590587269
594165856
566205685
585765895
565560922
570403614
594171535
583541783
570431081
566247345
560250585
564176989
559752763
569576685
572920555
573077640
560806782
562441476
570914252
565518190
565295088
561399503
566173658
570956090
579034468
563892040
570522689
562098215
568933127
575532459
568109803
565350948
576696994
602043064
596000035
600877942
567559835
563823101
587998933
591279034
588513557
587880732
564392604
573614060
568788587
570497194
560751043
567305061
559145760
562292629
564392693
555822656
557020291
578505136
554067296
571217556
563017653
568505428
561193694
567376813
563329887
564988335
564005379
566252733
563947898
569908785
593657039
