28836241657
28476963617
28783935633
32326983943
29161660921
28262495463
32081715907
31488027305
31352320925
32675998127
30696655190
28760518298
29645055268
29170677045
25711915003
33972526723
30964565161
26696486152
24116225329
31065628171
28971212996
38759363812
38471504492
37056653608
26706933748
31825242683
41809851108
42396429246
39003907540
44233179249
38016706945
39906048129
33820231070
22146458209
38007735573
30816309879
34737526297
35297015595
36201080049
36067853089
37183808500
28674418885
28373483990
27273655980
32236930497
28785764094
26086643602
38665397443
36537684389
27973078746
35977348722
36287382937
28716819752
37390412179
36578689605
37255553103
38469000464
33611170976
30561177083
38873859933
37172999874
32788829624
27974747156
36004846594
26909966425
16304636479
33667191240
27160024882
33020993935
29209354887
25836728168
28277993046
31362357526
28593360865
27515689437
27135903325
33018231391
36578776674
28298947160
31353310252
35740016360
25271704400
31281887006
28196445116
34234649744
38169350551
37975770491
35399376975
39170484409
23973801531
20869522625
19971847532
34698451457
41944518056
31339134707
38462767814
33366849086
36197546282
39982455682
34411947476
22581899919
17285212822
18122399456
34033063958
27260831562
31709290498
29200229871
23065972569
15091581724
19362828186
14770239796
22797103009
39454735765
30628170429
34889890339
33373570282
32049150134
34475258034
24754682734
33252523405
37960125736
26887269333
23068420087
37914163652
37466587384
30651872007
38029936747
31034589804
27649653492
28015551670
27596731891
24899804695
27496764617
29042720414
27236784685
29245077286
28006052178
23254136414
41837870514
34511912340
30481355103
32151430182
37552127558
32554528409
34913305259
24826315812
18325410863
17819646670
21978495208
32857513097
23576141095
15158339976
15639856694
15640798656
26813797634
34246357334
36386648517
19369989697
33138901483
42146045057
28872481284
31613718026
34145795898
33142745926
36065584228
27012898497
16242309047
21702609039
19397798147
18776734997
17430029757
15489121897
16154019065
15409577885
18462628476
15455913906
15421269886
18346054995
17646317030
15869596891
17413738757
14574039967
33280133376
27830734841
32064189142
28876490894
30311909102
33227617854
37249879864
31300421056
37632686456
37570888501
18721650108
17805159007
15407629835
18604449939
16317290020
17055322048
15858129796
15626629281
15136268034
18678738181
17535689511
17065750354
32458916769
30061600082
32914126668
25723987785
31682366777
45917375873
28223854689
34493157530
31181570047
29959098832
65182842140
71707185337
77289337439
27704399189
18238969540
19010095712
16540291884
16540923027
17374493357
18148674898
17167908539
18474932676
18423418832
15448870023
20390622865
16437525375
17182821033
17906379984
20374951359
19143511223
15911229842
20761359284
18216098986
17830228449
18171880466
17744669590
17311681140
16827430068
16480245024
18999049632
25587544439
23142662814
29375587745
30048589546
28520209037
30719514600
32987328720
33148380283
27149364765
30319455897
28657160121
26208762844
32372140004
26302161860
26363091406
28982237608
28860053926
24219684621
37697828077
33164958754
33054388268
32173421691
33993566225
73071743448
68052664918
44346624251
34711678544
31442550328
28498813524
27225596285
32099928573
26793274057
30989315389
36112506027
41535162766
70746586228
74450684446
72010565095
36109392939
30344426160
53958098152
79749790037
75375495238
29613559671
34567163816
31213702883
30362536685
29364452022
29874207305
31450776871
30567611467
24086467943
16326855178
14708423673
15282943234
26139335043
33403985377
37927834953
28056164405
35790450438
34296692374
30041827503
28366836699
42568994494
19016813539
16265169025
24395680766
36837479214
35731840060
35833778033
27698807763
17026759928
15963089731
18439872602
16729678057
16638143569
17561233741
18784898710
15993876393
18449719788
19352495759
17950196175
16468376220
16821352365
17759347139
16771032830
15017660680
23470681143
26605722115
30157510063
33443362079
22394230187
18651574718
19281690023
20263644917
31942185212
26567855866
25171254589
29131995943
33243493609
28906437063
24415064303
31115603584
29061260478
33105990529
38102961167
21791984138
36217378068
36165445749
36209825174
34006333483
38947960322
36161562544
32427435385
31965125595
41943212838
35211812071
32474661543
37598219040
36179583711
28380100933
36857335096
32310574792
25762432133
19660566500
20629415632
16241574254
21442899767
33159027774
37080811024
30027856277
32178540339
34553190484
36408469821
38396256036
29454208572
41867297564
31802921107
31306044850
31882234192
23627272954
15474718028
14568699998
14642954284
13380814303
16264164656
15286193548
17472410347
23471335050
29136035657
32821347431
30860342416
32497395660
26291821322
29812284110
28891153964
27717288414
27358590020
26594617654
28982037377
28318271572
28570907863
27361865002
30279863185
27052911326
29797376778
24072523686
28751266275
35373668752
35347855000
35675952548
32218946527
33569070407
29625259492
34006238502
34538606340
31605456405
26497587344
26459496716
20567487378
34106716254
27447940171
17892302183
16365612012
17043834937
16127125338
17784127959
16029199559
16569738269
15152445378
16322688985
15954794003
18224668999
18381806065
38058546183
31220997816
30565926365
33266401760
35266498605
31245350801
28305489014
34225082953
24471757342
37401644539
31978659802
32784560009
29049552487
18745158538
15953846778
14627737047
14093285907
15257656992
18041801818
20125921360
22161486134
24542482092
25112112382
25197063155
27767385338
25060402009
28192006048
28950901342
27882182924
32025450802
26894895541
35171366315
36164298870
37644459304
33543008059
33864168439
28852184764
32590518919
30594829386
28085339144
31514381295
32045110048
28251566367
32348349760
29151598678
31793596825
29570667249
28748371908
26249069318
36116818387
40898505500
42566671589
36075259367
36781963220
43100415654
28613034958
26376512994
28544695759
24779260780
29465234033
23086422751
26358285593
34572015908
32760580475
26363136667
31506718389
28507200039
27661519785
31928979811
25729817587
25001492435
30766363915
26266531320
34076536851
17060326780
16116298832
16293880360
15610082919
14739937441
15920595367
16550841677
22404949096
36447588203
29610996884
32712959423
27765922122
23445005451
54817908799
35314039589
36362081959
15527091151
14941422334
16336114327
16827106688
16866848673
15862657488
15285650355
14337636450
30915303276
40297690044
34469819265
33291498886
36497695675
37984804670
34391898728
32801269658
28333956135
27281627051
28293183657
27692194373
27970855824
26446736847
32244944240
30163282408
31540004167
35067222016
33901471684
32390385930
25025882502
29191550817
33824728383
32728346478
33263935194
27171142243
25602620502
17682520420
23494669366
37038168344
39198821389
35747880374
33503905443
36654890361
38559959261
37083026182
36343320824
33690612443
40508251889
34241744196
30082785183
36712158667
36207440567
38159149222
32544602696
37710584069
37864789647
38589960467
31433510333
33741572672
41791803908
34901420996
32066532294
34874599725
31433148420
35661956068
26069180031
23620694934
36316056640
34724732353
30319334720
36333454962
25947073792
21492996286
33540235981
36472730194
31912189587
37619400921
32154651665
35472770683
32132854038
27787684968
31045219264
33136364350
25997953761
39574364933
36162712499
41918408397
38554340907
35285930300
35630971532
43005079539
39476711805
38938214057
35747287748
33841966523
32267274029
32382547266
36127925067
26141856839
25725275971
19176019935
22340970767
16559822362
18444750198
15861710677
18900484941
18931718082
17138155808
17541216762
33012927321
28804133094
31434115822
27394961698
31605103168
36876620694
27696892033
28018353146
29270052048
30088105522
33954292700
18823275401
32650851523
30221102890
31445355139
31191295444
20778241265
30691695524
36294118924
37895123941
35997440404
27741765456
26951113863
31613816103
28734272028
28401336491
29395512421
25480537635
29988069763
27541176170
29861088073
36727247508
36428828522
36159506131
32312738276
30585302883
39973419718
37129480914
32398972258
39042346163
37962599268
34714914566
33385826170
32286255595
27363657740
26740718861
29402665556
36011639654
38918659869
33354217971
26841921892
27849060814
33281088300
32961695648
39142074919
33958283428
38917667356
37274439159
33818932339
32158291244
35305529329
31456655023
27395289019
20543975225
34432829168
35007057635
34108563860
37229956779
29484713556
37810017402
39180657967
39708479783
33364284702
37570716101
37319276996
36705906781
35669454902
27739807407
29841450502
33889943943
32074032185
31986964671
29432063874
27583545268
31037802231
29170111481
29881623860
39361581852
20808064524
16796030406
17345618840
28561381821
25161218295
27343511729
29217425995
42523940459
22557757565
30956608918
31743092579
32320120569
32191368253
27715687876
33150408155
31826354750
29244738777
22271403629
31024714698
29921386503
32783077567
27874874031
30676927743
27735694603
32135888635
29493248745
28610525465
29985088500
30546785447
28219258095
15853006193
15947948363
16407950591
16689465757
18351455623
14121088147
25303865605
33760023071
21807637906
16577893846
16095020558
15162142859
15312802298
16171805636
16599864253
16544177853
17172597357
17577502606
19711686286
31672033975
33289890417
30095143519
17133011029
16014731263
14981837132
17250938941
24124920247
35602042003
28722885157
34224913347
36286288143
31249187001
40139492701
29667119408
31965853217
28784172219
33286964506
30367480387
27284759485
32502178767
33670617768
21456671883
14828474570
32774677741
20500602913
17441152551
29406962814
21073522347
14592735653
18471207274
16420632566
15966588697
16097544115
14862642511
17926036042
26909671902
32397941999
28336391284
26909511013
28757082117
28810970307
20584018013
15601182599
13373090159
19196739989
16627523148
16194840985
15496959617
17488958696
14978618707
15946637927
27560525129
27533953573
33662185453
27048417776
28668307919
29011926512
29293567417
31434468155
30453354574
32141287881
28824040595
33965454790
21091684044
16492944443
15840814051
18833819967
16513570112
15319222666
14296227074
13498161079
31025400081
34651412218
31915632035
31084394158
27923366056
32602424442
17546344349
13986404301
14722595989
16797369971
24335822334
23410441891
26270833636
23403794015
25450026617
18836812863
14692571037
16375412045
15317218757
16683861694
15675690718
15224433711
16325546139
10038363619
15531800007
26971513140
29951423585
29088448571
29406565557
29806452026
30523089241
28398644360
29871847399
26975469204
29485593791
24260614918
15246714252
15711596015
16844626171
16576353592
15922222321
14822058143
17161311476
17118373751
18235279534
17722629949
17765906898
19262729223
16532470124
17187569415
16686866781
14724389995
17040342586
15691065960
15778198109
13149730141
16596322206
13070364637
14907651088
16066882437
14808599690
15515337370
15910616227
15973565929
17627722326
23266119925
27264919299
23256981099
25869298541
22130060451
27442167272
30720901162
28750495883
24430832616
28194768329
25704905097
14693648970
38000266438
36670602489
34507049641
32716941494
34093015214
29840068967
29916385576
33986353924
29494452031
32428091048
31612184884
33079103960
32695911658
29259468347
26839804149
29505251811
32840747884
41709312196
35341998880
32994362101
31889356077
37676031877
33008045462
35801886847
37198959367
34848249577
34896794543
34601529704
35861534279
32082886275
36638593822
20176080524
33501040846
26971090207
31723717046
21811075146
29134976335
34517218587
29399148306
29476068545
33419859138
40640202545
34406299434
31346484409
31394518341
30207533819
37371321469
29784368641
31464365151
27691340157
28998761015
25673624525
29143805507
26087488072
25107416512
28149302060
29466097327
21873284969
27887298351
29115990689
28506549917
24043056656
24166417724
26266284967
28806605354
27299430545
24188674210
29446268407
28881177520
30720445013
29701576178
14074817432
17180017845
19062589836
16885198110
29092531756
39232129344
33782193242
28489300213
16762164627
18497132708
19333948557
17308372936
17526389619
19270528165
16806205482
17746374874
16906491664
17016384205
18244575713
20902121740
20435621086
18766375426
15282368744
13605506301
31300848995
31539906659
30098433281
31267259986
27145485508
31728892060
33197603005
30148495333
30339982290
28362521670
30513073297
22706311381
36568682154
34325736310
34917994586
34365047788
27687815675
20599617175
23096381429
28599105806
30764839803
28510225218
26618631197
26688411952
29675480559
28985394347
30930911904
25622547811
29219533544
26374164956
27234236642
25154373235
31209798940
28481805177
26565901472
25753410138
30488685592
25001492435
30048589546
25729817587
73071743448
14978618707
21791984138
33364284702
17043834937
37960125736
29446268407
37080811024
15639856694
39906048129
17577502606
29806452026
36447588203
14828474570
14770239796
23256981099
33864168439
13986404301
36670602489
31245350801
31965853217
15840814051
33670617768
26696486152
31793596825
30207533819
30481355103
15409577885
17180017845
30344426160
15626629281
32784560009
16468376220
16885198110
15640798656
26069180031
31362357526
33079103960
35790450438
34234649744
41944518056
16322688985
14981837132
38058546183
25947073792
31281887006
32045110048
34493157530
35314039589
25622547811
35347855000
40139492701
17819646670
42568994494
32064189142
15861710677
20584018013
29916385576
28784172219
13149730141
22557757565
14693648970
28599105806
26376512994
17561233741
26302161860
34241744196
16265169025
23410441891
15455913906
33280133376
18900484941
27560525129
15527091151
34033063958
29465234033
29088448571
36638593822
28891153964
39042346163
27787684968
28613034958
31352320925
38169350551
40640202545
19971847532
37914163652
16906491664
29364452022
26069180031
17819646670
33820231070
37198959367
39708479783
26208762844
17892302183
18604449939
33289890417
34724732353
35067222016
24166417724
34411947476
18148674898
17133011029
18823275401
28891153964
29134976335
28362521670
36578689605
32428091048
16762164627
38007735573
25171254589
27533953573
31978659802
27704399189
70746586228
16264164656
29364452022
15922222321
25112112382
40139492701
72010565095
14568699998
42568994494
70746586228
16689465757
19196739989
35630971532
16492944443
28982237608
31300421056
29675480559
26497587344
28362521670
36537684389
20869522625
36207440567
31115603584
32310574792
26696486152
35266498605
25673624525
13070364637
18999049632
31300421056
28810970307
14708423673
33364284702
24542482092
35977348722
25107416512
37598219040
24471757342
34391898728
15091581724
13380814303
14722595989
29988069763
15610082919
27874874031
16599864253
30546785447
16596322206
30930911904
38058546183
17043834937
33824728383
34365047788
29061260478
33018231391
30956608918
28192006048
30095143519
13498161079
34475258034
30098433281
32326983943
24430832616
21978495208
31889356077
36705906781
29143805507
39003907540
16480245024
29042720414
38000266438
16375412045
14828474570
34406299434
27048417776
16336114327
35266498605
32994362101
31181570047
28998761015
28318271572
33266401760
15626629281
29985088500
34567163816
31433510333
25271704400
30860342416
28760518298
31882234192
41944518056
32158291244
32497395660
40898505500
31743092579
19971847532
28336391284
23086422751
18931718082
15853006193
15162142859
17744669590
31709290498
33252523405
32497395660
28318271572
37249879864
29840068967
36116818387
32961695648
37864789647
16326855178
32310574792
32074032185
16336114327
31826354750
28599105806
36497695675
31540004167
19711686286
16599864253
43005079539
27698807763
15448870023
31209798940
36067853089
30082785183
34006333483
14592735653
15947948363
16550841677
19010095712
34145795898
32428091048
33142745926
32064189142
31826354750
17627722326
14862642511
34093015214
18776734997
32821347431
15973565929
15152445378
36386648517
18148674898
33993566225
29191550817
34406299434
27145485508
29985088500
37927834953
26376512994
24754682734
36837479214
27363657740
28784172219
27560525129
20435621086
26971090207
14337636450
34711678544
35602042003
30319334720
30481355103
28018353146
32398972258
34108563860
20629415632
29951423585
33662185453
33954292700
18678738181
17040342586
26909511013
31743092579
32914126668
26459496716
37371321469
16686866781
37183808500
25673624525
20176080524
73071743448
15675690718
29988069763
17430029757
16806205482
27541176170
16194840985
32348349760
26565901472
18784898710
28657160121
33569070407
14121088147
35347855000
17308372936
28015551670
18381806065
24754682734
17819646670
29049552487
33611170976
71707185337
33889943943
23470681143
24043056656
41837870514
25161218295
27882182924
35305529329
28881177520
35675952548
36164298870
27145485508
16827430068
30766363915
17830228449
15136268034
37676031877
15861710677
29476068545
36207440567
16492944443
32398972258
15920595367
18833819967
35833778033
32987328720
33281088300
34507049641
79749790037
14724389995
26841921892
25587544439
26951113863
41867297564
37927834953
29217425995
26793274057
27583545268
30488685592
28876490894
17646317030
29406962814
14941422334
34493157530
31442550328
31434115822
30546785447
29812284110
24166417724
34234649744
27496764617
28881177520
32064189142
33159027774
14692571037
68052664918
28750495883
31339134707
15954794003
31728892060
15489121897
36162712499
24043056656
18439872602
14708423673
53958098152
29985088500
42396429246
29797376778
27273655980
17167908539
28196445116
33148380283
33543008059
24395680766
32320120569
33164958754
33291498886
33266401760
26971090207
28401336491
34246357334
37466587384
33142745926
14822058143
27698807763
37249879864
31965125595
28748371908
33354217971
33965454790
29161660921
29625259492
16559822362
13498161079
32554528409
27225596285
36670602489
17374493357
39906048129
33291498886
32082886275
36638593822
37255553103
36712158667
37198959367
39982455682
26374164956
18423418832
18423418832
32712959423
31965853217
34241744196
15474718028
32312738276
29092531756
27496764617
32178540339
33243493609
31181570047
14708423673
29874207305
27687815675
29432063874
27696892033
21873284969
18041801818
39708479783
16265169025
33958283428
32025450802
13380814303
15091581724
18216098986
36011639654
28362521670
28262495463
16116298832
19397798147
33079103960
18444750198
34517218587
26605722115
38665397443
27236784685
24116225329
37632686456
17441152551
29115990689
27692194373
34553190484
25001492435
41791803908
30720901162
18244575713
16317290020
43100415654
32286255595
30163282408
25001492435
33503905443
32650851523
21807637906
31353310252
37319276996
15246714252
30061600082
25704905097
29881623860
17430029757
27234236642
28192006048
20902121740
17926036042
37229956779
28872481284
15136268034
21978495208
30319334720
32801269658
28194768329
75375495238
17546344349
34325736310
23068420087
29293567417
17043834937
31191295444
15840814051
18651574718
28298947160
19333948557
31802921107
27696892033
36497695675
14074817432
15858129796
33403985377
16821352365
32066532294
34106716254
16885198110
29406565557
19369989697
13605506301
17311681140
32154651665
39170484409
35314039589
29505251811
28481805177
25704905097
28982037377
30567611467
25753410138
41535162766
27849060814
27735694603
22404949096
17285212822
31037802231
15421269886
23445005451
32398972258
28305489014
39142074919
37927834953
20435621086
15527091151
33667191240
14978618707
15922222321
23068420087
38029936747
27787684968
15224433711
16420632566
23403794015
34296692374
16844626171
14724389995
38589960467
39906048129
29432063874
15862657488
18721650108
28852184764
15861710677
77289337439
36876620694
28507200039
17413738757
36386648517
17138155808
17374493357
27281627051
26446736847
27135903325
31464365151
29170677045
41943212838
31352320925
29840068967
31300421056
28906437063
32760580475
16171805636
33841966523
17308372936
32082886275
33443362079
16577893846
35675952548
30628170429
37619400921
35285930300
14862642511
37895123941
19262729223
16264164656
15285650355
19397798147
31353310252
17950196175
25947073792
30207533819
36408469821
15448870023
40508251889
28476963617
32397941999
16420632566
28876490894
34234649744
18836812863
27698807763
37172999874
29399148306
14941422334
19281690023
30088105522
31514381295
30719514600
32348349760
24415064303
31514381295
28223854689
17759347139
26841921892
28810970307
24826315812
34406299434
17172597357
37570888501
29115990689
25602620502
28804133094
31433510333
32783077567
16066882437
17765906898
33227617854
25602620502
28398644360
15626629281
32132854038
36578776674
15853006193
32320120569
27273655980
17026759928
18497132708
39142074919
30082785183
19397798147
30565926365
16866848673
37962599268
28380100933
16365612012
35731840060
30930911904
24188674210
36159506131
21442899767
17055322048
25836728168
32961695648
39042346163
25154373235
65182842140
28985394347
29293567417
18041801818
38029936747
25729817587
23410441891
28674418885
29406962814
17906379984
15496959617
18423418832
15640798656
30546785447
36164298870
44233179249
32857513097
31826354750
32025450802
29245077286
73071743448
15455913906
26567855866
29476068545
34601529704
28674418885
18900484941
17043834937
33008045462
29131995943
29406565557
33018231391
21873284969
18235279534
38396256036
30098433281
36004846594
24430832616
34411947476
15922222321
28223854689
16365612012
32840747884
20761359284
31539906659
28366836699
35747880374
31434115822
29610996884
27225596285
36109392939
22146458209
16569738269
19281690023
15496959617
29115990689
28613034958
25869298541
17250938941
29395512421
37962599268
15954794003
31352320925
36781963220
33227617854
18784898710
29493248745
15610082919
32267274029
33889943943
31613816103
22557757565
27135903325
13070364637
33159027774
33670617768
13380814303
15711596015
18351455623
29293567417
21492996286
17430029757
34601529704
36578689605
32987328720
29675480559
26208762844
28507200039
26706933748
34469819265
34913305259
25303865605
32987328720
15840814051
32675998127
17060326780
35747287748
22581899919
16194840985
13605506301
39003907540
27363657740
34108563860
29399148306
31181570047
26376512994
41709312196
32066532294
30628170429
32783077567
17118373751
28806605354
22394230187
36386648517
18784898710
37914163652
14822058143
31889356077
34651412218
26266531320
34538606340
41867297564
36207440567
26358285593
37183808500
32675998127
34432829168
34567163816
38554340907
37895123941
23086422751
26909671902
27363657740
33018231391
28881177520
18678738181
26839804149
28806605354
31024714698
26086643602
19176019935
19270528165
17892302183
29200229871
17016384205
28333956135
27264919299
26087488072
19262729223
37960125736
32602424442
33503905443
38102961167
34737526297
37083026182
15946637927
14642954284
26291821322
32821347431
32132854038
16513570112
14808599690
24188674210
30344426160
17167908539
32045110048
28196445116
17413738757
73071743448
39982455682
14822058143
29217425995
34848249577
33364284702
16492944443
39198821389
26793274057
15136268034
26270833636
32650851523
28783935633
28891153964
32099928573
31065628171
28610525465
32191368253
28366836699
27442167272
16844626171
16171805636
23410441891
29613559671
33079103960
27135903325
18444750198
41535162766
30964565161
32914126668
32382547266
28373483990
38918659869
21791984138
28593360865
29115990689
15861710677
30513073297
31045219264
27395289019
33354217971
31672033975
28906437063
34365047788
29259468347
16097544115
26302161860
36670602489
30565926365
29293567417
32554528409
31539906659
34511912340
33105990529
27583545268
16127125338
15626629281
26909966425
32987328720
25725275971
29399148306
25197063155
13605506301
27273655980
16480245024
33243493609
29484713556
28852184764
34234649744
33667191240
17472410347
32497395660
29170111481
32914126668
27160024882
23470681143
37864789647
33286964506
16577893846
28373483990
25060402009
41943212838
26291821322
30628170429
32348349760
31445355139
26266531320
34145795898
33373570282
22130060451
25729817587
31346484409
28757082117
30339982290
26270833636
17722629949
29244738777
17285212822
41709312196
34874599725
19333948557
15640798656
15319222666
32267274029
32590518919
33889943943
15610082919
34106716254
28293183657
32025450802
27363657740
36179583711
25725275971
38396256036
14907651088
27533953573
28298947160
37255553103
38559959261
33054388268
19660566500
33889943943
28982037377
32544602696
15312802298
21456671883
36654890361
14978618707
18999049632
31281887006
31115603584
24166417724
33291498886
27687815675
25112112382
32427435385
20869522625
34469819265
15711596015
41535162766
33741572672
24188674210
18238969540
36075259367
27442167272
30594829386
28876490894
26894895541
16264164656
27691340157
29874207305
33266401760
45917375873
15489121897
18678738181
28804133094
17472410347
33354217971
31986964671
30964565161
36065584228
27273655980
34225082953
25450026617
29988069763
32326983943
26894895541
32987328720
21091684044
37710584069
14907651088
70746586228
28510225218
35297015595
21807637906
18766375426
33354217971
37274439159
34517218587
36207440567
34106716254
28277993046
23065972569
15691065960
33280133376
30676927743
29136035657
30362536685
29797376778
26087488072
15246714252
37198959367
24116225329
28544695759
13070364637
30279863185
32695911658
20869522625
18325410863
18449719788
17374493357
28293183657
29395512421
26909511013
28498813524
20435621086
16304636479
42396429246
35790450438
15515337370
17311681140
27649653492
34225082953
34711678544
15246714252
30561177083
32427435385
15515337370
28056164405
45917375873
19362828186
30344426160
30766363915
15257656992
28481805177
13149730141
31450776871
32320120569
19143511223
34874599725
29399148306
29011926512
32783077567
27765922122
28015551670
31025400081
34325736310
15954794003
14862642511
38469000464
41837870514
24542482092
30488685592
26565901472
39232129344
21702609039
37914163652
29675480559
15312802298
35171366315
17488958696
17722629949
31084394158
17180017845
33263935194
23086422751
33020993935
18439872602
27560525129
33543008059
25997953761
16375412045
27260831562
32286255595
28674418885
32173421691
24086467943
18745158538
15711596015
33136364350
27358590020
14828474570
31978659802
33760023071
20263644917
21811075146
29375587745
30148495333
31434115822
16242309047
16420632566
13070364637
34106716254
32154651665
20902121740
32348349760
15601182599
29049552487
26208762844
26266531320
16480245024
28881177520
32783077567
36209825174
39574364933
32382547266
29200229871
33667191240
37632686456
30148495333
29701576178
36209825174
20567487378
29131995943
39982455682
17413738757
37598219040
15954794003
34076536851
31915632035
40139492701
15973565929
36159506131
35373668752
38102961167
18449719788
16242309047
24779260780
38102961167
23256981099
28506549917
20778241265
28401336491
19016813539
37984804670
27830734841
15312802298
17026759928
30041827503
29645055268
33020993935
24072523686
28251566367
29505251811
36781963220
17682520420
17472410347
32695911658
20374951359
36857335096
33569070407
27234236642
28149302060
36161562544
15861710677
32774677741
14093285907
30567611467
32695911658
25303865605
25171254589
31723717046
31539906659
18325410863
14981837132
25753410138
29921386503
30719514600
16029199559
17744669590
29293567417
28194768329
31115603584
31672033975
37038168344
27874874031
34901420996
30719514600
17441152551
33820231070
29136035657
34234649744
28476963617
31353310252
24395680766
16407950591
16638143569
32236930497
26358285593
35007057635
28982037377
28748371908
26688411952
32728346478
17546344349
15282368744
33252523405
25753410138
18444750198
31433510333
27692194373
30098433281
32716941494
31034589804
27661519785
28982037377
31181570047
39180657967
32774677741
25107416512
31034589804
31442550328
17345618840
44233179249
36075259367
32025450802
20543975225
18423418832
38058546183
30594829386
33385826170
29092531756
15953846778
27849060814
32348349760
36447588203
17744669590
36179583711
33965454790
28785764094
32049150134
28293183657
31442550328
17345618840
34391898728
20584018013
16154019065
36004846594
24043056656
27171142243
29610996884
15017660680
31928979811
21807637906
19143511223
38665397443
37570888501
14692571037
26696486152
37056653608
41944518056
32397941999
27012898497
26086643602
32025450802
28507200039
38947960322
26971513140
36286288143
31456655023
31612184884
20263644917
28196445116
30488685592
18381806065
21811075146
28015551670
36112506027
33419859138
34507049641
38102961167
31245350801
29245077286
36712158667
15527091151
27533953573
24124920247
38947960322
29985088500
40898505500
19660566500
18238969540
16540923027
26909671902
28251566367
30915303276
24542482092
32716941494
24826315812
17784127959
15973565929
40898505500
26951113863
17746374874
36209825174
34225082953
25602620502
36428828522
33142745926
30720901162
18216098986
31965853217
17535689511
20374951359
33841966523
17180017845
17646317030
30594829386
34006238502
15993876393
30344426160
28751266275
68052664918
26594617654
13373090159
17627722326
15224433711
20263644917
37676031877
34553190484
34874599725
33366849086
33164958754
33760023071
16689465757
30651872007
30163282408
18244575713
27735694603
34917994586
29959098832
29951423585
29465234033
26363091406
32158291244
16771032830
38554340907
24779260780
32458916769
21791984138
28489300213
17161311476
28544695759
33419859138
36578689605
29871847399
17646317030
36162712499
33012927321
35171366315
35171366315
31045219264
30095143519
32074032185
28610525465
23266119925
74450684446
24043056656
31306044850
34234649744
20435621086
37598219040
34225082953
17311681140
32132854038
36161562544
28380100933
32428091048
20500602913
28305489014
25271704400
38559959261
40297690044
31034589804
34325736310
36162712499
29061260478
18439872602
14724389995
36116818387
17906379984
32788829624
19352495759
22146458209
74450684446
38873859933
16097544115
10038363619
28668307919
16796030406
13605506301
30513073297
16293880360
25060402009
17430029757
28785764094
32650851523
30523089241
36638593822
14627737047
16906491664
29465234033
38554340907
28783935633
20543975225
15317218757
28748371908
28722885157
16627523148
16906491664
17016384205
28366836699
41535162766
36638593822
35747287748
32074032185
32961695648
27696892033
14739937441
28748371908
24116225329
16242309047
30860342416
34848249577
20869522625
31456655023
44346624251
16827106688
25197063155
28985394347
26894895541
18216098986
16127125338
33150408155
27698807763
19270528165
32310574792
33150408155
26358285593
30453354574
30676927743
14074817432
36179583711
35285930300
30628170429
34076536851
31682366777
35833778033
37229956779
36109392939
16116298832
31445355139
33079103960
15778198109
27284759485
29432063874
28194768329
24086467943
15496959617
32082886275
26266284967
34889890339
29625259492
28872481284
30696655190
27343511729
29613559671
32390385930
36343320824
18325410863
17187569415
31306044850
23470681143
33164958754
32712959423
29136035657
17138155808
19016813539
29871847399
24779260780
30319334720
16683861694
44346624251
28906437063
31034589804
26688411952
19016813539
32218946527
25271704400
26087488072
28982037377
31267259986
27765922122
17026759928
28401336491
37172999874
24335822334
27496764617
27260831562
20543975225
37198959367
31514381295
27515689437
31882234192
39003907540
18171880466
37080811024
15317218757
29406565557
32788829624
31045219264
27767385338
21492996286
17561233741
31613718026
26141856839
38759363812
37390412179
28613034958
34901420996
36217378068
37570716101
27974747156
28510225218
16544177853
32712959423
30027856277
14770239796
77289337439
33503905443
41867297564
42566671589
15911229842
27923366056
26302161860
29988069763
33841966523
27974747156
31965125595
29454208572
32961695648
39003907540
20176080524
26497587344
25869298541
32066532294
25711915003
16885198110
17744669590
16304636479
32312738276
34296692374
32961695648
32025450802
33965454790
26887269333
19333948557
15691065960
28192006048
13149730141
35373668752
27343511729
34714914566
29871847399
16066882437
32590518919
16116298832
32728346478
25171254589
17546344349
29466097327
33366849086
36712158667
32173421691
32840747884
41918408397
27541176170
33901471684
44346624251
39003907540
18651574718
19397798147
29610996884
38873859933
28860053926
33054388268
27447940171
15257656992
18351455623
39906048129
38665397443
16827430068
25480537635
17892302183
35347855000
16577893846
31045219264
27343511729
31339134707
22271403629
25060402009
32154651665
28006052178
17026759928
18471207274
33252523405
26909966425
16906491664
30221102890
38016706945
14724389995
26139335043
33782193242
27515689437
33501040846
37249879864
16577893846
31915632035
41837870514
15282368744
31025400081
37229956779
16569738269
26374164956
19352495759
26841921892
17133011029
35314039589
16577893846
25107416512
18462628476
27923366056
36537684389
28015551670
37466587384
16806205482
28891153964
24086467943
17308372936
16844626171
18148674898
22404949096
39574364933
15515337370
30157510063
26567855866
27533953573
31613816103
35861534279
33841966523
32398972258
18604449939
26497587344
29399148306
26594617654
37552127558
18171880466
30816309879
25869298541
38007735573
20629415632
17830228449
28860053926
36876620694
17133011029
32398972258
23254136414
16599864253
31353310252
31793596825
30651872007
27281627051
30964565161
30561177083
17187569415
29645055268
27012898497
26909966425
32961695648
23627272954
30764839803
36286288143
28510225218
14907651088
28196445116
18836812863
17441152551
30319334720
33690612443
28293183657
28015551670
23065972569
25711915003
31928979811
31942185212
26696486152
26291821322
18346054995
33782193242
41944518056
68052664918
54817908799
34507049641
14722595989
16097544115
32474661543
36316056640
36201080049
26497587344
20125921360
14592735653
25587544439
33243493609
16492944443
29841450502
30989315389
28722885157
28223854689
41918408397
29921386503
18497132708
36537684389
28056164405
15910616227
31682366777
26618631197
26266284967
18449719788
36004846594
14642954284
30561177083
29136035657
15489121897
33164958754
17830228449
36217378068
35747880374
31612184884
20584018013
35171366315
15515337370
16127125338
27363657740
20599617175
35067222016
36162712499
27145485508
28783935633
28757082117
29667119408
23142662814
32064189142
36705906781
33419859138
16375412045
21791984138
28836241657
33569070407
29505251811
32310574792
33818932339
34724732353
17182821033
20176080524
18471207274
28223854689
27284759485
14907651088
31613718026
29092531756
29701576178
27882182924
25060402009
36065584228
35630971532
26909671902
20390622865
15317218757
15966588697
19660566500
29049552487
35977348722
19711686286
36362081959
17187569415
29645055268
26069180031
33824728383
28785764094
17180017845
34432829168
23065972569
29812284110
35833778033
22394230187
28506549917
38159149222
33986353924
34225082953
16265169025
31978659802
18216098986
36075259367
35399376975
30720445013
27394961698
13498161079
29951423585
15515337370
32650851523
42396429246
35472770683
25997953761
24116225329
17138155808
28876490894
32650851523
31346484409
19281690023
53958098152
44233179249
30148495333
16066882437
32312738276
36197546282
29484713556
32760580475
31433510333
34538606340
23973801531
34106716254
30989315389
27583545268
36159506131
27661519785
13380814303
35067222016
19196739989
30915303276
31743092579
28716819752
29170111481
24395680766
16029199559
16762164627
28056164405
38462767814
28785764094
16797369971
28722885157
36159506131
30207533819
15246714252
27874874031
17016384205
15158339976
17722629949
29466097327
17541216762
26497587344
35630971532
16827106688
36127925067
26363136667
28196445116
30860342416
42396429246
35731840060
38918659869
30720901162
31213702883
16576353592
15158339976
21702609039
45917375873
33252523405
18651574718
28366836699
15319222666
26069180031
25271704400
18171880466
18651574718
31723717046
26696486152
16844626171
15455913906
35373668752
27970855824
33020993935
31352320925
29985088500
18244575713
29951423585
29092531756
27661519785
17065750354
31978659802
37644459304
19062589836
28613034958
45917375873
29645055268
36011639654
34917994586
26139335043
30319455897
28085339144
16097544115
24260614918
32320120569
31682366777
31267259986
16066882437
17765906898
31434468155
24124920247
15224433711
29219533544
38471504492
31928979811
36472730194
19270528165
28722885157
17285212822
16325546139
17040342586
24415064303
30915303276
33366849086
22271403629
15862657488
29921386503
25997953761
35067222016
32544602696
14708423673
24116225329
29042720414
17138155808
17118373751
33018231391
22161486134
36578776674
15920595367
68052664918
32158291244
27395289019
14862642511
27442167272
16154019065
33291498886
27236784685
23494669366
27882182924
32218946527
29209354887
39476711805
31181570047
28881177520
36161562544
35630971532
15778198109
37080811024
29088448571
31362357526
27394961698
39180657967
30367480387
20263644917
16796030406
29131995943
36075259367
33818932339
26971090207
25729817587
39574364933
16322688985
33818932339
18444750198
26740718861
28722885157
27541176170
18171880466
16596322206
26291821322
38007735573
16322688985
30720901162
29951423585
13373090159
72010565095
16492944443
29402665556
31346484409
24124920247
36386648517
31723717046
34325736310
28561381821
38471504492
30964565161
38029936747
29011926512
25025882502
26567855866
34601529704
32544602696
31986964671
27741765456
33503905443
17765906898
25725275971
31281887006
37255553103
34917994586
28251566367
34896794543
15963089731
24335822334
32590518919
34006238502
27560525129
24219684621
17413738757
14692571037
33540235981
16317290020
37274439159
33403985377
26266284967
38016706945
17892302183
17926036042
33662185453
16375412045
22161486134
29916385576
32650851523
27717288414
26971513140
37249879864
27765922122
32244944240
27717288414
18244575713
24430832616
27970855824
36857335096
26887269333
32154651665
35266498605
31802921107
10038363619
28277993046
33818932339
36568682154
34511912340
30956608918
17892302183
25450026617
22404949096
34572015908
29395512421
18122399456
79749790037
31220997816
15993876393
39906048129
15312802298
34714914566
15840814051
27830734841
28674418885
22557757565
32064189142
14568699998
30676927743
37401644539
37552127558
32712959423
32857513097
27012898497
28824040595
34874599725
34469819265
72010565095
34108563860
17722629949
33364284702
26139335043
38873859933
36654890361
16194840985
75375495238
18381806065
36127925067
27767385338
19971847532
32081715907
36164298870
32141287881
34406299434
19010095712
29701576178
33889943943
30453354574
16544177853
38016706945
39361581852
16437525375
37632686456
20629415632
17118373751
15257656992
29143805507
35675952548
21811075146
14708423673
33662185453
31723717046
23068420087
18833819967
24779260780
32783077567
34711678544
32310574792
32712959423
28785764094
18678738181
37183808500
15953846778
37984804670
17805159007
33197603005
18604449939
30481355103
74450684446
14978618707
27661519785
23068420087
17805159007
34601529704
42146045057
33993566225
33373570282
31488027305
34224913347
18346054995
26266284967
26740718861
16540291884
28401336491
35399376975
28380100933
28481805177
44346624251
27661519785
18148674898
29136035657
33012927321
31802921107
32716941494
15910616227
16599864253
27887298351
24826315812
15152445378
33993566225
32082886275
31540004167
25762432133
27236784685
27767385338
29797376778
18999049632
39574364933
19362828186
28510225218
23256981099
20567487378
39361581852
29625259492
15285650355
34145795898
19196739989
18999049632
30157510063
30676927743
35790450438
25622547811
33820231070
32310574792
42396429246
30221102890
29011926512
16596322206
38469000464
30585302883
23627272954
36197546282
31267259986
34224913347
32154651665
36217378068
23142662814
24124920247
13070364637
30481355103
17161311476
24471757342
16029199559
34365047788
31889356077
28293183657
16796030406
29170111481
41918408397
34108563860
40898505500
33569070407
23471335050
16796030406
10038363619
16844626171
65182842140
29959098832
17784127959
30956608918
20584018013
16326855178
16437525375
16599864253
32774677741
39476711805
29244738777
32082886275
19262729223
29143805507
38462767814
36362081959
30561177083
18931718082
30207533819
17535689511
19062589836
28785764094
17627722326
27149364765
38007735573
17441152551
26894895541
38469000464
31037802231
24899804695
29406565557
19016813539
28810970307
33540235981
34469819265
30676927743
27225596285
17133011029
29861088073
33543008059
33150408155
26291821322
31433148420
17819646670
29151598678
17441152551
27687815675
23086422751
28373483990
42146045057
34296692374
37083026182
30719514600
33138901483
16480245024
17926036042
21456671883
31037802231
31433148420
36075259367
20435621086
27715687876
25154373235
17472410347
27160024882
38000266438
27882182924
32218946527
36472730194
33760023071
27974747156
16796030406
29493248745
29874207305
31709290498
28006052178
16265169025
35007057635
36408469821
29959098832
14739937441
29959098832
31506718389
31506718389
32840747884
25197063155
37975770491
28891153964
18351455623
31456655023
24899804695
29209354887
37644459304
27596731891
19333948557
18721650108
18745158538
20584018013
18474932676
32397941999
37710584069
17180017845
30720901162
26141856839
29161660921
16544177853
38917667356
16420632566
26887269333
32173421691
29493248745
41791803908
28277993046
31025400081
17250938941
16264164656
16322688985
15778198109
29841450502
16827430068
33148380283
32045110048
31065628171
35341998880
19262729223
28860053926
15257656992
44346624251
33972526723
17374493357
29645055268
28196445116
10038363619
17345618840
36578776674
35347855000
33741572672
30279863185
32784560009
23620694934
28544695759
18122399456
15858129796
25161218295
16821352365
26594617654
16317290020
28293183657
17040342586
37710584069
34601529704
25161218295
15947948363
24415064303
25025882502
27849060814
16468376220
33385826170
35211812071
15920595367
30567611467
32132854038
25602620502
29675480559
31025400081
32458916769
24899804695
29131995943
31986964671
27236784685
37319276996
31339134707
26813797634
34913305259
26839804149
26688411952
18351455623
32286255595
30207533819
38918659869
17950196175
38396256036
28751266275
15317218757
29494452031
31442550328
26887269333
16689465757
30319334720
30546785447
34475258034
14121088147
34698451457
28489300213
21807637906
29136035657
29667119408
27395289019
18833819967
15407629835
15953846778
32045110048
18462628476
34411947476
33079103960
36408469821
31434468155
26139335043
30311909102
24415064303
16683861694
29610996884
30148495333
30453354574
15778198109
36286288143
31442550328
29881623860
28362521670
30221102890
34475258034
28015551670
37697828077
18238969540
33824728383
31826354750
31339134707
26813797634
31220997816
32382547266
27887298351
19352495759
17374493357
31912189587
32141287881
33364284702
28018353146
34553190484
38589960467
28950901342
19262729223
30651872007
14337636450
27874874031
26374164956
32428091048
32066532294
32602424442
22146458209
15947948363
34145795898
32372140004
15946637927
23973801531
26839804149
15531800007
26270833636
29485593791
31743092579
22271403629
33901471684
30720445013
22394230187
36705906781
20584018013
17784127959
32158291244
31965125595
29806452026
31346484409
33227617854
33252523405
21791984138
36075259367
37895123941
39142074919
38917667356
30157510063
32099928573
32502178767
20390622865
39454735765
29134976335
14722595989
18721650108
18836812863
31613816103
41944518056
28734272028
26087488072
18224668999
16797369971
25836728168
30362536685
30691695524
33018231391
43005079539
30915303276
32286255595
34411947476
15911229842
27923366056
25154373235
25171254589
28982237608
17285212822
35472770683
26618631197
39003907540
21807637906
15091581724
26971090207
26841921892
31267259986
25001492435
28510225218
16194840985
42566671589
24260614918
33993566225
15317218757
28906437063
15246714252
30567611467
18216098986
25107416512
22706311381
28262495463
32398972258
39454735765
15626629281
21811075146
15640798656
18148674898
15869596891
14862642511
15319222666
32821347431
27649653492
34901420996
20808064524
19971847532
29375587745
36578689605
26839804149
15286193548
36343320824
17133011029
33503905443
34234649744
30453354574
74450684446
23096381429
36201080049
29465234033
32236930497
32774677741
33824728383
18224668999
26208762844
26839804149
16264164656
23973801531
37570716101
26565901472
30628170429
35399376975
18474932676
36362081959
28318271572
33020993935
33419859138
20500602913
14981837132
16550841677
14978618707
22340970767
17026759928
28836241657
28824040595
35731840060
30488685592
15282943234
21492996286
31065628171
16544177853
28982037377
27447940171
26266284967
23576141095
17577502606
42523940459
28194768329
31306044850
36011639654
31433510333
19143511223
32074032185
30362536685
16171805636
14121088147
34406299434
26793274057
37975770491
27649653492
26696486152
27048417776
30041827503
27973078746
15474718028
32191368253
29493248745
22394230187
40508251889
31986964671
16513570112
15862657488
19010095712
27649653492
34391898728
15319222666
37129480914
38759363812
38589960467
26139335043
31024714698
15474718028
29485593791
27264919299
14642954284
34006238502
15496959617
35675952548
15778198109
26069180031
19660566500
25587544439
28906437063
33901471684
21456671883
15282368744
33105990529
29861088073
29988069763
31209798940
29092531756
14074817432
14574039967
16729678057
41867297564
28806605354
41791803908
29042720414
37390412179
32081715907
37390412179
27923366056
36837479214
16437525375
16194840985
16638143569
28891153964
32961695648
28056164405
31942185212
16375412045
30691695524
31115603584
36116818387
16095020558
39476711805
28971212996
25723987785
27787684968
36127925067
31605103168
34698451457
29245077286
25622547811
31728892060
28056164405
28657160121
35630971532
27649653492
32045110048
14722595989
36197546282
27260831562
28336391284
31434468155
38462767814
16375412045
18651574718
24166417724
18678738181
30041827503
35314039589
17819646670
18423418832
15966588697
31613816103
18346054995
17311681140
28219258095
34901420996
26459496716
39232129344
15312802298
37255553103
16029199559
31181570047
30964565161
38471504492
25587544439
31281887006
37697828077
32840747884
34889890339
23410441891
32141287881
33142745926
28593360865
31115603584
19143511223
30764839803
24395680766
36197546282
28950901342
15421269886
30565926365
15910616227
36705906781
28262495463
31025400081
30513073297
30523089241
17118373751
18235279534
25729817587
28251566367
13498161079
27974747156
32218946527
27012898497
28196445116
30311909102
33012927321
30481355103
32082886275
27358590020
36286288143
30061600082
33419859138
36781963220
16492944443
26086643602
29570667249
24043056656
33864168439
33012927321
20808064524
29570667249
41809851108
31488027305
31209798940
32397941999
16532470124
32914126668
34567163816
30651872007
14770239796
29402665556
29406565557
29454208572
37710584069
15966588697
20761359284
33243493609
15954794003
15224433711
27358590020
33227617854
27048417776
26208762844
27048417776
37710584069
30339982290
36333454962
25762432133
28219258095
37390412179
32310574792
27596731891
27361865002
40898505500
15778198109
17759347139
15973565929
26374164956
18833819967
45917375873
29806452026
34475258034
41867297564
31456655023
31605456405
22130060451
29476068545
28757082117
30523089241
34033063958
37249879864
36201080049
36004846594
35314039589
24471757342
26086643602
28056164405
36712158667
35801886847
29209354887
26302161860
39906048129
32173421691
33354217971
30027856277
14296227074
31037802231
25197063155
18474932676
16326855178
34507049641
18462628476
28657160121
33782193242
29161660921
34901420996
37274439159
34224913347
33543008059
35602042003
36578776674
28149302060
20374951359
34848249577
14693648970
27135903325
28333956135
16797369971
29270052048
35801886847
33670617768
39973419718
42396429246
37644459304
31433148420
34246357334
37676031877
22404949096
27649653492
37598219040
22581899919
26087488072
29151598678
37466587384
28950901342
26688411952
28498813524
25001492435
36209825174
65182842140
26706933748
15601182599
17746374874
15922222321
33280133376
16265169025
33266401760
29406962814
25602620502
28593360865
28610525465
30696655190
32728346478
29406565557
26459496716
29042720414
33286964506
34033063958
39708479783
30027856277
27923366056
35602042003
14627737047
30628170429
38102961167
34714914566
32218946527
18444750198
19143511223
23086422751
31352320925
18836812863
30523089241
29465234033
17526389619
15152445378
34737526297
20435621086
36472730194
29170677045
14642954284
28998761015
26374164956
31450776871
16797369971
25171254589
27735694603
14770239796
16627523148
34901420996
15282368744
28734272028
15963089731
21807637906
16336114327
32267274029
17784127959
42523940459
32675998127
27447940171
18462628476
24116225329
29874207305
23403794015
28298947160
31728892060
23254136414
38396256036
27361865002
29011926512
28015551670
15966588697
29244738777
29667119408
32382547266
28489300213
28498813524
15224433711
34538606340
28506549917
36067853089
31209798940
38169350551
31464365151
16127125338
36004846594
22557757565
39042346163
32821347431
38759363812
30915303276
20761359284
37249879864
35790450438
35341998880
28149302060
24430832616
17561233741
26086643602
38396256036
24430832616
30279863185
34325736310
16576353592
28784172219
31045219264
27361865002
32788829624
17187569415
15531800007
17577502606
26302161860
28570907863
19711686286
25271704400
31037802231
35997440404
32049150134
29270052048
27135903325
26358285593
28998761015
27970855824
20125921360
33366849086
16513570112
35211812071
17055322048
36109392939
32695911658
15840814051
16866848673
17472410347
35171366315
18776734997
36362081959
29092531756
77289337439
70746586228
15869596891
36179583711
38159149222
30148495333
33503905443
32497395660
30157510063
27284759485
35977348722
35833778033
32497395660
27717288414
30696655190
29245077286
33018231391
36497695675
36578776674
35602042003
20390622865
32554528409
17906379984
38554340907
29061260478
42568994494
27691340157
33741572672
29871847399
17250938941
34224913347
28398644360
26270833636
36165445749
33667191240
29645055268
27149364765
32382547266
37895123941
29454208572
15136268034
36286288143
32801269658
29136035657
36781963220
31220997816
38873859933
31115603584
17430029757
15448870023
32857513097
22797103009
29613559671
29143805507
37390412179
15407629835
27715687876
29375587745
24219684621
24124920247
31300848995
17744669590
29200229871
37632686456
33972526723
26951113863
35661956068
27739807407
14121088147
27012898497
17308372936
28784172219
34714914566
26894895541
31605103168
13380814303
28785764094
24072523686
37895123941
26069180031
16241574254
30628170429
28366836699
28668307919
36781963220
36165445749
28824040595
27830734841
15601182599
25947073792
18238969540
34469819265
30311909102
13373090159
18766375426
30098433281
26567855866
19270528165
33760023071
25997953761
36705906781
41809851108
73071743448
25450026617
27735694603
29061260478
15136268034
37810017402
32544602696
35669454902
22404949096
16906491664
36004846594
18224668999
30764839803
17133011029
14627737047
29200229871
36201080049
27145485508
37552127558
34475258034
14862642511
32497395660
15136268034
29364452022
43005079539
17682520420
26446736847
38917667356
31682366777
35399376975
30720901162
36727247508
20374951359
39142074919
17311681140
25947073792
30720445013
30362536685
16806205482
19660566500
25161218295
28305489014
31181570047
17060326780
17430029757
15911229842
32458916769
27560525129
34511912340
38000266438
27361865002
34246357334
29812284110
23142662814
30344426160
33142745926
26618631197
26971513140
20599617175
23266119925
16194840985
33136364350
29784368641
31352320925
39982455682
26909671902
37552127558
26139335043
29245077286
19369989697
34913305259
16127125338
28751266275
25673624525
28293183657
23973801531
15601182599
27717288414
21091684044
36197546282
28876490894
28333956135
36447588203
26497587344
27260831562
39042346163
26139335043
16154019065
30088105522
17765906898
40297690044
29797376778
25112112382
20543975225
36333454962
36837479214
29840068967
33354217971
20500602913
28852184764
28401336491
26971513140
36837479214
35472770683
25197063155
32987328720
29115990689
29454208572
30816309879
34651412218
38169350551
27260831562
31445355139
34365047788
33289890417
18235279534
17172597357
27225596285
33741572672
38947960322
20176080524
32320120569
15910616227
34406299434
28593360865
36670602489
30930911904
42566671589
33280133376
27284759485
13380814303
27395289019
21978495208
27887298351
36670602489
28380100933
29259468347
29840068967
17535689511
25836728168
28824040595
27704399189
15474718028
35661956068
28716819752
20808064524
27691340157
15675690718
31433510333
26141856839
23065972569
30513073297
18766375426
21873284969
29432063874
29191550817
28498813524
28362521670
29259468347
35861534279
19010095712
41709312196
16638143569
28593360865
29812284110
18823275401
29151598678
33443362079
31025400081
30561177083
27394961698
17950196175
14981837132
19362828186
27260831562
16407950591
26594617654
20761359284
17765906898
25723987785
29494452031
16729678057
34145795898
28734272028
37927834953
44346624251
20778241265
42523940459
29151598678
19176019935
31362357526
29570667249
29170111481
18346054995
31352320925
28507200039
27973078746
32716941494
25107416512
42396429246
15282943234
29493248745
31728892060
26266531320
36109392939
19062589836
15515337370
31912189587
41867297564
38016706945
15920595367
28891153964
32821347431
27533953573
25587544439
71707185337
35977348722
27299430545
32602424442
29259468347
34538606340
30319334720
37914163652
18171880466
34241744196
36316056640
39232129344
31024714698
31672033975
16437525375
29493248745
36287382937
39476711805
33054388268
28860053926
27687815675
17526389619
28806605354
16686866781
33419859138
29011926512
28056164405
41837870514
34553190484
21456671883
34296692374
29191550817
32267274029
23096381429
31339134707
15282368744
34365047788
36670602489
32502178767
31434115822
18766375426
30163282408
16532470124
28971212996
30585302883
33782193242
14739937441
16095020558
18497132708
36857335096
17055322048
77289337439
36067853089
30989315389
37619400921
33252523405
37570716101
32840747884
26688411952
25711915003
19270528165
38169350551
71707185337
14981837132
31942185212
29446268407
33986353924
33965454790
31249187001
17472410347
39454735765
25711915003
15963089731
22706311381
42396429246
33373570282
17374493357
18423418832
33818932339
36837479214
33954292700
29042720414
25723987785
28806605354
20869522625
32135888635
19660566500
33540235981
29921386503
29667119408
29399148306
38462767814
35790450438
37975770491
37598219040
28876490894
15527091151
17627722326
26086643602
15691065960
26813797634
31613718026
20902121740
25762432133
16866848673
15954794003
15409577885
36165445749
38000266438
17311681140
30594829386
29191550817
32236930497
30362536685
30956608918
34365047788
17308372936
29134976335
17926036042
21456671883
20176080524
30339982290
28760518298
31456655023
37319276996
26565901472
35472770683
37401644539
28760518298
13605506301
33150408155
19062589836
37083026182
33289890417
15421269886
31456655023
39180657967
31514381295
34475258034
19397798147
33820231070
36727247508
30989315389
35171366315
35399376975
31434468155
30989315389
15922222321
34296692374
17535689511
29625259492
42566671589
17541216762
34711678544
17765906898
31213702883
16797369971
26594617654
28785764094
17167908539
30048589546
30048589546
29115990689
27343511729
33820231070
29200229871
30163282408
29494452031
15152445378
36294118924
37570888501
32151430182
36116818387
35067222016
28149302060
36067853089
16365612012
53958098152
27765922122
26459496716
22340970767
36428828522
35731840060
37598219040
34411947476
24899804695
36428828522
27281627051
29797376778
32244944240
31488027305
16336114327
19010095712
14574039967
14981837132
16171805636
18776734997
20761359284
15954794003
32602424442
18836812863
42568994494
19062589836
32590518919
28734272028
28881177520
34889890339
36287382937
34241744196
28760518298
31613718026
17060326780
31191295444
25725275971
33901471684
37274439159
39574364933
17535689511
26740718861
33227617854
17187569415
71707185337
17488958696
34076536851
36333454962
20761359284
42523940459
21442899767
31709290498
38396256036
21492996286
17830228449
28570907863
17526389619
15455913906
34698451457
33972526723
19270528165
29402665556
34093015214
16241574254
25836728168
23471335050
19333948557
17682520420
34511912340
27515689437
19143511223
15285650355
36294118924
31672033975
16029199559
29881623860
26087488072
32801269658
29881623860
31540004167
32590518919
33243493609
38159149222
15091581724
27704399189
28085339144
34601529704
32135888635
26497587344
15963089731
41867297564
32244944240
35997440404
29395512421
38058546183
21807637906
15409577885
16171805636
30585302883
14296227074
43005079539
33403985377
16468376220
20543975225
28298947160
26302161860
16599864253
31965853217
16293880360
17541216762
14642954284
26909511013
27973078746
32326983943
25197063155
33136364350
16540291884
30594829386
14822058143
26688411952
23254136414
15162142859
36386648517
31450776871
16638143569
15489121897
20435621086
18776734997
29988069763
23973801531
42566671589
25997953761
20808064524
15691065960
28318271572
34698451457
34724732353
38469000464
39170484409
25112112382
15319222666
29476068545
27687815675
77289337439
19016813539
31065628171
27343511729
29049552487
30221102890
19270528165
18238969540
37619400921
16029199559
19062589836
22146458209
25154373235
19333948557
38469000464
15282943234
29625259492
30157510063
25171254589
34901420996
20500602913
15527091151
32474661543
20543975225
33782193242
33105990529
15224433711
36065584228
34006333483
20263644917
16762164627
38169350551
15136268034
28734272028
17627722326
31488027305
33385826170
38917667356
30048589546
30764839803
42566671589
27583545268
23266119925
27361865002
21811075146
18678738181
36065584228
28784172219
31728892060
14770239796
25725275971
37390412179
30362536685
29921386503
31450776871
30523089241
34108563860
36638593822
33136364350
28018353146
27160024882
32066532294
27596731891
28722885157
27533953573
30585302883
16729678057
16827430068
14739937441
27874874031
29485593791
30048589546
35740016360
23576141095
26706933748
16797369971
17627722326
16326855178
23068420087
39170484409
33197603005
18745158538
36386648517
17746374874
19971847532
37129480914
17722629949
26740718861
37619400921
27273655980
27970855824
33954292700
29494452031
29874207305
33690612443
30567611467
14627737047
32191368253
26909966425
32590518919
38554340907
28668307919
28810970307
14822058143
27234236642
41709312196
30082785183
33385826170
28366836699
28219258095
31965125595
20629415632
25271704400
16365612012
33289890417
32151430182
15489121897
14724389995
14808599690
26249069318
24395680766
33419859138
33670617768
28520209037
26813797634
27560525129
33148380283
26618631197
22581899919
27299430545
30163282408
27767385338
30453354574
14828474570
31613816103
33501040846
35747880374
17065750354
30915303276
25725275971
33501040846
17180017845
25762432133
17161311476
38462767814
34145795898
28333956135
39708479783
28305489014
15993876393
23576141095
31300848995
31682366777
25762432133
33150408155
30207533819
70746586228
31672033975
35731840060
15840814051
34901420996
35669454902
27496764617
33020993935
30319334720
34553190484
23627272954
36670602489
37129480914
29209354887
34572015908
29170677045
33954292700
16407950591
25480537635
38559959261
39454735765
37172999874
15853006193
28544695759
16437525375
18931718082
23627272954
35285930300
32178540339
38462767814
20390622865
28085339144
16844626171
17285212822
26951113863
29841450502
26971090207
26363091406
28380100933
17182821033
21873284969
35630971532
20435621086
16762164627
16827430068
33197603005
29364452022
15946637927
34737526297
39906048129
33443362079
30691695524
42146045057
15319222666
31115603584
36207440567
15947948363
20374951359
31306044850
32712959423
39170484409
28610525465
18346054995
15421269886
27698807763
32348349760
39142074919
32840747884
38665397443
26688411952
15489121897
36654890361
31450776871
24542482092
33366849086
31339134707
77289337439
32236930497
37056653608
17759347139
31300421056
33164958754
29784368641
29209354887
72010565095
30453354574
32158291244
33901471684
30319455897
33841966523
33403985377
27874874031
37644459304
33020993935
21791984138
38554340907
23065972569
29191550817
29667119408
18999049632
29217425995
37598219040
25947073792
33958283428
37371321469
27692194373
28876490894
40297690044
24072523686
34572015908
29364452022
37895123941
29134976335
33138901483
29840068967
37198959367
17055322048
26270833636
14722595989
28610525465
26376512994
35399376975
29454208572
27596731891
36333454962
37676031877
16317290020
22394230187
41943212838
17906379984
16513570112
33667191240
29143805507
20500602913
44233179249
27970855824
31306044850
35790450438
25704905097
36109392939
18325410863
16596322206
24471757342
16325546139
16544177853
36164298870
13605506301
26618631197
33263935194
28804133094
28544695759
33501040846
19660566500
19711686286
33373570282
24899804695
75375495238
36362081959
18471207274
27787684968
15152445378
34391898728
39454735765
36209825174
17040342586
30766363915
35285930300
15407629835
17561233741
27012898497
33054388268
16265169025
27395289019
15448870023
29399148306
33142745926
25997953761
33364284702
28561381821
18497132708
31267259986
34698451457
79749790037
30041827503
17182821033
33993566225
25723987785
36316056640
31339134707
36876620694
31306044850
21091684044
15675690718
17161311476
33443362079
24072523686
37984804670
38169350551
36497695675
31362357526
15869596891
33164958754
31928979811
17950196175
26376512994
17374493357
21811075146
26951113863
18449719788
21807637906
26740718861
16906491664
28998761015
38102961167
34572015908
25271704400
35675952548
18235279534
33159027774
29217425995
28806605354
38462767814
20599617175
15317218757
28149302060
41809851108
38589960467
28506549917
14808599690
33662185453
28757082117
16806205482
14574039967
32326983943
37984804670
39574364933
27447940171
42523940459
28860053926
32154651665
31394518341
35747880374
44233179249
27281627051
30207533819
30157510063
36294118924
35861534279
36011639654
37255553103
28674418885
23410441891
29406962814
31346484409
29143805507
17805159007
17526389619
27236784685
68052664918
35801886847
38589960467
26971513140
33020993935
32081715907
17133011029
37810017402
35861534279
14693648970
37038168344
32286255595
15640798656
32712959423
26459496716
33611170976
19016813539
36705906781
32544602696
34711678544
36781963220
18766375426
41791803908
19262729223
21073522347
36638593822
35861534279
17526389619
27135903325
32267274029
33662185453
30860342416
28852184764
31245350801
14941422334
18931718082
22581899919
22271403629
29921386503
30319455897
35747880374
28318271572
29293567417
16577893846
36333454962
30481355103
27149364765
16095020558
20263644917
36497695675
31281887006
30095143519
39982455682
22797103009
28783935633
26951113863
31220997816
32099928573
29476068545
35297015595
17746374874
33079103960
34507049641
36537684389
28613034958
30989315389
71707185337
27715687876
31942185212
32390385930
26909511013
33286964506
38029936747
31912189587
26975469204
37927834953
34572015908
28891153964
15317218757
15285650355
32158291244
15858129796
28481805177
33954292700
36857335096
32049150134
25723987785
21873284969
31723717046
31249187001
36343320824
29675480559
35801886847
27171142243
35861534279
27874874031
38559959261
36127925067
22706311381
23254136414
16576353592
31728892060
31209798940
41809851108
16797369971
34076536851
32716941494
30048589546
31723717046
33965454790
29217425995
29245077286
23627272954
33364284702
17065750354
34698451457
31213702883
41709312196
17488958696
18041801818
34296692374
34874599725
39708479783
38029936747
19660566500
14121088147
33818932339
31445355139
24086467943
33148380283
16821352365
36116818387
16242309047
26208762844
29375587745
29812284110
29988069763
16468376220
36670602489
15862657488
29049552487
24542482092
29466097327
20629415632
15317218757
18471207274
32994362101
28219258095
28085339144
22146458209
32554528409
31245350801
17060326780
34432829168
24754682734
32784560009
29364452022
13149730141
34651412218
37960125736
27394961698
32173421691
28192006048
33291498886
32914126668
33079103960
30311909102
29088448571
14574039967
31249187001
20567487378
33148380283
32427435385
34325736310
29874207305
39476711805
16689465757
32151430182
18041801818
25836728168
36705906781
33263935194
18444750198
28262495463
15162142859
16599864253
17180017845
38016706945
33540235981
30481355103
15531800007
16844626171
14907651088
27974747156
17055322048
38559959261
29061260478
33820231070
27741765456
37229956779
29484713556
16796030406
29270052048
25997953761
30567611467
18346054995
18823275401
14808599690
37319276996
27533953573
19397798147
19971847532
26266531320
28783935633
28748371908
14739937441
33286964506
29209354887
15953846778
38159149222
30095143519
37619400921
28298947160
39180657967
17043834937
17577502606
15601182599
32784560009
33543008059
15840814051
20390622865
33954292700
29042720414
29131995943
27849060814
40508251889
16116298832
14592735653
30956608918
31709290498
31346484409
16242309047
31605103168
20761359284
16293880360
18766375426
28950901342
26618631197
27970855824
33385826170
17784127959
16420632566
31889356077
27583545268
36837479214
24260614918
35314039589
22404949096
16569738269
16171805636
31605103168
31613718026
16322688985
33142745926
32497395660
16116298832
24086467943
13380814303
31488027305
43100415654
17345618840
32801269658
38000266438
37895123941
31191295444
32066532294
28599105806
30157510063
30048589546
20584018013
30148495333
17187569415
29959098832
15407629835
27515689437
31025400081
38469000464
23142662814
72010565095
14941422334
19971847532
24219684621
30082785183
15152445378
28561381821
25450026617
37552127558
15515337370
36159506131
18238969540
33291498886
23470681143
13373090159
17746374874
17526389619
17040342586
23627272954
36065584228
32554528409
37274439159
27225596285
25480537635
14862642511
28277993046
30362536685
38471504492
34848249577
35305529329
37975770491
14296227074
25869298541
33366849086
32788829624
14822058143
15224433711
34246357334
15711596015
15966588697
34889890339
18351455623
20543975225
17161311476
27717288414
16596322206
31442550328
22706311381
36161562544
21442899767
15675690718
28380100933
31889356077
29476068545
33385826170
17526389619
24335822334
16683861694
33841966523
23576141095
28223854689
30041827503
26975469204
32987328720
26086643602
20263644917
31442550328
24086467943
37401644539
14693648970
31539906659
17926036042
30676927743
16095020558
32695911658
37570716101
33569070407
37864789647
26565901472
27787684968
33197603005
29485593791
28806605354
36408469821
28810970307
34553190484
27692194373
36316056640
16437525375
28757082117
37619400921
31209798940
28262495463
33690612443
31928979811
27830734841
29259468347
29625259492
27234236642
28498813524
31912189587
16806205482
28298947160
32712959423
32602424442
32390385930
28982237608
33864168439
30956608918
27048417776
14642954284
30095143519
15257656992
34567163816
19352495759
20584018013
27395289019
16844626171
16627523148
38589960467
29610996884
15448870023
24542482092
14568699998
18745158538
23266119925
31024714698
28757082117
33965454790
20176080524
41943212838
31445355139
15947948363
28318271572
14074817432
26696486152
26813797634
25450026617
35347855000
35211812071
32173421691
28336391284
17182821033
31213702883
38554340907
15409577885
54817908799
34006238502
32821347431
22557757565
35373668752
29395512421
32914126668
27691340157
16014731263
22130060451
19176019935
26363136667
37129480914
27135903325
31300421056
27830734841
32099928573
17746374874
20500602913
36316056640
17182821033
29625259492
39042346163
37644459304
30488685592
32398972258
34093015214
27299430545
29881623860
33164958754
32326983943
18346054995
34538606340
17561233741
15626629281
33280133376
29871847399
33760023071
37975770491
28804133094
32081715907
37229956779
25480537635
35472770683
18346054995
26497587344
27687815675
35740016360
17441152551
31434468155
28333956135
22340970767
31464365151
15910616227
18721650108
34241744196
15963089731
40508251889
17906379984
32427435385
17311681140
28668307919
34006238502
33105990529
15610082919
28510225218
31793596825
38159149222
28489300213
31978659802
17759347139
28298947160
34411947476
79749790037
25587544439
32397941999
32154651665
33385826170
29951423585
17308372936
36712158667
18224668999
34651412218
29402665556
36447588203
31825242683
26291821322
22161486134
32045110048
39476711805
15639856694
31802921107
17172597357
29061260478
18651574718
17546344349
33782193242
70746586228
31034589804
28852184764
24086467943
30764839803
31045219264
15966588697
32312738276
29432063874
30319455897
38947960322
33540235981
30676927743
34913305259
18900484941
29042720414
27299430545
30956608918
29170111481
27974747156
27704399189
15861710677
19362828186
35740016360
27739807407
37038168344
26446736847
30488685592
18351455623
27973078746
16171805636
37644459304
34006238502
29088448571
16569738269
18836812863
35997440404
15152445378
18224668999
40297690044
17133011029
26249069318
18784898710
18224668999
34411947476
37249879864
31084394158
31434468155
38102961167
14692571037
22581899919
15017660680
31433148420
16827106688
37676031877
29364452022
37810017402
18474932676
36201080049
38918659869
38058546183
26793274057
28489300213
28489300213
32497395660
33150408155
19971847532
25197063155
32716941494
32397941999
31445355139
16544177853
17546344349
16513570112
28293183657
41943212838
30766363915
24124920247
32857513097
28251566367
34475258034
23096381429
17472410347
15601182599
15963089731
36712158667
20869522625
32382547266
16885198110
25762432133
17040342586
33901471684
30279863185
29170111481
34391898728
23445005451
16154019065
17906379984
27171142243
26086643602
15152445378
15319222666
24779260780
30764839803
31889356077
24124920247
26706933748
35305529329
24166417724
19352495759
33569070407
18678738181
15017660680
32074032185
14627737047
23471335050
35171366315
22581899919
37960125736
27704399189
28906437063
31540004167
26887269333
34224913347
27343511729
39454735765
22161486134
28085339144
30319455897
34572015908
27299430545
38938214057
15527091151
34006333483
37895123941
26358285593
33138901483
31346484409
29988069763
18148674898
28398644360
29395512421
14941422334
35007057635
36075259367
16569738269
27160024882
37697828077
30367480387
17535689511
20629415632
33543008059
26951113863
35740016360
23627272954
25001492435
17646317030
17784127959
16326855178
15920595367
30098433281
29219533544
30964565161
43100415654
16821352365
30766363915
42566671589
28318271572
29375587745
19352495759
29505251811
31915632035
36287382937
36286288143
16014731263
29625259492
29466097327
34917994586
25161218295
40297690044
31793596825
37598219040
16540291884
32191368253
19262729223
34889890339
15496959617
23096381429
36447588203
31605456405
32675998127
18833819967
36837479214
33289890417
38938214057
37038168344
24072523686
33252523405
36162712499
33281088300
22557757565
15953846778
17413738757
28489300213
32760580475
36712158667
26605722115
35341998880
30565926365
29161660921
16241574254
30279863185
37466587384
16686866781
28520209037
29625259492
35399376975
27661519785
29402665556
26909966425
36876620694
17744669590
13986404301
35341998880
17016384205
24166417724
35347855000
27149364765
22706311381
17055322048
15282943234
37864789647
33569070407
27442167272
29613559671
27741765456
21978495208
17682520420
34391898728
34241744196
32082886275
20390622865
31928979811
20869522625
31605103168
31249187001
24188674210
35007057635
28950901342
32081715907
32382547266
37038168344
26266531320
31965853217
17118373751
27973078746
28599105806
32049150134
26793274057
27135903325
21073522347
14093285907
15993876393
35801886847
38469000464
33243493609
29454208572
32712959423
20599617175
32326983943
13986404301
23068420087
16550841677
15448870023
30696655190
34411947476
14093285907
17250938941
18776734997
18122399456
27442167272
29432063874
37274439159
29170111481
32099928573
33291498886
28657160121
40640202545
33105990529
28194768329
28251566367
18931718082
17744669590
16264164656
15858129796
35977348722
34874599725
14296227074
16866848673
35669454902
36067853089
21492996286
36162712499
15531800007
14941422334
29610996884
32987328720
36428828522
16844626171
30523089241
33263935194
31506718389
33986353924
38396256036
44233179249
34225082953
36568682154
29570667249
14337636450
27735694603
40139492701
28824040595
32784560009
25197063155
26841921892
25723987785
15973565929
39142074919
37960125736
34076536851
17561233741
31213702883
37371321469
29570667249
14828474570
27284759485
29840068967
35007057635
29493248745
28998761015
33159027774
16293880360
16304636479
15421269886
36316056640
18497132708
35661956068
31450776871
31433510333
33266401760
36065584228
30860342416
22146458209
31450776871
26266531320
33824728383
33986353924
19176019935
19262729223
29951423585
37129480914
26740718861
27596731891
26363136667
27887298351
25836728168
27284759485
37552127558
26605722115
29200229871
32081715907
29701576178
16468376220
20778241265
17161311476
25303865605
29143805507
26618631197
18651574718
28599105806
36578689605
41535162766
23256981099
23068420087
29861088073
74450684446
16325546139
32398972258
31220997816
34507049641
20500602913
29293567417
33138901483
36127925067
30676927743
37552127558
15282368744
33136364350
28056164405
33243493609
29610996884
34714914566
40297690044
27767385338
34567163816
38947960322
36727247508
24826315812
22797103009
23256981099
29797376778
28750495883
30594829386
31300848995
36164298870
36286288143
28561381821
31434468155
23471335050
53958098152
31514381295
37172999874
15922222321
16689465757
34511912340
32348349760
72010565095
28716819752
33965454790
32372140004
36161562544
35305529329
14337636450
17250938941
23470681143
29881623860
15158339976
33972526723
24430832616
18999049632
25673624525
33889943943
15312802298
28872481284
32178540339
35285930300
27882182924
27691340157
16771032830
16480245024
33993566225
29200229871
16375412045
42146045057
33018231391
36472730194
20808064524
29701576178
17926036042
24335822334
30339982290
25753410138
32675998127
25725275971
15091581724
34737526297
31882234192
31605456405
16336114327
16293880360
29245077286
17561233741
14592735653
29797376778
79749790037
37960125736
15922222321
27849060814
33501040846
31456655023
28734272028
34711678544
36217378068
31682366777
16326855178
38873859933
37570716101
27225596285
36568682154
36179583711
29784368641
28570907863
31709290498
25197063155
32025450802
21873284969
23445005451
24086467943
33820231070
22161486134
35977348722
18931718082
36159506131
34246357334
14724389995
29454208572
16513570112
34538606340
37319276996
23620694934
27363657740
32857513097
20263644917
31539906659
37914163652
30930911904
41918408397
17016384205
15017660680
33266401760
17026759928
29131995943
37198959367
19281690023
26605722115
16014731263
18678738181
16683861694
35472770683
33054388268
33054388268
33690612443
31306044850
18041801818
27787684968
30311909102
29861088073
32141287881
33354217971
31300848995
34493157530
18900484941
19062589836
17345618840
27973078746
31605456405
39574364933
26249069318
29136035657
22161486134
36428828522
15312802298
32590518919
15861710677
29061260478
28401336491
31065628171
32267274029
30319455897
37570888501
34241744196
41791803908
28318271572
40297690044
26909511013
39198821389
15455913906
28998761015
31456655023
40508251889
35977348722
24219684621
32218946527
37183808500
28149302060
18471207274
40139492701
29484713556
16821352365
39142074919
24395680766
20778241265
19176019935
30766363915
35297015595
31986964671
24754682734
18474932676
32141287881
36067853089
71707185337
32502178767
31300848995
16827106688
18041801818
17172597357
16171805636
17016384205
37229956779
29134976335
40898505500
28380100933
23620694934
33958283428
35747287748
17950196175
35731840060
14568699998
29406962814
15474718028
30930911904
26909671902
34511912340
34572015908
26446736847
36472730194
34913305259
27273655980
27767385338
27696892033
31433510333
27691340157
15853006193
15319222666
33543008059
27849060814
29134976335
18244575713
15246714252
31300848995
23065972569
32074032185
30163282408
27299430545
37927834953
31942185212
26971513140
17065750354
31605456405
27704399189
22271403629
22797103009
27284759485
33136364350
23403794015
17577502606
16066882437
26363091406
16116298832
27696892033
31915632035
13380814303
28950901342
42146045057
37198959367
32141287881
18823275401
36004846594
34553190484
30048589546
35602042003
32774677741
32774677741
40898505500
32178540339
41809851108
27149364765
38665397443
28982037377
34572015908
26270833636
18833819967
33012927321
40640202545
34106716254
32064189142
33972526723
34874599725
16686866781
15286193548
34093015214
28804133094
30221102890
29505251811
39142074919
27692194373
35602042003
27717288414
18462628476
18836812863
33690612443
10038363619
36011639654
35740016360
16407950591
16014731263
24471757342
18497132708
39180657967
34224913347
26208762844
25622547811
26975469204
22797103009
37129480914
26909511013
31353310252
28194768329
32151430182
36112506027
27692194373
36781963220
25060402009
36781963220
26302161860
18766375426
16540923027
16095020558
16906491664
13986404301
15162142859
14627737047
30513073297
31612184884
29806452026
29270052048
35997440404
38016706945
35341998880
27394961698
33958283428
23254136414
37552127558
26291821322
22394230187
19281690023
35297015595
23403794015
37710584069
41944518056
15489121897
38589960467
33138901483
25450026617
30766363915
28750495883
25602620502
37975770491
29406962814
32074032185
27145485508
18122399456
33008045462
25112112382
33670617768
32695911658
23471335050
16322688985
13605506301
37038168344
15966588697
19196739989
27447940171
27281627051
16293880360
22797103009
32458916769
28336391284
21073522347
28373483990
32310574792
31605456405
30691695524
30041827503
13986404301
31825242683
35833778033
14862642511
32760580475
23254136414
24779260780
32554528409
25025882502
37083026182
25753410138
36408469821
37984804670
39982455682
31514381295
34006333483
31065628171
23142662814
18171880466
39170484409
26363091406
28757082117
39170484409
18745158538
42568994494
38462767814
27717288414
44233179249
36112506027
28668307919
31743092579
32857513097
28333956135
22130060451
34517218587
33864168439
17682520420
26446736847
28262495463
37183808500
17311681140
29092531756
16550841677
28836241657
19362828186
16437525375
31464365151
18238969540
15091581724
28804133094
26497587344
34325736310
25869298541
15489121897
18351455623
32602424442
36067853089
27541176170
32821347431
26069180031
15017660680
26363136667
39973419718
28998761015
16317290020
27515689437
37927834953
24219684621
28748371908
37697828077
28971212996
14722595989
37927834953
18148674898
30930911904
15286193548
35669454902
16686866781
33164958754
15691065960
33824728383
16097544115
43100415654
17161311476
15409577885
13149730141
15711596015
28362521670
27739807407
34737526297
15017660680
38947960322
28481805177
25622547811
36164298870
17161311476
26971513140
36472730194
30453354574
20390622865
15946637927
24260614918
27442167272
28262495463
18444750198
20567487378
29151598678
31353310252
22130060451
31965853217
35067222016
19333948557
28657160121
30344426160
39180657967
30816309879
26249069318
34517218587
16576353592
36197546282
31434115822
31249187001
32082886275
30095143519
31915632035
17830228449
30344426160
16241574254
20125921360
32218946527
23494669366
31209798940
15963089731
16304636479
18216098986
26841921892
17722629949
16771032830
33889943943
25673624525
34724732353
16827430068
35314039589
26887269333
33760023071
70746586228
27741765456
15947948363
28836241657
16317290020
24415064303
21442899767
25836728168
25711915003
26909671902
29219533544
35211812071
37056653608
16336114327
28398644360
17441152551
20599617175
15778198109
28760518298
30930911904
36294118924
26975469204
17561233741
41791803908
33958283428
28810970307
74450684446
19660566500
28610525465
26302161860
27741765456
29395512421
30148495333
28982237608
17040342586
37080811024
41535162766
27765922122
27923366056
34006333483
34651412218
26813797634
38000266438
38471504492
16264164656
32286255595
38471504492
31433148420
27923366056
28520209037
16885198110
38589960467
16540923027
16576353592
27704399189
32326983943
28489300213
15286193548
33818932339
33760023071
19010095712
32788829624
32049150134
25112112382
31442550328
41791803908
35861534279
15966588697
29375587745
43005079539
29921386503
16796030406
37274439159
32788829624
27765922122
21091684044
27160024882
33662185453
17182821033
21456671883
35285930300
28872481284
34651412218
17546344349
30764839803
41791803908
39042346163
22340970767
33385826170
38007735573
30764839803
35373668752
33670617768
18931718082
29432063874
28262495463
26605722115
37080811024
15920595367
25602620502
28520209037
29675480559
36287382937
36067853089
20374951359
35833778033
39454735765
16264164656
26567855866
25303865605
30061600082
30221102890
30523089241
15920595367
33972526723
28194768329
36428828522
24754682734
36201080049
37975770491
33373570282
37975770491
33159027774
37466587384
23620694934
38471504492
31362357526
25025882502
14642954284
14692571037
30163282408
14722595989
31825242683
27225596285
17784127959
32544602696
23620694934
30989315389
38589960467
18745158538
30766363915
17055322048
18235279534
33501040846
36343320824
29806452026
20778241265
19369989697
32760580475
31539906659
31434115822
28971212996
14074817432
36161562544
18439872602
32099928573
31024714698
29784368641
18171880466
14770239796
29667119408
26249069318
39906048129
33150408155
25711915003
37401644539
17819646670
28018353146
29375587745
29701576178
33012927321
32502178767
65182842140
30546785447
39232129344
15953846778
38000266438
17746374874
28751266275
31613816103
20778241265
44233179249
73071743448
16559822362
28810970307
38938214057
39042346163
27447940171
36161562544
17250938941
33263935194
17043834937
34225082953
28018353146
29432063874
25622547811
27583545268
31181570047
28824040595
18439872602
34475258034
26706933748
14574039967
29131995943
37710584069
27696892033
27236784685
37570888501
40139492701
30453354574
17172597357
16293880360
28599105806
22146458209
79749790037
18931718082
15282943234
27661519785
29812284110
28810970307
23620694934
31928979811
15474718028
30764839803
33841966523
36876620694
34913305259
28219258095
38469000464
36112506027
65182842140
27442167272
19143511223
25753410138
29191550817
32428091048
33741572672
26971513140
31889356077
24043056656
25107416512
31889356077
14981837132
17182821033
27767385338
32783077567
31488027305
26567855866
16806205482
30098433281
41791803908
25171254589
21811075146
33148380283
16627523148
31965853217
38007735573
27361865002
34006238502
28251566367
32082886275
33901471684
39906048129
31037802231
31539906659
35211812071
17488958696
27735694603
32178540339
28362521670
34493157530
29402665556
26839804149
24899804695
18471207274
31882234192
37632686456
45917375873
16806205482
30367480387
27874874031
28380100933
30964565161
29881623860
35801886847
31793596825
32390385930
33954292700
34469819265
28716819752
25753410138
37676031877
26706933748
32049150134
17285212822
23973801531
28876490894
14978618707
65182842140
34896794543
20584018013
20761359284
25271704400
75375495238
39454735765
20567487378
32025450802
42566671589
23576141095
32728346478
18836812863
33760023071
17138155808
35266498605
18745158538
35347855000
34475258034
38554340907
18449719788
35373668752
32372140004
28006052178
25622547811
28507200039
16559822362
32286255595
16729678057
31826354750
31464365151
70746586228
34006238502
18041801818
17541216762
14568699998
26363136667
18244575713
38159149222
30546785447
18651574718
29921386503
15675690718
34093015214
20629415632
28872481284
26374164956
21702609039
27973078746
35602042003
53958098152
16540291884
36179583711
18444750198
26909511013
16420632566
19270528165
14592735653
29170677045
30453354574
20902121740
32320120569
17167908539
28593360865
35747287748
21791984138
19176019935
16827106688
27970855824
17526389619
14941422334
16264164656
17561233741
14093285907
14808599690
14093285907
27358590020
34493157530
26446736847
31915632035
38917667356
14093285907
13986404301
41944518056
32173421691
34006238502
16771032830
16885198110
28192006048
38058546183
26374164956
15531800007
34896794543
30041827503
29784368641
33986353924
14121088147
17182821033
38169350551
16599864253
28401336491
26951113863
31115603584
25303865605
31281887006
23494669366
33136364350
15922222321
25711915003
36159506131
14337636450
31613816103
33286964506
19016813539
37570716101
29959098832
31445355139
30362536685
31723717046
17026759928
34033063958
29219533544
27281627051
20599617175
32554528409
15286193548
33150408155
32994362101
31433148420
26446736847
29701576178
34106716254
28716819752
23494669366
33280133376
26208762844
13149730141
35211812071
20629415632
35669454902
38938214057
21492996286
37172999874
37810017402
16866848673
15946637927
16194840985
17830228449
38873859933
29476068545
33291498886
32961695648
33443362079
36362081959
33286964506
13373090159
31682366777
21873284969
32784560009
29784368641
29200229871
27496764617
18244575713
36112506027
37466587384
33741572672
15869596891
32049150134
33958283428
17441152551
19262729223
38007735573
32784560009
17577502606
36876620694
24260614918
15640798656
13149730141
39361581852
25107416512
32320120569
31506718389
17118373751
15858129796
24779260780
29916385576
31300421056
32135888635
36287382937
15285650355
23494669366
33263935194
34737526297
36209825174
35285930300
24471757342
34225082953
36578689605
25997953761
14808599690
19369989697
19196739989
19352495759
16513570112
18244575713
30719514600
30207533819
30088105522
33741572672
18474932676
29797376778
28336391284
28985394347
28510225218
29161660921
29270052048
17472410347
26975469204
27596731891
25303865605
34493157530
36165445749
15946637927
33954292700
16304636479
37083026182
15515337370
14627737047
28982237608
26249069318
34711678544
29259468347
24072523686
34093015214
29485593791
16627523148
32474661543
29505251811
30082785183
16827430068
36109392939
27830734841
29806452026
28561381821
18471207274
17060326780
34538606340
30221102890
30061600082
36109392939
30860342416
20778241265
17488958696
17172597357
18224668999
17926036042
28476963617
39232129344
21091684044
33263935194
37697828077
29209354887
29092531756
29454208572
35790450438
25711915003
34889890339
34572015908
27052911326
34917994586
28277993046
36165445749
77289337439
38947960322
37962599268
36638593822
15973565929
17541216762
53958098152
39973419718
17950196175
16550841677
29161660921
21442899767
28506549917
28085339144
17819646670
15858129796
28570907863
26594617654
16683861694
16885198110
22161486134
34076536851
18823275401
27596731891
16576353592
15853006193
16420632566
37371321469
38947960322
26249069318
38559959261
22271403629
74450684446
31965853217
19397798147
25602620502
30048589546
27052911326
37319276996
29219533544
14568699998
32151430182
30488685592
16532470124
29217425995
33569070407
31037802231
32474661543
34224913347
75375495238
27735694603
36065584228
38396256036
15626629281
41943212838
18721650108
34714914566
24116225329
31300848995
34714914566
18721650108
23254136414
29446268407
15017660680
33820231070
30481355103
16797369971
26459496716
16821352365
15474718028
34698451457
35747287748
28561381821
38918659869
25762432133
19711686286
35472770683
41837870514
28872481284
44233179249
37401644539
28674418885
17065750354
38917667356
14722595989
32554528409
27273655980
31709290498
28674418885
37172999874
37632686456
16540923027
29484713556
17744669590
27264919299
28398644360
30523089241
19369989697
31793596825
35297015595
33543008059
16171805636
36112506027
36159506131
26839804149
27649653492
38918659869
17759347139
16596322206
26841921892
32326983943
37962599268
16194840985
16437525375
20902121740
35007057635
15910616227
29465234033
33364284702
33540235981
32151430182
27830734841
18784898710
33782193242
28998761015
17746374874
27691340157
36408469821
32045110048
17744669590
26887269333
15282368744
24124920247
28982237608
32312738276
27171142243
27048417776
28506549917
28824040595
38000266438
17682520420
29874207305
34896794543
27145485508
27358590020
30720445013
42568994494
15610082919
37984804670
26839804149
18833819967
23576141095
41535162766
29613559671
16686866781
25704905097
27052911326
31464365151
79749790037
15639856694
41709312196
37676031877
16762164627
18823275401
17805159007
15421269886
32151430182
28498813524
37274439159
28481805177
37056653608
17759347139
32760580475
30088105522
38759363812
38665397443
23410441891
28507200039
36447588203
30513073297
21073522347
37570716101
15911229842
27741765456
27973078746
25704905097
31882234192
25673624525
37984804670
24754682734
31488027305
28277993046
17138155808
16762164627
14627737047
36497695675
18216098986
32675998127
32695911658
28570907863
36727247508
30989315389
19369989697
27395289019
33993566225
28056164405
27970855824
34896794543
40640202545
10038363619
27264919299
27717288414
38058546183
31743092579
26270833636
30148495333
35747287748
25303865605
20125921360
35801886847
17830228449
34246357334
31220997816
24826315812
28872481284
16599864253
42568994494
39232129344
25673624525
28852184764
16194840985
15910616227
28998761015
21811075146
25622547811
33690612443
17892302183
37644459304
36201080049
17138155808
30651872007
37810017402
18462628476
26975469204
27236784685
34033063958
37697828077
17759347139
28520209037
15861710677
27395289019
32650851523
28860053926
29841450502
17541216762
28366836699
32650851523
36876620694
29985088500
29806452026
33142745926
31394518341
14724389995
27698807763
25587544439
29505251811
39708479783
28750495883
34896794543
39973419718
41918408397
14642954284
27515689437
15601182599
15993876393
27361865002
36333454962
32135888635
34076536851
28570907863
26839804149
34517218587
26069180031
28015551670
32728346478
34507049641
29011926512
32312738276
21456671883
41709312196
53958098152
27264919299
37371321469
79749790037
26363091406
13373090159
31826354750
27343511729
15515337370
27394961698
34108563860
27649653492
29446268407
27541176170
29270052048
32267274029
33986353924
31986964671
32994362101
24072523686
30082785183
26363091406
38102961167
33611170976
28982037377
21702609039
33364284702
13070364637
27874874031
42523940459
31912189587
28336391284
34006333483
17488958696
30027856277
14574039967
28971212996
27787684968
33690612443
17819646670
16532470124
15910616227
36217378068
20778241265
33252523405
34241744196
28784172219
14708423673
31034589804
24335822334
27974747156
21073522347
35266498605
35266498605
22161486134
23470681143
18776734997
36197546282
15853006193
29871847399
29143805507
15640798656
16683861694
17892302183
27715687876
34901420996
29244738777
33197603005
19196739989
18823275401
13605506301
39973419718
37552127558
42568994494
17167908539
29446268407
27160024882
27264919299
27264919299
29402665556
37080811024
27234236642
16325546139
18784898710
18439872602
38917667356
33012927321
17488958696
18148674898
30720445013
18462628476
22797103009
36201080049
15319222666
28476963617
20125921360
30095143519
32728346478
26141856839
34517218587
37229956779
29092531756
39180657967
29861088073
39170484409
41918408397
37083026182
33403985377
18235279534
16729678057
30082785183
15675690718
18224668999
31034589804
19281690023
24335822334
28149302060
29049552487
33008045462
31352320925
35347855000
25107416512
15312802298
33667191240
43005079539
16596322206
16014731263
21073522347
16492944443
28876490894
23410441891
21702609039
37644459304
37962599268
28668307919
28757082117
31612184884
16729678057
29701576178
10038363619
28481805177
27149364765
16325546139
28824040595
29088448571
19397798147
30719514600
16492944443
37390412179
29570667249
25025882502
31672033975
19397798147
17830228449
36316056640
22557757565
36116818387
38938214057
31394518341
32064189142
27048417776
28277993046
29151598678
22557757565
17546344349
28668307919
38665397443
17138155808
18931718082
26706933748
27692194373
30207533819
36578689605
23068420087
23065972569
36578776674
37984804670
17765906898
19362828186
31728892060
32502178767
14574039967
37183808500
35305529329
37080811024
38559959261
37962599268
17065750354
31506718389
17133011029
32390385930
29217425995
30628170429
14121088147
25723987785
24260614918
18776734997
19711686286
28223854689
27887298351
30915303276
32987328720
32474661543
27160024882
29170677045
33138901483
28734272028
36568682154
22340970767
23470681143
29042720414
28476963617
33889943943
28748371908
31793596825
22797103009
14693648970
23973801531
33741572672
16317290020
13149730141
37466587384
33954292700
32544602696
24072523686
33864168439
37198959367
18497132708
23096381429
33008045462
32173421691
17043834937
20263644917
34913305259
32783077567
39198821389
28757082117
28971212996
27739807407
35314039589
20599617175
21073522347
30691695524
14592735653
30585302883
27284759485
14692571037
16540291884
14822058143
25723987785
37056653608
31362357526
29454208572
28305489014
33403985377
25587544439
36857335096
44346624251
31965125595
30676927743
26302161860
16097544115
27687815675
28561381821
13498161079
31339134707
15496959617
36727247508
29466097327
35747287748
27447940171
37083026182
27358590020
34714914566
36537684389
43005079539
54817908799
35266498605
17541216762
29399148306
15973565929
15626629281
29406962814
34896794543
31882234192
28750495883
31300848995
26813797634
38159149222
14770239796
32066532294
31220997816
16154019065
28806605354
26141856839
14708423673
29245077286
27394961698
30594829386
16540291884
31978659802
32267274029
33864168439
39232129344
39198821389
26358285593
25711915003
33008045462
16407950591
29406565557
71707185337
16550841677
28544695759
34432829168
23494669366
29484713556
27583545268
15091581724
29049552487
36161562544
15711596015
22797103009
15152445378
22340970767
31506718389
33501040846
36578776674
33148380283
39198821389
28860053926
19369989697
30696655190
28194768329
26894895541
28506549917
31245350801
16638143569
35997440404
28219258095
28716819752
29049552487
16513570112
14907651088
16365612012
29494452031
34225082953
31802921107
29245077286
31362357526
14692571037
16365612012
27715687876
27715687876
34365047788
37914163652
18449719788
15639856694
37975770491
28219258095
32788829624
29610996884
28668307919
31394518341
26363091406
32372140004
29406962814
14568699998
23096381429
26605722115
23620694934
25450026617
29874207305
31464365151
31882234192
17535689511
37570888501
28476963617
29675480559
34874599725
36654890361
31965125595
28398644360
33197603005
30095143519
40640202545
38759363812
33373570282
28196445116
28373483990
79749790037
28751266275
32857513097
23086422751
35007057635
24335822334
30088105522
15474718028
30651872007
14708423673
24395680766
31245350801
30088105522
18381806065
37229956779
32066532294
28860053926
15312802298
37960125736
28373483990
29613559671
27698807763
33889943943
36209825174
31191295444
27882182924
29151598678
29465234033
31339134707
18439872602
15691065960
30696655190
32590518919
27343511729
24166417724
24043056656
16095020558
35740016360
16095020558
30339982290
36857335096
31942185212
36386648517
29209354887
26740718861
16241574254
40297690044
28570907863
29921386503
28380100933
19196739989
32458916769
17167908539
29613559671
31191295444
14808599690
30691695524
15853006193
14093285907
17026759928
30585302883
19333948557
15993876393
28366836699
31912189587
16540291884
27541176170
30362536685
34724732353
28785764094
28751266275
38029936747
32099928573
22340970767
29088448571
45917375873
29988069763
32590518919
15711596015
15455913906
34106716254
34517218587
28784172219
31267259986
28085339144
34517218587
71707185337
31191295444
33227617854
13986404301
31045219264
30561177083
31065628171
36287382937
33690612443
33286964506
13149730141
15091581724
32695911658
24899804695
29293567417
27052911326
16095020558
29812284110
65182842140
18439872602
29812284110
35297015595
23096381429
25725275971
14574039967
17285212822
32788829624
25836728168
29874207305
27515689437
37619400921
26291821322
15162142859
15953846778
29402665556
33138901483
37083026182
28950901342
25271704400
19369989697
35790450438
31825242683
28760518298
28750495883
23142662814
53958098152
27735694603
24219684621
41918408397
23254136414
33965454790
15954794003
15282943234
25729817587
16771032830
37644459304
35630971532
27541176170
34391898728
24219684621
16550841677
29985088500
15639856694
30311909102
14592735653
18244575713
16420632566
28219258095
16097544115
28985394347
32728346478
17541216762
32312738276
26087488072
30367480387
54817908799
37697828077
17250938941
27447940171
23403794015
16683861694
40640202545
26208762844
31942185212
33670617768
16827430068
32788829624
17646317030
68052664918
16683861694
33662185453
18381806065
23256981099
28971212996
31267259986
16532470124
31912189587
36116818387
26565901472
33690612443
31450776871
31915632035
30279863185
30367480387
23266119925
26376512994
32348349760
37632686456
27787684968
26971090207
20500602913
34917994586
27741765456
31442550328
25947073792
30651872007
17345618840
30691695524
29701576178
15489121897
36472730194
32544602696
29170111481
16437525375
19352495759
16569738269
16326855178
33008045462
28836241657
37914163652
37401644539
37864789647
38917667356
40898505500
14592735653
33972526723
15610082919
15257656992
16689465757
24415064303
15531800007
16127125338
36286288143
34698451457
34889890339
23471335050
30720445013
19143511223
21492996286
28006052178
22581899919
41867297564
33611170976
29916385576
36075259367
29219533544
29446268407
21442899767
42568994494
14708423673
13373090159
27830734841
17187569415
36011639654
42523940459
37810017402
27692194373
29806452026
34848249577
18449719788
28751266275
36109392939
15282368744
26894895541
32154651665
32675998127
33281088300
32397941999
31464365151
26363136667
34325736310
36876620694
28982237608
36162712499
26446736847
28398644360
15286193548
29088448571
31605456405
25729817587
13373090159
26446736847
34848249577
15246714252
32066532294
16480245024
31986964671
27361865002
35341998880
32191368253
54817908799
35977348722
27236784685
35297015595
18823275401
39232129344
17784127959
28192006048
26374164956
37083026182
25869298541
26971090207
31506718389
31433148420
37056653608
28860053926
35661956068
33503905443
34567163816
36294118924
14074817432
27281627051
31540004167
27970855824
17065750354
30565926365
73071743448
30816309879
36164298870
39361581852
33227617854
35669454902
20543975225
28277993046
27923366056
16638143569
32151430182
17722629949
28018353146
29259468347
35211812071
39982455682
30561177083
30513073297
14296227074
18122399456
31394518341
28783935633
34145795898
16066882437
30719514600
13498161079
35266498605
28657160121
23494669366
25704905097
35211812071
29610996884
13605506301
38947960322
30088105522
38016706945
16127125338
28985394347
43005079539
33079103960
15285650355
32286255595
31353310252
30367480387
36316056640
36207440567
18833819967
33864168439
29916385576
17016384205
20125921360
28751266275
26594617654
16116298832
38058546183
29364452022
36159506131
14296227074
34651412218
35285930300
14981837132
29219533544
32650851523
16325546139
17646317030
36065584228
35997440404
38471504492
21091684044
38169350551
38759363812
35373668752
16796030406
28734272028
25112112382
15286193548
20599617175
31281887006
28498813524
27739807407
32427435385
29916385576
37466587384
28506549917
27171142243
27363657740
16540923027
26565901472
18766375426
35067222016
37697828077
26358285593
18238969540
33289890417
15911229842
41837870514
43100415654
28836241657
35211812071
29170677045
36075259367
30513073297
20808064524
31613718026
26266284967
20778241265
31445355139
33136364350
31434115822
27739807407
32994362101
18823275401
23445005451
36162712499
15285650355
21456671883
27765922122
32244944240
39973419718
34108563860
17060326780
32132854038
28006052178
37570888501
26706933748
71707185337
35314039589
31709290498
31488027305
32675998127
27012898497
16576353592
38102961167
29191550817
32801269658
22394230187
27696892033
31613718026
21791984138
16242309047
27343511729
15953846778
32602424442
33818932339
25154373235
33354217971
21442899767
14337636450
20567487378
34246357334
30816309879
29011926512
35747880374
25060402009
38873859933
18604449939
33901471684
16365612012
16532470124
34469819265
14693648970
32132854038
15421269886
29446268407
33965454790
15409577885
31024714698
25154373235
31672033975
28906437063
28251566367
30098433281
15257656992
18423418832
25947073792
30061600082
27739807407
31362357526
15869596891
15448870023
32728346478
14093285907
31672033975
15017660680
26249069318
23142662814
39361581852
27787684968
36286288143
29131995943
28476963617
30095143519
33366849086
28657160121
16596322206
16154019065
30585302883
41943212838
35669454902
18351455623
22146458209
28971212996
35669454902
26087488072
36727247508
33501040846
29841450502
20435621086
33373570282
31300848995
32141287881
40508251889
29861088073
32390385930
30567611467
16365612012
15911229842
30915303276
36578689605
16906491664
32784560009
39708479783
35305529329
41837870514
41918408397
25836728168
29494452031
26909511013
14568699998
28498813524
31433510333
37255553103
14907651088
36472730194
22130060451
29840068967
37371321469
17016384205
28373483990
36333454962
27260831562
37080811024
30860342416
29484713556
33662185453
15858129796
36294118924
16154019065
19016813539
34093015214
15610082919
25622547811
27394961698
29466097327
36537684389
25450026617
28881177520
34601529704
33986353924
34511912340
27281627051
39982455682
33841966523
30719514600
18381806065
33008045462
17627722326
31928979811
41809851108
16762164627
28401336491
15947948363
15778198109
27052911326
35861534279
25025882502
17926036042
28192006048
16513570112
36004846594
36537684389
27299430545
14862642511
26141856839
18999049632
15474718028
28507200039
32236930497
34006333483
15407629835
16127125338
26139335043
29151598678
34567163816
17285212822
41944518056
28305489014
29861088073
16577893846
16336114327
26567855866
33824728383
15282943234
23403794015
32544602696
31826354750
25480537635
33054388268
32602424442
16559822362
29485593791
17172597357
26793274057
34848249577
33972526723
38396256036
30027856277
30915303276
27234236642
30061600082
28982037377
27225596285
29881623860
33289890417
16407950591
23266119925
39198821389
28784172219
14978618707
32783077567
34093015214
26270833636
32135888635
31394518341
31793596825
15407629835
32801269658
37864789647
36654890361
36837479214
32502178767
15691065960
28401336491
24116225329
31825242683
16866848673
18238969540
15862657488
14337636450
34365047788
22130060451
17118373751
32178540339
36343320824
22130060451
24899804695
15286193548
27515689437
16544177853
16116298832
14337636450
34391898728
27887298351
31540004167
40640202545
36362081959
25001492435
34246357334
15407629835
36164298870
18471207274
30720445013
35630971532
37172999874
28507200039
39170484409
34567163816
15409577885
16689465757
32427435385
15862657488
22581899919
15136268034
33611170976
29959098832
29217425995
17065750354
75375495238
27442167272
30816309879
37697828077
30163282408
39180657967
33443362079
32502178767
25001492435
31353310252
73071743448
30989315389
30061600082
17784127959
30930911904
29570667249
35861534279
17488958696
28277993046
15910616227
18999049632
36207440567
37371321469
23445005451
16559822362
32502178767
36217378068
34411947476
15993876393
25673624525
31986964671
27715687876
33611170976
31965125595
36112506027
14296227074
41809851108
28006052178
34296692374
16304636479
18604449939
36638593822
37172999874
15946637927
26793274057
22271403629
27171142243
38759363812
35297015595
23142662814
32191368253
35630971532
19196739989
20808064524
15626629281
28760518298
31034589804
38759363812
33958283428
25704905097
36497695675
16569738269
31605456405
16771032830
53958098152
27052911326
33540235981
29219533544
31456655023
23410441891
25025882502
36162712499
27149364765
35285930300
24166417724
33291498886
14739937441
32760580475
15858129796
30816309879
21873284969
34432829168
16116298832
32428091048
15862657488
33280133376
43100415654
26565901472
31912189587
29784368641
21978495208
17805159007
18900484941
30816309879
31514381295
34724732353
18041801818
10038363619
29244738777
28489300213
14093285907
33266401760
20902121740
28824040595
27234236642
28599105806
34432829168
36127925067
32840747884
36654890361
16821352365
26909966425
32716941494
36447588203
40297690044
37710584069
17055322048
31450776871
16095020558
17805159007
33667191240
34432829168
18604449939
35801886847
27541176170
16066882437
20176080524
36343320824
41535162766
29840068967
17413738757
37129480914
35661956068
37401644539
16241574254
24188674210
31394518341
39982455682
31915632035
28006052178
23494669366
16097544115
36287382937
18745158538
28804133094
26266284967
30488685592
15158339976
15158339976
39361581852
35399376975
24826315812
17722629949
36428828522
23445005451
35305529329
32135888635
37632686456
65182842140
38029936747
24754682734
17892302183
27052911326
25723987785
16559822362
32427435385
27596731891
18449719788
24415064303
28716819752
32372140004
26567855866
35731840060
37962599268
32428091048
20374951359
25587544439
37183808500
22271403629
28750495883
29645055268
30585302883
33012927321
31267259986
29494452031
28982237608
33227617854
31825242683
15640798656
23068420087
39476711805
26291821322
24542482092
27691340157
33760023071
16686866781
29399148306
22130060451
16544177853
29161660921
37570716101
28982237608
17646317030
16492944443
36568682154
16540923027
39574364933
36497695675
29293567417
32397941999
35007057635
17950196175
38007735573
27560525129
29493248745
35373668752
28881177520
16540291884
33611170976
29151598678
21091684044
24335822334
32458916769
23576141095
26459496716
36578776674
30027856277
18497132708
24072523686
17577502606
14828474570
28192006048
33503905443
31672033975
29270052048
34469819265
32267274029
32961695648
28544695759
31506718389
29170677045
15017660680
29667119408
42146045057
32994362101
27358590020
38918659869
31613816103
25154373235
22706311381
16420632566
36343320824
30628170429
13380814303
36316056640
39973419718
17055322048
29375587745
37810017402
38938214057
32158291244
32132854038
37056653608
16532470124
14296227074
15862657488
26696486152
45917375873
31045219264
28784172219
32218946527
22340970767
31506718389
16293880360
27887298351
29088448571
16407950591
30027856277
14337636450
25154373235
28481805177
37255553103
28593360865
32372140004
38016706945
27358590020
20808064524
16322688985
39170484409
37198959367
33958283428
34076536851
28510225218
16821352365
29494452031
16532470124
31728892060
34432829168
13070364637
30816309879
28006052178
27767385338
31965853217
29042720414
15610082919
19010095712
28018353146
23256981099
23254136414
35661956068
39361581852
37319276996
15675690718
31605103168
31191295444
23471335050
35067222016
18235279534
22706311381
38938214057
37570888501
29485593791
36011639654
32840747884
36578689605
28613034958
75375495238
16480245024
24754682734
33138901483
16540923027
42523940459
30720901162
27145485508
23445005451
17805159007
34724732353
22404949096
16468376220
26567855866
31605103168
37129480914
33243493609
31433148420
31191295444
15911229842
31249187001
17374493357
25869298541
38471504492
15853006193
25171254589
41837870514
18462628476
32914126668
14693648970
18604449939
28305489014
17430029757
29200229871
32760580475
30488685592
36568682154
31826354750
17759347139
24899804695
28476963617
36472730194
18651574718
27739807407
16821352365
19016813539
32236930497
30082785183
40898505500
33782193242
36362081959
35675952548
18171880466
16293880360
31115603584
41918408397
24260614918
30956608918
17430029757
15409577885
26688411952
14828474570
32074032185
33263935194
16326855178
26971513140
41943212838
54817908799
18604449939
28760518298
28906437063
36127925067
15778198109
26951113863
28006052178
33366849086
36287382937
37390412179
27299430545
24430832616
37249879864
27273655980
15496959617
16375412045
18721650108
72010565095
17172597357
27741765456
18444750198
33286964506
18474932676
25480537635
31709290498
29505251811
29446268407
17430029757
29170111481
29259468347
18122399456
30720445013
28804133094
32857513097
29812284110
37371321469
32398972258
16627523148
32801269658
27171142243
25303865605
31965125595
35472770683
17577502606
39142074919
31306044850
30561177083
15158339976
37274439159
16550841677
18766375426
24754682734
31209798940
33403985377
33142745926
29131995943
37038168344
30311909102
16317290020
16317290020
16683861694
27012898497
34234649744
18900484941
30339982290
15421269886
26363136667
29485593791
27264919299
15639856694
29871847399
18325410863
29465234033
25947073792
29951423585
14978618707
17546344349
35747287748
28196445116
37038168344
37172999874
22340970767
33366849086
32045110048
27394961698
15869596891
32141287881
17682520420
20902121740
18235279534
16304636479
34224913347
75375495238
16014731263
32840747884
27691340157
29494452031
17167908539
39361581852
20176080524
28674418885
17472410347
27048417776
19362828186
14828474570
14692571037
35747287748
22404949096
22404949096
29244738777
15973565929
33105990529
31612184884
28748371908
28783935633
33197603005
19010095712
29134976335
28852184764
18122399456
26605722115
15531800007
32458916769
28223854689
15246714252
38873859933
16540923027
15993876393
31245350801
34711678544
23470681143
29916385576
14941422334
27515689437
18999049632
16762164627
31084394158
28668307919
28570907863
26909671902
39708479783
18325410863
31802921107
36165445749
33864168439
28520209037
28891153964
31281887006
37676031877
32135888635
21442899767
30319334720
32025450802
33289890417
31065628171
17043834937
18216098986
24471757342
16827106688
19270528165
28333956135
37598219040
17345618840
27696892033
28872481284
31723717046
34553190484
31612184884
27583545268
28336391284
15531800007
15966588697
31024714698
36179583711
37183808500
54817908799
39198821389
31825242683
24116225329
14770239796
29784368641
29375587745
32994362101
25001492435
33443362079
32099928573
18122399456
74450684446
30279863185
26141856839
36568682154
18041801818
34391898728
36654890361
38918659869
33263935194
30088105522
28613034958
31978659802
29244738777
20567487378
33281088300
31514381295
17765906898
26975469204
29916385576
30696655190
32244944240
37249879864
27849060814
36568682154
34889890339
23266119925
27264919299
32049150134
31728892060
35997440404
28015551670
31709290498
28751266275
16326855178
30367480387
25753410138
16689465757
43100415654
17526389619
36112506027
16322688985
34106716254
32326983943
16729678057
15601182599
14074817432
32427435385
27767385338
33281088300
36011639654
16544177853
28599105806
33373570282
16771032830
17950196175
13070364637
31024714698
16304636479
24188674210
18325410863
34145795898
30088105522
18604449939
18381806065
32801269658
23142662814
17682520420
34507049641
15158339976
26605722115
17805159007
34033063958
18381806065
27661519785
32320120569
27225596285
15527091151
39042346163
29645055268
19176019935
33079103960
33008045462
36209825174
31612184884
31540004167
29485593791
72010565095
28722885157
13498161079
35373668752
26887269333
16540291884
29011926512
22706311381
36568682154
22706311381
28149302060
37960125736
15455913906
30027856277
29136035657
31213702883
36197546282
28018353146
38029936747
25060402009
17187569415
32497395660
15840814051
30061600082
16242309047
32178540339
30651872007
17374493357
33105990529
18462628476
36217378068
28852184764
30565926365
17060326780
27533953573
16407950591
17746374874
17892302183
18474932676
30319455897
28906437063
14574039967
28305489014
16559822362
31433148420
28520209037
33281088300
14739937441
34889890339
34493157530
28333956135
39973419718
32244944240
16029199559
37319276996
25450026617
17819646670
25025882502
15285650355
23266119925
18776734997
38058546183
38917667356
16241574254
24430832616
16066882437
30565926365
16866848673
24471757342
32178540339
31825242683
29476068545
28561381821
25753410138
28657160121
15639856694
17577502606
39361581852
34406299434
14121088147
15954794003
21091684044
34325736310
36165445749
27160024882
39476711805
31300421056
30546785447
16576353592
35171366315
32081715907
35661956068
31434115822
26139335043
33443362079
34538606340
36217378068
27704399189
34917994586
34724732353
35305529329
36333454962
35341998880
32178540339
16014731263
33443362079
28362521670
44346624251
27687815675
37570716101
16241574254
24826315812
20390622865
34896794543
68052664918
34145795898
29841450502
15947948363
31300421056
32372140004
28836241657
32390385930
23410441891
27715687876
33159027774
38938214057
34406299434
20374951359
15448870023
21073522347
32994362101
35997440404
40508251889
24219684621
28716819752
18784898710
35731840060
27160024882
30367480387
17040342586
28613034958
38759363812
20902121740
36165445749
15496959617
24188674210
31942185212
29841450502
34511912340
27496764617
32191368253
28985394347
36727247508
32154651665
35833778033
21978495208
36408469821
26887269333
17065750354
29161660921
18900484941
32244944240
25060402009
30720901162
38938214057
15531800007
15409577885
31352320925
32821347431
25947073792
15162142859
27735694603
31802921107
18325410863
31249187001
28520209037
19971847532
21978495208
19062589836
31912189587
34737526297
31037802231
20869522625
19281690023
17182821033
29406565557
36333454962
27887298351
31613718026
34033063958
33986353924
29667119408
37371321469
16806205482
14739937441
16638143569
36201080049
35740016360
24260614918
18471207274
30691695524
43100415654
31434468155
15455913906
32312738276
17040342586
14642954284
25161218295
28750495883
29270052048
16325546139
36386648517
39003907540
31539906659
27299430545
29219533544
23471335050
31802921107
32244944240
26696486152
24219684621
36065584228
34493157530
31514381295
15527091151
15862657488
27882182924
36294118924
16325546139
26793274057
29861088073
26813797634
31245350801
30319334720
23576141095
29613559671
36362081959
29115990689
37810017402
41709312196
35602042003
31362357526
29484713556
31882234192
34296692374
73071743448
36712158667
32821347431
15246714252
33054388268
16154019065
36654890361
15840814051
31213702883
31978659802
16796030406
28722885157
29784368641
36837479214
32474661543
33611170976
21492996286
27704399189
23065972569
37619400921
30860342416
30339982290
33403985377
33197603005
31743092579
21073522347
15639856694
10038363619
33266401760
35675952548
20390622865
28985394347
14822058143
16322688985
13986404301
26688411952
27696892033
40640202545
31605103168
18122399456
16576353592
26266531320
32382547266
15285650355
33197603005
36705906781
35305529329
33266401760
27887298351
14693648970
16686866781
19333948557
16265169025
29170677045
32236930497
35833778033
26841921892
17060326780
16827106688
33818932339
36727247508
35731840060
18721650108
24395680766
27560525129
17627722326
25112112382
15963089731
29170677045
26594617654
20629415632
24043056656
31682366777
29466097327
32236930497
36294118924
27739807407
18745158538
15711596015
19176019935
29985088500
27260831562
28613034958
17541216762
26909966425
24471757342
33986353924
15282943234
18900484941
30344426160
34006333483
17308372936
34848249577
33503905443
37056653608
33008045462
38559959261
15407629835
30546785447
33841966523
32135888635
16866848673
24415064303
28298947160
34737526297
32045110048
30221102890
34601529704
38159149222
16627523148
15224433711
32158291244
27145485508
33667191240
19143511223
36857335096
30041827503
33993566225
28398644360
31825242683
28192006048
25154373235
17413738757
15869596891
25704905097
30279863185
34724732353
16771032830
26363091406
16866848673
27533953573
15257656992
23266119925
32382547266
21873284969
24395680766
19711686286
30691695524
26740718861
18784898710
25112112382
33281088300
26618631197
21807637906
31915632035
29645055268
32372140004
27171142243
26894895541
36447588203
36165445749
17345618840
15421269886
34517218587
18423418832
32064189142
30279863185
43005079539
32081715907
32774677741
28806605354
32783077567
30964565161
31605456405
29959098832
15869596891
25480537635
24043056656
18216098986
27974747156
17016384205
29570667249
34601529704
34848249577
27048417776
36207440567
35067222016
36343320824
15946637927
26141856839
28219258095
14822058143
65182842140
23096381429
29861088073
27149364765
26971090207
31605103168
18346054995
26909671902
16729678057
32236930497
17311681140
31267259986
33281088300
28085339144
26594617654
34432829168
41837870514
37895123941
30148495333
27596731891
22394230187
35661956068
36408469821
30696655190
37960125736
15675690718
17167908539
16014731263
33159027774
34241744196
35675952548
28599105806
16468376220
31346484409
28610525465
27849060814
17138155808
14770239796
32474661543
26909671902
27363657740
16375412045
31084394158
31084394158
28336391284
35801886847
20125921360
27145485508
14692571037
34108563860
16627523148
36727247508
29871847399
33670617768
32474661543
25729817587
28985394347
33540235981
34651412218
30339982290
17646317030
31065628171
26909511013
21702609039
28836241657
25762432133
14941422334
26909966425
26740718861
34917994586
16242309047
16638143569
27273655980
16827106688
31220997816
27447940171
26266284967
30311909102
16596322206
33159027774
23403794015
17906379984
29134976335
30041827503
26358285593
37056653608
34093015214
19711686286
29432063874
28498813524
15691065960
32132854038
32397941999
26363136667
31084394158
30339982290
23627272954
27496764617
16885198110
17906379984
36011639654
30319455897
32320120569
19362828186
28593360865
35341998880
23494669366
15162142859
17172597357
31084394158
28544695759
29841450502
16265169025
37864789647
33824728383
23627272954
35740016360
15920595367
32141287881
36857335096
17250938941
42146045057
16577893846
14074817432
31249187001
26087488072
14808599690
16014731263
68052664918
27765922122
29244738777
22146458209
32428091048
70746586228
31612184884
23973801531
29395512421
30567611467
31613816103
38665397443
37914163652
33105990529
27052911326
20869522625
26376512994
29675480559
37401644539
25869298541
15257656992
18423418832
42396429246
34033063958
27661519785
17535689511
28251566367
30565926365
15158339976
23620694934
20543975225
21978495208
37710584069
36876620694
27361865002
16559822362
16336114327
33280133376
28748371908
32914126668
27698807763
33611170976
27135903325
15861710677
42146045057
21456671883
15639856694
32774677741
36127925067
20125921360
29466097327
23445005451
39198821389
32428091048
37864789647
31220997816
33136364350
25161218295
30561177083
41535162766
23256981099
33159027774
18833819967
38469000464
24188674210
31084394158
24826315812
34507049641
16029199559
29259468347
19281690023
32218946527
31394518341
35472770683
27496764617
32716941494
15922222321
77289337439
36537684389
21492996286
29191550817
29406565557
16480245024
30523089241
17682520420
38007735573
30930911904
30098433281
34006333483
31743092579
28950901342
29841450502
36217378068
29115990689
14296227074
40139492701
20567487378
27583545268
33419859138
15675690718
17308372936
23086422751
33243493609
36408469821
31025400081
34711678544
28318271572
36179583711
37984804670
31037802231
16029199559
30594829386
23086422751
36670602489
25480537635
37255553103
28373483990
32458916769
17906379984
39232129344
26376512994
28336391284
37390412179
17413738757
30157510063
28507200039
41944518056
28223854689
31965125595
41809851108
29061260478
21702609039
28610525465
26266531320
21702609039
28544695759
16468376220
31191295444
33020993935
14724389995
30720445013
26363136667
17187569415
33054388268
36179583711
35669454902
24779260780
33385826170
32390385930
33667191240
30567611467
54817908799
33148380283
35977348722
37962599268
15953846778
32132854038
35747880374
24188674210
32191368253
28373483990
28305489014
32074032185
26069180031
26975469204
31826354750
35747880374
32760580475
33286964506
23403794015
40508251889
36116818387
29959098832
23470681143
17180017845
17118373751
13498161079
16569738269
25161218295
29466097327
34913305259
36654890361
28783935633
24415064303
28716819752
15091581724
16729678057
33018231391
31213702883
15911229842
31540004167
16806205482
16689465757
26459496716
27234236642
28570907863
39003907540
40139492701
15162142859
24542482092
27882182924
31025400081
36428828522
33540235981
14724389995
32695911658
34917994586
14907651088
31249187001
36112506027
39476711805
