3116260266
2715138004
2661640196
2927984292
3199300706
2602444544
3143204622
3165473906
3304715006
3476354727
3009525900
2533294694
2986145372
2573344587
1960359953
2288740900
2120738182
2003082047
2045465970
2159653257
2338700462
2152257721
2243580426
1909095581
2940646183
3371151949
2831606069
3060058569
3203153420
2689658828
3228103231
2648519897
3140435583
3119239280
2575957374
2984898253
2813262134
3926816260
4874957804
3806979988
5102683301
4230350704
2338583291
2895800334
2759302936
2527736188
2796059784
2832388855
3040234941
2886354223
3067599164
2811119056
2699736287
2842507043
3036487337
2814378905
2699189320
2934796549
2823517060
2899662611
3356645324
3094392576
3016207300
2955638709
2112894368
2926655366
3002977314
2753534538
2701253502
3618075070
3185240403
3384897277
2589668997
3171127392
2963742393
2952384786
2818789463
2466026336
3051857978
1661628641
1622074734
1662606441
1370748725
1558730697
1798447070
1185245326
1839053800
1671384819
1588283155
1790530403
1733796579
1530124563
3412588641
2993647264
3427748844
3336647828
3451641325
2526657941
3330360291
3773154273
3445418035
2529793760
3540551850
3229657656
3388316299
3425169929
3251700410
3081750949
3421942085
2463280176
3449607105
3191169198
3121316832
3548594171
3554726919
3093198266
3242413177
3361650013
3280444266
3366254533
3080228651
2946052354
2217040108
4317904923
5472591728
4748137564
5752349395
3611808137
2232010668
1518774495
1714338258
1640876698
1727295983
1598769268
1862107347
1621273449
1635342514
1795978257
1775415557
1659075157
1491623453
1410726935
1733628694
1631619510
1628650556
1997043159
3341979653
3172436812
3083723467
2245339650
2294571571
1598141776
2268923963
1925417236
2190599554
2301722439
2328928672
2357538693
2125667539
3746772847
2410708288
2426403736
2540180317
2817282770
2577137002
2450186749
2727191927
2528585212
2640768487
2184421708
2369063628
2103236510
2297754562
2383125922
2328948780
2405658395
2585444796
2645885084
3027002727
2426429489
2539174165
2466888713
2327236373
1822467140
3572569339
3811751122
2754273169
2317842770
1989887381
2062429831
2115750643
2030967817
1975662702
2135362523
1962562299
1955012712
1901416544
1810864053
2212856014
1913133892
1929460112
2152518908
1534331732
1985827629
2115424082
1922547680
1904653711
2023505863
2223844175
1799966581
1831303977
2218978776
1609518649
3116800920
3346715381
2890567590
3213424247
3322030481
2792257199
3569859233
3451530797
3214845467
3369320336
2875966338
3173605092
2622529163
2022819716
2886238605
4405805667
3879314854
3470720993
3637050801
1964411129
3084928596
3143355037
2972990156
3481300273
2700172663
3587480853
3596371098
3064771095
3318866653
3311248646
2935010029
3305853466
3228024624
3306264944
3069312035
3368414664
3420101140
3126220052
2961437702
1995859500
2882371347
2882986233
2879174179
3069196076
2400559207
2885437628
2185249513
2600299629
3170462370
3037690094
2905494443
2291513461
3253998512
2577689765
4749535809
4618470615
4747374456
4170053721
5152332530
5063302337
5729534574
6003485243
5181412474
4874503720
5597793361
6084837435
4350550976
5361448813
5053283294
4936149356
4448440779
4802954150
3494619946
4356364161
4621613718
4908726407
4503998301
3963229519
4654353072
3859022945
5309528539
4156401238
5742622062
4439263526
3622268435
3229832346
3316842024
3285741786
3008613948
3062073656
3458663128
3508002687
3715390724
3421472253
3408890461
3561724602
3464326771
4326365843
4524011683
4635035700
4084392256
3233727494
1862767885
3286326402
2515739348
3332351804
3017505188
3414662864
3296371618
3119528968
3399880119
3591541179
3112506896
2924103094
3089924985
4189283059
4509009707
3887007846
3658152160
4752244279
2389691362
2604272081
3058571706
3123509156
2492925770
2669664959
2985435735
3158713847
3327824259
3120999340
3341257846
2991504840
2994500165
3112519020
4280894061
5198015173
5445660245
5088911050
3500765538
2626527375
3217688573
2895716958
3059252193
3138429196
2904286146
2922276869
3152784776
2553310493
2829638959
2487860097
2864733334
3057449924
2671084192
2839518403
3219831948
2595062515
2941647597
2393376763
2497609956
2638225910
2548528925
2716500064
2621745489
2981111117
3395045170
3145283115
3191257491
2909033177
2973459753
3021445955
3356229036
2652831552
2565072459
2648507935
3113659605
2946875682
2908745550
3388177127
3505531705
3291559454
3005858230
2194284833
3129960462
2976864262
2319439303
2277646174
2982210749
2937270764
3030559594
3047385330
2698818941
2681801950
2841461587
2852776290
2939126084
2487691381
4277034188
4285968726
4544816413
5079610623
4754923878
3791344611
2891212770
3408693274
3409623051
3348334495
2763799179
3544526811
2789240866
3458780104
3263603449
2533279585
3132003899
3699255946
5029747847
4811671641
5208931758
4618843599
3122787235
3070801709
3190388954
3324350939
3695945853
3599089153
3202278775
3405720580
3245276760
3374745678
3319259610
2761967942
4536958640
4797993099
5639062797
4689380034
3938596591
2420758154
1821655313
1788927892
1619591426
1423751329
1298601186
1707473965
1849378574
1785229733
1801469851
1821658469
1696702080
1628396204
1188851438
1661011053
1912587789
1572762723
1663863230
1686847927
1655426023
1635906174
1694550197
1498531665
1577286795
1375796959
1267119755
1661420569
1600107370
1573275936
1621475488
1762864049
1632989484
1781138251
1732345071
1591308544
1930880301
1685370896
2777495306
3321825820
3337860468
3268768300
3444947525
3305483400
3406519275
3489720997
3291533889
3083023909
3309634711
2871798137
2482608970
1453445686
2150158482
1976612417
2087945976
2087722661
2038438772
2112179282
1898674858
2075179716
2003660112
1582379454
3203850222
2954035357
3004001796
2700905802
3179436924
2829616962
2727160808
3064509567
2868238217
2887183834
2602356567
2928445906
2958660840
2782478538
2638279183
3155293549
2673175137
3076316500
3110958184
2303100625
2946879169
2270302737
4102333364
5508695683
4332496204
4838324999
4418288219
4776422482
5197113746
5264609846
4542792068
4970960166
4909265293
5326004334
4350103771
3435723779
2831819938
2505349723
3796266091
3698659858
3642540071
3341266360
3910262787
3672363674
3164910313
3239182055
4596156662
13889137390
6499721651
3146719605
3133444419
2514331723
3352361528
3405066546
2977538252
3344199349
3582174533
3237655417
3173887262
3031279822
2946793791
4175375093
4750711863
3410734699
4534204565
5357198898
2818096794
10470830752
10612922814
13327439503
14163353669
13101994522
3101869143
2761986761
3074840115
3172005805
3030113534
2925110812
3149587747
3562555672
2908716222
3056753376
3375187570
3148309470
3341389608
2922304263
3640700427
2971359181
3076721321
3637956247
2786547911
2818942181
5776008535
4654754632
3968966231
3749805510
3630329248
4920568255
4960957959
4821372926
3590314731
3450304586
3673862480
3482915188
3430613215
3645157830
2619431664
1748053087
3057311920
3364125822
3536552907
3176937202
2962452114
3515049713
3215759412
2508740480
3312274646
3191493412
3252313536
3392116037
3595716762
4785388891
5322431130
4784759039
4657896902
3467105522
5714860570
5234436194
4391516700
5418152810
4307720215
5077178774
4960554534
3054180033
4236005909
3608946809
5516501188
4863237249
3048377413
4767792741
5130069373
5023902401
4344433363
5232092539
5317543099
6081611315
4544213641
4733357166
5401600227
4881791336
3246684667
3943951898
4902472483
4949267469
3955155969
3693594086
4804410319
4071986866
4239684061
4624155787
4092026078
2371984173
2760839534
2910825412
3154966139
3175394637
2853756646
3020777610
2898186844
3583242026
4881768827
4844673773
5360363032
4449233315
4455484681
4398270639
5279967804
4302088340
3355271832
3621504702
3340078846
3995698969
4217117082
3196052041
4241537025
4981926794
3980680825
4731856215
4634947043
4307362238
4282548292
4604719728
4816387134
3178088066
3134078450
3299233546
3427764854
3174367082
3043374984
2264322528
3466836473
4549899214
4848057363
4503435023
4491789779
3499202283
5323975749
4912011822
4655670945
2813443441
2979570906
2769863330
3029576922
3313442571
3090046664
2633767723
2000771177
3749455640
4756431157
4094443777
4641849121
4911376523
4256123273
4423497947
5095772069
4657676136
5063403478
4839690848
4757873997
4799419141
2845311588
3087588533
3891067227
3744210881
4018466159
4189667059
4462157379
4500705214
4963211884
4692205345
3856574125
3060437690
3240847596
3048098826
3183571167
3159719323
3137384145
2579881665
3419788187
5421891105
4941038928
4139600843
4190337376
4237251522
4658798447
4091552585
4874741023
2984430523
3724141407
2937819412
3139825439
3654336411
3537119090
2631653204
13868778572
14145123549
12166621458
3108354532
3220335252
2397277540
3715536853
3031532557
2711487909
3112639237
1925679442
2278826140
2022143963
2257187450
2374799778
1711686306
2059493265
2150469401
1976149495
2234647468
2128774937
2299818693
2057640150
2101698802
2368311502
2167383674
2222642016
2527117248
2591186551
2938716833
2879889779
3312497701
2613798631
3029070254
3328673507
2696938793
2460371674
2208408424
2171080044
2282845205
2129146915
2185996897
1817907992
1937405569
1986153406
2018080503
2187430659
1890555071
2112086127
2155159734
2094222336
2174656247
2369866850
1860523212
2441119331
4989178744
4963343755
5386373348
4338462879
2778182599
1923611456
1980636323
2101891146
1882584001
2026908122
1647616031
2169083652
2019076380
2023956356
2097944482
2121998648
1789104081
1942648445
2156655247
2094412016
1955795491
2072355720
2052913538
1867864546
1848164964
3367374981
3224360761
3020570352
3634479308
3385916207
3702638054
2835925350
2056943295
2098090019
2176948377
2063998501
1755039604
1914056803
1894508578
2123614865
1818345600
1865269453
1801631275
1735978422
1962107104
2139016432
1639712647
1923814581
1422595787
1899506908
1628893009
2217920465
2107540133
4756053843
4363844536
5178249025
3455443361
4567181198
1966268636
1863687533
1627207639
1890701526
1873694276
2149015897
1824464754
1891459003
1908874223
1889466050
2265841857
1758359090
1834071012
2006422559
1787539885
1884224878
2009809910
2086206163
1929134120
1956571362
2386777760
4997658876
5184395655
4601609573
4229927814
3095206333
5109939682
4475999599
4543027846
4369557606
4565289180
5004425717
5529309038
4495173407
5043437401
4889956726
5366534657
5179267685
4044743248
4607833560
5064010117
5531399185
5194370301
4820571298
5027761901
5304660679
4728198600
1514963651
1561979599
1520209636
1782120609
1861780342
1803082637
1690003291
1986860893
1528540408
1333548733
1570072407
1315058713
1569049966
2177409941
1701723608
1399919825
1640599847
1710855481
2506867020
3329566606
3824434605
3498631463
3306114844
3342439431
2031405207
1542794310
1720253517
1488831354
1556471421
1655152059
1662431908
1867711470
1751802205
1698797094
1835626319
1958359807
2044454239
1619279748
2001585040
2003954033
1926696523
2984920330
4888075105
4652864969
4408821169
4737763413
4228175102
4406873212
4372384964
5213477392
3932483514
2745675466
3198248258
3370216461
2883331791
2854992203
2553603316
3063145183
4549394668
4670178377
4297896553
4645811712
5631952717
4797160266
4760678064
5021627424
3414375475
3424415141
3306513256
2777921909
3158825066
3043333905
3787010158
1867585713
4925373500
4701782992
5590640440
3822645034
4572294002
5136690677
4929880942
5170857076
2973471074
2783903146
2442052767
2837148264
3142235080
3374181857
2736743162
3670706382
5278316412
4967479001
4390412153
4790861694
4017219275
4146382528
5254372886
3847923528
4918130571
4660610239
4094586924
4498394240
4855059764
3085453447
4429602328
4342576671
4758052676
4979961841
4267777620
3363386056
4793404977
3609812237
4936450477
2753622910
2842187061
3190633125
2986575089
2997660487
2527261340
3098983579
2891148196
4209554922
4524847155
5384905170
4329749790
4919968706
4259437699
4723278824
4802903615
4119464667
5298077503
4367728531
4807284028
4526840229
4995023502
4869355544
4929180022
4468249173
4659314333
5242710331
4385428331
4700214448
4895398273
4843806529
4893673883
4323434394
4964005525
3565197907
2178890959
2098055072
2005705833
1869001913
1924234538
2271484132
1909777739
2138652235
2143748413
2215076966
1759733382
2336327084
1999360080
1934018618
2096193818
2483045608
3106429133
3079829351
2848434549
3072805686
2880106809
2586163764
3090959379
3287056316
3130089892
3055136550
2713654186
2957381335
2944297025
3291952352
3217207931
2818119907
3053290096
3202410087
3089408423
2991484015
2430448119
3587813350
3025059029
3166063064
2669415111
2939824857
3048316698
3144977064
3175101288
3150538918
2950624277
3060135518
2874252137
2617435070
2507202120
2540334901
3140125351
2799972257
2526823871
2765949344
3149063258
2438107470
3330269599
3121611265
2921602748
2875063198
2779430989
2926533395
2863345085
2407154096
2690646351
3208862570
2903878425
2954450877
3059226713
3102545110
2924291902
3375889888
2853993139
3174538662
2450412275
3132224938
2863897510
2969471498
2992178620
2952630937
3020766846
2798317016
3385955466
3264902608
3002486362
3095572369
2729789851
2341247744
2800592060
3042036570
3060806570
2712928423
1587366612
1521887272
1370241905
1770093273
1623559596
1538732775
1756764601
1422987114
1465007373
1452061157
1632385784
1536100320
1464929120
1584815368
1572783044
1552269613
1668232450
1486720680
1425089462
3256459195
2752286289
2387422894
2875741840
3911828944
3597358543
2981031073
3521557332
3462655056
3630160758
3194647791
3897995564
3670827381
3567606734
3227193061
3511540212
3919576573
3598818447
3707890271
3774828463
3739860418
3038209523
4182520625
3733083555
3791320520
2940564739
3220319323
3306589954
3136903054
3472087323
3185627558
3388577159
3378136028
3115875636
3648624558
2910669893
3223571571
11510435534
12159766460
14895933127
15108468894
13739184734
15037053697
11316001506
13203370953
14829762563
4486338662
1586761761
1149664515
1520122701
1495302557
1525249305
1538239849
1654344609
1945460207
1567258353
1496253858
1541977451
1587234369
1501847825
1373505095
1607027332
1496290733
1508386141
1517290459
1375693434
1649996729
1889546927
2733638788
4231920457
3652263780
3837711256
3740623116
3769013257
3850361536
3817698011
3685820136
4102573548
3538302287
4134361460
3260516357
3653878381
4107846450
3563369838
3163706191
3592821644
3523183976
3720006315
3996469280
3799038086
3796177033
2943666683
3254137217
2781468283
3920907951
3606296061
3526246068
3056340010
3280039828
2966826504
3310193009
3165459306
2458914313
1559349412
1785213076
1745616132
1545001860
1704631586
1226381860
1681404493
1730922423
1652030404
1708148171
1307716026
1364209482
1479104083
1516635801
1492025308
1661381648
1554247126
1345819470
1613908648
1559185937
1575034474
1763984484
1334776666
1630253221
1583122331
1388818016
1456338218
1671132649
1379723493
1799789834
1392775998
1667368273
1249499512
1443437167
1809111088
1742197133
1654065237
1766830519
1671319803
1565822499
1519104856
1251806213
1807731373
1511519415
1598668553
1331193146
1509393128
1523463988
1751451985
1636214411
1450203195
1687996746
1552593672
1525540321
1667441812
1857693552
1468333680
1624954260
1746246316
1418975776
1498815034
1710407363
1643321251
1699984291
1666494955
1681014227
1668464291
1738419603
1797789142
1744323642
1552794538
1579725229
1618763601
1567856163
1493257121
1704596327
1394865230
1650664261
1564710596
1696247558
1609364700
1588502314
1674061467
1556185844
1627268212
1505175537
2850524335
3556502298
3100332516
3067509698
3201547797
3636980862
2988767508
3106598172
3147767125
2957692471
3253813320
3159508846
3361930711
2396121566
3274285591
3521238198
3473033417
3463874089
3264645491
3253512164
3273478122
2913689874
3042086544
2842002602
3147216941
3094162521
2577961296
3388960608
3098831318
3241381593
3145198866
1845204879
1637930456
1579160688
1746627617
1567472864
1626328581
1733490564
1462824472
1631790748
1657150906
1687197353
1609443358
1769077006
1266563882
1640831760
1649158411
1772868387
3236576350
3282984299
3209527905
3074015588
3398429840
2943859793
3209006070
3179478727
3079255820
3308422676
3525236533
2894475834
2676244231
2966269837
2974982004
3069818169
3062809101
2816892033
2926220449
2963186572
3324052334
3473191699
3575957580
3093365432
3389322445
3016659722
3383517873
3282581698
3007943814
3274202278
3008963075
3259244979
3230459250
3141215642
3224454842
3202437160
3137538398
3055200434
3406447391
3110100104
3057029161
3161431565
3216626047
2607178496
3145617147
2846544303
3246728611
3520625776
2994655995
3133084320
2892261330
1694360049
1542866348
1642049775
1501274702
1850634471
1586066059
1616642631
1725286483
1848574821
1538674200
1694294980
1578172388
1691483141
1770013031
1462513575
1368624122
1562787270
1758226436
1391787929
1784422876
1466564635
1334628658
1757634290
1571346680
1667317080
1653284216
1198673191
1620414177
1413470597
1826951148
2187263821
4247544318
4545910126
4110057456
4561487664
4692375388
4334096811
5027919212
4318856806
4552482564
4944127123
4069021255
4112380168
4448451767
3848816536
4725273439
4728820523
4032839766
3745863674
4431578097
3769078094
4385123666
4327476609
3213561547
4465377863
4366115686
4097813271
4829891498
3868152134
4215146237
4006124511
4265815813
4216010740
3461377974
4619456394
4718576573
3713472436
4673896724
3004647174
3692987271
4974525581
4661709590
4639005060
4513736153
4829521470
4852582665
4645956992
4899685207
3877860563
3705525054
5481950232
5459464811
5466952590
3707859495
4910454020
4936629675
5965217238
4953461405
3938023045
5622123304
4963578979
4038728714
5204419951
5207921889
5115098716
5216022367
5798593475
5834998330
5060439741
4988171384
5368619211
4334542981
4707902277
5498774173
2845443963
3527023517
3129645048
3219289526
3398758228
3270012862
3492321112
2747827198
3384747778
3260018961
3757872655
3300577310
3283032446
2988584103
3259847735
2910068460
3214843093
2916293388
3193142172
3153276909
3270597572
3331273472
3615025620
3532814271
3303020274
3173272427
3635240879
2996128870
3238469343
2693776165
3151445503
3088596421
2342661612
3245019248
3152844977
3236813743
3138124890
3269901247
3223605059
3060683865
7765179216
6739297019
9506689876
6577983306
8628929095
7420623670
8215152297
9065273677
9197396730
8647785727
6575119341
7342591791
9528030682
8795008405
8349046657
8505524743
8086441872
8096509012
9171742060
7093959262
8681696205
8578524687
8415916673
7258906436
7483659722
8448462734
7503089366
7296885257
7614531079
7380126088
8364027462
8333527430
8423294326
8867228885
8859071579
8597415617
5935081273
4613618826
4474392392
4721128006
4399206814
4964579615
4947608630
4900172075
4563502003
4284029258
4180198583
4015361984
4467738000
5458601216
5082503030
4715635837
3465279559
4256822649
3673456216
4609594629
4250672707
4185313865
3760475741
4990280944
4664562199
3714216042
4399558487
3731491359
1585032042
3467379877
2705204769
1950887584
1509736938
1500837177
1686610892
1524514874
1758353335
1508068100
1659297377
1636621571
1649584734
1370745299
1697125948
1736465750
1573305466
1549750611
1601159393
1610268235
1621725174
1563073246
1675447608
1424568576
1271096766
1438429043
1501426038
1546560484
1338938341
1133299725
1538991767
1564790769
1433094600
1647198715
1159810768
1391586358
1484312546
1671401691
1487953461
1570271767
1673099394
1636309230
1611476366
1497110972
1586301331
1724566324
1455385401
1532265408
1466103621
1725919488
1581728360
1561553354
1468884543
1349355973
1553153278
1510068140
1566626832
1522337474
1567086789
1440841882
1724128348
1193418574
1478423351
1705833164
1578590927
1539891046
1621165596
1564648192
1456754770
1324041732
1373848596
1669824020
1477244401
1233951587
1574097757
1680617336
1551280001
1389474688
1550566067
1592791640
6781025772
17046305698
13665473695
11655741305
12699704032
14972627223
12938168509
13075498451
11418275471
12580666511
13376641674
14810894491
12205250732
11727174185
12464469573
12062583277
13497076496
9198995194
14026622583
13541745691
13426847665
14144070824
15680979764
13796514155
12283389361
13458943361
15053758849
12568175473
12167428086
14466421514
14537989430
13183635730
3506392035
2707849764
2594015170
3125174584
3054058220
3224542572
2490666859
3029882563
3061379221
3073025983
2642235104
3094831742
3075522567
3393145205
2386857338
2957613150
3319074774
2250670577
2637113272
3178573189
3129598255
2585112432
2395383853
3134105757
2785429880
2976672174
2831232856
2693896284
3162687447
2783151292
2617443220
3157340554
2832335244
2524749223
2797546821
2631408281
2985832337
2907565095
2935452740
2965197441
2812184590
3002048245
2618700645
3142430387
2894962838
2875162909
2894267492
3039918351
3321558641
2993537426
3043230885
2847293442
2823876565
3011496318
2916111379
2759074333
2922613178
2717576882
2899944922
2691390233
2248784971
2918323448
2957603832
3251599120
3188371314
3208194234
2609641315
3027683274
2832401550
3232772120
3011958731
2457157056
2734748809
3090676416
2845226465
2857627629
2591631425
2255067244
2980918355
2832551045
3324148511
3086019510
2775157277
2646671343
2883330324
2883339212
2900957503
3162212298
3149645733
2640772954
2823754723
3224182688
2267692914
2607479442
3445982211
2895228275
3128377297
2805122367
2718520778
3048900126
3086798038
3089476107
2807011467
3074624805
2845985569
3427680966
3145583312
2767220135
3580714175
3099377101
3035460275
3062291997
2723060295
3258161528
2676336456
2596983461
1813479664
1724181676
1250326481
1567443307
1625606423
1628489825
1745872506
1513811023
1650776141
1692133366
1567860492
1274578453
1429583077
1562593843
1503484733
1738854363
1480098458
1472625019
1484029449
1498773404
1338020522
1511444831
1473439261
1391165549
1524393151
1387239376
1513285516
1587038829
1661474813
1223443216
1677635157
1581643513
1318677440
1542887001
1540164764
1673655163
3007920957
3118337216
2629258995
3004905735
2832657768
2414186906
3016816104
2960873691
2706726396
2461003022
2649755947
2906531682
2777763293
3045448361
2927189099
2468820255
2870687581
2986473511
3185936739
2816341723
2601930097
3189841472
3131067824
2984315695
3289922517
2750011223
2997143828
2944308032
2809357862
2632300485
2776259681
2728690023
2803170232
3098174340
2846766553
2626022018
3154014606
2765952657
2730462591
3034524644
2830005798
2953792647
2779036349
2668824888
2641755668
2862381843
2414897398
2611592513
2859924154
3187589939
2964850262
2915048114
2812816984
3039293895
2239895168
3319570208
2925591382
3302300848
2971206137
3393504201
2743217026
2263020669
2479148555
3274343389
2758074426
3327726268
3279475488
3118617746
2466399701
1853658217
1519232501
1456338266
1614019050
1389454360
1516016631
1593998142
1632467337
1607767114
1547356073
1533327064
1712681788
1578949768
1617261290
1538176449
1301634957
1694744887
1300130295
1581762926
1560348732
1271932825
1537514596
1527358724
1838427774
1292344146
1447930706
1526776350
1770230980
1520378893
1665543379
1548550723
1347386732
1605850462
1612063672
1548730162
1519813589
1496777820
1707142053
1543391284
1467940164
1429450521
1606429876
1779504209
1548714814
1648767267
1443604372
1501013133
1573730110
1556590798
1524085123
1356999992
1342381092
1421253514
1494312927
3867752027
4865607273
4633027857
5134199202
4191042553
4396053031
4176173975
4112327559
3407100453
3605099131
3190523820
3168228625
3306392650
3759760279
3478968682
3274052203
3362545035
3437796030
3391232430
3432621687
3609820896
3899868920
3404890870
3440974767
3421164771
3207171811
3490264435
3525837585
2578015858
3223260278
3423785478
2515965773
3111935372
2971539313
3082662477
3597294777
3067589753
2666792809
3163596629
2976695295
2668349563
2495216118
3258424770
3179214278
3219050711
3061754847
3015812602
3410481739
3350961611
3255875172
3425328040
3222348738
3246848031
2892009783
3147450742
3158359852
3318541910
3915627423
3026148980
3655811113
3400993049
3509592275
3430664492
3416802950
3011977760
2491570233
3320984628
3089368735
3105573597
3464001877
2883358340
3688053400
3149375988
3149664231
3575323899
3143767193
3060709782
3376135092
3407921452
3664240124
3384057466
3547564141
3271569937
3197736182
3228509169
3350266343
3108552091
2720159751
3741592309
2825896486
3169968367
2632404096
3140777194
3213161186
3076495937
3471871909
2558908552
2995045221
3450438694
2830353428
3294723474
2758289253
3280493699
2821642345
3222837859
3158459916
2805199368
3435404862
3579203515
2663907519
2552552267
3408346223
3632255344
3115535862
2901267357
3420425530
3027607342
3356237572
3168263075
2932715896
3575953001
3456757316
2988261539
3380213088
2787312467
3146161475
3128972089
2455252478
3576813838
2894740759
3260945318
3269361969
3323700795
3641662944
3109785694
2677144356
3204154213
3438990518
3306844433
3471156735
2781473565
3209290253
3200268967
3067477200
3018620064
2990429861
3021526253
2461947067
2827715783
2945390566
3250181574
2979297091
3251793153
2909538061
2799273937
2917254928
2938484170
2860395430
2945514523
3086484195
2786041420
2945443740
2875121705
3117579653
3154518666
3011857359
3390107729
3160552314
3512915988
4835160219
4371467357
4831344793
4057616678
3614633845
4699124382
4720397129
4735262120
4548304298
4052811034
3584330346
4388760064
4948529595
4696042510
3946538633
4527692478
4524186619
4598816962
3346466830
4426668053
4020841964
5206916646
3707472949
4682058661
4721127107
4731425461
4085776247
4584129347
4260751535
4573393699
4735965802
4306738079
4499068709
4688178388
4789202088
4261132587
4297540392
4350186565
4029749605
3936586245
3901890262
3690101215
3170079820
2360922283
3376975108
3123142032
3159542162
2950531655
3204963685
3297951717
3331256121
3236511197
3628663717
2667980243
3367142435
3417040329
2987936288
3297722795
3107126483
3477143773
3345556129
2434418947
3337468092
3507194890
2272205898
3493457845
3315174082
2730395974
3203709743
3271802357
3480136092
3494219388
3509492268
2916660285
2910840212
3284879315
3256787558
3266606675
3159057656
2792293509
3155971189
3332850598
3296088256
3133849382
2972531833
3319146470
3245730688
2957715980
2936746380
3439854725
3401662177
3073147827
3285279763
3268004553
3724467497
3414597544
3222707008
2808592093
3403922285
2676433016
2875081478
3449384725
3374062739
3300835271
2734942797
3254965759
3720781795
2941934052
3985545685
3280857783
3462865123
3307512546
3277140453
3165428707
3506479511
2118951919
3307472478
2990228201
3006463294
2960735667
2219896405
1698435024
1746975900
1619481794
1403041349
1538982390
1618725740
1632526757
1609428023
1654509033
1414149942
1699741039
1377036399
1560280811
1446354121
1654256767
1618532044
1827669330
2189603578
2767672146
3297843968
2692349987
3134877472
3050586807
3128567326
3109870594
3052768947
3412538731
3363413015
2868922716
2989163131
3265520864
3028094176
3215562879
3070585927
2634655593
3229095918
2818160000
3141501630
2724218966
3004532032
2865635769
3287770068
2976813918
3135964400
3887091319
5337782376
4932987414
4711596572
4033452060
4962143374
5086211030
3638116716
5161728167
4612780030
5119445419
4376580464
4852303475
4400857577
3853127508
3683234252
4509338469
4507240349
4159183030
4440515208
4297971224
4782478670
4125060670
3875583143
4365327783
4320868630
4241547608
4667195673
4130647645
4212522680
4365238860
4471592110
4685298862
5047764036
4127787725
4502448802
4495264863
4326463387
3267665775
3259396282
3622604421
3377950559
4773455072
4413724844
3848516267
4062002525
4349702020
3846727964
4351241125
3555367358
3845171015
4029186130
3852073449
5224322443
4680659045
4286132041
4431116505
4425599214
4461363111
4438301630
4836448436
4314893188
4875070138
5113562266
4175183120
4287260122
4359086115
4543458671
2680031622
4228053357
4712897928
5270835562
3354163026
4267159414
4314753647
4398242279
4752173860
4456383369
4735247352
4258341510
4611748919
4642713388
4125973349
4813549040
4032201882
4770083536
4223266144
4643948787
5592023769
4366584428
4591140971
4570634040
4345645725
4940498074
4129290354
4713030095
2348386557
1978615313
1930406823
1685363839
1704679205
1734985798
1791961461
1391266057
1676464154
1628041949
1806772873
2944200060
2865441947
3074225165
3083325549
3361978860
3529540856
3044104530
3220082816
3390109047
3275763220
3534206574
3150932681
2430966589
3113876780
2945189339
3167607508
3005333326
2974982735
2922111045
2798253691
3086356443
2946049095
3275815952
3073083488
3357881702
2728563003
3044868898
2881579448
2916575060
2927654075
3338347032
3280277772
2885008342
2970043088
2994533168
3903724156
4506334333
6240209713
4207950924
5492687036
4761984936
4500053675
3771783189
4467060387
5083580479
4203649680
4675337046
5002208043
4553900573
4876632667
4839971048
5104321014
4654062329
4524351195
5561188926
4224914223
4211570251
5205171297
5202523172
4283576564
4276447560
4534841614
3561679155
5191090625
4861341745
5061587830
5801905921
4616305973
4510699812
4132804523
4562240587
4954303333
4532498952
4994985237
4485257778
4585490417
4630452835
4845031251
4231837650
4563132148
4462400006
4229002250
5031687665
4563793095
4260819277
4748477941
5024705689
4282041137
4139357956
4753542907
4346646084
4230839835
5124012828
4682426643
5323658290
4696592417
4539812739
5354567768
4756591561
4383305650
4946282157
5119072179
5261151656
5058563879
4576930299
5177675466
4694487084
4864462616
5077991608
4042648201
4747514327
5071216955
4596915469
4585438068
5303759248
4189207170
4255386882
4753340276
5350234723
4911671223
4949351803
5234677150
5498765487
4444901044
6899038343
7793190641
9635326263
6905127061
8294299223
8358251071
8001136013
6082461309
9052401226
8517789133
8719619996
8742711364
8758843266
8995689846
8313111421
4613370029
4685676399
4907167365
4685803090
4669742223
3948329353
4904900057
4693961922
3617604856
4296586681
4492915398
4259882740
4040738162
4291057021
4298826362
3944799747
4540534151
4569027283
4570730357
3766244361
3421904025
4648880564
4677978051
4461697832
4577432940
4803872877
3800407721
3876116174
4094275697
4440059142
4677417642
4281550877
4200800390
4780743078
4817486108
4458076067
3936049675
5047564093
4806149494
4431149892
4408000727
3824182416
4004275318
4387788734
4234055566
4014693031
4197091243
4096361892
3434217702
4336257260
4226450096
3863722299
4608644133
4825216378
4858397237
4506550288
4449024071
4482886794
4057523302
4733420959
4716161933
4371598216
5104310228
4700098997
4995534707
4151595787
4139434125
4620188355
4871942145
4690025739
4294013368
4992165575
4488456260
4476422420
5374036699
4236376549
4593089720
4718980756
3394665305
4951536576
4524021067
4168398664
4752548700
3850402211
4732981066
4419780517
4292157001
4315890391
5065087296
4075403167
4355497179
4416252121
5168665106
5100902872
3604912620
2479762208
3411965298
3725088068
3189990366
3597379389
3786796712
3591548981
3408530429
3464358250
3755012726
3756282041
3510071104
3307734527
3237067304
3211655943
3049325373
3528252515
3389345753
2919931523
3099644546
3466898926
3224544901
3258382623
3703396249
3283139823
3307455969
2896926730
3123757882
3217285393
3255236295
3114401958
3055853980
3225646737
3241717557
3436333169
3375243999
3058993856
3155764181
3074203866
3198065062
3351780441
3814055673
2656646921
3190422016
3150101868
2721542323
3148180037
3400571310
3692449329
3014752492
1600707504
1630681388
1399904626
1757718749
1546957262
1696758740
1675398625
1634524675
1520170632
1570461406
1579442925
1547066474
2016650095
1621406961
1675758478
1750350031
1822605516
1552097700
1432366212
1309958089
1475635784
1669712601
1730844072
1549402253
1762093861
1661577798
1622877557
1782385301
1625996344
1338052653
1593970564
1697247211
1616200188
1429173906
1665741807
1787701838
1511472430
1592696514
1351982459
1451871956
1496506912
1632177528
1649393001
1643446429
1595721292
1571663640
1581995293
1665489053
1700957519
1574240858
1457930627
1427663342
1780089429
1757122088
1572666402
1698634906
1589860957
1662273134
1635862090
1766015831
1595678763
1654776445
2492900007
3415445331
2565731530
3171033676
3107803996
2616574963
3055138820
3596465248
3814169148
3156913742
3755784087
3633029226
3827379746
3600109013
3932184827
3564980863
3538061683
3742516001
3681355156
3778546572
4292233634
4022040470
3460764430
3928332215
3453454057
3827725416
3460235116
3919496189
3527345801
2523770837
3645823664
3936676748
3718001542
3244735976
3586369111
3631978355
3809360778
3039846133
3330400720
3148385417
3363284367
2653416783
2987693215
2930696721
3140568167
3190792097
3747039435
5425388608
4419390206
5441918442
5940146703
5840083848
5035000357
5657491554
4626557217
4991365588
5296929495
4354688352
5216894047
5491609125
4397294499
4931924682
4959902504
5347243365
5391549749
5201839344
5456880940
6570396908
5143268302
5811134723
2153972845
3064389276
2997836108
3458234411
2830670988
3164918186
2863931281
3289809654
3784878949
3378266749
2122643266
1473371558
1629114434
1628112547
1668240706
1543148647
1108055063
1588810607
1651480128
1605260974
1248940730
1556255942
1603000733
1397507013
1571668005
1631704067
1594913731
1558175768
1686529430
1636826042
1686105282
1422391918
1531030880
1581938205
1416706024
1751647294
1678038287
1408672114
1286392232
1325717928
1432076053
1611032115
1539540959
1714383794
1697948421
1521302972
1419452848
1718435664
1436072345
1184003775
1537975505
1541658588
1471474018
1584352311
1497785669
1618441638
1725736666
1446644216
1525717339
1595329212
1587198036
1719097074
1394819762
1419459383
1701687642
1605495954
1528856912
1752782457
1575767711
1591110554
1645478656
1687010143
1720093220
1494380805
1500137192
1603687514
1650364944
1351824009
1429764800
1492201806
1488320723
1604567406
1296454551
1586992141
1460277281
1607035211
1400321658
1584477717
1463092107
1705639855
1612063922
1635021197
1656189680
2573112347
2912311757
3483590332
2831730071
2868431660
2867069058
3236928483
2956827586
3135145311
3142487725
3019287413
3193297497
3214457243
3434934685
2631689743
2725599653
3495042390
3732697572
3177884626
3271135526
3002255185
3103615082
3312702016
2960904200
3497636013
3556280973
3010321410
3757467333
2968938559
3202756042
3419229729
3107802152
3743839023
2800098687
3352429299
3029342713
2468256634
3036915713
3048547321
3206454743
2974973535
3870840753
3351802606
3254393975
3471022222
3421563087
3637848286
3693194784
3455470411
3524449528
3537106225
3752580345
3183165142
3096191566
3285483134
3546615345
3518503428
2647874092
3804426001
3583132641
3321755519
3037841567
3142267622
2520470422
3193156645
3220038407
3231605116
3490803295
3455268008
2511727603
3109277336
3285482811
2415255302
3357928992
3281576351
3081930436
3323652496
3419387959
3376837232
2762442370
3190622067
3272744001
3549816661
3044747992
2643463221
2919842176
3725138677
2659646452
3282235608
3001818413
3202567696
3353836678
2723921391
3174573684
3160640738
2717503565
2978078285
3011999684
2936437800
3339236269
3335836931
3266801511
3569718482
2946388859
3003498551
3233243909
3242265148
3309308036
3463415549
3373876704
3187659234
3102296746
3196352897
3017559933
2656912428
3013372925
3377764209
3250058852
3111872444
3500453723
3803715870
1797677351
3424176857
2632212832
3056657129
3099594490
3025774700
3286847384
2908628597
3100674641
2433754759
3072337299
3308891180
3019286849
2705917996
3138224760
3316342153
3014632074
3333802841
2997104943
3231351002
3520490386
3302449949
3422897769
3002210179
3320923684
3235620802
3168165068
2892950462
3149962967
2418650676
3218899258
3494923670
3402130773
3263050859
3365904526
2559909786
2425091131
2903246957
3072985354
3020445108
3148111225
3069139956
2894203618
2916383976
3001639468
3243443467
2935899737
3122463434
3285115707
3298282468
2901451731
3145088747
3546342087
3193551216
3016265354
3169138613
3290695635
3559861061
3524089418
3222271182
3557969948
2916268188
3382929356
3256006008
3460125834
3646112579
3429467684
3441736766
3492332742
3226898816
2848287999
3113094901
2723595341
2441944741
3104331918
3131551914
2772107689
3588707642
3273954971
3655634480
3098173676
3510720562
2932247132
3297061707
3534798391
2960389352
3209029338
3433127573
3155774888
3192276275
3084914604
3557119361
3067213839
3294725335
3408307483
3275474524
3179028908
3400919564
3378865599
3429601896
3649877597
3563902340
2677010610
3121746938
3831355431
2933265603
3638417311
3393622699
3205444147
3472255501
3464431036
3260964331
2848579832
3309278260
3274406266
2997956742
3181457248
3417145139
3258832953
3412530214
2727534594
3187730549
3472229523
3190026512
3028222717
2977797600
2958220829
3154313013
2967912107
2790009841
3353208388
3141520522
3096698642
4219895145
4600445063
4416029653
3602054747
3833994109
4343612765
4188782818
4962637106
4209812589
4066053579
4733825806
5083821376
3663986369
4329071054
4217330928
4442200928
4242137962
4480223588
4924204884
4894725798
4586501232
4378794161
4215171082
3963314962
4204945520
4718196827
4407934244
3797007671
3338551321
2729906306
2932887845
2652403815
2876547988
3160322260
3361014989
2679423938
2752268667
2892091777
3185747376
2920383698
2807989759
2964061193
3307595432
2994234210
2802360564
3144073779
3224924400
2610256230
2654769665
2775425368
3320800340
2701200072
2823676723
3100249405
2623346188
2876515672
2736489697
3199033564
2966047206
3002221570
2445969855
2956259155
2692378896
2998661832
2809484067
3022864561
2832153748
2668278678
3008371603
2994005657
2723386608
2646099901
2973201100
2721056858
2684259752
2864428736
2973948952
2716501386
1206337001
1302178635
1666905414
1308151719
1603063923
1641354505
1513603360
1473982799
1585878386
1333828177
1531014336
2506076919
2276041137
2744551935
3237062798
2861820376
2806083614
3249573631
2957761465
2853643934
2911904586
2762801502
2490853449
3041285619
2955178311
3083294898
2888960006
3352304930
3017961281
2939849168
2707620159
2888297435
3061667881
3209408657
3028658421
3184134690
3161520986
3118479005
3169395096
2847045371
2580927086
2913907438
2986634629
2361367377
3409417116
3006248040
2646521757
3267613682
3254051519
2982223580
2926593158
2603947910
2857755910
3176961000
3057753236
2697227405
2871488237
3124254675
2871600053
3081791303
2844383040
3004516488
3102360879
2742685985
3112047218
3103563051
3063537259
2935481546
3404316184
3355221106
3209918709
3176567668
3408812885
2719279575
3068343825
3131057397
3114370914
2785266157
2961990961
3178693705
3111338665
2939545986
2395921002
3164590013
2625788700
3081165037
2967241543
2687748619
2917182976
2783961343
2959048892
1999084513
3034862334
2883644060
2960192838
3016453297
2803300673
2613212403
2324534382
3118150422
2921320456
2718226768
2818381555
2739995209
3166348836
2722730386
3568381731
2844295259
2827802504
3121419815
3134687195
2953246613
2895559308
3357049256
2493281435
2991360894
3310775926
2520432863
2762012386
3060605150
2840023835
2800023239
3131497720
3153645577
3099675452
3038619620
2647298161
3547311321
2926787531
3086968148
2665924623
2456921232
3001720817
2618641996
2943308289
2152266309
2726888393
2626847190
2979581782
2789347470
2572240145
3015009785
3155585807
1885395710
5714254546
5525393101
4929225558
5057127696
5285349041
5442049755
5317169479
5755392083
5014207006
5245253926
6271656984
5580107797
5545447581
4655905172
4968800223
5654705610
5439032043
5367524092
5500634069
5359814646
5347478922
5215841915
5213432506
3850916242
2820612982
3266688918
3012740857
3162758217
3444882631
3658938134
2888387726
2945623995
3132519298
3041186363
4256686935
4237823120
5419988589
5045524183
4020891399
4573677100
4514617216
4514377496
4288269018
4154228232
4532835412
2247734048
1589518095
1520741019
1559088887
1270555315
1578181024
1558210048
1718684112
1448649095
1514481524
1735788386
1473915147
1649098773
1716372520
1757742758
1714643612
1541508030
1416572202
1227966977
1700422834
1673413785
1566104348
1855591953
1631086504
1586444742
1696064546
1735466722
1675447613
1764624967
1507746151
1629492499
1647230125
1407014124
1558955044
1701953660
1694120443
1621426935
1606533815
1351999726
1672260225
1672770668
1612213715
1586629505
1657489447
1622217323
1580460037
1779412781
1600226988
1459594780
1742577484
1743947390
1673420203
1583062517
1245872644
1410259247
1706305209
1506626514
1548119444
1654086636
1646766219
1799959129
1760342287
1594211928
1624544369
1528187928
1836042551
1709237037
1786157001
1705263463
1628587624
1620568143
1110871845
1664292793
1341468814
1717917874
1570052324
1431444433
2021418777
1589991769
1544898938
1697308567
1390604829
1388325320
1614557581
1667916482
1461508141
1688211690
1803220217
1689615976
1653639091
1567807011
1539316690
1621431538
1974867660
1488615699
1666643742
1662949181
1550460093
1720289936
1585421105
1661071973
1518903509
1569712171
1743748674
1495923081
1643693563
1621035735
1492772841
1513786308
1658201732
1531055875
1955575146
1531782665
1538530649
2271576409
3112634865
2951063924
2949988712
3084585402
3352359339
2718822418
2881739541
3435789768
3548683827
3495712359
3194445698
3118134873
3529095802
3125304063
3356407050
3184345216
3042933540
2989617269
2761815387
3608073046
3238869546
3508503423
3205541224
3337857988
3451483639
3614998037
2794242967
2940945202
3071786262
3336111428
3539184208
3479490673
2887991802
3275726989
2886163252
2829687394
3100464702
3018083307
3147871718
3305719177
3485721499
4006524579
2661007982
3873955626
3759107719
3525446718
2838816434
1982424630
1608198272
1720654556
1725839204
1573255903
1555154039
1550506877
1593023409
1464438461
1285253408
1683054473
1570734209
1672480188
1243162851
1468899812
1845441609
1682199446
1577592113
1844676356
1563338470
1801588900
1489041320
1281320153
1750753287
1569406257
1594174481
1768974654
1536987564
1605747039
1547585919
1595310453
1600416707
1627131525
1714749963
1650950692
1647310626
1543656923
1427372428
1591054366
1847664749
1597946937
1316805008
1649954478
1441975709
1575545696
1635851388
1909991770
1737801312
1575592393
1757881294
1533576456
1480540892
1694554007
1809182931
1445507449
1510075726
1505979772
1547252786
1718295906
1521993143
1532425031
1172373519
1452681457
1653132972
1404318470
1440575718
1582403892
1693080090
1679480482
1379548632
1514861716
1581799620
1670922954
1758016317
1700056195
1554632869
1660721171
1498032138
2592694419
2473889300
3279172331
3018296985
2583875877
2835835133
2564147356
3451987980
2975506391
2862784941
2889622743
3286820854
2806438134
3314090725
3448197848
3433912466
3325575958
3560940820
3310062828
3313502469
2651871451
3190845921
2885493487
3118061075
3280027937
3377661353
3529000251
3201429779
3134560563
3190504368
3237296985
3222262495
3572372585
3641721432
3373476924
3233996806
2900409806
3154483443
3090913023
3486413265
3088600942
2897467174
3066249893
3161993112
3465215483
3570783241
3437735949
2930233519
2990523364
3642291875
3046805030
3129847648
3288497438
2362279536
2962935501
3234360016
3219844712
3268769641
3357729903
3158427419
3098006551
2571936026
3560739106
3426657305
2394435636
3084420776
3353039288
3422417832
3080180305
2839360739
3592588755
3376689612
3309646487
3524534293
2690250482
3290847516
2941189194
3176907248
3227911227
3065566547
2973893069
3209001226
2912989225
2826924297
3044259681
2879654142
3315319615
3083570207
3396937231
3272455210
2801637368
2444951513
3263694684
2927382513
3251777548
2800426504
2836166199
3568141598
3456350521
3383998731
3165353276
2879871469
3396617286
2566938930
3385345468
3211333232
3086493473
3828681023
3265302796
2879145900
3134869021
3537051671
3413533104
2427481091
3599682863
3440626770
2829632924
3292886197
3492863029
3633972124
3190367207
3358627316
3145649856
2368029516
3325854601
3066514086
3298836241
3442028546
3216455216
3576044706
2647512876
3211462665
3549221852
2061350434
3118754451
3056795459
3233832337
3441544861
3252604147
3313356536
3017011815
3217087470
3456501296
2980599351
3308050633
3161230866
2969446736
3192663249
2187759428
3260162500
2715237458
3219502735
3128359225
2645321129
3028852858
3186023603
2960209641
3120754045
3028298357
2983795852
2880673792
3125775648
3123806123
3645795231
2743110095
3254431353
2682257532
2731892846
2914699191
3161912072
3163774324
2303059601
2970525087
3147717642
2601144911
3442415536
2975089416
3240049534
2768279736
3160077465
2908013233
3167692230
3193113421
3072462091
2581433425
2342674129
3296974932
2979224024
3313953538
3004117514
3426303435
3431655795
2879791952
3136790102
3651016713
2569896691
3296233442
3548449994
3336748881
3244324345
3398614572
3470487245
3059061262
3181437297
3311981514
3382186586
3480632529
3564172638
3222877867
3231557553
3467978960
2989736590
3147454345
2538137361
2899118196
3604960296
3349071701
3511644272
2852482643
3404389590
3469086393
3157500358
2954385014
2918470495
3404521721
2895735953
3109018651
3143874988
3305656000
2759250330
3618597335
2917294216
4352983280
3743743076
4891609400
4347479633
4328327487
4670312690
4145055074
4867261843
3915789324
4839438496
5490826828
4235659644
5095732456
3707831382
5038478086
3896001921
4316439231
4195809320
4905971137
5070277385
4999381393
5191278880
5285507011
4853632674
5259246502
4309171877
5151159976
4123903670
4492083631
4470308251
4895101428
5256794271
5087069097
4536767553
5059961061
4314997500
4284762761
4839469164
3738092843
5224927699
5154366665
4868322966
4664137631
5878416736
5211365171
4230665968
5466162333
4863190139
5346274932
4861312868
4168716698
3476201070
3621574887
3057725588
3536448041
4103629105
3346391992
2294697705
3408514511
3476052900
3194763449
3215506697
3360033083
3462990584
3129115093
3269491513
3366245693
3543852101
3169980287
3580637017
3385654133
3461034921
3128059194
3124668543
3007334276
3307551571
3084809129
3206039276
3348912099
3087080987
3359983798
3214112182
2442085237
2853497441
3345513376
3226611959
3039166118
3227440199
3417407025
2856398262
2201602694
2277754490
2234996973
2217411342
2248561443
2408737385
2066511765
1943532340
2184176604
2014438713
2153357172
1930235445
2280272843
2413348961
1950878410
4064705153
4380016470
5082292338
4126873234
5692497315
4768663403
5109376163
4254917494
4548017025
4864696175
5751372539
4850314770
5209122071
4951044477
5588072501
4057660239
4642636322
5129746651
4858363515
4058207932
4112918423
4691082019
5161162269
5684580731
4801656903
5229120286
5321357827
4390531788
5458420668
5408688771
4620701656
4997418168
5000937067
4890378922
5352879836
4817127865
5365919552
3610129217
4806877151
4950054375
5493607844
4721604862
5028529378
4950883220
5461221084
4969526014
5633560989
4931891591
5949662644
5429869131
5224913319
5971362588
4684782457
5338100126
5236312201
5088143339
4392708757
4993161779
4522425345
4909061771
4973814319
4904770626
5467345144
4875125731
4320352383
4555436876
4550029212
5106653661
4160988425
5125156241
4755382161
4625564034
3659522598
4410536927
3529399009
5069213143
5369566541
5164022491
3962720300
4625080496
5175148844
4619110579
5364955559
3929527715
5257778491
5066834654
4197170900
4229035111
4929704612
6074459352
5262731422
5133242413
4690971715
4554421990
4611529842
5317580547
5112133415
4650949227
5522685097
5469900522
5242415307
4768789150
5221655969
5090126915
3106617520
3015042279
3043832597
3242511636
3055278359
2708658210
3077470508
3224909097
3492915469
2792535933
3134150089
4539542313
4747432056
4798549057
5050065237
5042998885
4296609812
4507699821
5176585267
4796969706
4704982880
4843791834
4627928010
4695109021
4470763260
5232436662
4426839286
4619674458
4431742943
4368765590
3737870304
4582782840
4472703632
4981056323
4802613612
4341570077
4794590971
4807389309
4418128635
4553058268
4415776708
4502304858
4708503593
4044188110
4585268223
5067981596
4658977814
4373016442
4333105584
5289393442
4411274577
5016561792
5116404320
4748789197
4537996953
4656559948
5484827308
4557662295
4529923859
4916991215
3651993899
5301627138
5748971660
5169800725
4874952731
4986035234
3328721898
4183692118
5231307373
5097863731
4637003786
5085172619
4875901339
3724684672
5079225187
4936778136
4897316839
5762608120
4816544302
4401193623
4567854401
4799914364
5652029553
4647252261
4827465430
5226613636
4903709537
4776687837
4719838711
4720694473
4730794686
4143290768
3835143008
2143336725
9243044798
9066697128
8617347786
8059043181
7704851706
8052492610
7680298742
9222569645
7741760985
8750726755
7309885836
9045160302
9894636531
7689001756
7466002129
2381965206
1971597154
1990281775
2278751704
2204832637
2000169235
2277796449
2366075654
2054029448
2315005961
1650531906
2151552652
2352645734
2347878442
1935292524
2048537571
2050983380
2141455549
1902625997
1826692277
2076146543
2207581492
2216839241
1993923745
2196852330
2058822541
1704919636
1920424675
1813536587
1893111468
2046662890
1858588921
2230757541
2243941002
1861422128
2115552040
1948429339
2058199033
2118427526
2076624344
2001090900
1837024881
2064756521
2074783051
2067257219
1916622737
1803422821
1850480418
2118712513
1940461779
1928838214
2211222647
2224395700
2202759996
1915833358
2111133687
2058137210
1963055854
2277683984
2284640557
1898738669
2117390670
1826943715
1664836969
1902823217
1872696177
2137036915
2464558686
1895034231
2504720826
2311538187
2150947023
2255736334
2165077947
2081268798
1995552379
2070315700
1622041436
1997307297
2101176809
1928361266
1860614383
1984154483
1819802603
2156426624
2212532405
2461986666
1857239030
1648377734
2178659314
2190478264
2101410412
2230372427
2009374215
2009854787
2014925819
2070047560
1962161465
2040295492
2006013102
1583612014
1995824217
1926485803
2105365653
1697018839
2143981092
2023679239
1920048882
2118949719
2171479324
2074255130
2316958918
2377615588
2178769150
2248466218
2032779869
2301530244
2151638740
2135099867
2458158462
1883597756
2156090509
1851165307
2293820963
2168734247
2113440766
2173215019
1921300156
2198226426
2263164966
2115063656
2208886045
2265964237
1983633969
2242926892
2205898598
2354441458
2250808439
2028758879
2535722892
2306531647
1961649806
1948321689
2166535003
2049194943
2262795427
2117470397
2098262390
2153617034
1977923184
1793411332
2144355752
2238517497
2251947873
2265740055
2160219824
2226116706
2385527837
2340596393
2201067906
1968673923
2047656978
1993014230
2132841817
2034778184
2036580059
1854661330
2004127243
2079323538
2069014473
2220943066
1665608551
1892783818
2107001402
1705514876
1888794786
1830032576
3574916661
5569317645
4811050763
4544712530
5181800076
4722376942
5188142618
4092904259
4720243771
4924386489
3677002649
2263756610
3408266013
2940381576
3497832510
3096548593
3266509183
3447396565
3772312283
3725562948
3642292061
3482560680
3144754300
3342991183
3511819449
3682506935
3727436494
3024347250
3667528331
3227431048
3191990843
2667251145
3323776756
3162137463
3136722103
3538334289
3213336301
3470986813
3024774448
3553827625
3389850260
3404283166
3448832856
3753746020
2641889654
2899414905
3581206850
3092139709
3412122864
3872515294
4194913690
4214757814
4691845525
4451180520
4131879007
4122882888
3764926912
4745499482
4576705839
4128414965
4623589674
5177776656
4937253770
4008416532
4639971167
4925127055
4425984683
4556609186
4708599126
4912645422
4292484186
4616199046
5577081130
5230649803
4830419189
4861638972
4590876462
4940663762
3719310532
4567994706
4420386464
4822052339
5200589234
4842940388
3825512736
4680093089
4392757567
4858372146
4834592568
3930689725
4994254383
5267277117
4443845319
5006702949
4589150241
3983370330
3795125361
4331852902
4276201185
3936790305
4582322028
4076132021
4601126163
3963046977
5132872112
5389158984
4869394866
4281604916
5073026064
4742181563
5201389975
5807320175
4440622544
3648960935
1296110576
1587569744
1516540746
1620082319
1211182239
1504541865
1662639616
1517555760
1678655034
1690966033
1630260571
1684517958
1436788079
1643175510
1724375992
1858647553
1719093197
1561574345
1710999313
1754099124
1725633407
1680241015
1580574113
1682914925
1618017944
1613070940
1341918022
1369929880
1618720381
1478970651
1686473908
1313220160
1582037214
1599780313
1455934583
1183957538
1594465920
1345826001
1645364944
1655982353
1644070058
1549972010
1571621890
1477588456
1394307752
1810695436
1602210857
1224250622
1438181532
1546839700
1477243944
1827980905
1552780674
1522868332
1628701917
1472779797
1578619485
1638302995
1287203536
1508529126
1638178040
1496302164
1423642976
1713403332
1842353440
1418296617
1555637289
1144599524
1610916104
1743508488
1541989302
1667418793
1688076961
1341870877
1503330784
1683128788
1706269142
1524305739
2038695472
3123379034
3131182454
3459752892
2957504074
3728490447
3271319790
3391110047
3401140581
3044618463
3273662401
3534370566
3333855383
3020747551
2986363974
3206740717
3164779504
3433177495
3233861225
3306301603
3227652405
2872150415
2979533486
3201767965
2466640652
2687251614
3696358685
3683179112
2959961285
3230981582
3117541481
3272729924
3336407344
3085866231
3031790085
3385549833
3150172371
2977300620
3236536720
3354047749
5196015835
5315705602
5876423080
5682575464
5554785038
5562086267
3126762271
3039361373
2750040000
2953924652
2916830714
3195648767
2996098320
3323314085
3191733774
3308128995
3189841632
3188859160
3161565290
3260690104
2886038114
3317233374
2689979150
2267851998
3201247059
2925557655
3045499317
3144599650
3400469873
3130055271
2693214570
3063063646
2819355918
3276963209
2682086303
3266212590
3056566958
2951965173
2613123438
3094919225
2924553173
2697075312
3064250828
2652393808
3113288365
2725230859
2788373641
3083008108
2911079630
2908685164
3048542990
3258232122
2977906641
2493436676
2345471966
3137429588
2919291544
2818364614
3179316102
2964416357
3206072392
2707154880
2804478266
3045270678
3315395011
3112212313
2969096204
3106781777
3189666646
2970712642
2729263547
3186248165
2991969433
3040829365
2827487747
3237574868
2854348351
2737049914
2401618816
2747242722
3291954267
2723761672
3338501227
3018274597
2904417032
3045833408
2832492824
2728590670
3143256927
2850182875
2916701594
2930173147
2795675820
3085802079
2800341758
3160577064
2902735077
2915797395
2274856801
3029743732
3244975443
2675333068
3070035402
3033588942
2720734709
3046317005
3152239525
2828008335
2290593981
3137976951
2938246358
2620363445
3255842194
2942283927
2920530652
2663837055
2870889961
2120576863
3033452618
3222215907
3007119839
2903878873
3054850211
3015504200
2804303230
3119644058
2787639427
2544135217
3085286836
3006366544
3140987076
2845866310
2844771572
3039145591
2752644174
3029409601
3337047411
3608613370
3233109692
2435422993
2999138085
3400272521
3398381235
3010972640
3228411394
3356030911
2882243649
4169410241
5260416076
5573222968
6362995303
4627707098
5835758851
4978927819
5744352910
4542972318
5442709758
5115637802
6128980554
5967360720
4824446438
6320097808
5383127982
6170936323
5516683156
5684898063
5450624367
5178071245
5962612058
5056524349
2990599030
2090420454
2104486653
2153868702
1971025164
2051376943
2266283446
2325394882
2437368744
2332796050
1609391320
1821761085
2284532272
2209337551
2427818315
1741951784
2076625745
2114052718
2146531628
2157174646
2188781072
2435439325
1594143536
2375328991
1854301624
1481149467
1573376030
1564328002
1605406876
1674243092
1696761724
1659889654
1498732404
1451556164
1664920281
1423334533
1797483141
1631174383
1451582781
1760751341
1516967479
1412392952
1593585636
1254477513
1381347889
1584757661
1601610103
1557108689
1611748514
1487405616
1555501515
1539742125
1422316389
1762245303
1678590775
1448072959
1547288181
1211661612
1644658755
1496897460
1461438267
1667920091
1591395591
1299288455
1514114881
1601640857
1126006016
1688241391
1545581366
1483808597
1519882511
1680160251
1355365373
1487961799
1418219753
1101400928
1349001687
1666226415
1660968889
1781920706
1436351418
1603329375
1665690518
1195323789
1424289763
1851179540
1519331821
1622897219
1458299267
1370575002
1489188344
1717661949
1548290705
1620699617
1618152269
1656998163
1611215612
1486777608
1813393077
1533767186
1619512631
1579475157
1582602772
1499872162
1653333521
1580349468
1705645550
1694604361
1681514470
1602452228
1478595794
1628527514
1402224141
1444527661
1639952912
1745958488
1476461767
1700030948
1415946466
1711271000
1598509095
1504545867
1585774579
1663935019
1514951811
1796867069
1703334399
1566226709
1408237693
1367201077
1598484533
1666842671
1622717431
1657809415
1563902344
1181353412
1805950077
1478035461
1724357422
1465808742
1679465754
1503061317
1506386319
1618261130
1381088936
1595165121
1548343474
1712445226
1422709210
1445048678
1669451461
1682661395
1641711282
1538759565
1533823775
1500107014
1203753772
1667532710
1468298076
2501815090
2885371721
2876340857
3012461151
2696454087
3162012936
3017360406
3022079504
3343170107
2955940964
3204611497
3021365261
3230528003
3081792599
3101798510
2902966233
2894955486
3210870092
3126413608
2885978121
2891935472
2961074605
2905387086
3161081432
2895767268
3191440276
3026204696
2846292420
3030257837
3117676270
2902526235
2692777444
2970824700
3284237603
2838924533
2979305611
2720954823
3201791307
2964057814
2489291803
3247330767
2983352902
1660433309
2809773213
3130303008
3111600304
2918540931
2855529440
3110698180
3010557534
3021171988
3150279281
3174826057
3261092821
2927484160
2707066925
3141136949
2788035289
2694204224
2501790803
2569293318
3149107977
3012269089
3020090432
3167188797
2893147122
2922653016
2460497374
2842254580
2789878110
2915616415
3198403308
2603465872
2864535595
2809007457
3119257141
3190646210
2922409275
2809419619
3000245064
2948639900
3219335863
2970762744
2728616965
2584169764
2907135180
3063720743
2795131975
2951947527
2807023541
2547021740
2813083634
2348869416
3021178036
3194933476
2317884705
2977189125
3225686624
3187955483
3040790171
3007709888
2990318973
3018677248
3209160278
3186920495
2623873085
2884613453
3161685111
2957125671
2620863181
2901102354
2888015659
2959438235
3057566335
8414258887
11769514031
13074798176
13466384437
11880226222
15179014483
11843732933
13659455078
14304817676
12275999354
13588685442
13276321144
13839686952
12390387858
13074348761
12995281202
12749470838
11895441735
10300643852
12499800523
12863718992
12911226205
12810664711
14166280603
11626691757
14068670535
7371932686
2350187212
1467499990
1723834019
2512610587
3287167271
3389666302
2964628963
3186632243
2739264214
3662709777
3986302831
3243702593
2893358755
2904830856
2932226607
3202182478
2887582772
2929446745
2920141889
2988653091
3319010681
2182764542
3290916312
3158354268
3503788134
2844948732
3342220558
2866881125
3161543872
3252572706
2817975602
3569596869
2877973064
3510501148
3140941845
3452047521
2720214178
3630086775
2536000916
3238030975
3024387694
3119115305
3336936854
2552645899
3590528656
2935436552
3474386303
2612740786
3097249237
3189969593
3189944237
3202950921
2414270508
1644836927
1919626771
1731488279
1743302281
1739919630
1779153272
1761789381
1626878104
1770041086
1568231840
1823291249
1560358495
1825169374
1760700100
1957708134
1468097728
1569214729
1710109299
1672111372
1756680132
1593501660
1633915162
1382241750
1386633221
1634779002
1391790316
1629773308
1508808627
1877238653
1818333067
1585131523
1598024870
1334809411
1856987715
1751299782
1707234097
1683266067
1773406860
1681590513
1840123323
1890319949
1636082098
1299008300
1309149920
1382194241
1722957507
2491128208
3148245966
3701431174
3249985918
3529182824
3202097256
3101190036
3812452723
3017550431
3238727198
3068816657
3039661835
2967759075
3291710763
3271129849
3521091738
3321903863
3547399499
3039834114
3360667064
3151514491
3161395422
3534479359
3648536026
3608718109
3358637313
3370229881
4057986842
3249862749
3588381696
3501095757
2958233941
3114460456
3680112840
3375478929
3570399102
3249898223
3406226645
3088114746
3155142828
3277890520
3372226101
3439779460
3108630331
3745520103
3351967467
3350580279
3114954642
3081266532
3111303371
3039923854
3139962210
2945062606
3051689769
3237864430
3029928969
1799980883
1297776344
1505428971
1569062958
1652460970
1767160935
1493679021
1843401729
1718057599
1649050315
1651395303
1646703778
1540436302
1617143189
1750862051
1550458950
2394912611
3594236099
2911639413
3462302437
3325794415
3258233561
2931030764
3590446617
3047665767
3470758255
3532615782
3361728891
2947812153
3241339848
3395783924
3582733418
2987313820
3258987538
3298642965
3612838629
3222200886
3323773459
3140274944
3212147378
3606510806
3781426387
3286229487
2987309456
3326322989
3063619470
3388167147
3586903838
3452733554
3055029373
3528565768
3613379309
3334039128
3155726314
3040885447
3249527874
3034530775
3371907819
3186063762
2981007918
3057264314
3236242071
2636059704
3109295470
3261185520
2903021451
3516848204
3128915973
2840274861
3172852517
2720016140
3302770689
3070518861
2808960938
3310520746
3161220762
2947047884
2934459575
2826762354
2918912994
3291665578
2811995142
2730092299
3396958547
2816155637
3332415689
4581131606
4959461465
5034012421
4420713476
4884295843
5104274808
4923072130
5028994035
4918494674
4546606089
5169783856
4356500102
3996265652
4945008123
4350778426
4730846398
4790938836
4326942010
4699163758
4563045456
4249687838
4825356886
4592217170
4483372207
4663003696
4165813117
3884835614
4528083601
4483016745
4541329218
4820263419
4518419596
3887477555
5449415822
4125070584
4240761059
4822977487
5080242285
5102912281
4401238544
4824277372
5059667092
4574623610
4988960426
4156874588
4917806943
5121814519
4980399593
5279919259
4604560500
4384897686
3753069911
4452352566
4678353143
5162981280
5453831696
4782729679
5059996131
3575772832
4782557194
5416398209
4254447834
4637489798
5363760281
5144239904
4867163488
4264348455
4684327661
4924036319
5413935021
4568815895
3873389732
4986137294
4827919885
4242855611
4838485950
4495322285
3958100464
4473074133
4701894385
4645099560
5838855944
4560531483
4782561543
3947378617
4480878711
5341006534
5384295413
4028304976
3793422882
3115746278
2789474752
2567272117
3188127580
2606991551
3245047059
2462362263
3206244811
3134534232
2919278967
2974627241
2296553579
2268819338
2874738384
3142255509
2937436659
3050916202
3001410885
3384847039
3336326010
3032743448
3178824573
3106801664
3249019477
2986458623
3001723172
3059098344
3039879691
3167565712
3043369499
2852069723
3015008067
3268060648
2903321075
3337243697
3520990194
3447406166
3277924287
3232266240
3090445784
3021353731
3114492554
3258298994
3036392405
2919034342
3289613125
3113470012
3485068510
3282906252
3260278770
3079214016
3339186339
3551563458
3145263400
3405962451
3406894785
2835074870
3194870620
3467962953
2799288707
3367302923
3791315464
3181201672
3261298510
3339376764
3545339325
3636991423
3286605675
3208739421
3181587914
3909924145
3309801408
3328665476
3267344445
3060817918
3404659451
3635930800
3296712107
3394317266
3789180556
3374940951
3337434691
3006568884
3542838950
2767012256
3045102063
3336318249
3152156183
3339336127
3256691335
3204038735
3376590921
3365940710
3537599005
3065957295
3170649109
4015241573
3471677121
3437277718
3093896512
3334846956
3385944957
3747529573
3068850618
3762916785
3494403140
3671713318
3201375829
3123373156
3595084465
3293415254
3682828638
3635093656
3167650764
3049217421
3677000203
3524188458
3278021811
3130854977
3282394599
3462676210
3504092586
3280460079
3091886865
2943688808
3516885595
3242162063
3320782158
2541063524
2761333476
2769104878
3096844758
2835820134
2794297038
2552340957
2950956384
3057361390
3049094240
3257660390
3434266431
3664467676
2900790153
2204470836
3154424877
2937736894
3219968999
3372129024
2648942280
3183744612
3324465999
3176560127
3444063958
2665210861
2233731128
3188830626
3028055722
3481605187
3023968180
3248199345
3236741062
3155043801
3460057477
3275114910
3225688728
3650645942
3951735960
3081865348
3038380102
3049225421
2895610745
2419937354
3268443859
3052530563
4024993891
5073900053
4368461574
5100773344
5179770211
4530853954
5755910820
4689075231
4900354767
4255698372
5205332218
4951204246
4212740738
3763011162
4661793027
5639642817
5270438420
4811491330
4639078016
4925994506
5330282064
5333965820
4840177283
4648321823
5148119194
5316331771
4464572940
4604098799
4603208987
5108498387
5434619074
4741037896
5142509361
4453992154
4840442102
5654911176
4525061642
4460908290
4844231294
4638496551
4510775620
4263369767
4387341426
4977676726
4976757289
4565120022
4062347358
4521967904
4477291693
5156609021
5097693603
4094428680
4850944702
5287680206
4772220375
5098435217
5555669121
4470251901
4359015334
4667615131
4469235033
4468576991
4633916631
3172011205
4366565805
4845493281
5240814396
5066816824
4726597723
3828008504
4725443846
4423105908
3823843591
1966120663
2008881050
2198531217
1999545526
1959377610
1831974600
2109259654
1940997852
2127692458
1745832265
2401722225
2148998937
1903168654
2148540329
1898448067
2041337191
2278676670
2138743892
1793980656
1855216993
2204704866
2090822304
2283342054
2126016652
2174716948
2034163773
2179491900
2095444590
2098724835
1866567837
2175173351
1908695342
2048107549
2030531773
2316889349
1747458574
2047219565
2310111499
2053186763
1881443586
2011777642
2002595949
2055503689
2051215993
2241513331
2009841431
1976898432
2009414351
1875500385
1609830887
1902400707
1939443308
1956392372
1990043539
1994016690
2131390061
2011299205
1761704189
1953080166
1798301523
2227253769
2212067979
2044219921
2148467684
1931633177
2077461475
2070081438
2097033780
1978377577
1935382555
2036373636
1904963099
2068693506
2037145617
1872518446
2261112090
2039330757
1793291692
2303883220
1852792996
2504418658
2046595239
2182454583
1993562308
2239101073
2015056649
2108880563
2090218919
1632333541
2032912936
1931052963
2205564068
1974394420
2008562882
2160640296
3284842959
3312552620
2944930048
3078383636
2534488878
3496339590
2555591499
3236845173
2519923695
2864609311
2671964264
3101646274
2806358714
2791784010
2917618870
2879358220
3003187577
2792441108
2834081603
2305952242
3016624146
3268959623
2902500997
3061493908
2631751686
3183906770
2956865360
2914430601
3260419536
2824883632
3069901073
2388968610
2841588774
2869158394
2905170105
3117872025
2885306442
2935564068
2834671142
3038204890
2643042894
2891131091
3129353879
3310989474
2268192459
2752607033
2497435559
3067701501
2436256132
3060579574
2734635302
3158261758
2938460139
2490389950
2883309108
3139711736
3074172074
3106504135
2591381359
2838451116
3338749254
2983811422
3159738299
2839186955
3044768373
3165218689
2569504573
2904927550
2417714050
2877990520
2724784481
3143246444
2534177400
3143310720
3395549711
2813795317
3563700600
2892996803
3006208513
3362318371
3101438904
2238203986
2887312213
3083249092
3086874578
2542689376
3278067780
3565701313
3013663441
2670265266
2752149465
2587901888
2762459148
3007559703
2994573102
2866360927
2880516390
3255048994
3247556259
3124434439
3498417214
2123619427
2671447704
3568693017
2956461293
3300208309
3057839414
2500774717
3414812661
3007047810
2383571530
3080859580
2859849277
3148399464
3142294178
3457581576
3492164086
3143679737
3336634985
3272695589
2475399869
3324927954
3365445992
2900370570
2656000788
3142212509
3452197109
3146366721
3309665400
3847278939
3296971398
2922953529
3122372841
2972807011
2820212385
3079831822
2931358785
2829127447
3045888593
3493136970
2993437329
2592399966
1465442500
1554868282
1627300675
1742338608
1701921180
1690180387
1716833273
1635293712
1640922573
1591797755
1559547263
1575742321
1657761157
1691814726
1882596046
1787613932
1694040083
1644283819
1772005235
1591496097
1777553143
1541276632
1580063721
1391419987
1663390661
1222905012
1628817935
1696563011
1676919642
1620572562
1640992878
1730973524
1430498229
1694680696
1584884148
1693827426
1571798765
1658171831
1720517748
1588322268
1581622730
1666038841
1723322279
1732435335
1510998577
1732883281
1702765263
1598609094
1551282063
1689646875
1717480417
1708056491
1663298609
1401464898
1491972133
1565905551
1731154465
1577475961
1626528409
1493222562
1446993807
1767469332
1650198362
1317995838
1928345722
1790412624
1498488935
1578086208
1573719604
1338580901
1338189971
1762793371
1425505142
1561375283
1636884702
2070874256
3241206032
2594045144
3166582405
3445097366
3187377327
3552126833
2877388906
3169426369
3614213829
3169780358
3420770692
3435870330
3391041614
3088089964
3173333270
3073188178
3081984452
3142712884
3255498898
2872211682
3720276044
3022023943
2897422180
3296408885
2618290697
3113091659
2943074581
2522986033
3362892381
3337516368
3437001607
3226872197
2718331681
2788643464
3376780876
3088016275
3450853566
3280225428
2854460346
3221739659
2840515266
3001168255
3482192792
2470150127
2814664580
3469013767
3423148975
3074110630
3210826846
2902868564
3563828989
3124696356
3316951033
2833281520
3152222672
2333833190
3491400140
2664006586
2975972070
3391755208
3476672199
3139093161
3310076612
3285484601
3218763921
2592781955
3301897148
3506485129
3079958584
2924439802
3341637837
3177946476
3399714818
3564444373
3172242978
3378596579
3011610722
2966663479
3017750517
3416371861
3427630776
3520302747
3328170518
3634944902
3571169172
3243800965
3229252611
2907214439
3455959507
3184000290
3461554473
2548121259
3021581694
3145482592
3622141737
3825598415
3414367005
3073534395
3469553854
3136029903
3896157153
3252171288
3128000319
3226738226
3086150286
3227640320
3810972481
3495423355
3127397276
3694681488
2772646005
2945245070
3530017277
2963983742
3577340573
2941773212
3564246447
3202847968
3360108398
3589123363
3643193268
3225929857
2623826409
2832382654
3048880123
3155657991
3293513752
3407642794
3063421291
3103153955
3039087059
3548154842
3451567390
3160033962
3066966660
3592694989
2948040600
2717151421
3492539329
2697437064
3240959633
3157914989
3206864590
3297429221
3336134269
3076917142
2895793555
3343362739
3167495885
3050556435
3254975488
3126898884
2943783633
2815987816
2652994240
3546872911
3994238193
3582611401
2930099694
2499253469
3184365144
3032702927
3267052673
2812596526
3436501335
3199552233
3094099509
3206141783
3437645697
2848659883
2686222492
5136384316
5029907344
4189891638
4455064856
4786954041
4737739817
4157519594
4996922915
5235929189
4109091077
4762177295
4415068986
3457825355
4022678420
4905754240
4109356113
4012238858
4399903074
4472497693
4636003801
4590332962
3854881796
4489402677
4160326658
4706023635
4665242452
4469119604
5683282653
7400265532
9724224092
8555381010
9670063379
8683015875
6824106944
8377608099
8411694060
7594524118
8410522899
8385389528
8926384432
9178951002
8973357527
6426310362
8548057269
8077385720
9099297293
7979220005
8587437352
9035076530
9933221442
8712449257
7789887841
8417877761
8143944362
8185435308
8994625504
9689595750
8566209691
8118276972
6570821334
7909931742
9114315017
8636022648
8724413201
8780643227
7429487482
6447400842
8072659548
9246278473
7841503421
8238077178
8103914666
8149312615
9436540325
7970785561
8768270538
7574332403
7565841119
1789322159
2165396049
2190233363
1850797635
1914071545
2357704127
1685038158
1831482184
1782741160
2074012539
2366674862
2250507588
2102892732
1836953082
2285789475
2005875772
2173928521
2323359731
1762626935
2134376441
2271899524
2114063510
1769854011
2045275572
1861406789
2042518985
2044514401
2275171824
2319736961
1754584313
2293346044
2327902286
2134672235
2297685340
1921405191
2112842422
1931291039
2326584058
1805550504
1996068735
2054346990
2005531329
1741328307
2115873148
1916285391
1891331210
2212074235
2116327326
2089504866
1618722868
2476373580
2216608063
2150360443
2158715724
2254160112
2316864713
2082201702
2046766459
2033286807
2071063926
2515780913
3005023360
2346593004
3155830631
3401555783
2988823644
3173664543
2979541132
3575414758
2922224161
3203518945
2902846182
1729979667
1623796021
1718501682
1824817936
1147083867
1316039464
1805833261
1713725780
1525072203
1775902581
1797325056
1564767987
1582489548
1647747480
1617745558
1610399333
1651608400
1437070728
1682800242
1829931078
1345599695
1806209490
1581706566
1696565652
1801654980
1722181334
1504784147
1710683788
1502043865
2206791256
3447431243
3165393404
3267593337
3022006737
3449649951
3078073883
3415423938
2992962578
2714491654
1541828780
1544129668
1760150691
1787818508
1409771768
1581585805
1361679680
1451574763
1767480429
1681384752
1944002910
1614497623
1482298279
1576387129
1478793842
1662631583
1781325774
1671703208
1641501793
1671944371
1534927245
1545188249
1699123862
1478551011
1518842049
1508255001
1588211378
1731630224
1204480531
1619864946
1643547922
1486026638
1676543959
1710381949
1632807884
1662174595
1623444185
1656250905
1880387523
1472939154
1243683267
1574432279
1796179603
1603736959
1401438623
1778966153
1668418854
1596462119
1644306101
1725053915
1728331867
1649184374
1736460547
1661104143
1506487952
1590304527
1726826172
1481192489
1631233725
3126722069
3477932590
3555873735
2888147694
2978699868
2944732501
2813955500
3303143598
3731197937
3154898463
2921493579
2985686144
3372468135
3236765766
3372996064
3344608190
3047461882
3138577084
3508104295
3124169221
2766416944
3170283361
2881108663
2862008517
2560998571
3243790076
3202147061
2357822888
2888228510
2834520235
2777599646
1643361478
1570920501
1636736199
1506054545
1599725998
1591774624
1672065929
1471028913
1565805402
1527238303
1817496761
1651802369
1169014981
1349198449
1689632634
1627723007
1481330664
1626408625
1387459209
1780653526
1695073941
1238216479
1587935873
1562725720
1400223500
1486858196
1588048732
1528031729
1578370703
1721116984
1624020634
1425645143
1509960050
1477350082
1445982307
1552524677
1470493796
1578467989
1603079309
1687519887
1623400631
1554648843
1617278630
1432091669
1337370186
1764868449
1763252079
1537790993
1652163048
1525800552
1643529787
1458157048
1495558685
1268216317
1533713448
1564083954
1482903683
1373141310
1528575883
1511399569
1639476661
1588227321
1426564159
1508354252
1578329571
1540997005
1550586092
1559084700
1789160705
1635328631
1687451807
1388572105
1596488837
1518434917
1940698658
1735246023
1614930355
1624006259
1825524610
1819268463
1384015030
1742870112
1624017759
4127893912
1811724942
1645921079
1638913441
1730066625
1358753738
1793977783
1513303331
3592352371
2823736193
1654899079
1473618224
1605892212
1693401499
1823578970
1703923939
1794658919
1396851363
1840463458
1485553260
1428227501
1655619074
1703159030
1426488923
1791588048
1765690574
1794204760
1432909711
1616868071
1744496561
1723476443
1633730851
1632501620
1475800312
1682923648
1522872176
1683369724
1370910622
1692760285
1825135147
1295318167
1594304798
1550369576
1265646104
1637007059
1769730649
1537693909
1536946238
1643367530
1491358152
1866820225
1646992544
1613334516
1683404461
1389558883
1681217011
1551088131
1274393937
1281344985
1709178375
2114111612
1669161023
1440897797
1677458628
1551201088
1798476879
1766392739
1579397302
1590870604
1785640124
1571739809
1851538963
1726853385
1596246870
1777593382
1690343220
1645139869
1656710989
1664404122
1852087298
1841633113
1630178225
1686398051
1838751905
1426863139
2633105594
2507705572
3780841379
3423100921
2815849544
3489340272
3451048634
3444120851
3820927185
3454448495
3765195881
3558255439
4562904047
3550243795
3850402023
3980092953
4024886526
4269473638
3967059903
3352241587
4197741043
3783126572
3458007116
3557902379
3795894322
3604229288
3594970962
3589589850
3238442332
1596511321
1744441627
1766057149
1870983745
1722389864
1663636343
1512882504
1745189535
1647741227
1559893077
1741746850
2677143084
3608116740
3738802082
3541695467
3742636598
3631840392
4095356440
3247988889
3239645638
3679279352
4017683141
3733004111
3532432693
3767270693
3034412838
3729775492
3956502070
3738901318
3842527562
3778481614
3626089920
3303141113
3661950527
2642282847
4021255368
3518675073
3946282998
3681083305
3731306000
3027749322
3618514623
2133475877
1616646099
1771474411
1647667278
1736800971
1792660908
2012662032
1756627448
1698688252
1610427673
1609070980
1414481199
1633187937
1671323597
1738981964
2137058168
1648042018
1638670892
1902398622
1630501097
1601205588
2679190498
3541896174
3419617711
3441974758
3754319794
3614873158
4024789040
3550680209
3510726140
3462982294
3481044679
3245862659
3729402314
3813051570
3495770076
3527917042
3029733241
2910981626
3465140581
3574227712
3488625404
3221592545
2613061733
1626058207
1642829481
1538276161
1524747852
1638064425
1767947977
3102786361
3594963193
3814424868
3419344944
3764833178
3805716340
3624611672
2618978125
4164019948
4509064215
4777244276
4606568180
4108367169
5349295145
4267965637
5065811102
4406914822
4530888316
4894902354
5634271084
4495808748
5582436717
4471146979
5152666665
5010981780
5523943351
4774369772
5134198473
5276115850
5051040929
4491714969
5427615199
4749443297
5080931516
4912101998
5018594572
5845542270
4672887223
5824732471
5413049464
5102938740
4765454807
4630883652
4615223428
4543002077
5320582482
3718748375
4697577903
4390550704
4562142632
4657753440
4845906681
4164498742
4606312840
4220261464
5517796390
4618715535
3743671217
3960134128
4563742895
5240482215
4679581750
3572909957
4811358731
5046673772
5097129549
4861100204
5173836193
4161995381
4360057143
4214155174
4388341230
4605304349
5283298327
4988413801
4746945341
4503009343
4521514217
4136387806
4710108607
4928104589
5016079363
4927110822
4343263876
4761553158
4752553701
4894149050
3748293672
4640667834
4109206520
5202728705
4960287895
4374915671
4674296286
3868640461
5550779275
3936463106
3126613912
3011244996
3264993636
3091790828
2908068935
2920226290
2805602515
3056608437
2798142825
2928559134
2890837509
3039085853
3123879931
2936105914
2758540952
2516052961
2353179221
3064311064
2345681763
2729807186
3279469482
2938791000
3230852060
3170754204
3264622807
3068659120
3345466218
2745702775
3322612100
3144287976
3222775432
3048703343
3112716831
3096106245
3209425037
3150130056
2791286723
3542204810
3070370521
3103275074
2900148056
3984390418
4298554511
5117766010
4500637848
4716485599
4661507573
4607306335
5347734261
5191986696
5040340771
4941145037
4774606932
5217408145
5293956173
4960065350
4896701120
4697411346
4663695664
5388462168
4642319236
5437129188
5150538596
5306887245
4837019916
5211749836
3735256354
3196085612
2831922965
3546916442
3301118597
2964738429
3011931636
3242820016
3068220074
3137568946
3022483107
3549216762
2742358823
3161218002
2969271656
2610796194
3183615883
3316472369
3651430970
3365967129
3210964397
3188435849
3327127439
3686831197
3743659341
3518896130
4050384690
4584136605
3177597654
5033773142
4803724635
3321105868
3196767170
4494507603
4400074401
4904784911
4756631762
4875825238
4430961969
5231993432
4927646636
5430549975
4784199714
4249531606
5264826920
4325088171
4655892771
4618872306
4410304824
3918035381
4545885537
4508323686
4431338149
4565498682
4827686403
4631220563
4713970738
4582159189
4759110198
4537662898
4099135011
4313864707
4472227623
4492754114
4789542405
5109522575
4244252969
5041190564
4731943361
5683999947
4716935295
4952582906
4697357179
5018493378
4878196798
4382451449
4222995300
4608485336
5251282303
4953674955
5069912557
5226245343
4698092800
4755824523
5048836634
4772211178
5244896646
4022666703
2123271446
2018144432
2159803795
2102330877
2196081125
1708037382
2104520919
2201080732
2197799235
2163544106
2054369139
2026327524
2080227912
2007483787
2058574428
1890564481
2087941982
1998869932
1699446713
1798650750
2243691967
1929976707
1646009122
2177019051
1976837604
4278887843
4065821455
4278182979
3684499408
4833230867
4585044694
4256854579
4350417366
4803335596
4541444463
3687119271
4384493379
4557690884
4481620773
4519573599
4783315703
4745002456
4476950444
4534838364
4473018830
4700650266
4566971917
5150109820
5098586051
3896907844
4290681505
4905754564
4695906637
2557641487
2863790173
3258525803
3017064832
3200376220
2782842425
2799218304
2700293225
3135300978
3210729674
3034144325
5282609219
4760981112
4253819463
4421653954
4814609123
4855180237
5278633556
4783805383
5147308832
4907679802
4452925834
4231184158
4637081804
4285846688
4622619553
5230776748
4528477372
4520942738
3779837789
4493241554
4308416473
4940310124
4527038674
4681672651
4954094677
5118489733
4399890969
4715707741
4329765601
4706562898
4947155272
4447089714
4948484105
4156055585
4543519677
4341168830
4927920193
4067334583
5158052519
4730777175
4462554590
4917478165
4995760104
4701084851
5093232533
5189664705
4661367830
5394347245
5304950396
5292052952
5281580488
5007513119
5036822393
4874418227
5109327839
5062473959
4654787145
5197036039
4388435762
5076517063
5477566429
5394796496
4029595074
4638780594
4743514827
3959969845
4626778894
5380743970
5064239093
4975462314
4596088342
4258919382
4889313350
5395414099
5383055902
4902281120
5146454485
5097800894
4903433421
5434158403
3254172517
4692908913
4222236835
4504195907
4151561943
4460367350
4587594527
3937565768
3993232594
4628398436
4299083207
3748135384
4516403798
5222019698
4701641553
4621739223
4380690840
4821689248
4453061425
5059954566
4405072266
4668657862
4240508751
5155438575
4858579497
4165432730
4155981903
4669227487
4384126242
4882837927
4814379805
3886084257
4360599578
5202030640
4818470381
4257803427
2424524825
2082691067
2020291733
2149433407
1838426439
1890677294
1960386523
1972385688
2114198658
1547080444
1918039220
2087223491
2312726424
2163994106
1666877040
1946754390
1881770245
2034607661
2143922871
1485382283
2154103077
1800065814
2020656610
2074347622
1569571019
2188174009
1979883083
1836247953
1850296068
2091407632
1747785874
1966567415
1911500837
1867000970
2044052324
1848996165
1874573164
2117624278
1553718774
2162745100
1847494715
1925315927
2113343910
1765336145
1885443722
1932677759
1717008653
1782353264
2067816154
2101942422
1867830398
1819176848
1884085538
1858353080
2026487227
2020036055
1961227421
1793073803
1943057202
2063486534
1956899441
1847698474
1973836730
2102239742
2119034293
2028137890
2044098065
2061236913
2124042053
1759041471
1746497340
2015845709
1550383227
1961431828
1977031847
1976614348
1912404889
1899357663
1818923518
1976139994
2282642856
2098318289
1950719536
1571878069
1485723413
1869604795
1630604757
2092497908
1836451222
1581418995
1453847428
1964928419
2097423796
1998326441
1753754481
2070843765
2105186771
2040385641
2165208347
1728238807
1718178146
2057456431
2039748354
1600905438
1843697256
1920775265
1579726869
1968573046
2032009968
1842664046
2134677060
1838020678
1763098719
1994826747
1767575355
2136200684
1880598176
1838948466
2116991946
1507184557
1749934447
1980114378
2058388924
2230226261
2019942990
2165835708
2230006978
1579741440
2352695518
2213515638
2097026625
2129039385
2374093704
1857819638
2075666258
1901722822
2240102566
2128117915
1920050305
1590924131
1806614924
2016887254
2003432930
1951244220
1801123354
2221963444
1961750211
2037072924
1656524949
2234023394
1911787664
2004567325
2163660714
1849105744
2128656281
2045359084
2142223141
1859540774
2028748913
1844086244
2049197360
1949692257
1936147168
1969806926
2133296019
2049952014
1891398538
2188667150
2171859344
2082200163
2128092741
2078091161
1863592964
2155201777
1842964143
2085798551
1880675932
1932557944
1988062761
2088941839
2178875332
2157276669
1903084015
2008118069
1630873397
1882190423
1836288662
2013012799
2242057862
1874033157
2023917392
1826931405
2148741862
2078034590
2035839653
1583777563
1943128787
2191441019
3986006861
3610811654
4800893420
4475361589
4272406764
4796364184
4923847800
4162159794
4038055017
4330828462
5392282065
4705929596
4665086680
4489966434
4422533274
4681886403
4778779453
4577592198
4981020533
4547828973
4861553239
4791135128
4364959274
3903861918
4171215714
4518524047
4413338995
4250162022
2987296008
3052617220
3283265567
3133791860
3279495244
2644834394
3335769204
3067598288
3361173737
2904611328
3071909264
3249571679
3415788186
3041177238
3430093008
3130373046
3477820436
3280581596
2430042180
3139115779
3064918192
3217992208
3620374769
3541408838
3116910844
3213681108
3308754107
3028841320
3416990686
3041805362
3485242709
3393263179
2818812617
2668966179
3231427697
3383822715
3235968738
3308215424
3234540047
2762517679
3500180156
2975729144
2885497704
3315158716
3339896133
3790737974
3268820445
3308373161
2708718413
3372396913
3273075267
2848745987
2380344579
3223852289
3248000225
3835674027
3693915269
3264000003
3538687784
3200145026
2771754181
3423179442
2894905875
2543245184
3143922047
3081214654
3511146999
2995970162
3524903923
3438231254
3362683123
3139139768
2890424523
2893711845
3063464272
3394958576
3241772345
3482965518
3264326584
2850949743
2954165751
3454528901
3145302339
2961354142
3008590383
3201721625
2831037682
3424805708
2984756335
3327852922
3160772052
3168717230
3403596257
3172661862
2645597320
3205314387
2911379185
3442180330
3255182601
3557000641
3451210396
3330376500
2929921076
3230017499
3112293146
3093199810
3135080787
3318389071
2953083903
3187379630
4073487735
3617587525
2776958090
3064126313
3172376782
3658888828
3074446856
3545616329
2547047070
3301927783
2916667184
3118364969
2989592965
2914061592
3295551616
3261789726
2705789638
2200940457
2912521211
3392710246
3448160199
2720580125
1563300134
3330541361
4402469797
5378423142
3869598239
4899695933
4677183464
4206671920
4690629540
5839122482
4908690326
4275665076
5187441442
4467749506
4754466648
4849521776
4852695362
4101877281
4460985393
4135375657
4850723577
4002237305
4979026887
4949712227
4443024005
5202956591
4597278766
4555523633
4476638164
4780221149
4718555532
5461613763
4759871438
4903685959
5266463742
4113693319
4473687159
4885342924
4647595354
5038551294
5030906362
4771028153
4751509907
4987813855
4668602588
4126068746
4690332995
4740645931
5031651797
4976476015
4987417802
3327906606
3602223817
4600853822
4877795931
4908188954
4948118829
5239633225
3743890837
4899295519
4708503821
4889023540
5053120550
4841384982
4566248200
4997465148
4416460921
4479807314
4478136874
4699369922
4576015379
4488291263
4513556453
4719387796
4596828090
4924306658
4197901770
4507754725
4115337541
4218158765
3690957717
4968448929
5321174838
4310997067
4662274722
4997747827
4675562668
4773260731
5081893811
4379878010
4858028564
4117367776
5438436387
5557966065
4017812405
4650672405
5152856207
4425889849
4263487958
4527495844
3826891517
4624454482
5260997068
4647731193
4508518952
5130276786
4794621477
5113809127
5263431600
4575831371
5119853916
4536309744
5251680704
5087915663
4660072611
4556408125
3644655249
3835347627
4152188745
4995581032
5010085128
4575011711
4389583452
4796472570
4992247923
5243156236
4747373546
4450779247
5598215802
5312979052
3763603459
5121437393
5695202514
4862753799
4437878160
4848493962
4942772321
5673774449
5263714601
4016869251
4758212334
4471671342
4316632361
3916727276
3346222235
3082081385
2930365002
3502194609
2859378615
3223631933
3170285458
2966967253
2716860748
3611418576
3483761342
5010366747
4368920145
4956868546
4506372080
4118894270
4772312968
4678525855
4548324183
5398535722
4659251798
4167581094
3475346393
2528986234
3578268153
3600755558
3328117071
3715418644
3406901200
3175997954
3591935196
3552942500
3772215823
3631241498
3704644017
3563209178
3604823074
3224509149
3515881119
3295537923
2623543806
3197468521
3341651022
3985508164
3726924692
3668407715
3774096878
3160295085
3927304760
3334932125
3679122528
3982021049
3909952169
2793330778
2923381012
3780614500
4034195978
3285897802
3264655929
3566430895
3408357039
3360265326
3226123376
3475706893
3839330043
3486125675
3203698374
3216414838
3367960765
3686547356
3687576105
3306790572
3329713866
3188998661
3369856104
3398013905
2643692889
3012276833
3539395301
3405709563
3120123105
3568098229
3056309921
4097213630
3550144517
3324615275
3390446962
4129833580
3275696127
3858606630
3763607143
2910197770
3598586674
3177728892
3633054202
3538848741
3488270765
3017092644
3836143514
3381728302
3409833766
3438845200
3323953445
3313859122
3835027244
3283150510
3253891867
3616295105
2959520115
3419491518
3268234330
3181741181
3534730181
3337412042
3200470286
3457280515
2995147981
3313404016
3102936439
2976130476
10462416021
13618059968
13669930171
14819295107
14190955353
14508728734
12108086938
14601274602
13503382635
14237630069
13015528228
15189834701
12287749897
14108454720
11569993095
8390566040
3251496453
2609761787
3092977532
3264918857
3193044544
3222028674
3218157405
2948052168
2962532760
3384236009
3293902209
2328167011
3320903835
3372968765
3100133974
2548188116
3158767574
2892945773
2879330298
3070942063
2844237590
3342884098
3098542081
3132586181
2980014433
3232179822
2263097864
3147020298
2843931987
3008731619
3340955046
2946514216
3290457068
3048899209
2990203868
2545379405
3323990112
3248884574
3347664156
2398182296
2981929318
2941462666
2762919140
3327664971
3305453736
2995038312
2693518097
3037454283
3083583881
2781503343
2738247340
3034060792
2927002363
2837579991
2201557891
2972716339
2923303330
2704170177
2979352304
3350145018
3059422244
2891177264
2623087871
2890261693
3025201678
2563310199
2544335474
3117489969
3027422687
2762701368
2350267126
2754809375
2593713896
3187819828
2841072176
3557822516
2621407840
3024990634
2785945564
3342237385
3251812194
2892385525
2516898101
2954274124
2322952207
2989949427
2268361529
2954160089
3374340477
2865695397
3386261013
3260690224
2831366238
2903733237
2877894451
2154742620
2905637675
3212624643
3054882051
2704743940
2784803352
2972848495
2995154067
2773257718
3001405956
3007235454
3105992091
3358250390
3209303652
3296919967
2913503658
2890612836
2795705485
2219987954
1878860449
2343008594
2260307502
2164500663
2387241377
2047673021
2245997556
2433323161
2300881940
1999266535
2186815871
2234606512
2143374641
2169580749
2902096042
5477984506
5586637441
5646318687
5006950941
6351527021
5240895170
4797145849
5727531824
4976937627
5134285170
5809243216
5191601433
4643194471
5849033704
5380586760
6147547181
4323485995
5570964558
5554966330
5415246865
5331454877
5643172366
4815958761
4418904620
4949949517
4431348810
4165617346
4856092298
4568136720
4000536213
4695799867
5011490405
4796615537
4108956803
4496807771
4893494598
5354657914
5073278204
3969125503
4504858229
4347687970
4404700779
4477223561
4627386403
4512535452
5253714045
5291086990
4951858074
4867409105
5027313135
4461995795
4622946598
4614683383
4490595356
5406481145
4367020660
5018240296
5248920384
4586795169
4279794565
3806366551
4429315596
4878634932
5034839808
5388385675
5025857709
5408980560
4821317104
5767118346
5191775916
5376713384
4608053469
4010975672
5772747348
5394206716
5603075171
4902483536
3936787880
3083456127
2615081016
3207449200
3625990564
3223390652
3241445881
2749642142
3137239010
3135040839
3058226399
3235766209
3575561351
3299742807
3371168708
2687139095
3396309306
3326971022
3254895507
3548763208
3032952647
3287430685
3310055056
3664601828
3704171668
3808482693
3363685504
3209099306
3305081378
3383554120
3111741714
3431181063
3051902340
2766269243
3135318844
3465626893
3467983840
3248967177
2420109542
2133898529
2203408606
2203175923
2150337147
2081182248
1865138878
2315086080
1988761882
1647809589
2196098747
1967604089
2146035149
2139727947
2363317739
2228715868
2147257797
2105692202
2111584019
3402800185
5083508669
5276684292
5512742972
5422850264
5442999617
4870390461
5946875850
5597130677
4906624466
4866538834
5050180959
5219234683
4974690617
5551690254
5483937995
5502766034
5891606721
5254871902
5634908521
5742127545
5370807873
5463774724
5158248331
5048606997
6238393465
4671667417
5220123015
4132185064
4641885847
4562501272
5529940451
5455434034
4472532109
5079021481
4893180052
4638330210
4581095580
3730213733
5045186299
5062774754
4543629556
4145233535
4893290880
5649299808
5231223732
5984470615
5310821591
4826447392
5326043847
5308306446
5138164481
5414778441
4734166674
4718132393
5254326766
3944667840
5390369436
5263637420
4290548338
4660799582
5479016609
4795896584
5333277577
4324056230
4664425137
5067981231
5606764779
5188795861
5360488330
6044653691
4759112470
5413898877
5545340327
5470336525
5743097660
5342901086
5342811292
5418910116
5196436023
4697576217
5778074756
5350798285
4367237575
4771898895
5778252101
5122575556
5594447889
5044090885
5833362974
5275224455
5436486478
5546153040
5120710353
4362719855
5653700284
5733695574
4937661608
3737276615
4456054622
4250519641
4751695784
4486856158
4500866742
4220029565
4269713493
4027967418
4141672945
5035425374
4590884023
5028296817
4682763379
4388083249
5040097222
4418092324
4365831488
4109204503
5192079302
3988867702
4788522319
3919940519
4597101998
3936040534
4666864672
4803850472
4823603894
3811738530
1563119336
1282533142
1482866252
1619892382
1578739420
1771522745
1667189847
1648569359
1408101892
1424278150
2525366898
3201275229
3225693092
3327628011
2932417390
3105108893
5866931921
5307202516
5155882461
5172075123
4361284166
4619704574
5097506748
4499930613
4471760833
4984010937
4946120316
4233654266
5296306540
4978967962
5073976641
5204086863
4536202217
5125540970
5018258536
5086656679
5674770099
4166248986
5764342362
5090946311
5635913829
4718560196
5107387499
4520188207
5197475049
4603668158
5406944328
4897794300
5717056035
4842701523
4775123688
4518494047
4437868913
4943216336
5194913776
4748279811
5461369329
5153546707
4644715641
4312220542
5280215223
4449388399
5219282582
5897821598
5589001679
5203807952
3927598049
6005861272
5682125218
5081074859
4973099081
5512912020
5686217760
5558022208
5076575008
4893923047
6046232166
5191525066
4703386171
5281558397
4953079549
4488891663
5366217451
5549113602
5636240352
4941204675
4765311945
5698982864
5197734863
5720608856
4978953892
4110006886
1445125944
4920256899
4669185134
5315526740
4940236214
4711394299
5503384758
5223119141
4981959146
5195223844
4964866525
5645688535
5113153370
4730312120
4917808525
5072385076
4819873741
4117283565
4666331606
4593789329
5164703314
4863162974
5170378397
5253995034
6033843851
4825324476
5069807305
4849000999
3982228031
4932222376
5328614837
5206558586
4836759987
5061640747
4879415554
5348046821
5426857344
4816796422
4735391872
4951363613
5105002684
4448065672
5225787171
5249960547
5685100756
4096516362
4903107387
5103753133
4701348093
5420205417
5200119825
4889678685
5701898612
4205176236
5371450691
4730110604
4576741013
5375853353
4841390274
5080057246
5175038272
5563994945
4524962312
4596768229
4924103880
5596231191
5409758360
4809263137
5015686136
4994792116
5661444131
4195105219
5341811084
4674584568
5597289710
5103575734
4920786776
5318744952
4825415523
5827276914
5193845023
5979514587
4922755442
5304079773
3664515724
5967994089
4276011956
5498675890
5111268784
5865851417
4638528494
5807807573
4801949529
5473689288
5064300027
4623022530
4701345097
5508138170
5482422700
5421068892
4980644184
4640762701
5430515828
5682954363
5114041311
5182306878
4490422013
5255644810
4437913585
2034667110
1915247062
1851011286
2158812818
2047297948
1765606416
1943171036
2085971402
1905888130
2103233220
1932283596
1531613297
2059863086
2042332038
2129623151
1919873684
1935263396
1845039041
1989838223
1932118592
2029863389
1786290042
2401558700
1517530239
2342306587
2051256293
1988748670
2003500361
1999906642
1914094356
2040786446
1997921472
1699833805
2096714096
2014759267
1808280034
1781971381
1907026863
1821332946
1890357750
2138906635
2109169702
1719797028
2144799087
2287252022
2039273143
1896678019
2150880954
2120392676
1848123531
2109768032
1903797753
1986418108
1587820415
2020618275
1926482990
2184071025
1996730258
2149217196
2051438955
2026231819
2266431004
2009712247
2098248893
1861322154
1946144414
2014327334
1992601102
2093587269
1892203039
1905958519
2013891027
1993351333
2332039674
2066968822
1782052289
2040701419
1760965603
1887779684
1792108098
1737205231
1532313541
2226878695
1976569043
2080931270
1853735844
1991417690
1941399596
1912330704
1844245415
1955946387
1979026391
2040676866
1739869737
1916750327
1769593996
1943375938
2028417366
1759540147
2065566140
1724179631
2225054211
2070824155
1930971299
1581253304
2061291812
1915331622
1832812255
1725648686
1950976093
1880074490
1528762019
1994391957
2157943296
2116913843
1555264702
1889265956
1949251370
1843073350
1601368038
2153308675
1968043229
1942971998
2031944738
1575618943
1802034356
1812212402
2077273185
1926276113
1849152877
1585090462
1955101556
1642746109
2102749221
2026383609
1949619687
2095022914
1918369994
1735437587
1767909699
1956131620
2015882033
2113121289
1823701496
2103983623
1722796961
1996724327
1799284396
1834483145
1938617500
2029444069
1678790840
2033285239
1960460103
1855594743
1788744028
1762835940
2054357653
1761625941
1883838853
1757274578
1850548588
1596694755
2089608022
1409432959
1718223669
2092245331
1714398627
1834386317
1749139830
1664589602
2086497670
2003118229
1772063046
1715366615
1698636568
1821654089
1992279912
2095817180
2047966616
2041546068
1697878547
1986095769
2302290055
1620777043
1828022337
2012507467
2134014609
2032857013
1800849023
1853327094
1506088090
1912182815
1783521115
1909352325
1850597240
1957557520
1908523565
1839053869
2149587706
2206289411
2024760091
2200246878
1907561929
2046322413
2002329870
2513676232
2051787291
2178478710
1849339689
2159450428
1884045573
1974089555
2156847152
1915987338
2016719151
2113135678
3606245802
4662382787
4769159915
3797207082
4282930810
4542626357
4562478606
4220118565
4222901961
4464966279
4431244412
4380237341
4468609315
4187397327
4585628219
4377141273
4045430414
4282757306
5384415940
4344484266
5072075764
5054822680
3396910582
4553977162
3453721790
4683776887
3838120771
4410680713
3348041221
2253885332
2008835480
1681336503
1749452729
1912530630
1841249683
1955329806
1939068791
1870901102
1891993632
1835745933
1941696304
2140249728
1967574025
1839512010
1862886566
2063383132
1519662814
1796931041
1849631334
1951495449
1765317935
1556489275
2024914474
3411483327
4485468583
3790681780
4552437254
4155679134
4068895863
3963019413
4118560736
4210041464
4267985013
4440770712
4450277900
3924994498
4341678115
4405911757
4038659808
4507241522
4880585419
4406679590
4174623523
4277598964
4084817208
3480349594
4162435889
4612325091
4939004688
4037113602
2805564586
3673093405
2927153387
3133131529
2408571607
3424874434
3024693331
3390197074
2991596010
2715848822
3022363277
2830802878
2769965616
2618062066
2954408453
3151406720
2483335474
2004864434
2195435188
1933802287
2202030641
1966368426
2333748406
1803340070
2339874932
2202412058
1842885393
2170424836
2199631239
2374236057
2217580799
2101918784
1903291593
2016793383
2240687901
2132634468
2070829417
1968709639
1840587606
1634790907
2210667995
2116161948
2335556218
2569849692
2197515733
2369924002
2475101962
2501090222
2361764550
2330944867
2358572781
1808168502
2213711064
2089047079
1899800687
1941953223
2125552808
1865280257
2507757931
2548502841
2110859784
1918402434
1691268823
2255621121
2148242238
1863377189
2019918536
2191269204
2153833208
2277781415
2362818512
2092508506
2290221085
2083935163
2044719710
2402492355
2241873681
2182612844
1935516728
2540074051
2232525389
2144017648
2170241872
4926294676
5586254375
4871801576
4972725057
5093718541
5784075839
5206437067
6089809384
4114293605
6716982457
5049435215
5902877883
3790505257
1867743484
2237840449
1974027808
1942912508
2130052339
2246563833
2230436010
1980707233
2083743613
2032495723
2198412038
2131911358
1924919930
2271441259
2157419465
2225262236
2079736341
2175255833
2258163447
2000125391
1995225477
1904920877
2020511800
2182949483
2171458373
2147014931
2346888683
2189911188
1952124238
1752283599
2137538492
2169741565
2103017064
1792627257
1995103616
2072356509
2172375340
2277462401
2410715984
2092671175
2166984886
2216513026
2348239305
2029952338
2415078383
2308432334
2310066789
2243954883
1846127349
1983961798
2208953929
1906390692
2268745541
2085292363
1526612707
2024485177
2205327364
1816734629
2085443932
2134697060
4772524418
4126014377
4334369013
4236556322
4789846065
4654642092
4316146585
4373799224
5393447426
4879317160
5370146961
5086500417
4097156913
4966256344
4296179144
4932841869
4450431479
4824554967
4693720066
4567376847
5602523685
5485943161
4321170500
5154792489
5230636115
5122115987
5728761142
5041811572
4803954195
4494798455
4731781400
4966626698
4852170034
3279995692
3294925652
3234501384
3301313046
3643367944
3049443895
3401247584
3407510520
3224933701
3678821209
3554642748
3522549538
3501911484
2972526011
4228190928
4700078479
4285877702
4059183240
3408808732
4427032220
5385002641
4606121331
3775498766
5010276272
4628016212
4539660341
4277751588
4225971878
4415399152
5276260272
5173778896
4712872982
5343802982
4197806326
3521437091
4493906689
3223921324
2938897087
2986686878
3255439393
3091986673
3306998156
3324978123
3484167153
3306744723
3078443132
2927932354
3230459625
3248348746
3309832815
3337225869
3064159794
3386029205
2727391282
3273571974
3269342551
3110094112
3240121462
3433154785
3110575257
3006865751
3124263195
3385600268
2946172225
2961375700
2877217499
2854892220
3482631158
2752663590
3113857093
3147009104
3303978741
2769404917
2024274675
1906803399
1858634661
2056859060
1786333097
1954941484
1748001633
2016089614
1871513566
1831378360
1947709626
1967355272
2008992661
1885419116
1957588850
2002518130
1866176636
1839972279
1892584219
2017723321
1858879037
1810307480
2040454372
1796209647
2086698457
2084131860
2114138203
2023410758
1889794348
1919021840
1933191915
2119253654
2053046579
1901620740
1521745594
1931376583
1883632717
2066977029
2093127349
1648767495
1517418558
1937347689
2148305249
1952369892
1812088337
1665028269
1795281966
1881479454
2011881418
1754050907
1886778623
1936592945
1342726941
1985753786
1987464294
2063452029
1765588714
2130005522
1720714762
1843486752
2020217789
1662201033
2170106654
1927678513
2043933393
6171406910
4593699760
4885282011
5167132227
5230492052
4808607302
4941690405
3765737117
2138808565
2365051383
1958762240
2303041028
2427137045
2349076984
2092943750
2425228980
2110911329
2054776257
2206337050
2282212810
2071241046
2277605066
1651620006
1754973218
2304474446
2077765940
2205084060
2216443099
2083719862
2216680065
2188989631
2447259794
2021731435
2061803411
2052754772
2164864500
2088212985
1897089919
2134344344
2293548308
1771534517
1975754068
1781166578
2460005397
1883524863
2286365842
2164769054
2361912089
3198546405
2515514183
3258517550
2901467934
3130801576
3138292235
2639679257
3371640646
3049104858
3017147162
3270597071
3073786513
3223614097
3505731262
3508211885
3245714873
3533350473
3377900128
3549915196
3649160395
3633848217
3502923472
3757674443
3066699654
3166108290
3292564818
3116262360
3717637017
3364879084
3465534724
3416335062
3384848617
3134180913
3388835861
3619862347
3035052878
3103973098
3415325773
2704736724
3225618580
3263086969
3097866576
3220887493
2975401404
3329758691
3107224724
3162824121
3765087657
2639747655
3334238968
2960339682
3242244348
3748298427
3190251879
3708574204
3636716911
3337326427
3530734607
3423706618
3648679586
2937981790
3362785852
3194077758
3534536607
3848920863
2968938663
3782599862
3681232341
3179092013
3325468777
3453276387
3476521448
3303851598
3232367505
3187208851
3299699306
3359019315
3179992241
3461022937
2980556309
2882133522
3661306445
2614025594
2767735703
3182912832
2726138644
2971404439
3242585887
2359783679
3112068607
3104994786
2923279300
3005179718
3022292213
2706930961
3538287029
3461218154
3249235464
3303422581
1747806272
1569355678
1649445321
1683727722
1867602357
1630126859
1753376040
1644561734
1735408671
1694587878
1622113666
1756081325
1841065039
1492124763
1693760423
1739945317
1361216295
1824905165
1831010751
1657838200
1632460267
1636907774
1690027343
1399525590
1587744762
1618863090
1725200546
1671954407
1626407503
1636179112
1880744563
1998727511
1372228050
1876395126
1490191123
2542922526
3391882564
2469549335
2797305124
2911076897
3345283796
2879678300
3307811676
3210877608
3177750426
3364751668
2613119356
3323240205
4839271362
4716728166
4292119188
4701283602
4800599409
4185609730
5209889541
3983055151
3815418853
4730071393
2639425502
2320384951
1663784640
2292900850
2249099477
2143417944
1908702492
2372997034
1698932024
2119085193
2277149513
2138813666
2201149273
2183245635
2212770422
2027668854
1865477754
2221494825
1581781885
2133964466
2226783543
2156323913
1739157440
2025695141
2192172383
2385882954
1937369594
1945075537
2213818147
2078835061
2122510530
2247104793
2205822647
2137994150
2061148864
2330045828
2052409127
3113726385
4417146502
5745696629
5517614147
4600417688
5321892244
5631077037
2002316227
3368369566
3476332551
3411108418
3131775913
3115955838
3114973726
2979891677
3524734532
3131957869
3623764167
2628633914
2794546492
3421764824
3440926501
3457721769
3294004787
3156439270
3559416036
3469982428
3299014549
3360173031
3063927805
3169777884
3025234876
3483818955
3740470776
3207876432
3536124369
3198385086
3284288680
2920359976
3017190176
3348559843
3284663565
3499560062
2519240764
3601767424
3271303779
3159955298
3377096352
2682212857
3323414634
3163764583
3244757527
3811944865
4939617445
3558768569
4473728825
4467854988
3919120654
4770560809
4016079216
4827699760
4187412082
4855536064
5007543288
4310945121
4665073508
4287363441
4435536228
4398575262
4530606316
4498711611
3525905212
4474366041
4856609003
4539988031
4514432783
4725482798
4832826729
3109612516
4698733017
5856394276
4764342921
5116877363
4754109924
4868350588
5226289958
5442492369
4881597219
4916033887
4557140669
4974852492
5435707870
4788642376
5414313593
5311650354
5909293500
6301184491
5482425877
5711211893
4006957593
4810770217
5673731971
4522875948
4195141432
4230475310
3333659388
3497735068
3370191626
2655362442
3346826815
3415517870
3350101942
3179334175
3592679451
3380000586
3199172781
2744240891
3205550637
3310991316
3414299895
3301596641
3239719144
3085522055
3355357174
3404676277
3812184053
3115277365
3215061847
3362315223
2892761085
3133417863
3261746659
3266903757
3057299892
3196588528
3271473555
2770141338
3413722237
3187745572
2883073603
2884818038
3617648326
4936607340
4553506208
5066480280
4846529119
5191207056
5329417925
4812196343
4751563783
4429956234
4869664920
4904184154
4707958350
4256174501
5040162378
4053120683
4900600319
4671404318
3472344800
3692115497
3004875459
2762010465
3936537616
2986216267
2918659164
3444375300
3675176209
3921003289
3601580250
3536887207
3219060002
3811433513
3720096313
3168313723
3639133007
3532103559
3581547567
3257160705
2703503253
3835553922
3521650925
3594097782
3463691886
3565619926
3322761019
3439599086
2801961737
3409205180
3685438974
3654143402
3183682144
3627105787
3916978273
3713708591
3457150399
2521874828
3461976546
2995257585
3335944162
3443004546
3493446985
3686217958
3764485396
3495328763
3377663572
3616964268
3442057198
3636791292
3539330153
3558805184
3428540059
3213257299
3098569520
2954167311
3422479231
3272027089
3265307347
3693288442
3150340516
3457666046
3343564113
2505209554
2736698119
3445304645
3467230139
3340135767
3359600113
3312811640
3006753297
3032073901
2594013469
3255914315
3268109859
3137818110
2221261650
3070200469
3288678404
3543362374
3582848916
3082803843
2956507783
3210215247
3136165863
3134440076
3509686895
3043002989
3524262269
3139926288
3013229872
3146880834
3213051264
3856014723
3345861444
2676471687
3202374097
3395274551
3761864256
3607592023
2845776917
5059433870
4869770489
4809775638
4655025907
4952069625
5500333608
4740862452
3582811904
5076979737
4852779779
4649585860
4732048246
5184692001
4859034612
4714840366
5203750742
5250494587
5353210139
5201690097
5383732070
5360568949
5126398163
5335006122
4341719992
4652789943
5127556790
5073509041
5302290301
5045359004
5386979731
4901511473
5005747303
5617812801
4333638048
4140814993
4777613215
4238920378
4582581207
3963990601
4864869083
4692865474
4406678816
4753609190
4127996465
4650209681
4675283898
5192456897
4506567728
4529892891
4835753242
3645843902
4914243901
4175075293
4050274537
4485671716
4280073976
4594375786
5167469961
4588133233
4621454211
4745919045
4766833675
5207290388
4762015958
4656624969
4905094492
4458174385
4486133442
4544949551
4657301936
4713121361
4564836889
4776708509
4063095199
4626981594
5043548128
4636089000
4758794872
4964696670
4303788363
4734619840
4723154968
4810182577
5067818793
5455675126
4627588290
5604221163
4863430714
4054407042
5242474093
4596756243
4830058645
4860152943
4185157000
4770297178
4393152413
4904771397
5133600740
4823262843
5407767948
4441834386
3916338100
4260763595
4392530842
3837339164
4483969188
3670817044
4490067057
4591600271
4577717880
4764794518
3567106402
3765712944
4464466308
4566780805
3812705269
4090226216
4855784915
4230279853
4144146483
5026654391
4129942714
4345651780
3347534336
4515221641
5213656248
4291801968
4292534017
4416707043
3643459726
4707590886
4631304922
5074886995
4142304665
4710509382
4793912848
3585785348
4464318733
3875367103
4485315603
4498499204
5572917557
3902383762
4016636197
3152762188
1703231823
1498914900
1621169674
1890792432
1551284200
1727393737
1710112565
1694864398
1421695611
1655607272
1699876869
1839222702
1615527138
1711385732
1749888567
1704210515
1611899972
1646315162
1506924131
1718265712
1907042715
1773872205
1928494675
1832112906
1955259540
1570286967
1832320181
1690326113
1923204732
2011657828
1913476613
1940727209
1869916279
1983363073
2119678548
1770151558
1705336997
1913457105
1912665499
1859640728
1795946535
1974322379
2227468545
1631415460
1979639771
1846608895
1917161907
1777412398
1970029856
1978830720
1845714832
1833808582
1853251664
1652817135
1625804436
1931427048
1863147868
1938805659
2120538729
1555058439
1449745446
1797844652
1892523457
1738484841
1716361382
1597537765
1829592514
1923065312
1750742528
1814938194
1802949915
1775913186
1848115212
2022307590
1743303575
2183457418
2023349558
1891376083
1677405099
1848984991
1684385630
2068623938
1749168276
1885436449
2015468917
1990115778
1913881039
1675239196
1384028779
1704665232
2020217110
1950523592
1368349812
1707139213
1928035729
1929689039
1916013004
1778717857
1872867044
1644935966
1686788528
1803622382
1825773413
1737055081
2083219280
1641942279
1756244937
1797078188
1932601967
2025258914
1846104612
2085383957
1754695740
2103994666
1714320352
1623422593
1951028912
2025757121
2013667927
2108332023
1951131625
1889823377
1549107149
1975045686
1601529615
1873282762
2063013738
1933806684
1567581548
1789262688
1708634535
2049013515
1815652693
2118060584
1815241545
2009897724
2173007515
1730143319
1956916984
1871879447
1979219017
1949480527
2164096998
1842288520
2047240100
1952091395
2010239153
2303932185
1979917593
2075370839
1897790587
1858348138
2062164879
1924711081
1925605369
1649600225
1918943431
1789552262
2349286044
7857955314
8912083666
7145756150
7425085318
7872037924
7740122244
7477718624
8229576751
8993628955
8351220303
7083752649
6530371626
7346057653
9034926182
8505380710
6961329488
4559284623
4447574426
4309614232
4104925105
4318428564
4723629044
4259439460
4032415920
4168454916
4120409006
4659942973
4714158368
4519495341
4595134720
5416376157
4768811580
4120284944
4890540663
4787217582
4353293150
4019951190
3551993855
5058394834
5186674524
4455791974
4865065758
4749538166
4558194247
4469196418
4570215121
4727090241
3864790011
4768871337
4782713015
4091501806
3229999053
3267862867
3527450025
3053580451
2547792577
3724656488
3026158570
3085534140
3440111264
3420803023
3376837489
3178052945
3195830357
