1846594550563
2788111446820
1346818363552
1506671175327
1477653935531
1544765274813
873511672259
882589958338
867623187973
1035936774002
1162256515153
927731045718
912148185654
892051773462
1186339593822
1564277187284
1567896698623
1586866824319
1501981619778
894554092693
876718265426
904765511775
790862675224
1268547751775
1666814078038
2018605479092
1562961332680
1608028552432
1839671780489
1848483099423
1893721160472
1526008330785
975502981579
1020744213870
1014064507145
1790944503554
1830812124090
1876577551843
1876474106142
1972173853399
1912912329281
1603178906429
1736372415821
1867988073095
1818946363025
1803977566229
1598620266676
1104834304379
1593902916964
1519320100078
1528729723432
1591733499975
1514124167233
1629447204026
1566378151182
1514954261725
1503997864644
1516523372423
1451683911355
1073872365377
1620886692452
1475232146497
1489178138482
1452176495197
1518518437043
1590802700071
1532457191978
1508085707514
1463560302894
1452932340636
1497885395630
1475898810408
1526237183936
1555022483195
1455710968202
1823957870496
1833899094066
1970166997900
1230420339258
1748733175983
1339257052970
1915756017333
1770752644247
1825597831921
1789382350614
1925688139062
1902641540914
1962140893427
2013546864186
2017667900841
1482569414534
1076430065680
945445055270
969810393620
1229510687214
1761557094722
1382299625835
1184663733938
1685102730697
1550939883861
1540930129086
1533143686413
1581243270224
1611374679801
1545774276895
1497670765243
1472812486229
1627818347211
1417376885974
1163736606577
1331348215613
1561785678816
1542862539166
1571251151031
1560452320100
1510102110163
1597629648811
1516616602356
1552819059776
1553662645239
1189490392873
1284677782104
1595792056760
1885175388944
2372867351922
1183662713530
948874756891
1501583317159
1118886930919
1190029984211
1297853327705
1498688372288
1545030600817
1485019927452
1508920457653
1294056745923
1831542110616
1497814626075
1720905520941
1164331606849
1600449888602
1242238203115
973934142764
1326211745192
1592962527432
1511435343586
1573256842162
1611833402547
1228821687368
893630248992
908172310845
869228136875
999149139454
1599719561911
1579482125988
1540276610706
1554555971642
1707153112952
1463999158730
1527317847069
1698648301824
1160192564027
939596306437
929307383811
1438546707636
1676370486256
1520941686198
1828785812897
1978095076896
1969284785641
1797643473100
1703259741451
1949972239873
1886041105147
1838632251649
1585371195224
1361125736509
1916785717919
1692161347626
1960783263034
2433286917877
1736804800506
1860359097653
1339880047871
945547803561
2185967803809
3706146847523
3285748436318
3066407189918
1552459458646
1556713731464
1840370389402
1906672739119
1794500357993
1615237916448
1145757541574
1740784903270
3208804319584
2254948465899
978696087317
977447387362
1076491158033
935573135370
1427495396032
1244436627240
985244190446
995870247602
1680570130147
2106869011123
1848368805893
1780141755971
2015929908035
1727979873487
1579723300922
1556901291830
1547649769543
1509843589179
1664612289757
1723387438572
1829588820634
1775284562748
1835163233865
1895145304983
1945534845402
1102470872172
1627848604118
1577800158301
1547333914700
1616292735245
1787202233757
1642822892401
1794090935151
1649787244412
1527864344525
1468304000078
1537356596394
1494123964584
1510268639304
1519299108669
1528055541912
1499011606583
1453905382875
1553746870864
856675256451
1680934291090
1644986704325
1440763273063
1416205197619
1656122388491
1515966032653
1607217677179
1770738195187
1073253607682
990067388253
1163639907321
927464018180
941946504970
1105207263459
1749706320547
1764686957637
1825017971219
1829421938933
1839009979182
1428228219357
1709448133508
1437225310292
971013918051
1611484412577
1826741014209
1763182144566
1758394327923
1391513580363
963357226668
1576285605510
1820781124494
1802094315836
1795514682407
1287460599743
977045495907
949405956507
1326300146002
1866486550272
1253354149230
1055866663151
1154397425682
1260251452051
1754296542115
1572910285669
967511555958
1521042640133
1544722371020
1605390935823
958696787668
1073242373454
1419239300366
1678634990197
1619396246412
1162086454387
977966372802
1393495344531
1745608273860
2012087742666
1580180650548
1734064179095
1470420924826
1319575359624
989808189212
1720630320135
1939803209768
1892192569750
1026157559236
1622197236830
1455189167748
1060863089024
1104903807392
1815137021480
1893377214165
1898084738640
1143750313858
1126326170881
1421722164109
919769689721
865002529075
868128425331
1055094360702
1768591622804
1803560007894
1796503907740
1894118136743
1888264016974
1840097720653
1950034157321
2119367726890
1848297700843
2225847506870
1322430047200
1982730772530
1932111802012
3232400418267
1579778436721
1332970960273
1568347001082
1585212962011
1271139480373
1793100780987
1849315536792
1736806362156
1609654093023
1555474739567
1643715587746
1413685320147
1695844209711
1873829443216
1824341072132
1597259131338
1331120265081
1648830123812
1498304349340
1815522778219
1700678939003
1530767257604
1553165039621
1571848882558
1760325920047
1587248104003
1493042259006
978682845777
1008850772523
947150780197
892975933900
1183168046261
1597229200452
1600222920858
1706327071146
1574478084070
1568951683624
1519614585987
1420537960554
1701810273460
1390203864897
1011558362037
1824933145311
1730725544244
1729373128870
1612249469974
1621006120200
1525756690198
1533016813592
1572814951668
1516459190665
1340640388488
933013061402
922086323160
924107334095
925415679116
930239397315
1478640839567
1611270709893
1336539459838
1761832840406
1579289476788
1588270544511
923604271849
904596342821
935213379489
1044947546192
2113487812096
1493634809254
1541769153607
1549807223094
1531784195930
1523400995183
1521788828869
1498987163974
1509001243482
1677349127419
1569010247469
1668381771390
1039151207220
1220353166250
1810623609565
856881507103
1202603049971
1539227318683
1395810050410
898886393421
911964999709
1160970791131
1359183513365
849559821922
867309314268
1220041774854
1480267549997
1595586327493
1538808546456
1500752842680
1516411874071
1486451906842
1468990069601
870513714973
877040104807
888546775412
1889362631739
1980218816759
1886861881311
1947301699585
2009232649710
2008018967860
1957734249986
1953473481931
1597626082760
974937822591
1450382044404
1870965722806
1836486108193
1611840964034
1745556787587
1590470426495
1033131296640
957150502094
898335470089
892051241498
1411042751337
879719188403
1535360772013
1594077555712
1531638488838
1163176616242
1220292800406
951506561531
1492622871025
1539136696809
1581081883759
1633732078240
1662374487690
1581585670735
1676584714744
1887790861064
1964548061621
1310282250123
1980911331610
2097358331818
1911550840840
1929847826293
1882502581122
1940523619653
1838647447261
1495470058375
1727104751358
1190831734557
1668163583143
983812774441
1499014278038
1701874962034
1616801562322
1594968669756
1649909529559
1829762821298
1849377798485
1475908377142
1014512473360
991442453134
986240031869
1179012469787
1674730735738
1486492361485
1476614747614
2108513747137
2627896194433
1596308493651
1557187588550
1348785735894
1696591219004
1776151295803
1584762291449
1088724483560
1065540100129
1585470674516
1859647543406
1935898767342
1871804253104
1835970779296
1830423567203
1937535707675
1149234705817
1794637612382
1834509417353
1848299697971
1467321082980
1731457486134
1731994233630
1912895231553
1336329508003
1510509262173
1564398049385
1369868024370
1578948268597
1686192311609
1597393439208
1726126218925
1870589622486
1940599836862
1733445544967
1456272641158
934141099222
942266915785
946756740741
995881005178
1588878181989
1174148961673
945328700876
999112086634
964654348772
978224274264
1617816207760
1483413865834
1554778611219
1559379792426
1609355860784
1632018658460
1601051418184
1661868321017
1537751595415
1577095842115
1615750417397
1570721672035
1673056204816
1628012830562
1642239274327
1579968723596
1259098599423
1449265613563
1100030674354
1208291844110
1436032073210
1744844872547
1771294565483
1515283433699
1542517501357
1363233789749
1003441518840
1669700315877
1878216740990
1208789135649
1100154481570
1614262632316
1582409030664
1550260409755
1590395480222
1619875778458
1580539763540
1579175902289
1536924129748
1422435632614
1768258118434
1816860681295
1849604829453
1788573577292
1596465793489
1723451754317
1727928609219
1703899429354
1761243344300
1848611742629
1798877437177
1827049264373
1675413536184
1415296273299
1464464565255
1339539812504
1573398879169
1727203087461
1820411752915
1831252042339
1656460691193
1602342272700
1691910711370
1849758985024
1790811925693
1732138158717
876507112712
920664973900
897895665130
881913579410
913899098810
879341186383
873901439516
900283499218
866833056928
905392331065
1308791763663
1621628576646
1721061954802
1731819563169
1732908824653
1712057619704
1721996530161
1670875538612
1614952533365
1626849768301
1544457982193
1692419096441
3169869509494
3102250092137
1685020558792
1761460595746
1308853779638
1766991898555
1668053782219
1721832839172
1193338565393
998802796960
988881099215
958313638869
944577740021
2651390673604
1501900996683
1679792361874
1908589079852
1877523940019
1788601481759
1679775339793
1189017456524
1848966591204
1629861352556
1033793872705
1502249315099
1112747539200
1540283604971
1597223792002
1593505232754
1396255628656
1490616892618
1515012124488
1374652701319
917487209751
912498152422
1572685122190
1715956954204
1852135319943
1807293323642
1750485681440
1775472641428
1851662640141
1750793041953
1792483739777
1794933253799
1735603278009
2019588034146
2110743955759
1956847285225
1967175406063
1824435820119
1580512317849
1588901816304
1585139552415
1592013024081
1529939841161
1700434663126
1847727437914
1896087148883
1551866333318
1503579274687
970991131652
1597092595805
1896645826410
1600126198943
891118667384
1499410029350
1819762137101
1928954132752
1714446277472
1372807515437
1442052896688
1498695515129
1256835214681
920770294718
879136846050
889475357884
1001133615557
1403421039297
1133673009403
1528316015482
1530327406941
1413700888316
1473268174339
1635048369138
1755282291897
1651295544831
1482695994469
1445656195570
979410142529
1711687716252
1613190445028
990455728549
1613413471638
1654529644825
1608550835794
1591173952643
1559342459737
1532689492858
1215615290367
1568907132568
1521274948720
1531778731506
1881751704377
1776904872171
1669989080083
1489637343443
1453820098467
1525153143900
1524792471362
1512657134861
1496941193476
1557686708282
1578291574655
1624114372887
1746163105698
1509881206469
1162580699473
1518849118315
857718728801
872634485600
880979341611
878325110168
869471571078
920719741796
892915232071
865998876751
1143299365506
1498729920926
1529710607599
1567662691926
1536483564200
862411307846
907722578832
925581331598
1143005539819
912117454089
1458951107704
1706234370722
1463575319847
1448556172052
1461040245822
1184322965909
1529246644668
1702421183844
1763641523525
1733119445786
1745786482990
1660720950872
1736022242121
1740527617804
1616038320911
969473145176
1176495510831
1873294796076
1789628392753
1572787213375
1724313089548
938987984082
985736971593
976084244048
1761999000403
1253227190414
1506331783237
1541389270609
1579922822728
1530521344481
1593273593891
1778413195137
1789848282959
1882294071559
1729858823935
1739441478235
1729125075502
1712314284124
1704230576814
1932361649361
2007802818500
1816810618148
1527165452301
1543234931240
885010433089
880077609917
906627707565
906345729425
1291274171933
903144149180
862191595338
916235843246
903821355076
952513839881
962792517782
1297109537321
986789647960
1429299733950
1605749154749
1327957114394
1602954836689
1576380327496
1309027907075
1844326859794
1867978489101
1249059561187
1702878237693
1892447350871
1900388053917
1904857378334
1370245622724
1697171823395
1887855482487
1926575417191
1869967290076
1846673393438
1839812391811
1502635633546
868130386364
1147668918938
1587734427601
1523053989833
1579072711721
1150357327401
944514916717
863722179865
832402200166
1135145068827
1533593389057
1637283977793
1736004663902
1670744481567
1000676368822
1275164413451
1552409274141
1632591679839
1503691360390
1531017906523
1551446360431
1625250126538
1582354173033
1550619068627
1510481033332
1574324397825
1111705746279
1494597063568
3165655278381
1832465345676
1448151345873
1753029617894
2232975403507
3468732184277
1631639487726
1633258528354
1744757050905
1706181858239
1259967616594
1351532018338
1873461744144
1928353972355
1765239681848
1901257173609
1853998542073
1893950702558
2394384572058
1843282701040
1898424682642
1699432336988
1761939705928
1179015055217
1692743550071
1788942646414
1807129891076
1780361892300
1955840028795
1212501073137
1146814564563
941513108979
870662433170
860813618083
855019029143
859007939078
960426084236
1488244702319
1449792981223
1206620508578
895592190695
853923966560
845779361026
891810409605
868108794167
849351108868
935794632929
1341115558851
1110232082195
1797932686238
1639854493772
1549778261959
1557138553027
1465694828216
1498513383343
1441574603746
1823605152674
1186454588293
1021735411714
1017691448963
1109061140868
1048538445955
1311776357790
1708162544263
1343135218904
1223757569071
1695563637842
1716036382919
1734494387194
1741080898943
1730355660520
1786767530235
1803878099960
1791508933445
1830451295607
1569784942004
1634905134911
1562370367856
1690653042181
1557750190121
1699549548426
1586877157200
1455736693366
1434508036185
1507216815208
1519498075216
1484538640381
1524695934059
1467000059889
1498229167127
1564384065749
1593860799997
1558833353734
1319348527128
1528895334336
1557901462833
1578919464964
1601106853331
1662173860891
1662165180133
1570647623130
1582953415652
1614315477248
1038584805058
1636926011865
1594991677301
1642497380943
1626388478799
1275804909947
904028956704
1232571055527
888046324766
1104275921082
1527239873047
1902778944560
1785498320654
1832417710309
1768030183778
1478934850748
1611141552056
1505260547370
1622947889867
1619121508360
1708106151130
1654078862492
1702635639640
1631649383855
1655720270307
1654081371219
1665567851211
1563802152112
1061594404580
1689329468987
1198160242578
1737237453154
983135532741
1032224634237
990319896517
982232151494
966954092272
1217664595594
1873527707918
1806531205797
1842069120413
1789117139272
1754734048230
1848708633318
1831065750498
1778033982447
1911391769154
1805604936861
1779953917606
1602799318239
1524896148506
1609496619631
1644571800984
1662757570182
1293527364475
1165994273073
1251696786232
1984330003665
1921912241831
1763818112259
1855192964639
1734046198404
1709030906275
1638409286433
1254173936342
1230940845536
1849758985024
1729858823935
1528316015482
1297853327705
1413685320147
1143005539819
1578919464964
1521788828869
1017691448963
865998876751
1780361892300
1104275921082
1626849768301
1855192964639
865998876751
986789647960
1803560007894
1595586327493
1497670765243
1714446277472
1475898810408
1873829443216
1455736693366
1451683911355
1220292800406
1162256515153
1715956954204
1765239681848
1750793041953
1720630320135
1700434663126
1361125736509
1625250126538
1615750417397
1945534845402
1183662713530
920770294718
1855192964639
1524792471362
1020744213870
1600126198943
1700434663126
1736806362156
919769689721
1003441518840
1702635639640
916235843246
1609496619631
1518518437043
906345729425
1627848604118
1637283977793
862191595338
1893950702558
1711687716252
1609654093023
1164331606849
957150502094
1515966032653
1135145068827
1736804800506
1526008330785
1503691360390
1736372415821
958696787668
977966372802
1818946363025
999149139454
1676584714744
1721996530161
1008850772523
1475908377142
1223757569071
1619396246412
1573256842162
949405956507
1183662713530
1540276610706
1736004663902
1904857378334
1753029617894
1956847285225
1463575319847
1510268639304
894554092693
1803878099960
1143299365506
1741080898943
1775472641428
1873294796076
1102470872172
1372807515437
1649909529559
1579289476788
1515012124488
1582953415652
1945534845402
1702878237693
873511672259
1848299697971
1597223792002
1230420339258
1599719561911
1498304349340
923604271849
1953473481931
1715956954204
1597626082760
1601051418184
1346818363552
1685102730697
1760325920047
1438546707636
1700678939003
1829421938933
1898424682642
1594991677301
1596308493651
1562370367856
1428228219357
1700678939003
1506671175327
1873829443216
1967175406063
1721832839172
1613190445028
978682845777
990067388253
1060863089024
1723387438572
1701874962034
1581081883759
1886861881311
1510481033332
1564277187284
1790811925693
1754734048230
1339257052970
925581331598
999149139454
865002529075
1557750190121
1186339593822
1727928609219
1929847826293
1411042751337
934141099222
1464464565255
879136846050
1775284562748
1553165039621
1319575359624
1553746870864
925581331598
1591173952643
1434508036185
1100030674354
1895145304983
1453905382875
1162580699473
1579482125988
1815137021480
1415296273299
1819762137101
1512657134861
892975933900
1902641540914
941946504970
1967175406063
869471571078
1332970960273
1449265613563
1549778261959
868108794167
1533143686413
1579723300922
1703259741451
856881507103
1925688139062
2119367726890
1542517501357
1308853779638
1620886692452
1753029617894
1450382044404
1626388478799
1824933145311
1552459458646
1088724483560
1849377798485
1455736693366
1498695515129
935794632929
1327957114394
1448151345873
922086323160
1039151207220
1524896148506
1768591622804
2017667900841
1654529644825
1275164413451
1763641523525
978696087317
1268547751775
1970166997900
1867978489101
1574478084070
1761460595746
1331348215613
927731045718
1579072711721
1587248104003
856675256451
1442052896688
1825597831921
1824933145311
1754734048230
1786767530235
1451683911355
1564277187284
1586877157200
1552459458646
1165994273073
1503997864644
1509881206469
1877523940019
990455728549
1529939841161
1581585670735
1519614585987
1416205197619
1597626082760
1778413195137
1711687716252
1482695994469
1711687716252
1600449888602
1549807223094
860813618083
1579289476788
1660720950872
1518518437043
966954092272
1500752842680
1947301699585
962792517782
1104903807392
1807293323642
1733445544967
1293527364475
1551866333318
1686192311609
1673056204816
1932361649361
1732908824653
1820411752915
1731994233630
1870589622486
2106869011123
1532689492858
1415296273299
1494123964584
1501981619778
1712057619704
1452932340636
1540276610706
1964548061621
1806531205797
995870247602
1619121508360
1294056745923
1771294565483
920719741796
1576380327496
1770752644247
1727928609219
1475908377142
1542862539166
1001133615557
1578948268597
1753029617894
995870247602
1556901291830
1519299108669
1775284562748
1112747539200
1820781124494
1611484412577
1721832839172
1463575319847
1701874962034
1775472641428
1651295544831
1537356596394
930239397315
1706181858239
1497814626075
1547649769543
1633732078240
1706234370722
1838647447261
974937822591
1581081883759
935213379489
1494597063568
970991131652
906345729425
906627707565
1339880047871
1521788828869
1419239300366
1579778436721
1253354149230
1723387438572
947150780197
870513714973
983812774441
1882502581122
2018605479092
868128425331
1788942646414
933013061402
985244190446
1945534845402
885010433089
1896087148883
1789117139272
989808189212
2008018967860
1794500357993
1220041774854
1849315536792
1073242373454
1619396246412
1588270544511
2106869011123
1535360772013
1341115558851
1611141552056
1680570130147
1563802152112
1564277187284
1403421039297
1537751595415
1544722371020
1731457486134
1803878099960
1823605152674
1165994273073
1795514682407
1525153143900
1787202233757
900283499218
869228136875
1524792471362
1704230576814
1483413865834
1830451295607
1033793872705
906627707565
1597229200452
1629447204026
2106869011123
1904857378334
1729858823935
978224274264
1833899094066
1794090935151
1594968669756
1803977566229
1396255628656
1455736693366
1778413195137
1789382350614
977447387362
1580180650548
1836486108193
1419239300366
1745786482990
1308853779638
1826741014209
1763818112259
1581081883759
1636926011865
1311776357790
1390203864897
927464018180
1949972239873
1791508933445
1557187588550
1925688139062
935213379489
1477653935531
1594077555712
1677349127419
1198160242578
1768258118434
977966372802
1580512317849
1892447350871
1851662640141
1886041105147
1554778611219
906345729425
1582409030664
1712314284124
1726126218925
866833056928
924107334095
1620886692452
1824435820119
1763641523525
1768591622804
1826741014209
1639854493772
1001133615557
1568951683624
1542862539166
1791508933445
1741080898943
1580539763540
868130386364
1912912329281
1039151207220
1740527617804
1768030183778
1590470426495
1528729723432
1530521344481
944514916717
1740784903270
1542862539166
941513108979
1369868024370
978696087317
1162256515153
1638409286433
1422435632614
1753029617894
1505260547370
1035936774002
1558833353734
1611270709893
876718265426
1815522778219
1118886930919
1501981619778
1642822892401
1499011606583
1680570130147
1870965722806
1877523940019
990319896517
1206620508578
990455728549
1503691360390
1661868321017
1901257173609
1750793041953
1438546707636
1731457486134
1732908824653
1763182144566
925415679116
892051241498
1709448133508
1627818347211
1853998542073
1521274948720
1562370367856
941513108979
1703899429354
1902778944560
1516459190665
1692419096441
879341186383
1502249315099
1509001243482
1480267549997
1553662645239
1017691448963
1510481033332
1625250126538
1644571800984
1519614585987
966954092272
977045495907
904765511775
1336329508003
1547649769543
1754296542115
1582354173033
1179012469787
1542517501357
1557138553027
1572685122190
1702635639640
1761832840406
1507216815208
1340640388488
1102470872172
1662757570182
1761999000403
1736004663902
1753029617894
1790944503554
1675413536184
991442453134
1291274171933
904765511775
862411307846
879719188403
1582354173033
1631649383855
1805604936861
934141099222
1572814951668
1790811925693
1003441518840
1538808546456
1935898767342
1753029617894
849351108868
1704230576814
1662757570182
3165655278381
1654529644825
1413700888316
3285748436318
978696087317
945328700876
1635048369138
1453905382875
1413700888316
1701874962034
1553746870864
1223757569071
1253227190414
1617816207760
1580539763540
1193338565393
1668053782219
1669989080083
1369868024370
1828785812897
1730725544244
2108513747137
888046324766
1829588820634
1835970779296
1761557094722
1341115558851
1830423567203
933013061402
1416205197619
1727928609219
1259967616594
857718728801
1636926011865
1463999158730
1840370389402
1624114372887
1815137021480
1770752644247
1670744481567
1512657134861
941946504970
1557138553027
1549778261959
1503691360390
873901439516
1584762291449
1761243344300
1631649383855
1669700315877
1259967616594
1574324397825
1557750190121
868128425331
975502981579
1602954836689
1465694828216
868108794167
1827049264373
1586866824319
934141099222
1549807223094
1220353166250
1613413471638
1617816207760
1664612289757
1832417710309
1761939705928
1532457191978
1186339593822
1415296273299
1527165452301
1147668918938
1514124167233
1829762821298
1605390935823
1656460691193
867309314268
958313638869
998802796960
1727979873487
1597393439208
1322430047200
1578948268597
1815137021480
975502981579
1714446277472
1322430047200
1727928609219
3169869509494
1616801562322
1476614747614
1060863089024
1525756690198
1597259131338
1605390935823
3285748436318
1911550840840
1853998542073
892051241498
1179012469787
876507112712
790862675224
1615237916448
1001133615557
1428228219357
1794933253799
1581585670735
1468304000078
1852135319943
1830451295607
1551446360431
1721832839172
1785498320654
1593902916964
881913579410
1528316015482
1582409030664
1791508933445
1294056745923
897895665130
1894118136743
1229510687214
1835163233865
1542517501357
1482569414534
1477653935531
1569784942004
985244190446
1984330003665
1253227190414
1700434663126
1839812391811
945547803561
1614262632316
1675413536184
1164331606849
1526237183936
1229510687214
1515966032653
3706146847523
1585470674516
1779953917606
1766991898555
1656122388491
1744757050905
904028956704
1727203087461
935573135370
1761999000403
1611840964034
1309027907075
1980218816759
1892192569750
2119367726890
1815522778219
1572685122190
1017691448963
1613190445028
1573256842162
1249059561187
1571251151031
1727203087461
1765239681848
1797643473100
1162256515153
1339257052970
986789647960
1587734427601
1744844872547
1336539459838
1228821687368
1846673393438
1843282701040
862191595338
1509843589179
892051241498
1519498075216
1697171823395
1183168046261
1778033982447
1467000059889
1860359097653
1572910285669
1982730772530
1601051418184
1592013024081
1712057619704
1580180650548
1582354173033
1014064507145
1536924129748
1669989080083
1588878181989
1807129891076
1528895334336
1676370486256
1835970779296
1770752644247
1601106853331
1853998542073
1734046198404
1531017906523
1644986704325
878325110168
1208789135649
1593505232754
1633258528354
1573398879169
898335470089
1516459190665
1489637343443
1450382044404
1611484412577
1579922822728
1734494387194
1579778436721
1445656195570
1591173952643
1332970960273
1508085707514
1567896698623
1615237916448
1764686957637
1685020558792
1701810273460
857718728801
945547803561
927731045718
1702878237693
1760325920047
845779361026
1632591679839
1761939705928
1478934850748
1950034157321
990319896517
1476614747614
1739441478235
1331348215613
941513108979
1649787244412
1528316015482
1515012124488
1073253607682
1599719561911
1189017456524
1798877437177
1427495396032
1675413536184
912148185654
1626849768301
1631649383855
1731819563169
1507216815208
1527239873047
983135532741
985736971593
1768030183778
1893377214165
1186339593822
1519320100078
1287460599743
1390203864897
1429299733950
1788573577292
1740784903270
1586866824319
1778413195137
1576380327496
971013918051
1184663733938
1955840028795
1600222920858
1326300146002
1599719561911
1885175388944
1308853779638
1539227318683
1109061140868
866833056928
1748733175983
1449265613563
1198160242578
2433286917877
1291274171933
1514954261725
1341115558851
1515283433699
1877523940019
1544722371020
1545774276895
1848299697971
1834509417353
1911391769154
790862675224
1370245622724
1721996530161
1260251452051
897895665130
2119367726890
1326211745192
941946504970
1528895334336
925581331598
977447387362
908172310845
863722179865
1126326170881
1055866663151
1611484412577
1642239274327
1867988073095
1073242373454
1731819563169
1102470872172
1639854493772
1761999000403
1768030183778
2019588034146
1928954132752
1761999000403
1179015055217
1104834304379
1915756017333
946756740741
941946504970
1585470674516
1578291574655
1786767530235
1076430065680
991442453134
1780141755971
1833899094066
2254948465899
1848483099423
1619121508360
990455728549
1731994233630
1708106151130
1495470058375
1731994233630
1327957114394
1452176495197
1720905520941
1731819563169
1712057619704
869471571078
1939803209768
1455189167748
2119367726890
1558833353734
1254173936342
1039151207220
1893950702558
1461040245822
1776904872171
868128425331
1558833353734
1908589079852
862191595338
1503579274687
912117454089
1251696786232
1550619068627
1553746870864
1729858823935
1888264016974
1806531205797
960426084236
1634905134911
1294056745923
1582409030664
1602342272700
1308791763663
982232151494
1146814564563
1602954836689
1736372415821
1729373128870
1729373128870
1834509417353
1614952533365
1729125075502
2372867351922
1980911331610
1558833353734
1482695994469
1579482125988
1038584805058
1499011606583
1544765274813
1860359097653
1020744213870
1429299733950
1463560302894
1340640388488
1577095842115
977447387362
1739441478235
1163639907321
898886393421
1437225310292
1465694828216
1468990069601
952513839881
1202603049971
1758394327923
1700434663126
1206620508578
1608550835794
1698648301824
1699549548426
1489178138482
1894118136743
1076491158033
1147668918938
1714446277472
2788111446820
1552819059776
1789117139272
982232151494
1535360772013
1721061954802
1609496619631
1554778611219
1870965722806
1496941193476
1928353972355
860813618083
1649787244412
1442052896688
879719188403
1608028552432
862191595338
1788601481759
939596306437
1780361892300
925581331598
1154397425682
963357226668
1232571055527
1860359097653
1749706320547
903821355076
1374652701319
1000676368822
1467321082980
1980218816759
1758394327923
1830423567203
1677349127419
989808189212
1416205197619
3066407189918
1721061954802
1531017906523
1568951683624
1529710607599
891810409605
1639854493772
2651390673604
1456272641158
999112086634
1564398049385
1621628576646
1579778436721
1193338565393
1588878181989
876507112712
1529710607599
1736004663902
1449265613563
1677349127419
1573398879169
1448556172052
1488244702319
1689329468987
1521788828869
1763818112259
1622197236830
988881099215
1911391769154
1455710968202
3208804319584
1607217677179
1613413471638
1032224634237
1665567851211
1351532018338
1591173952643
870662433170
893630248992
964654348772
2012087742666
1453820098467
1876474106142
1570647623130
1815522778219
1776904872171
1723387438572
1848299697971
877040104807
1613413471638
1947301699585
949405956507
1788942646414
1026157559236
1527864344525
1789848282959
1789117139272
971013918051
1698648301824
1740527617804
1839009979182
1662757570182
1391513580363
1343135218904
1893377214165
1256835214681
1609654093023
1598620266676
1600126198943
1587734427601
1579482125988
1528895334336
2018605479092
977045495907
3169869509494
1597629648811
1184322965909
1904857378334
947150780197
1580180650548
1076491158033
1844326859794
962792517782
1475908377142
1680570130147
1881751704377
1555022483195
2185967803809
1259967616594
1611374679801
1706327071146
1571251151031
1189490392873
1593505232754
1827049264373
1744844872547
1925688139062
1363233789749
1597626082760
1102470872172
1508920457653
1519320100078
1692743550071
1619875778458
1516459190665
1340640388488
1788942646414
1904857378334
1550619068627
1831542110616
1761460595746
1700678939003
1483413865834
1700678939003
1577800158301
1741080898943
1761939705928
1778033982447
880979341611
1876577551843
1488244702319
1327957114394
1579175902289
888546775412
1611141552056
1297109537321
1492622871025
1569010247469
1737237453154
1308791763663
905392331065
1415296273299
1511435343586
845779361026
1351532018338
1310282250123
1580180650548
1945534845402
1515283433699
1956847285225
1596465793489
1568951683624
1615237916448
891118667384
1048538445955
1569784942004
1902778944560
1526237183936
1731819563169
1590395480222
1260251452051
1803977566229
1690653042181
1073872365377
1555022483195
1614315477248
1543234931240
1912912329281
1492622871025
1639854493772
880979341611
1346818363552
1611374679801
897895665130
1949972239873
1529710607599
1073872365377
1480267549997
1612249469974
2433286917877
1391513580363
1220292800406
1411042751337
1632018658460
1450382044404
1032224634237
1528729723432
1631639487726
1537356596394
1860359097653
1621006120200
1553165039621
1449265613563
1763182144566
1485019927452
1229510687214
1556713731464
867623187973
1506671175327
1568907132568
1696591219004
1530767257604
1514954261725
1480267549997
977966372802
998802796960
1832417710309
1463999158730
1163176616242
1403421039297
862411307846
1572814951668
1706234370722
1741080898943
1453820098467
1600126198943
1533143686413
1055866663151
1585371195224
1346818363552
1709030906275
1391513580363
1680934291090
1499014278038
973934142764
1803977566229
1715956954204
1162256515153
1579922822728
1984330003665
1768030183778
1600126198943
1967175406063
1427495396032
1635048369138
1844326859794
855019029143
1761832840406
3232400418267
1595792056760
1846673393438
1612249469974
1734046198404
1598620266676
1297853327705
1271139480373
912498152422
1597259131338
880077609917
958696787668
2106869011123
1714446277472
1962140893427
1232571055527
1609355860784
1601051418184
1557901462833
1898424682642
1531778731506
1634905134911
1886861881311
2017667900841
1494123964584
877040104807
1625250126538
1619396246412
1521274948720
1849604829453
1597223792002
1568347001082
1486451906842
1497885395630
1528055541912
1586877157200
1557901462833
1340640388488
1712314284124
1614315477248
1834509417353
845779361026
1726126218925
1476614747614
1616801562322
1590395480222
1463999158730
1076430065680
1164331606849
1928353972355
983135532741
1499410029350
1456272641158
1220353166250
1370245622724
1588270544511
1621628576646
1162580699473
1750485681440
1940599836862
1319575359624
1579723300922
1780141755971
1723387438572
1437225310292
1608028552432
1577800158301
1691910711370
1011558362037
1608028552432
920770294718
2007802818500
1478640839567
1505260547370
904028956704
1550939883861
973934142764
1748733175983
1553662645239
1220353166250
1720905520941
1553746870864
903144149180
1525153143900
1794090935151
1497814626075
894554092693
1339880047871
1576285605510
1527165452301
1585470674516
1160192564027
1510481033332
1559379792426
1501981619778
1249059561187
1816860681295
1544457982193
1902778944560
1154397425682
1617816207760
862411307846
904028956704
1571251151031
1490616892618
1848966591204
1110232082195
1275804909947
1573398879169
1530327406941
1033131296640
1176495510831
1556713731464
1526008330785
1720630320135
1326300146002
1184322965909
880077609917
3102250092137
1685020558792
1925688139062
929307383811
1259098599423
1518518437043
1939803209768
1654078862492
1789382350614
1597229200452
1463560302894
924107334095
1475908377142
1778413195137
1831065750498
1770752644247
1819762137101
1980911331610
1506331783237
1730725544244
1220292800406
1736806362156
1287460599743
888546775412
1892447350871
1540283604971
905392331065
1456272641158
3066407189918
1449792981223
1550619068627
1573398879169
1689329468987
1524896148506
1846673393438
1660720950872
860813618083
1510268639304
985736971593
879341186383
1824341072132
935213379489
1515966032653
1621628576646
876718265426
1190831734557
1327957114394
1021735411714
1390203864897
1419239300366
1761832840406
1824341072132
1591173952643
1149234705817
1585371195224
1275804909947
1706327071146
1594991677301
1249059561187
1745608273860
1956847285225
1614315477248
1547649769543
1770738195187
1978095076896
1163736606577
1746163105698
1932111802012
958696787668
983812774441
1775472641428
1764686957637
1184663733938
1828785812897
1154397425682
1498229167127
1871804253104
1651295544831
1605749154749
1253354149230
1840097720653
1602954836689
1901257173609
849351108868
1498304349340
2012087742666
1336329508003
1073242373454
873511672259
1642239274327
1665567851211
1044947546192
1445656195570
1915756017333
1634905134911
1908589079852
1540283604971
889475357884
1477653935531
1035936774002
977966372802
1898084738640
962792517782
1654081371219
1867978489101
1607217677179
1720905520941
1104834304379
1605390935823
1949972239873
1541769153607
1523400995183
1190831734557
1498513383343
964654348772
1545774276895
1526008330785
1668053782219
1537751595415
1754296542115
912148185654
1190831734557
1149234705817
1176495510831
1475232146497
1816810618148
952513839881
1363233789749
1490616892618
1319348527128
1789848282959
1212501073137
1911550840840
1632018658460
1498513383343
1819762137101
1572685122190
1594077555712
1664612289757
1851662640141
1217664595594
912117454089
1887855482487
1744757050905
1797932686238
933013061402
913899098810
1525756690198
1458951107704
1309027907075
971013918051
1912912329281
1485019927452
1463999158730
1190831734557
1673056204816
1441574603746
1176495510831
900283499218
876507112712
1530327406941
879341186383
1569010247469
1613190445028
1584762291449
1972173853399
1776151295803
1949972239873
1810623609565
1893377214165
1229510687214
1599719561911
1596465793489
2651390673604
882589958338
1232571055527
1661868321017
1319575359624
1453905382875
1547333914700
1527165452301
1932361649361
1544457982193
1655720270307
989808189212
1796503907740
1636926011865
1437225310292
1793100780987
1637283977793
1528729723432
882589958338
1763641523525
1740784903270
1143750313858
1580180650548
855019029143
1545774276895
1568347001082
1189490392873
1797643473100
1802094315836
1980218816759
1498513383343
1506671175327
1724313089548
1525153143900
986240031869
1104275921082
1339880047871
1331120265081
882589958338
1721061954802
1970166997900
1586866824319
1721832839172
873511672259
1525153143900
1539227318683
1253227190414
1871804253104
920664973900
1475898810408
916235843246
960426084236
1831542110616
1065540100129
1734494387194
1582953415652
1771294565483
1707153112952
1823605152674
1840370389402
1796503907740
920664973900
1351532018338
1597229200452
1597229200452
1900388053917
1614262632316
1475908377142
1597629648811
1220292800406
1310282250123
1293527364475
1588901816304
1839009979182
1500752842680
1545774276895
1228821687368
1835163233865
1900388053917
1486492361485
1339257052970
1109061140868
1980911331610
1642497380943
892051241498
1088724483560
1780361892300
1887855482487
2788111446820
1189017456524
1489178138482
1102470872172
1957734249986
988881099215
1284677782104
1819762137101
1793100780987
1578919464964
1413685320147
1422435632614
1668163583143
1700434663126
892915232071
1794933253799
1512657134861
1635048369138
989808189212
1873294796076
1699549548426
1550939883861
1648830123812
1849315536792
1540283604971
1685102730697
1648830123812
1733445544967
1499014278038
1411042751337
1208789135649
1044947546192
1374652701319
1745556787587
1967175406063
897895665130
1587734427601
1567662691926
1593505232754
1581585670735
1104903807392
882589958338
1766991898555
1448151345873
1133673009403
1720630320135
1449265613563
1787202233757
1806531205797
1824933145311
1704230576814
1494597063568
1519299108669
2113487812096
1104275921082
1594991677301
1104903807392
1582953415652
1251696786232
960426084236
891118667384
1596465793489
2018605479092
1494597063568
1494123964584
1622197236830
1736804800506
1549778261959
892051773462
1508920457653
1531784195930
1499014278038
1532457191978
906627707565
1886861881311
1763641523525
973934142764
1568951683624
1416205197619
3208804319584
1748733175983
1644571800984
944514916717
1490616892618
1293527364475
1533016813592
1803560007894
2254948465899
1395810050410
1775284562748
1413685320147
1527239873047
1284677782104
1898424682642
869228136875
1001133615557
855019029143
1570721672035
1463560302894
1827049264373
1754296542115
1760325920047
1584762291449
1911391769154
1878216740990
1251696786232
1297109537321
944577740021
1506331783237
1413700888316
1339539812504
1055866663151
1417376885974
1535360772013
1473268174339
1700678939003
1810623609565
1569784942004
866833056928
1940523619653
853923966560
1593505232754
1143005539819
1518849118315
1555022483195
1146814564563
1708162544263
1700434663126
1792483739777
1451683911355
945328700876
1876577551843
1503997864644
1642822892401
1871804253104
1602799318239
1882294071559
1533016813592
1789382350614
1532689492858
1532689492858
1805604936861
1654078862492
1537751595415
1393495344531
1882294071559
1499014278038
1803560007894
1478640839567
1284677782104
1635048369138
1926575417191
1498729920926
1014064507145
1626849768301
1775472641428
1611270709893
1521788828869
900283499218
1760325920047
2106869011123
1848299697971
1706181858239
1651295544831
1729373128870
1032224634237
1829588820634
1935898767342
1297853327705
1939803209768
1679792361874
1701810273460
1496941193476
1526237183936
2097358331818
903821355076
1702635639640
1495470058375
1497814626075
1960783263034
1611833402547
1529939841161
1162256515153
1559379792426
1260251452051
867309314268
1950034157321
1679792361874
1703259741451
1745786482990
1849377798485
1704230576814
922086323160
1574324397825
1746163105698
1501583317159
1521274948720
879341186383
1893950702558
1326300146002
891810409605
1498688372288
1391513580363
1873461744144
1824933145311
1708106151130
1611833402547
1649909529559
1846594550563
1186454588293
1829762821298
2232975403507
1843282701040
1556901291830
892051773462
925415679116
1838632251649
1972173853399
1737237453154
903144149180
2394384572058
1297109537321
1785498320654
1450382044404
1726126218925
1544765274813
1823957870496
999149139454
1679775339793
1254173936342
1675413536184
1904857378334
1275164413451
1692743550071
1611840964034
1453820098467
1838647447261
978682845777
1702635639640
1557901462833
1311776357790
1712314284124
1847727437914
1815137021480
1937535707675
1984330003665
1957734249986
1824933145311
1576285605510
1551446360431
1566378151182
2007802818500
1887790861064
1510102110163
1253354149230
1836486108193
891810409605
1149234705817
1579289476788
995881005178
1319348527128
1741080898943
1308791763663
1605390935823
1110232082195
1602954836689
974937822591
1629447204026
1482569414534
1676584714744
988881099215
1437225310292
1685102730697
1928954132752
2651390673604
1511435343586
1437225310292
1271139480373
963357226668
1702878237693
990067388253
1736022242121
1370245622724
1590470426495
1555474739567
1807129891076
1309027907075
974937822591
1720630320135
986789647960
865998876751
1831252042339
1163639907321
1527165452301
1509843589179
1614262632316
1727979873487
1697171823395
960426084236
1621006120200
977966372802
1253354149230
1308853779638
1478934850748
999149139454
1727979873487
1789848282959
1135145068827
1902778944560
1721996530161
1666814078038
1190831734557
1493042259006
1476614747614
1703899429354
1309027907075
990067388253
1503691360390
880077609917
1807293323642
3169869509494
1619396246412
1654078862492
1422435632614
1676584714744
1654078862492
1076430065680
1486451906842
1427495396032
2788111446820
1463999158730
1893721160472
1766991898555
1830423567203
1648830123812
1656460691193
1749706320547
1665567851211
1557138553027
1174148961673
1592962527432
1972173853399
1576285605510
1310282250123
1953473481931
1208291844110
1829762821298
1619875778458
1540276610706
1860359097653
1611270709893
1055866663151
1562961332680
1660720950872
1275804909947
2232975403507
1842069120413
1578291574655
952513839881
1557138553027
1473268174339
892975933900
1842069120413
1104903807392
942266915785
1894118136743
1896645826410
1794500357993
1611270709893
1597393439208
1731457486134
1816810618148
1184322965909
930239397315
1473268174339
1763641523525
1528895334336
1980911331610
998802796960
1642239274327
1111705746279
1886041105147
1268547751775
1372807515437
1370245622724
1786767530235
1026157559236
1464464565255
1326300146002
1135145068827
1614952533365
1529939841161
1881751704377
1579175902289
1807293323642
1644571800984
1887855482487
1572685122190
1848297700843
1937535707675
944577740021
945445055270
1627848604118
1739441478235
1633732078240
1369868024370
860813618083
1498688372288
1867988073095
1638409286433
1523053989833
1889362631739
1498987163974
1707153112952
1382299625835
945547803561
1709030906275
1105207263459
1789848282959
3165655278381
1849377798485
891118667384
1795514682407
1551446360431
1622197236830
916235843246
879341186383
1463575319847
877040104807
1735603278009
1739441478235
1600449888602
1792483739777
1510509262173
1176495510831
1665567851211
2119367726890
941946504970
3468732184277
1244436627240
1498695515129
1369868024370
1163639907321
1669700315877
1506671175327
1876577551843
1940523619653
1519498075216
1633732078240
1825017971219
1726126218925
1732908824653
845779361026
1602954836689
922086323160
1340640388488
1490616892618
1160970791131
894554092693
1592962527432
872634485600
1843282701040
1361125736509
1621628576646
1530521344481
1284677782104
1251696786232
1472812486229
1833899094066
1448556172052
1545030600817
1428228219357
859007939078
1615237916448
1421722164109
1795514682407
1670744481567
1268547751775
1611270709893
982232151494
1708106151130
1088724483560
1960783263034
1596308493651
1557686708282
1212501073137
1836486108193
975502981579
849559821922
1754296542115
1873829443216
891810409605
1536924129748
845779361026
1557686708282
907722578832
1685020558792
1887790861064
1749706320547
1744844872547
1727979873487
1695563637842
2110743955759
1145757541574
1662165180133
1962140893427
1702421183844
1866486550272
1873461744144
1309027907075
935573135370
1597629648811
1557901462833
1729373128870
1609355860784
1852135319943
1256835214681
1189017456524
1823605152674
1569010247469
990319896517
1311776357790
1073253607682
1579175902289
1628012830562
1499011606583
1873527707918
1957734249986
845779361026
1576380327496
1876577551843
1838647447261
1721061954802
1678634990197
859007939078
1455189167748
1531778731506
1622947889867
1608028552432
1730355660520
1972173853399
942266915785
1482569414534
1540930129086
1572787213375
951506561531
1662173860891
1876577551843
1417376885974
1662757570182
1849315536792
867623187973
1422435632614
1723451754317
1163736606577
1143299365506
1614262632316
1826741014209
1578919464964
1026157559236
946756740741
1512657134861
3232400418267
1902641540914
1149234705817
2007802818500
1550939883861
1892192569750
1566378151182
1763818112259
1729858823935
1627848604118
1503691360390
1551866333318
908172310845
1761557094722
1162086454387
1370245622724
1515012124488
1831065750498
1593902916964
1949972239873
1256835214681
1827049264373
1745556787587
1887855482487
1776904872171
1848299697971
917487209751
1154397425682
1540930129086
1613190445028
1523400995183
1611833402547
1869967290076
1794933253799
1723387438572
1145757541574
1508085707514
845779361026
923604271849
1516523372423
1449265613563
1842069120413
1754734048230
897895665130
1935898767342
977966372802
1559379792426
1501583317159
995870247602
1100030674354
1531778731506
895592190695
3468732184277
1038584805058
1745608273860
1509843589179
1765239681848
872634485600
1434508036185
1724313089548
1498304349340
878325110168
1073242373454
1869967290076
1230940845536
856881507103
2788111446820
867623187973
1940523619653
1143750313858
1603178906429
1541389270609
1708162544263
1467321082980
1570721672035
1873294796076
1539136696809
945547803561
912117454089
880979341611
917487209751
873901439516
1703899429354
1220041774854
1695563637842
1531778731506
1165994273073
1464464565255
1892447350871
1242238203115
1892192569750
1467321082980
1515283433699
974937822591
1393495344531
1419239300366
1104834304379
1614262632316
1674730735738
1531017906523
1895145304983
1582354173033
1322430047200
1706327071146
2225847506870
865002529075
1467321082980
2108513747137
868130386364
1489178138482
973934142764
1271139480373
1745556787587
1088724483560
1163176616242
1552459458646
1685020558792
1105207263459
1873829443216
1060863089024
891810409605
1527239873047
1573256842162
892975933900
882589958338
880077609917
1735603278009
1495470058375
1556713731464
1532457191978
1163736606577
985736971593
1715956954204
1803560007894
1950034157321
1733119445786
1496941193476
1541769153607
1339257052970
1055094360702
1764686957637
855019029143
1176495510831
1530521344481
1557138553027
919769689721
1524792471362
1531017906523
905392331065
1820411752915
1729125075502
1848483099423
941513108979
1503579274687
856881507103
1607217677179
1448556172052
1664612289757
1655720270307
1208789135649
1516459190665
1789628392753
941946504970
1803878099960
964654348772
906627707565
1882502581122
1275804909947
1823605152674
1892447350871
1670875538612
967511555958
1962140893427
1495470058375
3468732184277
1110232082195
1528316015482
1798877437177
1771294565483
1829762821298
1807129891076
1509881206469
1859647543406
1552819059776
1851662640141
1530521344481
1902641540914
1836486108193
1901257173609
1572814951668
904596342821
1510268639304
1721061954802
949405956507
1026157559236
1770738195187
903821355076
1468990069601
849559821922
1915756017333
1554555971642
1849758985024
1538808546456
1761832840406
1510509262173
1802094315836
1636926011865
1846673393438
1708106151130
1873527707918
1511435343586
2017667900841
1629861352556
1445656195570
1470420924826
976084244048
1886041105147
1297109537321
877040104807
889475357884
1382299625835
1331120265081
1143005539819
1779953917606
898335470089
888546775412
1528055541912
1795514682407
920664973900
985244190446
1709448133508
1882294071559
1668163583143
832402200166
1524896148506
863722179865
1816810618148
977447387362
1451683911355
873901439516
1627818347211
1824435820119
975502981579
1615750417397
1524792471362
1529246644668
1674730735738
1662173860891
868128425331
1505260547370
1524792471362
1664612289757
888046324766
1666814078038
1699432336988
1736022242121
1656460691193
1340640388488
1428228219357
1597229200452
1520941686198
1515283433699
1259967616594
1579072711721
975502981579
1579922822728
1611833402547
1541389270609
934141099222
1617816207760
1521274948720
1464464565255
1787202233757
1008850772523
885010433089
1723451754317
1184663733938
1736806362156
1552819059776
1550939883861
1727928609219
1499410029350
913899098810
1434508036185
2015929908035
1189017456524
1906672739119
1566378151182
1501583317159
1485019927452
1670744481567
1275164413451
2108513747137
1969284785641
1750793041953
1438546707636
1508085707514
881913579410
1530521344481
1020744213870
1805604936861
1797643473100
963357226668
2651390673604
1143750313858
1622197236830
1734064179095
1607217677179
1160192564027
1502635633546
1597259131338
1503997864644
1698648301824
1915756017333
1463560302894
1873829443216
948874756891
1331348215613
951506561531
1073872365377
1339539812504
1537751595415
1223757569071
1802094315836
1536483564200
1622947889867
1190029984211
1189490392873
1126326170881
1579289476788
1846673393438
1033131296640
944514916717
1916785717919
1668053782219
1039151207220
930239397315
1848611742629
945445055270
1648830123812
1531017906523
1553165039621
1619396246412
1950034157321
1499014278038
1612249469974
1601051418184
1580539763540
1696591219004
1802094315836
881913579410
1458951107704
1162086454387
1680934291090
1794500357993
1501900996683
868130386364
1836486108193
876507112712
895592190695
1468990069601
1576285605510
1391513580363
1593860799997
1873829443216
1882502581122
1359183513365
1579723300922
1765239681848
1805604936861
2225847506870
1044947546192
1340640388488
1035936774002
1962140893427
1723451754317
1556901291830
1597259131338
1692419096441
1391513580363
1605390935823
1956847285225
1787202233757
1603178906429
1729125075502
1593902916964
1585139552415
986240031869
1720905520941
2015929908035
1420537960554
947150780197
1343135218904
872634485600
1614262632316
862191595338
1592013024081
1826741014209
2254948465899
2394384572058
863722179865
879719188403
1794637612382
1911391769154
1692419096441
1690653042181
880979341611
908172310845
1497885395630
1531638488838
1831065750498
1568907132568
1912912329281
1514954261725
988881099215
1528055541912
1538808546456
1732138158717
1926575417191
1761557094722
1712057619704
903144149180
1163176616242
1597259131338
2017667900841
1579072711721
1585212962011
1000676368822
1611833402547
2232975403507
1597393439208
1680934291090
832402200166
1882502581122
1940523619653
1545774276895
1510268639304
1592013024081
1048538445955
1339539812504
1807293323642
1763818112259
1553662645239
1600222920858
894554092693
1972173853399
1545030600817
1703899429354
1807129891076
1892447350871
900283499218
920770294718
1729858823935
1533016813592
1184322965909
1455710968202
1232571055527
872634485600
1382299625835
2008018967860
1797932686238
1668053782219
1873294796076
1807293323642
1146814564563
1732908824653
1528895334336
1969284785641
1359183513365
1831252042339
1549807223094
1581081883759
1797932686238
1655720270307
1593860799997
1571848882558
1754296542115
881913579410
948874756891
1420537960554
1259967616594
1529710607599
1498729920926
1572814951668
903144149180
1619121508360
1736804800506
1849604829453
1831542110616
856881507103
1788601481759
1519299108669
1790811925693
1788942646414
849351108868
1957734249986
1848483099423
1734046198404
1625250126538
2110743955759
1731994233630
1835163233865
1803878099960
1576285605510
970991131652
1740784903270
1524896148506
1664612289757
1622947889867
1578919464964
860813618083
1621006120200
1734064179095
1060863089024
1709030906275
1886041105147
1497670765243
945445055270
879136846050
1766991898555
1498987163974
1624114372887
892051241498
1561785678816
1870965722806
1361125736509
1595586327493
1846594550563
1271139480373
1543234931240
1902641540914
1597092595805
1609496619631
1753029617894
1611270709893
1901257173609
1555022483195
1477653935531
1505260547370
1528895334336
1470420924826
999112086634
912498152422
1311776357790
903821355076
870662433170
1709448133508
2009232649710
849559821922
1709448133508
1559342459737
1540276610706
1701874962034
1706234370722
1982730772530
1729373128870
907722578832
1840370389402
1532457191978
1878216740990
1911550840840
1805604936861
1699549548426
1348785735894
1662374487690
1692161347626
1555474739567
986789647960
1670744481567
1497670765243
947150780197
1651295544831
930239397315
1848297700843
1540283604971
1851662640141
1516459190665
1644986704325
1745608273860
1632591679839
2627896194433
1560452320100
1633732078240
1706181858239
3102250092137
1498729920926
1701874962034
1839812391811
1869967290076
2433286917877
1970166997900
1000676368822
1533593389057
969473145176
1849315536792
1162256515153
1584762291449
1146814564563
1579289476788
1690653042181
2788111446820
1626388478799
1527165452301
1048538445955
1591733499975
1654081371219
1528729723432
1763818112259
888046324766
1787202233757
1562370367856
1926575417191
1572910285669
1600449888602
1259098599423
1484538640381
1570647623130
1160192564027
1662165180133
1675413536184
1567896698623
1600449888602
1527317847069
1632591679839
1294056745923
1894118136743
1699549548426
3285748436318
920719741796
1539136696809
2108513747137
1624114372887
1495470058375
1416205197619
1531784195930
1165994273073
1550260409755
1564398049385
1887790861064
1834509417353
1553662645239
1541769153607
1669989080083
1836486108193
1453905382875
1802094315836
1848368805893
1104903807392
1776151295803
1748733175983
946756740741
1552819059776
1736022242121
1596465793489
1544722371020
1427495396032
1615750417397
1579723300922
1530767257604
868108794167
1629861352556
888546775412
1982730772530
1642822892401
832402200166
1467000059889
1529939841161
985244190446
1493634809254
1649787244412
1287460599743
1336539459838
1232571055527
1829762821298
1497814626075
869471571078
1533143686413
1150357327401
1748733175983
1882502581122
1700678939003
891118667384
1343135218904
1662165180133
1714446277472
1528316015482
1541769153607
1636926011865
1656122388491
1411042751337
1434508036185
1494123964584
1531778731506
1557686708282
1143005539819
1588878181989
1750793041953
1572910285669
1100154481570
1581243270224
1708106151130
1523400995183
1605749154749
1706234370722
1442052896688
1331348215613
1547649769543
1712057619704
1692743550071
1727104751358
1421722164109
1836486108193
1848966591204
1649787244412
1579922822728
1887855482487
1100030674354
1706327071146
1896645826410
1627818347211
1509001243482
1829762821298
1876474106142
898335470089
3165655278381
1105207263459
888046324766
1674730735738
1591173952643
1486451906842
1014064507145
1553165039621
1721996530161
1256835214681
1798877437177
1308791763663
1736022242121
1621006120200
1208291844110
1668163583143
1535360772013
1519614585987
1775472641428
1798877437177
948874756891
1499011606583
1413685320147
1455736693366
1501583317159
1593902916964
1825017971219
1685020558792
962792517782
979410142529
1571848882558
1390203864897
1848611742629
1873527707918
1510102110163
1597626082760
1803560007894
1540276610706
912148185654
2013546864186
1480267549997
1164331606849
1554778611219
876718265426
1477653935531
879136846050
1740527617804
1621006120200
1162580699473
1590802700071
1848368805893
1309027907075
1639854493772
1251696786232
790862675224
1585212962011
969473145176
1698648301824
1555474739567
999112086634
1727203087461
1421722164109
1542517501357
1486492361485
1557686708282
1572787213375
1753029617894
1932111802012
1327957114394
849559821922
1692419096441
872634485600
1482569414534
1374652701319
1955840028795
2627896194433
995881005178
1957734249986
1501900996683
1497885395630
1750485681440
3169869509494
895592190695
1749706320547
1744757050905
1678634990197
853923966560
1794500357993
1607217677179
1698648301824
865998876751
1293527364475
879719188403
1044947546192
1790811925693
1649909529559
1145757541574
1458951107704
1499410029350
3232400418267
1701810273460
969473145176
1761832840406
1501981619778
995870247602
1104275921082
1510481033332
1498688372288
948874756891
1478640839567
990319896517
1497814626075
988881099215
1830451295607
1533143686413
935213379489
1588270544511
1586877157200
911964999709
1033793872705
1416205197619
1648830123812
1297853327705
1727104751358
1964548061621
1731457486134
1615750417397
1929847826293
1527239873047
1475898810408
1297853327705
1553662645239
1591173952643
1259098599423
1395810050410
1547649769543
1526008330785
1478640839567
872634485600
1679775339793
1655720270307
1731819563169
1844326859794
944577740021
912498152422
1105207263459
1912895231553
1133673009403
2372867351922
908172310845
1527165452301
963357226668
865998876751
1792483739777
1876577551843
1110232082195
1291274171933
1895145304983
1870589622486
1259098599423
1925688139062
1251696786232
1253227190414
1524896148506
1284677782104
1726126218925
990319896517
1761460595746
1160192564027
1676370486256
1595792056760
1754734048230
1585470674516
1702878237693
859007939078
853923966560
1014064507145
1601106853331
1553165039621
1531638488838
1818946363025
1593273593891
1898084738640
897895665130
1704230576814
1467000059889
3208804319584
920719741796
976084244048
1678634990197
1593860799997
1516411874071
1763641523525
1597629648811
1174148961673
979410142529
1602342272700
1686192311609
1206620508578
1731457486134
939596306437
1413700888316
991442453134
1607217677179
1596465793489
1696591219004
1253354149230
1695844209711
1597223792002
1489178138482
912117454089
1761999000403
1656460691193
1505260547370
1449265613563
832402200166
1110232082195
1596308493651
1568347001082
1542862539166
1594077555712
1497814626075
1478934850748
1563802152112
1795514682407
1642497380943
1790811925693
1595792056760
1503579274687
1530767257604
873511672259
1535360772013
1582409030664
1562370367856
1761557094722
1488244702319
1947301699585
1468990069601
1326211745192
1873461744144
1677349127419
1696591219004
1567896698623
916235843246
1617816207760
1906672739119
1615750417397
1848611742629
1904857378334
1886861881311
1878216740990
1492622871025
907722578832
1230420339258
1669989080083
1591733499975
1839671780489
948874756891
1499011606583
1867988073095
1714446277472
1859647543406
975502981579
1873461744144
1611484412577
1727104751358
1588878181989
1876474106142
1611840964034
1740527617804
1545030600817
1230940845536
1829421938933
1870965722806
1721996530161
1440763273063
1637283977793
870662433170
1612249469974
1839009979182
1480267549997
1573398879169
1309027907075
3165655278381
1877523940019
1518518437043
870513714973
1503691360390
1912895231553
1789848282959
1174148961673
1797643473100
1661868321017
1393495344531
1676370486256
1690653042181
1591173952643
1540930129086
1609654093023
1509843589179
1502635633546
1395810050410
958313638869
1579968723596
1642497380943
1559379792426
1840097720653
1590802700071
912117454089
1940523619653
1677349127419
790862675224
1110232082195
1709448133508
878325110168
1706327071146
1573256842162
1849377798485
1878216740990
1770738195187
1798877437177
1662173860891
1588878181989
1544457982193
1590802700071
1560452320100
1702878237693
1574478084070
1021735411714
1737237453154
3232400418267
1732138158717
1702635639640
1615750417397
1700678939003
1482569414534
1680570130147
867623187973
1582953415652
894554092693
1932111802012
1929847826293
1597092595805
1838632251649
1463560302894
1372807515437
1832465345676
1631649383855
1848297700843
1697171823395
1533016813592
1736804800506
1916785717919
1673056204816
1331120265081
1706181858239
1827049264373
1452176495197
1179015055217
1133673009403
1876474106142
1035936774002
2106869011123
1483413865834
977447387362
1696591219004
1521274948720
878325110168
1529710607599
1593505232754
1253227190414
1691910711370
1590395480222
1744844872547
1183168046261
1695844209711
1636926011865
1980911331610
1666814078038
1436032073210
862411307846
1498304349340
1584762291449
1559342459737
1542517501357
1835970779296
1501900996683
1662173860891
1143299365506
1761939705928
1453820098467
1514124167233
878325110168
879136846050
1208789135649
1750793041953
1893377214165
1780141755971
1502635633546
1962140893427
1048538445955
1893950702558
1552459458646
1669989080083
1969284785641
1448556172052
1475232146497
1932361649361
1521042640133
1186454588293
1143750313858
966954092272
919769689721
1736022242121
1561785678816
880979341611
1703259741451
1735603278009
1549807223094
995870247602
1876474106142
1614952533365
1580512317849
891810409605
2627896194433
1557187588550
1230940845536
1816860681295
1764686957637
1570647623130
1310282250123
1860359097653
1494597063568
1319348527128
1616801562322
1729125075502
1617816207760
1579968723596
1220041774854
1867978489101
2008018967860
912498152422
1578948268597
1584762291449
1593273593891
983812774441
904765511775
1163736606577
849351108868
1601106853331
1206620508578
1104903807392
1955840028795
1100154481570
1189017456524
990455728549
1564277187284
1244436627240
1666814078038
1525153143900
1580512317849
912498152422
1588901816304
1501583317159
1184663733938
1488244702319
880979341611
1848611742629
2097358331818
872634485600
1712057619704
1585470674516
1829588820634
1382299625835
1699549548426
1823605152674
1888264016974
1567662691926
1843282701040
893630248992
1928353972355
1486451906842
1154397425682
1637283977793
1186454588293
866833056928
1206620508578
1835970779296
1960783263034
1626388478799
1104903807392
1760325920047
3102250092137
1820411752915
1745608273860
876507112712
1492622871025
856675256451
1581081883759
957150502094
933013061402
892915232071
1701810273460
1763182144566
1232571055527
983812774441
1556713731464
1336539459838
1893721160472
2019588034146
1830451295607
1498229167127
1855192964639
1343135218904
1950034157321
1519320100078
1912912329281
1527864344525
1873527707918
1695844209711
1626849768301
1322430047200
1339539812504
1649787244412
1613413471638
1146814564563
1291274171933
1251696786232
2225847506870
1597393439208
927731045718
1254173936342
1824341072132
1900388053917
1310282250123
1778413195137
1724313089548
873901439516
1866486550272
938987984082
1413685320147
1723451754317
1676370486256
1593902916964
1452932340636
898335470089
1508920457653
1597629648811
935573135370
1600126198943
1489178138482
865002529075
1531778731506
1470420924826
1892192569750
1823605152674
1750793041953
1561785678816
1442052896688
1501900996683
1463999158730
1716036382919
893630248992
1912895231553
1448151345873
1539136696809
1104834304379
1778033982447
1417376885974
912117454089
1449265613563
1761999000403
855019029143
1729373128870
3165655278381
966954092272
1839009979182
1597092595805
1689329468987
1220353166250
1887790861064
1898084738640
892975933900
1716036382919
1859647543406
1980911331610
1602342272700
1568347001082
1679792361874
1531638488838
1898084738640
1429299733950
1788942646414
1627818347211
1543234931240
1601051418184
1594968669756
1502635633546
1881751704377
1730725544244
985244190446
1980911331610
1502249315099
1339880047871
1595792056760
1311776357790
1256835214681
1761557094722
1962140893427
866833056928
1953473481931
880979341611
1816810618148
889475357884
1577800158301
1911391769154
1033131296640
879136846050
1544765274813
1593860799997
1823957870496
1656122388491
969473145176
1871804253104
1363233789749
2225847506870
876718265426
2119367726890
1686192311609
1545030600817
855019029143
1515966032653
1699432336988
1873294796076
1795514682407
900283499218
1463575319847
1020744213870
983812774441
1143750313858
944514916717
1574324397825
1539136696809
966954092272
1779953917606
867309314268
1530767257604
988881099215
904765511775
1111705746279
1736372415821
1736804800506
1183168046261
1960783263034
1579922822728
1885175388944
949405956507
1579175902289
1554778611219
1839671780489
979410142529
1779953917606
2008018967860
1605749154749
1417376885974
1498304349340
1202603049971
1249059561187
1336539459838
1143005539819
1642822892401
1707153112952
1832417710309
1552409274141
1711687716252
1849315536792
1780141755971
1839671780489
1839812391811
960426084236
856675256451
969810393620
1577800158301
1778033982447
1702421183844
945445055270
1331348215613
1823957870496
2015929908035
1716036382919
967511555958
990455728549
1736806362156
1550260409755
999112086634
1526237183936
1183662713530
1554778611219
1790944503554
1580539763540
952513839881
1825597831921
1557901462833
991442453134
1736004663902
1651295544831
1549778261959
1592013024081
1627848604118
1493634809254
1940599836862
978696087317
1253354149230
978224274264
946756740741
1699549548426
929307383811
1206620508578
1488244702319
1544765274813
1945534845402
1849758985024
1419239300366
1819762137101
1348785735894
1736372415821
1582953415652
1775284562748
1550619068627
1571848882558
1634905134911
1499011606583
1835970779296
1896087148883
1259098599423
1721061954802
1674730735738
991442453134
1395810050410
1436032073210
1733445544967
1797643473100
1839812391811
1609496619631
1343135218904
977045495907
1440763273063
2008018967860
1465694828216
1359183513365
3066407189918
1754296542115
3232400418267
1916785717919
1661868321017
945445055270
1498304349340
935794632929
1478640839567
982232151494
1638409286433
1745608273860
1898084738640
1223757569071
1183662713530
1576380327496
1768591622804
855019029143
1566378151182
1609355860784
1810623609565
1319348527128
1820411752915
1527317847069
1853998542073
1339880047871
1529246644668
977966372802
1594077555712
904596342821
1497670765243
1676584714744
1561785678816
853923966560
935573135370
1493042259006
2015929908035
1577095842115
1636926011865
982232151494
1869967290076
1955840028795
1888264016974
1859647543406
1849604829453
1363233789749
952513839881
1848708633318
1876474106142
1679792361874
1163176616242
1441574603746
881913579410
1452932340636
1597626082760
1503579274687
1563802152112
1611374679801
942266915785
983135532741
1445656195570
1939803209768
1611833402547
1183168046261
1950034157321
1076491158033
1531017906523
1021735411714
945328700876
907722578832
1947301699585
1525756690198
1372807515437
1651295544831
889475357884
1593860799997
1146814564563
1453820098467
1133673009403
919769689721
1253227190414
1557187588550
1033131296640
1870965722806
1308791763663
1554555971642
1275804909947
1557686708282
1902778944560
1597223792002
1644571800984
1545774276895
1579482125988
888546775412
983812774441
1557138553027
895592190695
1898424682642
1542517501357
963357226668
1463575319847
1662165180133
1644571800984
3102250092137
1668381771390
867623187973
1846594550563
920719741796
1396255628656
1516411874071
1873829443216
1921912241831
1208789135649
1730355660520
1509881206469
1308791763663
1595792056760
1926575417191
1580180650548
862411307846
1001133615557
1619875778458
1676370486256
1730355660520
1531784195930
904028956704
1543234931240
1835163233865
1490616892618
1807129891076
1830451295607
1154397425682
1055094360702
912498152422
1374652701319
1593860799997
1026157559236
1516523372423
1363233789749
879719188403
1486492361485
869228136875
867623187973
1543234931240
1506331783237
1737237453154
1475898810408
1929847826293
1654529644825
1544722371020
999149139454
983812774441
944514916717
1449792981223
1611141552056
1215615290367
1179012469787
1271139480373
975502981579
917487209751
1486451906842
1556901291830
904028956704
1750793041953
1602799318239
1311776357790
912498152422
1512657134861
1160192564027
1649909529559
1592962527432
1793100780987
974937822591
1461040245822
1803977566229
3232400418267
1198160242578
977966372802
1642497380943
982232151494
903821355076
1852135319943
1249059561187
1326300146002
1601106853331
1494123964584
1730355660520
1761557094722
1775284562748
1597626082760
1341115558851
1739441478235
1339257052970
1831252042339
1621628576646
1545030600817
1445656195570
2017667900841
1820781124494
1492622871025
1526237183936
1579072711721
1555474739567
1622197236830
1838632251649
1679775339793
1744757050905
1561785678816
1763182144566
1516411874071
1578291574655
1126326170881
1866486550272
1348785735894
1830423567203
1727928609219
1803878099960
1720905520941
2017667900841
1359183513365
1876474106142
1118886930919
1629447204026
1516523372423
1673056204816
1831542110616
1536483564200
1461040245822
1761243344300
911964999709
849351108868
1102470872172
3066407189918
1458951107704
876507112712
1892447350871
1531017906523
1542862539166
1696591219004
1662757570182
1867978489101
1745556787587
1448556172052
1793100780987
2394384572058
1448151345873
1100030674354
1531784195930
1761832840406
1574478084070
1869967290076
1485019927452
1585212962011
1620886692452
855019029143
1486451906842
1643715587746
1758394327923
1978095076896
1229510687214
1830812124090
1611484412577
1562370367856
1572787213375
976084244048
1512657134861
1668163583143
1551866333318
1456272641158
1654078862492
1716036382919
1564398049385
1656460691193
1553662645239
1510268639304
1519320100078
1542517501357
949405956507
1165994273073
1100154481570
1516411874071
1554778611219
1351532018338
1692161347626
1720630320135
1744757050905
2185967803809
906627707565
1519320100078
1048538445955
1613413471638
1442052896688
1558833353734
1611141552056
1585371195224
1547333914700
1564384065749
1815137021480
1572814951668
1820781124494
1510481033332
1745556787587
1842069120413
863722179865
1571848882558
1851662640141
977045495907
1549807223094
2015929908035
1888264016974
1788601481759
1020744213870
929307383811
1033793872705
1135145068827
3169869509494
1615237916448
1745556787587
1677349127419
2015929908035
1519614585987
1666814078038
2097358331818
1275164413451
1557686708282
1700434663126
1937535707675
1076430065680
1044947546192
1186339593822
919769689721
925415679116
1008850772523
1597223792002
983135532741
1254173936342
3102250092137
934141099222
903144149180
1848708633318
1523053989833
1786767530235
1937535707675
876718265426
1524896148506
1925688139062
1848483099423
941513108979
1503691360390
1445656195570
1755282291897
880077609917
1370245622724
898886393421
1484538640381
1319575359624
1484538640381
1228821687368
2019588034146
1088724483560
1675413536184
1761460595746
1810623609565
1297853327705
1275164413451
1964548061621
1297109537321
1676370486256
971013918051
1465694828216
1483413865834
1894118136743
888046324766
2627896194433
1253354149230
1611840964034
1984330003665
1509881206469
1570647623130
1720630320135
1230940845536
1452932340636
1486492361485
1666814078038
1928353972355
1794500357993
999112086634
1886041105147
1449792981223
1830812124090
1902641540914
1792483739777
939596306437
1145757541574
1557901462833
1732138158717
1740527617804
1745786482990
1892447350871
1662374487690
1848297700843
1452176495197
1840097720653
1568907132568
1556901291830
1775284562748
1190029984211
2108513747137
1829421938933
1579482125988
1715956954204
1912895231553
1886861881311
1763641523525
1453820098467
1873527707918
2013546864186
1198160242578
3468732184277
1686192311609
1515012124488
1768258118434
1689329468987
1529939841161
999112086634
2113487812096
1639854493772
1886041105147
1484538640381
1631639487726
1893950702558
977447387362
951506561531
991442453134
1849377798485
1668381771390
1498987163974
1035936774002
1796503907740
1160970791131
1253354149230
873511672259
999149139454
1547333914700
1202603049971
2015929908035
1848483099423
1359183513365
1539136696809
1888264016974
1601106853331
1339880047871
925415679116
1902641540914
1633258528354
1818946363025
1467000059889
1750485681440
948874756891
935213379489
1501981619778
945445055270
1692161347626
1374652701319
1594077555712
903144149180
1823605152674
925581331598
1668381771390
1448556172052
1887855482487
1627818347211
1249059561187
1048538445955
1755282291897
1268547751775
1597626082760
1014064507145
1835163233865
1014512473360
1614315477248
2007802818500
1475232146497
1228821687368
1678634990197
1730355660520
895592190695
1294056745923
892051773462
1831252042339
911964999709
1112747539200
1011558362037
1572910285669
1527239873047
951506561531
1567896698623
1539227318683
1506331783237
1183662713530
985244190446
1633732078240
1557686708282
1499011606583
964654348772
1888264016974
935794632929
1544722371020
889475357884
1184322965909
1727203087461
1275804909947
1455189167748
1761243344300
1511435343586
1100030674354
1506331783237
944577740021
1547333914700
2009232649710
1591733499975
1893950702558
977045495907
903821355076
1416205197619
880077609917
1712314284124
1776151295803
1271139480373
1507216815208
1506331783237
1259098599423
1032224634237
2012087742666
1524896148506
1848966591204
1916785717919
1475908377142
856881507103
2372867351922
1867988073095
985736971593
1674730735738
868130386364
1853998542073
3285748436318
1467000059889
1824341072132
908172310845
2788111446820
1420537960554
1420537960554
1535360772013
1964548061621
1560452320100
1549807223094
1945534845402
1568951683624
1497885395630
1578919464964
1449265613563
1510509262173
2372867351922
1619396246412
1544765274813
867309314268
978682845777
1662374487690
1633258528354
1763818112259
1468304000078
1921912241831
1629447204026
1599719561911
1568907132568
1660720950872
1319348527128
1869967290076
1608550835794
1564384065749
1561785678816
1526008330785
938987984082
1510102110163
998802796960
1562961332680
868130386364
1189017456524
920770294718
1486492361485
1848483099423
1825017971219
945328700876
1761939705928
1824435820119
2119367726890
900283499218
1220353166250
1970166997900
1526237183936
1033793872705
1632591679839
1761939705928
1730725544244
1669700315877
1827049264373
1592962527432
1602799318239
1516523372423
957150502094
1609355860784
1437225310292
1498304349340
1505260547370
1186339593822
1482695994469
1972173853399
1467000059889
1578919464964
1573256842162
1611374679801
1893721160472
1632018658460
1580539763540
1679775339793
1721832839172
1574324397825
1906672739119
1189490392873
1702878237693
1594991677301
1557686708282
1685020558792
1577095842115
2110743955759
1877523940019
1579778436721
1867988073095
1523400995183
1559342459737
1761999000403
1668053782219
1600222920858
1656122388491
849559821922
1855192964639
1417376885974
1969284785641
1455710968202
1703899429354
1765239681848
1661868321017
1508085707514
1102470872172
1892192569750
1796503907740
1542862539166
1701874962034
1498695515129
1853998542073
2018605479092
1582354173033
891118667384
888546775412
1076491158033
1186339593822
1832417710309
1790811925693
1709030906275
1881751704377
1730355660520
1470420924826
1588270544511
866833056928
1311776357790
1825017971219
1631639487726
1478934850748
1482695994469
1206620508578
876507112712
870513714973
1662173860891
1003441518840
1336329508003
1291274171933
1758394327923
1855192964639
1761243344300
1555474739567
1143299365506
1748733175983
1873294796076
1564277187284
1656460691193
1937535707675
1287460599743
1734494387194
1503997864644
1403421039297
1521274948720
1692743550071
1552819059776
1507216815208
1576380327496
995881005178
1339257052970
1620886692452
1244436627240
1733119445786
1038584805058
1824341072132
1374652701319
1734064179095
1616038320911
1972173853399
1622197236830
991442453134
1525756690198
1145757541574
1670875538612
1712057619704
1531778731506
1807129891076
1765239681848
1627818347211
860813618083
1011558362037
1622197236830
1744757050905
1370245622724
1552819059776
1259098599423
1489637343443
1785498320654
939596306437
912498152422
1587734427601
1582953415652
878325110168
1420537960554
1810623609565
913899098810
1451683911355
865998876751
1516523372423
1463560302894
1791508933445
938987984082
952513839881
1369868024370
1489178138482
1456272641158
1499410029350
1654081371219
1744757050905
1223757569071
1676584714744
2110743955759
1507216815208
1900388053917
1859647543406
1735603278009
1585371195224
1885175388944
1776904872171
1587734427601
1553165039621
1755282291897
1621006120200
1184322965909
1824341072132
1600449888602
1165994273073
1734064179095
960426084236
1980218816759
1602799318239
1455189167748
1566378151182
1413700888316
2232975403507
1724313089548
1518518437043
998802796960
942266915785
1795514682407
1940599836862
1516616602356
938987984082
1215615290367
1413685320147
1494597063568
1619875778458
1436032073210
1073253607682
1780141755971
1740784903270
1088724483560
951506561531
1685020558792
1716036382919
947150780197
1442052896688
1816810618148
945547803561
1509881206469
1189490392873
2007802818500
1768591622804
1502249315099
1510102110163
1033793872705
1887790861064
2627896194433
1608028552432
1712314284124
1807293323642
1848966591204
1823957870496
1339539812504
946756740741
1579922822728
1463575319847
1475232146497
1585470674516
2394384572058
1835970779296
1448151345873
1260251452051
1686192311609
1669700315877
1835970779296
1104834304379
1816860681295
2110743955759
1550939883861
1588878181989
1860359097653
1660720950872
1502249315099
1014512473360
1455736693366
1525756690198
1000676368822
916235843246
1516523372423
1600126198943
790862675224
977447387362
1413685320147
1497670765243
1567896698623
1559379792426
1578919464964
1445656195570
1242238203115
1789117139272
2433286917877
1870965722806
995881005178
1438546707636
1786767530235
1073242373454
1393495344531
1900388053917
865998876751
1670875538612
979410142529
1807129891076
1162086454387
998802796960
1326211745192
1572685122190
1824933145311
1512657134861
1714446277472
1603178906429
1790944503554
1848708633318
1183662713530
1701810273460
1649787244412
1625250126538
868128425331
1033793872705
1110232082195
1515012124488
938987984082
1559379792426
935794632929
1848368805893
1520941686198
2254948465899
1826741014209
892915232071
1643715587746
1143750313858
1521274948720
1602342272700
1557686708282
1582354173033
1372807515437
1637283977793
1795514682407
1429299733950
1848297700843
1179015055217
1206620508578
1846594550563
973934142764
1727104751358
1453820098467
1579482125988
1873829443216
1823605152674
3208804319584
1594968669756
898335470089
1420537960554
1543234931240
1477653935531
1592962527432
1690653042181
1785498320654
1498729920926
1493042259006
1609654093023
1620886692452
1363233789749
1569784942004
945547803561
865002529075
1768030183778
1540276610706
1525153143900
1452176495197
1730355660520
1676584714744
1816810618148
1242238203115
1572910285669
1587248104003
1478640839567
1532689492858
1697171823395
1755282291897
1104275921082
1730725544244
1732138158717
1544765274813
1846673393438
1577095842115
1451683911355
1896087148883
912148185654
1763818112259
1823957870496
1686192311609
1740784903270
1215615290367
1310282250123
1556713731464
1835163233865
989808189212
1061594404580
1541389270609
1680934291090
1605390935823
1815137021480
1892192569750
1790811925693
1498729920926
1921912241831
1449792981223
1662374487690
1309027907075
1797932686238
1629447204026
1395810050410
1734046198404
1787202233757
1853998542073
1500752842680
1911550840840
832402200166
1490616892618
1776904872171
1839812391811
1793100780987
1825597831921
1567896698623
1603178906429
898335470089
1189490392873
1614315477248
1916785717919
1585139552415
1794637612382
1519614585987
1528055541912
912148185654
1605390935823
1964548061621
1631649383855
1692419096441
1763182144566
1826741014209
1602342272700
1260251452051
1501900996683
920719741796
1770752644247
1911391769154
1552409274141
1947301699585
1697171823395
1559342459737
865002529075
1603178906429
1521788828869
986240031869
1592013024081
976084244048
1593902916964
990455728549
1766991898555
1597092595805
1361125736509
865002529075
1745556787587
1100030674354
1496941193476
1105207263459
1761939705928
1287460599743
1055094360702
1562961332680
1523400995183
1489178138482
912498152422
1893721160472
1616038320911
1510481033332
911964999709
1427495396032
1174148961673
1523400995183
1984330003665
1390203864897
1873461744144
1587734427601
1143750313858
1828785812897
1473268174339
1631639487726
1827049264373
856881507103
929307383811
1516411874071
1642239274327
1503997864644
1073242373454
963357226668
1100030674354
1600449888602
2097358331818
1545030600817
1553662645239
1545774276895
1885175388944
1322430047200
1163176616242
1895145304983
1699549548426
1202603049971
1608028552432
1189490392873
1198160242578
1536924129748
904028956704
1519614585987
1778033982447
976084244048
868108794167
1636926011865
1562961332680
1721996530161
1326211745192
1361125736509
999112086634
1898084738640
1885175388944
1498987163974
1984330003665
925415679116
1190831734557
1614315477248
1458951107704
1654529644825
958696787668
1104275921082
1921912241831
1332970960273
1794500357993
1533593389057
1839671780489
1567662691926
1557750190121
1691910711370
1519299108669
1867978489101
1609654093023
1627818347211
1621006120200
1519320100078
1928954132752
1654081371219
1648830123812
1748733175983
1708106151130
1597229200452
1510268639304
1060863089024
904765511775
1544722371020
933013061402
1564398049385
1550619068627
1734064179095
1579922822728
1526008330785
1967175406063
1220292800406
1686192311609
1451683911355
1749706320547
1509881206469
1655720270307
1633732078240
947150780197
1544765274813
1183168046261
876507112712
916235843246
1848368805893
1670875538612
1256835214681
1190029984211
1888264016974
1496941193476
1496941193476
1524695934059
1607217677179
1552459458646
1039151207220
868108794167
1629447204026
919769689721
1061594404580
1661868321017
1789628392753
1033793872705
1797932686238
1697171823395
1791508933445
1600222920858
1829588820634
1831542110616
1770752644247
1560452320100
1521788828869
1673056204816
1794637612382
1878216740990
1000676368822
973934142764
999149139454
1692161347626
1232571055527
1550260409755
1695844209711
1422435632614
1631639487726
1163736606577
1039151207220
1502249315099
1297109537321
1508085707514
1595792056760
892915232071
1581243270224
1780141755971
873901439516
1428228219357
1830423567203
1539136696809
1613413471638
1403421039297
1588901816304
1849604829453
1448151345873
1502635633546
1706181858239
1889362631739
1537356596394
1489178138482
790862675224
1260251452051
951506561531
1642239274327
1665567851211
1549807223094
1582354173033
1555474739567
1519320100078
1616038320911
1662374487690
1369868024370
2627896194433
920664973900
2108513747137
1616292735245
1949972239873
1135145068827
1867988073095
1531778731506
1160970791131
853923966560
1631649383855
1549778261959
935573135370
977045495907
879341186383
1736806362156
1908589079852
1770752644247
2007802818500
1839009979182
1502249315099
1740527617804
949405956507
1493634809254
1789628392753
1678634990197
1832417710309
1749706320547
1791508933445
1642822892401
889475357884
1509001243482
1940523619653
1805604936861
1429299733950
1901257173609
1632591679839
1508920457653
1761243344300
1820411752915
920719741796
1703259741451
1911550840840
1055094360702
2019588034146
1616292735245
990067388253
1794933253799
1873527707918
969810393620
1558833353734
1586866824319
1135145068827
1190029984211
1441574603746
1498513383343
1796503907740
1815522778219
1598620266676
1789117139272
1654529644825
1521042640133
1510102110163
1268547751775
1881751704377
1532689492858
1343135218904
1789117139272
1506671175327
1789848282959
2018605479092
1259967616594
1616801562322
1848299697971
1591173952643
1788573577292
1569010247469
938987984082
1585212962011
1020744213870
1746163105698
1564398049385
1478934850748
1514954261725
1464464565255
897895665130
1452176495197
1361125736509
1484538640381
939596306437
1555474739567
986789647960
885010433089
1580539763540
1873829443216
1073242373454
960426084236
1635048369138
970991131652
1242238203115
1566378151182
2008018967860
1929847826293
1911550840840
1733119445786
1733119445786
1559342459737
1730355660520
1829762821298
1516459190665
1415296273299
869228136875
1509881206469
1957734249986
1519299108669
1601051418184
898335470089
1870589622486
1624114372887
1484538640381
1842069120413
1390203864897
1847727437914
951506561531
1723451754317
1038584805058
1198160242578
971013918051
1885175388944
1928954132752
1039151207220
1644986704325
941946504970
1984330003665
1014512473360
1708162544263
1540276610706
1154397425682
1165994273073
1716036382919
1830812124090
1011558362037
1898424682642
1911391769154
1569784942004
1519299108669
1699432336988
1600126198943
1828785812897
1886861881311
1482569414534
1073253607682
1609355860784
1723451754317
867309314268
1542517501357
1420537960554
1483413865834
1893721160472
1940599836862
1297853327705
1331348215613
1982730772530
907722578832
1685102730697
1768258118434
1674730735738
1032224634237
1326211745192
1217664595594
946756740741
1559379792426
1790944503554
1631639487726
1848966591204
1600449888602
1639854493772
1847727437914
1533016813592
1932361649361
1441574603746
1770752644247
1509001243482
1723387438572
1254173936342
3066407189918
1420537960554
1202603049971
1186454588293
1831065750498
1780361892300
1440763273063
1480267549997
1680934291090
1419239300366
1559342459737
1547333914700
1775472641428
1533016813592
1639854493772
1162086454387
1348785735894
1633732078240
1588270544511
1581585670735
1869967290076
894554092693
1291274171933
1642497380943
1886041105147
1581585670735
1600449888602
1849758985024
1893721160472
924107334095
1602799318239
1644986704325
1220041774854
960426084236
986789647960
1501900996683
1484538640381
1849377798485
977447387362
1109061140868
1580539763540
1870965722806
978696087317
1768030183778
1794637612382
1011558362037
1228821687368
1670744481567
1557138553027
966954092272
1557901462833
1527317847069
969810393620
1797643473100
1021735411714
1193338565393
1673056204816
1327957114394
1611374679801
964654348772
1403421039297
942266915785
1493634809254
1361125736509
3165655278381
1571848882558
1530327406941
1848708633318
1823605152674
1540283604971
1475908377142
1578919464964
1616801562322
1842069120413
1498695515129
862411307846
1524695934059
1921912241831
983135532741
1803977566229
1556713731464
1553662645239
900283499218
1627848604118
1541769153607
1215615290367
1733445544967
911964999709
879136846050
1679792361874
1893721160472
1896645826410
1732138158717
1608550835794
1835163233865
1902641540914
1843282701040
2372867351922
1775472641428
1746163105698
1706181858239
1508920457653
1661868321017
1184663733938
1230940845536
1494123964584
1229510687214
1873294796076
913899098810
1500752842680
916235843246
1551446360431
868128425331
1612249469974
1721832839172
1670744481567
1778413195137
1533593389057
1008850772523
2254948465899
978696087317
1593902916964
1704230576814
1581081883759
1622947889867
1498229167127
867309314268
1482695994469
1643715587746
1411042751337
1486492361485
1600222920858
1761939705928
876718265426
1523053989833
1574478084070
1579482125988
1675413536184
1524896148506
894554092693
1887790861064
1073242373454
1076430065680
1741080898943
1529246644668
863722179865
1758394327923
1528055541912
1582354173033
1830451295607
1831065750498
1529710607599
1741080898943
904765511775
1521788828869
1643715587746
1598620266676
1554555971642
1341115558851
1668163583143
1835163233865
941946504970
1293527364475
1906672739119
1594968669756
1228821687368
885010433089
1833899094066
1017691448963
869471571078
1582953415652
1597223792002
1654529644825
1011558362037
1662374487690
995870247602
870662433170
1838647447261
1308791763663
849559821922
1579072711721
942266915785
1578291574655
1566378151182
1268547751775
1524695934059
1768030183778
1003441518840
1456272641158
1554555971642
1003441518840
1929847826293
1691910711370
1507216815208
1597229200452
925415679116
1876577551843
1616801562322
1852135319943
1796503907740
1615750417397
1163639907321
1595586327493
1536483564200
1528055541912
1900388053917
927464018180
1100154481570
1830812124090
1503691360390
1839671780489
1768591622804
1147668918938
1508920457653
1550619068627
1332970960273
944514916717
1731457486134
1596465793489
1592962527432
1536924129748
1928353972355
1803878099960
1673056204816
1551446360431
904596342821
1788601481759
1494123964584
1442052896688
1621006120200
1590470426495
1740527617804
1348785735894
879719188403
1552409274141
1726126218925
1778413195137
1685102730697
1636926011865
1230420339258
1611270709893
1506671175327
1699432336988
1579289476788
969473145176
1100030674354
862191595338
1780141755971
995870247602
1189017456524
1560452320100
870662433170
1585212962011
1842069120413
1679792361874
1731819563169
1581585670735
1550260409755
1592013024081
1579968723596
885010433089
1438546707636
1160192564027
1014512473360
1550939883861
1820411752915
939596306437
946756740741
1852135319943
1436032073210
1536483564200
2019588034146
1859647543406
849559821922
1143299365506
1729858823935
1848966591204
1806531205797
1818946363025
1893377214165
1559342459737
1714446277472
1816860681295
849351108868
983135532741
1499410029350
2254948465899
1452176495197
1588901816304
939596306437
1297109537321
1701810273460
1870965722806
1761832840406
1960783263034
1542517501357
1609654093023
1163639907321
1680570130147
1449792981223
1792483739777
1574478084070
1530521344481
1527864344525
1982730772530
1590802700071
1557138553027
979410142529
1509843589179
1588878181989
933013061402
1838632251649
1573398879169
1593273593891
1571251151031
1867978489101
1685102730697
1564384065749
1340640388488
1533593389057
1509881206469
2110743955759
1597393439208
1615237916448
1524695934059
1331348215613
1978095076896
1586877157200
1654078862492
1787202233757
1291274171933
1794090935151
1577800158301
1562370367856
1600126198943
1778033982447
1065540100129
1416205197619
1532457191978
1707153112952
1061594404580
1768591622804
1945534845402
1669700315877
1150357327401
1553746870864
1498695515129
1912895231553
1633258528354
1840097720653
1570647623130
1550939883861
1632018658460
1530327406941
1691910711370
1594077555712
1244436627240
1533593389057
1594991677301
1055866663151
1760325920047
1577095842115
1797643473100
1778033982447
857718728801
2232975403507
1499014278038
1898424682642
1928954132752
1668381771390
1521042640133
1962140893427
1674730735738
1706234370722
1893377214165
2007802818500
1978095076896
1494597063568
1450382044404
1680934291090
1797643473100
1537751595415
1533593389057
1557187588550
1003441518840
1746163105698
1611141552056
1731457486134
1193338565393
1561785678816
1730725544244
913899098810
1889362631739
1528895334336
1823957870496
1601106853331
985736971593
1956847285225
1736372415821
1892192569750
869228136875
1597629648811
1531638488838
1585139552415
1490616892618
923604271849
873901439516
2225847506870
1208291844110
1475898810408
1824435820119
1895145304983
1579723300922
1326300146002
1760325920047
1571251151031
1403421039297
906627707565
1632591679839
1955840028795
1937535707675
958313638869
1852135319943
1748733175983
2185967803809
1848611742629
1932361649361
1586877157200
1577800158301
1590470426495
1143005539819
1527317847069
1581081883759
1100154481570
1143005539819
1467321082980
1637283977793
1488244702319
1230420339258
1026157559236
1577095842115
1174148961673
1109061140868
1953473481931
1702421183844
1518849118315
832402200166
1563802152112
1000676368822
1730355660520
1597629648811
1611484412577
1929847826293
1628012830562
1755282291897
1451683911355
1794090935151
2009232649710
974937822591
1555474739567
1787202233757
1614315477248
1341115558851
1014512473360
891810409605
1737237453154
880979341611
1902641540914
1605749154749
1514124167233
1160192564027
967511555958
1455189167748
1642822892401
1626849768301
1297853327705
990067388253
1529246644668
1208291844110
1901257173609
2008018967860
1753029617894
1662757570182
3285748436318
1039151207220
1660720950872
1730725544244
1789117139272
1557750190121
1346818363552
1026157559236
888046324766
1486451906842
1215615290367
1573398879169
1746163105698
1135145068827
2372867351922
1838647447261
1848297700843
1014064507145
1498304349340
1789628392753
1720630320135
1586866824319
1723451754317
2225847506870
1661868321017
1545030600817
1859647543406
1953473481931
935213379489
1602342272700
1055866663151
1515012124488
1531017906523
1768030183778
1217664595594
1455736693366
1892447350871
1521042640133
1510102110163
1707153112952
1284677782104
1735603278009
1720630320135
1498513383343
1823957870496
1351532018338
1616801562322
1789382350614
1609496619631
1494123964584
1514124167233
2113487812096
1035936774002
1678634990197
1126326170881
941513108979
912148185654
1955840028795
1448151345873
1220353166250
1802094315836
1109061140868
1668381771390
1737237453154
1455736693366
1761832840406
1184663733938
1848611742629
1802094315836
1847727437914
1147668918938
1937535707675
1520941686198
1736806362156
1851662640141
1625250126538
1828785812897
1609496619631
1202603049971
1284677782104
1978095076896
934141099222
1668053782219
2019588034146
1894118136743
1498729920926
908172310845
1670744481567
985736971593
1670875538612
1519498075216
2113487812096
1733445544967
1848483099423
1596465793489
1615237916448
1506671175327
1702421183844
1186454588293
1836486108193
1732908824653
1527864344525
892915232071
1698648301824
1372807515437
1498229167127
1831065750498
1591733499975
1308791763663
1602342272700
1585371195224
1217664595594
1498688372288
1895145304983
1578948268597
1829588820634
1760325920047
878325110168
3232400418267
1697171823395
892975933900
958313638869
1803560007894
1846673393438
1536483564200
1830812124090
868128425331
1568907132568
895592190695
1619396246412
1552409274141
1572787213375
1579723300922
1467000059889
1833899094066
1789628392753
973934142764
1866486550272
1724313089548
1545030600817
1104834304379
1163176616242
1788573577292
1790944503554
2232975403507
869471571078
1486451906842
2651390673604
1673056204816
1745608273860
1061594404580
879136846050
1679775339793
1529246644668
863722179865
1608550835794
945328700876
1585470674516
1032224634237
1848299697971
1638409286433
885010433089
857718728801
1486492361485
1651295544831
1500752842680
1598620266676
1574324397825
1829421938933
1734494387194
1468304000078
935573135370
1572787213375
1275164413451
1904857378334
1820411752915
1706234370722
1956847285225
1275804909947
898886393421
1242238203115
1608550835794
1788601481759
1501981619778
1572910285669
1033131296640
1060863089024
1839671780489
990455728549
3102250092137
1692419096441
1626849768301
1830812124090
1726126218925
1568907132568
1514954261725
1359183513365
1939803209768
1497670765243
1467000059889
1602954836689
1393495344531
1149234705817
1478640839567
1556901291830
1579072711721
1326300146002
881913579410
1516616602356
1848368805893
893630248992
1427495396032
1456272641158
1105207263459
1708106151130
1436032073210
1011558362037
1520941686198
1794637612382
1953473481931
1754296542115
1848483099423
1824435820119
1778413195137
1582409030664
1829421938933
1834509417353
1849377798485
1597626082760
1105207263459
1727203087461
1745556787587
1494597063568
1308853779638
1889362631739
1607217677179
1597229200452
1820781124494
1244436627240
1440763273063
1579778436721
1532457191978
1654081371219
1729125075502
1831252042339
897895665130
1939803209768
1617816207760
1336539459838
1538808546456
1668163583143
1785498320654
1564398049385
1146814564563
1184663733938
1873527707918
1597259131338
1820781124494
1666814078038
1498695515129
1519614585987
1576285605510
1190029984211
1754734048230
1721832839172
1208789135649
1363233789749
1701810273460
1073253607682
1348785735894
1510481033332
857718728801
904596342821
1733445544967
1179012469787
1253354149230
1581243270224
1259967616594
1702421183844
1421722164109
1906672739119
1596465793489
957150502094
1867988073095
1749706320547
1727104751358
1840097720653
876718265426
2017667900841
1567896698623
1708106151130
1945534845402
1531638488838
1217664595594
1622197236830
1953473481931
1866486550272
1616292735245
1947301699585
1955840028795
1928353972355
1707153112952
1848368805893
1510509262173
1542862539166
1848708633318
1452176495197
1554555971642
1550260409755
1475908377142
1519498075216
1417376885974
1249059561187
1898084738640
1463999158730
1631649383855
1453905382875
1588270544511
1020744213870
1775284562748
1628012830562
2110743955759
2013546864186
1664612289757
1438546707636
1495470058375
1163639907321
1690653042181
1619875778458
1780361892300
1529246644668
1536483564200
1675413536184
1643715587746
1544457982193
1731819563169
1654078862492
1540283604971
1112747539200
1896645826410
1616038320911
1001133615557
2185967803809
1581243270224
1894118136743
1163736606577
1502635633546
1680570130147
903821355076
1396255628656
1765239681848
1609355860784
1736806362156
898886393421
1212501073137
1515283433699
1570721672035
1706327071146
1711687716252
1612249469974
1612249469974
1008850772523
1339539812504
1510509262173
1564277187284
1744757050905
1572910285669
1470420924826
1118886930919
1898424682642
1818946363025
1000676368822
1593860799997
962792517782
889475357884
1588901816304
1061594404580
1848708633318
1579723300922
1576380327496
1541389270609
1788601481759
1348785735894
1595586327493
2372867351922
1601051418184
920719741796
1627848604118
1585139552415
1721061954802
1893377214165
1721832839172
790862675224
1590470426495
1215615290367
970991131652
1509001243482
1615237916448
1579922822728
1588270544511
2018605479092
1468990069601
1871804253104
1202603049971
1580180650548
986789647960
1499410029350
1840097720653
1582354173033
919769689721
1448556172052
1254173936342
860813618083
1729125075502
1788573577292
1709448133508
1527317847069
3706146847523
1826741014209
1523053989833
1363233789749
952513839881
1568907132568
1807129891076
1700678939003
1849758985024
1585139552415
1184322965909
1595792056760
1830812124090
920719741796
969473145176
1572787213375
1456272641158
1441574603746
1569010247469
1720905520941
1788573577292
1839812391811
1570647623130
1249059561187
1531638488838
1677349127419
1805604936861
1526237183936
1533143686413
1529246644668
1515966032653
869228136875
904028956704
982232151494
1734046198404
1831542110616
1644571800984
1598620266676
1873461744144
1727979873487
1668163583143
1574478084070
1695563637842
1501583317159
1489637343443
1020744213870
1789628392753
1839671780489
1878216740990
970991131652
1708162544263
1855192964639
1104275921082
849559821922
999149139454
1775472641428
868130386364
1727104751358
1662165180133
1632018658460
1727203087461
1331120265081
1962140893427
1771294565483
945445055270
1616038320911
1791508933445
1190029984211
1475232146497
958313638869
1518518437043
1882294071559
958313638869
979410142529
860813618083
1455710968202
1732908824653
1564384065749
1319348527128
1643715587746
1703259741451
1906672739119
949405956507
1579778436721
1470420924826
1463560302894
1526008330785
1105207263459
1957734249986
1411042751337
1319575359624
1978095076896
1893377214165
1911550840840
1744844872547
1594991677301
1393495344531
1547649769543
904765511775
957150502094
872634485600
867309314268
1660720950872
1490616892618
1475898810408
1720630320135
1518849118315
1844326859794
974937822591
891810409605
1220353166250
1536924129748
1160970791131
898335470089
1008850772523
1654081371219
1871804253104
1515283433699
1867978489101
2651390673604
1723451754317
1569010247469
1593273593891
1552459458646
1790944503554
1629861352556
1183168046261
1807129891076
870513714973
1555022483195
1497885395630
1511435343586
870513714973
1834509417353
1679775339793
1825597831921
1530767257604
1530327406941
1662757570182
925415679116
2433286917877
1557750190121
1574324397825
1555022483195
1551866333318
906345729425
924107334095
1032224634237
1789117139272
974937822591
1111705746279
904596342821
1611484412577
1310282250123
911964999709
1017691448963
1644571800984
1732908824653
1579968723596
1593505232754
1734046198404
1482569414534
1217664595594
1217664595594
1585212962011
1539227318683
1538808546456
1578291574655
1838647447261
1744757050905
1544457982193
1540930129086
1488244702319
1489637343443
1631639487726
853923966560
1017691448963
1721996530161
1026157559236
935794632929
906345729425
1143299365506
1900388053917
983135532741
1550260409755
971013918051
1179012469787
1619121508360
1729125075502
1611270709893
1521042640133
1326211745192
1230420339258
1768258118434
1001133615557
1073872365377
1420537960554
1552409274141
1294056745923
942266915785
869471571078
1816860681295
1179015055217
962792517782
1816860681295
1503997864644
1626388478799
1844326859794
1014512473360
2013546864186
1805604936861
912117454089
1595586327493
1413700888316
856675256451
1881751704377
1789382350614
1550939883861
1150357327401
1541389270609
1150357327401
1480267549997
1502249315099
1697171823395
1741080898943
1509843589179
1791508933445
1390203864897
3102250092137
1149234705817
1597259131338
945328700876
1828785812897
1900388053917
1745608273860
1736004663902
1014064507145
1633258528354
990319896517
1341115558851
853923966560
1502635633546
1599719561911
1572787213375
1580512317849
1581585670735
1901257173609
1578948268597
1055094360702
1797932686238
1516616602356
1588270544511
1656460691193
1434508036185
863722179865
1533143686413
1642497380943
1532457191978
1348785735894
1596308493651
1596465793489
869228136875
1552459458646
1626849768301
1256835214681
1628012830562
1877523940019
1104275921082
1297109537321
2012087742666
1627818347211
1843282701040
1729125075502
1695563637842
1472812486229
1579289476788
2788111446820
1612249469974
1768591622804
945547803561
1445656195570
1527165452301
1470420924826
1830812124090
1472812486229
1562961332680
1881751704377
1839009979182
1597259131338
1870589622486
868108794167
1516523372423
1403421039297
1503579274687
1582953415652
1475908377142
868108794167
939596306437
1896087148883
1668381771390
1190029984211
1744844872547
1832465345676
1073872365377
1528729723432
1882294071559
1802094315836
1928954132752
1633258528354
958696787668
1898424682642
1847727437914
1605749154749
1495470058375
1957734249986
1699432336988
880077609917
1622947889867
1556901291830
1886861881311
1790944503554
1162256515153
1055094360702
1724313089548
1736804800506
1911391769154
1033793872705
989808189212
1147668918938
1581081883759
1498688372288
1516459190665
2394384572058
1519498075216
893630248992
1600222920858
1208291844110
1859647543406
1413700888316
1867978489101
1964548061621
1915756017333
1734494387194
1190029984211
1160970791131
1518849118315
1162580699473
1889362631739
1455736693366
1570647623130
1665567851211
2097358331818
1448556172052
995881005178
1848368805893
1564384065749
1073253607682
1699432336988
1590395480222
1532457191978
1322430047200
873901439516
1038584805058
975502981579
1628012830562
1792483739777
1562370367856
1588901816304
1703259741451
916235843246
1190831734557
1502635633546
1900388053917
1580512317849
1437225310292
1537751595415
1570721672035
1552459458646
1912895231553
1591173952643
1550619068627
1789382350614
1558833353734
1326211745192
1984330003665
904765511775
868108794167
862411307846
1763182144566
1438546707636
1498229167127
1680570130147
1711687716252
1624114372887
1834509417353
1598620266676
1190831734557
1852135319943
879341186383
1001133615557
1467000059889
1882294071559
990067388253
879719188403
1826741014209
1616292735245
1614952533365
2185967803809
1536924129748
1308853779638
868128425331
1794090935151
922086323160
1453905382875
966954092272
1614262632316
1790944503554
1232571055527
2019588034146
1595586327493
1493042259006
1351532018338
1529939841161
1561785678816
2185967803809
1798877437177
897895665130
1569784942004
1829421938933
1819762137101
967511555958
1564398049385
1395810050410
1556713731464
1950034157321
1536924129748
1515966032653
1361125736509
1810623609565
1616038320911
1739441478235
1556713731464
1564384065749
1421722164109
1497670765243
1544765274813
1939803209768
1810623609565
1179015055217
1572685122190
1825017971219
1542862539166
1331120265081
1186339593822
1442052896688
1499410029350
1928353972355
927731045718
1736372415821
1576380327496
2185967803809
1601051418184
1505260547370
1530767257604
1691910711370
1538808546456
1955840028795
1624114372887
1594991677301
1692743550071
1794933253799
1017691448963
1220353166250
1519614585987
1904857378334
1590802700071
967511555958
1887855482487
1523053989833
1591733499975
1436032073210
1553165039621
1193338565393
1620886692452
1291274171933
1696591219004
970991131652
976084244048
958313638869
904028956704
1179015055217
1708106151130
1573256842162
892051773462
1507216815208
1596308493651
1848708633318
1427495396032
1351532018338
1319575359624
893630248992
1736806362156
1556901291830
1033131296640
1339880047871
1602342272700
1498729920926
1846594550563
1519498075216
1871804253104
1109061140868
1967175406063
1579072711721
1832417710309
1768591622804
1754734048230
1621628576646
877040104807
1626849768301
1706327071146
1104275921082
1518849118315
1055094360702
1906672739119
869471571078
1578919464964
1770738195187
3169869509494
1832465345676
873511672259
1596308493651
1463560302894
929307383811
1885175388944
905392331065
1572910285669
1319348527128
1452932340636
1162580699473
1940523619653
1516459190665
1803560007894
1603178906429
1616038320911
1449792981223
1455189167748
1554778611219
1695563637842
1613190445028
1275164413451
1102470872172
1516523372423
904596342821
879136846050
1749706320547
1497885395630
1634905134911
1956847285225
1750485681440
1611840964034
1551446360431
1721832839172
917487209751
1547333914700
1591733499975
1676370486256
1508920457653
923604271849
1935898767342
1622197236830
1839009979182
1611833402547
1970166997900
1848611742629
1160970791131
1073872365377
888546775412
1935898767342
1763182144566
1758394327923
1669700315877
1145757541574
1529939841161
1468304000078
1559342459737
1896087148883
1581243270224
1451683911355
1692161347626
1656122388491
912117454089
1634905134911
1733119445786
964654348772
1372807515437
1220292800406
1873461744144
1780361892300
1502249315099
1733119445786
1592013024081
1847727437914
1428228219357
1870589622486
1448151345873
1847727437914
1143005539819
898335470089
1736804800506
1829421938933
1763818112259
1912895231553
1915756017333
1761460595746
2018605479092
1716036382919
1510268639304
1605390935823
1593273593891
1393495344531
891118667384
1579175902289
1514954261725
857718728801
1541389270609
978224274264
1489637343443
1553746870864
868130386364
1816860681295
923604271849
1794090935151
3706146847523
1498229167127
1482695994469
1044947546192
988881099215
1498513383343
3706146847523
860813618083
1794500357993
1579289476788
1506331783237
1702421183844
888046324766
1126326170881
2225847506870
1014512473360
1476614747614
1524695934059
1597393439208
1536483564200
1525756690198
1590802700071
1578948268597
1515966032653
1869967290076
1008850772523
1727203087461
1662165180133
1503997864644
1764686957637
2015929908035
986240031869
1566378151182
1805604936861
1847727437914
2394384572058
1537356596394
1567896698623
2185967803809
1764686957637
1271139480373
1186454588293
1870589622486
1162580699473
1761460595746
2013546864186
1486492361485
867309314268
1544765274813
1319348527128
1552409274141
3066407189918
935794632929
1464464565255
856675256451
1391513580363
923604271849
1554778611219
1615237916448
1465694828216
1670875538612
924107334095
1815522778219
1021735411714
1745786482990
1229510687214
1904857378334
1557138553027
1453905382875
1499014278038
1582409030664
1668053782219
1788942646414
1848368805893
1915756017333
1539227318683
1529710607599
1680570130147
920770294718
1602799318239
1970166997900
1573256842162
1740527617804
935573135370
1824933145311
1541389270609
1896087148883
1164331606849
1434508036185
1498695515129
1611141552056
1493042259006
985244190446
1655720270307
1183662713530
1706234370722
1509001243482
1310282250123
1396255628656
1662374487690
1073253607682
1797932686238
1825017971219
1745786482990
1577095842115
1585371195224
1523400995183
1794090935151
1563802152112
1796503907740
1073242373454
1820411752915
986240031869
1343135218904
1456272641158
1721996530161
1351532018338
1521042640133
1568907132568
1521274948720
979410142529
1592962527432
1014064507145
1848966591204
1530767257604
1434508036185
1895145304983
1676584714744
1100030674354
1176495510831
1562961332680
1712057619704
1916785717919
1242238203115
1554555971642
1551446360431
1511435343586
1586866824319
1571848882558
1736004663902
1595586327493
1755282291897
1100154481570
1571848882558
1260251452051
1343135218904
877040104807
1403421039297
935573135370
1523053989833
1925688139062
1535360772013
1498987163974
1551866333318
1395810050410
1633258528354
1567662691926
1840097720653
1395810050410
1609654093023
1519299108669
1736004663902
1434508036185
1516411874071
1532689492858
1815522778219
859007939078
1749706320547
1523053989833
978682845777
1654529644825
1960783263034
1109061140868
1554555971642
1223757569071
1578291574655
1695563637842
1468990069601
1434508036185
1118886930919
870513714973
1894118136743
1268547751775
1798877437177
1506331783237
1609355860784
2232975403507
941513108979
1820411752915
938987984082
1126326170881
1662173860891
1588878181989
1632018658460
1537356596394
1834509417353
1746163105698
3066407189918
1830423567203
1419239300366
1452932340636
1692743550071
859007939078
1932111802012
1798877437177
1806531205797
881913579410
1798877437177
1552409274141
870513714973
1754296542115
1150357327401
1665567851211
1824435820119
1422435632614
1503579274687
925581331598
1163736606577
1698648301824
1294056745923
879341186383
1704230576814
908172310845
1601106853331
1100154481570
891118667384
1932361649361
1627848604118
1275804909947
1455189167748
1669700315877
1415296273299
1786767530235
1480267549997
999112086634
3102250092137
1788573577292
1494597063568
1322430047200
1921912241831
990455728549
1896645826410
1594077555712
1794933253799
1580180650548
1332970960273
1726126218925
929307383811
1163176616242
898886393421
1846594550563
923604271849
1478640839567
1527239873047
1176495510831
1574324397825
1284677782104
922086323160
1528729723432
1186339593822
1518518437043
1932361649361
1346818363552
1651295544831
1935898767342
869471571078
1564277187284
1525153143900
1574324397825
1828785812897
1882502581122
920719741796
1585212962011
1731819563169
1666814078038
1824341072132
1611840964034
1703259741451
1441574603746
1835970779296
1729373128870
2007802818500
905392331065
945547803561
1761460595746
1076491158033
903144149180
1602799318239
1932111802012
1061594404580
1571251151031
2433286917877
1967175406063
1035936774002
1468304000078
1593273593891
1570721672035
853923966560
1887855482487
1686192311609
1849315536792
1582409030664
1065540100129
1126326170881
1960783263034
885010433089
1873294796076
1208291844110
1833899094066
1553662645239
1319575359624
904028956704
1531638488838
1422435632614
1689329468987
1662165180133
1500752842680
1967175406063
917487209751
1497814626075
1957734249986
1833899094066
1644571800984
1649909529559
1833899094066
1567662691926
1502635633546
1449792981223
1731994233630
1771294565483
1336539459838
1510481033332
1626388478799
1698648301824
2113487812096
1519498075216
1540930129086
1549807223094
1906672739119
1021735411714
1597092595805
1482695994469
1331348215613
1590395480222
1779953917606
1737237453154
1478640839567
2009232649710
1776904872171
1284677782104
2009232649710
1655720270307
867623187973
1644571800984
1816860681295
1724313089548
1912895231553
1602954836689
1619121508360
1560452320100
1579175902289
1473268174339
911964999709
1962140893427
1912912329281
1699432336988
1803878099960
1844326859794
2012087742666
1489637343443
1848299697971
1524695934059
1336539459838
1600126198943
1372807515437
1886041105147
1164331606849
1980911331610
1319348527128
1701874962034
978682845777
1831542110616
923604271849
1692743550071
1346818363552
1215615290367
1614262632316
1616292735245
1889362631739
1677349127419
1552409274141
1319575359624
1788601481759
934141099222
970991131652
1186454588293
1472812486229
1807293323642
1440763273063
1794637612382
1189017456524
1848966591204
1539136696809
1840370389402
1525756690198
870513714973
866833056928
1853998542073
1208291844110
892051773462
1815137021480
1843282701040
1526237183936
1510481033332
1571848882558
1697171823395
1570721672035
1055866663151
1586866824319
856881507103
2013546864186
944577740021
1593273593891
1825017971219
1702635639640
907722578832
1594968669756
1492622871025
1639854493772
1535360772013
919769689721
894554092693
1038584805058
1520941686198
1846594550563
1579482125988
1453905382875
870662433170
1793100780987
1921912241831
891118667384
1580180650548
1832465345676
1506671175327
1679792361874
958313638869
1017691448963
1464464565255
1244436627240
862191595338
1830423567203
979410142529
1662374487690
1662173860891
2110743955759
1620886692452
1911550840840
1802094315836
1643715587746
869228136875
1568347001082
856675256451
1833899094066
1484538640381
1873461744144
1568951683624
971013918051
1642497380943
1609654093023
1840370389402
1748733175983
1374652701319
1632018658460
1021735411714
1723387438572
1536924129748
1573256842162
1788601481759
1832465345676
1733119445786
1595586327493
1538808546456
1390203864897
2013546864186
863722179865
1608028552432
1584762291449
912148185654
930239397315
1369868024370
1576285605510
1721061954802
1940523619653
2185967803809
1163736606577
2113487812096
1076430065680
1594968669756
1519498075216
870662433170
952513839881
1978095076896
1881751704377
948874756891
1223757569071
1806531205797
863722179865
1493042259006
1848297700843
1463999158730
1619121508360
927464018180
1712314284124
1533593389057
1625250126538
1824435820119
1702421183844
2012087742666
1827049264373
1184322965909
1711687716252
3468732184277
870662433170
938987984082
1611833402547
1308853779638
976084244048
1568347001082
1595792056760
1326300146002
1825597831921
1625250126538
1463575319847
849351108868
1147668918938
1703899429354
990319896517
1731994233630
1150357327401
1795514682407
1065540100129
1579289476788
1634905134911
3285748436318
1888264016974
1849377798485
1597393439208
1776904872171
1540283604971
1112747539200
1631639487726
1778033982447
1737237453154
1455736693366
892051773462
1829421938933
1162580699473
1519320100078
1692419096441
1706181858239
1557750190121
1590395480222
1629447204026
1542862539166
1848708633318
1578948268597
1665567851211
963357226668
1529710607599
1552459458646
1608028552432
1577800158301
878325110168
1475232146497
1179015055217
1848299697971
1112747539200
3706146847523
1528895334336
917487209751
1540276610706
1297853327705
924107334095
1540276610706
1622947889867
1815522778219
1832417710309
1842069120413
1143750313858
1530521344481
1590395480222
927731045718
1605390935823
1033131296640
1789382350614
1662165180133
1586866824319
1478934850748
927731045718
1894118136743
1703259741451
1515012124488
1669989080083
1493634809254
1220041774854
966954092272
1711687716252
995870247602
1568347001082
1527317847069
990067388253
1761243344300
1497670765243
1670744481567
978682845777
1520941686198
1458951107704
1374652701319
1033131296640
1291274171933
995881005178
855019029143
1476614747614
1568347001082
1493634809254
892915232071
1925688139062
1501900996683
1596308493651
1174148961673
1734046198404
949405956507
1133673009403
971013918051
1449792981223
1552409274141
1530327406941
969810393620
1736372415821
1849758985024
1508085707514
1723451754317
925415679116
1732908824653
1926575417191
1633732078240
1852135319943
1511435343586
905392331065
1293527364475
1972173853399
3706146847523
1559379792426
1111705746279
1510509262173
1528729723432
2019588034146
1044947546192
1736022242121
1803977566229
1336329508003
1670744481567
1839009979182
1591733499975
1498987163974
1429299733950
1339257052970
1578948268597
925581331598
1734046198404
1750793041953
1915756017333
1761999000403
1707153112952
1179015055217
1780361892300
1729858823935
1768258118434
922086323160
1866486550272
1032224634237
958313638869
1755282291897
1737237453154
1745786482990
1614315477248
857718728801
1590802700071
1916785717919
1638409286433
862191595338
1322430047200
1208789135649
1475898810408
989808189212
1230940845536
1553746870864
1021735411714
1463999158730
1810623609565
1830423567203
1549778261959
1174148961673
1541769153607
1708162544263
1928954132752
1524896148506
1928353972355
1791508933445
1851662640141
1779953917606
1592013024081
1673056204816
1593505232754
1468990069601
1615750417397
1709030906275
1271139480373
1133673009403
876718265426
1527239873047
1415296273299
1193338565393
1680934291090
1597393439208
1609496619631
1911391769154
1065540100129
892051241498
1960783263034
1830451295607
1842069120413
1429299733950
1242238203115
1602799318239
979410142529
1514124167233
1198160242578
1568951683624
862411307846
1611141552056
1597629648811
990067388253
2627896194433
1574478084070
1571251151031
1616292735245
1396255628656
1570721672035
1396255628656
1584762291449
919769689721
1703899429354
1509843589179
1949972239873
1715956954204
1668053782219
1768258118434
1571251151031
1579175902289
2009232649710
1876474106142
927464018180
1331120265081
1829588820634
1608028552432
1651295544831
1788942646414
1179012469787
1770738195187
1143299365506
1076491158033
1528055541912
1179012469787
1436032073210
1848297700843
1044947546192
1803560007894
1516616602356
1465694828216
1655720270307
1727104751358
3169869509494
1644986704325
1486451906842
944577740021
1849604829453
1403421039297
1644986704325
1629861352556
1824341072132
1831065750498
1668163583143
1840097720653
1521788828869
1706181858239
1591733499975
1706327071146
1794933253799
1230420339258
2433286917877
1820781124494
1540283604971
1690653042181
1293527364475
1629861352556
1112747539200
1574478084070
935213379489
1553746870864
1516616602356
877040104807
1600222920858
1111705746279
857718728801
1670875538612
1768591622804
1709448133508
1932111802012
1547649769543
985736971593
1135145068827
1587734427601
873511672259
1838647447261
920770294718
1539227318683
1540930129086
1164331606849
1609355860784
1614952533365
1648830123812
1254173936342
1524792471362
1498688372288
1902778944560
1259098599423
1527864344525
2110743955759
1712057619704
888546775412
1537751595415
920770294718
1544722371020
892975933900
1382299625835
1648830123812
962792517782
882589958338
1895145304983
1744844872547
1000676368822
966954092272
982232151494
1567662691926
1770738195187
906345729425
1516616602356
1527317847069
1493634809254
898886393421
1595586327493
1133673009403
977045495907
1545030600817
1473268174339
1472812486229
857718728801
1104834304379
1579968723596
1520941686198
1492622871025
1308853779638
1230420339258
832402200166
1193338565393
1779953917606
1475898810408
1680934291090
935573135370
1485019927452
1770738195187
1529939841161
1393495344531
930239397315
859007939078
927464018180
1726126218925
1828785812897
1789382350614
1593860799997
1370245622724
973934142764
1523053989833
1478934850748
1896087148883
1600449888602
1427495396032
1587734427601
1516411874071
906345729425
1649787244412
3208804319584
1786767530235
1251696786232
1625250126538
1893950702558
1547333914700
1455189167748
1570647623130
1521274948720
1788573577292
1768258118434
1982730772530
1482569414534
927731045718
906345729425
892051241498
1532689492858
2113487812096
1594968669756
1572814951668
912148185654
1803878099960
1789848282959
877040104807
1727979873487
1619121508360
922086323160
967511555958
1441574603746
958696787668
986240031869
1208291844110
1629861352556
1585371195224
1692161347626
1395810050410
1696591219004
1055094360702
1000676368822
1343135218904
1789848282959
1611484412577
1382299625835
1739441478235
1572685122190
1518518437043
1634905134911
1793100780987
1699549548426
1590395480222
1500752842680
985244190446
982232151494
905392331065
866833056928
1629861352556
944577740021
1614952533365
1843282701040
1126326170881
1452932340636
1789848282959
967511555958
1551866333318
1818946363025
1571251151031
1540930129086
1416205197619
1626388478799
1515012124488
1740784903270
1679775339793
1540930129086
1011558362037
1541389270609
1669700315877
1562370367856
1568347001082
1088724483560
1163176616242
1147668918938
1500752842680
1708162544263
944577740021
1732138158717
1734064179095
1003441518840
957150502094
1539227318683
1228821687368
1176495510831
1621006120200
1601051418184
1626388478799
1702878237693
2097358331818
1564384065749
1761832840406
1527165452301
1888264016974
1677349127419
1551866333318
1450382044404
1733119445786
1750485681440
1940523619653
947150780197
1699549548426
1271139480373
1260251452051
1829588820634
1656122388491
945445055270
1823957870496
1581585670735
913899098810
1550939883861
1576285605510
1576285605510
1797643473100
1530767257604
1724313089548
920664973900
1736022242121
1764686957637
1654081371219
1637283977793
1727928609219
1587248104003
1877523940019
1468304000078
1599719561911
1819762137101
1531784195930
1600222920858
1729373128870
1569784942004
1514124167233
1852135319943
927464018180
1703899429354
1887790861064
1514124167233
1766991898555
1014512473360
1498688372288
892915232071
1220041774854
1592013024081
1572787213375
1851662640141
1422435632614
1685102730697
1978095076896
1603178906429
1613190445028
1915756017333
1727979873487
969810393620
1518849118315
1866486550272
1785498320654
1104903807392
945547803561
1268547751775
1896645826410
1339539812504
903144149180
1731994233630
1926575417191
1332970960273
1497814626075
1770752644247
1508085707514
2018605479092
845779361026
1519320100078
1594968669756
2008018967860
1789382350614
1605749154749
1601106853331
1729373128870
1202603049971
1509001243482
1662374487690
1539227318683
1614262632316
1580539763540
1179012469787
1496941193476
1695844209711
1611840964034
892915232071
1189490392873
1649909529559
1483413865834
1953473481931
1732138158717
1452932340636
1109061140868
1220041774854
969473145176
1700434663126
1510509262173
1585212962011
1855192964639
1061594404580
1560452320100
1665567851211
1628012830562
1150357327401
1735603278009
1632591679839
1585470674516
1708162544263
1541769153607
1712314284124
1183168046261
1437225310292
1563802152112
1111705746279
1788573577292
1528316015482
963357226668
1887790861064
1518849118315
906627707565
1829762821298
1839812391811
986789647960
1656122388491
1033793872705
1073872365377
1527239873047
1803878099960
1531784195930
1593273593891
1557750190121
868130386364
1840370389402
1473268174339
1558833353734
1569010247469
1847727437914
1143005539819
1596308493651
930239397315
1552819059776
1458951107704
1761243344300
865998876751
1477653935531
1519614585987
1794500357993
1794637612382
1613413471638
1789117139272
944514916717
1073253607682
1829588820634
1964548061621
1616292735245
1145757541574
1160970791131
1470420924826
2394384572058
1518849118315
873901439516
1878216740990
1530327406941
1824341072132
2009232649710
891118667384
1537356596394
1935898767342
1642239274327
1499410029350
1488244702319
1483413865834
1786767530235
1702878237693
1511435343586
900283499218
1242238203115
1690653042181
1582409030664
1763641523525
1374652701319
1514954261725
1734494387194
1678634990197
1649787244412
1576380327496
1465694828216
1638409286433
1912895231553
1613190445028
1442052896688
1642239274327
1493042259006
1929847826293
1902778944560
1624114372887
1702878237693
1818946363025
1714446277472
1885175388944
1792483739777
1339880047871
1570721672035
1633258528354
1563802152112
913899098810
1215615290367
1602799318239
964654348772
1133673009403
1736022242121
1820781124494
1104834304379
1939803209768
1621628576646
2372867351922
1902641540914
1514124167233
1969284785641
1669989080083
1926575417191
1590470426495
1351532018338
1668053782219
1908589079852
849351108868
983135532741
1162086454387
942266915785
1592962527432
1111705746279
1733445544967
933013061402
1662757570182
1055094360702
1893721160472
978224274264
1704230576814
1690653042181
1579175902289
978696087317
1692161347626
1438546707636
1555022483195
1336329508003
1579778436721
1217664595594
1940599836862
2627896194433
1244436627240
1498304349340
1921912241831
2106869011123
1472812486229
1882294071559
1882502581122
1702421183844
1061594404580
1778413195137
945328700876
849559821922
2013546864186
1525153143900
856675256451
1593860799997
945328700876
1796503907740
1947301699585
1980218816759
2097358331818
1593505232754
1932361649361
1449792981223
927464018180
1505260547370
849351108868
865998876751
1689329468987
1326211745192
1531784195930
1755282291897
1578948268597
1573398879169
989808189212
1797932686238
1557901462833
1308853779638
1912912329281
1729858823935
1928954132752
1873527707918
1339257052970
1970166997900
3169869509494
1579968723596
1609496619631
1118886930919
1524792471362
1206620508578
1160192564027
1969284785641
941513108979
1468990069601
1613413471638
1621628576646
1896645826410
995881005178
1501981619778
1560452320100
2018605479092
1553746870864
1287460599743
1602954836689
1761243344300
1870589622486
869471571078
911964999709
1848966591204
1495470058375
1562370367856
1969284785641
1695844209711
1581243270224
867623187973
975502981579
2009232649710
1703259741451
3706146847523
1436032073210
1581081883759
1771294565483
1467321082980
1493042259006
1348785735894
1921912241831
1838632251649
1745608273860
1468304000078
1567662691926
1877523940019
1076430065680
1572910285669
1764686957637
1516411874071
1893377214165
1644986704325
1632591679839
1619396246412
1970166997900
1464464565255
1507216815208
1065540100129
1531784195930
1464464565255
790862675224
908172310845
1251696786232
1902778944560
1559342459737
1590802700071
1624114372887
1336329508003
1843282701040
1212501073137
1768258118434
1557187588550
1815522778219
1887790861064
1892192569750
1531638488838
1230940845536
924107334095
1189017456524
978224274264
892915232071
1744844872547
1428228219357
1145757541574
1465694828216
1516411874071
1331120265081
1627818347211
1940599836862
1869967290076
892051773462
1518518437043
1950034157321
1692419096441
1597223792002
1112747539200
1489178138482
1866486550272
881913579410
1553165039621
1723387438572
1501583317159
1516616602356
1528895334336
990319896517
1541769153607
1503579274687
1745556787587
1523400995183
1499011606583
1564398049385
1421722164109
1147668918938
1670875538612
1779953917606
1745786482990
933013061402
1557750190121
1679792361874
1832417710309
1573256842162
1441574603746
1555022483195
1876474106142
1549778261959
1100154481570
1579778436721
2254948465899
1768258118434
1228821687368
1525756690198
1776151295803
1685020558792
1626388478799
856675256451
1727928609219
1549778261959
1512657134861
1510102110163
1932111802012
1450382044404
1527864344525
1745786482990
1598620266676
1533593389057
1818946363025
3208804319584
879341186383
1896087148883
1619875778458
1597092595805
2119367726890
1780361892300
1508085707514
1709030906275
1635048369138
2009232649710
2113487812096
1793100780987
1617816207760
948874756891
927731045718
1143299365506
1461040245822
1146814564563
1458951107704
1816810618148
1332970960273
873511672259
1455710968202
1878216740990
1771294565483
865002529075
1721061954802
1978095076896
1275804909947
2097358331818
1776904872171
1612249469974
1587734427601
1609496619631
1730725544244
1537751595415
1844326859794
1579778436721
1886041105147
913899098810
1528729723432
1506331783237
1840370389402
1896645826410
1594991677301
1162580699473
1829762821298
1519299108669
1807293323642
1160192564027
1627848604118
1332970960273
1336539459838
1327957114394
1635048369138
1844326859794
1695844209711
907722578832
1735603278009
906627707565
880979341611
1740527617804
3468732184277
867623187973
1871804253104
1898084738640
964654348772
3102250092137
1638409286433
1003441518840
1336329508003
1786767530235
1100154481570
1709448133508
1578291574655
920664973900
1088724483560
1110232082195
1602954836689
1566378151182
1552819059776
1485019927452
1212501073137
893630248992
1220041774854
1597223792002
925581331598
1643715587746
1359183513365
1523400995183
1633732078240
1572814951668
1533593389057
1597259131338
957150502094
1893950702558
995870247602
1932111802012
1736004663902
1461040245822
960426084236
1776151295803
1830451295607
2651390673604
1150357327401
1212501073137
1707153112952
1754734048230
1980218816759
1937535707675
999149139454
1689329468987
998802796960
1692743550071
1538808546456
1734494387194
1676370486256
1593273593891
1478934850748
1163736606577
1706327071146
1259098599423
1570721672035
1613190445028
1162086454387
1531017906523
1496941193476
1839812391811
1038584805058
2108513747137
1551866333318
1605749154749
1828785812897
1528055541912
1569010247469
3165655278381
1692743550071
1851662640141
991442453134
1568907132568
1577800158301
1642822892401
1581243270224
1311776357790
1649909529559
869228136875
1590395480222
1509001243482
1848483099423
1472812486229
1736804800506
904596342821
1750485681440
1611374679801
1468304000078
1164331606849
2113487812096
1882294071559
1183168046261
1624114372887
1060863089024
1473268174339
893630248992
1473268174339
1849604829453
1832465345676
1501583317159
3468732184277
1331120265081
1704230576814
1766991898555
1557187588550
1183168046261
1727104751358
1537751595415
1616801562322
1839009979182
1587248104003
1758394327923
1440763273063
1649909529559
1825017971219
1193338565393
1578291574655
1709030906275
1866486550272
1339257052970
1453820098467
1594077555712
1835970779296
1763641523525
1819762137101
895592190695
1588878181989
1336539459838
1038584805058
1508085707514
1839812391811
1761999000403
949405956507
1382299625835
1605749154749
1702635639640
2017667900841
1510509262173
905392331065
1212501073137
1729125075502
1411042751337
1327957114394
1539227318683
1634905134911
1515966032653
1417376885974
2394384572058
1531778731506
1825597831921
1980911331610
1953473481931
1932361649361
1455710968202
1530327406941
1733119445786
1832465345676
1709030906275
1750485681440
1212501073137
947150780197
1603178906429
1498229167127
1498688372288
1055866663151
904765511775
1485019927452
2097358331818
1530327406941
1529710607599
1551446360431
1493634809254
1135145068827
1838647447261
1720905520941
1453820098467
1111705746279
1421722164109
1709448133508
1557187588550
1908589079852
1835163233865
1754734048230
1413700888316
1940599836862
1118886930919
859007939078
1597223792002
1616292735245
1790811925693
1586877157200
1569784942004
1611141552056
1699432336988
1503997864644
1839671780489
988881099215
1492622871025
1614952533365
1572685122190
1220041774854
920664973900
1527864344525
1073872365377
1648830123812
888046324766
1516616602356
1886861881311
1164331606849
1445656195570
1735603278009
1547649769543
1838632251649
1510268639304
1293527364475
1935898767342
1073253607682
1186454588293
1831252042339
1806531205797
1533143686413
1870965722806
1982730772530
1287460599743
1662757570182
1477653935531
1761243344300
1867988073095
1585470674516
1892447350871
1925688139062
1771294565483
1789628392753
898886393421
1048538445955
1831252042339
1547649769543
1363233789749
1585371195224
1594077555712
1831542110616
1590802700071
1597629648811
1644986704325
1642239274327
1341115558851
1629861352556
1498229167127
1806531205797
900283499218
1544457982193
1440763273063
1824435820119
1467321082980
1581243270224
1455710968202
1174148961673
948874756891
3706146847523
1824933145311
1586877157200
1112747539200
998802796960
986240031869
1579968723596
1520941686198
967511555958
1563802152112
2012087742666
1746163105698
1390203864897
1794637612382
1215615290367
1526008330785
1498987163974
1061594404580
1792483739777
1750485681440
1550260409755
1580512317849
1527317847069
870662433170
1322430047200
1160970791131
1654529644825
1223757569071
930239397315
935794632929
934141099222
1527864344525
1577095842115
1654078862492
2627896194433
898886393421
1492622871025
1179015055217
3165655278381
1336329508003
1642822892401
1867988073095
1539136696809
917487209751
1060863089024
1715956954204
978224274264
1572685122190
1417376885974
1708162544263
1859647543406
1695563637842
944514916717
1510268639304
1468304000078
1698648301824
1815522778219
2108513747137
1485019927452
1482695994469
1524695934059
1076491158033
1849315536792
1026157559236
1509843589179
1765239681848
1654078862492
944577740021
930239397315
1184663733938
1816810618148
893630248992
1642822892401
1776151295803
3468732184277
1533016813592
1928353972355
1715956954204
3285748436318
1901257173609
1631649383855
1498513383343
1587248104003
945328700876
1489637343443
3165655278381
1664612289757
1526008330785
1370245622724
1413685320147
927731045718
1590470426495
3232400418267
832402200166
1838632251649
1761460595746
1732138158717
903821355076
1831252042339
2225847506870
1695844209711
1499014278038
1700678939003
1184322965909
879719188403
1391513580363
1035936774002
1463575319847
1830451295607
1949972239873
1674730735738
946756740741
1739441478235
3208804319584
1692161347626
1882294071559
1475232146497
1597092595805
1664612289757
1149234705817
988881099215
1579482125988
1162256515153
1572814951668
1461040245822
3066407189918
1660720950872
1503691360390
952513839881
1695563637842
978682845777
1579723300922
892975933900
957150502094
1494597063568
1593902916964
1259967616594
985736971593
1825597831921
1198160242578
1529246644668
1537356596394
1581243270224
1118886930919
1429299733950
1849758985024
1499014278038
1675413536184
1785498320654
1745608273860
1509881206469
1776151295803
1831252042339
1562961332680
1528729723432
1482695994469
1253227190414
1396255628656
969473145176
1498987163974
1775284562748
1149234705817
1964548061621
1780361892300
1732138158717
1564277187284
1498729920926
1588901816304
1849604829453
1820781124494
1076430065680
1467321082980
904596342821
1501900996683
1803977566229
985736971593
1727979873487
3208804319584
1846594550563
1346818363552
1008850772523
1720905520941
908172310845
1727203087461
1727203087461
1220292800406
1734494387194
1532689492858
2012087742666
1758394327923
969810393620
951506561531
1611840964034
1369868024370
1559379792426
1359183513365
1382299625835
1545774276895
1521042640133
1622947889867
1044947546192
1876577551843
1889362631739
1461040245822
1689329468987
1531784195930
1554555971642
885010433089
1825597831921
1497885395630
1770738195187
873901439516
2012087742666
1515283433699
1339539812504
1567662691926
1632591679839
1776904872171
1662173860891
1849604829453
1149234705817
1154397425682
1679775339793
929307383811
1260251452051
1557750190121
1554778611219
1763818112259
2007802818500
1785498320654
1599719561911
1564398049385
1908589079852
1547333914700
1831065750498
969810393620
1515283433699
1230420339258
1668381771390
868108794167
1588901816304
1691910711370
877040104807
1956847285225
977045495907
1628012830562
1579072711721
1038584805058
1685020558792
1685102730697
1118886930919
1528316015482
935794632929
1635048369138
976084244048
1734046198404
1889362631739
1619121508360
1832465345676
1611833402547
1629861352556
1619875778458
1731457486134
1912912329281
933013061402
1109061140868
1608550835794
1937535707675
1838632251649
1734064179095
1586866824319
1162580699473
1849315536792
1014064507145
1629447204026
1327957114394
1528316015482
958696787668
1543234931240
1590470426495
1476614747614
1908589079852
1483413865834
1562961332680
1794933253799
1642497380943
1614952533365
1766991898555
1701874962034
1947301699585
1754296542115
1186339593822
1638409286433
1870589622486
1550260409755
1637283977793
1544457982193
1497885395630
1608550835794
1789628392753
1969284785641
1555474739567
1470420924826
1950034157321
1632018658460
1275164413451
1533016813592
1508920457653
1521788828869
880077609917
1162086454387
1533143686413
912148185654
1065540100129
1515012124488
929307383811
1256835214681
1411042751337
1708162544263
1105207263459
1557187588550
1731457486134
2254948465899
1014512473360
1331120265081
1579968723596
1438546707636
1676584714744
1253227190414
1208291844110
1463560302894
1521042640133
1616292735245
1220353166250
1628012830562
1232571055527
916235843246
1544722371020
1794637612382
859007939078
1832417710309
1619875778458
1855192964639
1803977566229
1660720950872
969473145176
1815137021480
1840370389402
1223757569071
1287460599743
1511435343586
882589958338
1568951683624
2232975403507
1537356596394
1734064179095
1829588820634
1788601481759
862411307846
920664973900
917487209751
1877523940019
1587248104003
1849315536792
1536483564200
1780141755971
977447387362
3285748436318
1540930129086
1818946363025
865002529075
1611374679801
1702635639640
1611374679801
1500752842680
1493634809254
1779953917606
1980218816759
1429299733950
1882502581122
1731994233630
978224274264
989808189212
1527864344525
1585139552415
1848611742629
942266915785
1654081371219
1498513383343
1419239300366
1885175388944
1860359097653
2788111446820
1895145304983
1622947889867
1627848604118
1898084738640
1788942646414
1550619068627
1193338565393
3232400418267
2394384572058
1585139552415
1580512317849
888046324766
1776151295803
958696787668
1585139552415
1758394327923
1165994273073
2106869011123
1616801562322
1712314284124
1461040245822
1440763273063
1574324397825
1793100780987
1145757541574
1391513580363
1477653935531
1510102110163
1294056745923
1254173936342
1846673393438
1472812486229
1020744213870
1249059561187
935794632929
1940599836862
1692161347626
1620886692452
1174148961673
1503579274687
1608550835794
1678634990197
964654348772
1008850772523
892051241498
1496941193476
927464018180
1825597831921
1846673393438
1530521344481
1413685320147
1524695934059
1766991898555
923604271849
1733445544967
986240031869
1518849118315
985244190446
1501900996683
922086323160
1450382044404
1849758985024
978224274264
1514124167233
1619121508360
1655720270307
995881005178
1668381771390
1669989080083
1775472641428
1294056745923
906627707565
876718265426
1514954261725
1734494387194
1686192311609
978696087317
1163639907321
939596306437
1154397425682
882589958338
1508920457653
1065540100129
2017667900841
1569010247469
1415296273299
790862675224
1969284785641
892051773462
1680934291090
1162256515153
1577800158301
962792517782
1608550835794
977045495907
1501981619778
935213379489
889475357884
1616038320911
1691910711370
1311776357790
1455189167748
856881507103
1536483564200
1532689492858
1346818363552
2651390673604
1421722164109
1611484412577
1162086454387
1230940845536
1702421183844
1524792471362
1229510687214
1498688372288
1586877157200
1761557094722
1550619068627
1947301699585
1208789135649
1873294796076
1498695515129
2788111446820
1611270709893
1549807223094
1476614747614
978682845777
970991131652
1706234370722
1527165452301
1736022242121
1489637343443
1580512317849
1735603278009
1761557094722
1340640388488
1452176495197
978224274264
1544457982193
1908589079852
1516523372423
1736372415821
1982730772530
1964548061621
889475357884
1076430065680
1488244702319
1111705746279
1810623609565
1794090935151
2232975403507
1498229167127
925415679116
1498729920926
1475232146497
1497670765243
1190029984211
1596308493651
2433286917877
1676370486256
1838632251649
1564277187284
1537356596394
879719188403
1244436627240
1564384065749
1631639487726
892975933900
924107334095
1701810273460
1980218816759
1483413865834
1543234931240
1076491158033
1587248104003
1527317847069
920770294718
1916785717919
1502249315099
1824435820119
990455728549
1642497380943
1614315477248
892051773462
1926575417191
1656122388491
1220292800406
3706146847523
1668381771390
1455710968202
895592190695
1597092595805
983812774441
1163639907321
907722578832
1126326170881
969810393620
1422435632614
1183662713530
1763182144566
1932111802012
1396255628656
1736804800506
995881005178
1661868321017
1048538445955
1230420339258
1428228219357
1740784903270
1419239300366
1585212962011
1679775339793
973934142764
1587248104003
1584762291449
906345729425
1656460691193
1716036382919
