2940767956
1884590613
3399211195
1510215594
1961925342
1385260349
1666878805
1373654992
1424411415
1945709386
1784810000
1516543146
1529957154
1398003999
1863219340
1437100224
1780588276
1287992847
1653046316
2089456156
2355528740
2038696262
1866935060
2134775310
2181438130
1196004163
1001498199
888485478
2565946030
7476967902
18209477374
2107078968
3097639156
1357274760
2207649833
1182110515
1275087941
2721529093
1848911580
2023663481
1626816172
1573665277
1455145598
7042543635
8066443691
5081106940
3622069988
2170382012
3404760324
2081037205
3380192941
1203656330
5251058439
6473636694
1109925932
1371447225
1404334332
1323651432
1085620362
1481572129
1169129487
1255077142
1271357401
1692180341
2240328991
2192621716
2001614299
4249525369
2350720473
2691108210
3789182256
6053607778
1375158846
5081584095
5922568023
5355445240
3438675944
1869615943
2178196828
2137743740
3669156720
1279675938
1999315263
1115941337
1397773948
1379640552
1406011003
1090590802
1257709624
1127265441
1206572220
1368969998
1520880732
1468486727
1605777056
1552057468
1332892705
1182275166
1623717468
1480709895
1721803006
1976006500
1775598436
1672670049
1985136159
2244608592
3656280993
1701446544
1391863905
825250768
734061208
582404022
550520358
830389332
619273181
694232547
687062413
773786977
1624971483
860879581
621073792
728129490
1058969793
1616025720
1295141551
1808647758
1164871194
1528852913
1352652868
1313781162
597921817
970124787
2063076555
2099115366
1991100073
1578187506
3850606016
2547723535
3051640206
1320110389
6936493420
4545747327
2700063580
2598563215
2102599193
2363506774
2300346111
1778363441
1069601946
941616920
1203069212
1104437263
1339935600
1994996345
2191297859
3187406490
2193371238
2256425395
1502485705
1642382860
1476248650
1213131224
1472448171
1334547250
1646941875
1585759698
1395613572
1302244752
1371567273
1438052109
1314198012
1446188107
827089791
693508239
818504923
750113653
746489976
954762942
701586122
791417670
950566423
947322513
966827797
2960018646
1683391161
2366157169
3693949259
7494263051
1837339834
8323309170
7055233001
3214975502
2747999213
2809998080
2440210663
3154097291
2274091219
1435375632
1699125062
1951572437
1696734050
1813884279
1704966592
1498255243
1342210204
1515470115
1773869625
1650203474
1485976083
1708772531
1460296603
1665001966
1557562052
1782823058
2143161550
1516887651
2549113623
1922971055
2964213833
2317084458
4062859922
1518900312
1148232191
1075868226
1218135359
1022397063
2943417490
3164247469
2482860926
4068803208
1693714054
2943127012
2099309639
1889640943
1055283765
4662861767
2158934530
3451813939
5625128278
7953738473
7585938132
1299083540
4095494583
2294249113
2700473217
2489433136
1347219495
1204263722
1409518804
2181265982
2291261901
3532995504
19760314919
1746785742
1985232275
2458780306
1400273680
2939560196
3844253921
2339523745
2222926274
1489353544
1522153217
1329735548
1174964616
1214344137
1399442975
1646706162
1476055498
1158363089
1560933946
1518096018
1291287504
1298338009
1371891289
1662280536
1865611090
1927081449
2153803911
2336557994
1243259314
3048237600
2551365921
2065168870
3205720579
6813303463
2977737779
6617404701
7920677406
2863128316
2893548669
1162513448
4465414634
2056893299
3819355935
1345729686
3147015770
2210787690
2433048890
2404140547
2495739042
2192431810
2445464790
2313403484
4896206600
3489103039
2167305028
2969298714
2028126687
1702147218
1452410114
743768960
763108320
1552496830
1232710262
1443751393
1142760722
1528376986
1183061288
1386055588
1433926076
1221961860
1361808606
1260188392
1346143534
1468978546
1436631609
1217797675
1304031172
1515782570
1557499082
1280024671
2528029060
2126628550
1652740762
4550544363
2094146014
3671022496
4888259572
1294497418
1167804896
1260758370
1464375139
1012966520
783798969
747486653
750822031
729325267
689089859
658536619
787275735
706854221
725676813
770684810
730881620
736188827
764629128
762872117
746141861
1197495454
1370394265
1804548928
1888342676
2066233321
1229811141
2920580940
2431552309
3659445291
2322878597
1429426029
1482319270
1620698503
1264323705
1146707291
1388199469
1322054684
1486864933
1524810821
1390966361
1383119375
1665321548
1377715674
1564343775
2522647706
1442655514
2417912436
2103570848
1726937944
4307667243
2181253928
1787562249
3412562561
5641182118
5115441287
6814421560
4494611659
2544104666
2259898988
2206513075
1312523073
4562244089
2118222594
3342379225
7770610920
9004054263
8867740462
2838698548
2912949933
4560184677
1314159967
1304278568
2667877069
1848916174
2711373489
2516006463
2622062728
2252123798
1688355753
1371403485
1667318800
1677459197
1712581521
1236862495
5334459685
2577286776
2607143791
3472174912
4247832055
1627974858
5935652295
7100680398
7189015291
3921147371
2179880055
1395574940
987594815
1397145219
1277692921
1136147455
2396550617
1505009228
3796056494
1915574392
1920814132
862144721
1048296743
905675045
1017441650
970438831
914180864
1121322641
1031802085
865751428
815848764
1059874266
787463614
946138253
1049666277
1076445906
960177114
1022904581
986874557
870376715
767100432
1042286068
1071319193
905921796
773671412
896556058
695324279
858239860
739773691
858129660
868748108
916643618
835522022
810650204
3015058939
1609195813
3834334816
811478457
1657317138
1617011992
1385818751
1272197390
1230826810
1557625975
1367296640
1535077610
1531727128
1536546706
1457822616
1318058983
1262243708
1554019495
1529832809
1508174154
979934694
1336314812
2219401345
2464852290
2042245851
4257008892
2021923769
3115043411
6604253975
10053664397
8959543523
2961777008
2638084103
1565852053
3291475194
2769205281
2902502146
2585886805
1289873909
1654868437
1393261269
1177848955
1480149257
1538189909
1486595246
1148229757
1488731729
1768583198
1683298574
1459921244
1438148944
1592273007
1765848106
1388954890
2291884059
2131824826
2120957031
3474456420
1775551413
782285923
787412145
993129073
1578946112
1183269345
1733263104
1993438461
2233239088
2661025264
3186979629
4073956995
3367790273
3872991144
3463502319
2835330235
1987195471
4896674736
1947580138
3845871951
7381862368
5956868691
8103154579
4587792505
2966472155
2307882775
4817137976
1982407936
823251367
1682831874
3861566744
8628864205
7963679820
5985256826
3475393617
2599568203
4367583474
2079110584
2372397605
3446624770
8963813894
10729549759
5490098451
3262450499
1467655913
5483277493
1710322955
1336110230
1777995182
1229377450
2071539989
2263830853
3997466167
6717783012
6912922142
5232482181
3116596458
3546466507
2368560447
3135127334
2187824939
1336787430
1345187418
1392337035
1187008789
1200609283
1175935039
1146680063
1215153140
1099856618
1697630140
1707663508
1221163995
1120996120
1305369051
1441509805
1303603318
1148323040
1234146499
1833106584
2483955837
1587148452
1607963372
1948328300
2076266309
3928639750
1841914204
1533159454
981890066
1225797007
1525189651
1029565137
1358359187
1459352198
1446348590
1572971966
1431207135
1481436281
1413936937
1274888928
1503367358
1371537585
1514149288
1282600797
1257494148
1495272403
2230949909
2300660136
1315410701
3061722246
2378215456
3276793999
2012387121
1337643989
1492383543
1703107054
1223623447
1340560098
1346368731
1792389476
1343102324
1361669869
1258678141
1460015982
1460054595
1169631391
1506881743
1516340219
1745863328
1237063985
1809152520
2732835269
2043670225
3075663495
2576553408
1773709333
3760433328
6477989918
6132521749
7474158321
5228577611
3707146941
1889978956
5748914871
2654064207
3705260048
1311950112
1477214464
1260228511
1344444846
1404485837
1483538871
1361391279
1445497906
1143976144
1303522016
1991618548
1535162320
1520594601
1454795314
1372880309
3208190239
2612758661
2428416907
4728314111
3760779041
1522307235
1913752703
1438289113
1574555697
1536540692
941356711
972146436
1501837649
1617354783
899533770
836037242
929686157
852438874
943865194
888213603
743469159
912045191
953790114
934620830
832321766
923815214
1048153720
1234189363
1674827719
1903909176
1989893232
1482222320
3133475564
4078167634
2290091771
2267356516
1289415101
1469078630
1133752769
1425083659
1153231964
1355319458
1193293765
1458007810
1049642744
1555834990
1581504217
1550032932
1572727866
1451357466
1459285643
1612402541
640030508
769689241
812123556
981759699
929329220
751894849
898527109
1025982039
748774405
2185409339
1668339209
3292242117
4310356376
1548917433
1004050270
1235425163
1314824871
1591068195
1421315220
1200376547
1251336855
1542517322
1637155953
1404925552
1311491350
1459916960
1573424070
1366748645
1575537534
1194297383
2642118749
2337269835
1626465661
4633500616
2297397981
3232342101
1886104314
1607558865
1188335266
1342299605
1673133591
4270391728
6749729083
3945695978
1912928757
1716032921
2357454996
2030011494
1285458026
5125119845
2048936029
3355700337
5780864252
8680362007
9827568815
2769563363
2515921084
1869886186
4697118112
2346968907
3333382480
7654181197
8176355030
6613107256
4800358187
2573826874
1955142688
4662519480
2087806241
3024522163
1903767647
1687301141
1526027318
1634200768
1490319483
1279395940
1224166612
1418995597
1233176147
1302806828
1296811458
1567732233
1501028282
1126262161
1328333477
1068182339
1387145216
1376866362
1975110719
1993828125
2136433212
4318681274
2398354525
2027909393
4637806534
7250932469
7617033290
4792063840
2308603138
1341214052
1107495802
1188495796
1413169157
924944080
3228284367
2568117121
5138267635
1415340585
1271032422
1628002739
1271168289
1620366118
1272138096
1717960053
1291599394
1450904617
1240276205
1364619529
1542884484
1480777116
1416323567
1371349375
1152540298
1306159199
2348372554
2090705420
2343815899
2719450728
2009549041
1062830474
1249159905
3634436948
8178993854
2429060451
2690832621
2737379967
2469379994
2807979577
4091403852
3138198669
2582650818
2555961631
1562617634
3991241839
2021010393
2076315282
1315397232
1112000229
1249452920
1191576964
1570453872
1231483243
1467360312
1273161600
1471181788
1142341190
1222463192
1298051839
1713661759
1349596643
1664804563
1428830188
1449828885
2128549704
1978751280
2068986747
2435062678
2089732710
1289476320
758176846
1003876945
1754247191
1268435850
5988288537
7511935729
6510069024
4694362347
3612278661
2802207389
4185831356
2335244434
4219590990
8076529361
3640450357
2393771716
1969046869
1663230455
2193727459
2305394477
2142543838
1483914459
1485325471
1468697352
1555677113
947251741
3683325769
3060148425
1407927902
751049382
1051808789
1071485381
633758797
708814125
729823526
689075429
804351151
1330665948
1312397884
1181137512
1494755342
1855277862
2472015144
2592289098
2676093636
2113744489
4075328286
1929845999
2179051216
1912139900
4141444391
2112857271
1423961596
4836638495
6266738390
7700971838
5851971100
4608795390
2900255123
2225925809
1832204929
1210541607
1172819676
1039417118
1773003142
1356549953
626666023
2080408712
1196191607
1525128771
1171377773
1664329610
755520018
907580012
638698163
681130915
553636653
754544560
784712666
1284611788
1556869735
1534550902
1591631882
1230423604
1526135545
1489867284
1387821110
1411700592
1476162488
2525804186
2467474005
2383107946
1307969726
1494151972
1522130402
1618174679
862113903
1090802306
1211435247
642970563
676219766
945678949
629235340
743366346
697713111
715788855
813266120
720144298
654418222
746590938
604891328
890554982
749838108
815461091
638645529
753198724
717210811
933151488
950487145
630313612
671306418
738797066
768822941
663344224
854933396
888423913
1423493890
778389778
806749118
695683771
927699869
938303467
965152353
876349771
1006791732
922083167
788627069
3495191397
2026172552
1581738423
2241428137
3134746837
2530688551
2261326003
7190708559
8139130800
8107167599
8689599818
6926645648
8653336436
6856906245
9867985806
7740051102
8566536233
9966439667
10254766892
12671939897
12982877473
12674955354
11683502065
9605846757
11396700242
14605752617
11935180164
5981520155
3640825731
2592333027
3833399438
3225352330
3296011733
3223559419
2577814930
2667748433
3682158511
2841612220
3073914594
2018621384
3004341690
2718527168
3069240457
2439969656
2140809378
2949315249
2881185696
2574952407
3201340713
3341447144
3095270506
2916242856
3710893209
2703419652
2479468413
2681539002
2782772749
2319631024
2864349695
3013871429
3045729673
2372199000
3108917609
2873511058
3434058523
3406207922
2221482410
2936066055
2907502796
2512030448
2806516193
4349479655
2334932706
1466011851
616671246
778471675
929198579
1195214662
1025992736
986016444
847132871
664699916
679599146
754249313
663962564
765541372
878592189
786274560
727074611
764802348
683362673
811152102
643522514
789999978
583658483
818989752
777367309
646686435
696796926
1239001235
8436283931
7737777141
6499127677
3483148789
1315526448
1659831202
1731202075
1394089682
1463916636
1651742481
1214288549
1463938123
1314546607
1382429686
1300476565
1555295979
1225980807
1536514432
1452118525
1249249410
1441888427
1081638749
1735438973
1430380785
1543372979
1487201784
1427160920
1149904508
1623181287
1228763815
1533468607
1392334996
1498684719
1483357802
1473231565
1356422273
1427660679
1529840601
1310720412
1248848571
1146551651
1148292039
1106430014
1402172134
1029676291
1258171977
926505970
1101419348
1334551615
1204275892
1445284179
1311251550
945367984
1159611492
1524944566
1236107129
1133267292
1277973141
1326379143
1132153971
1366817399
1102175990
1127057434
1137091684
1213116353
1274932527
1092908555
1182009766
1342339066
1162277370
1292686038
1288663868
1471302394
1633444939
1283905968
1235866980
1232211023
1154457039
1374082711
1531043904
1335585271
1198805494
1606221403
1493986678
1500618414
1419974521
1496515085
1118162461
1283868534
1573245059
1382720874
1542923780
1581228633
1422237187
1383120450
1616252128
1321939333
1249903992
1510713937
1451609099
1356754127
1305055320
1445764020
1562798556
1603156449
1600209093
1593756476
1485597207
1540086551
1455078948
1297559119
1315446959
1212640884
1438197899
1421630384
1547607779
1485973016
1078379849
1400003408
1227122875
1509791034
1184702215
1153973941
1224965242
1143465524
1279775986
1116133062
1416874495
1296413967
1083720608
1264345087
1001040003
1235008513
1292990698
1099274152
1333969441
1311418975
1247391910
1268437467
1210285665
1224911361
1178710430
1250383868
1176213718
1124611079
1446316957
1173116645
1304893496
1275894434
1262828533
1481922435
1139070071
1139972252
1180115984
1295786383
981743345
1254513574
1155718963
1132111789
1336963825
1419997653
1235358111
1098152060
1250009611
1313154105
1243398502
1287934858
1377951586
1133539119
994185812
1329857479
1294924953
1438062920
1199141107
1305740832
1182316816
1217275889
1251918335
1358527573
1145567846
1182095479
1188670733
1560355384
1178850916
1348587731
1345541325
1112666120
1438136623
1404354449
1382477362
1154253242
1513560504
1226576311
1434850355
1259998202
1405352039
1118041007
1185735148
1494703536
1419081935
1158259184
1360737727
1412093900
1349086991
1300833756
1019646898
1346746453
1303769916
1295604721
1259161958
1400532273
1358245155
1233036340
992552214
1380621898
1374955686
1498150871
1297697630
1278670284
1105565883
1153120091
932823916
3452093441
1682912102
1471499808
1540928002
2272634803
3587344905
2910252415
8414765026
6439960418
1777274322
2951011037
9053727348
9124702241
9395851317
9980562384
8180669856
8079537400
9471645708
7632766447
13835827213
10760032560
11307936896
11227262187
11887299067
10799716284
11912024687
9827827664
12508182372
10209838997
9755123251
12040276806
9205264355
2726316840
3219862692
10746984853
15091754000
12814938588
13271905465
12698167658
14681312008
6631084468
3288986085
5778549133
2583561129
1702976561
2413449077
2183809214
1379233286
1966594754
1457029114
1552619447
1877528561
1143219394
1742875996
1671271151
1418581752
622378150
735476018
1761266327
1719622515
1480715565
1577605533
1207501472
1405145485
1607838078
1592068787
1595024337
1688305942
1688163196
2045924084
1462380355
1620095409
1473159412
1888896104
1498615214
1464930992
1711781861
2046067128
1475913936
1623389568
1388926576
1486757205
1573122050
1848299682
1234005801
1490626027
1405723469
1625178098
1721045828
1753610384
1352305975
1705063232
1721577344
1819047282
1616999400
1675340829
1512829112
1656363857
1263377610
1447291879
1129449113
744672992
671149630
809849196
609156958
801910467
862897172
769685395
940570409
752606011
1093887087
917445041
775110274
1079876661
1009884375
885038718
839183484
749221781
913095116
774426688
836365692
919984920
805644987
757051043
883829165
753151944
905330317
772457171
964611605
924868112
919079110
835777117
870848147
834682224
789062864
834523497
810947425
1014079017
854169871
769863990
1013803300
736962795
901556333
866686857
754979199
918553958
784325557
946177726
847199839
867716561
927902441
962126550
1028210647
867931854
661490841
927660867
959729242
992135427
730436673
729133652
1011025620
946095877
854630604
937456593
687188766
794117424
964257687
893208010
993003368
882902787
917952712
838264969
1407796550
1332847348
1229549851
1578483620
1706672719
1434023189
1136661695
1521691955
1381699253
1249410660
1135162438
1512579369
1464274157
1373904928
1397542388
1340719966
1537622714
1660040682
1788177858
1287295272
1472067415
1464449330
1189660147
1320879947
1078180558
1503586493
1579544891
1541974926
1516481218
1440499490
1517190277
1349499592
1395403293
1632156617
1420096034
1389003631
1290438160
1521532342
1476055378
1428760123
1233584615
1204514529
1204974479
1276510782
1202140299
1104555998
1166842806
1057283337
1150623468
1244868429
1196518971
1000908322
1293327843
1333654032
1336809065
1102045873
1497169585
1206576570
1395738424
1399137949
1142116829
944200914
1233578556
1019475917
1530173172
1451109991
1166714950
1273179680
1393663569
1125101027
1310382028
1383905694
1062401491
1395767153
1246850759
1212659485
1299069312
1236032934
1272047893
1324239446
1270744588
1106001860
1501574529
1512703312
1324192651
1151854578
1055959702
1247921875
1343344491
1031334818
1074864446
1355045208
1352002259
1261291696
1312147635
1193619270
1215935755
1185986656
1272371751
1456842666
1511384823
1152361146
1079488889
1334164942
1054756997
1280568537
1382708203
1451375894
1316050738
1291000937
1284985035
1382193111
1223386248
1044481676
1220128414
1184230079
1398385881
1201105025
1283626808
1183093345
1358108979
1300917039
1135500770
1226587282
1234273469
1101417482
1105443603
1378978988
1330006322
1348175135
1242233136
1306413128
1353656468
1385572007
1332044609
1221681327
1221365115
1369125620
1214369213
2482285397
2300457447
4965408155
1779580977
2242194614
2534772438
1823793238
1226506185
1469549975
1330056028
1351118765
1550942452
1235293475
1544424728
1126825738
1519780652
1225686190
1423376142
1395765415
1265330677
1179635288
1424433057
1490832453
1132934898
1275445479
1254302732
1087376735
1247033390
1413880213
1248927321
1488054937
1282177173
1218017034
1262852276
1349204300
1174596242
1177140537
1474620140
1429772868
1144748794
1318277615
1364911941
1451236568
1203139070
1071947415
1273046106
1170070466
1568350455
1241211329
1586089159
1417604875
1306607138
1108818608
1390935807
1454140472
1490719068
1022774042
1244887794
1148809916
1234209966
1003836001
1433811203
1349704446
1361719457
1283359572
1443878469
1109367272
1282842954
1407406171
1216394789
1125183461
1094057454
1333873153
1730232191
1136040176
1192971078
1311043384
1379966881
1330077379
1234452078
1151200249
1275415743
1312512106
1540480771
1648888405
1362968399
1121577847
1308243911
1625031970
1285078147
1285107495
1320325957
1423490244
1759862417
1049901805
1127669658
1440602751
1231949783
1435648244
1352623854
1459746037
1289476687
1579241083
1611034890
1561444895
1692577068
1580779693
1314287183
1400180974
1454570124
1309125692
1329848466
1300925869
1154408844
1562654645
1232621889
922966086
667056100
833281266
727111172
708115789
779571434
928047677
776629881
851254123
872202582
701547538
856171630
809095657
759622393
940245547
804951348
840158405
768469321
843937033
1260250046
1581531718
1369752898
1407998342
1167086181
1406573876
1410123251
1432729282
1316138522
1461401376
1230353338
1359261817
1737806951
1645072265
1572826852
1152172673
1259586340
1322850397
1386274171
1549599805
1439195322
1214422817
1314500647
1573916544
1684164518
1372095427
1332589590
1241636712
1351885632
1273465566
1284097075
1340900270
1382849095
1268393678
1238890143
1518179712
1302975805
1646673596
1370206424
1411854954
1512037181
1268783522
1350533778
1360833443
1239017322
1364668706
1215776712
1322896864
1271525337
1266437504
1546731207
1578372055
1413304209
794499658
713228219
805767193
626626840
794914932
729200340
605807357
737580850
718079991
590125152
667949569
588621828
661318019
631032164
701811781
657938109
702628577
624969064
726791017
775802492
767084178
757235458
553286604
643387598
714751051
691907704
688716955
669660533
718103048
736647995
504592199
763360110
745351740
603403643
686442818
664908380
740365727
805574953
751823033
699972454
737621399
627090184
627245928
781045263
578320942
764749394
1209839544
1084838876
1543101861
1314926875
1280816659
1617321744
1319631623
1103193863
1391230383
1557502523
1088148407
1233696404
1585554143
1372227872
1135017666
1465426580
1446420966
1342056453
1439753178
1178737548
1436545931
1606638520
1149031145
630150173
769808924
1183645336
1440368663
1411971154
1402837710
1480935779
1254918983
1533790606
1131839893
1396970902
1408185051
1075617745
1695395325
1457710551
1366936670
1486713842
1629684354
1587499854
1328594078
1157921207
1362268501
2105730652
1470650678
1227977856
690738933
737338115
1376432784
1990472549
2242926256
1225409059
1957624615
2014256709
8177088423
9049401280
7622055483
7627200361
8197631160
10346754465
8266916587
8973062909
8667453507
8697122637
10250293593
15631461991
11722008410
13117936680
11381122649
12163518098
9788434613
11170017063
10852463250
11032897825
25586759292
32516504332
33256542417
25584393263
7639853148
3415281553
1714891177
792815202
1425433285
2530883694
3584912700
2608701061
3590971983
7711684308
9177318242
8120731621
8360762506
7903104967
7540693766
9371509479
8891683196
9905697404
6402087934
11272804286
12610843436
14181651676
10221776771
14600005159
13650014515
9739307517
11540799711
10464681971
9367147318
12410752710
14066244241
8607628502
9717481769
3024472108
2945105541
2948341715
2999240275
2572072485
2730132578
3399108112
3122256416
3141450167
3476693583
3264306915
2935905579
2828256506
2822008153
3297992146
2480432475
7242559562
14363026196
8490047535
3342828841
5452278770
2479687891
2769390060
1374445656
1178421775
1435843516
769252771
773516454
782775733
662374552
554507565
805095310
678227813
629499794
685395759
675549220
759414976
738787402
769552788
764370766
648955495
580415837
748757506
732221884
715902817
625658982
714534429
499624455
897949246
1452112595
1598190268
1541346905
1541517568
1512258691
1201940461
1665645794
1277353743
1458875348
1514525227
1760266067
1382942934
1247660849
1436810195
1594157125
1403348484
1611052380
1490223977
1351260794
1489046068
1287459493
1370384714
1065616962
1415070869
1198287400
1627614980
1350540256
1045240762
1149600253
1331115744
1444075946
1342545898
1371698001
1414992296
1801820059
1494857134
1427340368
1333612760
1641281770
1230617723
1471356000
1165246065
1504807759
1627395423
1530785104
1792674789
1276326747
1160300637
1440967707
1266960177
1322916059
1291597673
1453037882
1171831707
1501249803
1622695301
985936534
1406953137
1236289138
1454323007
1587565873
1246889449
1244243506
1508809351
1560147870
1368225903
1412632544
1534237906
1141371616
1375238052
1588473619
1503334423
1473342844
1265155397
1349882649
1492757776
1273145682
1385550884
1273957920
1340957005
1212869690
1300036165
1358886992
1625711854
1184770038
1395260024
1251864785
1377749581
1520071054
1605051136
1257009602
1683131698
1541158160
1412976280
1673789260
1497980359
1583098187
1386694062
1238362558
1394117006
1540280044
1257697290
1296324380
703266913
699045529
743552099
834261745
936057296
930328529
846228295
890292257
889066295
1098385450
773791562
841935813
879813637
921873471
698460580
1016084386
890535541
825918263
1035439550
734045381
732477055
751011828
813171864
784478502
995574862
834829321
777169757
969392810
795787559
852012844
862698911
853716087
913708738
640427657
791556535
939777977
862589849
963866043
946567218
803088533
1037406344
943612688
879163539
813586627
804322624
954459516
843584537
803344247
1050733076
771595342
813940777
798546613
688980618
893477302
786177203
782633727
852784895
760851446
571043321
1030572530
938689635
942758632
810277809
858553710
747657514
831746808
877982626
801646875
769344509
900108759
807230787
896265924
732716731
878311604
742721996
856785638
880371553
1015768938
1120315770
1524573173
1556032547
1167188091
1555145811
1530227888
1477036528
1352543484
1224722543
1365960593
1301002534
1542052394
1662955629
1528295648
1263258275
1533599748
1233609683
1502303104
1255553301
1241129931
1366951231
1589493126
1355627705
1334414227
1469990585
1273394669
1199457799
1369239964
1266594030
1573415213
1315133573
1262042246
1533608393
1400666399
1235189160
1408176442
1683269362
1476958585
1432736269
1643847282
1399481644
1342740232
1390176562
1390779951
1314991252
1448793183
1512754571
1307273792
1437955126
1534926149
1393927861
1220135898
1388375908
1717200162
1330626632
1074721639
1391560354
1323671356
1374014456
1216018395
1423371888
1414872247
1490379880
1233442351
1371567979
1448926803
1379883027
1617220894
1327125561
1334886327
1106259827
6658653168
1830251891
1923416584
858401049
716135527
795706000
1026757614
1023789755
1053878264
1045466769
808042202
697934596
799214089
630704733
658892313
709462968
628337910
678273791
649820121
550637534
652064904
765862190
732029956
645798621
684367569
671774598
758240801
702824881
891469276
600240603
1055522594
1254756761
1223107288
1539899946
1613812015
1229784968
1198169393
1363479577
1117427129
1328841480
1203957619
1482409412
1299077453
1473263377
1272054231
1469561849
1068744080
1084353275
1351399586
1453755137
1105542739
1203780984
1452743385
1129566282
1505657786
1443800880
1628826307
1337628135
1415175100
1414527553
1135496785
1465408649
1452263418
1367521550
1402996550
1455705785
1341385169
1390815978
1233098736
1472049859
1320519712
1403635995
1409481585
1220934215
1258389411
1468224368
1398500772
1070139185
1267130299
1829979201
1402097636
1448528626
1294429491
1405388499
1381382880
1126384460
1480942477
1523302161
1192931515
1364285402
1408078398
1231608756
1299910213
1347669362
1048722622
1364326824
1378229747
1282374987
1262325543
1134256185
1120624140
1218525944
1472783618
1143067291
1222299937
1267947239
1513879041
1203883148
1358426012
1615864315
1202600591
1219398061
1321783775
1259531796
1467407458
1393978043
1096548201
1391343789
1387137446
1123205998
1536248972
1253150981
1372457908
1250171691
1050875575
1153085468
1746167599
1305232581
1376849007
1375188793
1320955976
1416423400
1270711296
1391487729
1312648225
1437841413
1271502970
1423387789
1266427041
1190223857
1395713005
718134953
722055207
861732409
643494797
864323553
568173951
659539882
685966850
597221873
650065812
747429775
673678038
628197831
748160206
737106191
581668398
678117826
639355085
624284555
805641019
715654631
734753450
645097533
770739666
653274529
743418039
675297321
606982705
609302221
651615475
615360590
657998846
698733201
643560795
699416524
765608565
805394821
596944182
770864759
677163681
601363881
811567881
647341629
638920107
650977354
847540296
688344149
813349138
657759784
626441250
604441493
621111551
607734578
616983647
662038294
759217319
722773330
770798013
569630768
714863542
1076359267
1429669159
1529835467
1306087526
1445576543
1313985559
1427829593
1408091053
1507494632
1388809597
1396270409
1211719509
1355750961
1359312804
1221744267
1154338712
1449076150
1205909604
1501461748
1325277973
1352234506
1317953272
1300011612
1470743056
1526849505
1510752665
1373228981
1204250410
1198807124
1416311144
1320038498
1390217177
1366566025
1292471685
1455109904
1439159953
1660163400
1526453477
1520052567
1451731741
1365340493
1328615494
1047752357
1676589876
1374939584
1138670298
1536603449
1397303085
1255684770
1377607672
1185395970
1350379235
1264324907
1403101027
1602291862
1366374951
1413914380
1166020034
1568103691
1474619624
1579274584
1564735753
1380831425
1280407471
1535387694
1250041143
1205162254
1407493204
1424852587
1165893882
1779678683
1546752517
1480567381
1396000654
1163797673
1490910247
1067330279
1553973466
1416037361
1088397306
1473041177
1210402749
1374069783
1315151514
1620030098
1407817444
1335618642
1471282781
1226696748
1502994552
2591167905
1594705896
2590104739
2282193589
1596293500
881823573
2397266677
2426054532
1781964919
1282322761
1351330803
1785146521
1434966128
1662181521
1365165528
1265724873
1379519423
1323784772
874151641
1504528291
1564311489
1450252928
1469718652
1474688997
1379491482
1558056614
1520340302
1301903812
1431828655
1237394132
1642713509
1469356211
1723547499
1545892756
1327349103
1513320104
1592990635
1311604324
1462336865
1352091069
1262464983
1345155534
1548188457
1282278800
1396503036
1377217680
1229776160
1518941681
1383302584
1605948100
1059856871
1583596027
1243712857
1431631386
1277352677
1388961635
1191858839
1537906741
1403919588
1386843453
1259736571
1638481424
1450630069
1300109749
1643875670
1680290741
1308692865
1194053213
1530866734
1443445187
1439199223
1219049690
1380043113
1321159027
1347695901
1555780736
1112159476
1483825133
1237761755
1450339340
1363334602
1268268815
1039272371
1446737939
1226879895
1078307736
1476427989
1256428803
1090440149
963727860
620005419
803158421
622219455
756908028
578409763
602235133
646790438
775468347
668064903
605658111
706583405
769674163
586701029
665659090
768579513
602151789
925396785
830444147
705341345
524380949
707449350
637968750
694851334
783214583
789695173
839594581
814508681
653780529
706536256
659049764
678251935
677613607
641133685
718398396
583730487
803628848
611654255
805177776
718497981
638951684
690979561
807203592
649772670
677057550
675836449
528207430
635589150
674363495
703055369
637643792
636313322
569389144
680512044
762872031
819286050
635996402
752282015
658400955
640983853
655418806
765738008
610365598
556347668
730639873
699038734
686025112
680633736
667056424
515084835
633354549
614142236
744395506
656853855
716753582
663379583
772907916
664871308
753941556
669390117
685284131
670950092
650263578
858391937
666944485
691125883
711606464
621224139
597799723
591957508
710760794
691937978
610289947
667687986
811001611
684973593
779427387
686891942
616767501
779156225
611592184
831340093
1084643522
585485995
730431536
697342908
664040867
770428600
624944434
705754709
678077030
676011948
595046868
669232865
791876066
760234936
569117279
604079035
756317011
736470243
755246446
679201026
687846322
649509369
725567311
636724990
589754247
592147187
804457836
658651941
602880815
719929260
674887829
684105395
701408487
559626076
707797266
637462829
694720149
664602209
684420174
637885019
740765218
553995436
717437380
571091692
731027317
637228900
720771249
730883689
841878383
683117305
725484913
728850437
799686107
667521078
680644765
603691322
632055306
695201331
743264147
720302014
645065828
711111267
581355405
710650645
634329292
683143184
677235502
735771981
815189562
759820033
645804215
727447711
579300799
669689451
774773676
700808469
631660846
645701829
702062094
753198922
693766597
758755784
653584274
623155568
558287294
652696483
618521192
710732454
725397108
707651626
738329187
668919947
692088616
518892460
681529717
641965093
683010561
739697605
567691498
718858388
650262892
694381704
636138170
665796873
627614028
718396585
548425547
670886210
569245962
689380005
670492345
707650316
644316689
567611199
779217184
710427381
643461048
675408402
674395552
688497151
688849285
740687790
612012297
853205556
706660880
712458694
751221992
816690386
813675481
558841279
666674741
724806651
572986760
793220275
630588870
677105735
682715647
786094964
714493077
769848481
739199023
640382991
617091793
719717761
673621647
729281416
718747094
615206340
669331811
603522663
845605226
679085851
716482034
775659265
648914183
709029449
583627938
654589395
695329177
649417876
789370116
842387859
702647255
578572908
726914263
596326363
753731970
652105485
652465283
649495326
533968708
722646362
611291214
718033394
689816115
682301339
675932863
726956916
628370657
761100242
661879423
890688312
661811795
569925561
681942047
709194495
655124558
791807714
736549960
687723711
664055753
701231342
613310249
800434376
691812848
582718414
724248600
733049810
727673740
714213352
586136707
668348271
745726364
721717759
665667872
658020618
663773694
803913509
698258077
2864107429
2060207308
2826616050
1928494810
1301124812
783847612
1021762441
1139816374
903172907
922542204
860792114
954193147
983986854
1233012167
966602209
1233830656
1112093755
1118705295
1128610868
980864076
1273970724
1011294519
1136930947
1067710263
1963937596
1898524469
1397584793
1304742048
1391795838
1443482408
1466909734
1296192821
1550174904
1420791839
1645591225
1561188147
1661191116
1348427995
1456887308
1423219887
1305046065
1625480866
1492488078
1373488999
1193522257
1625699019
1501297349
1433732980
1526812676
1399671010
1535698969
1496420378
1185460636
1576383605
1526800667
1353130993
1267766704
1585911261
1351439280
1544430719
1336220555
1514487604
1627627201
1514721271
1483643065
1386126602
1183292146
1341735424
1344815839
1453729274
1601343950
1301975269
1310916424
1543320047
1322870322
1574902326
1410858833
1684804501
1262361963
1683092969
1628071543
1783535014
1246364764
1552893065
1577448524
1293794690
1498904053
1471414946
1334181777
1662521136
1340481067
1231539800
1310980365
1287855731
1299500195
1387080134
1160764818
1314949585
1267936074
1321691549
1317031883
1188251347
1298610085
1301641202
1291361067
1233486605
1114351755
1080631640
1419647923
1361028395
1215458217
1343449787
1056095534
1088704300
1242766550
1540674497
1630419611
1570840247
1086479071
1317443730
1323098468
1311290954
1400827413
1209351564
1525283345
1251955545
1243512617
1375530529
1685110049
1223124290
1509928817
1217733851
1610688772
1322108325
1332879301
1401068624
1637659335
1386517023
1415114119
1370961511
1399747895
1413878147
1395422150
1177468019
1484755171
1486158574
1232346517
1081966836
1604319991
1630142092
1056414443
1336145343
1577887989
1572060054
1212621847
1475138347
1513312009
1144513079
1239617769
1351888433
1155250614
1239535432
1349550491
1557676815
1383446480
1316967525
1199910623
1115046811
1251573699
1269106603
1440611315
1485290843
1303957422
1395975749
1192858423
1465293592
1398794858
1174983852
1550949309
1289286960
1439514301
1038138596
1295232412
1531895076
1292715525
1560179166
1553437450
1566396101
1126016350
1507962744
1235755028
1479845546
1213682610
1154074400
1549757520
1606741909
1317910002
1479635508
1365180802
1653739527
1237846187
1378697652
1459464820
1405539075
1374485611
1288378075
1403369576
1348104665
1359287177
1625174713
1591622987
1200764875
1569955167
1473246577
1378135591
1314221423
1470529011
1478502096
1189298227
1469866434
1271233432
1400427563
1041387935
1507392361
1223163213
1323298994
1285630472
1367817113
1496646757
1661728749
1590581010
1849523977
1515438765
1526237878
1193191503
1379780264
1468944900
1246960820
1496402008
1632592951
1175615388
1460514017
1418262086
1462352445
1159032871
1056571546
1151178451
1468540632
1291150674
1606824201
2835274877
5131655861
1892868308
2234221331
2781050678
1893719143
1130096345
1454167970
1447418190
1105504113
1370384088
1287727845
1388493549
974091535
1471005702
1046235020
1444672975
1066355944
1345799018
1363208684
1356352059
1190507937
1298463442
1291334050
1248586018
1232392850
880161428
1181135190
1261068078
1004390144
1170152025
1368803593
1290962509
1183002042
1587664720
1483043294
1164108704
1201644816
1402897705
1161009159
1324872476
1402270318
1312006569
1271322352
1684067984
1291350521
1266256845
1532860902
1104939167
1146331049
1533924357
1222321113
1064313824
1350320155
1061134545
1138262806
1455206339
1359487271
1493233883
1384830461
1183890662
1522673656
1601283710
1062112412
1308004058
1174196852
1007771398
1347787993
1248933734
1638077177
1125332481
1238526392
1307142291
1627221045
1213457690
1392138810
1510918689
1359541177
1067716156
1493619471
1322892178
1346820329
1186067276
1555675055
1142513173
1291195425
1148683098
1475798768
1290547348
1175880990
1443546337
1492436040
1624137388
1449832654
1342680542
1491755938
1383816870
1161732644
1254840663
1351110436
1376551300
1232803551
1423844940
1521736225
1257431569
1262495889
1511554195
1393169459
1285041260
1337056932
1319927357
1169387789
1570567884
1395337284
1383981919
1482187384
1313073793
1410482881
1615894904
1450123358
1537696927
1692537433
1621215564
1448771426
1316753188
1665322678
1449775109
1771250198
1440439941
1732032026
1490404706
1464269243
1648870085
1727155692
1722696821
1648177662
1522474191
1341793978
1508256914
1437300321
1379519905
1475434663
1232349594
1654104238
1759092228
1510224120
1323243283
1399388647
1381478783
1396753064
1380569288
1267349953
1585460076
1303216231
1659625274
1428921405
1124904775
1577221442
1437996833
1723761293
1728562413
1307116123
1627256241
1514342534
1620024317
1458664100
1713354594
1466758918
1430292444
1726917227
1334190229
1550374304
1437033916
1628829590
1600455418
1651674342
1589778472
1220620843
1413735438
1450423288
1557228315
1555531479
1759886505
1628417388
1573262039
1327351252
1690174171
1353996765
1407259009
1263763644
1624511508
1838494637
1513420261
1477727325
1531069773
1469821536
903735650
883875384
1141092875
726865506
844442233
859927655
912230981
844813221
915855252
1114986728
974349407
711535364
924306491
891329110
896079944
919248400
1080877090
1035461456
985157799
1046233082
903779260
983973208
978168081
1063631095
954982290
993265921
1149229421
820447365
1039896796
866682108
1059653784
745989144
845108704
861182665
796042201
942116588
878639645
969677305
1066446804
955948435
903132513
935152268
1004069062
1094819036
908341011
993532714
965201696
986055666
906302054
973308869
821362593
819024898
937588860
969710849
874617860
834769977
795328078
915966997
886985872
1057830164
824780978
1016390785
981324450
940151623
4764589172
1579770511
1659085773
2398640519
2830174479
1420292664
1219226903
1154877589
1466014726
2088315605
3325777439
2210533502
2312837707
3128162371
2941945549
2471813816
2615610253
2842068152
2859103243
2219902556
2540733453
4634641505
1831537653
2558977489
2296101065
2553063704
2688194787
2268849247
2215705599
2364279847
2500827409
2970252756
2635202113
1841884145
2627385984
2805938912
2493490066
2403967113
2258698637
3091420232
2485519548
2458153596
2548459759
3680021021
3167382123
2803875169
3280492712
3189208654
3596318733
3186555972
5713659137
12701434230
11897586003
11856742964
8684191279
8245181203
10891909441
3346159713
2747814782
2900222985
2672985158
3089849736
2384321725
3106917947
10496700324
10991856701
11755733205
8007161225
2435109841
5665864413
11991303550
3356768156
3380807166
2784689784
2849562245
2410843883
2980813943
2602180801
3034017445
2804544387
3551685497
2319286863
2369678607
2360339290
3413712755
2460904094
5157547215
12541540863
3080524963
3123207006
4666610097
2898249375
1672195372
2825873869
2539119135
1135660069
1333514894
1498354558
1268391401
1594726388
1444033290
1526522159
1195756155
1470441584
1672668304
1236641360
1555571081
1440529455
1246337548
1377074356
1317334057
1172808878
1758203622
1455776935
1568284900
1439442646
1402982849
1545719178
1334811237
1613764923
1630530222
1192066162
1347315547
1341318405
1514269445
1438428728
1209365075
1161989005
1475031876
1215773329
1002275676
1311606549
1466968129
1591743069
1465244944
1319799614
1173875471
1392765353
1469890955
1403743224
1586292333
1679158805
1488934477
1227149591
1473469689
1256123352
1298105141
1224202061
1483256439
1370894402
1235452207
1325037996
1347029801
1366276928
1246157436
1384365854
1203284626
1258506883
1250441187
1306286410
1176069979
1157244633
1497958025
1225482389
1251532212
1271330447
1202068485
1407502466
1323895775
1526566450
1355501376
1098990302
1440004026
1246012961
1333152778
1228477207
1207843027
1298218182
1370269129
1476577944
1231512964
1396584258
1327358825
1043201497
1152333663
1456660573
1376840276
1109675130
1346565972
1152127776
1298691974
1389705282
1491881180
1188565588
1434313624
1194117370
1341155833
1148160975
1103564681
1192293180
1266728432
1330480481
1367579932
1499036568
1436685105
1331235061
1157778731
1391755878
988546181
1386818091
1374339577
1207467759
1384638858
1453566194
1034134546
1064631859
1104378119
1152455129
1326528055
1593228473
1498262804
1382529621
1357396074
1308035104
1313933912
1503670837
1424925763
1451471016
1234010609
1431764266
1220212665
1442712639
1550628447
1429306951
1359364106
1406793468
1611854172
1314865799
1265808903
1459580922
1133806100
1411477040
1444732794
1284190615
1253561087
1511495319
1153962797
1499887402
1455774716
1440218791
1396292704
1381863748
1305223642
1220997758
1373972974
1389617060
1259781656
1509114544
1073442726
1228022294
1421983179
1179243389
997718533
1170990030
1364163981
1245706153
1451864638
1387814993
1348150155
1466689095
1279456399
1356801909
1342998043
1470297515
1245385258
1414795124
1404780571
943680958
1344663665
1440817691
1134498647
1248085975
1279503040
1408346313
1337585469
1284208801
1419587326
1385866084
1136977098
1316621913
1393681735
1408215514
1535450311
1428283201
1147786894
1283548675
1151648232
1142882246
1374126369
1515980660
1372510459
1488675155
1473269918
1201736647
1301543665
1287221901
1482763900
1268912522
1585931760
1618808893
1423806747
1087205121
1572736041
1445904376
1471881443
1353363713
1288679437
1547380302
1367452183
1398159790
1352622825
1343971159
1404705813
1243217660
1381370072
1360436236
1353121897
1409193847
1444655041
1128569498
1536407924
1348621408
1485385778
1175800334
1429562962
1204251675
1550463786
1174347112
1540322805
1933422333
2254785250
1650328328
2243839332
3041382131
2483739216
2204619583
9127255739
7978275532
10435618726
8249911144
6973876658
10011307593
9800747687
8366758588
10069641037
10518950682
15418370803
8506480521
5971661717
12173846141
12656102155
11196129920
11582650944
8792375542
11296824378
9020918442
13474338925
13626138508
12902131874
8050937469
9345745428
11786441323
8832896055
13085322395
11143758109
13665359129
11820384027
1431236200
3079359414
5947856083
2365603391
1849822278
2663591503
2459279045
1562904112
1202108380
1664803951
1902790576
1294856647
1399810815
1780118748
1719587869
1461402694
1759563483
1910253481
1616047511
1250674428
1585127806
1602768814
1293256149
1549716789
1723744308
1452909006
1438042103
1675874935
1323637975
1460654191
1070921326
761018320
659006106
834636654
688956890
703587924
660474362
660567215
769576033
765463928
624126411
615592355
697156141
545611215
616494392
687067824
670636411
735938221
654664778
728605174
679145867
758087817
799232853
813045422
773499134
686181495
574789232
796174499
631310145
765088633
754453395
746852610
630668130
786227734
729864386
901727337
736981676
900002922
688316569
655252607
713806626
659797628
705979344
673791422
662014213
660808014
722060132
625171341
727163240
803925199
780270831
638859798
568282878
843935230
781800228
823696301
678098100
804821342
795218463
714681236
750894270
686612789
614341359
671921488
615099124
666065295
619548444
677244378
619088377
738309810
799114772
670575842
755297055
644793520
591493546
671702596
700413153
648405301
655686419
651896092
667871524
640234152
659505094
751352461
648502672
665320877
861889427
732983678
680363292
591791553
649604027
686666778
647179535
679525734
689005323
794727325
702327042
664143460
655962339
691264184
656389805
811205938
596852571
780521483
700907592
690991887
736524624
699406797
1301901889
1246260681
1277275195
1277414603
1443584625
1168787315
1067437154
1320556507
1323647157
1239238279
1457730151
1233024514
1351189849
1303063887
1417383458
1398080397
1386824966
1293155435
1180788047
1306513563
1355149185
1452349303
1338955684
1231887254
1418835121
1481832934
1362290657
1273329840
1242614861
1326505357
1257298269
1511195474
1477347862
1168964070
1693299683
1693659517
1501905028
1401392746
1550930593
1551945077
1586827651
1277841962
1638452694
1404606022
1501666865
1368756489
1489390808
1161840064
1200354513
1516147894
1564407723
1563246557
1371665614
1429383473
1230899206
1522321738
1266014510
1546706717
1520958719
1374087189
1808879924
1462992968
1112485613
1354523895
1596168491
1206666579
1166030716
1556651054
1454916328
1433239434
1518304351
1537467709
1262109750
1505108518
1141170012
1431755821
1538528204
1279392038
1475586509
1320821173
1473482850
1509915695
1261052369
1371334899
1521951148
1515354054
1309188391
1143609419
1302771949
1470039726
1244484513
1455602542
1194958898
1399434768
1490965319
1300334208
1247517531
1520638235
1306799277
1550572929
1489976828
1402774496
1678475490
1466988811
1217559356
1558490025
1501601719
1647915706
1490516230
1376281383
1294590562
1341870943
1356398906
1254089207
1535641055
1165579699
1055222640
1410283444
1287297307
1454129731
1480189656
1397331921
1181350689
1249867377
1597269201
1512840951
1291251772
1636101829
1281449507
1606707689
1210323102
1429659432
1265010629
1372366717
1345246376
1456949796
1505030939
1343091448
1366614144
1641264976
1069080321
1345898040
1410327053
1579476938
1680571634
1062136165
1417012448
1420836560
1139329821
1215551846
1514802359
1458491031
1384643247
1267709110
4085360384
5137714315
2489306935
2326591344
2554428408
1766071117
1393621648
1169049597
1515548263
1519207709
1232673089
1578598650
1592860107
1230487702
1651580711
1599075932
1287602287
1314430232
1678235129
1248978283
1254676405
1473593567
1377514698
1524905540
1479812997
1360774102
1358554358
1257437248
1179970742
1715888751
1347664241
1591432737
1268823402
1607598080
1165411068
1484894144
1452288822
1313624963
1475652445
1549543109
1321728152
1586331572
1060184928
1353842305
1444028927
1051655018
1368361321
726276588
815988074
785060401
739591467
752342397
732934272
758147606
852593009
796882759
737496123
764525842
666427119
855570090
671264302
786734911
819145308
759020664
649224467
610116514
760455370
776806193
784854778
1384964256
1482446865
1543333902
1460256436
1577759683
1371254141
1548018902
1341545909
1484388591
1407466506
1172117999
1247302858
1413960551
1130266978
1441615366
1264702374
1207184450
1250210217
1487787112
1461556633
1065701453
1203322508
1146923468
1351570707
1210468227
1286405255
1479328355
1096161123
1294011227
1173594583
1388903270
1367936610
1522575823
1216154164
1372181967
1327477365
1060515116
1181724308
1295143567
1188305102
1250209785
1167875889
1256440402
1298781449
1363059633
1105482888
1584283644
1352675225
1259413766
1316115540
1417913210
1403862139
1509203183
1491803116
1155471767
1332736102
1749577408
1330130060
1508651255
1334523485
1153745101
1420770385
1599476574
1564601092
1391867813
1344927106
1431839294
1515344683
1542462007
1594864984
1503224469
1336373580
1400162592
1604298304
1646503886
1740864078
1290470766
1859029251
1500383955
1531464791
1539706675
1292849444
1358601618
1274024774
1211156538
1405844144
1444125036
1501839991
1360866750
1437175540
1490979664
1743238018
1210702392
1494502554
1395813617
1299442609
1405267781
1221728405
994463923
1331468245
1309279279
1372906619
1454424059
1377202629
1190846923
1109210765
1548956312
1303289423
1266029484
1391815599
1329739816
1327811753
1170645070
1328856452
1590469534
1369982860
1238863141
1397144315
1333438409
1615986850
1105620504
1269172695
1476084422
1467467701
1028717080
1701019708
1433373595
1550641044
1343602551
1166462756
1355278925
1275847276
1211830507
1438887427
1526148290
1278773459
1302058057
1387566621
971584902
1383565683
1184102940
1521768529
1429742384
1499289332
1316824054
1138111033
1402880198
1350702080
1501024121
1822151604
1555537006
1276107511
1177187436
1166087012
1230319884
1548849154
1155456672
1374617700
1268046157
1455602646
1245319116
1470252640
1088687866
1459700886
1447221294
1469818171
1523399799
1520699616
1373420020
1230689052
1129695905
1457156768
1422216567
1403851816
1482192347
1592635682
1588859663
1339479551
1244550674
1453504734
1306654107
1055256258
1017893797
1234613224
5691922092
2947419405
2850449085
2628785802
3025095133
6890321373
1741457499
1151615743
1579478380
1502319016
1569441900
1468889036
1450849822
1377415224
1434250796
1517614643
1293072691
1573195808
1371040578
1248864861
1524088541
1776157533
1503886181
1537944857
1781029111
1515133485
1750558776
1469022719
1551206764
1514942206
1548476640
1255374089
1388475312
1285697445
1534252604
1339590934
1641720312
1647992920
1731447364
1391483323
1241049988
1370172635
1619193076
1469308235
1133701625
1548145995
1221729837
1549415672
1305544785
1261282705
1662905232
1689716984
1422328133
1544862808
1742440084
1646776003
1229936173
1634486012
1290567476
1560566622
1511758852
1535619260
995465424
1404460728
1301212448
1359555965
1102339548
1120211080
1167437865
1170104617
1233146531
1435599478
1301981926
1005662960
1171674489
1036559341
937571760
1163806820
1146446898
1144537419
1159388203
1500878400
1572514928
1228641069
1264326954
1348860144
995166886
1130116181
1111942323
1395685792
1427730160
1336522990
1273710513
1143897612
1174331554
624423439
614006794
679506403
598443479
696562119
538005764
742219386
632311516
671102988
629207457
612939680
725966556
632406031
644703174
651808294
695524684
699616621
621044119
694631629
653095812
715190765
539119246
586791968
706548368
732118374
673210765
557974497
603335553
732183433
683668968
720827661
536476496
755183113
605203398
606992353
727673871
689223896
714280045
633344824
684155022
637401087
661850534
666151013
569157489
694538424
639438277
706109038
753679625
692028600
702390715
731059592
686192497
584922956
565461288
779156774
718446543
576587222
582212160
569715523
596616848
718107401
738401129
738559104
661596066
585925451
518569268
656036012
669428153
705064745
760330096
696418451
581643959
729850934
852897732
648419711
623235884
700785633
606412128
697343220
651020377
684334681
685958542
627255571
647445338
693195768
701342787
621477485
582104930
599330086
534095390
788692006
736271282
668726642
710423160
718498544
682536174
672852621
543922141
493678292
773065806
669101910
916472319
621206427
674488868
607967406
679419286
582179010
614777760
624091770
957436092
1781197162
1389525224
1390616951
1511546943
1242207220
1266656170
1751677921
1344153363
1516927705
1424344398
1383951143
1002289491
1578978741
1707279706
1550616423
1519886358
1481908956
1275401735
1095922669
1506504672
1183051609
1460503184
1428441343
1400896537
1315128283
1531646227
1516685684
1325586540
1758763838
1698858775
1752505322
1252991921
1734301767
1520393051
1748112105
1660698554
1518940728
1807162623
1223646571
1691451796
1599036301
1458851821
1567075141
1317621805
1480229866
1580498838
1291471687
1281540890
1326445655
1250933820
1627937539
1344436800
1510358362
1295616388
1429336987
1316635720
1462951610
1278735435
1139405872
1329025429
1527888019
1611410451
1249061408
1265031672
1286491466
11166042251
10339437156
8052461727
3024075814
2895113853
4428331796
2083721810
2629478374
2181783306
1471988322
1291587953
1453825870
1511476975
1767088950
1165840243
1319262065
986540439
1409426601
1213527812
1466276425
1489897081
1616661425
1584676558
1286876300
1558307798
1603682023
1457602857
1462549504
1416981095
1362267953
1525572984
1191709139
1591848811
1223577469
1464976348
1368603064
1628518109
1316218734
1446820864
1574361202
1528400697
1252667378
1490414830
1404067388
1483539586
1558509005
1505015905
1232332714
1425680211
1203079277
1501970230
1180230037
1447027987
1248851839
1453482613
1480013004
1260265362
1155902693
1223217520
1235478623
1591770895
1418346129
1111305062
1208243006
1410255919
1298947528
1528655103
1562667598
1654436113
1617243272
1485561341
1547083383
1286597237
1151414894
1386901533
1227470569
971565083
1089471505
1542468060
1043351420
1255674406
1420020089
1296831418
1450994738
1114851286
1138189670
1322228678
1258996749
1268890263
1592841684
1525141735
1073997620
1085482610
1428240730
1589726339
1365367022
1493471533
1309539538
1367029668
1594589974
1259325495
1402270456
1222528242
1481211747
1418529612
1440648960
1159528194
1628276987
1111924383
1252471573
1319699396
1208791231
1176984793
1275599586
1362057769
1337379543
1180961565
1289812012
1281969199
1119184986
1209016700
1118972504
1369339306
1178011546
1315180462
1308171959
1105173479
1463915310
1198442738
1265658543
1428091675
1306654261
1262854207
1132259633
1631050569
1109103912
1373240376
1427587882
1512077315
1281246945
1373604532
1230962440
1397055468
1491170274
1263804476
1309318439
1180600512
1381762681
1354755439
1306273424
1018393839
1321182147
1326580332
1404935208
1117666233
1343568080
1364567061
1149983230
1571149043
1149264895
1345474757
1519953039
1619248255
1153577118
1578300399
1488402334
1216798074
1317658707
1451910788
1298353833
1354437027
1615708715
1153249598
1322711835
1354864863
1624418982
1277647189
1300679007
1357816324
1357863498
1223527414
1709432766
1520614777
1755544704
1362115511
1517164160
1214980777
1292334685
1280703414
1322048869
1394485653
1560646835
1350592065
1496313937
1200029848
1417722295
1295657911
1302773011
1520909246
1146770208
1309737728
1362680196
1213431275
1337523933
1355410179
1734537170
1524135247
1230609659
1535797623
1391087451
1453175261
1497966454
1246290001
1501088268
1741023705
1144497875
1620509898
1479171728
1501167030
1550179595
1477246558
1686674059
1309795120
1309532733
1306915816
1252965315
1806581804
1643283795
1098795578
1439935495
1512765341
1576161196
1447786879
1306161698
1220291324
1349639806
1493641828
1602936012
1246196585
1441286528
1168969097
1405538430
1318482719
1105988605
1303731397
1251331638
1644074111
1050002684
3577121949
2165081755
1536714026
2235111134
2980181684
2544408716
3353912058
6262343735
7597958461
7758305865
10873921072
9113366341
7526653017
9102397115
7627948105
8286497064
8513360078
11019712338
12738644874
10328343305
12078633014
10077274619
14751633269
9855003306
12052971925
11580400960
12224255878
14524933270
11809134010
13172826809
13109134410
10309812069
10778800429
12190796706
12571941923
10787291633
11117534268
6234670648
2926369641
2880039290
2291583972
2619750949
2694610091
2577141431
5767174903
7767011512
5116550538
8402155778
10858116806
8866981162
10537665786
9674756954
9277651386
9564799987
10695792735
13879317141
6653959847
2762065898
3356452010
3663266314
2629484986
5140466690
11413298815
12272513429
7508723710
10018640618
8052145967
12176145364
8532899660
10225205438
10496742710
11900507810
10286244025
11425298932
10268770253
10859856450
10808120108
7927104511
10636044505
3094145924
6279860494
9627153625
3974169355
2090898050
3402825189
2776112359
2327097108
2641889457
6959122186
7777192700
2861620767
2414108912
2989828210
2448978339
2143948589
2752891049
2551391957
4724184987
2612267525
1760025952
5008682108
10599628310
8091921298
9356413842
9072183065
13303539598
35622838954
39150536383
30905721892
37340158606
31598049209
30900137449
17446389660
4988001557
1984988027
3104067379
5567561830
2664933548
2143102049
3087791776
2074478421
1359930049
1673508412
1406623491
1606301024
1849768270
1674139825
1382255355
1561433425
1445803330
1713092972
1371479574
1650860456
1791026793
1419328009
1802708360
1315318022
1566971639
1693823160
1300273541
1271762010
1300543048
1583441971
1871534074
1172024794
903858530
979254070
871614914
997183878
917057769
1029669398
971676613
897580362
1090221159
832335859
873705211
1108875847
885049481
1038488274
980743824
880448424
932469667
837765756
657752693
746043925
1059131376
968346794
993595341
939452222
822901462
892814732
967533278
916820590
929443051
1000923509
922423351
807240825
932056684
1001821034
952189336
1070299529
897642456
866017619
1107101499
972009945
1051443384
1074030180
926402516
1220668850
884049163
937272192
1006320839
883210623
802486327
1074144379
945904957
842089010
999067507
911754211
683851601
777472071
646044549
778417134
679446534
583058243
823317428
744507636
797099555
560171532
654565911
826110777
687120459
944299486
720445202
738782581
734639728
715500410
729962252
683019707
763517153
810251043
765439389
654552423
880112201
842086390
837205220
957301828
1004901784
712633392
680065486
644924991
760566587
663935520
686278156
881760369
798700009
572571348
699581731
725523850
807762437
725918194
819310323
759205675
631266999
761524414
656655624
759198549
839430278
775996946
927743339
747782422
703202422
770699454
765087744
723120637
774480216
797111737
742236932
746001050
723985148
662765025
818527440
838077875
742438198
643096043
686941276
860718265
806270542
645960733
857363017
746976708
796831317
821656026
808140151
814185479
726144592
743196044
762054675
806323827
617109379
640516946
783824507
706779683
872119096
771851166
713894136
770917021
840608536
786174447
676647106
704416745
874276330
753008003
709030047
1100039373
1766373176
1381049044
1477212047
1418986247
1382011766
1480298497
1493447887
1264657613
1828866723
1334892220
1586832523
1825812902
1711058955
1709434995
1738532537
1502719161
1594124857
1569091806
1300071049
1426754481
1560580127
1521061134
1339063088
1694695154
1499878917
1663317767
1415356146
1377860229
1308214795
1332246618
1488899174
1430800668
1461006290
1233842933
1103776999
1551734501
1473762648
1317583627
1112652043
1528445597
1165921246
1592667912
1490399148
1513211321
1582986987
1230565074
1342762462
1267045736
1434368179
1487219969
1534699850
1421226944
1263733367
1314292977
1298227300
1248464552
1198325200
1030987362
1555189066
1364819845
1589725294
1483546659
1240803082
1271064330
1367007534
1312159087
1306572540
1405777865
1547023066
1329485799
1491761054
1237153209
1272075372
1458322656
1443127256
1307412997
1168697646
1650126088
1389193289
1439937897
1391914375
1444895841
1347892959
1137670147
1254728884
1565440044
1523862219
1269900180
1403602805
1425269670
1403210069
1458334025
1461087998
1435506074
1675729259
1079301971
1338679242
1135894673
1066728522
1466825038
1367973399
1046258468
1336282821
1567933511
1573049295
1361624103
1443091747
1287787189
1531248457
1309397734
1252744422
1556609928
1195529224
1328726641
1395876564
1263698072
1257876091
1907276282
1607989640
2119177092
4763420567
1693391654
2669090285
2770338953
1702696501
1198694284
1579185676
1189281025
1600065438
1185477948
1676007241
1729664985
1620650112
1409957298
1512305835
1431386885
1385723001
1495830876
1370570001
1709277886
1227589640
1421558563
1540629545
1167585328
1509039978
1540743753
1291797748
1326201714
1353328971
1514127911
1531382966
1462047277
1455478684
1435590166
1628454116
1481791699
1488494320
1587964107
1357462434
1238511125
1360657633
1512554431
1719127635
1573019120
1532113244
1375928410
1454653815
1333687245
1498319216
1286849610
1346295681
1382040856
1236046740
1343652176
1634966791
967600250
891534934
649906229
624124095
750519232
816140116
740715560
734414778
679308802
655957560
711636151
663376065
1471494023
1284316856
1750850266
1264792604
1235819069
978155892
1416763813
1400761039
1575175764
1075457897
1161614464
1559482701
1351327793
1301803904
1526836671
1344343575
1607294574
1546162808
1459818038
1524332786
1447329939
1195684249
1410317846
1294784875
1164860830
1084502271
1315105102
1734213256
1412935654
1489089201
1382758220
1379844792
1279859814
1283677841
1168139712
1121100386
1384379446
1449720110
1235119223
1537344988
1517592827
1256523001
1340405981
1460371766
1221258199
1359890154
1201794128
1095594943
1336753000
1426975798
1381560596
1246969481
1294682205
1273029949
1522145171
1262674134
1005049455
1321742069
1227002425
1349295353
959427136
1406572399
1381990233
1683216986
1429907935
1508826820
1392840568
1601160937
1148495283
1260608306
1673363253
1425582796
1069753439
1320252172
1266721229
1150548948
1719042064
1433362773
1281487456
1271029195
1424529254
1109594106
1357205955
1410481475
1578903782
1071939226
1438559490
1326429760
1229473808
1217262956
1181624207
1163028269
1293770809
1257760406
1290442306
1300843582
1282216392
1207423331
1181277973
1470186705
1433476991
1014553729
1509839491
1376106869
1517909308
1595555019
1192027758
1308690294
1114627132
1172613935
1471501195
1478427466
1304383000
1345903050
1121265668
1512911581
1257548902
1343067665
906511007
1121675033
1180084482
1304538277
1286692898
1412531796
1287421032
1323870350
1478793829
1403269369
1359282411
1245875962
1269374367
1310146115
1553772839
1131352380
1606303179
1688059294
1151645926
1438951265
1572108791
1068123199
1590302562
1287928370
1373504865
1257613510
1371280065
1117233381
1396785625
1160190275
1327192232
1352592066
1281489667
1239395931
1583154983
1428220896
1310756131
1274717250
1681254300
1142978194
1465546720
1596318495
984426010
1300803286
1365822856
1251819811
1307505299
1078165282
1512359121
1697684797
1712716882
1529410970
1512091425
1233609430
1273509789
1440780647
1361967769
1574792631
1293211177
1228181031
1360954792
1193819477
1362839371
1056388949
3519939119
1829110334
1206703574
1417055889
2620399008
2586001532
2619535544
3813786168
3264371945
2611748551
2475146018
2261261108
5783315747
8154941030
7055858525
6508325438
5908030974
7872930874
7955869495
10943220695
8696333300
12010286946
13843910798
11795995284
11736816116
9811714058
13969345453
13118629149
12633336880
8778728484
11990942235
3347017843
2959721363
3429151852
3101297938
3137514555
2521278389
3574469953
3640530779
3286946825
3247318898
2794309830
2535664922
2542368784
7812650906
5312596410
3233070264
3187940079
2856992861
2765445420
2996289261
2959946670
3450522117
3059525006
2998602391
3018700074
2951779909
2807014356
2715114800
2631528914
3197868539
2684464025
2607291614
3096417671
2632714334
1928159553
3108772801
4817001352
6736612997
3683242833
2158698336
3049338738
3327187326
2382592175
2513324938
6464310012
8430059953
3140349866
7677392279
9417770987
8854517890
9551079565
8915200105
9318749503
8411320336
8131424690
3447426227
3472397056
2805764632
3742127429
2763042012
2994651537
5481403865
7698608215
3454710084
3725479615
3874885253
3401196728
2935078763
3657971552
2750859085
3863603913
11226329497
8266092080
10520803828
10240899007
10047411420
13125685252
11628130301
12460388558
10069218572
14053487022
11928749844
10443059911
10581738951
11899805861
10104937977
11398900655
4051279960
1454629396
1867411875
1811069089
2967904725
2877316783
4017987241
6984436481
7999930644
4900150183
2494614276
2328810995
2451087569
2481208074
2780430987
2275591648
1894619726
1659740514
7284408766
8524208959
6838981461
8359677491
8462570428
9565140426
10819102621
10422793291
10301738924
9015898687
3831666419
3431222334
3121553863
2819632923
3348157999
3418653722
2841233620
3574838066
3950625017
3131993230
3184381188
2986389506
3261865197
3103295359
2774190398
3925477624
2438168551
3265860456
3593352104
2770259055
3269087600
2989849719
6830267580
11460880389
13898039951
13653801354
12522788620
11673832641
11239447231
11436239172
12108732639
8845041103
8415465184
4448685439
3636771198
1927379596
1291580581
1256905210
3277234693
3088480415
2414785307
6177916766
7533082132
2938097607
2713049431
2120978147
2627632959
3106676142
2237057301
1904499515
2050847682
2198863603
2101040934
1192518885
1150230182
1269020341
962330315
1319695696
1424128170
1384618369
1027939580
1328351859
8057301165
9539037384
9689962630
7474009415
16092654813
36938573368
26323380564
39461949659
4299355769
3102611456
3582362655
2738621772
2828956800
3466657230
3555235502
3358592767
3261315005
7916189831
11323589619
10788337211
9813975976
12690125119
12327949043
11968780193
12807551930
5532221354
2506393487
4282328495
3933273245
1949958182
3859242405
2155954886
1445314790
1667679495
1404030366
1350353152
1150539830
1487650575
1405505056
1544541991
1609702911
1315984392
669722147
747085914
856946291
668857857
733032553
679105119
706767780
797384607
648902363
682141677
747036738
760990161
628511286
690779479
821567618
763912442
655311349
647115693
674785102
739973065
728574624
811900548
669321085
775018875
752454910
760527147
701827936
807496693
703583431
898325477
1628153190
1444284108
1496906607
1215293775
574649282
753078356
604917796
845449412
679425053
659943524
732420606
768152266
659239143
763912504
780658977
624039018
667092976
739029461
675350604
745267515
613307824
760692613
636623074
856220764
836037544
790992444
810759190
718301549
754530868
647181470
844479963
828546640
746905722
704561607
645582963
665921245
694994083
721562035
820957937
553134010
689898284
664860917
711352652
722203796
659465894
638146575
752284421
646747318
836045790
702447409
642682987
694249147
747611006
699438741
615369202
632130587
864152121
767413883
619166057
995859880
1373452188
1274700065
1395237149
1440357796
1269935864
1499630063
1298788257
1264351927
1356791594
1010185815
1295748228
1300436932
1247908846
1165089131
1311596987
1101701452
1471486601
1431053705
1523722764
1452334317
1292142042
1666400764
1543120020
1135142590
1425643506
1576168477
1348496514
1373271877
1352994238
1527019309
1320020341
1639931483
1474820137
1555893473
1088339087
1400562257
1363798700
1257876990
1390342132
1109002637
1453979326
1119935508
1460766584
1216575215
1536533827
1569704204
1344406060
1109940525
1494208932
1840102268
1325790919
1105747784
1148044043
1237226735
1236650726
1005212649
1330718014
1333205889
1316861571
1128737785
1382449073
1277080177
1375373949
1149512088
1163257873
1346578178
1218289597
1395185141
1506941109
1524655415
1354110176
1485721904
1454538047
1231199043
1410015298
1347242877
1234922083
1454185179
1530335927
1404230682
1233150772
1331696299
1366474694
1654146320
1562641980
1481372759
1433665783
1285838241
1314580066
1283001889
1290458947
1343314092
1506134701
1117059926
1311079459
1345423369
1596553236
1234010634
1722048240
1437281119
1188256167
1404373249
1444826458
1488921776
1087763867
1463108687
1196240553
1026292240
1197114240
1547627849
1414497724
6637094242
9767336946
7198275597
1518275769
1493470072
1309387278
1674305809
1439705408
1356193144
1448802052
1561425892
1587029739
1393026632
1555380901
1475992505
1480565746
1817082785
1864842860
1742064087
1531078916
1521468129
1618018934
1407470953
1751280986
1573745679
1630088482
1614558656
1501911251
1540835425
1289989757
1642053316
1313872512
1422746655
1606971603
1469109321
1412353663
1532961320
1627476764
1731406104
1535344037
1423668585
1964713511
1567938128
1303224052
1400417931
1579064027
1789386643
1227008820
3534054269
1736239754
1751712980
1161017988
2810640974
3181792163
3198721688
8291818686
6032504819
1348361230
1603313151
1362388385
1391131719
1450805570
1561304324
1852123776
1416841310
1207420933
1238511519
1353893118
1318815007
1612977488
1295725536
1577111501
5599156639
9280961278
7977368105
7397808501
7647997648
10423667645
12287265074
14492600716
5152734208
10958359245
11931589405
12221634737
12278656397
8394916816
9739393770
5617463942
10337522623
14211438247
13777322539
9881994614
1893754973
1706604714
1480942265
1356463722
1679066782
1380678130
1804265901
1394506113
1503578883
1595242702
1660009965
1559843268
1689140787
7853291109
13436073156
11512418530
8177038319
1278195098
1128060390
1510753950
1544388457
1570088861
1552273706
1408529555
1408427995
1269160997
1638036524
1589539802
1437638033
1704913703
1232670251
1278851690
1261187919
1622212693
1287748356
1269337768
1361754711
1273071777
3852409777
1776747883
1738795797
2026752215
3180777086
2718595365
4369416110
8899471573
9090414802
7487318211
7066452505
7480129875
8215915616
10324620201
10237457137
8512834574
9225350318
12413894875
11736435535
13340341243
11948961337
12214990720
13464717956
4883915100
3056919284
2770493411
2928538632
2705786432
3160112967
12077465365
12515903530
13474617115
11946991403
9702802795
12231278049
8797479239
10077011931
10424271581
9948453708
10829276283
8844741992
8972242534
3910112528
2071696486
2176254508
5398964899
1866673107
2696950870
2920791786
1681840276
1557933309
1725353147
1498655698
1412817142
1504949759
1552901746
1362317012
1775985725
1337620716
1502806642
1290340050
1211956287
1124833997
1301363429
1567464662
1669002576
1380730989
1267845823
1372541181
1398129121
1302646971
1286373327
1527106407
1387371804
1286764772
1081404091
1456798142
1347973354
1223530571
1317232435
1224208840
1246277947
1206959103
1340611400
1359133697
1116198829
1042426347
1537100465
1449331879
1171055424
1310000971
1314357043
1383532042
1455890294
1220948167
1633136029
1368547435
1203491315
1340093650
1428616960
1487972417
1121894358
1325918715
1170769051
1149676893
1388583416
1078720798
1034392742
1313021935
1285365893
1201539391
1169896340
1019368095
1182420147
981190150
1166610748
1275993054
1325562059
1327962747
1300080165
1349160656
1194042026
1408153107
1045469842
1263399167
1149225830
1150602596
1154639476
1270168204
1296706615
1204078942
1223320425
1444719903
1499419086
1201594943
975894613
1066749484
918612403
1343977972
1118952122
1312859686
1137057643
1261124434
1244211963
1255363811
1236763728
1507432095
1090631064
1528702502
1318664788
1008886311
1277491666
1254972923
1360286804
1372965738
1350520785
1167591486
1365808605
1315890058
1245583961
1139719268
1103730946
1469597966
1367627161
1378638141
873669187
1085577522
1410783271
1127056888
1228493930
1282052564
1199879352
1199747341
1191750255
1592640391
1617128761
1503500617
1619243706
1333333680
1964601216
1332626195
1563030930
1633655809
1478722952
1708708122
1331582990
1673088079
1332314512
1730605621
1668594497
1145260976
1500075200
1752034674
1622602068
1556249315
1607505806
1694208518
1488354141
1310781376
1740118864
1138200936
903717192
681387119
740208661
697650151
744822676
827201762
834185222
806592965
708165560
760795869
682341179
539055422
669953329
803336392
682227446
834367158
787906947
782746995
755010493
812981522
610390737
629013685
927870806
662871172
860905999
823264548
835161697
760812774
802910516
855911804
759442673
650216848
866669609
668018250
745459854
748155017
885379573
901212532
649982660
726058639
694372213
522850162
1446095068
1311975225
1470476760
1590263889
1709318599
1387619772
1843305599
1426120865
1382911058
1274415530
1536801574
1392971988
1677953145
1670920553
1276468711
1388349303
1458625395
1469436615
1588374777
1384603031
1439968071
1854634473
1172680740
1522619539
1622047091
1638196245
1539904515
1980473209
1997191956
1972783160
2027313082
1778183848
1677058015
1501454827
1417618437
1598947374
1912661256
1884238564
1355359899
1661489887
1300123918
1544549665
1496651180
1582851719
1487772180
1813128052
1287396161
1663201465
1704745681
1196212131
1546789949
1490277623
1546624899
1590417868
1425298469
1574920324
1613971745
1424529814
1525088699
2239982225
5179263367
3366958308
2002070311
1472632381
2936058848
1826186236
1457358308
1359389855
1208860091
1368990116
1807759317
1549391436
1431206494
1333874440
945372084
648086382
765447531
693812095
718943244
740465488
861728171
747025911
719235132
669198343
787956081
688934161
786233005
637390185
613836339
817265720
621878110
800759898
614744718
787576880
609686614
800141907
735989104
662266300
680419346
781087036
621950655
837884607
703384406
782244410
729428692
699455001
987650849
870145177
797921334
742383305
746627454
753024020
693714677
676932296
1178553596
1895424115
1454960477
1370637373
1475855816
1267698416
1376335616
1493953736
1346086917
1364843999
1377904603
1279113652
1199010386
1295391543
1459353383
1400123021
1577196375
1449833073
1267107175
1684306255
1287562753
1278975066
1491785158
1405760669
1614835526
1170520868
1386749648
1507115651
1605951078
1223462956
1551602865
1441775596
1747997074
1306018678
1480726046
1379420758
1556599268
1361752535
1242193075
1376437841
1296827737
1158763944
1417869465
1377252723
1495644352
1128375961
1155376296
1252087211
1565074890
1477731492
1311868393
1322449012
1267259247
1553793726
1600893714
1262315154
1661776419
1263112510
1426253932
1376045197
1534524769
1685848671
1587787297
1347144189
1232580247
1344732522
1471441372
1162046125
1256685519
1324359772
1217881846
1409380355
1340850333
1536577977
1175091008
1319912817
1616650421
1458799499
1098298632
1526572339
1436736265
1429394108
1213359880
1061456511
1381557519
1457275822
1434545457
1371803908
1225619496
1290181486
1318300721
1501847240
1647863447
1601236033
1456651608
1456214786
1527301167
1238800814
1564241146
1194184010
1391356273
1442879392
1138339930
1041396056
1401206847
1312722404
1237747930
1448104935
1279425380
1360208868
1568241875
1476605673
1407591438
1556857982
1071172539
1221792857
1111798530
1355905171
1470646016
1471093045
1327132165
1626669921
1439365465
1330172289
1624982460
1481738355
1317780040
1254805255
1448291712
1429228326
1645929458
1425407782
1651075226
1330485065
1396476879
1166516966
1296688073
1458438335
1188797419
1371185317
1576780016
1288460580
1576444925
1543891360
1588404343
1345582843
1526566736
1448137433
1152778566
1351127472
1522904821
1591578708
1485372347
1194357172
1472135058
1663465661
1343637192
1312871761
1510126199
1236946309
1403350270
1566824924
1501225945
1739640663
1434542653
1299088619
1465712803
1312583445
1251564427
1415131207
1237386252
1388468959
1137780144
1335777320
1562454582
1294985267
1371780117
1344639392
1349835965
1497196949
1367915944
1259456315
1475636624
1431705386
1679960029
1443295635
1228365875
1367935285
1506891587
1548975104
1236885862
1436240322
1422598781
1330887839
1472299338
1520522890
1042808536
1589262660
1427115258
1342547332
1445201918
1457278992
1439681465
3222518593
2485574499
2215305059
2520445237
2910211830
2006152169
2274833400
10080187383
8441095002
11375526593
6020627484
2464230577
2864217776
2253336779
2549130757
2978740025
2844051491
2451554028
2460196147
2501396679
2828388457
2666903034
2852128477
2675862475
2637484127
2609115190
2658615120
2575015673
2510450417
2555162798
2718324780
2799361871
3100966141
3612949051
3289775564
3289546651
3296794766
3631176541
3384193263
3636551248
2672672569
3590215405
3322244583
3318276902
3478084282
3437608538
3169015956
2629439838
2819508014
2824937715
3195638548
2879942513
3375201115
3676418541
3638740877
9924926208
10279265563
9499871651
10385077216
13527187583
11646669705
4738629541
3448660868
3245836606
2914242572
3491360292
2299665900
2795430784
3195261999
2972547363
2532240369
10887845166
11332479951
11534218814
9313755639
3358426879
3485520518
2952138788
2878104189
3118256813
2550828531
1719095567
3304863972
1697849728
1804139687
2471469734
3121308763
2345379256
2544273155
6519062216
8076340880
8876216326
8031218216
9751202430
8813320499
9531035502
10945722026
9133770720
9595454938
11277977285
13917890584
12414667708
10424980746
10661143145
10886175550
10649984615
11356723092
9330343827
9296065010
12686484582
14570329511
11077369312
12680721623
9275175279
13347049868
12762267816
10383077149
10737565286
12037187935
8000438565
3216999136
6331561978
1942527361
1923643064
2234998044
2225110562
1108677358
1425169030
1435004390
1198612147
1253519993
1175681185
1581317013
1511886871
1518599168
1349091104
1189144954
1215342909
1542489105
1123231394
1487822644
1454401586
1278321520
1131161407
1134844965
1467400706
1254650565
1354043069
1362871815
1504100753
1315093380
1420185432
1437817437
1350136914
1617135546
1379880642
1141526021
1460552110
1122215141
1480397466
1112524938
1278045734
1241786934
1263699918
1194173373
1155796244
1159294785
1324060512
1399164106
1469837049
1614070773
1258195072
1455477940
1508993249
1122445581
1603805282
1357650160
1247241903
1581288236
1183180096
1164525256
1342447538
1405498648
1154124681
1172560030
1371312518
1439338086
1204502909
1281758731
1238129121
1413794952
1270658774
1209441129
1357228345
1120142627
1414405134
1067728614
1247685214
984466120
1201256986
1034273905
1174520911
1285743161
1050540608
1029865868
1176324719
1070020061
1216216317
1302819070
1271895885
1427318106
1252343502
1187625019
1348738668
1252737562
1334531381
1016085381
1438139618
1151929454
1122153764
1116799715
1170813270
1100752896
1145364013
1199502599
1258186294
1089444273
1270564738
1081019706
1337096670
1055413891
1432796140
1176858853
1135213366
1079848359
1264238372
1160906980
1258147341
1141243955
1202495976
1389629294
1150341559
1269816515
915370302
1206949039
1227658783
1247416020
1271788664
1287837536
1441535272
1283777030
1422733974
1134177334
1038570115
1090311953
1302247819
1258145863
1145520173
1347099464
1502686148
1451512391
1087488581
1234765862
1164202696
1268800050
1319955298
1624621747
1376658851
1075640083
1305909565
1386141402
1152781006
1087177500
1195928099
1174815355
1048335349
1335025782
1306746264
1500822107
1406727406
1715825460
1297584053
1433674912
1219101954
1371903705
1413822101
1266440343
1077029656
1236852865
1240460175
1313492074
1399660760
971061158
1343148066
1145734420
1050993835
1208545569
1031630844
1312389780
1198983429
1220475459
1284944891
1122948825
881498675
1002225669
1143813310
1055123380
1037241634
1006293320
1214695516
1469568180
1673831366
1364025023
1177511949
1100835586
1170494141
1103291369
1065854679
1391056213
1331284809
1164803672
1374561556
1438791553
1297726627
1269631423
1126938764
1200226036
1445386447
1386309299
1144983014
1295444298
1359520321
1380146571
1179963299
1370674914
1548426797
1281705278
1469727192
1373481600
1561536655
1395369758
1362504185
1195252008
915578066
1086435940
1556804575
1553305066
1186914867
1325030761
1170651035
1298117174
1249733128
1098903679
1463564235
1298021483
1523074431
1256453624
1231945719
1454872540
1143698712
1058976332
1223378198
1108245763
1207047736
1251269257
1431389605
1322123177
1433036482
1171564115
1338625667
1562574295
1320024398
1245877458
1319231758
1216918688
1403107616
1324924781
1467003770
1309921890
1321412795
1239606185
1268841912
2146694561
2927170452
4457075636
2150771261
2468587832
2496192247
1629918389
1098388670
1360021526
1269216549
1374559718
1501823930
1358764328
1668081111
1275688169
1342053580
930609178
1171515322
1429609499
1402524655
1346410134
1363721223
1433903683
1106641351
1339928615
1169995479
1101347961
1388167070
1350000158
1062063405
1188349648
1299143553
1026681246
1167775011
1147602047
1274943686
1087819152
1327686245
1615153234
1313801640
1164464550
1202418917
1118133942
1123123471
1278365031
1208958711
1021598074
1108519159
1283469346
1046843629
1196521315
1456650566
1062822872
1296034710
1467757300
1070215274
1163100289
1342973311
1343017067
1320420669
1110091059
1196891147
1548005029
1359285262
1385327853
1351205111
1129022410
1307640702
1149585753
1404048936
1387989568
1483144998
1316568204
1463538656
1310471814
1277041606
1231866487
1502624027
1828085584
1700480159
1482174247
1394305912
1358668573
1589552493
1469262991
1333712178
1346581285
1346641347
1636134575
1663407771
1464472930
1313334046
1148569047
1507683884
1250948575
1780560985
1346289338
1486495483
1552365365
1760322598
1384491321
1701074983
1434322457
1567872154
1499036888
1737612855
1581213934
1632791466
1274054260
1273547620
1480907112
1430272822
1570018003
1630384391
1372022919
1485765073
1538344259
1389589677
1297460057
1503294841
1253265682
1207546770
1307639499
1152860438
1284704698
1161910830
1181693091
1613457124
1255953817
1315096623
1290337380
1335863410
1531265094
1441510278
1461049140
1602171688
1592437290
1561990022
1354201524
1422677122
1194802178
1306231244
1419440093
1425346028
1549119553
1299415257
1372416005
1178566503
1479973118
1199016313
1114481638
1254306745
1272384707
1273710635
1135387663
1444480010
1431108340
1301256720
1395436634
1227720549
1370569772
1595139663
1380447709
1567885725
1479954061
1511625458
1391789608
1240195905
1368771260
1341977988
1538029128
1610107815
1432931944
1331784261
1294749771
1471005781
1457601948
1359860741
1165456798
1513418164
1637952444
1248349390
1242386600
1519474929
1588902031
1405974504
1449768414
1298490523
1576830598
1580744606
1166319977
1632354978
1291488121
1255569011
1298159057
1094995462
1400399306
1525516976
1397884102
1598783022
1291787997
1405331163
1380795244
1458600463
1398974586
1392417134
1660159812
1734605347
1413693920
1574150791
1183907526
1323177554
1433415351
1444000280
1352840799
1261298158
1558281582
1374070164
1211657629
1711066371
1218740541
1291478341
1382779980
1366442565
1364251378
1439880357
1499475979
1428192238
1467299001
1453418584
1435089503
1370172703
1496199832
1310325535
1418103674
1654711143
1409570744
1500444608
1431902610
1301312565
1558155446
1408734814
1202674600
1336174355
3027306314
3599492349
1607147599
1853329664
1520359858
1373203210
1880979961
3036167746
9379810427
8811552007
8438609096
9545464083
2697188545
2600243371
2461681592
2930180434
2461655803
2655262568
3282212819
2190697145
2578507714
2112555124
2218852917
2800171338
2715218104
2851242334
2560111531
2543650675
2206138408
2418033350
2136543344
2876567326
2324583026
4069609001
3798866623
3135863330
3779451713
3415390477
8661502079
14295261239
11362221163
13739623625
13613744661
9440787207
11191548456
11274258600
5210194742
12504970442
14361818589
10728410924
7148131730
9038668618
9342226484
12703541815
10009226718
11039412498
11249783541
11017540106
2076945688
1447191891
1428129653
842446628
636053206
812290762
954533678
2774432077
2417477586
2914350648
3182541535
5446542054
2674600135
2374270150
8927447945
8573063286
5825444003
4807666766
6492871402
10386505900
6891005325
9489184385
8486529998
9856057739
14684485100
8134539134
3606215582
3571573325
2607206759
4203973554
3006408527
3271070708
3602224947
3602863077
3957135276
2831922543
3375534982
3507653318
2885694543
2871040737
2960954173
2600420190
2844355803
2565098501
3193802196
2754462936
3412032616
2895575190
2910678906
2736714427
3352946696
2946860152
2638281500
4591318016
5139592505
3747167908
2864672803
3173369933
4223701918
2989498605
2682579978
2953744483
6086881025
10805726547
12551644619
10316610681
14550118910
10905487847
2287330637
3124277403
3433225083
4370122397
10414376000
5997100326
3255266168
2053030437
3548233935
2144135775
2518512603
2448649189
1986497314
1454124517
1328213154
1499414814
1532460807
1266739636
1139003752
1240791649
1503715385
1851093722
1420650468
1381517793
651957675
794804549
640621674
652139676
756369706
770361015
561593857
919532141
606950403
726157157
720112493
794083263
795602149
673477527
830220344
639859340
653185854
793722398
649859665
785413171
733666388
629705317
787649357
758395689
751411049
655760106
737052434
699885170
1014345486
1161232495
1548304421
1387336256
1190553972
728336895
603073715
704767649
906084523
771386855
755406480
696377461
690603400
835738479
755275875
740807631
911706091
743517738
576011129
671339597
892161453
681965437
688261051
731165831
733713480
696698779
1067582353
1532001457
1438512497
1472531730
1474301776
1651289878
1418802126
1201601274
1453379110
1439435197
1285985980
1515974760
1512117982
1191062204
1264308236
1220784616
1368075217
1429734098
1229058695
1447174453
1339452862
1548694856
1223508345
1118318516
1644525380
1106697103
1186106114
1391394828
1428726815
1569416440
1415195829
1274702251
1508095688
1132254174
1461344506
1452045206
1424578711
1446655582
1288860325
1235341768
1154073818
1176488845
1306519152
1463915370
1212904614
1461899574
1180768034
1461421086
1529457279
1213007950
1662306993
1292705621
1502911877
1488722132
1450239501
1249496104
1378452392
1421355018
1194024213
1293912255
1067960173
1376530260
1254329447
1556901500
1331481967
1631668691
1318558594
1497832898
1407294548
1545749808
1491080518
1033932266
1303857124
1613693427
1271565265
1597771808
1360919768
1353697444
1427687696
1251058646
1499706349
1429794309
1420765150
1170738299
1523916593
1423686921
1504373130
1238317629
1312608875
1432825704
1529415407
1367926157
1471679945
1300902601
1337858055
1364505155
1218954305
1158774089
1547726673
1536979166
1165267130
1162881993
1721961241
1238917220
1368977302
1286092197
1437009002
1095988469
1165837188
1082239080
1357223294
1254106698
1476486678
1309983146
1236681220
1334187252
1036277726
1275287510
1233753977
1454387645
1294480874
1094385779
1384536899
1677890481
1393970437
1191347713
1251195025
1266634515
1270692968
1242598537
1677070993
1129636007
1386858022
1183155291
1301031569
1551632348
1386493361
1387710067
1332607745
1549026575
1335332324
1415152371
1339306211
1384759022
1496533411
1401091114
1384027122
1512720834
1374845040
1245846287
1312983095
1261836602
1655264072
1442531927
1099146621
1386451834
1624134746
1328946219
1285713972
1377261676
1428422803
1213169202
1363816300
1644459874
1286013467
1209016332
1283335352
1061297677
1400393226
1290236984
1393534350
1436124491
1374294664
1215584577
1202465250
1627196249
1454717800
1441762876
1446968440
1324475993
1241018038
1273610819
1350741519
1409785833
1482304442
1128346422
1201688108
1359166024
1301344773
1592766749
1492950225
1364819413
1657655338
1175778874
1217789078
1320660939
1171286725
972808024
2496690281
1757051512
931657835
670905269
865392328
783977378
635705031
1651845548
1922233018
3205319747
8174108826
8309314965
2689450280
2832985043
2468497993
3148842945
2984614312
2600875589
2644742349
2983870323
1641350859
1652275821
5161571385
9279131906
7188219387
8607259455
10878054202
10900475351
11747322102
14303232671
13756598460
13623539120
11679365409
9966726379
8385077481
8958153432
10397637273
11605429227
11336440020
11787644725
12923439039
9379177673
12535947853
9129139254
11907091029
11269063097
9185561263
9267429659
10227808699
2110496331
3060310653
5514220507
2634391340
2021071097
1962421300
2719119820
1714638231
1191162133
1489460605
1713473266
1488167522
1342112084
1465195044
1710350100
1331764159
2659790432
1145186935
1236629975
1207039487
1092979469
1307916804
858322845
1202601626
1124413821
1140371397
1024635089
1319165465
1074283889
918579167
1031374802
1082860629
883675817
1183230697
1056647009
3802749135
4369062991
3000061988
4012992404
3363961090
3745339463
3158055135
2934577105
3068853600
3251470585
3367925884
3789388094
3599932573
3887742832
2900684668
1623113725
1398517534
1361849494
1160674967
1333711977
909063452
1737732849
1271122067
1547673289
1116766972
1519671740
1324736703
1301635915
1497251407
1175008883
1548493104
1444041340
1241844599
1192416628
1341623916
1484422024
1008389365
1170754978
1456933026
1401088943
1419665149
1299331494
1479420982
1192645543
1317110546
1366669032
1595121257
1279154270
1324956628
1507700731
1256668005
1323422766
1436895940
1359251144
1326014990
1319469172
1292548472
1247389949
1246907878
1112093813
1250888691
1311008341
1246955546
1392328609
1461530287
1209614965
1426489436
1557024313
1580246598
989968426
1548303031
1345654038
1101502246
908360729
1397351731
1578945828
1375298867
1264137050
1039366024
1309070938
1391002961
1413109419
1304570412
1576920388
1336933440
1207688392
1231648473
1344644287
1292191556
1417153204
1391602707
1443878201
1251556556
1263061245
1202457927
1286659993
1542265235
1005677069
1402446953
1259182090
1481864624
1137532696
1053232976
1106618341
1159962238
1185917192
1318247186
1009681714
1121250191
1204107118
1228775163
1244241735
1222057691
1053464440
1211436624
1199617545
1362282128
1285831980
1157307909
1396436254
1176561268
1043597204
1249961221
1322549786
1297130696
1290063535
1264768242
1210592002
1306633599
1442469554
1290456004
1058699522
1307798725
1333209414
1260675335
1274470547
1229556411
1291665083
1414219420
1469412505
1401534809
1284338812
1182912772
1438416252
1299903189
1625477262
1254802767
1265523517
895822427
1128926568
1235913983
1406195699
1050319967
1458945624
1386611009
1335959704
1304484803
986766990
1332932503
1134455095
1034993073
1472290157
1323292243
1124383120
1280422442
1282669001
1049108237
1323579575
1205594794
1343499380
1320922359
1262103146
1123284560
1269317109
1326510227
1174946178
1272909756
1275116367
1142669160
1525228298
1288844934
1242885571
1217586475
1468489420
1451219211
1388549277
1712589484
1084941820
1289640273
1430326857
1296257702
1249644482
1365829967
1242155299
1457554059
1116766242
1380122561
1087488819
778533093
3021675166
5047840870
2747327509
1392157909
1949769847
2985314359
1470535298
1212481387
1258120645
1289316057
1377715028
1308949064
1407991523
1327254463
1207015847
1457095276
1136759879
1162116077
1156751575
1382423880
1295519759
1306298527
1213938350
1094215160
1426557711
1241956398
1326488811
1209823161
1264640760
912825026
1257959883
1417253907
1420321838
1456651325
1390203500
1215243143
1229483803
1281322891
1621354850
1398167428
1486328446
1207501167
1265804393
1234255759
1427840840
1067916992
1248725147
1202524416
1142778558
1320729077
1407391831
1228339419
1500536205
1280781454
1089012847
1314518424
1100493443
1325160204
1400863759
1157019884
1398147283
1262922735
1537525419
1223881431
1403605851
1226446001
1292734223
1267094238
1541389365
1052795743
1407470376
1195928959
1418815105
1317859644
1205590324
1375045807
1672519506
1216604792
1650267803
1337215882
1607793192
1556251007
1451223247
1617242457
1476907534
1631636833
1885364837
1625464597
1392219842
1768638631
1347329040
1662600623
1609683291
1231661706
963144389
1302465365
1104518441
1231186614
1547895616
1390038211
1331213146
1594912821
1318434960
1415736115
1655809314
1548612850
1459904651
1385788928
1501164419
1352048435
1779151995
1306191178
1426078410
1697740593
1502445952
1481875454
1329857988
1334746144
1528965042
1646064617
1397849639
1450201270
1631929388
1378467133
1220053508
1254225874
1503188173
1645032594
1485832290
1414239018
1498850962
1243790610
1736828390
1695936867
1590050526
1362592901
1556544168
1590783199
1360925453
1906146071
1327218261
1786661619
1416670505
1458208062
1326785484
1321646166
1482894250
1376088544
1367223898
1821952057
1358360444
1460410925
1553869021
1366669271
1402643940
1288897334
1419550592
1528190859
1742333177
1232639320
1358739439
1376236128
1183137339
1428670277
1382088219
1523614612
1370463374
1561952868
1413597487
1369796194
1277084706
1278404815
1454530307
1065470109
1324406560
1339618519
1524351977
1358290817
1983664743
1233647926
1671733858
1265064355
1427670217
1705887990
1478096099
1321175332
1300038317
1409030099
1270639512
1494874357
1713705443
1580468185
1416293007
1546441700
1101487703
1468605645
1423524408
1374819194
1302696917
1316000371
1589460074
1571941457
1305185161
1361675284
1510406894
1546140437
1374993749
1422309498
1184725579
1261877668
1592029226
1453528401
1589271351
1387702305
1469936855
1380553676
1546344941
1405001536
1446033322
1213801874
848221534
839177659
788124927
958564361
777580903
724132597
781632934
773104239
1057440177
971301045
917313568
824899534
852878715
828110489
868905406
877979255
827098218
936337801
875007499
1159331003
1026553267
987370471
1001033362
843698666
900857106
860980505
882371676
976095957
939867146
1004365088
3451063061
1162983306
1336140264
1530043687
2002896888
3393807329
2386820288
1890006100
6847416965
8080458791
6692401990
6471900155
8627592679
6727387244
10714534305
5135656595
8694214518
8191062742
8893931745
11460159573
11852481498
11326668494
13201694936
10185372815
9239409339
12392243010
11027583702
10046087958
11932397171
11187051258
9401743073
10991945257
11716698875
10002707944
11328753395
12366420032
10925867297
8470907804
10338330244
9919955703
9958821430
2998466043
3172136743
5811282640
2552550687
1740419331
2308344916
2584962693
1547139211
1337052458
1577423928
1467656276
1760163180
1598123373
1553692420
1693044364
3110128588
2860435446
2030277223
1597031392
1424490518
1481284947
1816139594
1381372773
1569375554
1693179309
1441796743
1573553293
2421786246
3814639126
3356469582
3516017246
3138110908
3407061786
3495040338
3385655749
3392451878
3389928520
3824260670
3932190720
3658874087
3323000192
4331519398
2202429656
1358454837
1332489428
1467364179
1777734722
1275985724
1443533956
1542919437
1386473473
1539171413
1474939965
1520697578
1426892932
1222916377
1411948121
1189581704
1253177632
1112239644
1773618025
1204070066
1553646832
1110970784
1543103156
1125349320
1463742414
1357288202
1501330679
1294305722
1222510710
1329346688
1358971437
1571293463
1458221343
1340423639
1460656242
1444927130
1358530938
1206215557
1157207260
1182504965
1565888201
1261282706
1466062058
1283167207
1306045633
1605324313
1369206430
1183549712
1125115683
1252570599
1165887146
1585453555
1177313534
1350647672
1251159423
1447494810
1422304850
1325240266
1136834851
1329469852
1567566654
1182854729
1277278099
1569481226
1549347805
1150363279
1552340433
1242029946
1540434390
1454490713
1196173813
1460431534
1269373817
1148022322
1100533810
1461811923
1620941537
1396232242
1525372965
1322240512
1414616412
1413459436
1533406472
1403438273
1258898373
1329349649
1038347664
1513947181
1409565355
1271380732
1268480260
1513941225
1381771137
1501704534
1038227979
1536886190
1378773953
1205880567
1283755791
1473719709
1430712751
1212722989
1620493704
1301369009
1369236545
1415304376
1364361037
1246310655
1306099829
1448427655
1301892220
1291516258
1445165385
960467670
1518309845
1407093763
1309679667
1428563881
1422191831
1191097282
1336522754
1146950928
1238534761
1364540053
1195062038
1295485613
1840162838
1273653364
1344059564
1490993301
1340239393
1449341079
1347633420
1087213296
1456305000
1196380182
1427612632
1532536388
1698936776
1398886104
1574363467
1564424913
1083676827
1332136695
1388094560
1455704282
1427489157
1756574258
1401220800
1233134979
1518834370
1597449535
1129867917
1520929890
1404458332
1197314113
1276576535
1154804632
1539878588
1738320992
1198653171
1408898939
1235881630
1226297054
1371385489
1456472835
1516339440
1588448979
1432736011
1448586320
1450470484
1367435670
1297360278
1164985472
3372164518
5458503280
2581918355
1936043632
2319573920
2178407041
1364116322
1628247827
1349341743
1198953005
1131426379
1187758386
1641598788
1513444288
1580393983
1651341327
1382938722
1541145855
1272150626
1588363783
1479295143
1325665056
1800506758
1646930683
1800055449
1760741746
1398952085
1675114934
1400346468
1499671553
4062888170
1236838390
1213164885
1244584283
1238883256
1529682982
1190169329
1301618090
1582337949
1372764344
1510267422
1204912002
1457178243
1580807079
1378070523
1288131833
1538371675
1606720852
1279189163
1498890041
1345253366
1129652744
1432844361
1425790958
1466203033
1103081398
1544697672
1326814789
1624340034
1086032726
1261732226
1230259283
1243160831
1299776243
1401782908
1420751027
1474385617
1424339183
1416185669
1586176292
1254485774
1428690677
1296472603
1478791250
1082943650
1398683275
1161427631
1084619231
1236487351
1352160845
1396909230
1322977532
1590583340
1444315436
1090485491
1522443517
1123452926
1488729688
1226647243
1586219876
1257527999
1292995783
1489367753
1423303921
1018143072
1169610977
1203819795
1218560785
1277151801
1146130999
1181330184
1456139151
1060595759
1171337273
1306178642
1230775510
1192040720
1441041096
1342357941
1306127358
1555355048
1562977617
1309507908
1165059480
1371453526
1324001118
1288857025
1136280875
1247585649
1292062622
1257759990
1205584451
1423862720
1282552648
1295259868
1073903436
1573560662
1511177507
1305275238
1344101930
1451911202
1535900026
1450658637
1335712412
1437639162
1399248792
1474122917
1282984007
1272319361
1360736351
1274236876
1302677877
1154777329
1466579660
1148487629
1264774786
1417637707
1299705916
1242683477
1280551697
1708218163
1147105789
1125695460
931295771
1585697572
1648483026
1365639082
1259538852
1303144505
1459643653
1252916765
1337878257
1394368694
1184698683
1400049683
1347049660
1331605250
1407091114
1300492467
1566391278
1511388100
1595887371
1238675202
1217938975
1415416334
1456049133
1379568669
1415018403
1704471033
1482848268
1613856383
1657681957
1426874780
1547093085
1692498230
1388999428
1547943876
1285542280
1532360430
1572844473
1128541884
1500639508
1524611939
1458258746
1428234018
1098011566
1296007834
1579748736
1451783794
1450171547
1450551681
1376349824
1480963577
1475914700
1097682846
1647612506
1598409313
1371393931
1397473200
1575066544
1409941526
1558123737
1410560324
1587800324
1320613503
1564545758
1409837722
1477590672
1831246237
1345886162
1277668627
1297301998
1435951613
1164559893
1382433922
1443596380
1506818520
1244561630
1343709270
1371075203
1113630297
1542090988
1363813232
1223162011
1189190665
1491959671
1253787541
1527038584
1421482124
1213494584
1005036702
1785795714
1392305396
1888508817
2506927501
1743330268
1633730117
859069794
717535461
1051163837
1183928688
1026271739
955717606
1073977574
878602794
992825703
926043646
1132042504
795543125
1235669556
1600227891
1524554190
1577936741
1565696318
1339401595
1170946543
1311451738
1520157134
1519672654
1393580649
1633746443
1622485824
1317097307
1468505913
1727950059
1521693564
1285025954
1452119254
1346353442
1243475205
1206899272
1340766906
1690175715
1457383322
1241339885
2440834858
4123849778
1484552868
987199841
1286826871
1207940681
1301585944
1135924168
1171630779
1399648478
1190861578
1181401321
1422455318
1455064982
1341640114
1066794387
1258023929
1160589023
1160059112
1268685885
1246419803
1562708534
1253430488
1413323623
1199554319
1036422445
1453646251
1278318073
1388153000
1079260630
1275679715
1245888280
1537345434
1305162095
1040995962
1269967295
1112590854
1191600547
1103757323
1136581227
1270199726
1150061497
1187173165
1149137908
992406573
1242142703
1193332867
1137519211
1059504978
1254007710
1205289651
1257033098
1215202967
1133154172
1059079715
1221591050
1059565613
1327808199
1139734151
1280054425
1138205464
1393719226
1451843872
1296810555
1277135583
1081437194
1243999779
1351801285
1063718152
1102529953
1214783627
1264869320
1422005835
1503893540
1402608732
1200939921
1178625020
1453296667
1525512586
1447944311
1224676122
1194578550
1326978334
1165931826
1291531177
1279593957
1373737441
1272895350
1238395458
1290997549
1071559467
1279548016
1250214185
1208421331
1111340592
1133562387
1205995610
1133132910
1562007398
1242505611
1240242324
1121848468
1395366472
1260767147
1067801529
1160459500
1302370412
1236462586
1502570674
1347618450
1322367875
1155821751
967389977
1249483513
1084142970
1379961747
1064803130
1259235332
1220701101
1037351369
1178999892
1281287882
1323165007
1157610667
1323127198
1099183522
1434794316
1512746930
1543040936
1134756615
1244016113
1378010264
1528656424
1148866741
1489052004
1196436228
1061342144
1486000383
1471508658
1245547364
1150448763
1048836841
1536142669
1473155445
1140305548
919488917
631410930
573732714
578359422
697859996
644249986
751718880
613706351
680526497
669404072
677008579
620831067
608092735
718450200
661114052
651386347
699038258
670053905
829745902
689626766
579651270
625762561
611812934
748723061
764264466
621714807
621253211
757371961
683722758
547499813
682515682
570636662
624599380
640495409
573325089
590253324
709330431
676405891
597753277
591482127
589244994
798795064
640643521
546260704
570257944
651346318
662018184
658872828
686553202
632434153
594317320
760371028
515982695
558771233
575987220
589184572
718792365
559353410
601445534
600528515
732555888
734756219
677607307
748899393
707900022
647127416
871105962
861531896
600352279
756120853
542930654
573225809
615920069
715058793
688644505
682730788
677954811
707285148
625680297
679518147
756389956
714919618
712037758
632199683
717995409
668369976
817599279
728702769
680293689
635208565
639108322
551377016
702357151
739640276
562032582
661572177
723834945
642806975
717157290
687047041
614982548
725913388
784677526
740532300
671531459
675480543
636486674
650285173
718772299
616005494
717646600
575796688
714969980
649179545
745775829
628146275
607827029
746084520
597838243
593720102
610909464
556754804
695741284
668640939
688490823
620856856
768793360
822968586
731673420
734110991
656074669
559121179
564929912
718938220
590766180
768089169
645248240
707178780
612631289
803883237
727330184
694465490
641698400
566988824
578684122
728847988
666348688
3340802728
1820421590
1537283151
1520115197
3171037837
2365704850
947372373
1043110330
892980866
1272329431
2531628870
2390466496
2862757405
1799217223
2290240948
3174553274
2877166277
3898383218
8717163671
7129607646
2010329980
2639140805
2908561949
2612301799
2099646955
2851276320
2870598555
2380991926
2146820815
2875187286
2546338551
2867487955
2484081941
2165863460
2136447714
2776783621
2648518747
2229569799
2244678993
6455960374
15485400277
4958378964
5633271562
14555312043
10711313783
5517866561
3587339350
3080045760
2700685552
2451519411
3260181948
2479703679
2246241409
3530539585
2865753941
3229706573
2616783768
3138224736
2650323965
2674897732
3240462673
2996526843
2941768953
2743723486
8349819096
15843357230
11628957045
10744491772
9088120850
9634460785
11122145243
12963084114
10139473414
10723739390
11013447994
3244607180
2540315159
1383014948
1840449662
1660467849
1932232974
3534614239
2737746898
2780757817
8220983970
7602339644
9153483317
7434595554
10013767083
10211197343
9051144166
7761075878
6708664931
8547172997
12335036181
12316869886
11353523039
12430790086
10186453485
12314298292
11821913468
8663143939
11998232696
8703081998
10848095597
12527653283
12379658934
9867048503
9791960513
10797597361
9986551521
10279945826
7770507255
10718760335
9360828285
10714461609
4205393260
2747921521
5876230453
2600662413
2027865361
1839445017
2501290276
1698442341
1118653289
1282606880
1035606918
1601321305
1582565950
1286933629
1283879398
1221425172
1377572573
1164574233
1175138760
1146523972
1420866865
1512157611
1536243427
1320749313
1351383775
1420508522
1235502368
1108960639
1261564795
1212193158
1223206971
1352169675
1401907333
1092742640
1029117178
1124333554
1086362544
1315325915
1316727781
1168572142
1251553940
1287117084
1334513424
1423951193
1285781470
1090451273
1104184622
1322338924
1063029429
1212815972
1114725813
1227429062
1295709463
1329616732
1243693697
1179106508
1372041739
1086199619
1099380735
1236315561
1267202113
1396014634
1158240889
1542103904
1244126879
1371379488
1562263211
1307120999
1535415018
1271980934
1269949219
1463670812
1125892485
1191896922
1418133475
1087847885
1315471377
1535196665
934346157
1321260362
1186042965
1342508562
896056768
1152863574
967704838
1158044715
1164166986
1414911797
1018578836
1216206223
1082362772
1053294799
1137449852
1149457267
1105752162
1065902424
1145984055
1048631442
1380026689
915751727
1220641300
1153739802
1268155936
1372075531
1237780421
1450390247
1267516537
1327830789
998758792
1457311823
1280360643
1082522812
1318203805
1062407472
1323702220
1527292528
1187915750
1362895249
1299952156
1032319416
1119885455
1232126594
1380624523
1223740966
1162252200
1108455223
1247677475
1174810388
1334211041
1612727880
1221753185
1246298815
1354561737
1095943355
1311664976
1119407773
1188059058
1140093281
1506501563
1207279116
1013003067
1214647612
1115306455
1295646398
1361565447
1203816356
1287287046
1273162080
1283976386
1288381370
1122795771
1248238492
1287494939
1352736913
1329666295
1207584425
1003708942
1441543175
1220849074
1121136205
1490843090
1390503128
1187461832
1216589660
1290354101
1031725022
1232718011
1227677377
1357044181
1029995949
546612758
624480510
591993444
682955056
730306559
541628979
714415980
673099278
667091096
636699922
685284165
629538674
638069967
519880786
588950142
666403414
572636949
668918850
667816645
639710201
720880093
572465492
642070655
771269695
781018648
661975828
631859017
633544719
704069784
589487536
679510198
607031641
726378402
669652472
651128646
758457917
730976029
640188364
955419172
710623907
895966580
1153091753
891817661
811817678
832730382
893577069
956679186
937398977
889857037
775824713
999185605
764372463
809719307
833670295
811779570
904964759
829143234
647004931
726207491
1001150462
817955925
881770363
954319631
777479776
909856293
1029517922
996830611
745436813
838943732
761175740
830628703
832083175
944061112
902374770
705470500
1026342705
908396372
926519759
966863133
814618093
750951091
894631730
934067984
750314359
944094799
919739167
862635047
828459897
936557812
812838442
832033484
847097468
957288623
842143790
987485500
664767995
865434619
983234913
899917477
956508127
873948947
778271204
979348897
812630990
862345199
923334264
824116118
942556253
765419871
850868301
909161599
903892268
971678576
914080029
1028722057
827134425
1277779704
1560880155
1634613559
1657205676
1441281551
1229265524
1604735702
1525999247
1511937685
1421880110
1458436558
1676406007
1627977760
1192177631
1467640604
1319660555
1489881825
1240813240
1212982570
1352127693
1185455459
3440189640
1807472314
788704082
698779612
710317794
663835977
1738923933
1360720047
1300579046
1020088679
993788285
952536932
957656278
1132563442
3384774641
6567245240
8619275648
6243668832
10103281678
5620947857
9728866124
8540009973
6814215977
9442076689
7846188757
10538083498
12286266199
10762373000
13226257928
12093534941
12889764852
9032299788
9193940611
8376337156
11190270180
8784718125
10793502262
10803112255
9366276008
10637282020
2786365566
3527240462
2523264106
5141756985
8223484281
9588636350
8789453928
11024438439
11811139597
10363262025
9822944057
1940248558
2574041518
1707896507
1740782181
2674166092
2656889809
2583646993
4421884349
7663189860
8615769443
8301373529
9174560452
7859416224
9970924845
7053387707
9484263228
9658422042
8228413954
11902975448
11251225331
12377586783
14490792956
11836798229
12965938538
12182915378
9256883682
11405963938
11787840713
14879449850
11878773264
12501115132
11083459491
10662563602
10305761989
12038027327
10495463455
10519374555
3465159236
2769715320
3133405243
3135330256
1704586020
3850439917
1811840230
1539363879
2071931996
3011597979
1958754423
2124390145
6053195343
7259352006
6178196045
6140997115
9387287858
4532783105
2901137172
2815560027
2150082933
2758735550
2503071668
2028225907
2131170872
2469596592
3029060476
2673729948
2007737104
2126823065
2420331343
2328175972
2106212558
2664748421
2803958870
2450230862
2989985055
2807459263
2941939540
3283719311
3275242348
2895295030
2998698503
2932735873
3414775699
2859396894
3619371453
3144448859
3323789542
3473235521
3684386255
3380424870
2853732945
3389783211
3480189397
3272153976
3008469230
3048139194
3231534429
3339708699
2763079650
2191450345
3652722863
2835486986
2528876427
2921448823
2769297101
2783579333
2924935561
3334470476
2672061372
2669702100
2706304691
3015957627
3084494069
3018159560
3198393847
3231939745
3385304718
3319642589
3097607410
3066299315
2839046740
2894611729
2689702561
2627232879
3373001268
3216947444
3023468890
3569952589
3081357333
2530309812
2631569425
2989500533
2820008119
2825492945
3114315729
3717539037
2849335669
3119217832
2984007277
2256822562
2956663820
2922401179
2866999699
2790716976
2986115063
2819680375
2388335962
2421078969
2913784177
2413938242
2770185545
2523682370
3658151503
2780516276
4132655293
3150136313
2121582160
964431413
819492933
683813867
957129578
1485811684
1286355789
1116526907
1359985544
986477343
1069491621
1002916760
1941000533
3289329278
3209571980
3578001108
3457837632
7244512579
9692993455
8734738673
10874722039
10138771015
9432305447
9338650309
10821089769
12902239525
10240902720
14052642859
11082187790
10991354099
12597639892
10230396575
8547634973
9948641477
12825620057
11924555078
12090424400
10865568471
8482208932
9420609752
13038857575
10979093845
12771136637
11042361578
9913426009
10155651242
1806103241
4830115071
2029561537
3811522663
1652531986
2544492158
2861795940
1716681770
1452697335
1552085107
1430934556
1228604593
1374411082
1539803177
1301478005
1706894892
1385155783
1362593314
1544451206
1803060430
1563768906
1529489164
1775202052
1606941289
1678827872
1482485143
1768041594
1496468938
1397252480
1796462662
1573784817
1732067875
1411280288
1944630687
1510174797
1646202484
1353575396
1599233480
1497570804
1700883401
1494847641
1447359159
1525041316
1645875617
1375279307
1627266668
1491067715
1392214487
1697852253
1402887716
1591605229
1702131301
1745415071
1532277278
1551249561
1858536421
1448763823
1857886678
1556038114
1463306598
1009265763
782146496
713674531
724254304
606840822
725556339
775665279
723645700
820027858
943861058
776039353
966979653
978990534
895174186
760327365
845337363
949169137
858260493
688619762
869824216
726810909
823150748
705093742
837902737
714549069
757159187
827195529
723615836
918285943
1025278123
776616813
896876578
1012564118
781466960
880472107
939611988
875428479
902165113
943746502
794903119
787189146
851374951
786421113
877360392
889645961
835961420
979326658
872015452
755004011
1009221296
812454944
770239316
802462003
908181599
784949919
950831161
1321673243
1411869937
1477140864
1367532619
1357018736
1209312100
1461310304
1179085311
1595687907
1335230126
1148963227
1430910599
1488040757
1376569129
1331209642
1348676047
1699159714
1359363892
1240613574
1100868884
1570153943
1101839297
1437273568
1158519597
1493390180
1280075311
1324271518
1549499299
1558309288
1394041116
1489563309
1448296701
1552642708
