7495716847
7794359020
7850086759
7767797106
7667956012
7655976511
7985693068
8125656393
7950023317
7967806800
7596271401
8002693812
7815978053
7912537656
7823280501
7774589111
7795255014
7946767919
6871112397
7741697878
7575779442
7664522481
7663014319
7912021764
7834104154
7945088732
7692326427
7950670903
7880084214
7871317144
7727517641
7768625255
7773409546
7855513293
7854665680
6134048782
5081014879
5096537596
5274887190
5071606450
5197924889
5189768389
5208619021
5161610092
5339075522
5254971338
5355742589
5418590961
5259442408
5376408480
5396101093
5286895897
5427595887
5389025673
5408749423
5415948504
5446600454
5332357699
5268636757
5222857846
5225519867
5310379779
5386256315
5459386275
5362543414
5389141147
5381717220
5309225521
7654603886
7317759313
7580495180
7487057163
7730002439
7639529390
7761703902
7508073059
7732262032
7727997935
7991203536
7722040722
7910792175
7804473033
7907352053
7778410033
7743560466
7796416700
7871154852
7848304149
7850927862
7632276622
6625361842
7857446490
7697210433
7716002380
7917854376
7949231891
7733563179
8047021240
7902375327
7833674205
7567754655
7969675240
7812692081
7748931632
7783427376
7868426766
7615823237
7781388149
7697913181
7560414676
7794448329
7928129336
7710842160
7940024718
7900892916
7878911770
7938871126
7726117210
7763775292
7846690950
7825428208
7901405897
7759336359
8053297239
6253965849
7359742089
7533574153
7587033626
7520097188
7690410637
7946502236
7991726662
8037994966
7896390160
7643350961
7822054857
7767548774
7861303860
8108708569
7870818782
7720259121
7685655859
7322294997
7405603888
7667480507
7771017775
7623667363
7874676017
7881662160
7912641128
7792621354
7739643068
7934791368
8130125495
7893962447
7826839589
7687543531
7827766469
7767458634
7291107058
7345346823
7760801628
7767253985
7686523839
7889001720
7926227673
8008536486
7909765868
7699476287
7915649130
7715329033
7749787280
7805443466
8014917340
7849537674
7889366563
7957630567
6841115691
7617073796
7640072172
7611418553
7824907670
7688337467
7589116091
7867078735
7873126147
7900169690
7729557842
7628155302
7787859300
7852986237
7718178186
8052535284
7208671768
7721057423
7664975837
7495065329
7890688114
7823354282
7682587696
8003011436
7712402227
7895916877
7782966291
7984045940
7878207634
8045186492
7841845384
8055218651
7897718117
7810337126
7828340440
7495531242
7495451011
7504854044
7303990441
7474219392
7616915255
7648623988
7780360898
7863978908
7533800061
7877772732
7891977218
7840390893
7725549385
7769820965
7852419478
7899423494
7866170123
7804172973
7832831029
7926256927
7706270160
7684093532
7119047729
7275887909
7277946680
7471412569
7647109378
7606459832
7557099144
7720552462
7712703320
7963580564
7782246715
7851952046
7952091439
5924050963
5214610110
5392590607
5371130433
5291398216
5425574002
5418571827
5379524195
5292253003
5388746581
5333563687
5387225261
5306713075
5244925193
7569184177
7869682220
7797197356
7641546534
7914928013
7833762203
7840494617
7960624108
7743742334
7957171877
8017941263
8156406044
7853214809
7888771709
7778500304
8012071796
8008481325
5063051467
5154261515
5057703820
5254728224
5209673541
5195320276
5300383555
5229663587
5552035577
7492821989
7598723788
7895654083
7911191734
7889504432
7913669736
7889036299
7938636965
7908601255
7732751654
7806529552
7785051097
7878427009
7860613404
7970366056
6544673318
7522921361
7666095130
7695515415
7924126990
7758478516
7766446821
7765661585
7702869690
7735973757
7896157288
7995136045
7692111144
7828027022
7640814988
7891023096
7950367628
5628226437
7958619115
7905029606
7840220054
8077779682
7891311685
7887183641
7765132617
7809089573
8006230203
7879373901
7872156550
7893228319
7815231367
7915810366
5904992547
7879844904
7632830895
7742868480
7878609141
7882997705
8199089065
7842742183
7694096158
7868604520
7844750812
7974123658
7663063268
7969295597
7796102389
7807956329
7163920848
7526353277
7662365378
7569009735
7575500856
7867147334
7791697082
7743724219
7764811051
7860537875
7903056562
7691214217
7978937252
7916195246
7569308831
7887235847
7638165487
7845617854
6857682368
7762160048
7744949663
6958498697
5300356510
5474460009
5465676998
5380848763
5280742919
5240842513
5356390464
5353909468
5394085129
5336830688
5446619369
5417346937
5350403451
7938343085
7872639386
8010031625
7812181604
7976422171
7817107916
7936150418
7879368673
7879644957
7770094413
7823881772
8066053275
7803970443
6130832885
5214323385
5345816146
5234983723
5337983975
5328517560
5361214106
5195861228
5387664357
5357887014
5354336290
5358107430
5303648172
5419558934
5348182825
5372163993
5450033595
5388059142
5477006231
5496728764
5382453757
5378125428
5365330549
5363849341
5343458502
5408356483
5435699048
5399020555
5288960710
7237987795
7192524768
7231652952
7403570418
7621347464
7728578853
7759143928
7798987403
8002738979
7816947135
7663602446
7670107558
7781235720
7936050966
7887076480
7785389300
8044941101
7970980699
7800443100
7668907706
7259004665
7463841523
7532184320
7589443080
7786549442
7675460690
7664527625
7747427102
7638270396
7812479386
7880506386
7757466723
7726205636
7671098783
7806705533
7915828094
7661729021
7942388396
7723045707
7892276907
6514191821
7624875120
7677405814
7628779980
7782489601
7793149033
7873645156
7942168362
7773627115
7802045733
7738543010
7851653082
7749185735
7815805800
8011150585
7834592953
6826868565
7316481808
7182375096
7313786284
7200110793
7285622713
7469879634
7564349480
7677062408
7734781093
7804797686
7845719532
7934448681
7991831702
7823750227
7933180523
7787727916
7758919850
7838096428
7944599991
7793745293
7794444019
7950853211
7854898405
6362171843
7298316655
7383475427
7610614708
7648617810
7561868536
7706837587
7698327752
7906284333
7978462414
7646374731
7791637100
7800528477
7783151063
7801259364
7888538752
7756219719
7925212721
7584834479
6990091929
7751498259
7671902473
7607511024
7714285932
7867633785
8055406598
8034209686
8002950065
7980964531
7935568590
7834625389
7899133647
7899317659
7939688447
7987213453
5541336278
7554063919
7778573566
7714718747
7942333940
7803961552
7953911070
7960208439
7737176453
7660286837
7816220026
7810574687
7880041122
7787730708
7858282948
7872927353
7436700955
8019694501
7871260980
7932262659
7899668364
7776044341
7791957574
7805076443
7712919247
7811455331
7759317961
7890492655
7938129717
7871731826
5560229680
5094441711
5214289761
5375567503
5376083028
5446028762
5424833782
5392537824
5412315421
5456119416
5386275377
5264004440
5435873600
5337805406
5350557533
5327412116
5401067464
5372829809
5326012088
5316862560
5492748686
5447535826
5293338562
5345250692
7717574616
7756820070
7821245617
7895937414
7844769215
7931586841
7947768428
7876361143
7916038879
7727031001
7799757831
7683543608
7949696189
7875074543
8083578485
5461532659
7768748508
7591861213
7729141504
7772773861
7913322872
7825944065
7930318341
7827749101
7727324449
7754401581
7955659065
7949205615
7999821014
7839971705
7675610962
7498797143
7585954863
7679257979
7535658206
7813713384
7615859590
7789478028
7798318670
7991728778
7684946036
7861221327
7820301613
7857250486
7882955223
8002679646
7708165293
7897290791
7737015740
7701796744
7502049546
7692901425
7455423354
7710857852
7793242626
7962465817
7673478849
7699174703
7816047303
7779882924
7337822819
8044541820
7996943168
7901611026
7995124610
7999074278
7905047907
7895236200
7832898910
7892707688
7822287761
7227844330
7587439454
7650897214
7592202742
7525644237
7818246614
7822362181
7793730136
7729870068
7785638267
7750740488
7639812792
7817823867
8062027095
7677157259
7946867301
7727380209
7885868664
6900919753
7742094006
7530423406
7742186142
7954195980
7793636907
7905051904
8027551464
7794062142
7817149029
7709069553
7859173649
7917223946
8059491154
7853801490
7737766432
7648142793
7845541017
7134082302
7783084601
7646872223
7612827301
7586621804
7792047029
7967010311
7872780239
7926722483
7804449277
7921470534
7792386950
7837847359
7829962764
7695167226
7721541217
7752186528
6628689930
7911875278
8003761832
7641106918
7630951591
7876277218
7832382973
7844399157
7762226764
7826123931
7819440761
7895385589
7721547885
8104775609
7956546851
7852707356
7743231542
7607685852
5270257027
5353861923
5235483284
5394260027
5284125310
5448537885
5442359701
5410188490
5361680304
6647727195
7932737352
8000799630
5338598748
5416578309
5356066671
5320828991
5363460762
5364684294
5391902002
5361031925
5361731417
5245574719
5243514708
5232942905
7633706853
7209599967
7489725864
7459265814
5729825697
5249139238
5284012439
5311683514
5408829666
5445900076
5371185808
5331011398
5264902524
5350075515
5406328365
5341692532
5397778327
5317662456
5247279007
5224742939
5330751091
5284109685
5386409090
5395601368
5430907225
5349627519
5301675889
7777713303
7833678498
7767350049
7603959445
7857432615
7694868664
7963751998
7977871301
7654379119
7840020263
7778458314
7664953808
7857475479
5110380383
5270342318
5115713288
5257270799
5232946710
5322493165
5226474831
5257782077
5444577503
5390756545
5287469521
5386212667
5427002453
5333748349
5378298809
7063224645
7782963943
7906603465
7868981337
7760259911
7819524324
7818524489
7882911890
7838058378
7978435371
7864074463
6445437113
5556650177
5339069274
5327456413
5501680597
5533375306
5406084161
5487010037
5436784893
5420570559
5338675331
5395743479
5450933466
5461953471
5392274044
5338567298
7832405491
7658642429
8020272124
7851027132
8020392145
7930478882
7870613758
8008947006
7990138697
7849826780
8038964762
7964176850
7812586887
7975129567
7339718136
7860892213
7729172492
7853223338
7716519769
7709922194
8062250391
7918435182
7729111354
7874871739
7853878150
7759443885
7914959295
7725925809
6198465482
7765851630
7940241890
7833539400
7875586845
7138669946
5352765726
5346062386
5166671958
5433998307
5511823795
5380284390
7592772695
7790384197
7802630096
8018295328
6638731844
7878417264
7942467659
7811396412
7978451027
7772433781
7770619288
7742759553
7727871858
7826091854
5494527407
5324162060
5375693622
5394260451
5394207902
5354036925
5261026411
7480040084
7768410209
7610702207
7787081357
7715653245
7788818410
8001620668
7787176573
7822957743
7902000993
7780676902
7832270991
7859961152
7802740653
7850542738
7299080554
7559720958
7694037507
7976091157
8043145207
7792560324
7951651323
7775377790
7839809041
7709668251
7911878326
7935075588
7882884036
7961455427
7683579916
7503533015
7467161122
7574396689
7545336397
7718269210
7693209212
7637589720
7879357055
7731160949
7806702430
7883185228
7844298116
7782749805
8031293852
7737230825
7605655302
7780264084
7897865583
7769058451
6957918939
7216193763
7100623922
7496339155
7749478958
7497198671
5575927709
5391241695
5390441586
5160280091
5206837078
5234245288
5344670488
5326361994
5266475839
6238202618
7852471787
7804772756
7875187955
7986449207
7930985025
7979696843
7718841704
7830505729
7848966488
7861542109
7027931467
5254068870
5248770891
5035867117
5111649710
5262347240
5311538079
5406943674
5169338095
5238781058
5238825670
5416258848
5293249363
5457421855
5167625048
5477581129
5509360397
7570577970
7833336064
7982507031
7885982121
7937952351
7964794124
7740884331
7896750733
7961348392
5764794930
5327259680
5222590828
5217938061
5220572821
5296094539
5277720440
5407533444
5218963667
5192092646
5221094204
5149993595
5359724074
5416392362
5361743437
5386159418
5346624495
5450698423
5340919143
5228179219
6265844773
7786555584
7893687166
7777553972
7794859923
7631074289
8052662606
6459087395
7604835373
7473166672
7655603672
7605056170
7763878863
7548848998
7848984782
7848840961
7800370577
7655713110
7980552091
7866089987
7851208879
7945447824
7753222879
7882883437
7691243252
7856821041
7921916733
8008183518
8126539478
8390437190
8485620227
8311319663
8258285317
8212899168
8330990601
8327706807
8093164039
8149399802
8266263039
8588403575
8205924802
8047790469
8118268303
8307968009
8242745610
8446584943
8256690938
8443581972
8225256175
8355802968
8368859810
8170889444
8428992035
8150635788
8256218050
8175568867
8260192101
8192053016
8246829518
8298912678
8209270202
8158652176
8335113190
8397818653
8336143544
8570446040
8223116134
8283446491
8300541197
8290797040
8267671635
8267829147
8043489375
8256609500
8219529970
8138531686
8126277479
8221026838
8245377362
8205338349
8424847921
8344711691
8073684343
8344976252
8335747923
8329682368
8200880319
8138549139
8294846157
8374403650
8510030319
8179114191
8143443337
8255355031
8482706384
8301790728
8362903267
8371617250
8410693905
8472016180
8081736553
8205089155
8186737664
8164917798
8372642864
8314731512
8179106832
8357253640
8277102855
8146641590
8282329377
8365212946
8346185509
8258013834
8437488381
8391552559
8174038651
8164597544
8139843816
8032015767
8340803760
8209809418
8185864668
8392083692
8372578397
8256608979
8215681319
8230623275
8349369175
8158643190
8141243731
8360856120
8074062208
8353354878
8050278329
8297230179
8318273974
8242268497
8177153402
8250848383
8274766640
8112336498
8327125804
8269783235
8297521900
8145049188
8313386311
8217736378
8240690775
8009814016
8216464297
8184306345
8303598508
8296343914
8388117492
8345573196
8180676753
8441108743
8308644043
8093515222
8389586026
8282140132
8243345557
8335177022
8237139231
8342554069
8652790032
8324883646
8571982860
8249148286
8180853529
8289386907
8305285784
8206275356
8367855069
8353861067
8386657110
8422691497
8305187205
8329381026
8419203523
8492117203
8271545851
8346693255
8277078275
8198038867
8322437515
7183334608
6308401526
6233654168
7467004827
8142862413
8328406524
8131820024
8269041321
8200306077
8297042180
8305609764
8232036594
8373118088
8127185971
8220834233
8400722661
8296163292
8155984318
8211918950
8535569441
8266491956
8153458093
8129679921
8199087715
8195458239
8108412592
8258383742
8287617427
8378394838
8253078882
8140059895
8270812939
8166194752
8376754501
8303647243
8448114908
8210615678
8302192237
8219658940
8220016739
8161282508
8331458351
8356798676
8247629530
8484967384
8230155641
8374641920
8322066788
8360029834
8392829910
8218725699
8008269229
8262451830
8168273495
8384384383
8144586053
8269734396
8264539351
8212104026
8153058808
8333220179
8376128868
8221398335
8191283087
8436602758
8388352632
8215860968
8383557265
8219756262
8319573117
8332835912
8270342156
8131526293
8278804263
8285578841
8136281517
8459727430
8130544625
8355140546
8345739788
8326693373
8269077824
8340129150
8103488994
8177006007
8114381816
8102811829
8059167563
8198908674
8184040953
8180994478
8460956460
8170511549
8275730178
8196772119
8306161558
8355260484
8356125412
8395637166
8262074983
8009921730
8485282040
8201529239
8123324321
8284503337
8272325871
6675371645
6425548489
6214602442
6319240379
6086222310
6324167892
6212922857
6137280741
6256933175
6057359678
6251049578
6204209471
6346026031
6210125014
6230895139
6804250668
8448378566
8290871442
8360038659
8327892176
8091703441
8241286300
8138240214
8317863086
8270844163
8265770008
8192006074
8093354187
8306238559
8293480329
8067080510
8357488955
8295717108
8416982840
8225127404
8310358692
8369866646
8331129687
8247100051
8288220486
8303295698
8258375978
8229529665
8193007601
8241920952
8579631927
8395306714
6761945568
7933776377
8094851017
8113035968
8099320964
8062310284
8200750664
8085182845
8044732485
7557311159
6227956562
6062885009
6181330852
6181809120
6067845474
6151751319
6200153530
6242111506
6011476583
6044359384
5959725551
6006180949
6076147766
6075207634
5925064730
6162967683
6084750786
6200957446
6183738075
6184801753
6149838163
5959102257
6075816158
6106085800
6089286632
6067828590
6053304376
6184534640
5994178944
6120412293
6014724753
6125323809
8006854644
8171005108
8157248686
8027392604
8044889180
8086831302
7987166677
8032969383
8103329827
8110484140
7959857607
7951708473
8089558604
8230305599
8026682400
8054747417
8134165781
8128556078
7936454774
8192229444
8206325833
8160599606
8071658231
8131579175
8048236488
8269061637
8150384470
8232136388
7957364167
8134142623
8239960553
8364511850
8281357154
8185635631
8190060588
7885260910
7976498546
8180055449
8191335659
8193027160
7950263979
8074981292
7991808627
7882635648
7872587922
8235967974
8006236382
8227972210
8065122060
8254552210
8133249136
8155891040
8114170913
7927600555
8076762497
8058353852
8096891134
8046987220
8018419182
8211937512
7911877746
8074660274
8037858294
7860575427
6692071501
6216562271
6106421240
6279227008
6110700566
6150903209
6063163301
6053889082
6118427668
6185850242
6217553887
7503238994
8069949201
8181701066
8002850844
8126179502
8101710872
8216077825
8096449121
7834305574
8223578355
6655820243
6185866538
6155287528
6011539674
6100869698
6068411001
6143653800
6192846161
6196015915
6033340636
6288175518
6247736441
6165428714
6124741895
6155639341
6068439784
6155853037
6158537888
6299949442
6229865804
6149087019
6074431512
6098504650
8177141172
8235641007
8176839244
8091248386
8246882791
8036585489
8094639265
8181744915
8164611409
8100602730
8379260687
8024613770
7963816497
8206201535
8299788756
8059382570
8305132671
8061934741
8385906660
8167172618
8206062822
8083625050
7458903615
7621988468
7672198145
8304579057
8311517598
8340337674
8261335558
8411066471
8321604337
8203619984
8237452150
8146643351
8202939168
8266521702
8085955811
8113911500
8191193701
8197179829
8245263214
8357163349
8262409768
8323638151
8208239493
8235819718
8374227797
8418480814
8033588470
8156161771
8181904818
8334990188
8250133450
8186381376
7993152049
8379766061
8265072646
8420785490
8151813897
8166398415
8383834185
8259185164
8069778158
8346694490
8174201413
8332954977
8209450890
8464038808
8280190889
8211201275
8199545751
8377335872
8297023176
8288183994
8355264274
8257928669
8169803769
8339697960
8206050067
8346706676
8217587206
8324584148
8105784044
8309718610
8423656168
8323514623
8124073063
8410908293
8464297396
8303528498
8138854586
8231146618
8465827020
8401987620
8363084758
8172852313
8408497643
8368877687
8097695645
8096477495
8144889421
8342266780
8225219502
8225427171
8071861928
8181489215
8106584546
8228901665
8367114814
8344366168
8116566152
8294310380
8338020339
8267054100
8282261956
8462324106
8412539393
8155146937
8133656897
8278558788
8327734900
8274157190
8246647283
8195637744
8496231049
8318645058
8286598742
8218303809
8124418795
8263845261
8505380787
8243694459
8185893544
8333971290
6194817793
6265853036
6140163095
6192646941
6071815511
6303737617
6316290771
6203909848
6314543823
6146840027
6305660105
6187400151
6185235801
6150049840
6090896057
6357620622
6243683326
6184117407
6254738145
6189304635
6128490051
6244494399
6337589897
6136759295
6286655782
6148918801
6251356054
6271567985
6305186864
6319320508
6270523757
6223059876
6241692408
6322182760
6398118395
6043953466
6242874081
6157983254
6253087128
6193542622
6244657815
6446881258
6129035528
6061559341
6184725700
6327679027
6241756689
6314563049
6108346966
6203328499
6369491717
6359012511
6296920904
6258671348
6268758529
6160336974
6169035176
6363835806
6293723862
6390873735
6224339988
6332365564
8224381472
7997223280
7884330063
8029831791
8118909340
7953387832
8091590816
8042652190
8317813405
8205191822
8085531076
8001188602
8239901831
8035399658
8027891100
8108890036
8171784175
8127229367
7883058872
8182841623
7873068732
8038847191
8051494013
8125471781
8314790360
8231345610
8094605452
8185888774
8078033865
8276450262
8007366764
6224564569
6090894583
6166612449
6180556874
6023786835
5901523957
6057851482
6021232433
6118933062
6125844132
5982992781
5926477233
6093203174
6227583793
6156248485
6056634126
6325396670
6129497765
6090968847
6099015446
6003537849
6030096476
6169047727
6094909724
6028409907
6134052792
6212744483
6069303929
6162655422
6066913123
6005145996
6392385472
8061486102
8329039463
8040630116
8303502679
7969210102
8131432989
7893016304
8259009535
8244464483
7935317462
8195089628
8171914952
8082488581
8069429954
8018995095
8057249690
8132679763
7824326759
8084545333
8168371967
7996474307
8053364471
8062841851
8076134213
8041486212
8196631372
8148963307
8212441556
8048710825
8043004866
8111756164
7907259113
7914923127
8251444525
8171976722
7945630159
7952969891
8040848798
8016446948
8162004800
8161438754
8032826830
7968291881
8187956896
8029407696
8200627014
8091996810
8139372753
8069341127
8045060928
7996374715
8310803457
8136764713
7996709618
8141148254
8195861436
8127418585
8143990460
8136051985
7967665009
8153377605
7951886771
8241521947
8269365576
8258115345
8066492768
8175684337
8380284103
8085094143
8107295045
8289167343
8129766919
8168536419
8057360110
8242802247
8157761861
8091944039
8076022938
8300458965
8300682036
8249931802
8344921558
8151701755
8179871881
8262834266
8117642520
8072727203
7745059974
6157954050
6166303919
6219365065
6163069502
6111272548
6228356999
6263003039
6205679754
6118559297
6185120810
6263063848
6183364146
6186199434
6080214218
6224062314
7831686219
7804088936
7960761989
8045006033
8312345207
8488819110
8252344503
8143280109
8502930770
8133109404
8497282741
8237694198
8229482428
8211163345
8237350469
8217104550
8157085892
8306914692
8109550631
8518872754
8033413957
8241930855
8267998411
8188970239
8255014407
8507893266
8314704707
8209552454
8211831841
8154740997
8226675690
8552668877
8192736472
8310791894
8174715775
8132426078
8293750754
8291381696
8130068163
8248683956
8251934627
8179209125
8137789600
8180529140
8180945920
8257050697
8439515046
8148448891
8454254848
8184318976
8307548311
8128013457
8173329901
8114819360
8446633755
8300850425
8441140537
8164315542
8439233282
8133644818
8144903714
8343766865
8235649951
8256540053
8201693104
8334340782
8215666136
8305473602
8173984042
8232006001
8307923804
8357731721
8296508441
8195769762
8218896001
8263640461
8214299943
8282722280
8351057518
8241964514
8079557731
8192727226
8387833349
8282455212
8231763248
8252028766
8219832580
8043837343
8213114428
8242091543
8184904517
8227944292
8293057147
8126674264
8203297859
8357433102
8493539414
8269857561
8254153083
8427344631
8127896633
8201056892
8220955976
8278774368
8228358774
8402571190
8417754481
8340872233
8191267677
8386269929
8389785081
8252264895
8324118816
8424180722
8182781833
8324334830
8260213715
8297058592
8364670517
8318765970
8177935230
8333517145
8235876310
8189829117
8354954356
8155192886
8285923628
8054211705
8393611362
8314729573
8115038853
8228287130
8510190222
8278504262
8053483740
8210644397
8300064082
8275137426
8195150807
8310364827
8296329441
8130225189
8260866224
8468007035
8131231325
8292833303
8151507705
8471375290
8256542963
8346653750
8377916276
8062023540
8270287504
8399250795
8262276865
8183748861
8317625282
8205732143
7805023996
7801322802
7834858610
7886626358
8078533573
7904643941
8008352074
7905670616
8029970033
8039080320
8016870529
7992556384
8188693212
6772520610
8025158359
8139455403
8068305211
8077103882
8025003878
8140618764
8096533102
7901707926
8078909290
8220812963
8154547105
8175061630
8127620435
7941071698
8189478945
8053218834
8145253951
7981336174
8057180370
6626077937
6243887765
6077890489
7963220292
8105536938
8238262609
8123855378
7978537144
7931479995
8058805605
8277117440
8021227251
8127996739
8213711087
8081789843
8155747597
8227567752
7990589745
7907238912
8055284092
8324195969
8174027569
7944893581
8246749056
8149289741
7984614732
8066879198
8113430705
8167456333
8179402254
8201767142
8089791089
8139058269
8213230030
8323308811
8050986814
8121464728
8064535412
8012206237
7971991478
8011449215
8155174721
7985099639
8139451200
8199801154
8233362057
7949424053
8000227725
8269657208
8265010824
8255413261
8144353494
8138282619
8097831811
7847111788
8061698058
8070030124
8178893354
8178851466
8139336962
8150171334
7927895940
8080349169
8090823319
8133804042
7571410274
6217515826
6144413110
6101963373
6100707482
6199425297
6189772085
6012600089
6031683064
6293370920
6188931235
6216043919
6172854002
5969336177
6130564459
6182119780
5944969429
6122683318
6119630156
6067378865
6062964348
6273427345
6133503599
5981631296
6103483787
6338611445
6124187138
6236609948
6113888251
6041347349
6048115058
6243429316
6103282682
6054284926
6198741944
7028990332
8142166063
8262570232
8022196457
8143540638
8137390523
8311756121
8021461536
8239063669
8340309458
8339489311
8034601179
6610238511
6102347506
6196946493
6134864651
6273471786
6311623668
6211299886
6297871508
6215650749
6210189641
6107218415
6197355070
6206940155
6112326817
6131246464
6142156416
6306942058
6411621880
6141193499
6137849583
6238369555
6198267997
6326813811
6253791269
5980089241
6073077576
6227480001
6123593990
6012584397
6090425010
8391223199
8471323108
8206714629
8617931399
8356836332
8194436142
8305966072
8238350199
8368070411
8359127767
8378562371
8386259977
8047159467
8332539626
8143133108
8415741654
8233883290
8339533720
8387929295
8332888112
8211855013
8126888451
8291950842
8094262444
8277277181
8130204084
8230634210
8078649265
8492798841
8262142188
8144567801
8195041352
8270663658
8160595362
8443556427
8228142020
8240231834
8292622331
8325114933
8272631500
8256529447
8512505697
8153875965
8168691827
8121224644
8355421817
8433434195
8136270188
8451650092
8261239777
8148913460
8308357152
8351632988
8362927258
8350482198
8320491233
8330464469
8229155869
7990669197
8218454741
8246461664
8310872660
8484326980
8279929305
8272948968
8323256585
8460502238
8304641462
8210046667
8133305746
8339876208
8286814372
8150582650
8297642775
8095077846
8156860722
8236663508
8319596549
8299288193
8238878306
8256625742
8215864039
8348226956
8224537710
8410055257
8278266117
8429480521
8203883883
8385849241
8239409825
8229274865
8248877724
8334290682
8196111799
8277328314
8196389747
8394330327
8248294936
7914675000
8409531492
8146867051
8450736209
8238266094
8525237305
8123484352
8181997040
8471082305
8259239456
8224030351
8514909552
8225602205
8336215947
8355104511
8517719748
8354393253
8261524628
8143437361
8396628475
8338498384
8383647849
8200239731
8299963400
8365499077
8497827601
8166486069
8278123982
8201420058
8220469888
8445300332
8056110453
8221364318
8290937552
8496951268
8330224294
8350059177
8233172330
8171355662
8088758045
8394070714
8300048516
8220045691
8178487048
8351239647
8168103726
8378747766
8267369872
8249960046
8300585736
8263942174
8264437880
8113631935
8231871224
8339789197
8303598727
7774105926
8162684273
8275582359
8054009648
7798347025
8107095370
8155021369
7055861303
6053842094
6148623134
6111151255
6829688383
8255349777
8179739147
8068682430
7942566811
8022827856
8126178372
8230325983
8020158301
6239981206
6091424915
6047093248
5971253825
6075616001
6003809435
6153291422
6257798478
6186246006
6208386653
6072803920
5926506450
6171512842
6160991393
6149582679
6083884288
6103976376
6082186149
6116602167
6570071498
8114263435
7940189682
8030540524
8045636196
8098289880
7974909529
7812418794
8027359680
8125605705
8277940958
8093743093
7990777273
8040852942
8093548603
7997134945
8124179771
7873436342
8292995523
7985299384
7923883083
8085072650
8055463088
6532237770
6196594054
6161468271
6217993795
5995483255
6084054960
6100056326
6083303949
6110285643
6123977921
6111461140
6248138223
5980761340
6058776215
6221574390
6208531016
5988579738
6073412083
6080931575
6037029082
6090918300
6212784184
6023674610
6166693683
6036528406
6158164002
6181441644
6088480742
6094197391
6082867081
6165977790
6088710160
6281159520
6082467918
6256866807
6139965108
6119188171
6062006280
6053511714
6155616304
5974020637
6148575230
6069078289
6006167153
6103554960
6155838287
7095022498
8247980500
8129329036
8013465106
8113900451
8184263362
8060822884
8063875803
8230481037
7924983018
8154051327
8074911494
8451371112
8061136271
8020350334
8190213556
8205361524
8239740485
8117774533
8031485518
7985053532
8019589899
8178394546
8152382376
8196980294
8280141084
8094047137
8365898916
8271822735
8254863438
8292757827
8397166576
8519717642
8088106241
8124464603
8202877330
8260145724
8091127468
8082548599
8344737154
8302200119
8134474802
8238549796
8275795635
8223123759
7985849361
8202302566
8075880680
8127650794
8213741399
8297129370
8300387547
8227077503
8182666482
8103489635
8103046749
8175190430
8263615853
8120181432
8173360164
8119081780
8155188742
8285458352
8265982299
6874238052
8206870998
8279707603
8239385885
7991914823
8199153580
8059745780
8235965219
8035421657
8271803960
8043930672
8150526640
8055827264
8123389385
8017869950
8279047117
8186733672
8046220404
8167905905
7969245146
7998813577
8066508780
7996327809
6973629670
6105483281
6195294751
6021418624
6132352800
6292321878
6175906695
6108016560
6348487114
7568402258
7944579782
7972479945
8298000838
7976788984
8065498361
8133490096
8065294154
8132821931
7895797561
8097030918
7889031789
7992590253
8152619193
7988770878
8144343997
8166508695
8068547097
7849877250
8034003136
8038283126
8188693737
8075337576
7886393995
7616659602
6035514842
6085234156
6096921058
5967890082
7819640185
8137329889
8205040453
7818415940
7917258351
8206985965
8113627771
8001680315
8150762038
8058895919
8110667241
8185062914
8302423784
8083205524
8111664085
8206428033
7872288778
8170077940
8024538305
7971939918
8134862938
7961853031
8303938149
8241393205
8193481870
7967007222
8092604169
8136938435
8071406721
8233820796
8121528799
8032647532
8255732811
8032515051
8108758259
7978535930
8130033967
7947426014
8103275255
8311740550
8155615910
8268866395
7988423899
8053829796
8142652833
7969731600
7942371110
8183402551
8137759075
8132694411
8019991956
8017919105
8320864062
8116949774
8304816266
8211246470
8206467808
8171322317
8205850195
8013846931
8136799465
8178881864
8251045903
8048416816
8226788783
8235357137
8332640694
8494442182
8293298332
8068875082
8117891798
8270136786
8159167863
7972916169
8290512111
8154133207
8177026363
8159035892
8287276263
8134421079
7984740566
8306789751
8406869142
8186378275
8052379699
8106294787
8255930457
8096836789
8044139021
8457761003
8273758830
8232434162
8216024481
8043561612
8375257879
7346926847
8076823522
8198974729
8160796361
7909910078
8240815796
8204078732
8082509006
7956542205
8162046179
8075927831
7907421350
7905209162
8218553933
8077439499
8144215568
7931359305
8228358574
8298336934
8165043855
8099975896
8046000263
7951009663
8210000852
8098566296
8134404756
7938418130
8079925929
8066967165
8006163110
8026810725
8285801322
8107524114
6430732602
6159403697
7771892553
8007167401
7986153075
8016287236
8032672706
8148697549
8108020663
8028828003
8102927997
8056318253
7945089012
8108557195
8153579011
8015077502
8032964251
7938375079
7979050971
8127608228
8137425766
7888809135
8058219249
8041075392
8161962387
8042319892
8157364782
8192234195
6638624627
6239817071
6235146564
6034655304
5929643323
6004241105
7268031073
8066428928
8053691764
8156454194
8205216755
8049975515
8119683867
8181216323
8123954148
8053588778
8109501420
7971019412
8017170257
7898158501
8218886906
8104471203
8252571303
8147220922
8260929563
8165741520
8133137745
8264416201
8132083668
8055839051
8142635255
8117827248
8069277265
8043540468
8052658321
8037537563
8037020662
8227748882
8150895368
8223816115
7941167631
8263361595
8122911295
8316807700
8262306267
8282764570
8381499508
8165134529
8074860936
7649319104
6117831558
6283956614
6162013350
6092549078
6243072065
6208398552
6066736469
6203388683
6115642437
6180519001
6265626748
6111712170
6880605017
8205666404
8334084259
7983117269
6016628848
6237865744
6226862141
6083624224
6107912735
6062817682
6177870619
6315767105
6446885364
6168878593
6209618592
6047902993
6178360768
6119165238
6138635626
6162453041
6185823808
6205381547
6220731946
6205128647
6110657847
6255734532
6067435181
6121230112
6183322694
6154984423
6187177046
6311247899
6160794697
6159987036
6937919729
8162640865
8422748683
8190950365
8107018347
8234998403
8088697334
8156491054
8134072640
8322155423
8121318224
7903906823
7799300133
7925109540
7954727847
8142388917
8195730088
8009078853
8058259529
8107805958
8162680493
8090493585
7888935754
8049634649
8208174867
8270733105
8132830546
7944410352
8189083143
8086646763
7990609019
7833642789
8183970871
7964629612
8112754175
8017040320
8045936470
8007743785
8159813495
8083802096
7943153105
7960148510
8169582003
7934713697
8047349716
8056320256
6625231103
6206820440
7537836124
8263341586
8221852801
8197921032
8118370598
8242294520
7292655941
6129854424
6140670226
6056573584
6214413378
6030759223
6178461331
7317852540
7984105694
7987188741
8214608125
8119624761
8364646831
8141343832
8045585566
8267224185
8080037653
8071692150
8043315043
8123901221
8056765959
8063383588
6573886426
6165458021
6132227867
5987301821
6092306604
6153616512
6163066945
5982097975
6065329571
6243334668
6191238007
6265152426
6207102010
6096041475
5966478560
6097800392
6249784595
6094835289
6100791671
6251754142
6118547370
6204020336
6101579343
6077421879
6285579470
6191427105
6190021036
6115554212
6322649538
6171505033
6156031626
6194026540
8116884558
8204828572
8169372637
8180622439
8182867726
8240306653
7868920840
6328595688
6217036937
6213142887
6240825525
7356648338
8171194406
8084315390
8065396125
8104157530
8274257822
8333605611
8034022974
8175368368
7306164993
6102439161
6119099872
6232601501
6169872151
6690668519
8132856932
7940674726
8173999879
8160994514
8065902548
6532043000
6282692277
6359975370
8292928270
8114727338
8018682675
8197559297
8362822296
8253528400
8009652322
8308561295
8090984502
8101306899
8169096525
8183869738
8149006051
8228036533
8206510640
8246254718
8198718548
8288775883
8063494365
8472292266
8102642258
6839427810
6069826392
6259042986
6123732316
6258288544
6181328062
6180673576
6128900207
6222114333
6239009702
8013881028
7094098905
6162017292
6360519475
6228197171
6189441834
6234420693
6057421188
6137996097
6203726550
6163777102
6206609169
6196085663
6263605867
8327394146
8513049016
8450815311
8203996344
8206701240
8406644882
8092235790
8621300731
8217277258
8151305633
8288057041
8264772595
8339526619
8297332030
8287895490
8318462917
8350990201
8176339908
8202208971
8077521631
8166771219
8190433933
8057911142
8257555233
8230316499
8157406817
8084585315
8168423183
8218767340
8226836694
8331164491
8143909714
8273991872
8237977845
8282790050
8261751431
8322996689
8402215532
8358447602
8213132945
8393622404
8435065989
8287009948
8458034207
8203419870
8328499694
8313641386
8407626216
8311624566
8077722648
8211197029
8140620899
8247717563
8551819503
8157725619
8261095414
8088827004
8289551327
8300290805
8407394542
8351591942
8470338113
8286995133
8167356590
8320158095
8192796845
8358951326
8420768531
8167677099
8479188428
8116963165
8248733010
8262889626
8140351205
8165497742
8283543845
8296944004
8273361523
8299228037
8454670513
8393560534
8225272504
8429056746
8345298127
8337153096
8258107737
8430050788
8295823457
8479889551
8228999319
8422586426
8286793544
8239158910
8300439811
8247555706
8336211568
8380246654
8213309704
8080384629
8372954168
8493644207
8334280043
8209382749
8318473262
8416743544
8206287498
8152490557
8352644125
8220883822
8140316080
8330014388
8284041163
8273025336
8198614543
8087839582
8124841137
8289194091
8290197161
8110087730
8281101507
8083499047
8203684106
8411207962
8353751727
8433903467
8089032688
8250045515
8109662008
8292221617
8317930148
8055385859
8338872785
8142575966
8373846893
8311954472
8391053265
8302324943
8298979136
8353693983
8356367502
8345473165
8275280128
8223047979
8401367514
8343624708
8239081202
8223828307
8231624041
8520614124
8362633606
8403100543
8201095842
8124863007
6743001477
6219240378
6134215376
5907535592
6098221811
6117054842
6084354392
6179170879
6212313019
6265321280
5970130700
6262261008
6159363881
6350951532
6158737557
6111862499
6153942814
6087748227
6225866594
7643711688
8007098795
8148734646
8109732523
8156198064
8037920219
8157639876
8189360564
8295237320
8212003763
8203160999
8043792472
8147898082
8168325037
7854299297
8173797458
8106936502
7926029100
8201975017
8172161905
8046306646
7668024775
6166212837
8089925211
7991028873
7935448817
7903786414
8182978207
8087595820
8178204620
8104150831
7989965493
7893140546
8032276789
8050534077
7992004801
6229085621
6134561497
6058175062
6247168519
6078166646
6048733885
6108752933
6197184807
6164516711
6150413344
6183345646
6233010575
5990231237
6147534036
6152091292
6058165072
5957805936
6029456278
6278251133
6377522917
6106864680
5998971547
6166310834
6223948129
6125164090
6198474125
6130270518
6028936355
6082849416
6208880198
6190387121
6144302325
6147087303
6082372157
6096590767
6053043715
6048007993
6227112318
6105626136
6005360125
6047023824
6139785318
6263721090
6086622906
6245935717
6122915391
6116922948
6091922436
6213810534
6095753845
6250946376
6174923544
6064286908
6102542256
6136741537
6228721516
6104741354
6134459400
6176695429
6214770038
6157856459
6019304278
5985270361
6127426689
6084091150
6052214958
6033799980
5885049918
6795000021
8203526033
8246445468
8067171445
8145611429
8317189622
8224893721
8230711431
8205142860
7973737506
8238934244
8307925884
7975557871
8027706223
8114371141
8122423727
8142929723
7988514389
8337021430
8190721603
8318323550
8051415921
8181372800
8070641476
7986350240
8306332116
8313692778
8159197400
8300415843
8076070650
8159558763
8029810941
8195386634
8183807189
8218856699
8300126509
8039866929
8374058662
8131129880
8201072647
8096226337
8107796062
8210769967
7919171805
7960677922
8004846874
8031597130
8338925647
8133003959
8019835054
8070957334
8242780152
8166399447
8103311219
8150324433
8119349958
8056053334
8336268701
7539139907
7838223791
8004483367
8127377745
8228042793
8305195214
8108602913
8217737870
8036992443
8090704265
8170727675
8116596992
8038358823
8060614363
8202711845
8050946520
8010721562
8368628170
7976677441
8031804513
8366105084
8064203771
8092905687
8087788719
8131837912
7982831190
7959238416
7944914848
8161721102
8021633488
8155859332
8109825790
8165848590
8042589732
8104511299
8251704864
6971921165
5975109220
5987129048
6072735088
5988827372
6169333669
6069945011
6133196862
6075969819
6103374046
6086388093
6127835514
6234444478
6221658077
6005616220
6175105784
6068643335
6249384802
6029566541
6075138342
6215437145
6259399680
6192412890
6477073046
8172093193
7990016165
8146945189
7831580260
8041339266
8112754604
8182975045
8120821228
8116837146
8172871263
8220501767
7944400882
8165211582
8111896438
8149958602
8091550834
8039858355
8066210897
8119429157
8112947348
7897293374
7893744511
8114513116
8017830050
8222933169
8248766501
8108318070
8186975531
8120977597
8067586780
8187187375
8047773921
8052631034
8192937618
8176024891
8236188028
8119614150
8032654034
7962422031
8216661647
8211799791
8297346895
8078148979
8196866461
8291505840
8096492828
7854600511
8139903175
8166112622
8109897434
8284938660
8126814693
8044285672
8047588108
8290688619
8020269349
8061196866
8082784712
8179039679
8439051083
8055458413
8266711945
8101069448
7991813754
8124726379
8204695362
8231161220
8489011825
8111855652
8259728643
8005635449
8275450100
8032453995
8391761796
8291045895
8198896818
8073851622
8220241803
8200759033
8167090330
8353544732
8037772825
8018605521
8072048950
8405990397
8024774653
7314442525
6073414999
6000564248
6238556204
7773602126
8144420169
8127854790
8259895754
8204657592
8333650207
8143365406
8230922488
8093378325
8165137912
8246206065
8236467813
8382115320
8216476798
6917173947
7468041614
7968737829
7932987778
7836533417
8036201091
8418479381
8271830632
8387090304
8213085766
8187252011
8325687263
8467993746
8148106630
8400792818
8129564100
8393466114
8168323037
8256027488
8165477399
8228822345
8103289363
8372971713
8218847522
8385941724
8239575668
8368770093
8201928179
8082629502
8311675684
8147874261
8156294982
8276389237
8330990097
8398051195
8226404571
8106165040
8278156230
8479347710
8225429105
8415126719
8380730869
8170151131
8277297946
8290403856
8354167548
8094679521
8365343280
8439408535
8174086338
8377020996
8527153954
8406717024
8174243401
8231396681
8448106265
8426643657
8153731421
8306607730
8460371288
8143807487
8172542423
8166314087
8186552027
8166677118
8384595504
8330588750
8243927785
8140909543
8109514346
8374334435
8386264524
8301787887
8190388703
8325613550
8344516790
8213406902
8153080607
8194495317
8315935436
8192410224
8141373239
8295742994
8353506797
8280806940
8160766734
8447993931
8326244375
8182847227
8242202314
8206238396
8215481986
8339372759
8362427968
8311439514
8131457156
8179170163
8281941004
8279244873
8225057913
8202209071
8393725246
8350474291
8172673791
8125853751
8421482553
8168984082
8425111778
8454124640
8560585378
8174008896
8291487833
8281203360
8063789282
8145814371
8298656330
8495051998
8283432489
8426924169
8242512949
8248928817
8318559474
8278168554
8266846261
8190522873
8252160199
8382090552
8294437693
8147116585
7971170208
8261217712
8190970586
8600686975
8304405920
8342286241
8168949740
8337078549
8298279261
8260125413
8283105724
8108939347
8298559036
8242661254
8511412627
8486849199
8175405734
8195068279
8104424650
8432453702
8350931142
8283093148
8452146458
8454999587
8229393253
8252374242
8341039941
8450879757
8411299860
8340089406
6461232250
5908544430
6022328360
6030992672
6166021254
6352283331
6232076523
6303856259
6329690203
6228704022
6266635234
6178146216
6264931760
6046883419
6305828131
6290242296
6138663254
6235619777
6178183218
6141929731
6168018696
6373930951
6309242417
6206329663
6162620516
6159794917
6169668599
6239497742
6173968882
6200573876
6212559436
6309367976
6390788598
6279549257
6271635163
6205329463
5977900029
6163332832
6088869740
6209257486
6140503051
6231990806
6121481651
6213748832
6309167779
6208373741
6167403783
6234283548
6182350791
6087333367
6150625278
6190053391
6279129864
6288236712
6082943033
6214003962
6309872695
6231244037
6216101694
6129352003
6786901515
8202267914
8183098076
8281761503
8424116559
8480342756
8327359155
8247127549
8109993236
8145550382
8176803634
8246937031
8235620592
8154516221
8276454434
8194449346
8309774962
8376514630
8366975730
7881642423
7880511587
8416543006
8422689948
8012777661
8162951024
8238546286
8233470596
8423093107
8170537534
8170651913
8196962744
8415388433
8361406888
8284513436
8420696335
8120106937
8298578761
8254547897
8309769865
8291861362
8143696954
8202181426
8428124282
8133630043
8345558442
8372829587
8101560967
8360668132
8201255990
8211613347
8318919304
7992786181
8263366337
8272979169
8262401983
8300396401
8278250161
8410122412
8294066035
8420832079
8510265763
8352283278
8279872860
8222136348
8281950406
8283026048
8341488378
8447961268
8314802734
8125771727
8241166137
8311450614
8078019124
8240378866
8223790126
8353488279
8232401436
8224533460
8378007519
8400317725
8135571572
8259121538
8355222069
8170745619
8115478123
8327617566
7878628066
8286868848
8213037544
8428703113
8193190161
8197180269
8330027639
8200738379
8476553911
8303947700
8162651566
8343918655
8348621295
8292769660
8310387485
8090866116
8189382266
8313093462
8080845235
6179314104
6294371321
6327179189
6297053844
6218728536
6162274503
6186096789
6176335501
6225406357
8169235262
8441171947
8238838147
8330657312
8293972419
8378095947
8544477229
8312502749
8249735903
8311221922
8305801843
8334827776
8080494611
8149525960
8252257620
8286048496
8053053641
8175038211
8245747045
8260860878
8307440350
8404534825
8248123025
8139722248
8254247615
8244688658
7943045460
8253686272
8210325586
8270274459
8330159545
8270707783
8146126108
8497342526
8121352991
8354498626
7999576771
8217590202
8283190031
8084761892
8300056608
8344463070
8364750224
8325793397
8332971768
8252385137
8359592477
8280059330
8417061147
8148314753
8066652569
8045110833
8283003973
8370239140
7980010307
8202507080
8391417753
8045298873
8172848220
8267644636
8221615994
8122014919
8315091464
8016714818
8172766416
8203577907
8215350415
8198410815
8296930826
8254051228
8347934805
8593103849
8412628000
8308003670
8393602459
8283035792
8351411710
8089776350
8166274099
8096530688
8313237776
8173930908
8225391025
8357572699
8263942233
8225759228
8101953258
8209126710
8239086272
8079128595
8412709582
8164706381
8441868605
8452421418
8266210528
8172832776
8186877829
8572447936
8229629409
8229569753
8335675306
8127983747
8260329869
8290389531
8179860863
8384601800
8348214372
8236964561
8212384231
8185772679
8313756229
8042803971
8567609890
8205856690
8286937097
8256207916
8277583965
8227210077
8255634149
8369038100
8131941576
8295419390
8081073853
8275933115
8298873075
8208705906
8386683579
8393955095
8205817336
8328014226
8104205151
8312745603
8344175510
8284041807
8096593201
8285640721
8261546871
8215572421
8437916752
8215150514
8331443894
8375115877
8336183361
8345513009
8440520745
8308063256
8288596511
8356661067
8220894271
8364456305
8453544407
8193097448
8104778109
8317238353
8236765168
8232814649
8398131716
7038860076
8139036260
8197081662
8182865380
8128421385
7900323781
8090091861
8001592644
8177867542
8068666989
8011429074
8092157811
8179283103
8128752244
8358595759
8155395765
7976378882
8157156393
8070925339
8026021777
7851107233
8131860178
7845328911
8033146235
8086913658
8053360835
7932412660
8096135749
8121058111
8016455662
8245274994
7853976796
7721788333
8246228498
8072051440
8118949901
8078598826
8271378299
8022349353
8014749726
8100535648
7932146299
8118947027
8012754463
8068356295
8122535665
8215263197
8140414088
8121734160
8172398640
8101873662
8219655977
8117003455
8008190871
8201091392
8046348134
7956214095
7969687699
7921855521
8165882114
8069457236
8046552503
8124531401
8015115191
7861171882
8293501195
8184218771
8031849908
8157814278
8143284908
7888813977
8136444456
8008580967
8000494488
7921630564
8179712060
8040965866
8023725159
7985474786
8310224057
8254032700
8126115753
8017097361
8103987245
8071085783
8012494455
8006424648
8055320017
8159215913
8204197155
8145266164
8294042193
8225542445
8024732392
8131358257
8127607452
8126682214
8114352285
8161019269
8165108441
8050261827
8179591097
8237210898
8210076009
8221107538
8037658120
8042761219
8135980029
8183640601
8313270404
8058762883
8141250134
7901288321
8114378983
8053860220
8196307167
8170320622
8071757820
8314072131
8042891918
8204314393
8103135277
8320039980
8079547263
8228018105
8001184181
8183576388
8088248711
8162998188
8243036773
7928520234
8092760608
8102209828
8179495500
8117498912
8152578481
8115996997
8158077272
8181146109
8204416653
8162166499
8143304752
8245997154
8193582129
8325325081
8249386700
8236838609
8189790592
8126131857
8203066436
8350935452
8106873620
8216360731
8334273248
8150843650
7145700904
8233517380
8116168715
8263627932
8141768019
8341404394
8369541174
6360957924
6200002656
6080358083
6311991011
6282982536
6265636857
6214024630
6206252659
6424005729
6148919640
6202720975
6269194797
6161204306
6199611270
6254976805
6122107528
6395134979
6300937708
6104171720
6220767069
5879017739
6173043051
6295312911
6119526500
6228612271
6232777457
6212161133
6195294975
6144343912
6311520615
6179173445
6187201790
6216856945
6327487371
6399333671
6030981612
6106916869
6221705852
6343980433
6114646406
6028378533
6193526378
6165356068
6348785437
6405011374
6174656357
6263873974
6232300750
6156869328
6191079575
6248439724
6252129660
6061639831
6095125824
6259467034
6349917929
6134303826
6321688116
6263988579
6250151919
6229353372
6316500209
6206093564
6133736386
6239844452
6152566884
6163180416
6322561355
6206968683
6237482211
6209845210
6263080450
6352635566
6237261191
6210994531
6207683012
6209466356
6285222156
6347900679
6350359914
6217352975
6197597069
6202975297
6302675912
6185311073
6213879972
6351349239
6251014039
6213883984
5989897856
6070332152
6157031645
6329824506
6110800641
6268142321
6224235830
6180109266
6163332486
6264841159
6278758472
6136968972
6205471817
6261334812
6227747434
6132763415
6314531763
6171601709
6076341125
6151487830
6177914771
6318210465
6301132832
6148217387
6010360127
6392343556
6171048701
6146300924
6156473657
6133988538
6050434822
6191289937
6124814728
6222433478
6277649946
6076532105
6175090572
6366973073
6288281248
6227971622
6087245170
6137465293
6257637604
7507667835
8210652893
8119759828
8234946820
8249566614
8118847092
8344370752
8477862185
8220582088
8222902859
8269814152
8182083099
8346302608
8218684988
8486191924
8252528311
8191674716
8382534045
8392565846
8599818242
8208009236
8294564100
8128021820
8229265918
8326198939
8319469776
8435301247
8201253697
8442639635
8429848500
8283814059
8121520004
8380479625
8133208028
8189306520
8370026171
8348961577
8245608202
8454208886
8297500318
8344673050
8414004820
8301328994
7904816362
8101296706
8224512501
8424604407
8099691029
8102091048
8142937878
8130567749
8081715280
7871306984
8139422693
8078916272
7953048389
6004167358
6296404749
6243703694
6172745146
6196465077
6149938309
6104898863
5942287171
6133333125
6056958494
6136625140
5979404592
6095076546
5937977362
6199541228
6034665218
6047845104
6046945787
7182549306
8244580636
8194989769
8258617031
6582054416
7876495674
8163937802
8086012589
7927045265
6052276981
6063774542
6132226043
6134953687
6195560767
6027335435
6086522501
7599270717
6324662333
6040328370
6168160802
6046791082
6131246017
6153237973
6219966623
6231499658
6339721871
6074438810
6175280059
6138524229
6297265648
6234165200
6079596853
6006285636
6222990314
6115825522
6134235568
6079634813
6125122332
6055811821
6113979220
6100312596
6045112680
6145678902
6046366030
6079265737
6115264139
6441820959
8000482322
8169330239
8092843381
8235184800
8485970599
7982699508
8073935388
8095068518
8226454407
8147117669
8112809025
8159535033
8188865415
8213186325
7930018296
8118827252
8030554957
8126550143
8187604181
8273103673
8099739961
7981790708
7975518695
8062122784
8084842003
8188765083
8082581252
7988729162
8172054605
8299242047
8385211460
8108222162
8212626718
8042953445
8167970773
8104896443
8219881741
8008202230
8218379647
8097415505
8370586823
8084315923
8071537068
8120480528
8085964292
8113759272
8064474288
8154026675
8181776776
8352024344
8196664966
8176911113
8185187616
8250480656
8224728228
8277506659
8219213648
8155349910
8106476437
8178098077
8167075746
8348072400
8146669870
8121314303
8297112899
8369210670
8191481502
8216925358
8183637497
7153591233
6134581099
5997366687
5980983468
6229247736
6251629302
7619457079
8045905851
8259227938
8181978954
8187600029
8139492675
8189920015
8188082768
8176911128
8232384054
8087378801
8128835361
8293372983
8271452206
8334796632
8099794983
8126266701
8106989194
7807048180
8308027545
8406011233
8115402695
8364418188
8360165953
8145208333
8202108569
8427047550
8285064129
8303977824
8337949867
8332992868
8241303655
8210270022
8102821051
8108654479
8163969741
8114150007
8517530610
8248241312
8126835289
8231290421
8044776881
8277935871
8230242263
8302022905
8180337808
8209017826
8293134353
8209553724
8425778976
8097106748
8386293015
8277190638
8299569915
8272013229
8271168256
8191293890
8172398210
8244517330
8271028295
8365819684
8273649813
8322304645
8300209638
8347837669
8287947460
8280934713
8377536692
8331824252
8091955348
8206492127
8345725387
8218042241
8179008801
8039489503
8160758279
8236467006
8506803791
8275387717
8485960252
8541672419
8447341234
8073190090
8103191548
8386730250
8292477081
8302223027
8209802197
8424577477
8340557092
8150942374
8335237600
8232933700
8219310893
8248165178
8301082134
8130108746
8201822141
8201145519
8162450717
8056783404
8234470518
8305310179
8213781934
8286003620
8150971845
8027043018
8245132144
8254306433
8227187819
8383409830
8174830523
8225123548
8326202968
8323624272
8268821883
8151765711
8155849439
8285392189
8224908405
8290192873
8329523952
8296009277
8136340897
8235139918
8446456378
8368070165
8173837365
8153785014
8323680579
8267920315
8359181096
8144833487
8389773783
8129239753
8377656830
8327499027
8157692861
8106456043
8385336601
8278092151
8305624674
8210840065
8297402896
8372326786
8423800065
8357692623
8408331844
8285729705
8269230429
8268249095
8286564328
8328589577
8226334858
8186783134
8291423805
8209346964
8240438364
8186901527
8241422889
8133186725
8277836138
8370857635
8423116946
8324361864
8230993975
8186654812
8395950744
8502688491
8329519538
8504286067
8365042735
8227340491
8242934389
8248441308
8198290470
8293504205
8502558838
8154546652
8307531740
8478968215
8143164417
8482670591
8365939171
8393136992
8366240807
8352919628
8088259920
8326194064
8297048418
8137761242
8227522363
8311220891
8410451929
8373139817
8273607820
8270423318
8271258805
8446930895
8121776383
8351077708
8202754072
8379122422
8042033811
8495690498
8081003142
8439900065
8375117892
8366180836
8221910682
8340226390
8300999722
8470149921
8267102585
8346671097
8341220311
8518879046
8482743824
8394647458
8370322748
8274677898
8499212755
8191831380
8320861919
8161760901
8266642331
8304823561
8432638250
8280525220
8233350045
8308015357
8259287568
8173632455
8324583588
8237397114
8269801345
8195666709
8197369208
8274242969
8453462056
8404428335
8465449703
8315326716
7979940440
8234286588
8310297559
8466009405
8390917674
8261833330
8278922831
8370400505
8417709890
8201409581
8151883753
8360002523
8402593744
8124244859
8272199889
8429656498
8344863116
8034017458
8393959409
8208377750
8214791906
8340210691
8220877510
8361247608
8210243982
8380271924
8293100195
8362102621
8466671807
8374946792
8184482108
8121220141
8344959142
8216862528
8136511160
8339046712
8136762774
8157986065
8484665141
8387728199
8344402239
8312939776
8287485555
8402435854
8176018166
8303830173
8247238124
8297232826
8344600363
8321204236
8369884805
8306529642
8017864668
8272339049
8331239884
8287556973
8116498244
8210124971
8301943501
8272793187
8314560012
8405100649
8516544379
8236067429
8308428010
8385053762
8277299064
8234022407
8292832014
8443736334
8406667515
8176869085
8062174599
8275907428
8351194712
8152140153
8501395211
8318784549
8331377982
8466591868
8203426565
8228273441
7901306055
7985245149
7972742904
8194620375
8378664922
8425939781
8308502093
8239326457
8362041187
8309684536
8244421729
8473667623
8093934219
8320024596
8411331649
8503989834
8322020584
8303044840
8460945843
8354634686
8301575893
8103708495
8657326251
8424556634
8417302432
8118083936
8247609630
8214922940
8155252166
8156513732
8207496352
8110616980
8271240137
8315993506
8361266927
8350200254
8271170141
8249406922
8367905511
8070262852
8231663358
8298765544
8386635080
8318138836
8405949816
8258063479
8375581749
8287334346
8323840362
8304842517
8258578494
8271826027
8320394609
8038215562
8032262030
8375369789
8358937012
8345011245
7890796558
8136252919
8384849954
8358759093
8484287369
8057582249
8209641415
8260388329
8247658143
8413980118
8356872924
8218982447
8168352039
8242724431
8097897280
8218698830
8194265284
8298320810
8144899880
8103429483
8081966644
8237615005
8172240430
8410991514
8324056589
8216978033
8275019145
8310652801
8323835192
8123007430
8275559283
8318770963
8216914888
8418023338
8193312640
8233644035
8152167354
8373422216
8169887153
8403294027
8168442723
8249797338
8323083742
8234061814
8255043840
8400397704
8226317827
8310985726
8201045784
8190026467
8407976924
8181005940
8266248455
8191009705
8295911865
8384028048
8245066714
8374592256
8244091055
8110927856
8387866591
8216240489
8438355606
8290090902
8243481534
8444854913
8106886716
8281914699
8429202834
8381426127
8461131493
8442289863
8219975379
8115237509
8397283519
8348398897
8334966101
8379168632
8397524833
8261900357
8441878216
8166677598
8805822690
8065132410
8385293530
8275762711
8306807427
8308422843
8282149966
8081831068
8175562429
8172634533
8455771016
8346659651
8350839633
8373676624
8308980648
8166415216
6981901592
8595423780
8119680869
7694483008
7781710159
7757820466
8079724238
6605797286
6234145501
6258289328
6150306157
6108818697
6197518679
6644786464
6204431199
6313260511
6579202826
8280927626
6774477415
6125636282
6163316182
6089382534
6167143531
6030904005
6105926083
6105490074
5979238688
6145705697
6154867855
6166600562
8120662723
8103708998
8185200231
8207775987
8084425601
8027675284
8009586576
8175377697
7891837818
8097372255
8187246520
7935699608
8034907752
8099813734
7458718585
6109751179
6082035187
6160917438
5958417039
6105502099
6011749140
6018591361
6217842235
6116092693
6043552305
6022427406
5870171567
6080527112
6129656783
6192089638
6119785908
6078534875
6176667371
6100999204
6122458906
6236316914
6126484808
6064064262
6149909883
6241622993
6029215698
6186780919
6265939039
6166032532
6120747824
6026043455
6212174311
6260060783
6128383665
6893427391
8072037914
8139228261
8076409941
8165542764
8124889507
7912730999
8182922190
8148547546
8022199604
8063536001
7964205272
8300162679
8115093703
8225279210
7958561030
7992423768
7979673878
8095421757
8226676567
8190317247
8161970861
8167967244
8138506401
8126542895
8090569379
7981415467
8209786452
7973312444
8073805080
7254263464
6196197250
6002879875
6951580876
8010337273
8246353045
8162724156
8124073314
8063797669
8051563528
8324478306
8157793490
8058987593
8058960136
8297606574
8145351471
8194397307
8018021635
8069106679
8061645904
8146793394
8308145955
8129671178
8149996592
8012255410
8078860763
8230219242
8093317465
8381764732
8148965314
8065542853
8219716249
8227576452
8193602040
8398452182
8162585052
8186033168
8125811362
8419505839
8260553768
8011371238
8123840914
8122900823
8357204225
8139090016
8171379039
8317640774
7991167599
8353239864
8083898836
8103424924
6168698082
6015352844
6181108025
6218643056
6153085648
6097096444
6169163519
6123383898
6192693010
6066504247
6000098573
6104636940
6232477523
6131059011
6038288099
6239467914
6177788804
6265699571
6109346424
6121309308
6144430617
7633477170
6387531135
6100748978
6200073061
6125612704
6021136578
6244147453
6154748315
6142363278
6152300833
6122259555
6156594550
6058837420
6105839886
6154663481
6097805448
7215547118
7862016543
8097970496
8022481709
8077296879
8056585830
7978569803
7875305496
7902829034
7808387349
7996473909
8102682079
7783504962
7742564776
8101266652
8070579899
7888863777
8067795808
8131823864
8013271663
7955143222
8293154613
7999776125
8000821632
8227455537
7969128193
7862450598
7975696088
8170449166
8277496671
7914599169
8092265915
8100846608
8018293416
8181759201
8160635950
7889349524
7985897167
7987553532
7791578247
8091718928
8026179606
7786539405
8024530922
8073913234
8228972775
7873223517
8023500321
8065369591
8091857389
8034399276
8113307159
7879151774
7639728709
6283538253
6102146623
5980928596
6374653182
6256644605
6058398846
6095625791
6143924693
6172162550
6147225948
6108786609
6193222153
6125874815
6202990731
6068245568
6099428789
6107391460
6303882453
6063300168
6070245326
6145184940
6121662860
6082322844
6203431178
6072107281
6059340627
6188776984
6203369564
6078927753
6108798944
7462675925
8051131714
8056800990
8033203333
7990022650
8015147769
8030420580
8165417443
8296547467
8187522014
7930224246
7855454380
8045392332
7934293172
8030433906
8120531058
8068177387
8221502486
7946004961
8095352369
8129263500
7973292370
8056148569
8313660124
8044193794
8162395950
8052404519
8123166095
8152170737
8087786828
8022572850
7869376174
8075820552
8022511102
8223561349
8170726509
7972452114
8051679864
8172879992
8132295484
7157361766
6304184916
6248747594
6114692444
6260105320
6159131794
6175506984
7417399741
7913030162
8169809200
8119233832
8075658042
8150072761
7987752844
8092875137
7932413487
7986709654
8082986609
8332258740
7990557849
8040529445
8161818457
8093137917
8048073300
7956220548
8042276653
8169694150
8100890239
8352416717
8130428782
6870172270
8071761309
8027374013
8290399269
8172357948
8367493641
8252260002
8122098236
8264312600
8392878428
8216564087
8156173881
8432250300
8318457397
8101610952
8304955060
8297550338
8215611049
8143282633
8248089055
8406252408
8069115346
8340008125
8357504367
8094163964
8256925228
8125938119
6365943849
6265709403
6421076289
6258514906
6106607392
6290810625
8306571148
8425330950
8108780655
8227994327
8188220901
8245526443
8283622970
8307732925
8467579112
8254562558
8382575344
8221505670
8346421525
8417717324
8089206552
8448439857
8326506371
8320820086
8179802325
8298490201
8225005795
8251189307
8380000225
8228638767
8066765081
8221646420
8209894868
8342561188
8155288801
8337558186
8235985964
8042441920
8285774233
8520136387
8167550281
8365689149
8125074743
8405108521
8216706542
8149407690
8405048987
8213229980
8321848516
8359319774
8129220566
8254083248
8328342318
8111698590
8236986973
8147097409
8275871776
8204781826
8249178649
8190134056
8354913736
8191536815
8246562053
8301073361
8166555050
8135671935
8251740812
8377803063
8408393964
8528370403
8289528679
8159083019
8080652702
8417826270
8202648725
8316166009
8241766047
8226508005
8576558948
8295346492
8332273651
8385934777
8449490472
8174291894
8449013107
8168585316
8173226363
8045017084
8273651370
8088416191
8293410855
8254496812
8230636929
8166706513
8175792189
8458864864
8277395074
8271879202
8194687660
8276998006
8294989538
8314364966
8207448533
8440230517
8257783557
8276946227
8355377141
8468429172
8512071106
8477238585
8229690997
8266633995
8125864303
8290720725
8321775068
8451748936
8146007092
8318756177
8288484303
8167541982
8307758719
8025797798
8051797046
8388683494
7963582690
8413802862
8295383407
8099716134
8038835364
8397824747
8453378965
8236738986
8394522917
8004119393
8150866712
7913164231
8075186340
7383227638
6223442126
6371382029
6042591430
6083521730
6236589361
6045552003
5928272301
6202753337
6137903367
6074473972
6201851020
6153221387
6186778154
6098939011
6251031137
6097740173
6013772133
6022611060
6095160996
6113223711
6030415757
6131106415
6123328014
6085339810
6141901225
6118465621
5970862129
6069356666
6227672519
6193376880
6086872863
5971154331
6079242843
5990791506
6139168977
6172439029
6039560622
6299854783
7114385908
6114928135
6307908606
8041498777
7971196468
8133223785
8116843153
8150737232
8010882249
8007698357
8168161682
8236612041
8082269722
8042061950
8071230875
8131730823
8079008175
8108559038
8102080058
8181029721
8188069900
8157470351
8069272594
8252810057
8032769898
8158462235
8122015922
8190452754
7968144009
7972220408
8145899472
8129857872
8300877783
8133510136
7960509928
8123916827
8192710953
8013168703
8221475823
7954871972
8184108449
8026866863
8080178148
7986046658
7991599597
8041884163
8073594417
8096549984
8211784245
8354161729
8043756732
8175132559
8063728213
8134893700
8049847092
8188437536
8009214369
8144155700
8300477946
8206675496
8131659594
7992606901
8039545548
8175919542
7999352905
8151302902
8074265676
8059058266
8113218913
8031649130
8138530447
8148763646
8199402295
8242538947
8458233620
8537613812
8117587503
8250560430
8020901705
8172635862
8143253159
8034520573
8153400465
8175311431
8045102373
8288787527
8280981338
8194398018
8216364685
8180836312
8227965008
8235475626
8031043146
8318892614
8160752331
8134963677
8005404238
8302522500
8140370056
8174666437
8227931823
8040939658
8226678577
8260554843
8215864559
8372237856
8266229524
8285548720
7996298603
8290890827
8419859896
8246757681
8053725238
8205730369
8275502283
8217277575
8212872447
8108763802
8078869088
8106994110
8121241518
8374279244
8179145557
8232206429
8023186515
8058546281
6611776770
6035936498
6115682727
6262274972
6265341785
8343138156
8257318469
8316558959
8431208877
8361228483
8190454265
8239617605
8544849525
8261955753
8114500286
8161023554
8173131010
8484016309
8318368338
8187689129
8317564479
8132987092
8194148092
8310901013
8251336494
8239611096
8164048923
8249660521
8312993759
8184103301
8024318609
8202673074
8137648112
8595132479
8061860826
8158340472
8289544550
8341997241
8390621615
8104901802
8102951899
8341256591
8220757319
8244674775
8028246606
8354835335
8304920423
8212642359
8217073510
8249286304
8282227245
8161267455
8243907637
8317395855
8306221785
8375786907
8407679599
8340676975
8146352918
8215040077
8338865202
8202662106
7478356996
6267822508
6144505934
6166437889
7229605304
8308540260
8276110421
8201377547
8338301948
8347214741
8105728819
8348301795
8217036747
8095941714
8429591822
8371291103
8209747946
8338446086
8082742709
8054605169
8213605011
8254679306
8227082105
8405095223
8232693302
8113504412
8114764483
8272862889
8070831436
8108675952
8502588129
8106910700
8383093871
8289864805
8128732252
8122171362
8334247440
8199733872
8289206436
8263152891
8265609038
8065226643
8193025848
8096588858
8530810271
8505050036
8411456992
8334181912
8425399377
8130175996
8282168469
8217166298
8036220069
8132538806
8417516860
8460982433
8223853105
8308555708
8235047151
8135537175
8175577198
8204760028
8061150830
8259771982
8324165604
8406278073
8524386009
8148753342
8250530374
8187613298
8268815461
8161297371
8278775531
8196062786
8466695546
8306612013
8060568239
8179736494
8293927728
8377210148
8256230576
8242736813
8412406928
8190228209
8158849335
8239674518
8406706977
8190480818
8367191221
8124623063
8193457988
8060906535
8134154759
8163375880
8341696150
8346459714
8128595199
8444774798
8160129162
6998325956
6039626690
6148283725
6010397170
6003030005
6029859389
7833365368
8001625686
8092581749
8150138459
8100539055
8297389174
8160398908
8292900372
8028374846
7097994892
6098986531
6029298799
6142534261
6083695552
6155583599
6131999737
6028500868
6123517764
6021899683
6121925560
6210192475
6078761400
6225291894
6094200834
6092749859
6170807569
6152184941
6140813649
6155925474
6165479579
6140560529
6211663311
6003975156
5937769655
6725800357
8055102117
8082079116
7904746682
7269974911
8118469332
8054400522
8029062943
7918095299
8056165150
7988508980
7766058526
8208681444
8183128678
8198621693
8056242790
7911618659
8144745167
8443140731
8192898002
8257668045
8128226537
8176388158
8200306937
8040704884
8088247754
8239421010
8108516142
7968178356
8185010036
8119786678
8150993296
8186179163
8140232107
8066071026
7867511941
8143114474
8022186216
8324437445
7935778846
8165464653
8177271988
8107381918
8133630949
8019158190
8072069295
8100472184
7756347097
6169846383
6200756736
6168253512
5982421986
6120949805
6139939543
6105515751
6036219575
6238026004
6165865428
6122281038
6192818608
6125432368
6196927279
6170601296
6044039598
6068292073
6210574795
6114309337
6278420117
6159969878
6319683368
5972413174
6295793046
6077574635
6120843376
6273357812
6203084921
6000704178
6199213508
6132493547
6072630305
6079484061
6090259508
6121659988
6412797393
7893630979
8046794550
8299056932
7398320850
6136248214
6125324102
6039355474
6247138829
8244021786
8161971587
8241776828
8140462751
8086868211
8262815953
8178187975
8335841533
8225335524
8170209107
7939910040
8239628479
8249127755
8193700968
8181011465
8351262116
8168131711
8193053737
8204407152
8055733075
8091338192
8101190739
8109027128
8273659959
8065482502
8222525769
8433637745
8072349662
8138428789
7943271617
6106499029
6058194345
6199621099
6202548289
6325923600
6370018860
8336332517
8066606318
8237965661
8254249903
8142324955
8197801235
8165334699
8199530940
8056119145
6997827270
6137198736
6125919626
6005517097
6146464819
6132954117
6181408732
6124488693
6113395379
6077045550
6064918308
5995621127
6079055196
7606684347
8088251202
7978009372
8217067903
8092583876
8025161659
8229053925
7975317982
8099547919
8119899565
8051364181
8162701634
8027196325
8021242083
8284951795
7921304626
8174360676
7962661328
8299412340
8187801574
8021497505
8077317684
8036295370
8113556942
8054877890
8207631034
8119695920
8029816878
8016878171
8114195399
7972941780
7974915732
8082675450
8191415842
8064429740
8142022816
8102768921
8068476594
8147151282
8117086656
8091448388
8119003512
8040130391
8147386118
6768652209
6068804845
5941505324
6206233276
6172181824
6164228794
6158973391
8291954321
7815813745
7980594357
8002316236
8193695693
8120168846
7867126312
8426846115
8002086955
8081667005
8079949352
8177263914
8202718939
8090441620
8230083876
8209979781
8220723602
8102276175
8214941214
8005652418
8146050055
8057079111
8121521409
8092758892
8191121219
8084541531
8229212129
8144694255
8233409847
7968296384
8238648203
8074000688
7997329214
8290272371
8177414899
8107530178
7996905666
8144971795
8077194574
8003363468
7992901348
8098053561
8144588687
8203377692
8164927166
8115155759
8198349087
8210169455
7657524634
6099673636
6161729062
6173399138
6259494097
6038956563
6073774157
6044482683
6396562482
6241657153
6382983023
8015842675
8249514811
8377848400
8163377594
8125002290
8201548946
8210746233
8264464969
8266989122
8210736579
8280559571
8069444494
8288547787
7916654997
8044743968
8225518683
8070579828
8203742373
8072727918
8208559057
8082585817
8105605076
8291562903
8218034721
8324761171
8182078941
8244427797
8205607143
8171672368
8240282789
7904721798
6229327584
6180971220
6150759517
6207447584
6236321584
6345493687
6192418687
6242054996
6010680296
6139550714
6111430995
6094966473
6130509267
6358346274
6282784687
9545594568
9414048076
8738755604
8117663802
8040862671
8069736533
8128345956
8011358654
7865796897
8160715849
8066651880
8155771638
8201716369
8025359404
8144648197
8240370968
7854076885
7940188241
8264641421
8028154122
8196173304
7970849146
7967286590
8045130434
8012119822
8106541566
8088975091
7841649053
7980809925
7990191580
7964568598
7928634888
8069632977
7952872600
8131935526
8397952691
8069896745
8230258374
7805084101
8088967521
8029411803
6325359991
6038760744
6085034251
6140475917
6122512578
6134791481
6111674147
5919006166
6142440462
7866664508
8115984433
8139314830
8185028969
8020507260
8011088276
8370715526
8250428692
8302429076
8101019556
7935681555
8007119907
7917541065
8131967296
8071709988
8163017027
8184261574
8022529993
7979677485
8086282009
7742727556
8218503030
8097394643
8084270158
8080753008
8081689925
7981233893
8113659471
8253173449
8292524695
8062536935
8266015166
8190189549
8217566561
8113816465
8016015007
8079547868
8118861561
8062598953
8095261824
8014089137
7955360314
7954023390
7745585580
8195361553
8195523158
8056034800
7197672915
6002564639
6177173706
6328938358
8290106175
8270941226
6344940202
6115758310
6154189163
6098884291
6167199234
6235375021
6123163656
6129875428
5982115609
6139795608
6127304619
6106529855
6174528874
6180696869
6065377188
6226199806
5975383587
6025762178
6125199066
6093239047
6869300761
8217445012
8003353256
8186196274
8017447640
8044463953
8134698700
7872400375
8164105657
8081589954
8051614866
8045440991
8062838477
8197387887
7958095152
8083897150
8007453839
8155406739
8378917840
8280628773
8090999874
8330358829
8223431683
8264998725
8189535220
8189116619
8211200566
8074038047
8026706472
8081236611
8110938826
8313215194
8154385935
8223870669
7861305139
8132617251
8436868910
8025540396
8423751247
8153296649
8205341328
8273032899
8184017088
8123441938
7972819330
8126214721
8149643022
8290524266
6450588587
6223923192
6336867398
6286735606
6264072877
6218699572
6311689472
6344270469
6207991195
6273894822
6245728172
6185096724
6219611875
6222533256
6151533653
6203217974
6315539378
6303650422
6242185551
6396214164
6272945546
6186030865
6262891142
6300156755
6184331948
6187409929
6209042628
6171405002
6299783827
6165022918
6028588065
6124991871
6065968006
6225480566
6242219769
6164981233
6227316835
6302421642
6109511283
6207867712
6102507758
6252402015
6110776212
6151424067
6271545296
6125591994
6338281934
7502360029
8265460238
8284884468
8388088610
8192093872
8354416958
8355379411
8139416024
8472469735
8395680220
8358085616
8243456490
8243454152
8319735208
8273693429
8469659981
8081757860
8288186088
8449395431
8163522404
8337539288
8230434112
8278564151
8493294305
8426442492
8231872446
8329073057
7994636666
8225498595
8396180902
8215325337
8065908557
8333623112
8262216567
6990664667
6383057460
6427775475
6156073885
6159942578
6085739672
6315917503
6078692121
6326373812
6319372539
6265181356
6154609727
6198773429
6261317286
6174945774
6097736923
6261807945
6245700964
6380416954
6095692513
6208875291
6268757608
6293196563
6144569064
6206319928
6214999196
6251418247
6075960182
6186114934
6241586107
6286763003
6312154422
6224979115
6320644837
6308777580
6098754702
6272620080
6109106371
6279983752
6046017899
6327979690
6332113509
6309025033
6072825814
6215500401
6243642551
6167914489
6289892059
6043329210
6071413947
6264114118
6324585299
6344392304
6249827352
6242412413
6138804314
6139206801
6214363400
6392242681
6158606235
6222981072
6374198941
6199021465
6168301399
6143472790
6191043836
6274763336
6345261701
6179049941
6145139516
6243764189
6239591131
6226188610
6202430632
6347018083
6231507039
6314942981
6318218658
6167089297
6236610229
6354000247
6169766252
6324567619
6070212104
6278247705
6193334328
6154839401
6228788119
6320050401
6182579393
6271887068
6326453459
6257924327
6273876997
6333869727
6167970050
6267863151
6129320177
6264767715
6265527218
6292661981
7980203429
8297844975
8234929055
8458546834
8213101190
8343237843
8181264156
8338257632
8293013954
6881381186
8451617156
8331422997
8098074098
8332510463
8304206684
8364031283
8446425657
8374779540
8299142836
8295009601
8211719723
8324471112
8325291881
8286400787
8408991768
8002698703
8223081509
8367538869
8301035229
8339696039
8389053689
8376928311
8359983208
8269523350
8483725231
8179909591
8286343567
8330719920
8447698666
8328160987
8335498560
8345991609
8290083094
8157531739
8234259086
8136717955
8228151459
8220818559
8214871373
8262197581
8255348513
8402924552
8095698769
8302906073
8224074719
8225665252
8246267233
8242247136
8126293779
8503179645
8483304998
8343196829
8266778831
8214753289
8270696786
8171097013
8399439702
8285162275
8299336517
8411168160
8232335145
8205504874
8228907728
8179407416
8304544659
8495665856
8245576176
8155340645
8263441579
8222600955
8431274844
8302657940
8057217566
8351253945
8248012596
8236005639
8204844629
8230585159
8196993161
8128893229
8445313009
8405929233
8145020706
8299111326
8162710221
8336221293
8145692755
8296821648
8064736791
8208030562
8252298467
8121097370
8267634570
8265546213
8031531792
8255209383
8102873387
8293609348
8304134132
8353608333
8241762871
8414479813
8348275772
8185663110
8271199744
8298452180
8031307597
8246401980
8338990568
8382351232
8104003045
8226813609
8167785171
8369955180
8111153171
8324923122
8361781089
8422900458
8547706670
8318547249
8033653086
8239585289
8279207307
8368977396
8179183185
8280885711
8312566351
8213901976
8276507611
8219830393
8264439066
8146260546
8294318909
8144635423
8357634393
8171858279
8108014512
8212874406
8323487410
8310569142
8243803903
8266917429
8225405143
8260028484
8242814125
8286346632
8269194980
8136735538
8223160032
8394046991
8189016676
8187589574
8345833781
8078912435
8108616069
8104152040
8149970500
8053352032
8011900846
8155623748
8041026767
8111575391
8006969115
8075208454
8015916536
7985810286
8043808075
8010654442
7948352488
7806844832
7954320535
8013411697
7981575548
8100667463
8026109358
8142168871
7950147478
8092381327
8166512595
8048135029
8055994441
7940791425
8121331342
8060611190
7940686967
8056363454
7967460260
8106089771
8154906501
8129546630
8009996293
8024962004
7992216824
8225964988
8047177087
8076293869
8336325845
7953498599
8093750097
8034530802
8041985076
7862135776
8252959425
8231864617
8184784584
8262266731
7911999771
7984767157
8192499290
8041248281
7984754875
8173103804
8148659957
8014314891
7951743929
7974470375
7973664010
8119467431
8048785018
8090147344
8118548813
8293155448
8097276795
8149759970
8151779154
8245886870
8068076940
7884109236
8363628407
8174378078
8227805940
8050746726
8088209067
8063730304
8053657949
7968432588
8251037788
8265012884
8245139019
8190610480
8115748074
8180203329
7971074069
8139090915
8072167583
7924119831
8107266522
8107167473
8122875310
8192558121
7976452957
8114636991
7983499915
7969322604
7986820481
8153329347
8264311940
8057281049
8141256173
8096072219
8067425570
8179639026
8054108370
7850212248
8224569177
8139402971
8161823090
8035409404
8220631109
7886801039
6230440304
6110082765
6337951096
6148871712
6124433151
6058935948
6139143795
6206632336
6241783398
6207895785
6285704795
6061290488
6017909654
8073691180
8336493454
8218002876
8240835591
8140738907
8108707037
8088829855
8122109988
8072560485
7906283268
8055893791
7982480290
8244685542
8174700982
8182101227
8050186094
8023203439
8042528690
8214624261
8105301117
8137553398
8249807407
8230761011
8165963923
8120738525
7971431581
8071138227
8256618714
6293423921
6177517541
6421637612
6348766332
6260173556
6280739327
6309853216
6240815993
6196687764
6308526115
6296706097
6123581894
6306140569
6278530703
6099880814
6185897079
6718928369
8436192195
8184604451
8196398290
8031237653
8307904269
8172055631
8211025988
8420933601
8285061586
8121003541
8093559544
8016611746
8465913874
8362115605
8130016108
8150248038
8467660822
8125482004
7876593266
8102203799
8179570514
8329575281
8296543995
8503186934
8214644609
8318145514
8186112439
8194219534
8197573368
8197287483
8002872981
8228789773
8241364005
8338746193
8455494367
7993469428
8202878633
8317078303
8179238696
8294731113
8341883328
8110360519
8204423658
8295335474
8182293792
8040214344
8502496719
8141765603
8068259988
8301385614
8233326453
8248329278
8139047020
8449589927
8348647112
8301472988
8106360898
8310148399
8132391803
8326635274
8228764394
8203073013
8274051573
8168935504
7953540080
8133822198
8393606214
8449106943
8269978923
8179809781
8336813454
8211035126
8363922948
8217399894
8183185002
8260351831
8484494293
8337642470
8267977341
8029919123
8248910962
8052986593
8147750673
8306527470
8275772307
8445194054
8159606863
8517381133
8467957623
8233020465
8452946240
8426018155
8316141716
8257472333
8283702447
8160346550
8092049254
8207066309
8191815098
8176865037
8382278783
8253617507
8268128596
8320855397
8222133125
8233100608
8357048707
8347548835
8280599697
8266298232
8338925872
8251900239
8335284803
8264790544
8361402667
8354397512
8144938799
8315402015
8176736268
8301946344
8347477320
8203246125
8265100206
8081255129
7985652444
8151681788
8220417741
8164140000
8414996476
8164249320
8311444333
8297108496
8240671114
8203841383
8127140694
8375049364
8269153223
8224922454
8194108138
8291360660
8413485224
8323678195
8465492286
7209662087
7865375306
8022314178
8036086214
8153895850
8037629387
8118903349
8227048754
8083523052
8008095006
8005597373
8118181543
7962232155
8047042724
7803236171
8280773224
7933154360
8146880258
8261768069
7955438172
8000250226
8199184831
8267905843
8170399676
7992333580
8048794676
8151828956
8023488752
8090434260
7888113526
8116287987
8253185672
8026632422
7978819615
8113874854
8084908481
8271751495
8109299128
8032387627
8241825435
8176162017
8050285557
7928654092
7899340594
8090351060
8061533698
8061814980
8121270783
8123679970
7963150926
7872029195
8218997789
8088539947
8030452843
8184070190
7951352795
8159500346
8027859193
8075385123
8134042467
8170294837
7965595574
7995387240
8069983993
8071868755
7991711292
8076824258
7993532985
8244207732
7966466207
7838924217
8035172413
8082271542
8319012032
8121038876
8128125670
8108064179
8238704686
8136075899
8280651317
8147332511
7924590589
8098957619
7934644894
8096213909
8024187083
8079613613
8037250184
8119403366
8246474906
8006387414
8431840218
8035779617
8202234930
8017304216
8032013513
8002966457
8048921873
8114039011
8175210973
8226253977
8225905987
8273208626
8237626711
8252847358
8059025818
8038242901
7949617693
6147867709
6186464715
6166960794
6102283255
6241750086
6247515183
6292032287
6169822290
6177710496
6151248686
6191986876
6167162195
6269056590
6154434630
6074814449
6214517092
6094618772
6135041507
6023171537
6051657019
6198468206
6088068744
6248210226
6154440960
6363585223
6279325739
6365267659
6103066938
6326582058
6031059139
6279955994
6077350685
6193295297
6174442399
6321949705
6218437515
6470003397
6150367170
6233622310
6129977288
6213253983
6117498991
8249906397
8242388620
8333812190
8103810816
8283295474
7954999775
8318091897
8190789005
8051211401
8195549809
8297912500
8098790690
8268979613
8441174334
8195254406
7429229957
7786822694
7772828638
7811066280
8163478990
8253135231
8085763020
8250816224
8015882479
8273069253
8004478137
8210978826
8217118096
8375797642
8422934138
8420516772
8218987543
8303064652
8325515557
8244452367
8528733567
8229359005
8561766759
8044957429
8437957348
8279982259
8140713142
8158477473
8383682325
8174956631
8128678015
8192606002
8098606837
8420766759
8122141975
8119125821
8098047176
8263849094
8389830391
8090785206
8311205731
8217046735
8451672790
8202975872
8347274149
8175633527
8325028496
8331146017
8300884560
8264987747
8416404171
8176429421
8112268444
8257680893
8279224632
8346022191
8434883927
8363810384
8359487198
8296210723
8201356466
8361857985
8456893949
7814383606
6394988555
6246835241
6175433054
6298991199
6126713711
6264849316
6161528174
6299251597
6348321271
6240332145
6202660634
7017375139
8219750036
8387818692
8195701220
8316351287
8224352661
8139082067
8066092325
8264456138
8312006792
8232673866
8208260412
8360616130
8241841307
8127455782
8174272110
8375846221
8369709178
8179476911
8070399263
8366533302
7969170830
8217891705
8146190095
8233697666
8239333537
8323391066
8219307982
8287550558
8185408343
8237907877
8147262170
8235913003
8354065530
8356762846
8296338429
8230061878
8369989765
8328338334
8124068525
8246416390
8196960526
8253305821
8277620620
8201170689
8193205196
8230856724
8010744102
8306186498
8503083699
8081646945
8130921665
8195359236
8170855349
8171900714
8254447028
8194480895
8281652902
8079818845
8189983342
7899254065
8227985477
8310550647
8352779133
8295949674
8060430376
8282920944
8308827354
8373327295
8265636118
8388195594
8427012659
8319744086
8324503446
8152338256
8071039722
8145499029
8218575134
8139580709
8294141028
8087915848
8339768128
8318895561
8297244589
8397668360
8157848450
7191914038
7552145953
7919789157
7490984553
7619488857
7851648974
7784863619
7922730296
8442552051
8567874933
8140416374
8429440036
8367289789
8358131042
8273485748
8260450180
8218488437
8178930268
8233823760
8048230653
8352965333
8347740360
8184707854
8155524936
8126043541
8223226330
8155373812
8410155782
8262212427
8051090073
8249932082
8149837561
8280487563
7941504781
8313265474
8409545225
8322097203
8420921631
8211765594
8246784434
8136618632
8155497233
8225415201
8319820328
8399601940
8336963445
8385291862
8456925599
8195804596
8136776022
8050262924
8345211449
8024686299
8426779914
8402123152
8410035543
8100110452
8414734102
8243612496
8205773094
8493479890
8372392705
8291234879
8507341175
8404446808
8241233596
8324118841
8340937067
8311659178
8298237036
8137461520
8214878185
8368847077
8186634946
8211732621
8215929611
8129049575
8338749824
8206897616
8301034199
8190726656
8109891288
8129171193
8250183461
8224382990
8267893194
8121075155
8210713479
8417507093
8145081035
8155692266
8397426185
8095799263
8285360294
8283009653
8016913965
8221668189
8250899069
8135388871
8253476217
8246139753
8119641958
8138517979
8191833500
8321728202
8107626969
8303885239
8167672801
8363893421
8245342997
8233066488
8308679181
8310991394
8225930610
8016219445
8167568172
8015253658
8082940027
8447855215
8324759594
8299832306
8302263290
8381476236
8148354191
8200783885
8203265792
8308527758
8577026032
8271443733
8287310527
8353419663
8181026384
8080243847
8273198306
8381234788
8109433127
8262296389
8182595609
8182791821
8179228149
8438257959
8107360932
8182902722
8334474848
8404835569
8291183042
8126384025
8065340550
8164620524
8297649082
8123586074
8335516391
8171433162
8221419093
8280119286
8385777058
8258575583
8235171204
8065653513
8182151301
8360667037
8226169032
6271849455
8015499884
8021633544
8120919928
8125630977
7968422818
8107084414
8171714925
8177888330
7994869271
8160802415
8298669214
8037565088
8204014780
8121644747
8039853025
8261134752
8027145329
8078748386
8045807107
8191663987
8094005933
8170694916
8011471609
7935208522
7961402025
7965289403
8242815717
8157327799
8062393283
7936057432
7992292343
8072923487
8142388062
8121490519
8172869817
8075459682
8064033138
8114946215
8100626586
8210711751
7853919596
7884660783
8029509339
8243629638
7996061900
8145879809
8069325849
8009433503
8151486582
8149203667
7904636163
8144346252
7984743524
7971277567
8360363960
7993851107
8084859903
8129617729
7923816738
8227500584
8056421493
8024240928
8137803886
7960057974
7995190126
8308513896
8148548062
8238063289
8105550738
7985161370
8022509002
8294988159
8027341152
8159191778
8040055669
8297774023
8090494632
8136380134
8247347550
7951061517
8014845035
8259633643
8318684745
8227039713
8183154548
7929418546
8305390979
8045857608
8001969703
8282419592
8328848191
8137601184
7974488739
7953402986
8179650159
8257409600
8251269375
8026500886
8017381785
8049698029
8048300197
8111953932
8052825388
8193546365
8248488339
8289776283
8234723376
8178100490
8150433138
8205482885
8136688340
8132712379
7977154092
8024805959
8080985227
8236464939
8203208076
8127978667
8332738691
8422145934
8020430924
8325954223
8021136554
8209498812
8187104128
8235504888
8185684410
7936355635
8175196934
8005011598
8260663518
8271015164
8180330609
8171149792
8236173326
8437566337
8087785714
8108864894
8363736025
8109968920
8093343827
8335910841
8089271749
8051791287
8245774913
8067822824
8302682847
8122120274
8304475233
8023816796
8118222952
8165574266
8016291616
8041740387
8185542657
7686044245
8316292293
8287582426
8496699064
8348482661
8308949484
8363330093
8455064564
8295568658
8257975995
8377102644
8311105211
8234985836
6421972683
6269305399
6248621017
6257479627
6183169005
6269629558
6146569542
6249965220
6253359629
6316177458
6356880083
6276301700
6234930226
6262933675
6116889759
6610017890
8204179806
8153805901
8150949536
8188477780
8361463823
8217274543
8090308652
8197396808
8240523926
8194726319
8292224516
8363611754
8269805428
8258921810
8247235934
8118865683
8523811615
7837135347
6348696382
6086289104
6233692061
6242337634
6202473648
6290299351
6212306514
6226573110
6350670729
6117028214
6263282039
6309491470
6281048737
6262525935
6429310376
6176280379
6139855833
6297936566
6246045727
6065046651
6231640854
7483864180
8230800649
8157426316
8222032958
8290088883
8009897611
8349354484
8062406622
8450343273
8495865388
8279005082
8421860198
8301169735
8421003883
8434636141
8204539019
8243793159
8042289257
8318587297
8234269599
8311131138
8179948448
8218842425
8093996736
8253804940
8265093649
8243298226
8266705130
8306535173
8285920492
8400957726
8381545205
8043114961
8241601418
8183761549
8186839186
8206426352
8166899102
8307331380
8223325509
8246910424
8159013303
8321833488
8290617974
8362192250
8251149336
8521652760
8274961031
8118479608
8269560653
8254518249
8038254988
8195558317
8068433462
8552768116
8352520450
8259844754
8211778161
8207104698
8424196051
8310838688
8447880194
8450689855
8244535049
8118636148
8507798323
8391336183
8277813671
8132071618
8092336944
8120082422
8281232474
8082424254
8637485021
8262966964
8217659703
8322887791
8243414565
8090740230
8221352978
8217955536
8283065081
8413766346
8312779354
8286443816
8215382533
8342838123
8112975891
8307433219
8160837900
8065070590
8205803784
8338878118
8177670985
8610708409
8363235567
8160632883
8073706943
7964294363
8178701481
7970654657
8036342325
8149933433
7959473941
8131884516
8010556594
8217979175
8235928883
8015559514
7920248687
8128467612
8217176552
8134164277
8021794040
8195034795
7996433899
7948651116
7940508667
8077764747
8180705377
8046179765
8225895619
8090561984
7934220977
8089413019
8069375342
8030638092
8241424498
8239321445
8055061243
8030126444
8031980235
8021930099
8133667233
8175855963
7910794232
8093986356
8085295412
8191735187
8238341731
8149076819
8121147527
8191342429
8092872571
8107306962
8089595355
8040686648
8085061884
8178341775
8014189237
8225963695
7939839646
8134503202
7946054168
8209559603
8113891123
8145136973
7880988914
8111086201
8173484963
7959073977
8022137137
8182269551
8287170473
8258760679
8298156049
8261073924
8088269452
8139367303
8072595413
8104789370
8276420129
8096436808
8281125783
8144525260
8038354684
8263711674
8087154159
7905136733
8076043427
8273644267
8253542061
8098497215
8092930828
8213950000
8336486418
8218056912
8003164336
8239471785
7986546865
8292633133
8142844973
8033300152
8301745484
7976046020
8140644757
8226201969
8222134999
8251902480
8186447768
8489885465
8175186111
8289335899
8080674777
8183807779
7992349742
8178842686
7977869097
8047685741
8041101458
8326577339
8558774515
8212401466
8086952497
8270219464
8233852927
7960144200
8130862379
8216380351
8195387418
8260211080
8174383920
8095576963
7993389265
8153717835
8253385768
8364175399
8234080657
8245661018
8248494955
8044309225
8264841538
8214226483
8285135657
8349691510
8131997162
8113206218
8239301807
8329549140
8177787311
8264788382
8233046367
8082944605
8092797411
8137409550
8011659962
8149400561
8242681840
8170899043
8118799777
8193651187
8260788263
7899595932
7733793627
7682344061
7916946502
7713286733
8249474526
6722014598
6390570431
6341474628
6133379403
6250265667
6100759033
7938308425
8433319166
8225925934
8142000370
8238687144
8210258211
8212753135
8305788580
8374189899
8301995873
8149354193
8166986742
8244337885
8177526113
8245913831
8155474791
8595678290
8257476012
8549352553
8310653937
8162927753
8278274699
8247294575
8343661698
8027483284
8118276672
8154480631
8194716690
8347108767
8233079025
8335515092
8301267327
8234453169
8020612730
8234467451
8122000462
8361303531
8340401496
8227084204
8407544072
8275248163
8046868403
8323715898
8253311225
8289679409
8088631917
8195083844
8171434777
8163281995
8102386405
8273177212
8138158078
7984579253
8354652332
8355905455
8245770230
8107754716
8317520773
8278630887
8449129494
8229580616
8100436992
8476700844
8094901389
8211583407
8297911292
8177411283
8207867259
8177258799
8118288757
8107795869
8454691869
6232873732
6135048000
6252217249
6170926846
6265937795
6115093324
6361388813
6292973206
6135474357
6270395087
6323263582
6111385858
6242394288
6230022557
6266724467
6219383366
6292083488
6398538357
6143883253
6255331615
6206270144
6194598875
6283243359
6281743565
6185705501
6409582156
6274172779
6086469580
6263573655
5948846139
6246376001
6381715802
6286615685
6280752284
6273849715
6273472189
6196533612
6330967593
6357936743
6326616597
6214458457
6210327843
6245313970
6256579950
6277817877
6193496550
6299827833
6248713525
6179131632
6271235663
6123067230
6308833152
6277706087
7912704520
8267493552
8434878315
8272269036
8296396593
6288200237
6164747311
6249496161
6108588508
6300810320
6239183067
6067538911
6187622057
6203722731
6357707640
6252812425
6193836374
6368529836
6051024621
6401359576
6200489347
6214752489
6231004004
6322056215
6333438274
6170651089
6381887699
6289128325
6291437365
6208865980
6170894098
6240521127
6246914157
6296212250
6067304659
6235698637
6151074435
6212587038
6480530755
6265402835
6322974339
6234344607
6223809138
6382102376
6377918370
7659625450
7157837738
7914102217
7817129587
7770634856
8145922180
8032475051
8059810960
8136537808
8313489463
8231487583
7957068764
8297107198
8044184974
7934484719
7944265576
8052761023
8042156232
7906125178
8071003838
8213253728
8089459634
7998992399
8119817233
7906075487
8115840316
8067719779
7866907211
8135829190
8099479918
8061251832
7909765747
8282076489
8030503271
8200348257
8176493175
8051430733
8043538123
8336958011
8188118024
8138925602
8247342094
8175532040
8002916825
8101237908
8009533009
8162204758
8019702164
8168054598
8231519196
8175632033
8175763088
8179753832
8136739973
8136893489
8204202263
8154985184
8251701209
8054366708
8069384455
8059891611
8250698344
8310397223
8154922267
8138110945
8163268345
8111734690
8041862444
8133269666
7910555881
8113370134
8150911786
8048472086
8006624340
8131129155
8078943759
8165669346
8036699390
8277185676
8125473031
8154516485
8054399147
8093846800
8061355341
7990301647
8132841916
8217029266
8048758084
7984016231
8236833476
8059938529
7985070975
8049329006
7947156460
8007215023
7961025478
8300552495
8211532349
8069219618
8184470996
8018918932
7989556565
8072626781
8105950741
8015625406
8120592473
8162967015
8232739589
8177705135
8034539709
8002674113
7996256913
8029948603
8150342656
7886199904
8356157488
8154439757
6289143958
6168780553
6183588067
6127685007
6070199710
6115766266
6250043125
6176390076
6228075152
6136733758
6110516041
7815029028
8161002201
8115035424
8014809425
8092634420
8087097813
8192708947
8016443159
8314609108
8239700041
8109975324
8204814496
8215621323
8027546142
8291501521
8286846191
8230145997
8023799835
8216079468
8237958771
8103830798
8138499248
8056813696
8306080489
8130124615
8183185920
8323447655
8027310181
8281589078
8214662357
8250978680
8095919681
8118526200
8289545441
8108981556
8112060733
8096347167
7887158068
8171735146
8051084820
8033538369
7997507883
8052605574
8263910957
8111836789
7917395930
7975797730
8064428056
8028839141
8052819271
8056743067
7932374693
8229021778
8009845436
8077815166
8140321905
8137354391
8002620496
7950805518
8014415305
7924040999
8021251726
8041001913
8090169891
8145808274
7880433144
7928164962
8195889331
8053004904
8116323614
7976030944
8139138332
8068745094
8125829704
7909244163
8288948697
8020282850
8211210327
8006943737
8082062796
8189904489
7908196593
8134359196
8072704654
8001058120
8176731781
8141153309
8090608296
7930313137
7948466688
8107063879
7969817924
8198736518
8220016764
7986581255
8158353466
8186196665
8211927818
8008447833
7896488696
8131203295
8145684632
8120810720
8258413602
8120861659
8242820660
8104979218
7923493985
7988222918
7938879071
8156568008
8247497252
7944405872
8219517880
8139651398
8091569189
8061208360
8248859675
8292039140
8227481044
8163606719
8100355335
8228204658
8065707989
8314992293
8160639218
8234142330
8170806669
8079691654
8380512369
8001541382
8120261147
8299132150
8144476549
8003480813
8116481680
8247827929
8082417542
8224292063
8036119395
8099803394
8106236175
8205709050
8156850560
8051143846
8131561838
8109179100
8126703750
7966738141
8079585655
8410720282
8036679885
8219805572
8065247722
8200307923
8076968280
8175686202
8199745547
8364749839
7998351635
8109387519
8117619164
8218641400
8160388758
8093518947
8224700969
8175330049
8157549271
8269153277
8199933352
8083533243
8094878472
8056998472
8127984382
8122027901
8050800778
8252489253
8296159622
8117013980
8086293301
8368500723
8263307403
7978574595
8155220953
8331764875
8200293048
8155633988
7397734946
8294241224
7874506104
7926051962
8084482324
8026961979
8228736480
8076193663
8009620856
8196742644
7937039880
8160268970
8175155938
8061449435
8093317813
8121757006
7908132184
7967225679
8168683274
8176071190
8130657094
8039690710
8205040152
8073280759
7947501119
8055902516
8131937172
7887317695
7947606671
8057777688
8086593756
8151764876
8043749685
8037064872
7903084354
7987274130
8173732699
8177205439
7277203284
6634344733
7965318222
8046386822
8017587071
8231781824
8044112614
8006576719
8246611439
7996294106
8081960126
8144427870
8240638267
7970300778
7939038447
8200761513
8085582489
8020735846
8091826742
8287543821
8221386404
8067282650
8086033066
8020486904
8056619732
8041670051
8097596778
7996189812
8124387978
7963812906
7952071601
8110045844
8060414289
8168913927
8043195312
8134818223
8140552341
8152452562
8138030382
8047030625
8145379287
8091209610
8217320507
7897691796
8030334199
8013549150
6162544300
6121051331
6096222574
5936141307
6018477880
6116062117
6093377461
6113927963
6101521943
6211055034
5996163688
6069581216
6070400888
6108554599
6155628801
6258599401
6098615290
7844694241
8074206777
8181649960
8475276893
8175391563
7951478641
8168843150
8095899764
8028452124
8174990829
7919875452
8040928500
7907737310
8080945716
8073369817
8172546240
8050343561
8089615488
8204265312
8005102427
8155141594
8437512216
8086799197
8111908077
8156703602
8172323037
8312192599
6970556327
6150796640
6324301480
6226063489
6107184697
6184289583
6308172775
6183490184
6128898804
6131796614
6153299493
6173092708
6186849601
6138760189
6147197625
6067754946
6111027676
6058567568
6355907302
8028086323
7926977023
8411837019
8139308327
8058640036
8127966913
8110972419
8182654546
8152392434
8020629330
8256280981
8055605221
8143781729
8253215405
8224622489
8310279748
8043819201
7993785474
7778300104
7962258221
8559818243
8405326129
8083151039
8228283684
8079780943
8399352781
8143023621
8352879296
8285483509
8323448214
8517525916
8410835400
8219688509
8215430608
8094274261
8274794591
8368937508
8325485034
8421882795
8230729229
8360335228
8365845644
8181324769
8117407384
8254069895
8399519549
8251226040
8167868932
8337886583
8484711873
8370028669
8160514370
8492600239
8496691743
8245370467
8208922731
8200587063
8116263316
8307245914
8283960412
8330093299
8315337269
8364414729
8257576498
8277607312
8269143640
8270967122
8247303342
8304730922
8193440080
8268833798
8077425595
8243720942
8279872042
8237437970
8133147653
8355115515
8423618132
8052788320
6316389841
6119906105
6224305500
6257251691
6114877435
6143823906
6257865150
6243526203
6244804790
6159446238
6211368824
6256208002
6285893796
6289647347
6396208965
6163268310
6131802320
6142166568
6230949300
6287451322
6216178880
6132073286
6211754127
6204284637
6243043871
6174566055
6309519625
5986143518
6290153702
6265297868
6165955002
6189873841
6322035756
6233821832
6378026205
6253004774
6076968141
6258294061
6136216124
6121820049
6103819500
6327623237
6126626285
6235916395
6328953017
6224601876
6273422450
6272136356
6241566584
6218100359
6215066492
6081228057
6157219105
6303124068
6270541176
6232738020
6138250535
6154599778
6232315170
6332048137
6173532236
6224306456
5971155119
6275338253
6243470485
6316294433
6472668495
6394339187
8250906386
8301214429
8172564282
8234450500
8217055462
8319727075
8131963796
8399954374
8304231382
8246344132
8142276140
8368318101
8288409151
8238535078
8211303307
8203021133
8127880197
8076294567
8424172561
8116984004
8219817532
8064167510
8536582075
8142155621
8312850115
8236747690
8245401342
8447024882
7280828972
6195397646
6292518869
6125517929
6157461526
6131834673
6221498646
6281740235
6169091341
6286685075
6242811008
6288662957
6257554298
6398152660
6343367047
6199662528
6200399377
6198797947
6264868035
6218103523
8078247324
8015935991
8116940427
7949572709
8137043833
7949228560
8098678001
8396533110
8083077516
8214753948
8188972072
8031842630
7980979753
8172745207
8186130800
8150099358
8182800066
7797114717
8052418910
8024147843
8034169506
8250091675
8038738448
8055078198
8064822477
7992427887
8113170694
8004120907
7912574292
8094275417
7902178422
7945430734
8322687832
8099152718
8149487601
8201025464
7779952770
7963700829
8144579801
7979098125
8001470463
8094260965
8013904156
8191311909
8009417562
8306399302
8086393025
8120303596
7988920849
8039662254
8047972577
8271305267
7881779221
8118557354
8216058870
8096380529
8349065409
8070206593
8139924467
7997972735
7808193441
8052949148
7551504566
6153952351
6261162051
6197235866
6108520091
6320092779
6187588610
6059902342
5990197001
6080731874
6055833490
6197882313
6083818515
6169921437
6060245133
5952402096
6104192637
6169208275
6087634443
7449062498
8047100353
8188929682
7880946810
8030169682
8033206565
8020893549
8019605385
8168107635
8125990042
8168986489
7997462048
8200516191
7883825073
8097416868
8218142501
8107565260
8016738351
8159927190
8098672478
7780560269
6222439684
6262066486
6206477379
6262726372
6130376830
6223830541
6111603020
6047920726
6225731613
6239768563
6001425794
6175488661
6116513964
6229372738
8232438302
8089712717
8204181070
7981452488
8118037990
8097367069
7956719954
8141332061
7999353509
8074780287
8158191741
7325366969
6097175097
6225803606
6318572538
6236819990
6153535053
6114712699
7547974824
8245293707
8088668874
8179984354
8120876617
8277364262
8139615511
8191511525
8272149731
8052684372
8143414882
8104254831
8166710474
8190578760
8061743234
8085155055
8194512927
8226369838
8366245817
7906939777
8238063451
8326619442
8403513734
8163138440
8191531018
8067053251
8009146209
8137660033
8134695295
8219817946
7938904972
8314657836
8297934786
8524543724
8240070224
8215249831
8178662150
8200641613
8059953222
8329695026
8365830967
8487953349
8326440365
8092632125
8177592389
8188721521
8246999554
8215228071
8295847972
8205837082
8314193988
8304638538
8099152814
8410363604
8276968006
8144600819
8216741842
8077647384
8181845899
8257164945
8425448554
8205458141
8210063543
8219599958
8220380979
8268388746
8174296452
8344700859
8353714779
8253680431
8544225583
8226930220
8316101671
8282633624
8255034501
8401060702
8277355103
8192611496
8255818764
8274236338
8377556227
8250884402
8346118193
8278027988
8266852365
8251274187
8075544763
8339671678
8206248713
8246747821
8030990798
8236973116
8451594242
8251774883
8037652971
8047053007
8199689040
8089822191
8139655662
8215690929
8435011655
8093939100
8445090701
8173095304
8307078091
8203415973
8100417574
8266387103
8067388951
8158074191
8338149342
8401039646
8261845737
8193741216
8110446442
8267106972
8206122763
8333697331
8409991428
8258680451
8205990275
8342958257
8225506709
8303490142
8217009337
8181858378
8269860899
8323132172
8396324965
8327152602
8058031712
8278161628
8428763613
8278207449
8284352578
8345097702
8237789885
8365324250
7992390630
8296956698
8298636831
8421759560
8295189411
8236255125
8376663922
8386157304
8305166130
8250270950
8202051110
8312814211
8163696612
8101723023
8391068738
8214114545
8230502794
8221342787
8192935622
8289730357
8241126461
8245320448
8189053713
8105429721
8366664430
8203575772
8261454957
8303474464
8352120991
8166745181
8338469106
8472778077
8250281687
8107013069
8355004768
8452749939
8351406122
8293536466
8288869426
8130822586
8296462080
8461974451
8206122559
8339901614
8152127975
7750529544
6235801999
6266443908
6205987508
6108219653
8439330296
8375774618
8274473948
8363740504
8089666390
8308888542
8229154597
8335177799
8366227728
8213616439
8221706452
8342375379
8216145611
8166886971
8254028502
8575803127
8376358380
8413769668
8565749367
8312775363
8092551650
8033000638
8198904843
8256379807
8329240465
8345860395
8281094615
8195922167
8085023620
8239071178
8146909989
8185270962
8159296561
8492626715
8062541085
8170345505
8102212238
8258020983
8230176458
8244675334
8388913666
8244292219
8332073159
8138865484
8071725129
8421762754
8054761655
8223069220
8269868815
8129650565
8262985542
8148634658
8225090671
8046794147
8333157757
8111144866
8313745159
8359114855
8233023055
8205888744
8152754818
8031569469
8327896608
8231128825
8438976992
8437028670
8400303840
8272431259
8375461735
8383864131
8210901013
8185240250
8150253984
8158133604
8397855059
8243282623
8344660886
8113080349
8276585070
8212408173
8156031803
8351425379
8344396757
8387833783
8268171909
8406626871
8093335209
8050297687
8318562066
8414342398
8276443736
8123742429
8273679470
8377933277
8462470489
8328922786
8382511424
8252443336
8217412748
8316744592
8202188399
8284533379
8224964050
8089356559
8263131901
8204995333
8049406176
8337328563
8209215170
8210681525
8221661795
8317882688
8309916929
8112966200
8089401804
8263798309
8326842374
8342289388
8423554167
8306552059
8230788670
8034422876
8271358327
8360483387
8083581489
8097917846
8348453866
8327140848
8235647050
8201585539
8229165813
8110393721
8431747972
8161331749
8174361693
8313685676
8266664929
8142676568
8268572983
8191761787
8328543204
8365092755
8180526211
8222361399
8214154770
8290554954
8261919810
8245214264
8267829241
8157939433
8148948960
8185563210
8213554068
8129934911
7065960832
8160726368
8189738181
8044889603
7919500743
8195813047
8194097716
8093936050
8135139714
7865688193
7940640367
8157058660
8092986288
8096103391
7980889364
8457984211
8096056384
8087715950
8042325531
8064216137
8097890490
8113621576
8145471273
8072581641
8172953899
8034001197
8064105509
8306207302
8162989134
8070532708
8057530049
8077996163
7971191600
8174441718
8172117589
8023678160
8163702168
8202219897
8002298361
7987162184
7937675418
8218389162
8083617211
8095669651
8135590294
8161778682
8083597349
8091304928
8049735151
8128152370
7947754293
8022769244
8134692878
8053322035
7999029036
7934452935
8283217978
7885148847
8058089577
8047838869
8000502379
8283312969
8046146030
8060069780
8029557142
7998248170
8262102681
7958790885
8191011498
8262882816
7974945757
7970514409
8097803219
7989329428
7985284375
8254997826
7874981549
8036347481
8124004884
8134042700
8096179948
8078017420
8107009975
7997120905
8339117489
8031216528
8180835371
8177928628
8042564056
7989552310
8021517619
7911399375
8153575330
8060337560
8030908152
8187578264
8207646050
8135829806
8240988579
8231071153
8111621328
8022243072
8312376036
7901980939
8113444329
8217150563
8153171957
8242909854
8027793414
8165746927
8287154743
8149556297
8191840458
8132777479
8352510752
8152069193
8307825972
8111765204
8273973716
8086034397
8218175238
8035766867
8035008849
8174312226
8111980899
8100540364
8198974046
8172296874
8150017968
8077710068
8009528134
8058119065
8125664238
8058554998
7996602049
8062019365
8140359759
8091883765
8089277331
8162444379
7989074765
8241264074
8254823854
8068901401
8254789709
8104698887
8109217749
8177106970
8248239277
8052371850
8156172573
8237299875
8343049628
7975390154
7745766381
8117200345
8250920212
8110240980
8115276188
8205838811
7922836320
8020885158
8015352107
8025510076
7972720325
8162463141
8121808764
8152115539
7918937899
7967999175
8077279561
8177091324
8244127817
8133759420
8028118816
8187884837
8193620944
8252397865
8092008842
8032442642
8117146591
8187304565
8086361520
8070791195
8081623173
8264339331
8098564683
8317293078
7921514368
7976845289
8024147056
8251523293
7932541171
8003624609
8038857388
8000259689
8072375147
7964693348
8009635233
8214078539
7919240120
8283790401
8158453597
7955246117
8021615624
7936594354
8167785387
7866887300
8167668402
7951358906
8123856351
7983225368
8168928559
8306006756
7977646554
8009877922
8334857832
8153415202
8103210366
8131978221
7945862325
8141256376
8073369540
8274393899
8270070884
8239031719
7952536586
8167180400
8030588018
8005946271
8046342606
8294465943
8161189890
8218269988
8242174233
7977865983
8150789323
7814626280
7975647218
7904911350
8082598058
8050839102
8145816791
8101877106
8168542589
8233879391
8168111412
8027956966
7904715425
8192878453
8060452658
7921020395
8079214873
8013281000
8157192900
8196183896
8045393294
8230241846
8012807684
7974092535
8311951388
8224291813
8217663100
8233617973
8241644691
8191914378
8201016012
8128277388
8118000864
8085925904
8391164295
8184513635
8050700905
8195396652
8377634467
8237962109
7988701813
8142338322
8397755721
8065814754
8056339091
8215478337
8223843356
8057210551
8336190629
7946697634
8342338229
8213979672
8450199678
8259732204
8324426158
8199947374
8180684306
8112058786
8267279781
8303891700
8156451774
8100043714
8152455911
8171542307
8063672989
7951135123
8194887164
8342335247
8111768228
8077574859
8158555463
6682421698
7617770107
7493950349
7489504767
7901436487
7997218198
8334444516
8223857752
8043346829
8258111599
8439689373
8440534032
8128425380
8249033741
8242678570
8254661574
8185717295
8075384116
8502771075
8303506600
8201120800
8191320275
8336176761
8262560721
8356934033
8288653373
8409664492
8173604775
8309627174
8390221679
8344945378
8178825974
8408688422
8557388256
8251002595
8268118570
8297030685
8346978693
8335916042
8267605255
8244214264
8172849963
8293905434
8492873864
8173573838
8203225386
8246013619
8186988631
8209539446
8251137433
8201846148
8288520522
8306979734
8359160053
8513731649
8136156330
8238480446
8224638603
8470311290
8379874736
8434041196
8102169702
8284059036
8146648262
8288605522
8326132598
8294570730
6497377079
6441701363
6247894458
6194998092
6317233620
6189797909
6350834499
6371364369
6281735924
6303844308
6342367626
6302606244
7174270213
8299984455
8246763993
8176766968
8363361895
8166697288
8285139500
8292270058
8369364161
8247372110
8110649819
8296430324
8198841581
8303981474
8293267791
8214065594
8453383445
8294942600
8353036272
8174628676
8260258843
8131875710
8187474330
8290570678
8272603224
8211913600
8435613268
8365480261
8192115667
8335105271
8205575160
8333713480
8190957436
8337568355
8452713777
8509657898
8420307148
8195035144
8511148282
8145000663
8405785296
8128856392
8373533564
8048534753
8289825111
8276369087
8207796270
8237246439
8353402929
6962395208
6254889621
6283145765
6207938982
6045300222
6144373191
6351744549
6299497500
6310399503
6332679392
6289078327
6209178129
6280235404
6287639132
6318040600
6279517364
6217981180
6249939033
6251994822
6144166313
6122269144
6214902221
6222955459
6148493238
6067509023
6216534957
6317681712
6329871906
6213566947
7786445416
8488984710
8312885804
8282254653
8062767308
8318175241
8670391710
8316155570
8314494169
8235541167
8346675300
8173003485
8310751133
8222795864
8352758659
6217230118
6134164775
6286344642
6895562491
8322645141
8472333185
8323858104
8523856312
8316167412
8269047975
8227540590
8141832427
8403559328
8224244690
8379025039
8203616344
8471257799
8271172957
8246498475
8320866484
8240140958
8252879357
8300794344
8324942402
8057633068
8192360396
8293800209
8314384074
8385540991
6308911205
6249873664
6281275316
6228158176
6115080655
6262063714
6380879245
6227776319
6319921711
6253340849
6217044443
6304148849
6097345082
6247345971
6109622097
6149744091
6222438759
6213542748
6237090980
6109102870
5963516309
6148405407
6429926962
6318019462
6289347660
6248367639
6328639221
6220828069
6285777948
6353353083
6315725641
6310611859
6222596289
6357301793
6353532096
6220703400
6141235965
6133069928
6134739499
6182369177
6194661018
6110314739
6280036012
8258632933
8299587122
8072355328
8302583843
8118998411
8331150952
8108939125
8448094317
8235585652
8223226971
8515578253
8416189134
8336952193
8109953722
8162851748
8041743648
8164685874
8202534837
8228514501
8126471103
8271738584
8202985419
8287568732
8085962328
8417315651
8230577350
8308072466
8243512650
8042846468
8482890961
8135531556
8428692185
8084167298
8241516268
8127702549
8309165213
8192811208
8188792081
8256030176
8249592851
8199827886
8133177628
8344792595
8369718809
8097305028
8100490111
8256326630
8288815721
8229578097
8314237473
8222056893
8329039371
8240553461
8160753681
8301404536
8209177796
8374536439
8155101437
8319029960
8345677292
8401469311
8505384017
8138129770
8087340949
8222686178
8360947831
8167462363
8261370056
8323785214
8165991605
8163453233
8306417286
8161664097
8291809535
8409688051
8307016965
8375510580
8365260823
8333258447
8358182998
8380847737
8278428575
8412806315
8202707856
8298967875
8359339589
8301270953
8287411757
8272514197
8105602434
8289549682
8310082934
8196598902
8031874430
8338908353
8172742103
8153348151
8245114351
8325055839
8179654494
8189222812
8146757933
8139039593
8265352220
8240950670
8303797223
8184288112
8399926997
8168128682
8284368011
8352701324
8267815648
8175702065
8162187625
8191404643
8333170313
8318017431
8291820969
8084539081
8460539277
8048203003
8272543795
8266722961
8413041939
8213685860
8136151332
8266222686
8153870246
8204536827
6467776391
6290572475
6345983962
6287833644
6252887029
6222222298
6301424372
6269080401
6146628724
6327409051
6194781699
6291935027
6312749359
6216681242
6161626729
6054799758
6170133292
6317152583
6400368645
6295652872
6298888572
6189650127
6195778872
