1258371892
988537334
1137813541
1133916344
1063490575
985783768
1025264133
941591531
1026907056
981075998
986069995
1018168937
987635819
1016923456
1020163425
978163906
983367870
979452785
1020349775
1115412066
980345430
1019579787
1052257354
1843256372
1653397475
1655537161
1575113911
1711022765
1638787178
1637186964
1634243325
1694031658
1629875282
1638259971
1643170659
1258155322
1340456839
1492310806
1682986313
1636896725
1778139149
1749031753
1701082661
1851184650
1748329565
1800637317
1742441840
1683989345
1666464893
1677288320
1663272110
1666666365
1659843583
1669398009
1733436655
1601636045
1320390776
1633570265
1767156755
1761986897
1639212253
1696120658
1632348822
1632744016
1626743825
1570944797
1576012047
1690373425
1635676073
1145858147
1172219874
1005482556
1163681580
1107011496
1210693646
1047670740
1211052272
1094050883
1050553595
1040352360
1084031401
1005579669
1001000842
1018950451
997132834
1042420290
1074845446
1034458320
1036052701
1029808559
998581048
1032079794
998165205
995779808
1001152729
1032878916
1026734384
1526552052
1535172743
1728251185
1860901843
1892806749
1704133728
1690503522
1646149698
1700409944
1581977623
1575991316
1579698532
1747818105
1632867631
1752034255
1759063845
1624534867
1383505492
1367689771
1402938635
1581329336
1576643682
1562134518
1788298555
1868054175
1785537199
1620658363
1795463673
1681415733
1611717016
1622205041
1676125699
1674175816
1784536928
1724797795
1722708579
1660264165
1728308251
1550565280
1445557778
1713013107
1803590240
1915643150
1530517082
1652679956
1716970369
1650313752
1582094493
1590835470
1643174607
1575700523
1020889576
1019355669
1014847342
1021365460
1054090247
1019671910
1048976471
956772780
954771464
1003725478
897583165
1009017759
1032499668
1112311312
1066963617
1037543742
1093959189
1026494388
1178248031
1026412528
1209085537
1029546698
1024279625
1069966447
1062979938
984054810
1061098118
1018092632
964199693
1060072978
995400611
976611620
984681601
1015759764
1030800972
1057329241
1059625888
1058470616
993675934
1057465242
1009212839
1639803984
1838033455
1640324516
1647013194
1645720426
1829225237
1642370442
1634414787
1636464523
1633726099
1637443437
1695026797
1581440456
1691647688
1833485644
1923577113
1807183446
1614832565
1684705297
1741854260
1607162814
1680469301
1667725354
1735002367
1601751755
1669114786
1664341036
1671729344
1667207335
1667247203
1598189956
1749926952
1942708974
1690456724
1674000181
1679695215
1673667423
1611369265
1737470512
1724707878
1661500410
1603963973
1728117300
1604938352
1597448509
1860246884
1511882054
1587947310
1704810678
1515415503
1642288395
1582042951
1633010794
1687988476
1637758099
1630190302
1635413642
1570419297
1641930126
1831358741
1578106662
1704072584
1576743723
1715587419
1635129555
1568827203
1576788114
1699106546
1703100819
1633533209
1570364694
1339083061
1409135607
1473803868
1414120680
1637210361
1586357260
1433931826
1854630262
1646679845
1592754755
1645893393
1693984446
1642205172
1638854880
1644338051
1571918706
1514401070
1702809579
1696634039
1555590771
1612005399
1617546528
1700484284
1712278741
1593675066
1708575377
1593117681
1738417615
1618129653
1672318345
1676050847
1669781420
1670132895
1663084544
1660918867
1679834597
1728106326
1414320153
1233403487
1489635536
1580637219
1634150518
1618833861
1741749970
1811363071
1921102562
1747655732
1934642303
1614895976
1616343769
1673339668
1676917152
1667627415
1729465711
1723765381
1727377853
1729085337
1727166981
1731318496
1227097712
1687064401
1610307199
1548503396
1675632706
1669313153
1669903123
1666354489
1612492741
1663416527
1738479731
1609635441
1342873432
1808533923
1633896296
1877119110
1643537172
1696344295
1652164402
1513951090
1640079922
1628695874
1750844973
1631787492
1634193429
1694463631
1638456522
1476236156
1395736874
1478344470
1849905327
1755334400
1934838727
1687186439
1930362063
1675889248
1621447701
1687200645
1742106701
1746873569
1684265873
1619448078
1619100399
1679272379
1732562715
1610223685
1334950718
994657190
1025825454
987664047
1162566474
1010106101
1204837799
1060951265
1219542924
977728253
1208757202
993951589
1060328933
1023975483
1019604396
1025681849
1020764945
1063612534
1023152513
1017060801
1056636129
1016821647
1019011543
1294947783
1634574488
1578734654
1694813992
1566677170
1350118987
1419041904
1375733020
1391773206
1631573388
1623561846
1635735326
1798383297
1836752671
1710364357
1655064851
1712111345
1651823086
1703449895
1710146593
1707712454
1574014825
1577422109
1703987592
1632766382
1510061650
1277293775
1644294080
1743744009
1578796667
1738245935
1818939811
1712877838
1573104769
1642496989
1635533788
1526493850
1576020056
1690205704
1626790182
1693455418
1572149485
1630270019
1634773023
1248215546
1516492024
1427866379
1431090175
1454761134
1463535161
1376364252
1583931793
1753285401
1745239966
1635132706
1752747734
1447781391
1031238797
1022658049
1003372610
985120075
1027968873
1021434046
996709067
1026209608
1020652227
1061795968
1021205346
1025231291
1023507133
1032215823
1023183427
1066220150
989344237
999532516
946941601
1085780542
982650148
951518253
1101436941
1011082976
1213618313
1028814107
1207866721
1049734731
1255873249
989326152
1017242211
1063155110
941863988
1024546083
980132799
1037851082
1056837307
986735832
1061245693
1022985332
1018289944
1060133699
1093388829
978408010
981905946
1013754011
984537257
1052512270
993307219
1441212851
1411785897
1469926586
1419058458
1507578964
1461441487
1614671762
1730344158
1477439237
1778301925
1778726437
1587005000
1581028112
1649178497
1632320147
1587921917
1574129062
1755722571
1633183231
1707098131
1632799919
1533326986
1513861857
1624968927
1775648197
1639561049
1843969795
1638883713
1647315409
1575131804
1638718145
1637612841
1634645330
1627521999
1753307180
1511909089
1570950852
1693241015
1505617207
1253793009
1463736499
1457405306
1417090815
1365906086
1396256589
1608236390
1768231997
1753404792
1795975914
1811894535
1620369541
1741813746
1609491140
1692719307
1673523784
1673664768
1793888230
1663099746
1669977546
1730247593
1608207819
1358493775
1613521338
1574781357
1814356632
1624293981
1822522658
1850615012
1874127499
1677684791
1747064275
1681998786
1670961474
1611921955
1612345499
1666671762
1665701784
1671570128
1722144767
1727738805
1603516710
1694818053
1759431594
1844174936
1756318816
1843331075
1681869646
1816831635
1736925156
1746131470
1610621386
1672578614
1667586674
1671798977
1671780538
1670534451
1603747312
969781359
1033768814
962793944
996457494
984936949
1160950574
1057082742
1112156333
1011282060
1056719624
1202507438
1010953071
1262702207
1048619764
1124733312
1035001582
1054590443
1082926514
1041903476
1045120368
1037163147
1010565598
997472393
1036563060
1032373128
1072508665
1039237132
1035637288
1075790780
1034621360
1039256957
1066526400
1832599038
1700177872
1702838928
1585083032
1590683077
1635706082
1650534990
1688670861
1637875170
1700871086
1520495541
1702430345
1313602186
1639492956
1818868950
1643974344
1633154163
1706432825
1639488916
1700531015
1631031262
1571261471
1569054472
1636836930
1690444545
1581277787
1553691039
1716036244
1731470060
1791849674
1584137769
1635380980
1641144072
1581933244
1634601750
1576098982
1627491746
1691943594
1633364142
1635670283
1629700300
1396663615
1713248158
1816689378
1766843235
1914807655
1938273968
1676347169
1682590284
1695076688
1797380530
1812610595
1686584478
1680796764
1742763930
1679095168
1744615093
1730941415
1372488560
1418191399
1448816808
1349900127
1638851344
1630882850
1500242330
1760461029
1724424862
1711793394
1639208627
1641074866
1776758806
1570248115
1701646184
1628029613
1624882161
1710617495
1690153743
1692856326
1624205187
1653594921
1645509105
1643676325
1644779887
1632070075
1585086966
1569325300
1577020694
1579614111
1630424492
1703324303
1299959776
1025170953
1294443309
1049807341
1253318406
1027650612
1160659698
1652235363
1635552169
1644317760
1688929062
1695661130
1572623216
1574398647
1696861249
1576962117
1575015545
1739776667
1422938615
1482245985
1493717878
1420532039
1569867301
1678645183
1773027263
1849423693
1726753874
1806449195
1624216915
1603637138
1680527575
1726250019
1610445255
1791580438
1732387773
1742642522
1812035985
1666806220
1573482211
1017784588
971030783
981102777
971387277
1039341958
1053457553
1165474208
1092038804
1235129076
1067328542
1143524114
1176807653
1050482181
1266428933
1041100846
1094706122
1007201561
999792372
1084951737
1111107436
1039261824
1040260981
1072289722
1113985229
993570149
1038491654
1035601526
1036219723
997759041
1034599960
1079427748
1079667773
1004736664
1535373443
1585856217
1567885234
1802709286
1819861034
1931729871
1689942087
1858156394
1691280883
1678642623
1747174538
1621702202
1673604574
1616841126
1731020174
1673203002
1670635201
1739689566
1682174571
1265466308
1756636121
1903674340
1579914657
1634632188
1710614712
1635314662
1588803399
1699193627
1574035683
1567734258
1445696042
1577670757
1631304159
1573043234
1558555261
1689169207
1784108684
1713297511
1864076833
1753943186
1804348218
1623828375
1746262016
1616000413
1736398956
1727763568
1674510386
1665004634
1671545782
1611458776
1657652779
1353939835
1474695805
1439827921
1618109283
1628330372
1731717553
1867477214
1952564120
1696317856
1684592310
1628868934
1674330235
1674525272
1735114955
1667373485
1663834577
1618090120
1670468571
1671579026
1454834114
1869449592
1614998779
1622425016
1750431410
1673395323
1735905116
1743505581
1619368371
1668593396
1674047168
1608923333
1668864982
1193333273
985755301
958584213
933607446
975953431
998505655
1024469953
1071308352
959442031
1189595505
1016094508
1235493226
1030190305
1204176241
1056778198
1230026327
1018513562
1085753607
998299976
1083319585
1052574426
1075740684
1042273521
1035774650
1044128654
1079237545
1073300341
1038149813
1031859320
1041805020
1033162451
1010034128
1000195444
1074702417
1073146821
987483270
1793567019
1864379470
1621345410
1622383128
1547625549
1553053131
1605553766
1671862462
1662285704
1662865405
1726253773
1668406948
1604705714
1686534842
1794472446
1497358060
1689039482
1670069653
1614034411
1667835512
1608630773
1724638216
1601237638
1664311739
1728772189
1667632809
1127705497
1883832109
1808042200
1831083804
1694084863
1686674134
1744002010
1677006724
1670201173
1668212457
1602969183
1603843849
1665107754
1605601111
1731930596
1394902081
1762254603
1707834517
1805981881
1866727797
1614082799
1624685012
1733496585
1627247355
1736235355
1741936381
1606484121
1686854610
1730854528
1605180689
1608471063
1521090029
1624379469
1668934812
1640571777
1873480540
1830102520
1752778396
1780306222
1877066109
1749881747
1672929132
1742362236
1680414967
1671931306
1612446633
1602187999
1601355949
1789329014
1610452598
1790302461
1597094781
1702955706
1609637227
1651771348
1601320028
1807495098
1804835539
1742923773
1733595019
1622131307
1671145030
1745433829
1742313753
1781874355
1730263476
1737889327
1580143830
1555338088
1771207371
1733803954
1627644278
1884380808
1634053293
1585729313
1574133449
1699753158
1631281818
1587100421
1573275004
1631816674
1630060312
1643856845
1570103210
1509303855
1400721516
1300152639
1472488797
1398078786
1419424713
1416040984
1575480108
1698781019
1539254926
1756916934
1807715933
1616170377
1678618508
1678086659
1609176922
1607999667
1669521803
1732499443
1601002953
1742303294
1599630926
1607703852
1599761455
1827439477
1860138996
1863688910
1616841964
1579024043
1526429401
1632553524
1640851287
1633722658
1516097318
1627207219
1698645225
1631224267
1633159245
1635102250
1428934234
1578634869
1636834324
1640355657
1547360235
1581412065
1677122495
1823032917
1924621697
1730386974
1944305882
1773160405
1778858762
1841395754
1891206356
1777793167
1694534846
1758338906
1761414233
1822638743
1776318824
1700080159
1699767750
1821330954
1703190687
1761332927
1726885441
1838101386
1828381219
1820218304
1825578775
1702904608
1762370012
1707662897
1824386166
1762950815
1832646553
1826516134
1633656574
1817169856
1764544421
1767149143
1826219344
1872385655
1759611377
1761284263
1830825559
1826938359
1764492056
1759091348
1702613137
1764132829
1756283785
1766051306
1707766460
1887659926
1698142346
1779305152
1761112605
1760051562
1706250296
1639434539
1766409050
1759871800
1753791501
1701060992
1691525416
1770386140
1777953515
1756666550
1773594609
1754667404
1834038610
1828220170
1694346840
1324498618
1147835189
1188593975
1147524873
1194441112
1226523586
1246287211
1192313055
1191754444
1185928915
1149886953
1200165238
1190627235
1186687316
1189661556
1230877502
1200051209
1225862559
1146355128
1194140883
1199441857
1149686457
1244301062
1191751384
1229030265
1155292781
1218565955
1190492218
1198059685
1231449375
1189491739
1195492682
1143602124
1232238535
1192922712
1190171437
1192462890
1231922786
1198554437
1146498590
1231902053
1207007575
1235319292
1185758456
1247272381
1193106970
1194755255
1187482593
1192009958
1106118644
1190830134
1158496957
1195632682
1191925562
1150503442
1238860598
1234162473
1147591586
1191361891
1192947913
1234395868
1146589213
1193712169
1232060084
1238794496
1196253557
1192997701
1190503223
1236277938
1158736083
1234831695
1146278601
1190179932
1191252481
1150055447
1190013910
1193146585
1157394754
1193219755
1150686083
1200748047
1212225306
1152565785
1149415909
1192054095
1191355891
1105278820
1192585671
1229358963
1195033885
1234238428
1191291343
1198289288
1250299880
1187150792
1155400750
1234223178
1193344137
1230793150
1165942314
1148666329
1187881633
1164588412
1233712358
1228823648
1231880067
1195878490
1151555990
1235492505
1191151311
1192009041
1229051471
1211474373
1190716384
1152668291
1192435014
1187279761
1193067058
1156453847
1202562405
1684566591
1850449707
1750196136
1799133304
1675431989
1738760834
1801764398
1739570651
1734839490
1731421177
1850702552
1731689238
1732809304
1735376130
1663318095
1685099213
1674596792
1668343178
1601579983
1680534287
1675058048
1665229705
1671733839
1729536569
1675400271
1849202742
1677427536
1730652784
1666797659
1729295009
1750073645
1788064883
1802049968
1724393016
1752164722
1737826460
1758813292
1667842030
1802962468
1731270379
1734687887
1670006810
1670382165
1672687129
1733086798
1738000078
1689363563
1733970772
1732004350
1790618223
1790093085
1795255476
1799058649
1753019751
1670192100
1734677506
1728883777
1794415856
1732563331
1733345411
1734580592
1734106035
1724668956
1674036245
1683007505
1689297341
1728684375
1737817586
1787342141
1669993706
1668917140
1744296669
1731737262
1742374405
1727771080
1863674030
1733331793
1791512922
1796400583
1736374567
1793947173
1791711551
1729109193
1681257529
1807431689
1678287475
1794164378
1732039395
1679851876
1741900283
1732806295
1734276560
1735824371
1670832563
1683253332
1794872609
1739039542
1671183691
1675551800
1733731241
1792285218
1669884985
1728348572
1795429436
1735219419
1737718226
1672990540
1732671737
1730552859
1789012207
1803288772
1725252703
1798399887
1737050656
1668705423
1677646661
1798079824
1732877627
1734176596
1729962471
1730745790
1802811677
1801701343
1794505748
1799017987
1677704935
1739882460
1807832550
1797334335
1858664528
1739835896
1734406474
1731545071
1728689683
1800377165
1616815181
1792912685
1796557697
1676810582
1809339702
1795118457
1797392915
1671622982
1861261754
1857689213
1786566644
1740407614
1731106454
1684994955
1680229193
1955488685
1675417108
1908249497
1681358316
1874896116
1740700734
1687978424
1743352601
1794645606
1800972243
1726983667
1728444758
1788087901
1690510732
1741563574
1735388390
1731623476
1732181353
1790383302
1677517309
1738845639
1674046484
1675613107
1672545474
1861183230
1675054672
1735324707
1802345747
1673071291
1734141016
1731011220
1913832534
1673318072
1913068591
1800368463
1615236940
1697232168
1787454708
1671282879
1736523622
1741822159
1724307682
1669660397
1729419614
1674187615
1858151697
1799639592
1740200773
1733177470
1667765532
1733139176
1728938044
1727528919
1789116130
1725654739
1662384213
1851249104
1670227331
1732351132
1795272459
1787074869
1793536497
1727556764
1797253991
1735018071
1607202347
1740308091
1609098351
1731392208
1736975696
1670232974
1794230420
1732901449
1725050329
1793085081
1730475409
1735151513
1735740437
1728662139
1736949519
1672765899
1731823929
1790138153
1728335913
1730489683
1732957813
1718699014
1674805235
1732811129
1793338199
1813167163
1793651323
1673103248
1666322114
1665511262
1756119615
1745718479
1794976405
1670111295
1796756319
1672247860
1670008096
1668990157
1667347586
1731115850
1858130289
1734805972
1787999683
1730580705
1732661919
1742544161
1732495085
1731832630
1732362789
1737584741
1673172472
1736352215
1799117111
1670946950
1791660776
1732402226
1680206364
1921185846
1665945195
1797500238
1734898041
1546700685
1676789158
1853708168
1729418425
1676105692
1919303297
1681189621
1857585450
1794861209
1740221398
1735779368
1752682067
1670032572
1675504820
1731796335
1614988495
1732361845
1684091750
1745917865
1742809957
1737752454
1733766767
1600976876
1670160916
1669976196
1699728638
1571518994
1655096860
1754915709
1711726251
1871011260
1904182249
1686256828
2034317192
1816731794
1735888232
1676494572
1795830638
1618235318
1792880606
1735579041
1731150114
1732995486
1726644080
1731250000
1730975277
1668293549
1727405789
1740127972
1607304141
1734848171
1731299633
1798327113
1787632207
1669796467
1602758142
1729882876
1732876453
1667126827
1724544022
1671550648
1738038630
1737678774
1669454191
1861423347
1605416945
1732370602
1676539761
1669299069
1728951404
1723897428
1675849768
1722794448
1792679177
1721542004
1734084775
1731246407
1725477291
1730402595
1736710553
1742282423
1660331526
1783483482
1736262268
1787726536
1853148858
1668403025
1721971541
1678035350
1740447187
1793820288
1791885822
1730927300
1785055997
1797594993
1729568246
1738010224
1671770111
1729524410
1667398692
1728238138
1727692284
1731225098
1721231325
1727435675
1787259725
1879323113
1603096477
1676492657
1722321394
1735596899
1668916438
1858633003
1752563606
1790416732
1792801741
1732601209
1853763933
1857000206
1669701316
1797489570
1795416376
1736121676
1611659639
1673222326
1737139279
1605001310
1696372437
1668577884
1810776614
1671228596
1681145675
1605192290
1732047659
1807198891
1802846153
1730285715
1733894361
1733771232
1731227866
1606241407
1742111108
1796954343
1850846703
1727600422
1613186340
1729929825
1735827567
1740738907
1739071198
1728029470
1738227604
1791602875
1732373593
1674831150
1733297821
1730542254
1734908588
1731809597
1806706087
1738214632
1672042737
1666884071
1737348759
1728773658
1736021165
1727352439
1669279329
1808994058
1737354949
1672780513
1700263979
1799506112
1675629236
1673950932
1750462185
1673293222
1800658686
1735830368
1735985478
1731753987
1674311184
1695932759
1700966101
1846768385
1878519872
1893018250
1855058004
1738481171
1732060889
1810251630
1719407346
1724828410
1714785147
1721498306
1836720964
1740127429
1715876465
1786268398
1676002963
1729107151
1673346011
1779592184
1668422556
1726032517
1661708058
1666814559
1654721890
1662775755
1655031404
1779813930
1842477221
1722391954
1732345062
1783294571
1717803294
1718896250
1783741597
1658467621
1720916887
1786218917
1791860877
1782730950
1721719014
1784688283
1662104723
1719870500
1741844016
1655875767
1714336605
1715943578
1663657011
1731749997
1747649152
1783987465
1661280051
1720660610
1657878589
1721064932
1731078309
1720365819
1719641090
1720640287
1658871046
1723832623
1725250988
1719290174
1716492066
1661098209
1777097753
1726330383
1654885534
1778988317
1722874243
1721506084
1666341768
1715953073
1652666643
1717127214
1778233362
1783422345
1689876877
1723291362
1773665755
1722794492
1719198174
1797168691
1719836322
1723716300
1787521830
1842634709
1722736290
1720352102
1659512266
1690698970
1664618520
1666847296
1717568687
1716383343
1721583238
1722303233
1782541381
1730859107
1655157544
1786076225
1718374780
1783282458
1717979209
1670250456
1717023763
1661505454
1727066590
1728989559
1719758948
1786683501
1714757540
1726304812
1715244370
1844218590
1731277574
1722792640
1783326121
1791183697
1728791025
1677279467
1714921013
1662121899
1671608139
1731748317
1721336353
1782016345
1657336627
1723083133
1840115264
1719330354
1782963566
1666692861
1733044999
1722556624
1715825938
1723565218
1724616421
1730525927
1723030120
1789562412
1715713103
1654709921
1722407864
1727338666
1657020599
1660440555
1711387502
1657826653
1730373177
1655213734
1720522574
1675322717
1600603646
1703544293
1782633961
1851176408
1826119694
1816008676
1860724941
1742452036
1692377413
1741357337
1603946778
1672926446
1730823578
1671883707
1728480706
1664368596
1785575107
1861769441
1795094855
1677858733
1669835823
1793601457
1741231031
1727885271
1731253158
1737898309
1739283646
1853667979
1739100357
1727693324
1678178414
1736170233
1742530591
1859064917
1684997916
1732493059
1669967481
1674632185
1739126708
1761264024
1687888912
1793894598
1681298464
1738229177
1743451334
1795328971
1737889635
1792016807
1797457912
1741429746
1688369965
1610583804
1677753363
1797693948
1673646957
1899612097
1673943810
1800229218
1742454011
1676130186
1793472273
1797159672
1856592823
1785165829
1861083864
1664300365
1800798605
1795260690
1797513369
1730715166
1731500582
1664231612
1793114425
1732653015
1727322222
1731412091
1803115694
1806598864
1730506670
1611519680
1789949191
1792837452
1852902912
1790401396
1737997804
1787929694
1742425363
1802471641
1859491172
1762787928
1673305088
1750805241
1691164517
1746924250
1681436629
1746987308
1687605720
1813601688
1684038934
1747753096
1685145157
1692989054
1868564200
1629155912
1803925626
1749551242
1685775045
1773467907
1869821879
1749561374
1751941304
1744948856
1747858315
1745760226
1689974052
1753848882
1763221167
1875110639
1700414483
1690172951
1807118558
1743653572
1683872156
1812733658
1748566682
1866601983
1678480968
1688912870
1683680317
1824358141
1689557967
1689354341
1822933419
1747999782
1747477158
1626071200
1800397033
1745904578
1741622277
1688936352
1750655299
1814910190
1740707818
1681255009
1681205569
1746405673
1745533582
1679009460
1741802696
1744869513
1801955336
1822484884
1679884249
1682310696
1689274313
1695946149
1564261890
1677642024
1719686379
1684304079
1853047620
1877041556
2038934544
1743901359
1750937562
1743571769
1678981380
1615045573
1680267639
1724952732
1732948992
1667313565
1726839730
1742273533
1668491137
1665584262
1665138464
1619454972
1667002363
1794835168
1726261920
1732234723
1787660863
1744872400
1671568498
1733488395
1733962853
1801877960
1731033297
1730022699
1735274432
1789778304
1857130680
1786865857
1668855985
1855042233
1740726085
1672310191
1788877281
1799487300
1803835383
1607363269
1733462002
1795214445
1798371131
1732543858
1794992792
1726761815
1665758080
1853414163
1791748117
1675620539
1749683102
1796723619
1737031041
1790870305
1760621834
1783793396
1790625497
1669343157
1732812202
1745612810
1666132404
1675823745
1731004788
1665263717
1737563871
1729233230
1796839000
1728814193
1729215029
1672711028
1744933393
1738920086
1671415894
1855615233
1750462342
1793056169
1740209831
1803292789
1736870942
1763513995
1820170824
1806997770
1803143479
1734403680
1665963822
1807332321
1698883836
1671513507
1726319200
1732384749
1795152739
1802148043
1664488633
1740629973
1799827772
1731987365
1865677488
1811815421
1737827272
1682085344
1619002995
1678928741
1732242396
1729676956
1734341840
1670443681
1861909924
1740950018
1736178446
1663685350
1872637958
1737647913
1728320563
1731354067
1669876311
1667585983
1807781859
1792311277
1811075069
1817687902
1802745012
1678043039
1789917666
1754649395
1760555612
1873808771
1743910622
1798877343
1730918909
1741572117
1717835934
1608304912
1804105914
1729387651
1667589054
1682034427
1797054249
1737294213
1796135361
1739784531
1788925893
1744564946
1728778551
1798676749
1673017304
1728453844
1795831035
1737721070
1642389227
1552351019
1437519806
1596654069
1540277169
1564271939
1716415532
1570395533
1983170461
1825777058
1713382014
1806147488
1649066783
1794473358
1780456059
1710290366
1841938809
1837136711
1835227422
1637685048
1706632652
1766455384
1828951185
1833004167
1714443279
1766088165
1766426275
1698698441
1766329941
1705602809
1831920542
1650808871
1766202419
1782270178
1720214592
1783978241
1839283513
1705101745
1772727404
1768603836
1779009804
1770205999
1768882267
1823705193
1647196259
1841430770
1704732241
1711187610
1843140438
1772627061
1697869831
1719127258
1706694476
1777964070
1765160199
1765028398
1767579749
1826483404
1702997923
1771888481
1652238959
1769834613
1781671182
1761484631
1767254801
1697745450
1772987830
1697720391
1846468206
1770188883
1832343616
1838869576
1708824323
1703307955
1837982034
1777826646
1771494342
1777508544
1766816319
1772094859
1824933843
1769138020
1770145810
1767819788
1839064425
1839789342
1774849343
1775068107
1838305683
1773942687
1900282457
1831979117
1767734710
1697663890
1638444715
1778620398
1710042013
1823102538
1772781731
1904823221
1776607226
1781678158
1762831293
1712177130
1773085968
1767379634
1713332157
1761868982
1768711635
1765712985
1780792039
1774685361
1773007933
1767777480
1702999057
1886198449
1655487183
1764632774
1761458740
1841482345
1848788341
1726496937
1781452954
1854010195
1777401184
1849414668
1707512054
1829785528
1781438642
1768584867
1712431697
1766193197
1774097305
1719487629
1842629131
1705014442
1770914890
1840683488
1714279952
1717720421
1763315111
1725312496
1712543711
1779853901
1798141171
1770023562
1789885667
1760640230
1707170237
1715152326
1784217571
1773425875
1845467122
1835130925
1704136992
1566778107
1579831758
1794254548
1943994105
1704833218
1850371443
1767869808
1769644229
1764948731
1899163151
1766915845
1765689247
1769045531
1765277575
1780747573
1835418208
1824583950
1832978604
1826421028
1830298862
1701037426
1761890199
1769311607
1830240399
1833734715
1830552678
1766046117
1768884899
1759795453
1782386147
1693864425
1776708270
1832949977
1707247801
1770582439
1700427662
1962006709
1762905021
1790455392
1713864042
1762614050
1708719353
1699659483
1641356604
1765552910
1764579775
1780423906
1832747337
1758679744
1710530800
1716883835
1765684235
1771248770
1766237261
1836966176
1718613774
1772483403
1837361151
1770832578
1767326351
1712727913
1768703909
1838023935
1702698710
1830897412
1782058682
1698749786
1638028430
1848181981
1777557162
1766784312
1819736230
1840292099
1825717984
1704445857
1713057658
1826664025
1834220552
1764291118
1770019211
1775767927
1770724984
1828039941
1783242597
1768630599
1711944698
1765068667
1832960125
1836875964
1771492198
1766710409
1711062858
1707883864
1656623759
1766053721
1796133915
1774635519
1698621677
1775035817
1765914618
1763130563
1829116938
1704341202
1823119383
1771181271
1890311944
1699056252
1704956136
1820868834
1885104665
1843258082
1695968364
1774939443
1758742229
1769306223
1760905705
1698841219
1776239571
1778675883
1772743791
1701698051
1714135312
1763518688
1833269020
1759308846
1701732655
1832253340
1708724468
1782117408
1719601537
1700418823
1778409657
1836295844
1832481387
1700202633
1757470281
1701988186
1763861689
1773147129
1697398151
1829379997
1769311102
1821659712
1717448435
1822521029
1766895391
1702705446
1836564977
1643133891
1473141136
1769923584
1809176459
1721386103
1760440901
1928539509
1950776542
1726433608
1734659521
1848719844
1852575843
1782865108
1713806885
1853509298
1707291048
1843051363
1779899080
1838328624
1719512548
1768000457
1833707805
1784317452
1770854095
1712752931
1897155671
1717749170
1782818446
1792450535
1785501823
1719592148
1784800001
1768101598
1805230735
1731385346
1788375299
1720249450
1712039144
1838230322
1712318149
1720317978
1822623264
1775699234
1718470679
1781310123
1715352019
1838161465
1855055244
1714456378
1715002736
1642149447
1712320150
1770303709
1716009083
1706207171
1712386943
1839841208
1716040802
1779681245
1778201105
1709998683
1793908232
1845611655
1769710866
1776928281
1771127675
1782062172
1769863225
1708298364
1790255783
1780261680
1792108512
1768076445
1840476952
1714931564
1779222698
1775987771
1709385077
1916239665
1728953123
1835835031
1720189193
1709602296
1707338955
1839355775
1781141443
1713949684
1773698607
1782818983
1856050222
1721319154
1786381048
1844112421
1718539374
1784447668
1794986081
1768831040
1784032363
1902355661
1714567853
1781889529
1780143229
1724159166
1767751853
1774885455
1768374384
1713445160
1831585898
1779188263
1778561174
1773409928
1844548541
1787087587
1791930534
1840064845
1704411689
1781337439
1855481349
1844932514
1897688891
1711349187
1837898312
1718390004
1711580578
1866033911
1919192285
1837279973
1715433433
1775778003
1844204685
1769655813
1786625847
1781763631
1837925674
1735981277
1708588125
1781906339
1732047065
1775677648
1763307818
1830784531
1781683272
1778293483
1786120418
1771401645
1715477523
1778222752
1788194785
1850075993
1716539863
1787716286
1780283753
1633959672
1844244356
1921983950
1897759213
1913272743
1743135097
1678727687
1685995780
1790706719
1744399796
1672618286
1687085913
1752406524
1672412965
1738553702
1796688997
1729452807
1682046862
1850685043
1670393419
1795225161
1668681355
1802813532
1675026892
1678723700
1808713877
1726332932
1675044966
1737221361
1821700295
1798330981
1670066296
1749769585
1688416189
1733180227
1793804986
1727989058
1736375779
1805218983
1732403511
1737653484
1732604295
1788613687
1731447285
1734655601
1734578115
1670725529
1727019859
1737571858
1668593694
1685338699
1800674626
1732981375
1787738004
1674747035
1668324517
1739030704
1735959119
1669657996
1726571776
1803237550
1731688162
1680733632
1799255759
1793744489
1731474963
1667467036
1804998437
1790696063
1731096826
1797242558
1808979697
1724284842
1737153130
1860280194
1731791889
1730914414
1786270985
1798610741
1733882528
1687370151
1792058736
1792802516
1725290586
1671584692
1867317014
1806022393
1797034845
1745757907
1733218076
1728970989
1745811292
1730416744
1792106032
1794901791
1788972281
1690197176
1702341823
1754302760
1725471666
1793225284
1727887276
1674722794
1800555152
1670965717
1679110263
1735008783
1736663162
1740301244
1730924882
1795324588
1731608353
1674071950
1669502504
1740060232
1733855905
1729005558
1792989667
1740890090
1855107688
1740596084
1669479080
1738051263
1669122611
1735508291
1675432989
1738209699
1738310656
1730973062
1809652532
1688762257
1796649135
1866375398
1738241429
1740664309
1736125776
1672282019
1728421573
1661106790
1726035111
1726820907
1744343548
1728567237
1730817608
1728422710
1670140831
1746483516
1732422459
1723714657
1740221277
1602964622
1733651809
1708788809
1820739439
1818260503
1976582345
1752095432
1801398448
1801653296
1663820222
1742769028
1669823737
1742705020
1666586775
1727164220
1734215434
1794806781
1726290283
1798621011
1611234541
1735279525
1734746681
1668629447
1666173310
1739275335
1729589023
1738182977
1736849313
1670091759
1738095414
1739472415
1790702652
1684821515
1850319303
1676180762
1736096129
1739819711
1734233415
1737105279
1800556824
1736394639
1674360892
1723889698
1670702253
1732339008
1625033215
1742329940
1797808386
1673906759
1807095745
1780935665
1735561905
1664528359
1793090713
1841454854
1671345731
1726148414
1819476348
1852150158
1792769569
1738199470
1729398853
1788398986
1732690686
1732438573
1721270213
1689118112
1788971024
1668642095
1665166836
1796912919
1791849952
1790487784
1736555903
1861506872
1735753791
1672011825
1731944721
1665889927
1727537131
1784675333
1730522216
1731639028
1673704016
1738306847
1673195017
1730383384
1751924605
1724350729
1670605192
1742567987
1737598928
1723651096
1669951581
1687234409
1666528412
1731082808
1743152821
1801937252
1672890038
1798770186
1669376487
1786664341
1666368687
1856697082
1731064035
1666919834
1752161017
1736253697
1668388985
1735285495
1790763398
1805526981
1746550691
1803465455
1736620331
1600923866
1864352840
1729579512
1676377021
1732083090
1734641489
1727903416
1672729729
1674474736
1799566667
1794184281
1754011611
1738892734
1742215788
1795758269
1739914769
1792618732
1726449132
1736174573
1734407161
1674508568
1677721054
1800005936
1731182788
1740861477
1788510317
1800630081
1787405729
1673898799
1727372903
1670358652
1668101517
1724811204
1800928740
1798775591
1857492554
1733305397
1760167423
1443626459
1494507888
1519953227
1486782635
1547931422
1515738624
1839234484
1690004900
1824913409
1925146784
1742802478
1814969315
1737685938
1677272791
1739644048
1670556166
1796963536
1739680107
1743205637
1668607741
1796848143
1739766253
1678374519
1736229848
1797431773
1669479903
1607199788
1742516775
1615974935
1806792557
1802187633
1810600966
1746645424
1736293189
1808818100
1736196605
1797763795
1740412435
1750030288
1733090860
1669005901
1787658816
1800654465
1734189146
1735866518
1743700901
1667357153
1796817931
1795753729
1795468240
1670808305
1734112041
1730097070
1675454684
1793650612
1673454219
1731864701
1733142880
1731698495
1743759150
1731624476
1670086118
1858360373
1795717315
1793493870
1675675427
1792120053
1733014862
1732754351
1791641779
1614747656
1732657026
1683697740
1733256083
1666878901
1879462586
1685733614
1790440693
1806090831
1675111090
1671064767
1728003686
1807342023
1724301527
1687668991
1811846001
1737342870
1664543995
1742647388
1731223391
1672528553
1369688782
1131039163
1143689625
1172847329
1208480341
1173743637
1133178720
1089519821
1131859612
1179440630
1136659203
1213072954
1212855678
1133900161
1125607324
1215152070
1176169839
1207885484
1130234402
1138164593
1209630492
1182849860
1173317652
1137352768
1171876084
1210132632
1186954414
1130251343
1201672856
1212700280
1217623513
1211935402
1181416173
1257192932
1216700150
1210086344
1147457205
1212850086
1087036274
1170468644
1132584097
1167244025
1170354939
1178179574
1166457851
1210771059
1262458731
1131666340
1170856686
1133574866
1189429977
1169103233
1263610565
1104691174
1128865761
1132835448
1175905295
1260740990
1169022534
1214421449
1173925821
1213985116
1129433540
1173245774
1130845043
1126292914
1130090804
1223708478
1168690606
1233499077
1210475782
1215671346
1208429653
1172356091
1139382315
1171035117
1211458748
1212496210
1179951011
1168336790
1225297527
1177580139
1221104487
1125526671
1131907058
1173559016
1165142133
1211570769
1174979815
1174769674
1173678138
1173762545
1169058625
1217755429
1251974510
1219939260
1169386120
1176578468
1210152729
1733746181
1720814893
1927278205
1845521332
1786703014
1719213840
1842493539
1764490993
1702493819
1768141471
1843910211
1699443364
1828406266
1766196145
1699910267
1699556902
1756842908
1699694576
1763685065
1700609218
1778333700
1766302250
1757492105
1763737431
1765128297
1829328175
1828324998
1775574724
1768355394
1769038600
1696695584
1764301634
1720842323
1764275791
1826017253
1761557519
1751205452
1711105904
1759752652
1767706713
1695188070
1890743620
1818927808
1821278440
1762620977
1701404779
1763004399
1762559519
1772067233
1829790966
1715424110
1827075321
1822895968
1759440008
1766291777
1821482127
1702128244
1757192769
1701686490
1702236726
1828940333
1753255374
1762661099
1762270744
1698276962
1761194669
1877443393
1757435633
1697786819
1644892735
1697810281
1762333134
1701171775
1708475160
1758443525
1762257136
1756766324
1844296814
1691753210
1828261043
1770855476
1829541455
1708621810
1827387108
1772367537
1828070140
1820362512
1638216080
1833955035
1776328785
1883197175
1824013474
1725379302
1825159505
1766784850
1760504418
1764642561
1764485322
1823855453
1833036535
1757543870
1718827189
1695684672
1829025931
1698415825
1702727499
1703581118
1763123471
1768903488
1824057603
1766750918
1817503731
1835610126
1697696300
1762459259
1694013957
1704589747
1833591888
1701983898
1759537343
1630103626
1771082901
1774464467
1768012783
1758815697
1634989954
1764285509
1782605775
1707335496
1701293856
1635397840
1758513799
1820545030
1825755661
1698551487
1707047862
1696448947
1705521098
1697298418
1704742775
1758165743
1758881900
1699112415
1827787248
1836263620
1762189090
1891188688
1770872298
1704108657
1343323797
1571191735
1578287320
1654440315
1695395450
1740977791
1954722318
1854363238
1792621552
1942932015
1838312712
1718758957
1770375311
1712997775
1835828358
1760106342
1698278282
1703657656
1765574487
1698936946
1769225050
1764432092
1771070317
1696010720
1643511576
1881661947
1760732615
1830171668
1770863696
1630714627
1826231198
1833804431
1822900589
1766670951
1837382296
1701292078
1703749077
1766950515
1761077344
1759619439
1766652938
1770568407
1818350665
1695408751
1710341602
1830922138
1758764958
1838503425
1768081836
1777141087
1829474415
1645823513
1702315162
1832753558
1769179450
1771947716
1788619572
1757622387
1764754195
1702310786
1711601205
1766556796
1765341804
1760439408
1824756347
1656993119
1821148507
1713908458
1832856815
1761348969
1845046228
1702454117
1765340118
1758833895
1768290540
1754739930
1776928997
1768153339
1779061853
1770188489
1779285551
1787082107
1844220678
1790883478
1795910663
1777238450
1722192911
1782311834
1871399852
1777408105
1711078986
1796293749
1783477473
1778539758
1781819413
1786488685
1786425425
1730063823
1781503843
1720039764
1778906967
1785328861
1781069234
1734398909
1789034480
1787327626
1773311300
1724023441
1716148604
1851386508
1731678914
1835303157
1711096068
1921885274
1779550501
1829577550
1780815566
1719776781
1722682941
1837996030
1801196052
1712880559
1844972577
1792014279
1777467756
1712510465
1849353476
1839931171
1858095802
1843377582
1844102606
1837673558
1902992206
1716520374
1840771878
1777645791
1838043279
1779047546
1843940346
1713098989
1710935788
1722402116
1774949386
1844200069
1796419016
1782492360
1836181323
1844858237
1767563503
1779503980
1839104471
1649692635
1722994953
1788543623
1657830577
1701745322
1776305698
1737927508
1880847332
1746355547
1848033969
1692284387
1762757948
1673261873
1687867942
1862164988
1745176637
1677125074
1733476898
1801054077
1805765859
1672752862
1677048569
1726026314
1736132838
1798627173
1796942412
1734291077
1800069867
1798501842
1795899046
1739730018
1605056307
1676550922
1665412520
1742779942
1605710750
1785257180
1802780370
1855016680
1799700321
1747352345
1728690603
1736303056
1610391712
1687398348
1738071585
1733336123
1732535046
1802398672
1797277016
1736932278
1732905291
1737293536
1735662005
1728637678
1746493076
1797083549
1797938531
1729646698
1740832368
1680706954
1740999765
1678943585
1736640563
1671382977
1677542296
1741231652
1806964865
1789108970
1731733520
1670106476
1676376599
1790546392
1738229797
1674036880
1800971652
1679162626
1673017759
1793905705
1732286056
1792438093
1864477477
1809910156
1729354785
1745577011
1784242263
1732019602
1730671193
1749948050
1806827265
1786256555
1732932482
1738323252
1797759172
1741585597
1741365339
1745679785
1733353876
1732037036
1735364971
1734131541
1681125241
1789114536
1744147350
1734506161
1746204446
1736594043
1681405637
1615329393
1742960264
1738693389
1798796802
1669240024
1550645118
1673164950
1819632109
1796169443
1611653643
1735398644
1731249417
1856596868
1673497099
1856784275
1732866315
1739619895
1736717011
1731281943
1680221350
1792249572
1740926608
1743777802
1668733639
1807136041
1854527017
1729976929
1729407267
1737241481
1738185666
1678249053
1852049308
1664236581
1798107867
1743124851
1794975544
1675020937
1744906534
1738165763
1741710207
1741827553
1665202335
1748353072
1802766071
1733431159
1788596010
1732440082
1734775267
1791318063
1508500491
1635367763
1713799155
1797842190
1895121268
1993817588
1952318099
1776312454
1776352095
1837665040
1842047969
1774244721
1827435503
1818537573
1717041408
1713817905
1638136144
1693067867
1837164906
1836272748
1761706335
1783866653
1698542951
1708079583
1632918681
1764084045
1830682427
1770026737
1762656556
1764558724
1700515627
1701044425
1888228544
1826466212
1824861062
1761548296
1634173782
1899930217
1765443420
1695016868
1761905835
1764960030
1758405473
1833396139
1831447469
1772668774
1895220474
1756121253
1826125105
1819297422
1759744193
1833338065
1760467929
1771883010
1785049861
1694476174
1755070143
1764472896
1821017751
1759746053
1833293997
1699785792
1760305626
1757124533
1887619456
1754195742
1698588967
1707076997
1757405041
1701700036
1758541377
1823569142
1693027305
1763198777
1692486421
1757449972
1757420976
1704268328
1769406321
1773686085
1764970622
1697482031
1762450762
1761466531
1778037317
1695969556
1762516077
1759372468
1758478602
1768304315
1763370313
1760504897
1633452179
1773057525
1817302443
1834091370
1763038716
1860402366
1693091107
1769186833
1889092637
1824616600
1766927770
1762124487
1813223505
1885810840
1710926744
1707602005
1700708664
1770847737
1758096010
1764935095
1823101330
1767421017
1644618521
1762500646
1700077289
1823232062
1842481170
1758283809
1772644470
1705538125
1832115561
1698435035
1762095571
1788803939
1762876751
1764846795
1705665280
1762423763
1854354221
1699706512
1705439325
1769986470
1837761189
1703596074
1706195010
1824897150
1769561121
1703498334
1834123358
1766305702
1761563104
1764036907
1760214454
1763777813
1762742950
1769815133
1765538683
1702128990
1754444573
1831790332
1609643994
1663900148
1812246960
1862450162
1936811762
1827355259
1789805460
1794180025
1730869853
1746804010
1714860520
1718052018
1651839993
1777116793
1711696821
1731224993
1839577381
1712747740
1777596882
1797857016
1789165007
1650139274
1707741972
1842876641
1794057566
1794521627
1715331525
1780381504
1840890909
1792573966
1788520074
1859370943
1724227536
1774675046
1780113283
1711406649
1844220812
1838528583
1816128637
1910455878
1771767796
1779280427
1720544430
1777075889
1853841496
1840601811
1781714631
1640039507
1768508857
1754752096
1824724333
1762200502
1755558073
1641415897
1764391214
1826994865
1765193400
1701012292
1708440588
1836555034
1638829812
1709477273
1703618909
1768893939
1704905898
1776112725
1827108974
1765514713
1707302912
1764160158
1827890748
1698645019
1698368935
1704177100
1701283682
1759401755
1766025889
1762271652
1897119551
1704392513
1824556288
1639390467
1899764088
1836471754
1774708138
1822708370
1771196171
1707282672
1707073470
1764611037
1703229623
1759785957
1768171776
1824138930
1709355994
1888565708
1703943145
1828099404
1701341114
1766720517
1699290214
1769768288
1759938357
1716695330
1760147775
1763410049
1769862482
1698775035
1889897616
1822471454
1843492240
1836808924
1821198428
1699039451
1766644531
1892368517
1770441663
1756486846
1766862563
1828473900
1771165752
1702004863
1733349894
1763448658
1822763014
1771285443
1697838317
1827574164
1774065502
1837734574
1828521641
1699196071
1832860240
1699111863
1768119941
1702557037
1709198052
1695103099
1701898611
1818758551
1769175928
1827115347
1822582484
1779394424
1822671125
1763705208
1761275888
1838239886
1824279272
1762234861
1706806765
1706731165
1663686137
1646327993
1711951692
1927960001
1887829712
1989544168
1745840822
1624176014
1770224282
1685776452
1729859224
1616979155
1792712387
1734280980
1788357482
1668909515
1730473814
1688368121
1739014502
1801422290
1732318625
1743947804
1748391908
1608484627
1732447216
1737694007
1678190270
1731147434
1730678244
1792467390
1729591502
1673696633
1795854788
1672447568
1800137042
1676272875
1739713143
1670453465
1673205230
1680926490
1743707124
1673534250
1800503352
1685261159
1733362729
1738262293
1606874590
1669057122
1736595138
1869418211
1607845971
1813550640
1726509161
1736892707
1729389310
1676774074
1859754776
1679421091
1616919002
1752497073
1734879850
1735346170
1606563863
1670621127
1730847940
1725344596
1733724791
1728003918
1794701339
1730098830
1732212298
1857745479
1664969148
1732599013
1785657240
1671801306
1797575494
1730675767
1732775255
1727381952
1668525356
1734460253
1663954949
1671456746
1660077418
1671988598
1795345465
1732932435
1691667517
1794433583
1670802951
1675433309
1211668662
1171461469
1212259384
1248567332
1138270655
1172608643
1210147050
1170799254
1216169612
1169873801
1198223615
1170907636
1211779847
1166175194
1089194642
1169981813
1170553006
1137852516
1174308871
1168022401
1186149848
1212114419
1216850007
1127610675
1166722435
1175486117
1137711108
1173561934
1172859568
1167184859
1195601854
1174392526
1171233357
1208037493
1129880403
1226057427
1171353274
1191525560
1135006665
1172887467
1168511042
1213081880
1220722083
1169442272
1131954737
1220167230
1171002210
1177436911
1171545740
1216574983
1168677992
1175438997
1138348557
1175937488
1088546575
1172615508
1171909048
1171422471
1210079841
1173648630
1125251623
1210644336
1254424845
1126252313
1131611922
1220505182
1260958991
1179179370
1142135484
1175079275
1129383375
1180100727
1180218281
1129559198
1173855225
1136931373
1129160320
1179899431
1217696623
1134071993
1249194406
1176120607
1212071074
1212764280
1174483212
1130616050
1220885545
1127280541
1183070913
1173041063
1210723047
1131952329
1192648508
1569907069
1673728535
1909254396
1909311173
1989693550
1954148235
1783833631
1843698176
1785928371
1768708817
1716494251
1842650391
1714443743
1717462142
1836280410
1900318860
1712459701
1781710882
1841631766
1785105494
1776909450
1722108511
1718087292
1770345244
1795029591
1713327231
1782142033
1905641003
1783968580
1734362916
1710992331
1837055131
1771982118
1714247572
1774795393
1716597588
1716004280
1785650433
1706159380
1764867188
1771421128
1768289159
1773148523
1782261206
1832615912
1775851636
1465194854
1241504183
1146950008
1231530044
1274964056
1190399950
1188643198
1146886339
1232358658
1230344029
1192037879
1143976335
1194946418
1187624217
1187808218
1146071445
1209612736
1184570338
1234630073
1188611870
1191094785
1187276767
1147251695
1191921013
1243792697
1184640295
1106146273
1115908510
1187073906
1189200254
1204568430
1188417052
1233220917
1193303502
1190604530
1146039592
1236692963
1150669287
1153861032
1328335494
1712266712
1705604893
1771368039
1838326259
1740279624
1743655161
1779027482
1869145465
1785930389
1787815251
1846490237
1724024798
1652691191
1720846234
1793906888
1904847178
1776654470
1789448031
1841954664
1708389022
1773511119
1844222728
1860660663
1773248128
1789898865
1849650792
1770583490
1734300782
1711453544
1774417214
1836534544
1784615573
1839872015
1768281697
1719126572
1782129830
1837316943
1839798589
1788650560
1649834782
1843068573
1844830343
1710975217
1855170600
1711748130
1781857672
1721160430
1654630728
1842262801
1776026497
1776687824
1783589141
1776529954
1776401718
1830782998
1833103605
1786176434
1768448912
1772705410
1783759782
1779320220
1588502572
1843436402
1785970642
1837172394
1712370096
1776321760
1781723940
1767808875
1849904400
1778593244
1731535286
1708481634
1657503178
1708049284
1780588865
1788319324
1794634015
1868288671
1925740380
1952529272
1904523825
1787778256
1717381336
1710519559
1766066442
1717768625
1832561904
1831022072
1766709432
1785925652
1827729050
1756775770
1769714561
1842849048
1767219521
1766730404
1696592210
1779703633
1830588943
1711907412
1830170492
1702840001
1825235232
1697643896
1692956102
1830188653
1709088587
1767977693
1767401156
1710349858
1713213488
1759066108
1771910611
1755681144
1843247173
1762527563
1766322130
1773691200
1768518547
1710250441
1701500827
1768978618
1767346205
1768073780
1776498143
1706925602
1764039537
1699956885
1821005289
1767183967
1826421358
1702483509
1760395702
1841629403
1761770383
1765716771
1762997013
1886297757
1762394759
1840034570
1830787252
1896419771
1711314555
1834761670
1723817573
1763654711
1816709887
1840798958
1768048290
1786913808
1704052413
1763424081
1830860364
1827937407
1832584256
1707722876
1832370725
1766933710
1698270756
1714598168
1765263659
1706365964
1819033041
1703822020
1826498535
1708115006
1772673119
1762325568
1773715118
1636749205
1893370124
1786925794
1713069678
1762290888
1828915435
1777771642
1840943989
1769584696
1779558009
1705444627
1773034941
1763533864
1768760461
1775676339
1701456266
1708415109
1714569055
1702334245
1771360827
1774860173
1832615467
1765039145
1844412306
1708707143
1640420884
1703726844
1765213608
1762459973
1824003540
1767125620
1698827787
1721732685
1776980191
1717607949
1711975857
1836142767
1721396080
1781710972
1790384212
1839480787
1771931619
1768831184
1717008064
1706812430
1768038097
1779114689
1785689648
1776048955
1781741717
1794192756
1932190614
1691906904
1769149064
1707032804
1835592545
1652238676
1335211575
1171805754
1353680251
1159957455
1447421500
1208378725
1238777852
1199888055
1149054001
1199055368
1202954318
1189438526
1163601508
1236181809
1190878197
1190052006
1193182311
1232337356
1230361516
1187399615
1193711438
1234958489
1195296334
1144129925
1186764702
1188433502
1148721453
1148559796
1229360297
1147641602
1183735413
1187232377
1201980052
1187058712
1150033466
1191095786
1194167519
1144613218
1155202778
1191567672
1187887094
1110155058
1229721420
1145996485
1211595876
1199270095
1192800505
1184999042
1190597015
1147335340
1143879303
1191641964
1188540850
1293352530
1146367886
1231005516
1198311694
1233063977
1152938902
1201404323
1198035368
1145445986
1229673714
1194106910
1193222680
1187255216
1104224927
1189586884
1187568866
1148521667
1274944052
1233195911
1189870114
1149833604
1147006087
1149898549
1118677819
1231548695
1234151455
1188682592
1192197532
1189205672
1152051696
1185102913
1235943996
1190581620
1185709678
1189704863
1200513538
1150403979
1148323346
1234639615
1148176396
1186634419
1160823939
1204727140
1154730733
1189457641
1193660817
1150710614
1189052559
1193316346
1152938708
1193782784
1148039820
1199524160
1274550670
1194500039
1180997510
1164371729
1272423868
1191049745
1186930923
1191972882
1284027230
1231988870
1186441540
1190538303
1246769956
1189336383
1228128991
1158975664
1153843368
1186119523
1201974405
1153530862
1190583141
1227289822
1212464630
1147457473
1250194697
1237216249
1207577675
1192336441
1113681530
1187923051
1189595838
1146715459
1184099865
1146512474
1188722718
1188142263
1149655254
1187933212
1233588189
1192528998
1189049819
1192661539
1209224602
1154815107
1200054783
1167529100
1144570399
1192437188
1237562529
1189548585
1187659562
1195392197
1275089558
1234588460
1188140843
1233557252
1189775245
1190905242
1186799149
1148518329
1236022979
1186800672
1115577946
1190864204
1184868192
1273981757
1190441513
1160471445
1185320292
1235457641
1241706056
1187991628
1232473059
1184790301
1191783819
1191457422
1186117038
1233814645
1235789232
1149919849
1190490909
1192427109
1192586366
1165025096
1192275076
1191412343
1234373190
1185074899
1158457668
1150022475
1148650163
1192920967
1190076762
1190688414
1228709690
1147981711
1235791857
1190422050
1198343935
1210272834
1194545989
1240886425
1146177371
1235692674
1156861365
1182240283
1188206453
1104825744
1149243212
1146548727
1153933906
1144919417
1189937025
1202684558
1159349574
1564524059
1762737410
1578551147
1918184667
1887054431
1825987660
1774449380
1714349571
1773459704
1832010463
1764175612
1708804115
1707831352
1764989681
1698413791
1823236126
1766949651
1842246588
1709790916
1702296563
1764038006
1821000617
1696455638
1823738548
1758908750
1762397563
1783191429
1699958992
1701886816
1759138988
1890345357
1636002172
1820843083
1696238869
1755970424
1900159014
1767128562
1827427682
1861793196
1768601412
1842742436
1895294220
1714207349
1765518578
1760937821
1825296398
1765464069
1831428941
1767710672
1888025454
1697202257
1701861156
1703615800
1763837062
1831665579
1923207389
1716348709
1755927189
1762798254
1767677404
1702784196
1704640064
1764636275
1762561519
1829424589
1726420636
1764632189
1832577900
1827921113
1821956605
1825048418
1759326431
1782356288
1754466616
1831006835
1759113198
1699753959
1836767981
1818650301
1764592174
1827931939
1830715719
1824941484
1704730080
1884649343
1759264610
1834924865
1693969860
1634216665
1769649565
1720861431
1825723907
1757749374
1705948028
1755005118
1708829672
1823312209
1765542429
1632400762
1893459511
1756523772
1766554367
1766466914
1695842647
1773201730
1820781332
1709340437
1693135501
1762776124
1703735482
1766035270
1699791711
1766486809
1706313742
1767209372
1694482652
1833515920
1896282006
1710879268
1712345589
1762142264
1762653979
1690906168
1646753408
1755711113
1759900440
1753684229
1833217539
1713191918
1639449789
1759771319
1706099465
1839381158
1700021768
1764073450
1828354235
1829177307
1693909598
1697258844
1767721192
1703405126
1769766886
1764883281
1697100524
1831013860
1694667733
1712979582
1759304468
1896847386
1762468992
1678183777
1168264503
1165172341
1203532460
1353273193
1324468536
1256760819
1379068765
1184325258
1272188162
1225685355
1146208229
1175002893
1183805858
1182072797
1220972290
1135304450
1178840928
1152821457
1134182563
1219192202
1216500836
1173956053
1133257603
1231780934
1179888501
1172363591
1140162588
1176323953
1173004985
1093648797
1176854076
1135668151
1180587504
1175512313
1133906265
1135640078
1219183672
1220133334
1142821243
1141377085
1230163334
1235828517
1173998431
1181321250
1222160827
1214028706
1195373600
1176429904
1214731614
1171182823
1173731259
1219285829
1220411399
1177804368
1175324035
1218572958
1667968740
1526033583
1182935933
1179850071
1178664124
1217734851
1135560318
1137299858
1214541128
1222350114
1176398646
1218077545
1173559166
1219484613
1179471217
1270471070
1131763588
1217622934
1135502380
1134015147
1178158127
1137611326
1222509622
1101521896
1176736151
1179177857
1177806124
1216332914
1135675937
1134145741
1176604114
1178618240
1217529880
1159627465
1137596628
1130247640
1219095259
1199707018
1260238580
1176005682
1180708840
1216889330
1136616667
1133213814
1221611990
1176539610
1174187313
1178856461
1142867815
1153906698
1137831848
1216487956
1178083312
1129512913
1220153423
1141639692
1174892183
1134959015
1140777240
1217660936
1178142804
1178238731
1217852675
1256034794
1174523967
1142889912
1167749891
1133243016
1100005434
1182828896
1150411665
1179940821
1103210556
1150203815
1180469837
1174468737
1647286665
1798609355
1805193806
1806592331
1745704020
1799529870
1793036141
1795048900
1789902584
1818744981
1794281026
1806023563
1856618975
1693973182
1724401157
1738372763
1674957727
1736518840
1738561415
1797939260
1792820201
1735333514
1726552787
1693241528
1731766351
1678754296
1733642778
1674925464
1797405175
1736659865
1870641677
1737285572
1729461294
1736335987
1736592437
1790231103
1745420040
1858728542
1889823951
1730566558
1748912436
1738453821
1743540709
1798342103
1753219191
1731427939
1794370920
1682104374
1732199120
1799781376
1741269369
1735134424
1724725671
1744566284
1675727725
1679140760
1736380807
1803183820
1668903735
1669934060
1730553200
1736811661
1405934950
1582608351
1468462498
1513110171
1554869023
1764368404
1736464545
1883120876
1819694226
1861003345
1879810386
1799710209
1781128215
1736068876
1785969238
1777951449
1841080466
1848197467
1773081094
1713293078
1773337520
1720276088
1714780746
1834525279
1789963150
1900912209
1836039918
1777500032
1839240994
1777105235
1782436990
1790888292
1775703262
1783078833
1716921385
1772872986
1773442753
1785130412
1846753882
1789623596
1841165510
1711696548
1777403391
1832357172
1701782976
1901989026
1648131906
1779709403
1905790076
1846352827
1709433080
1778079521
1722673606
1770363230
1773657150
1791571786
1776442028
1779412783
1840579441
1786545591
1778037253
1908034775
1715815106
1774165014
1849117684
1812424131
1713768450
1776102457
1777606299
1777852929
1710955326
1774185815
1780890712
1719410283
1772804587
1711311230
1789223258
1712043787
1777209654
1718247200
1786581342
1860833307
1839535245
1775143378
1780896496
1777223016
1641964611
1856358353
1846906700
1836420209
1839784400
1714449220
1793070948
1782308891
1902130010
1726658219
1776973146
1873843668
1722009795
1778293027
1782168416
1846376843
1778194672
1781054424
1777022366
1716191394
1769652673
1775743901
1708591826
1837029185
1641866939
1839673963
1725431060
1772876907
1790696152
1829789347
1712476366
1712890356
1852248842
1785777723
1858902373
1838731022
1834752287
1833098082
1717255465
1771514804
1860177686
1784164272
1779480187
1838600753
1718766366
1790683371
1784420684
1718783621
1778070432
1776701134
1706867894
1784402757
1778389021
1782009469
1720278904
1709472802
1857125443
1784845872
1710034209
1844562007
1774985029
1833685864
1843467252
1771701071
1779825351
1662834474
1844867630
1717503987
1846627256
1458107872
1598722508
1753337167
1498431597
1777267228
1907461285
1617333663
1760786155
1691453155
1728636043
1735671450
1728301475
1669734273
1672777054
1725144056
1724216179
1793380899
1790245714
1733500125
1725360697
1737864559
1737643658
1666662211
1667060764
1806313997
1800821214
1793591508
1798073526
1859080851
1672541184
1672712798
1736600408
1728826763
1747643921
1736344329
1733199994
1860283867
1793155874
1745837424
1822202042
1801843604
1796434378
1741947628
1803717542
1733732912
1736198646
1666334707
1612391331
1744391006
1668110729
1741411984
1795452025
1790163253
1731889260
1665766156
1672135960
1678476324
1733020967
1674194993
1727558531
1800286177
1737467725
1731650569
1667559916
1742548246
1746367419
1673017047
1737185848
1749344460
1740435789
1850152555
1819629524
1787519506
1735976032
1605377595
1851161838
1673984313
1674639915
1667182322
1667013082
1680021907
1733373643
1786988688
1798612544
1676975008
1731272300
1470462322
1142148917
1128620923
1176056430
1211807664
1208187508
1180179620
1092803991
1203691917
1252002187
1175189463
1173437763
1165957816
1232125146
1213190165
1175655248
1127003068
1133700208
1173512606
1127450673
1172212087
1221060918
1188689857
1134730680
1178337855
1169008068
1135581493
1170366263
1210243514
1154199825
1219383491
1213945220
1135793819
1192253090
1178033502
1211396712
1174214111
1174587568
1169937583
1126051748
1130850929
1215087527
1215853020
1214234937
1126942090
1220646851
1166298196
1223960091
1235036088
1126094702
1211202518
1178189117
1229033859
1168633058
1169622477
1131557447
1132754352
1098247544
1173508216
1169870054
1212590745
1169418392
1126275538
1156421231
1136447642
1211725895
1130766922
1213712917
1138116977
1169485849
1222347643
1128729839
1170737174
1183919619
1172819931
1209055635
1170175662
1175972105
1212317061
1168518040
1174610776
1213794238
1214670205
1130917066
1218322795
1566809449
1738324133
1728189931
1733780676
1668765096
1795988840
1871555351
1732097161
1856777923
1666340393
1580238990
1684540156
1882065653
1985453731
1686598527
1739866018
1744469523
1820851086
1736913543
1737193246
1731086055
1682224579
1792141154
1738736602
1674954294
1728191702
1789142691
1733439091
1730971232
1789957444
1674745010
1670388895
1731001558
1670026350
1735064547
1669876195
1729286303
1799079145
1674010385
1734208573
1668606944
1679914519
1793331827
1735167862
1726489096
1738431358
1794000814
1884579426
1803638739
1740891254
1674082322
1731288464
1669487366
1796657927
1751760076
1730955185
1733268287
1746245507
1745992735
1797289056
1732681197
1789704758
1671382257
1788335664
1674464111
1729286610
1673592031
1728506997
1669647422
1791487681
1671411633
1732682535
1857433567
1730177128
1687017467
1723496901
1796221512
1792545086
1667736514
1737641411
1722876348
1742736877
1731943731
1793831174
1794635908
1736415883
1754675336
1678515146
1732278763
1732942071
1669542199
1791214416
1803173023
1671882374
1793253745
1671400032
1806552769
1742733793
1674260163
1732905433
1671291251
1744482941
1679519252
1798886055
1737332778
1793431869
1675278197
1680231728
1736502265
1682717220
1733978985
1689320014
1670000917
1676121442
1673420557
1673387755
1742248373
1791494355
1742868145
1750384847
1795532248
1720151703
1736890104
1740055291
1661646031
1691091724
1728837252
1796633690
1736904462
1608952918
1729776083
1734023447
1794405730
1799495158
1674729860
1735154669
1670141010
1735450026
1729187927
1729589676
1788136702
1729954847
1722913874
1858268260
1730908089
1666675361
1793848846
1864215836
1753713149
1789833539
1733331071
1668626739
1733081580
1736542905
1730336017
1731411606
1731849274
1734406211
1794577079
1728852678
1737190827
1664755388
1394367451
1962214783
1910092442
1936493487
1765819656
1781551235
1708325671
1827398810
1768773933
1764867744
1696136477
1822344281
1821548281
1835537123
1762400109
1763061844
1762869995
1825957656
1772322447
1715395351
1766776535
1707012350
1890571737
1889800662
1765248538
1699414762
1703382258
1824164250
1828096989
1772083501
1698702402
1719340823
1760643360
1705666581
1763909440
1762735978
1703181557
1632046035
1694616990
1717654294
1821694267
1773951314
1648730147
1709859268
1762323828
1761592333
1832939484
1769892733
1763090360
1832297339
1697186001
1825211715
1783183415
1843102604
1838121413
1887568925
1760566609
1759461393
1778184844
1762359296
1760044681
1756421104
1829241048
1826988641
1763869520
1829243695
1830830871
1712742070
1825986134
1705845833
1708946480
1699982022
1767639202
1826467427
1828369477
1694107670
1714069242
1755050146
1822860806
1762412987
1709883752
1773678934
1693930065
1825628497
1818647704
1830972183
1697493388
1761905373
1758220641
1777556977
1708650902
1822613414
1704692530
1698101691
1828912828
1815582843
1763912157
1778639572
1752883441
1765812846
1769189239
1768331946
1838268207
1696356891
1759913283
1832248182
1826168420
1765743988
1702920716
1821495344
1831406338
1779871389
1884273778
1706639366
1701515913
1769987263
1769545541
1715010264
1831151108
1819632794
1834736464
1761038694
1696868639
1766791916
1847416861
1697447691
1821902131
1765665979
1754615961
1837157565
1765255185
1788756009
1833426933
1760379003
1759568734
1768009317
1837415807
1770307625
1700482964
1828406622
1769451695
1701379461
1699310804
1907091734
1772008266
1697991463
1764362733
1832321928
1779466878
1345600811
1637383773
1638050303
1663101567
1661191410
1674653018
1913479916
1933088086
1956187519
1853679913
1704084856
1772908173
1762601674
1697021217
1701628915
1703993900
1827945838
1708111067
1821390568
1703250881
1700233233
1699584548
1762194049
1763939375
1839088394
1886549212
1767591816
1821600586
1765908731
1781035488
1759876674
1705652468
1830268471
1758527117
1759239964
1718517840
1884026710
1692227266
1708189762
1770343022
1762155673
1824431806
1781342495
1759427799
1893920647
1772590763
1754740677
1832519395
1699184548
1785179532
1697255708
1828979399
1764295440
1754554391
1762771101
1760025149
1763466004
1693991281
1777974318
1710113769
1771251186
1697870174
1822806224
1695857179
1759719971
1632375873
1763425023
1692317337
1763296339
1701493910
1772709381
1763790359
1886756425
1767160572
1764702507
1636989018
1822234365
1883887516
1707875875
1700426706
1786984311
1831996761
1776013061
1771334368
1764557391
1835371327
1697386773
1703898933
1760799589
1890056465
1835188986
1822846050
1772707420
1778603754
1764813253
1770751766
1709767561
1700903690
1698389718
1760319399
1702424205
1777603557
1822111128
1696826810
1828571613
1707558934
1823434049
1826389396
1773427552
1699644430
1699337067
1766000474
1708870836
1884468739
1774922355
1835234817
1769472300
1701098527
1767768736
1761605200
1701498227
1826941552
1952807783
1756852515
1764344099
1821917166
1840614325
1764243614
1696465585
1823549301
1758740549
1761488191
1705280642
1703918109
1766526090
1765855025
1820919566
1826551709
1762818468
1701464726
1698683826
1756563590
1755386647
1699203486
1821181824
1755605143
1701871562
1760767099
1767407488
1888753140
1712404385
1832700165
1757887827
1758123055
1730784344
1546644939
1443316351
1558660295
1472834756
1526645423
1747601791
1831882263
1908655579
1756358745
1745025221
1672942226
1799631764
1855535731
1793487701
1735976133
1803361408
1740077514
1916422428
1663513203
1726167029
1680809061
1730710241
1732119218
1672333654
1743016363
1669476196
1672635324
1604733855
1735540016
1732943903
1732442802
1669613586
1671602849
1738325590
1681563506
1739109735
1788485703
1794422697
1664349434
1676535291
1786999668
1610379211
1738461021
1682198890
1729785444
1793064496
1669086870
1745454797
1792370662
1736762618
1738909308
1683944836
1731909232
1734088933
1735819329
1688345587
1679237365
1734028575
1670945569
1726530698
1724337867
1669911096
1668058957
1678733808
1734830720
1735871388
1789756797
1744817208
1758634360
1791595045
1669309803
1724426513
1800427144
1845394951
1678215648
1798614642
1738086331
1669491586
1675327269
1606117425
1793526356
1807264337
1741217852
1732573144
1746278548
1805097909
1676442462
1671719417
1731624347
1733834478
1796385709
1668466473
1691576466
1732904792
1751399964
1798217171
1742149098
1737431806
1670254361
1790970672
1816244067
1665470076
1678344235
1729280269
1733096917
1738898741
1731480832
1792852936
1679277633
1673537007
1740010030
1731587642
1734150509
1735076216
1733626298
1795479763
1743806888
1740885465
1735064131
1802426091
1733783830
1863091606
1723117558
1795162084
1735335734
1736921563
1787302406
1673032600
1741508023
1731444589
1729621142
1668417082
1735652175
1738117354
1787821777
1798068821
1737096656
1729228697
1743603379
1733347749
1738813126
1793254433
1798447244
1723977293
1734262597
1667661193
1735394741
1804674647
1733011912
1683456355
1815203758
1676423675
1807963942
1800396478
1725716541
1795762373
1562204866
1910753020
1890830682
1707392551
1783594424
1770306007
1776406808
1727395813
1834587693
1711757199
1760897271
1645710365
1765483272
1838650687
1639217250
1769406042
1706578093
1830505201
1637348413
1766158549
1827971108
1700922844
1716917623
1835690800
1904835490
1703382097
1838744768
1697818303
1848245041
1705540895
1771170499
1770121195
1767712708
1778462481
1767459773
1824208948
1821047912
1705430325
1837935072
1762082676
1778627976
1720473312
1766689326
1830023752
1714875342
1761975432
1834151994
1767874173
1837406591
1762871070
1828196108
1827084389
1698891646
1830572728
1760339296
1787798700
1821424017
1771121405
1776346592
1708980225
1701971204
1828440799
1780416865
1767778919
1711713152
1769585346
1772794903
1764284828
1764341139
1769347521
1761909144
1701976887
1769736612
1763880596
1704914611
1843429253
1699521987
1775963847
1707335979
1795384218
1895022811
1763909458
1830548690
1777058952
1772522777
1763791390
1699373725
1703236631
1765531733
1776552304
1763434289
1766693534
1779922794
1784375760
1776999577
1832518352
1838839024
1783393061
1709822961
1762645102
1776104303
1703437390
1786253398
1784925464
1826530083
1834381122
1763193341
1697322663
1638500038
1705861948
1693342387
1762329553
1852526740
1759437939
1716170603
1844241906
1797180613
1834259819
1790203299
1771000061
1711522061
1709880264
1703876860
1771482369
1829465817
1709967899
1719735435
1783628514
1771876952
1835516457
1708965577
1703326487
1770328000
1763981473
1721658987
1826072171
1782875067
1831563493
1762261101
1853094285
1825518401
1774007714
1778910996
1774774449
1781121825
1848034664
1837230251
1718207561
1520725864
1554766504
1529659890
1651538635
1837142123
1819476674
1785383122
1805106507
1695412918
1806355313
1871337773
1857394254
1678294966
1669075932
1694657360
1678452753
1676008255
1793341629
1671071668
1732455701
1609583777
1729670034
1808758233
1737055416
1734506038
1669792580
1679615478
1678914430
1738019324
1733612464
1741152344
1740546513
1679053732
1733511585
1729955601
1734441987
1675526503
1734919078
1796587828
1737031552
1737611312
1679959005
1679191710
1684278443
1729556742
1730027997
1802258560
1790924861
1798234827
1800543417
1690663885
1782820825
1731939263
1725774066
1670233457
1599966320
1793829201
1734972224
1816277838
1887464524
1668920361
1747688000
1742091527
1673956484
1738855924
1732645321
1791265548
1746384156
1806083368
1731307281
1736502781
1736388672
1728573882
1667969776
1753941540
1734051450
1736659292
1730768992
1735421702
1737520227
1721540473
1735202274
1730440638
1678363801
1672330363
1736546577
1735179070
1735484421
1799279386
1744486453
1799314927
1739800119
1676786559
1798511151
1749403651
1799186896
1683808845
1684644222
1682727843
1676319464
1674742413
1817747112
1738059173
1743037339
1738763300
1601739904
1670933379
1793375449
1667955774
1732632165
1672431896
1740461826
1732956312
1741782483
1796839114
1787253569
1741236514
1731389364
1676497503
1672579871
1865948607
1790117319
1733283543
1672173699
1758711456
1738277680
1739300134
1798328899
1734204914
1671386819
1752253056
1676662928
1760034032
1794848936
1740730708
1674735174
1740074848
1735316804
1676641810
1728599292
1674839983
1672411735
1738384606
1795865324
1735506676
1216082144
1171112118
1212858335
1175768170
1214421535
1168582687
1180166046
1171191961
1179008970
1126755058
1130037343
1168202908
1174988523
1174217204
1174295302
1123159109
1113220098
1099362117
1064815294
1108517907
1119509091
1107335903
1141926835
1115239725
1159574997
1119418747
1326315222
1340837981
1148035856
1359086856
1190809016
1219394630
1137292604
1178212795
1213902180
1132755877
1258339747
1216537858
1126203042
1185104408
1173131231
1208471410
1171163946
1216706804
1164874819
1214361185
1168838936
1130336997
1167762644
1140012778
1217924212
1245434826
1146266653
1132152153
1166725895
1175290588
1172563308
1171472037
1167196792
1175576922
1172864431
1126945757
1229799275
1141012230
1169894700
1129993035
1137205712
1169082438
1091289962
1220320801
1169921148
1171422122
1128108102
1170380866
1170590882
1198323084
1144460829
1171918244
1177392795
1132022013
1212962875
1189186331
1180207040
1214475796
1087043005
1133955384
1126230128
1210460092
1171741891
1172571617
1126431512
1142775120
1125467629
1211914677
1130563699
1132690456
1164649842
1179884855
1129102944
1133745727
1192180462
1130978812
1101925952
1175024195
1226946396
1208659988
1215760368
1211021522
1092862169
1166994633
1132674732
1170929720
1166223126
1135515128
1192474396
1168569938
1211221421
1136008362
1129522353
1169100609
1212658045
1232175359
1163760516
1090082748
1131647567
1248100304
1172148781
1133934328
1209226149
1132316682
1171000831
1227367058
1170308123
1168691482
1214907855
1147215871
1182953921
1210499313
1172691236
1164633204
1181437275
1220891783
1184960404
1090358373
1170650536
1125787743
1208160170
1134394048
1167571224
1129689800
1137289562
1251253821
1174637303
1256341383
1173331782
1209840173
1169887054
1181501459
1170387461
1247523378
1231097599
1668220875
1670083671
1725385999
1681865089
1736129001
1675807672
1739252885
1736113626
1733775780
1793160937
1806552686
1794238943
1729284346
1730196539
1856760972
1679915331
1666881597
1668039690
1679650372
1733571436
1672594354
1668500943
1735531010
1671843731
1664627635
1734809015
1740729996
1669034873
1731908971
1794219509
1673489236
1728284283
1665758836
1741939625
1674265262
1669648571
1727185235
1798329009
1722989599
1675217701
1733650494
1615270002
1738814439
1736307641
1674483527
1799445029
1793106372
1739057332
1679025097
1738865613
1731347083
1731475640
1741417395
1675977534
1795812862
1809554907
1730521246
1671070745
1786778925
1616600060
1734608738
1740093254
1743165086
1807370288
1837840782
1929313000
1946761950
1784280616
1652325260
1844423611
1727892709
1786592234
1851983372
1838893117
1788556109
1700825171
1707986256
1851989715
1775562661
1775384036
1771189069
1778464751
1832012620
1776061039
1708331122
1836439118
1709740234
1766969269
1714581450
1833293193
1771871346
1715214494
1796204818
1842361607
1778180949
1737514636
1769999496
1775782152
1720682771
1521111928
1139999603
1318422379
1839021728
1778409014
1770019841
1895648880
1706113260
1724721679
1770495678
1894593780
1836572363
1831739835
1713460371
1776288199
1717403927
1824123944
1707479473
1708747353
1775605539
1768580539
1766889367
1776740476
1770986840
1705468399
1765657713
1785157206
1706679343
1708998960
1792160014
1709730847
1842759429
1897923940
1834225545
1774677210
1838936555
1775618932
1835360345
1777123773
1716839974
1774469914
1771977465
1840716080
1838263704
1709635685
1709449752
1774658563
1771886459
1784802009
1705217211
1707237485
1711099985
1643578671
1771766859
1787126176
1843876844
1729545595
1716261082
1772306317
1712876453
1710279332
1780991893
1768200530
1789791588
1964705478
1773076171
1770345614
1710281538
1713735313
1656861837
1829108813
1196006793
1159646556
1220915007
1157858357
1155416354
1240344140
1251360661
1193480308
1148729700
1194247419
1235807776
1192888231
1189217431
1245217761
1196284928
1197195596
1156860641
1197303132
1200746982
1196204063
1199888855
1242721427
1200186600
1157406504
1241708847
1204542494
1200046069
1195847633
1202155455
1499857689
1767242625
1821092363
1776296020
1829231690
1752242467
1880659471
1828360920
1761422834
1703104443
1696567048
1765676055
1822564433
1767142315
1755718616
1826221256
1763488567
1689876933
1695994048
1824790278
1762262558
1827420724
1705663183
1630651961
1759239942
1737221450
1783805559
1863596520
1772678086
1773292526
1770898867
1765494694
1764715839
1825091390
1764886684
1700414649
1761884062
1764262398
1700634050
1762600134
1760358420
1763144198
1649988717
1774169790
1693950345
1779209520
1819534263
1652245620
1766359304
1773752972
1765397250
1703448136
1826561068
1629109997
1887833681
1823371812
1918297237
1831867311
1692231059
1699374566
1750774749
1794414616
1825285029
1767507566
1830976950
1819412145
1774392737
1888020267
1640641776
1821966974
1767647433
1707849502
1761445750
1641267312
1693727331
1764402601
1698209910
1767263560
1698254912
1764188163
1759238706
1695040384
1759046473
1771035234
1696542936
1762493887
1826283543
1766354250
1824730666
1699242088
1769814319
1756200093
1763913462
1827408840
1700222217
1762151816
1639882849
1820671602
1823369891
1821528694
1635215181
1764778693
1826394792
1785755033
1699093744
1700078957
1829520488
1717730453
1831267307
1884630841
1776032292
1631193754
1831123154
1766445600
1818158634
1762485849
1763998617
1829748019
1790638795
1766470375
1705153921
1828847667
1769437822
1701392373
1760490559
1781631082
1773052365
1779899323
1819008566
1707075030
1898340849
1825410313
1772383093
1766770170
1715978348
1692765458
1770690094
1770009575
1771773413
1698189754
1633328473
1837059187
1833282548
1768922935
1821702214
1825558585
1763724103
1764295794
1767859140
1717572004
1708291075
1772190087
1851785974
1723009600
1834673965
1701607159
1644141079
1774440921
1771663453
1715914507
1836898110
1836715874
1769974904
1836457887
1772504203
1713196317
1760357131
1835338481
1770723677
1648606302
1643027253
1833875643
1706358007
1370366934
1890217369
1745989451
1985805466
1736836999
1759870371
1621865617
1672863066
1809415785
1741519361
1791962539
1680094696
1791430814
1801804380
1741979383
1867173249
1736914586
1731901975
1732577436
1727557081
1680289682
1734310430
1796543583
1733660192
1678459990
1673237637
1677676026
1743904183
1743455886
1805716831
1687778608
1786782576
1741586673
1730324738
1741645215
1666504380
1737838179
1679576562
1871417650
1798452797
1731200977
1730917197
1755722621
1735280013
1613500169
1728150388
1793527395
1735080995
1742463128
1666638259
1794996407
1796284510
1670947219
1665225931
1792245986
1795485270
1736015117
1737148117
1677055076
1799872327
1664548689
1746083417
1727426029
1792504895
1674804264
1680411869
1603238077
1668428041
1681036251
1725368126
1789889237
1726446856
1744578014
1737254321
1676033199
1728713862
1741284514
1813121561
1729639905
1729349625
1666952790
1761081953
1731276206
1796907676
1794470427
1798289273
1729953344
1733371394
1614439414
1737342214
1731653247
1865977316
1672254573
1742457768
1682090668
1795608850
1729709024
1673268793
1674308402
1733290607
1799034380
1688898468
1794111706
1796881035
1730525592
1807048725
1670620204
1743390067
1732895160
1733592863
1799091676
1667124622
1733247896
1792627212
1741690463
1672205564
1800942193
1794358522
1731921724
1740461960
1797038880
1732058720
1733032689
1803476101
1680565040
1736956394
1675916061
1733117253
1725230643
1810427352
1672269847
1798211440
1732055016
1731891865
1730394889
1673824541
1848125120
1736736163
1734333641
1801565437
1732609127
1434937360
1168627992
1219906793
1176931520
1169571799
1174685022
1196981959
1171176049
1170993172
1219732612
1183135416
1177065122
1133047297
1217663299
1253321362
1153079864
1585577581
1688371686
1631109560
1645778082
1697741337
1737374675
1791761835
1906543916
1677980145
1907053126
1799740742
1700557686
1618033827
1747862822
1731180516
1741227686
1662338043
1726999882
1737062736
1606968818
1732725931
1793582170
1738638085
1726954596
1734087938
1672248943
1732597763
1723427790
1792706093
1792989440
1796814275
1736443834
1791644638
1674787373
1734339881
1792726952
1735049076
1672152046
1730985377
1675749985
1726638549
1666192955
1603865952
1737912282
1748034235
1673963724
1732219606
1677380879
1732648180
1673814073
1737285067
1678886617
1673937385
1670928422
1729376684
1849993100
1733391764
1798144603
1674971694
1667650169
1737636098
1738337747
1744042768
1798859099
1730196244
1729612167
1671890484
1731664613
1800613575
1731453265
1793387840
1729907867
1728147189
1803512021
1729576427
1743527574
1728527461
1674744192
1663226390
1744131424
1786777245
1673838506
1793013703
1800809826
1789332393
1804990100
1746236175
1734031622
1763817815
1757496290
1739095757
1732258987
1805518859
1748398353
1739569508
1805330048
1734105542
1690403748
1752910242
1799798034
1801584107
1731711132
1677652835
1791462009
1751553991
1868251512
1744849485
1736128674
1746207673
1732537160
1740314290
1667086011
1790806966
1745495365
1744898972
1733960011
1739168234
1786484810
1734083182
1723508575
1679116376
1728525249
1743692860
1790612143
1727866949
1733156101
1791046840
1795260454
1739617849
1688926336
1678813254
1786324452
1752614315
1820578128
1750357329
1785862791
1668143673
1752623319
1734670249
1674666429
1670143248
1742034639
1732144075
1795009465
1742612551
1737883178
1674457217
1740556431
1677136502
1741158447
1803125845
1731264811
1791297486
1795597566
1737582315
1671831418
1800335545
1704359836
1787880739
1870564606
1839634366
1769806801
1771777687
1829246774
1839339403
1698392713
1827314968
1772850615
1764340536
1643233178
1823002945
1825895035
1705654284
1829679529
1709119193
1770088381
1835961836
1822628011
1770728727
1765704457
1708459694
1832498988
1763461752
1771338029
1823736494
1776541732
1828437260
1776820758
1767567002
1714703990
1834967620
1764076613
1699617904
1768964072
1765370458
1778506497
1705204724
1771363503
1765834423
1642291898
1764642893
1766084905
1642669257
1762127201
1766955219
1699281603
1820068783
1779269603
1833263581
1765730459
1775330456
1766194221
1831561624
1829801004
1767614979
1827905106
1757314338
1829448232
1766558826
1758500360
1770896767
1830371800
1828487934
1841071184
1827398712
1712006415
1825214285
1845466066
1835205741
1638853683
1769428345
1773668704
1705342453
1701077527
1641623641
1709841464
1835151154
1764732233
1768198775
1760143689
1723093580
1700715448
1779782164
1767517644
1833118400
1836432993
1761475411
1909739455
1836940146
1827980001
1768076773
1774906022
1774610236
1771820618
1718212715
1705147832
1832196930
1767649826
1763833231
1700342536
1761497742
1710218611
1835631999
1766398204
1762697538
1833804932
1844835758
1830865478
1768130604
1761570675
1825756489
1703484999
1852090894
1769614072
1763789678
1701297317
1708951241
1835464754
1776839071
1825424477
1773728625
1826704983
1647041123
1832563056
1706403336
1763132182
1765625209
1774959200
1770377293
1708084361
1633736581
1708970376
1887625925
1710908522
1784427462
1702588749
1771421024
1705722791
1828702315
1827341051
1839102999
1773349583
1775660327
1833033643
1781194370
1779557768
1689041322
1742555346
1738349763
1808558036
1733122344
1735141070
1728230961
1862821556
1667686279
1680225256
1672418122
1670119115
1727897574
1857115627
1795430283
1740368527
1734797414
1867850883
1733324323
1792882655
1795085761
1736901968
1733010344
1672548241
1738901939
1741007263
1736297494
1611273965
1671730449
1796585605
1736009608
1728594847
1745764552
1739450525
1676868008
1666202535
1608787076
1853337085
1734584255
1731954719
1669798730
1741074368
1789822525
1674217840
1613366855
1673077746
1732051243
1678988430
1861946335
1672318976
1664290432
1735160474
1805949261
1728957480
1806118955
1734930620
1735664046
1737642916
1800423907
1741071889
1617077923
1794662360
1743513180
1742922290
1791296447
1668592643
1801195199
1735464263
1726862651
1730687649
1726119449
1732291902
1790904557
1614078938
1851757010
1735099352
1666536591
1799875171
1727168707
1799137960
1730193481
1739411185
1807659752
1849351039
1675441946
1666609796
1805528655
1791168774
1746449044
1741016350
1800388354
1733570235
1682755963
1606268015
1604505540
1750991945
1727656409
1788288240
1732806007
1673328190
1804987983
1739936908
1797348690
1669176787
1746853966
1729882270
1676028550
1667860270
1810827347
1850520363
1796019930
1739743654
1671241495
1724092255
1740987392
1738358612
1737275979
1798136710
1739937595
1732694744
1738094546
1731602114
1864806944
1734367460
1794519901
1745883481
1757831074
1667453894
1802420623
1799226616
1813587439
1796801153
1804237591
1670811240
1793963634
1671639075
1733693978
1671880430
1610715378
1796877902
1732924840
1668796831
1744027037
1736086990
1730952153
1675416945
1665535710
1728941787
1418104022
1550975542
1508657669
1566040645
1909287840
1914556738
2006345652
1775435787
1773493134
1656884464
1827615365
1841432495
1824480416
1823620137
1763799979
1828960148
1762359205
1887924836
1761739293
1763805343
1766657141
1759952642
1828921587
1709000163
1764444439
1773137728
1715473347
1760930915
1703581774
1766568108
1830851352
1697311957
1760487185
1632722403
1828759749
1696088308
1891121475
1770253839
1641046709
1758182171
1687349246
1697484268
1899735630
1888102087
1775997482
1703650057
1779068390
1699076224
1886063851
1706030756
1714926356
1829190687
1766064139
1779630711
1830036486
1720881353
1761447323
1711483344
1697869276
1762750703
1774580582
1706591145
1699934727
1765952478
1767178675
1763368679
1708345873
1701664161
1759353727
1760252980
1705925863
1695877148
1822803617
1763352249
1696375704
1759411567
1762333051
1758649082
1720907663
1815164822
1833544768
1760783308
1822058050
1760573643
1699208181
1698911762
1755133996
1705724512
1819392935
1759857209
1782814483
1775913015
1767269523
1835769669
1900259599
1702532173
1826668160
1765036472
1756777585
1716839305
1767799611
1826682570
1826383057
1695060620
1769183764
1758587032
1773309580
1701043242
1710668227
1720600859
1196307822
1151041958
1192311673
1196510640
1149104081
1186071327
1238974670
1196221119
1201891483
1187710049
1149703456
1194565971
1192062722
1141202844
1196027797
1290704336
1193882260
1229144617
1147103699
1190916092
1226480983
1196726183
1189724067
1279558068
1145726790
1187778613
1158011724
1190083200
1193598546
1191363331
1147895616
1232947014
1237168039
1190977370
1152479258
1186348931
1235547096
1233923537
1232600240
1276790697
1189652033
1150798805
1147709242
1189477438
1190346879
1234205309
1163513480
1186582852
1195311901
1231755061
1241131085
1186426591
1189123041
1233027005
1271855961
1185705302
1191829722
1155225050
1230871580
1187192444
1197741476
1109150492
1266929955
1232867075
1211883645
1176588094
1333184311
1164350965
1362330520
1174339626
1395734231
1238400948
1154615545
1198898389
1157795527
1230117784
1234897537
1198754661
1194499312
1147789060
1203246231
1189347992
1190266547
1274956858
1231265119
1189886378
1229698662
1189006521
1233836161
1238891123
1191393139
1186729319
1237502294
1197945794
1231582302
1145545037
1197148915
1192428374
1194937751
1272631517
1195597239
1148074338
1188993379
1189087571
1233679082
1151627012
1182466684
1236722724
1192683274
1193058579
1146851796
1209470479
1148118501
1226312792
1230406405
1191837913
1235982872
1142521711
1188454461
1245971761
1228933584
1191286819
1189875835
1190601452
1192316698
1187728157
1194503785
1192026962
1274423595
1145308511
1198741441
1151458881
1233315672
1141131429
1193324625
1191215415
1144433670
1270808542
1192097433
1149627499
1188982581
1234845499
1239574187
1192912140
1182880940
1229610692
1233149387
1148305611
1230456187
1197077558
1194109135
1147877281
1232776020
1192593170
1231748420
1198689913
1185454529
1190856359
1192084847
1229205465
1191730492
1195601351
1150465388
1228683494
1107735387
1188964835
1187909637
1232703468
1157917363
1191353244
1193624680
1239865495
1228610075
1151093794
1267621864
1162040456
1190320828
1188588356
1146795996
1274835024
1189486070
1231320851
1225656177
1199056657
1198208196
1146365645
1110181501
1274697014
1234728045
1234387095
1205449763
1198503255
1237202033
1145698866
1153208068
1187406047
1232974004
1236622754
1155043737
1151052635
1232264302
1188634349
1198539371
1230446110
1231282369
1147183449
1233094953
1239020125
1204125391
1104074781
1206148393
1234298911
1186509064
1152563837
1199234879
1193317415
1187524164
1150432089
1278542585
1193657103
1226447334
1179665667
1762944937
1887967350
1820920757
1826891593
1826410755
1770488186
1895330042
1762164930
1831447015
1704081297
1766248974
1647583494
1765147060
1826531879
1759943715
1822273832
1826153983
1767551716
1769680657
1763125283
1700313693
1821172554
1704312470
1704363950
1753220724
1822967210
1837290500
1769399204
1829546038
1701884921
1824438314
1713596782
1701005490
1831122455
1761254255
1711020355
1699723205
1705922842
1704230447
1759482137
1765886449
1764216587
1763287529
1443025373
1421873015
1581862974
1641332416
1699530663
1791782633
1810733153
1855916338
1736675044
1735896246
1732605975
1666603330
1788503964
1728903410
1730060706
1662467300
1670404558
1725706392
1781978697
1787827342
1739958225
1731404067
1736009715
1655280544
1719599646
1781003223
1784563285
1722158513
1782409957
1661012389
1784823831
1718735537
1723886690
1779598498
1738063963
1658791746
1725309238
1732324377
1795384543
1658453447
1718087243
1786891783
1619711809
1722059141
1732584908
1720416452
1796785994
1715941836
1721283451
1780405104
1724801843
1714422752
1733967794
1655548174
1657877512
1778040819
1788973952
1728590573
1659168231
1718799590
1730372130
1659743855
1787162951
1778699377
1659942715
1723219494
1672253417
1596670496
1656274051
1848275404
1786468289
1783642373
1659547765
1658997933
1781727259
1660227693
1715176376
1667662391
1661287428
1785331959
1720750456
1661713546
1656557182
1722296510
1730799236
1786685881
1720830040
1863676409
1799676441
1720793551
1789046043
1726993958
1791843386
1721522764
1725590617
1727866621
1673631601
1683643499
1657383671
1781235115
1721411683
1731010923
1599525829
1784610046
1720156811
1788572844
1783627127
1718124384
1662735447
1654232132
1661727523
1720264499
1730052877
1722941577
1658005178
1721291901
1653478622
1729157981
1654035718
1727656610
1717322282
1658649044
1725821199
1783799361
1722553125
1600867776
1666580015
1785035462
1782862375
1790854625
1788248712
1722903240
1784981228
1783733092
1667475481
1723621853
1729164662
1668042925
1719109811
1724606656
1667787969
1722712287
1730647467
1660385339
1667779365
1719966795
1737968023
1656844092
1796779063
1723864760
1735875624
1595045694
1724171336
1838866235
1666905533
1800219635
1726842095
1689648178
1322417919
1297686174
1173514859
1418220735
1179388722
1171633760
1239562712
1138704582
1170699163
1141913239
1254357246
1134822067
1169270576
1170308441
1169844127
1167127530
1131925857
1129568962
1126107368
1094803332
1126161821
1169321500
1131127943
1208019941
1171313742
1181840552
1214131213
1125807874
1174688062
1172835918
1166784390
1211012935
1127532900
1252068659
1210678615
1175549447
1174894013
1254898921
1167877957
1172417231
1175553060
1169982285
1170210125
1132843946
1165690432
1168028337
1173312495
1216002995
1211505452
1186435618
1128023734
1124498782
1212135467
1177896875
1225295534
1156037406
1252889567
1133243388
1166032930
1173716374
1172522332
1129375873
1232747945
1173391139
1170904552
1170850925
1168123153
1175118839
1165500443
1255134872
1216120918
1208214367
1167159573
1250803566
1170879712
1172754962
1212980952
1142019463
1187560667
1203091421
1152548489
1210618881
1170311679
1125890976
1136469611
1168372967
1169268142
1136615952
1214802444
1166800774
1128783053
1170518977
1126204597
1253746741
1178539199
1211484060
1169724125
1213086868
1169558787
1256575924
1219105032
1172926904
1171800026
1208274964
1171592709
1212191663
1179376896
1210621240
1172072747
1169299190
1167496236
1133234133
1193134100
1175101999
1207791779
1143837171
1169138294
1205222302
1168652140
1129563060
1219321487
1206629206
1145005560
1139511459
1454081258
1730250788
1679619693
1779112422
1735181524
1799044145
1800789635
1736595387
1729286641
1670931111
1670038032
1734223091
1799314172
1726626629
1742095116
1614966249
1740144806
1855581638
1681480670
1664574699
1732206419
1796006820
1668353206
1610039722
1796145206
1736568195
1733828768
1665081197
1680590441
1725657034
1673330909
1788846176
1732593570
1794424735
1793732459
1740706858
1806747380
1797848431
1671906770
1735190576
1735880631
1677529781
1795740130
1726897804
1731799337
1737781513
1786125360
1865098947
1736966081
1797025938
1739568926
1789446044
1609262221
1689171692
1623204668
1685840177
1789193859
1788877355
1726055268
1748218133
1735008462
1676119315
1795649268
1796204755
1615480455
1916947718
1737116371
1291395283
1205877447
1132350132
1179583298
1373995053
1351693592
1181739838
1266552557
1271844770
1237682610
1156603157
1170167870
1147532164
1153406317
1198329828
1190404970
1237617289
1188633263
1144888230
1191831104
1229892822
1191016269
1106164001
1146428848
1236417046
1191379301
1184537712
1230460760
1201369070
1147455419
1108256926
1238983403
1146094780
1195617659
1188000549
1147386813
1195353021
1248381686
1154959813
1233524046
1189589670
1235204243
1229933529
1151354022
1186773604
1148295166
1197021343
1203504403
1232762852
1150359019
1192979775
1185547084
1245370073
1234607377
1151127200
1189888351
1149659207
1104808555
1222319340
1148568041
1188434483
1190443075
1194883980
1191854119
1194064110
1185028077
1231696501
1192261172
1190261984
1602655422
1696218954
1839512218
1705308503
1821960651
1713031286
1763558311
1706107938
1763045631
1836334452
1762839279
1826706489
1891837663
1761316404
1896055888
1830484144
1638513867
1908284008
1828362016
1758314021
1650905284
1703980596
1839501460
1764484921
1763967223
1841309661
1769446086
1765355926
1767727994
1760371517
1699657087
1846867734
1828387632
1767733238
1701535153
1819862801
1766712203
1770137824
1765892026
1767854537
1839754351
1701709294
1760726146
1714212015
1698136287
1826536643
1767001620
1826696952
1757069820
1840065256
1701592951
1824706370
1762467108
1760865483
1767801317
1765142241
1764139231
1759557876
1765634892
1778943349
1888615511
1697755820
1758149237
1760491140
1842148440
1759685087
1768430226
1763991760
1707956731
1827594287
1889889113
1762165091
1819654292
1831131142
1701441593
1780251954
1763872926
1704899173
1829582155
1695456676
1769656827
1721421639
1647851336
1756204310
1638831168
1838041889
1767352341
1760832610
1773179750
1830180924
1758357646
1764210793
1830715781
1834696242
1698650799
1770823969
1830292009
1760824103
1759950433
1760794986
1700023430
1761663666
1835109999
1762744479
1615496583
1820011768
1810407876
1743770549
1874926010
1799569762
1606863119
1730001389
1734171864
1733649568
1795549499
1731199645
1795175734
1724087607
1818931393
1675843568
1796579153
1792260166
1762632206
1732003907
1620146044
1732009027
1736683531
1796564430
1736836991
1730201691
1735286647
1669900131
1738584695
1793646598
1674776888
1738835214
1671794374
1750398535
1684099324
1739139761
1669905999
1733671145
1737256021
1793012451
1744294266
1789932211
1740577634
1741463455
1761101887
1673667008
1740999380
1673525847
1802909474
1797280231
1736010842
1731105813
1667388968
1734290786
1731250777
1738379721
1673736595
1737718477
1797332880
1800535532
1743469713
1609811837
1669247658
1681480722
1725401035
1681524037
1799003952
1735282344
1742812890
1682228582
1665853675
1661253499
1793392361
1798257406
1792230970
1735978436
1729507527
1730808957
1661989856
1742438334
1855201146
1736214613
1739648040
1742422119
1725313546
1792482915
1729080063
1799152663
1671596073
1792450536
1690862449
1672864705
1675451319
1681256877
1732439089
1748664664
1733614733
1731005515
1624553590
1810588287
1791602889
1805002684
1742022490
1728738637
1747275017
1678219024
1737242337
1672668170
1739495523
1730649859
1805952851
1667684651
1858959514
1735435873
1679780760
1799125882
1799722818
1744502420
1804543229
1738366811
1673281028
1811875704
1730664587
1799652145
1676711937
1679630995
1794323329
1799349388
1770204335
1747991940
1738588280
1739476109
1734203015
1740161651
1667465445
1734065363
1793723343
1674840525
1917949894
1732318014
1744105806
1608967785
1664839553
1740677645
1803577254
1744624276
1812139392
1795615942
1674662602
1213489330
1040036209
1150429970
1119245946
1157056321
1340666479
1175722702
1352921818
1189843328
1304448689
1176741037
1170016521
1099415393
1191733496
1212863727
1184283584
1174332901
1128675760
1172058887
1178031140
1167652102
1170734842
1175100349
1210833688
1203312558
1128821826
1131410946
1205917075
1091226330
1213680819
1207972876
1233608358
1179759863
1214638633
1171728503
1095484712
1171682861
1213384338
1130016563
1211014308
1170920838
1171590695
1170994386
1170788924
1086018348
1235886911
1255631410
1174057123
1125792576
1211165256
1169518711
1165718436
1130273073
1173154044
1210804123
1210752274
1173366335
1132459900
1166686104
1147970364
1217856839
1126752392
1213711305
1209414422
1176925928
1169470352
1134478305
1128298079
1131910829
1130948968
1206792037
1175729346
1088985566
1166426221
1170615368
1144619636
1258677376
1124607362
1134696969
1211047657
1169291968
1169961772
1215760436
1169528996
1164483201
1171724052
1211618291
1128518316
1135164044
1134813051
1124344767
1131040444
1186652172
1168466957
1175218347
1142254240
1172503785
1168824737
1179510931
1208416362
1209538807
1131292634
1177021656
1167920901
1176661114
1178301820
1167047226
1213562976
1175987282
1129666688
1222067611
1173252215
1175446915
1127824184
1176049435
1132451856
1208281583
1132257714
1172055846
1253073367
1125305641
1179020610
1180743759
1173878831
1259300693
1167776435
1213562859
1212747046
1175062001
1214525818
1212947581
1248172957
1181327573
1215261130
1212590067
1135435979
1181132066
1128659635
1173108390
1142447808
1216936475
1208754043
1090472090
1168936247
1170045627
1132712204
1129315633
1128906066
1174732514
1149056057
1129545534
1213430824
1173413721
1178472604
1172170454
1131616849
1219908683
1182094608
1129819741
1169906887
1170356244
1172251873
1174568464
1172711858
1175875650
1213081662
1129912980
1172330021
1091780323
1213526971
1171347663
1168215776
1131739568
1127449594
1180252949
1132267349
1184723485
1131074530
1172741015
1129637533
1169249582
1138562763
1168101039
1135055327
1173754224
1214164353
1147021222
1178599989
1257193502
1207344305
1176114382
1270736557
1213685085
1206888396
1132486388
1252855313
1150549615
1183946958
1130578432
1127664842
1170715358
1211901765
1223013747
1167627573
1172682881
1171460430
1168330842
1176632898
1180216418
1172877343
1209447727
1174372561
1133673635
1211918515
1731881863
1808386527
1732055164
1811863912
1735553164
1694052955
1666239131
1672190873
1677915462
1730778540
1233419728
1712963846
1946053338
1838794305
1831187962
1848967942
1769358177
1766851782
1828917956
1770795850
1768858486
1767230483
1716504552
1846029166
1691148079
1760173169
1752602049
1644514803
1757941145
1762652274
1821293419
1763923066
1761266450
1698895592
1829589073
1696994435
1700852016
1707549884
1832350933
1759651871
1763078922
1757782749
1773340883
1759579538
1767996494
1816722444
1618808535
1762633765
1768728608
1771478772
1691736250
1770445109
1754698693
1825459386
1754514189
1828707221
1826313561
1826018482
1699790925
1633963250
1766529839
1693783448
1767921067
1765847675
1825959703
1757289941
1764137585
1763294672
1768658791
1845290794
1694065387
1712683651
1760113290
1827843014
1703736013
1765974260
1836203916
1704360209
1761996802
1762443098
1829974970
1695633407
1705762622
1700918553
1770100766
1761493365
1826785132
1761795139
1705534538
1831900650
1629669221
1831441542
1819948597
1723582110
1774505241
1760986548
1839386916
1772980923
1700920554
1772263394
1775419649
1828444936
1702137222
1695073108
1765856813
1777487038
1761767392
1952555086
1697455892
1708240600
1760055571
1832759756
1825112954
1694089328
1704417290
1759524642
1769895064
1828574300
1775733613
1762963211
1634845102
1771766873
1831845803
1765526940
1702026709
1777023087
1784489855
1763067137
1763574072
1786300685
1697579621
1706795157
1699891531
1762541679
1824942277
1716371218
1843332434
1819093711
1824557453
1824494454
1758923293
1760770097
1765145848
1711319246
1757240901
1705670496
1757880006
1775343959
1705939413
1703677581
1764046929
1642915358
1761594248
1701828842
1760451714
1769041364
1887094646
1758924874
1545170328
1919622018
1732087201
1944415036
1772123499
1659761435
1836821370
1725407124
1835443283
1713239010
1765446022
1770130398
1764903406
1829610506
1834960445
1826854563
1769079152
1775463067
1768258163
1853255806
1641430278
1762761052
1914584417
1706275161
1777302883
1700131200
1823594850
1774244199
1829935918
1711482978
1897480148
1775115935
1714693005
1780847773
1779593553
1703932810
1760669583
1828766813
1642684151
1823387264
1703291422
1896076182
1837063396
1709301306
1838445024
1716009715
1653369487
1766943881
1832689256
1703889731
1765537889
1770030271
1715905929
1765334674
1766513281
1827778948
1778453001
1786276310
1765330288
1833180506
1769807123
1823097575
1830803933
1775819135
1703314924
1771645014
1777787953
1884259562
1840027018
1643149581
1698285034
1767904309
1706436026
1761339178
1769219566
1846786426
1762873548
1711067371
1763960702
1771696025
1770044093
1764929401
1768324787
1706818188
1770973715
1763031603
1826497675
1763639544
1830525606
1841749861
1766263420
1784361799
1773688255
1772159734
1771694333
1707231553
1837642678
1777421465
1837440299
1703007102
1784744490
1710634888
1765765573
1841704608
1832372899
1646353810
1767143729
1763176636
1764807970
1838919349
1768637196
1766070293
1797500260
1709642324
1803646014
1764413905
1768881769
1702997024
1832708527
1709096187
1762920226
1770193157
1828076543
1782629267
1831048329
1700556708
1781081293
1701268058
1773026833
1842381014
1912385903
1785618683
1710178353
1767200420
1704551084
1779570747
1772352292
1786722371
1707103697
1782875638
1776783118
1719646237
1776662012
1775926640
1706194982
1702486812
1709719311
1767009913
1779153095
1818510963
1764662898
1789269878
1827174885
1843766056
1703462152
1699511023
1692851345
1826631011
1774814067
1752976253
1699911742
1767651738
1837218504
1696955829
1774414864
1762211551
1835290780
1760857365
1756698336
1706040364
1759448755
1831272082
1765380664
1719387844
1763853417
1817604182
1832941742
1837699290
1765166923
1704993551
1821911031
1827691948
1816877505
1766757702
1822735621
1694551551
1704190972
1834455415
1761736611
1822953671
1828723634
1825928809
1764296625
1697507754
1826767344
1696303119
1761461534
1824838154
1827655807
1703653030
1768520586
1821289265
1771213693
1759908772
1635158275
1761206193
1771977541
1709947979
1636196017
1765072590
1697656145
1693500995
1710133873
1822981052
1763090940
1827017603
1824366782
1824558505
1757317819
1712916119
1770936180
1762621388
1768637821
1771738786
1770732514
1774858851
1706619778
1821381817
1700886088
1779873156
1699374714
1705494553
1759106708
1761521832
1759975697
1709857656
1762776152
1769745553
1766290219
1704543831
1697651319
1833414232
1759597890
1787563065
1701292750
1773446466
1826635270
1631074347
1763733270
1820250645
1696940367
1756472696
1895315430
1760530845
1773383348
1778918667
1702750954
1774619968
1771396639
1772212286
1643129809
1769854083
1759210469
1771841143
1763196842
1700160598
1704161602
1826186290
1699751079
1833669191
1762552246
1760307948
1525675656
1200881848
1193582583
1188503975
1270385287
1202352843
1149254075
1152896407
1186890461
1246137308
1150959101
1189613503
1108581836
1196834321
1150694524
1234909188
1229534556
1231555428
1245865076
1184933843
1235230072
1198265600
1232556437
1185363668
1275351792
1110906581
1188549622
1146780787
1190985393
1233538877
1207786314
1195652091
1243054234
1197881374
1244801819
1085870787
1072295314
1062678868
1100103235
1108331876
1108319531
1123127224
1093000691
1150067961
1215978668
1179092175
1327454583
1204901064
1277651778
1245855462
1334908383
1248835648
1198338559
1200864674
1203848010
1228972136
1195379131
1193330221
1184296336
1159077979
1149977095
1270180128
1155717362
1190199071
1194567818
1151304229
1189433488
1274453672
1191741619
1269640900
1151188750
1230629873
1144655200
1153714537
1151219209
1188454897
1188009777
1189636081
1190292555
1231479833
1229798427
1250230607
1258907037
1232915457
1187743300
1194601676
1244783799
1233790142
1145515739
1192852964
1194150985
1103131212
1190889723
1213853236
1190375202
1185010203
1232722068
1237576456
1147865976
1223115680
1187858498
1236234188
1235186558
1144429302
1107442026
1150486307
1188779346
1148916682
1190524744
1185004911
1151353123
1189733387
1193388049
1104105283
1147387127
1255961571
1191196919
1157923531
1188488059
1147298836
1163393923
1190152601
1148864362
1230420928
1239481750
1191584280
1194679767
1227637601
1191312117
1190914179
1191522720
1145197589
1196608522
1231869911
1184298659
1204860588
1196650053
1146724681
1359136548
1146242142
1233690465
1159328790
1146704867
1153170855
1148899125
1248283630
1432253519
1694838432
1703115112
1297424760
1200112504
1233537555
1232207910
1182981464
1231208417
1230317352
1239142971
1147056462
1152206692
1233015308
1232067591
1146477908
1187061571
1236425477
1194483512
1149348643
1235437685
1156486928
1233941575
1145110554
1159162256
1253205797
1153759912
1197819040
1204544783
1234021460
1147006871
1156027810
1149327999
1228782497
1147526260
1190760102
1099406179
1280498367
1162950299
1190092880
1185823329
1276080076
1282650231
1199887763
1193565023
1238284406
1204339657
1157220391
1186379398
1205482584
1145796940
1238075340
1227490455
1148974538
1364372075
1720340854
1699456721
1771986232
1696615256
1895139485
1857458121
1710843278
1825186794
1647706414
1760280252
1696836117
1714486032
1890361757
1827842962
1703005592
1781509102
1825960346
1766866997
1825102511
1821335691
1765623631
1699387974
1779819539
1762222071
1896103025
1767467133
1759238968
1703776002
1765435858
1777163882
1777662629
1764715008
1781817702
1829002330
1771820863
1772872931
1723019394
1769311813
1639850849
1769860096
1767170333
1766115806
1710288995
1450223003
1443615831
1506742892
1716378492
1719079164
1787904920
1879454989
1975882641
1738689700
1744164427
1805199248
1674618094
1742941853
1691531434
1731455014
1795154403
1733153506
1798380459
1731582565
1728253972
1791221443
1662651790
1733488244
1747822762
1676443796
1726010484
1669297311
1735136965
1730244617
1672043307
1817850071
1672464457
1672495251
1731340109
1734442129
1784689935
1676635868
1744225574
1675382306
1732316373
1730934921
1749769836
1699476255
1799132279
1811333382
1665351650
1734504837
1676057123
1676369327
1733579168
1860506425
1793620181
1800430671
1731378846
1726538767
1742543544
1792312070
1736040030
1670867805
1748115128
1676697559
1801913784
1681651949
1789928314
1735932481
1736443759
1733995883
1733756799
1675505130
1677139925
1731415405
1750995275
1603805256
1733181885
1794486435
1672812662
1740266583
1801034382
1733643453
1743838446
1674152958
1746887550
1743933824
1857403712
1662887366
1666748571
1732288001
1739539774
1801616033
1738682252
1792741433
1677668173
1802075715
1737828206
1804333414
1745040174
1445986278
1236214493
1126913625
1168170979
1212155588
1170292721
1172883322
1206740919
1168405767
1221015424
1168725715
1138326788
1172227024
1254673337
1167335220
1227590048
1227040241
1213425411
1247974730
1148321679
1221118618
1184342243
1170602585
1213196338
1214855761
1168408923
1210684110
1130307716
1210312033
1208721003
1216011278
1172933495
1173516806
1167643025
1179302153
1128147941
1174666593
1172511093
1173125514
1167048591
1170954498
1171890740
1207404282
1171547483
1185584122
1173992061
1207886573
1173889859
1212321098
1147746176
1219588614
1138211678
1172121071
1124660708
1131102973
1214053830
1208318067
1173139452
1172046816
1166614535
1212602974
1211928716
1132170515
1169278657
1211516090
1133082016
1211138493
1134167754
1210414495
1215061484
1124551778
1218166734
1178859349
1138632100
1172273451
1131635497
1165552588
1133207128
1132470030
1206365494
1129283372
1171859661
1209859012
1129664139
1169712254
1178732859
1209227781
1169513534
1261256256
1502094226
1552499491
1695916767
1699017586
1680959114
1711525890
1891979685
1799819990
1819221289
1923949837
1673135171
1731526050
1681577062
1805878450
1733179534
1800396711
1729951050
1735038061
1792559390
1674723617
1731840203
1678411584
1659485678
1615468337
1733476882
1796162536
1806896796
1801002580
1728193720
1798501743
1723424246
1852169382
1737940807
1723007271
1739325399
1750203854
1738741554
1785103284
1730870600
1754249946
1670939251
1673294959
1667282846
1744619133
1816794434
1669735607
1667087610
1671340761
1667241275
1730805570
1736414192
1669752284
1604217162
1728226008
1788814230
1675406943
1728627874
1681116641
1726080733
1670113177
1851287835
1738024185
1786615663
1733482676
1874385108
1803858658
1698674210
1759868676
1732494436
1796564183
1734298336
1667709497
1651881616
1791160499
1795640087
1851887832
1671844245
1739485463
1744396055
1799611631
1728767382
1734155276
1665289082
1610824608
1736622234
1786944855
1726584085
1735403979
1689582394
1732289535
1613526244
1728738514
1729309604
1735068110
1795983242
1921125217
1799788590
1736807018
1666162542
1747478679
1734609819
1673366149
1666409871
1660351502
1746566699
1680006734
1752019681
1816868327
1729573807
1754841226
1665098725
1730225620
1857777959
1735659462
1674177911
1748855251
1671471480
1790350531
1669413263
1791816832
1665509348
1738073368
1729050861
1810313948
1666557897
1725424213
1732516291
1734249000
1738065146
1800104056
1674175286
1738564152
1729080964
1632999672
1726033768
1737922350
1797727089
1681839057
1666689794
1735824716
1729263538
1793712772
1676371728
1792499907
1730279173
1796435027
1736362110
1680491771
1674448869
1738779980
1730197145
1733992530
1796514960
1797097015
1737257954
1788409423
1732790969
1733662664
1601514329
1552669473
1744735320
1925458938
1716386782
1877250283
1768875762
1839948117
1769037157
1830759416
1766818842
1772163386
1894232756
1827355554
1758057529
1772668573
1823252355
1761810205
1773939054
1823060179
1841719078
1823758805
1697125740
1776563775
1696375990
1762382279
1697049508
1777899136
1759849494
1701831862
1893032257
1826500505
1764091590
1754995763
1769454857
1692191716
1822334206
1770148664
1689780654
1759058568
1839453954
1844141663
1702939934
1765288385
1764752092
1757175180
1633562604
1758492216
1769062249
1700924905
1754570339
1697854948
1760532693
1652533830
1755289236
1882985082
1716552371
1885497487
1761365054
1835217388
1758820312
1761178632
1697893618
1889808813
1816498469
1781243280
1923852350
1758825486
1828760537
1759434674
1761164133
1767129666
1695733057
1771145562
1760016327
1700314319
1758664492
1701320732
1698119952
1764548984
1834997685
1700352592
1759717511
1704030736
1828253276
1754448777
1762931303
1826228002
1828689529
1629725339
1762332508
1828261762
1832451643
1895213541
1757065698
1828283795
1785277554
1762134554
1823364039
1769561686
1705249340
1777824037
1766149703
1777398480
1836867150
1828762457
1826942625
1757313285
1701895194
1773787408
1764930578
1826277970
1764337945
1829231638
1698772406
1693794711
1832456230
1786905415
1761968071
1771421272
1639465474
1699965093
1701775187
1772581305
1759234198
1767964836
1829368090
1823801350
1770661987
1823384952
1710308749
1831544225
1708982536
1692994857
1843923076
1698862319
1774384519
1764188092
1757275418
1707526104
1759588517
1825543029
1754328947
1760584701
1764926961
1763262039
1778579840
1760709234
1769215125
1826534116
1737317785
1176172503
1121644610
1281127904
1170441763
1337714592
1258466209
1394796025
1179123451
1191957029
1130756074
1217512767
1173994164
1170052067
1180346738
1099550893
1167556170
1140870975
1173508744
1127583073
1128242257
1181738586
1130223827
1173171866
1127557912
1206077062
1171461330
1173873553
1170451657
1130484441
1177813790
1214636128
1126161188
1138042212
1133933610
1179521996
1146607527
1130750108
1178403109
1221759049
1198208593
1129571163
1257831286
1130844581
1212499891
1207361514
1188089156
1169159706
1120366258
1088153770
1088866504
1125359369
1218984613
1173166210
1128248800
1129607176
1131703995
1172531567
1177651568
1132152339
1220828257
1185583457
1175092163
1132063549
1167678146
1171998589
1178389289
1171153971
1209006752
1178138016
1130003880
1126751166
1088268358
1124168824
1128104205
1210315052
1166336588
1130268720
1230392663
1166447506
1187414821
1128538916
1171833251
1170125711
1170585093
1131914798
1128107979
1210917492
1211384138
1172851562
1217660194
1169729551
1211711604
1171983052
1170369952
1211124751
1216489465
1171676672
1134184878
1087594775
1199288434
1174309452
1215209343
1168893360
1137380831
1174279347
1207223690
1178557930
1183996043
1212849169
1129560356
1094671741
1210276960
1222971644
1128343946
1253095308
1175808332
1140981907
1230240834
1169753864
1164160279
1169467694
1140227998
1168448071
1185984503
1222011548
1211256616
1714142650
1738155064
1734230559
1733198004
1666329589
1747006076
1725884631
1803234211
1730466996
1801099511
1740367729
1754006257
1731820637
1853269806
1674955410
1786775884
1807504310
1732954425
1794121155
1855885526
1739277166
1615254831
1741151737
1731693318
1792867648
1666922375
1729584758
1737380201
1805766747
1807047063
1672624710
1793690826
1739704525
1732936659
1736757819
1673469855
1743942126
1742662890
1797168409
1741691552
1792093085
1796910051
1799488210
1668490621
1733358403
1672782484
1794912714
1666583731
1741118073
1739123115
1792599885
1675793634
1732565930
1795474391
1746092328
1736115862
1737378442
1672336259
1731095586
1733401361
1802668938
1730936374
1676411628
1728528235
1801265902
1675559845
1738816715
1561465651
1538345769
1509688142
1642095610
1651627644
1763802311
1752315302
1944075333
1936581795
1717098725
1886014448
1787565685
1839607645
1706205153
1796690490
1784846981
1826775080
1824535753
1761851389
1763876818
1778126642
1696406272
1822923430
1697901653
1765490582
1708289688
1770179703
1756298152
1824520744
1771412516
1771711187
1646577435
1631855851
1762058286
1778690408
1760352487
1762872100
1699791747
1694688294
1762412649
1764359895
1770215553
1637716037
1887055162
1751808594
1838030424
1825302826
1821329092
1767087178
