195258137
190831089
193556183
191034112
194682173
174236184
170300771
170398783
171264798
169674426
170296792
172899040
167945298
167709646
170306410
169880501
170956370
179903193
185126442
163145318
167040204
170425106
215096535
166961352
191742050
195098172
197529306
195083626
171606093
193856991
218386648
172759275
191332981
194500897
169555285
194863802
175292180
188945437
171246767
192162405
191137508
168859660
166934311
195024402
173748579
195510879
170566816
170778289
169856370
169561220
172751524
168280293
193698286
194838995
170492373
179988665
171282856
166555404
167461058
216722792
194354268
198765417
170736243
194396013
170741797
217860495
197260149
167659915
190788649
218108025
169757213
169226292
156761937
166200695
172093491
191497524
191291298
216028014
193701154
198719517
194997393
194433810
194866018
194029813
169671086
220281076
167805479
195333021
193653982
169907531
201318343
196651719
191381579
192497553
167248115
194802442
174443361
193326516
170036665
195039730
194161405
198070442
192402302
168258706
169659829
193976771
218280644
161013841
167333957
171473821
167689063
190744201
192288824
169076400
195171037
173582579
171363686
170692349
194373556
169632492
196971017
192089934
192471760
193751606
170287838
169433409
149265495
168095299
166912656
167248513
171880645
168154380
191995245
190937136
170656303
197883639
170124610
194332550
195544927
193752830
173435887
191850796
167658262
170512494
193490539
169647896
163571779
169600927
195443405
168008759
192786280
191574413
172091484
173392705
193968179
170229574
194855052
169582553
168782433
195744510
168401788
168149444
193662986
169964978
178732094
194393381
196429325
167908552
168508869
215734374
191798642
197046092
194748367
194629563
193430908
192806363
173285522
169458136
193100319
195336463
192859518
169449972
168129561
193527848
190513492
215620012
168168540
191945447
193656048
174707665
170450072
195114650
170665123
170240761
196171464
192193519
168135804
193746215
193313582
194278748
148271815
162183936
167445797
171798344
168013775
167781385
193113013
192184916
195126498
173503670
194995077
171077449
193974941
170061903
172563994
167454516
168032483
168947840
169003555
193116501
179230270
195563995
192155952
192093658
167952045
191921490
172587214
194523670
193603090
171071870
169244498
192190437
197096482
192061888
170181198
193521659
192446215
151779062
195535932
192420871
169191176
166902303
168918075
196967882
196175633
170737895
171235438
192613756
169486027
173077134
192817512
170632166
193492173
193148712
188867716
165721970
171627850
190984249
167771849
193329443
170011092
198644149
170334291
170087005
172405494
193169506
170125970
220467155
167816308
169021060
194775024
194340610
174939027
167185667
167894519
171760832
190811699
167395191
190956039
193823872
199560067
194698368
170596076
172311968
170166951
170181677
172732659
191245168
193399348
170281426
169820935
203749262
112659825
128630102
128971293
117193300
113049873
112806470
112902282
114266028
129202795
113368301
115097867
131877344
118689634
131415481
118062134
130527655
114457391
114644215
114470396
114551510
118091679
129699815
129471516
113229603
115679694
130809851
130799621
114480289
144892961
167269062
196532738
191565417
167719335
191690248
169518608
198684529
195443884
170082380
171650384
193999739
194151976
196642604
191977450
170285423
194560100
194518989
188656899
162216647
169967799
167278310
167023633
193102739
192493560
195289744
197919128
194297450
195753430
169234718
169940574
197095901
167645632
167608277
170241023
169885471
170959933
201280790
196154859
192290113
192736641
168765105
168992659
172683283
196361544
194622916
171112677
193656980
193228940
198318554
192343633
194872031
194560749
168704904
194955621
171814897
191569106
190771760
167659181
168390586
171072674
197642049
195133873
195885256
194170433
170113385
173525275
167561557
168706211
170689011
194768713
170372685
145117551
113818885
117431979
113281517
129583037
113654699
131165054
113285934
115621214
115772801
119366783
115645187
115370267
131345129
132843130
131227524
114741759
115128811
134908384
130034789
113597560
130862263
131741602
131215297
131337134
114800239
179273383
128650027
113465880
116928935
112687534
128978031
113038305
114825422
128717851
131620455
115023025
119083061
115140787
131277610
114196532
116508351
130591904
114308581
114200627
118076166
129391167
132406696
113426752
115282570
114401438
130448862
114493873
142187426
169725775
190796757
166081471
168855633
167007195
170594153
174123324
170189847
194054714
194524131
169718570
169858066
195212746
190994802
169415714
169696617
169400643
181598945
196027243
167661840
167355257
168640483
167057180
219007042
173678931
194534199
170985797
169510257
194117857
197260859
168484457
167532743
195136914
169632261
169938310
161321999
196135481
190851030
193149850
190297225
194298931
174219486
193678165
219243627
194229353
169887831
173792830
192562627
168424169
169413860
170283941
193919974
182552392
112940822
133072141
128961555
144955489
128998187
115233097
112610693
114616201
115162336
134993611
114911674
134292216
114309197
115350123
130533253
130596428
130775422
134013319
113190333
113104454
113348252
132380772
130674234
114380235
130874526
128468999
173165005
191978572
192342406
193466899
193635262
175187403
170273193
169414327
170674338
193741968
193581187
172417351
215128999
194400565
193532913
193841245
182045696
218534465
191646169
168717007
191226465
191369015
196651326
170898067
193448695
171450677
192404721
197114312
168974325
166814107
194433889
193410456
191873742
180376990
191858154
167107476
172245475
191857684
168284853
192349159
191552837
195271772
173260001
194363461
220042355
194093603
193788874
173109038
167221272
168141222
193991188
194002645
202657569
191903768
191901788
193296591
167466298
169136802
173774313
195313755
193759098
193540675
193598249
197802914
168591309
168548806
194322219
194315417
200403313
192039300
196202125
167760570
216087739
192422864
169444580
199128152
170418185
170379225
171474388
169275037
193948434
197121377
190922208
169999384
169313954
217395785
181713892
170329018
167713525
168050226
169892157
168211020
191857540
196876437
219395062
194476135
168623981
193123242
196330253
168360218
193475700
193722594
168667429
197063032
167673899
172026135
192066665
169617358
191519289
215710425
172495606
170740699
193918717
170544840
168458911
192832426
174167311
168669321
171674752
193803938
168737493
206604062
168070630
190570418
193144132
166963468
191763835
197208946
218337381
172531686
192678394
169803295
197522475
191624185
169132614
169766161
169221007
198652910
191120277
194463664
167438106
168856902
167891653
171232867
174782763
170033041
193444337
195115191
169237478
170035683
195544459
167690444
168896555
170019419
193697008
174932698
195813945
166885714
167272017
191860653
192839066
174132381
194055502
194594305
170329063
194552788
192910509
195876994
167484924
168844899
169016511
193291081
178049333
129153305
134381438
113026608
129233168
112898126
114798886
129153852
113085335
113506345
117991978
115343378
131479200
114089452
132491287
130184716
129930335
130220911
118632006
130225688
129226995
113538072
115877381
129951015
129950076
113633924
127326972
194706994
191882906
168408432
169097302
191340052
194044376
179775316
171078213
170574362
193785183
216604519
198167296
167508052
194161934
168611288
192633112
196634984
112948800
134471459
112925084
113262206
129138370
114775369
128907242
113269606
113217076
113423887
118869148
131457814
114860182
115527557
114375555
113525839
113525272
130184619
118965451
117020504
129145540
113562662
115828207
129968225
113865671
129768600
131912982
113177196
120837531
129033684
113147510
113141284
131893999
112809842
129141893
113540382
117989761
115036708
115000684
130042347
116173055
129823754
113642463
113905657
118682833
114437677
113019584
129819117
115821496
113799595
130228430
129952710
114081914
126253161
117404690
129062131
129105557
113783224
129116284
128953512
112915501
129538566
138577482
114892396
130865068
116577062
113999408
146029225
113889035
130348341
119194208
129104684
113406045
115000914
114049304
113921290
129739942
130106792
129472609
171179318
215437209
191768358
167362873
192587388
197269578
195662569
193991730
192789531
192450820
174429525
191940960
194795802
169221848
192619284
205070332
171123519
192382489
167187306
168472975
167651515
192502474
174183316
170556598
169076009
194425166
192659944
198290203
169944267
191927872
170348719
216843482
192752021
192253161
171433039
191889865
167822769
169058464
191330102
196425394
171324036
170613768
169640970
168741033
168919842
172321351
168780010
192071373
194044428
217467040
192996714
160186475
194662402
191440562
167525963
191814113
192127537
196051766
171907709
194486958
172133971
169299244
193301327
174389431
191654219
193683937
169825600
192079621
172537767
191857424
168418063
169791153
191664661
194296076
197443157
194949417
195269074
193267057
168468042
174007015
167790079
193469302
192668483
169111683
198347098
189516107
166724535
172425910
191370500
167517913
192089880
166830769
219676756
195197139
169307815
170982751
193130908
194114195
197535730
191650604
170154740
193246815
168053398
161607086
194727010
191306617
168769414
190785935
168417359
197121829
170588555
194079519
193714234
167989712
196829931
169570348
167577439
193558052
192753782
167868288
182044423
221821765
169442925
171368143
191587367
168399312
167557890
191548304
172881144
196186950
170325843
196041948
169400551
192926005
198093579
167776135
219015674
193155787
192805461
168908953
168332632
191347665
169029483
191478793
196144735
195534331
194198158
194983169
192139947
192746516
172801618
215526789
170095917
169476241
168718141
181706485
169402837
167370029
169195575
167598274
168101084
172518662
171391796
193643655
171200098
169001607
169281101
174836408
168590271
192098134
170834658
192293277
168917900
181096912
134351302
145372296
129003052
129025002
130980485
128856084
112923958
129509328
120717990
115203456
114969685
146467532
116300639
129997204
129637833
130198012
119028150
130021971
129141971
129924791
131021102
129969842
113605442
113771320
131089743
172586429
169125724
168599733
193061194
169408552
198079305
196177994
195729912
196226769
170256449
170228328
199353412
169351410
171413837
194982330
193321193
207561910
188483656
195134134
191427158
192897734
167992824
168336226
172806783
171136737
193964089
196964415
192978489
196801670
192663602
191127464
170859513
169147117
192043407
172679930
197483895
196241959
171991770
201764737
196387307
176241311
198945832
178276891
198670698
175567250
175434683
178082262
175405376
198484430
225861856
199520576
199863646
175219092
178341162
199457750
174553938
175228413
203868924
174871239
198777551
199515348
202803316
174876525
175012469
175174458
177169350
200174699
200762103
201847127
175681747
200572711
199712690
203890117
199092733
199238034
204109680
175829238
174928712
175334659
174836199
178834845
174704899
175490228
210028055
175135450
174298162
199372239
184329683
174305570
199716678
201874201
207932867
199021429
223078138
177294817
177886928
200622973
178046535
202733164
173607352
198725004
203346305
177853375
199030122
198317856
199600448
176279048
199293393
174848853
173941677
201905834
175190951
174970779
175036569
178245875
199119680
199107571
177404139
174621638
174376683
198570612
203277674
199329286
198859402
199293802
201995144
198925730
199458329
201064350
173902939
175200157
225867152
177401443
174960773
177162756
199728661
177477585
174248376
201093080
174548604
176972678
174843532
177446322
175571768
178949878
199166495
201139426
174551274
176718873
201085690
175062932
200051935
201538752
175794102
199877003
203550733
225288682
200126533
199943036
177590870
199623924
175629589
176071643
179043680
198798463
200956413
177578282
199895582
199413368
175869889
204550376
199871730
199907658
200007987
202476276
200025987
200670165
202411320
176177418
177319814
200671200
202621664
175157222
175455570
175287302
202262621
176188551
175121441
199675147
207262643
173019034
177501925
173120542
198042821
196816011
178402697
177476865
201254594
181153125
200497204
174872046
201448946
177769393
225166522
199215691
174381082
177503006
200889679
175525238
200475644
179354312
175745456
175629669
205276351
199610715
175510424
200653761
178801121
176797929
175736044
176228992
179778232
175455341
176768202
201877268
203589070
176156504
200613115
200055736
180079492
174978653
198508262
198746577
179505282
201447603
200585533
178570114
176155886
174994383
200736541
181184885
201281194
177489117
203872107
210606301
202523007
176603514
208881041
200282238
226405113
178749622
228256222
201852074
179142600
201997614
204319263
175571317
207082968
179092689
176994272
176564935
176112982
179219360
176635321
176362572
176429586
180069258
176935370
200775127
201209487
204209070
177762382
176530796
200635867
176999508
201205810
176744614
201307955
202872358
201739737
176456756
203064122
200971848
177098903
176698169
178769148
177025916
201864514
176706025
202843794
176453646
178251303
174293155
226885113
224902120
199912903
203287704
200488133
176899637
176094711
176102856
176133678
202458188
176874399
179158789
176338277
177995430
201556695
203243866
175875853
175891557
176006160
204235065
177111713
174971869
203296346
201413745
176035690
200264789
179148274
200329767
200144171
200769578
204536952
201348030
200037842
179254494
176140981
200294141
201074519
202396667
176067631
176851936
200033422
180339500
202860985
175263744
175878930
202991038
199090357
199466047
177965779
200567836
200626428
199302066
202601201
212789302
173434664
197884511
197230013
175385890
201289678
175713695
201741486
227289677
175268234
176247755
174891695
202751857
199293854
174257606
200031098
200772888
200944464
175350039
178505278
176075035
175336980
176120632
179347692
224567744
200481605
175290009
204867349
200696010
201419624
180010771
175921277
177046563
177072795
204899002
175668416
200168813
200047716
210219452
199278843
198578149
178929911
200028784
200757633
175139174
181033314
199558415
174791222
175108105
204061578
176015462
176939700
177372272
210114327
177793919
176732059
204281892
179706180
201480675
203024688
178211722
202883755
176778622
178938624
178395505
176407485
200193674
180980210
205144175
226082867
176794949
176483938
180199491
176689803
176097965
177174485
179816709
201282493
201689156
176559434
178903564
202166125
201033892
201456552
176523258
201445172
202118358
180191434
201934783
200521752
176298337
178254702
200368235
201438708
179006766
201055979
176784994
202387278
178078671
176843630
203573380
198958697
228421172
175162414
176621219
175578239
202681294
225569515
200479262
200346358
200451256
178510853
176609413
179402212
200332795
177940940
201588008
203050730
175770325
175881567
204154801
176130697
201770588
175260168
178439770
176408141
176397525
175440659
228477603
175566332
199938718
175880319
204636739
176493785
200934511
175777023
181470252
176066955
199990950
175610643
205582951
176644251
176736177
202473854
176141672
177042699
199844293
177781096
175507312
198918434
199609498
178144634
175364894
199134291
198821492
177553921
211977169
177189759
198194501
197474714
173107807
201792791
176577196
176178028
176211649
204162266
175874607
200374424
204269074
201083406
199520918
174600613
177740555
176026099
175840106
199452228
203284576
176000177
175599406
199597321
202050805
198886781
200534674
201926284
200923502
200053459
175514373
181040651
176097290
176045331
175659632
204240236
176268407
175295874
176413908
203432176
198966078
199583007
202871632
175258497
200563190
176600808
180515735
199952913
176392201
200646359
179656430
201264677
175986030
180571717
182805574
177305502
176304415
205111559
182519248
201148803
202391680
206220873
176671097
201466233
179105488
204465072
177023632
178703437
203060170
204643783
176224118
176413107
176583614
203615809
176414637
177658858
177134717
227275292
201148615
201458010
179066366
201098229
177337881
202111213
202836608
176424816
176532494
176602698
204974114
202318527
175969709
175911808
179119273
176675525
200802396
202862417
201083377
201927301
201799935
178145636
201667542
181261302
174136439
177458490
176861383
202116567
175688450
178141253
176810042
201019991
175649309
201217574
201741694
200096866
177941198
200760007
175446816
201039237
178476922
175813957
176958339
201187619
178587070
225911251
176178900
176225706
178779032
176182965
199885418
202901055
175750675
224517411
176096841
202822674
175658606
175731823
175856069
178964155
200117959
174947844
175624139
202727738
175637257
175946496
176268439
178523953
178549293
175703734
175759542
177452546
200616393
175129812
175671420
178310364
226959100
199152059
177373528
199239006
149386071
154419043
131757622
149702751
149945088
131510183
134331496
132454752
152793308
151866505
133776416
155935514
152383784
152324334
133746552
133569972
173718203
133666891
152360933
151562487
151394214
154340756
133546921
133453679
152182835
152273386
137101056
133655804
136402654
152168959
152294040
154902344
132753736
151657850
151721007
132569368
155666167
133842922
133936064
133730257
133385630
156112912
133627100
133682969
133376612
133591079
155584411
133422027
152238099
152354282
134297520
139116464
133853049
133540699
152785026
133575882
156433949
153639273
134595957
134559132
153291180
139160278
152483156
153937744
134548506
153201764
157513512
157403689
200409211
209256692
203711760
200717955
176456030
182411835
201403929
176131827
180152963
203365997
201845132
175880083
179397899
179767228
201689565
179829347
175408090
204836140
200743690
176114694
176498972
203096395
176080469
202320693
178999135
225850200
176272306
201260164
203977254
177613120
202147774
177473831
178700333
175820645
201178662
202184340
201156487
201541058
176332759
179536838
202292339
202371671
177165055
203340539
176693170
179177429
176080000
204080084
200853564
176543762
201281091
175228045
202847727
200184891
178297367
175536501
201843511
200039470
178571226
176138440
202544661
200662957
203000014
176396638
200359677
178473881
200655512
176138478
175073425
178938897
175857744
200050850
176086316
202282191
199912557
200404182
225025201
203474567
176295232
199933042
178705041
199611875
201620989
200099940
178642442
199594118
176168950
200312545
203249899
201074165
201073784
228575270
176753622
177487848
200378517
177988578
201220901
224475062
176205423
178702050
175649594
198849989
202822771
186635438
201856302
198788427
172512053
200254166
198803335
200947524
175827830
179150779
175935133
200167241
201972364
178669645
175444391
175656462
174056111
177269553
175266095
175728685
176111433
178390916
175876846
176710776
175454922
177950029
199440501
174132117
174356898
204077793
175740962
200953989
175886005
204531179
175729352
200627932
202058928
200291035
200264446
174823831
179402528
200408789
174981843
199264752
203470107
200163511
199629346
179000457
199907578
174901117
174767012
180473608
176441614
200471173
176147894
210455539
202319540
201974263
179409070
208976860
175740935
177064808
203541371
179518199
175963461
179278081
175574067
179872723
207581637
207100480
204094163
201198486
201487221
175504676
178527021
201701924
176451903
201180979
226943378
226069866
200171753
178185341
201847297
177026041
176327579
202189158
202049673
176006738
176140511
178588910
176225632
200756195
203557933
202382495
226657894
200963132
177645835
177837746
177701438
176590058
202954532
175797578
200745499
175023863
203602016
178123937
175700314
180561096
175043001
200354886
175738319
226449032
200284812
178507588
175643997
203569484
176005543
199402589
199964266
203911754
175343702
175604188
175670788
177499998
200496308
201195880
177985315
200451442
175250528
199559674
204467061
202433398
174597547
199820815
178253133
200098954
200693253
178549191
201290788
176690589
176721216
178961721
224649828
175133444
199808112
202675745
202385131
200106883
203040549
175835073
176291006
199298958
177875999
200255088
175563399
198663832
177600761
165259422
197712666
173850892
173125600
176385275
197339253
199579172
200502696
179313376
175949301
200214051
201495664
202934286
175625609
175943430
203098174
175624643
175612126
176351711
204001779
201186219
175498371
175499736
203901202
175117082
199608368
175779120
178204325
175443611
201710587
200543322
204904279
200738643
175343081
178463614
200591300
176473650
200786168
204986451
201112677
176169890
175593415
203764089
176051991
176174016
201057135
179675762
200355559
176482942
176166183
181364344
176663141
200017200
187370908
199107855
174855676
176908158
182272173
176211241
175376516
177338387
178875487
199306794
176280197
204016773
203306305
175860588
177477944
202933635
203821045
175604285
200257061
175761292
177199362
175369931
175024466
200973762
227391170
176251264
200045666
177983662
201372543
175776707
199628128
177041015
175605556
200268794
200325655
179071939
174519729
176476855
199687399
177173864
200314280
175916259
175362405
227194974
175586966
178130724
202861586
200854243
179894419
200722611
203373751
201395720
177648793
177029929
202345423
178256744
175987980
177014114
176826071
202121868
200328250
177945921
200532051
176178579
176013888
179769360
176590733
200196599
201409111
203578031
176697021
176043883
200841691
179480890
176038915
176161785
199944199
203936859
200310075
200836812
205236876
201331863
200500163
177197348
203802735
201736466
175572649
203292344
202747345
175596240
176071289
179686827
176550127
177889421
176528007
178568511
200197593
200835691
201343285
204328742
201066968
199795399
203529594
213626989
154348271
149895386
131070157
131276179
131360655
131306579
154924863
150047309
152539350
133251566
133215349
157256048
133073887
133033876
151820325
155544244
151308577
136560983
132397830
160583075
176613112
200070721
175390414
199691664
178916171
174318474
175581321
174990164
226360769
199169183
199056680
227075280
200575138
176327864
176121582
205159482
175151415
175095651
198717884
178000792
174797726
199945111
201488370
203888730
174627722
198843668
202408250
174783516
202256207
200075790
178060473
175591291
175652124
175316223
204559403
198663813
175117301
179591035
179995260
173903653
174236383
202448033
179715118
174608039
174530035
177725931
176608362
174565522
200157728
200049374
202020767
173363082
203741997
202318395
175377983
198661667
175847859
201971634
174592719
174958818
199126681
201500277
174180556
198534423
174056864
178489898
175112085
174912957
175149433
199954777
174847156
199856930
175242972
202492787
199676252
174340945
176261972
198851612
199471037
199971110
206555897
173950769
174931050
198275254
175073014
174426737
200260893
174843184
177406246
200234201
202265578
204501420
174874786
201767309
176305648
226856907
226486231
199399592
204335051
176628501
200067730
200015146
177406956
176141007
199794634
200939480
203123195
175412996
176438182
199950468
203523867
174736652
175415746
175373609
178596625
174587091
175403611
174551474
177783456
201389088
201201435
179394940
174550236
199180902
199216896
201428547
200517457
201127159
199258511
202083705
178192102
200098707
178988561
174557059
199961019
175342922
177966661
200190278
175052568
198924562
179678240
190284130
149425692
154646557
131630539
149713443
131683214
149978989
153077337
134372588
152644360
133595292
133674031
137346243
133692895
133461150
152534377
171293633
154935411
134961897
156991722
132568349
132532352
154440164
152419803
151934110
151966919
137699898
152081449
152391952
133120980
133668579
137261972
132043782
133041610
151929911
133159680
132716883
136954844
133762174
133385319
152029086
171049205
136749089
133607734
133937346
152179548
133553262
136389336
171703266
133757696
170807395
141463694
132827295
132681073
151064616
132867999
132823729
155660073
133596755
152174320
152198746
157077887
152060326
133358644
133015849
133102431
176243286
133610274
152740930
133839338
153164497
164166056
134084703
133999737
152693291
156991457
160949736
134288887
134057200
152538612
155954676
138248083
152985598
153113861
176285231
152942822
137148948
133757068
152860684
138624485
152789785
137812312
137321222
152947351
134402436
134132004
155995894
152862105
134098766
134065464
153048663
142085409
134035844
133865828
133743097
154849940
202215904
201127390
176899448
226478196
201224036
201707062
201270856
180657290
200261124
200992612
178247001
200451691
176604123
176250888
202216393
202811190
178428159
175990185
203548911
176717328
202799007
198914365
177050051
175893281
176437686
176300811
203120959
202951341
200049275
177733487
224840013
178284955
200437488
178196103
200424918
199726421
200620977
228311572
201208303
201305536
178368958
201073278
175787288
175805254
178534195
175183014
201062832
200754726
178383735
200380980
175304895
176067470
179552340
176283531
175508010
200245693
177916307
226750726
176073768
205870618
200416753
175862485
200448468
228470496
201967268
176219604
175547653
176659713
200718157
200467579
178781993
175818400
200178071
174406333
178253305
213835813
197298369
176933093
173127729
172400843
173017427
176469081
200729892
200973982
205054167
175469811
175892620
175127313
179019161
199462734
199719559
198975623
176741496
176211224
200186227
175093549
202708279
201114469
175220005
199685711
202234520
199128251
199872098
176329465
199871539
199925108
175273443
178802121
200401975
175464076
175013183
203933918
200335265
200110945
204507270
199935101
174330460
175170678
178096504
199582509
175907009
200982246
205541913
175977786
175921024
200686301
179933064
176433865
175566069
208795129
180059174
177013486
176260892
180721552
204897661
226433105
180183040
204783391
201524993
201499327
204368040
204753223
176227936
206507747
203125550
176671638
177110816
176611315
178569364
201826709
226438636
177378021
178929488
200587576
176068831
176909485
203223250
176572327
177464568
176786661
202933597
176009892
177022511
176671788
229656383
177233447
175765524
178357867
177065687
201525290
176428043
178072262
175671191
177275169
176959525
202589600
177372713
202645862
174401821
177918858
176753554
177057261
174840081
202591132
200301775
202234386
174916566
182744750
178033626
174862813
174326206
178207512
174938488
199243370
226361934
199609856
174888058
174337335
177740156
174793318
200437032
199520205
202516717
174665003
200378300
174818346
202077082
174355164
175261289
198563297
179182516
174720187
200104768
175322667
184152661
174807828
175070489
174903215
204350732
176612795
175774952
228898516
200216783
174736729
175169115
178596229
199017472
200094343
175471931
202639734
200410536
198489494
178283043
208119788
174377514
175868674
172425449
197429989
172644240
197964909
197830565
199822224
203482120
175324042
200259870
175656247
202884106
174641040
174308030
174516765
202235469
200034172
175417454
199569480
203145450
174988930
175692084
199880955
201026740
199326773
175130944
202207176
175754434
175742536
175883400
228661047
175456400
175400886
174821720
177931008
199405739
199840603
201338405
178791691
199320917
174727166
203035098
198872039
175202540
175109640
178542149
175746278
202442426
175267250
204178479
198612470
199551928
204409409
202581001
199293081
174738521
182407086
174401328
199490125
202406915
202588489
174577680
174718253
202282485
177543176
198546034
204105193
198378543
202814158
174123476
200050318
178236285
174349810
199347904
198973794
177419339
174374377
198988893
198420984
202671023
175006447
175332251
175334209
175662319
174134869
175459816
174248346
179034531
175056722
198691934
198934171
176219953
174386688
174734711
199454339
176751343
174540356
200573191
198397256
201005089
175859590
175930360
201333353
175326877
177410952
176098729
203485780
175293063
202301547
176338454
177302026
176093042
177691197
199617908
178511335
200122986
175051857
200221484
177982176
175273926
174957870
200012195
204227809
175799869
200354910
202804680
224864115
199269323
175649964
203844363
174886049
175537391
199071212
178248481
201434185
176344514
175583100
206742766
174925561
174062097
201005708
176153691
175225205
199572187
177219002
199887404
201597712
199423734
202317321
199940112
199766243
175977998
177910693
199550378
198576328
202131960
209869526
195612987
172408128
176859601
174123513
198196549
200038892
174932119
176238231
199987964
202543926
199349573
199734461
175572751
179621585
200643332
175181539
198597058
177417209
200350464
175226468
176149995
180315976
175851925
200061744
227517826
174705730
175674497
200242176
202741922
201166829
176079566
199631958
203399644
174873262
199405541
177908704
200077094
200464926
199280848
204170839
199339815
173191936
222836634
203261918
200131530
175719451
203409997
175640173
199914597
200332225
204261327
199944593
176335330
182352232
204709739
176177242
175642907
208334167
176365780
176202683
177450881
204854500
176583815
176744513
178664524
204419208
225343372
180290092
177893571
180014286
176985641
200404663
200998416
178220306
175794937
176133559
175881541
179414209
201933948
177253488
204184765
201066090
177817537
201554851
176446132
176901616
177910714
176297917
202358060
176571057
200645199
201674321
179566075
200657809
176819443
176184077
178127637
177951744
177870206
200856789
203043251
200611866
175416663
199427220
173836381
176747606
199431393
177357484
174399821
200766618
222252664
200470735
226253914
174208266
202198237
176215860
198930615
175019047
202017835
176646037
175420151
175512645
176953949
176119396
173697637
174726631
176701918
174017391
200240621
199508866
177369676
199751432
198804729
199075940
178597385
198373592
174207443
203671470
174768612
198918300
199364970
202516489
223736522
174934635
199082599
181253793
200133393
198158329
173285092
175983370
197957014
199211374
200392362
174126525
174098576
173531858
199752000
188923616
200384209
197549256
173451961
196563250
174152978
197165231
175280417
175145969
179316275
174330158
200832046
199813168
175367701
200230199
199688229
177900744
199829629
175199698
199310306
227495803
175643339
175408234
175236112
178086766
174706144
175735435
174699374
177427548
199634756
200115231
175441463
178210911
175239520
199437212
175361370
178456868
174911525
199879847
177796152
175349463
223525764
199487105
178866045
174992816
200673056
199975418
179079523
175404806
174686024
174579765
204803050
198647853
182232457
210640869
174605795
174518343
198137982
207125640
206586684
174873263
179409173
202100591
199063498
201151176
200664792
201725876
198743425
179598541
202398543
198900850
175478346
174629401
177234837
174942766
199190802
174850745
177661858
174151036
174054958
198742821
201315171
174551192
200175020
174826472
201232607
174681725
198758005
174926541
201485471
198865647
174289310
201418840
174477647
200260736
175224909
176986173
198583281
176508737
174740327
176569238
199073396
201191305
174889376
177611008
174919406
176460975
199595935
202119461
201013470
200750333
202089035
174982544
176845065
175401014
202829291
175593078
199886211
199059225
202922528
175356003
200114588
199807639
207613360
200959081
200361553
228496298
200003024
199545809
175463671
204942893
175871914
175085625
176094299
181755557
174531444
199973110
179447165
175131178
199518230
174806115
203362009
165018857
151762794
133294999
135476966
136830016
133157205
135333845
151834554
133628344
154552261
151444219
133147224
151784371
152012768
136382864
133276014
178826526
132531321
151338277
155164430
170609568
174005185
174039679
197045217
174697955
199867930
175753455
176169603
179713992
176288975
200892845
202116082
204647741
199963961
199699894
202256106
199935189
200553327
175656846
178684587
200704649
226526120
203712734
199070910
198795981
175026624
203499857
176215206
200607099
176184643
179791002
175640822
201037759
199675005
203083244
175781799
199661964
204590486
200508658
175200453
199540189
179472629
200860222
174652267
200322729
203739069
199800620
175201333
175499060
181324626
201789207
201091055
211588186
177212108
176917857
178123731
181148867
176804687
201551899
204005696
204690457
201279309
229994308
179546907
176642855
175948960
181808118
179960730
176902570
175922737
176479153
202524583
176819267
201536132
177026108
203018880
176251998
201299365
201138935
179198281
202888121
202594095
203208886
201214365
176765864
201002570
203928901
176034031
201527990
200642894
205268410
176944038
201273067
175792317
178248639
176583094
202006785
203563228
176177108
201699941
174853922
201939252
201414708
176886846
202719960
178745890
201324413
200233110
176133747
177085919
177207186
175900212
175930343
203417675
200361013
199696947
203465594
200803311
175198624
225258910
202522929
175928172
176244958
174871558
203647091
174785775
175347069
229673088
202174440
199241118
199979310
202600451
200369686
176254011
203298010
201311241
201283880
177026310
178556667
175933751
174761854
175465637
177541956
199574642
201605253
175730028
177482096
201102344
175285870
174857766
178135252
200271287
174814294
199654227
180576108
177195690
172557542
196919493
173651253
201398981
196894342
199597436
199414133
177983387
200651810
175597520
175463350
227028489
199797411
198518185
176721787
174970379
175062321
199797851
203689487
175347870
175027218
200471602
177755198
176190970
174408495
174715965
201949965
175161963
174833156
199190545
179935578
176428919
174705680
175032544
204861949
177607905
200617791
202555061
198980024
200916963
175208045
178772635
199616027
199226495
175308415
178868824
175350127
200524545
174701622
179778335
175889579
175575746
206542625
180292832
200809593
175915873
208248610
176515976
200549346
203467302
179284509
201256273
200288268
204682833
178931783
200840372
204947704
203871765
200579490
200529536
200849428
178975620
175641912
176730164
177274119
179047044
200824855
200886462
176238101
178825003
177196907
177035434
202328366
203285137
200421440
201558673
177800861
201498814
201669206
200771512
179189063
178081154
177260930
177128879
203140546
176471983
203698540
204489663
176336156
201481785
199359337
176608726
200881662
177886861
175973618
202105018
175888063
176680954
175761630
204889288
175581451
177746289
175418984
178259851
175938240
175606269
200939431
202102249
176204428
200097076
175952468
204051643
199596055
176168407
202063185
200315243
200791035
200250271
178252340
200639310
199995295
175516425
203837630
175727578
199894027
203104558
225132933
176324900
200289262
202906082
176798014
176063215
175856895
179177915
202585665
175452851
200391118
202973604
200702962
200935252
178444334
200482635
174753637
174647276
203509765
189764195
172772904
201356990
173520019
173666280
197721037
201636957
176646949
225141225
179033651
174743586
200174346
175758680
178179293
176115621
200097838
199208921
176302099
200781927
200129964
176162549
179300641
175616457
175843666
203439909
223267583
199302213
176067115
203623911
175814458
176943151
175921921
177716158
175338078
175489873
175241046
203337973
200033733
200007202
176068925
204474405
173918044
173855315
174724935
203933864
200306232
200544750
203811750
200780743
176082434
175078452
205038091
182684369
201329024
207485373
202789710
225031513
203679752
179693314
176383266
199649041
178904850
179290990
176099149
175693975
178891128
204828315
224899255
181654122
176581367
179385692
176073625
200859645
178571513
200139463
175437388
200689006
178678274
201783584
201744707
176260107
179072148
202078297
226583060
175724306
178414045
202168456
201841401
178099279
176251711
175874324
176498087
179085125
176072115
176243615
176344902
202792510
202364513
227943954
201545682
141759507
134232195
135832734
137616134
132559837
136923549
152547593
153024467
133341794
152342691
136487859
152244852
135529026
152635454
152098038
136652027
152312433
154332295
152166996
155669193
151940664
133603495
152148297
152136458
136489189
133855069
152227134
152505956
133498352
155434241
133564222
133405569
152423525
133594894
155516420
133520888
152063291
133390686
133530650
157109106
152930582
133661684
152215505
155193658
136785707
133584490
152090243
152126445
137077641
157855942
133622629
152284944
133643035
152221178
174120551
152139056
133790612
151993334
133549532
137251658
133624484
138524240
151913160
152264202
136540218
152360280
152303357
132940047
151985195
155490228
133682315
156808603
132823619
153734816
136309268
148709400
149677732
149711159
131658729
136433861
131792623
131620889
150445905
150150060
134837522
153471926
152654909
152557969
133877191
137736148
133904747
152702840
133821000
133993170
155495576
154007362
134545319
151625681
132936358
135980178
152994906
133929872
133757282
152486672
156212362
152271602
152648725
133899022
137479408
150916940
151789331
170880311
133025952
174279463
152295754
154374660
154522732
154154458
157982022
134971649
154363719
135072531
157287124
134516847
154250382
154178832
134588410
175429577
152059355
133335297
151734317
151454798
174772748
152935998
152749579
133942423
152539376
137685882
133783972
133653771
172668371
153077350
137849630
153207252
134409169
153110653
165904129
153467946
134548265
134627961
135381290
160713743
153035346
134170057
134595686
138939991
134290120
156101981
153340495
173706231
136337558
137806692
134597588
134324573
138184048
137239526
134037771
175857470
134746855
134272553
153142245
137541319
153458479
153420831
134537357
134817038
138388799
135552890
135055929
173596539
135562040
158024033
154969056
154353871
154301847
154174475
136415949
135728462
154565592
155044806
154442385
157365820
154817135
154474269
135423549
138970294
154597669
135604891
135648250
154530476
138259256
135503060
154713742
136883586
134304123
157544105
134628028
153139987
156287317
133025881
135851083
133521342
133949839
154736496
133958312
155719196
152823990
133854360
153679248
133732162
154625882
152905015
135420716
152985931
133814601
136894666
153209084
152482548
133837732
152458614
136710722
155539047
133687267
152551320
152617747
156872454
152648020
133678076
133724969
133725016
156021498
152382489
133658076
152470031
133758147
136427932
134076436
152632006
133789128
133575751
156177229
171794320
152373403
133683009
136261050
161368144
133883937
152769374
152449480
152588561
136819475
133961560
171498542
152349963
137955313
152599325
153924024
133680356
137541215
136659936
133928637
154169659
135367902
135023354
134894157
157684607
135173328
134793337
133055643
136243077
136999583
166363695
204828179
197642360
197296733
225365837
199064512
200910852
200881065
204759453
176401915
176694391
201267330
178736372
200563856
174970728
174471346
177957525
175702384
175272360
176555889
203890031
224861216
175642755
180375183
174428307
174838617
175362285
202168431
174869600
199027366
174626459
178206506
201074808
199519277
175313146
202636901
177050951
176064934
174770222
228034147
200255570
199700528
183094358
200261901
174981017
175272428
185095957
175323615
200508019
174755241
181195364
155288080
132712054
150852648
140567315
156642990
151599820
151150078
152997446
158671627
132290747
151421771
132442366
136698658
132586448
136753972
151236839
132437249
154944674
132890125
154266174
141658514
132341639
157418230
151052273
156200966
151156307
151189419
151450767
155072626
132608997
132547332
132530217
132617746
154403423
151116055
132615506
132495827
151235186
136154988
151033657
132642526
151253978
151338965
136372490
132355277
151420344
151292005
132809190
154191555
151425932
151254361
151409316
132565847
135694651
132598775
151344625
151288045
151225923
135376263
150974183
151135241
153601873
132729213
154729484
132619588
172027118
151900059
132736146
135607971
151702905
135392912
133193438
170715305
155033195
133244650
135412040
133225568
133770756
154876630
133164541
135309416
151936735
151757893
137240927
133185561
151988380
133358642
151772186
156682324
141369349
133327502
133136200
133513466
137294804
152107162
132919386
133072029
133298822
137409030
132998255
151564925
133153244
152328510
137563596
152097942
132886566
133059730
151870926
155294352
133033919
133149454
151811436
143162938
156110098
151806246
132941149
133520294
151478701
159067223
143439224
175045216
175954850
203399565
199848092
176381357
175574609
178248336
175922314
175672960
176135990
177154905
176210871
200097842
174785376
177657621
204937330
154605978
131645219
149753603
149603679
131304411
134277391
151916112
133959442
152357103
133649017
174037734
133592457
133584908
133528968
152188487
155651208
152460359
170927402
151474866
132612680
136319827
152228178
152304006
133390761
155830509
133153209
152213211
133504814
133626942
155971760
132072824
151243605
133459509
151689330
155476924
133328700
152311260
152163223
152154087
138006132
157520848
152406173
133351752
133383867
136868711
152680493
152419974
152048258
133453626
137767107
151928645
151057041
132966197
151098433
155330890
152805873
133790094
133611172
152283430
196848930
226208750
200487481
206593455
202008792
201388363
205209052
182965609
176585719
200474422
180620287
205464901
201431127
203958800
205039038
225509460
203184338
178233175
185094375
201173443
182197511
204782442
176502173
201746376
201042773
179173393
201552677
176837767
176316673
204658202
176521252
201846669
177490764
177304791
176141831
176390335
225222937
177805505
201135278
175867452
202942614
176181937
201130911
225622874
179879371
176696716
175747757
201410816
178426675
201423378
202587196
203721902
177249722
178182614
199885662
176088113
175807798
177827696
175682528
177872262
176159525
176367937
200341321
200990238
176193618
227090252
200930631
178467032
200728151
175832254
175659629
178062564
200603399
201179533
204043576
175678037
201268356
200448076
203187538
175654803
200858203
200416741
203487869
175870087
175250664
179825333
175448098
176968891
200114318
179049373
200093991
176703212
176153381
178148930
201291104
200959904
176253667
204371790
201509492
200530760
175782897
202039191
200338054
200637979
203397258
200227295
175609105
198833057
178546714
202026312
199406258
197853165
175247274
201683948
177199884
201776672
226400479
179740295
177544521
203918826
204371212
176526388
176787449
175476644
202370804
176281316
203109751
176810300
206346931
202462060
176535528
177241515
203124512
175208478
175994300
206554577
176398247
201729959
201756755
180214140
177161849
201585081
201653622
204301995
201222866
201816548
205985372
200812762
175213719
199983216
179005273
201236757
176302080
177069088
181432284
201712552
201746308
200884188
206201559
177061209
202408559
187091752
176922985
177427502
205455922
208342727
202289285
201811015
205291526
205572111
178533998
180489636
204339550
201592100
204897138
205396405
205900027
202228657
202122142
177806147
203214615
177747053
201992232
204427214
177483120
202641200
176355697
204410950
203163161
202826900
203636416
177968182
176395623
201852690
204764557
201642690
177257585
177199045
206220176
177398089
202456612
177373700
204979721
177800986
202528602
179542252
177825989
178462382
176579702
178417676
177463181
180679019
176621047
180994757
176466073
202648596
201316742
179117427
200822139
203399261
201714669
204345800
200310323
176132114
176034313
228040884
201693720
177314046
181022874
201730922
177435359
176064462
179737678
200864601
176842050
200713383
181429539
202308225
176878610
177552461
179769410
176717596
201523163
204515182
201513038
176361349
201301234
180609204
176335195
201955436
201897154
204411592
178449627
177837938
200579285
204469116
201686926
202105324
229340046
226246567
176480548
204137321
183053277
196974765
196167459
172018548
174795905
196501878
198844719
199863544
202918815
176124181
198873689
174045496
202178638
175249891
174538626
202477640
176271651
198910578
200056503
202914394
199693617
199022197
199336912
176975942
174078476
174790570
199031218
179103940
175774383
199801594
175629343
179592000
199386974
175833497
203132505
199806041
199922528
175427476
179227950
200263401
174589129
174335083
178475698
199460144
199789584
174974014
179469628
175571724
198593094
174913170
179059917
174677938
175608982
187910659
204213531
174473443
199362151
206603352
198813177
204644253
179118167
178599302
199536245
174698190
178315777
183007284
175335598
178642551
200180287
178400022
174254454
174535351
199279078
201431482
174728168
175215023
174715522
201584247
199516353
174788013
202765746
199159582
199393954
199575383
200686680
198408608
175430575
174819160
201863734
174158936
198824650
201912301
174937739
174466211
174421904
177231820
199488486
200817418
201003291
200462968
174995129
200773863
199937539
202130958
201726756
176172207
180010244
206081411
200888094
175527859
179592517
200794327
202424623
199731678
178004499
200254466
176770156
174920320
201723575
199767205
199899748
201904072
175378272
200309094
199996661
204092139
175219575
174360650
175375422
203776619
174695546
223605372
202677991
199241973
175245507
199998117
204826832
200612389
175008998
199243333
177768118
174913623
175433459
174788068
177978736
225525534
199975426
203029792
199473034
174841913
175450362
178021066
176279106
175164725
199302975
202004854
184847767
167840486
131044975
131076408
135537326
149623469
131161881
131275982
168125357
134908265
131220812
132372084
151772004
133185625
137252135
133078777
133043995
151842646
133200960
136430894
133253766
142372542
151424078
132506874
135896219
132731348
154729337
151639470
151788239
155799718
151970807
132954586
151688564
133112403
155645852
150683552
132407065
132635660
151278051
155271582
151888132
151806299
151836625
151813372
165382577
133340910
132848743
151694658
151641144
155108261
151597373
151813308
133424163
141257681
151120776
132701548
151271023
151209203
137459088
132370124
132953284
151878738
132913346
133130903
137570402
170307469
152796183
159609895
137912939
132854420
132973734
132579961
132606541
141157471
136865794
151245050
151188709
132836524
155808887
137483164
132726655
151119327
154823166
155167234
132606732
132789138
132565655
155125570
132722099
135388494
152148994
152277289
156318183
155646767
151759773
132566762
151047534
132434443
132537708
136037313
132557904
151029155
132682119
151253579
154499690
151010452
151030077
132408240
154447265
151111404
151004869
151276534
132555485
139519175
132730329
132596390
151173887
132613079
135463983
132554990
151328348
151020486
151260885
136552677
151212444
132679341
151419592
151389269
172490387
132186907
151004517
135001338
151314926
135802948
132584891
151739726
135896042
151565411
135985624
151756859
133615666
135178573
152097372
136200733
170395296
171420918
151854795
151989185
154779271
151539567
139077525
151801989
155163266
151659887
151883896
151846996
151607125
135855771
136781317
151771451
151552800
132889687
137136272
133145198
170823871
133208884
151812034
155854339
151598809
151918413
133046802
151729084
155094926
151550673
132892817
151606791
133093965
136652626
133136997
133193555
151552672
174342458
155538697
132891821
151683178
133175548
151685382
135848016
132985016
132961409
151725496
151524617
137191811
133014220
134623004
133076078
133246195
136489011
154484541
133262590
151731467
151893566
155539785
133126041
137571878
132104731
151332898
154958494
148416597
195260715
196232393
201982233
173612136
173121601
173044196
201856295
201051346
176290453
178261997
176638666
175364025
200716926
203010065
200454448
199904055
199859411
202601485
176799680
175709534
175245525
202635064
200623434
200276769
204079806
175375949
199468163
174877627
202993544
175013532
200779940
200440675
203273702
201782688
175813319
178164676
200270184
199759054
199595493
204745168
175390474
174708642
199348491
204485684
201303125
175912864
179176809
175637763
175684480
199724409
180565018
176960074
200987485
202635881
191496742
201298149
176195209
179905706
179389983
176676385
200600387
186064623
179687349
177399436
204909323
204357234
182937735
175197241
206426482
179516616
176638477
177413224
201543355
177819334
176326825
176370416
201368121
202288226
201095342
177657288
176771799
179105568
177661690
176274182
176430904
177809251
176139606
200779173
201799627
204159670
176811454
176040123
202528094
176170528
176574597
201520840
177468441
200962424
176738867
200996332
203563744
177206738
226928741
174924555
203714834
201754464
200516084
177597724
225862818
202353377
176550285
177852388
176623644
201473118
200610025
203402083
175702279
200910850
178539308
176501389
200440053
176091499
204235194
176304698
199627317
176383622
204334991
200813759
175550430
200678109
179048571
176309271
200256473
203612399
175566508
175468283
199851797
203665827
176333836
200419548
200451365
202541847
175401231
200243573
200269271
179105154
178353216
175923315
202511864
176048111
175546827
175607485
204342193
199980553
199314044
175042106
178356180
203049202
202964354
199667859
199769899
223307848
175299043
202641107
202210703
176575146
181727119
202059339
202383750
178353376
178549044
225973559
175968586
176277980
177302624
176896369
202562694
176280558
205229804
203006725
177304036
180419741
199101863
176181167
176622562
206580385
201114244
176465231
201877633
205855473
177037521
201098841
176717904
204066821
176281583
202145077
206158463
175723624
199316974
175784646
203423831
176634341
201084668
177095474
180953942
175999603
200342731
174889509
181379173
176944974
201023490
183681878
180670921
176079839
200659507
181194085
205022654
225919444
179155148
179890715
175821438
201213076
179667861
203177966
201875912
181319795
177442677
179487331
177446085
225959619
179605385
176309653
201401846
201205720
203979066
177412815
201332999
168050489
137072522
134524031
134493726
134105470
152819226
137680051
153190041
133879356
133934488
133979715
155915054
134217370
153056686
153031730
133746831
155608450
134050816
133955596
171671297
134214727
156008738
134054968
134386985
137196486
172225895
156876888
154287820
138653674
134344958
134172163
156547999
153576726
135711217
153669287
134811466
155956229
134665196
136762509
134591747
134781992
155574661
134273502
154668413
152151554
133652510
137475031
133694537
133504684
155596706
133288744
136142570
153512926
153577140
153240408
153899450
157365240
153548117
134572826
153431016
157181137
153572891
134444583
153038897
152870759
156395055
152360654
133721410
152263615
151994353
155678434
133861510
133568625
133456563
136287986
175309416
133606402
133526007
133320568
133618429
138254717
136615654
152465611
133993432
136148666
155906134
152659809
135524243
136025714
152891978
135892087
133786692
152323707
133560745
151938013
136715040
133622166
133467110
151591987
151544861
157556172
163195167
174071663
173863756
198793619
176599341
173567116
175349173
201054598
203902972
202007754
175863201
176319706
177818738
176042362
175545328
200699157
202519793
176015420
200820399
177108654
179215913
199865541
175380725
180436923
198878621
175085427
200304153
202513815
175848970
177054874
176095252
203271754
175921012
176153874
175464062
179517005
200046529
175960562
175833294
179903880
175883253
225369396
201487397
178684059
201207257
200906987
206563409
199741692
175782315
175718730
206707059
226026236
200502691
186465774
224444195
200202145
205798645
203917017
200532960
200749668
178483108
179317976
200456230
204023878
177814527
176417444
174848704
180346474
178253217
175886722
175524282
199919276
202669799
199579018
175751428
200474472
203030462
176112971
175874773
174860691
178651593
176455468
174829455
199292499
201484003
175534094
176354701
175576224
203122316
200052220
200793989
201245665
200602280
176290995
200335203
177607336
175176464
178323806
175741416
179032749
175770818
179682783
174970764
178696507
176225120
177842100
175971058
177581764
176142124
201726431
176882010
202842835
202200194
175550504
175824796
202892740
176042919
176062460
204863782
201067636
176015156
200511723
203682061
176735228
200887439
176551044
178721777
176009438
175946307
200404131
179569607
200001880
175811249
176609448
204783439
176723742
176201747
176609476
179655767
201189833
200022776
202973869
201811537
200672224
176669541
179146583
203032948
202163555
175914931
203199898
201025563
200529560
204399476
176123676
175200122
174936319
178729879
185438607
173469981
172524478
197820493
203196117
202027691
177087829
176890951
204317138
175712318
201148648
175668298
202356482
175414214
199886729
203474710
175042430
200165291
175678731
203957877
201021451
200962274
175177817
177953793
174994105
176419253
199975570
204407113
176039265
225076174
179768536
175345606
200884081
200820996
203326938
176065306
201186592
200248615
202197199
198659909
199711975
209168843
200836986
200500556
176086558
178744837
199756646
175329501
175455641
180323577
201279522
175716248
182714412
179569658
201688683
201728646
182205899
201677485
200386750
180467775
179036079
175616077
202069363
180781773
179123507
175787285
180178896
177595973
203680310
176425431
200186260
175676447
203675078
201629484
176396849
204381698
175966189
200878864
201768314
204586673
202122959
175890664
176179900
203757879
201541064
176447427
176530248
204177961
200872888
177065730
177642175
200863809
200950929
176143028
204302449
176745427
178432711
176329042
203470080
177099292
177348918
200239406
203169576
176335759
200997329
178825165
201418161
201435830
200777309
201496723
175907690
177606221
174876266
203099015
176078006
175797327
174855760
201506817
175502209
176503784
176114278
178485391
175514143
201584569
203681253
175701431
226008360
202154652
202916906
175745509
200322032
174947064
203738312
200199695
201213057
179836999
199558748
200369797
200122102
176830673
175333642
200074447
175730314
229222027
177239218
201139771
175061759
203787483
200881074
176603893
179558346
201060822
200276380
199632786
229826284
193844517
192636627
178501924
197291803
172924436
175361283
174809423
176134387
176993011
181328738
175176616
176524631
176913326
202943438
175954229
175569246
174579945
202176413
199997226
199773161
200360301
228382546
201354961
175396152
178672326
173776026
175502807
200998162
203736632
201050109
200562033
175979207
178286835
200590525
176751101
175482436
178283905
201116716
200990359
205285760
198734464
174583253
198992708
201370907
201171853
175577794
176206805
227809211
175755814
175740759
200270899
180384378
175855040
175737493
208999034
179823722
201656149
175812227
207317730
225846592
175891872
180940831
203046676
200987616
204895975
176490304
178703412
175577451
206344098
175575697
179058468
200960850
175330373
202245882
176394219
201079081
175969132
179052533
175865451
224916634
176824215
179743584
202023108
200427674
175749590
177711805
177479668
176630085
176698887
205153766
200799495
176756507
202483325
175960074
200938271
175890394
178957745
176794495
177204618
226558659
204477900
227085759
226276873
179148909
175810049
177694628
224477896
203515965
201868702
207578401
176357416
201860189
177539031
199379523
178141408
175763836
200282046
199982653
176587103
200840932
200226919
201290011
177988147
175351689
176050474
174881796
203436105
175349599
200799631
202458781
201084096
200437940
174806989
178445977
175601983
176007763
199952983
179605848
199735622
175794098
199556679
176985591
175468346
175229276
176274193
179412728
227451191
200266972
178189637
175539065
200571819
176835099
179568424
200960476
175961025
199013467
202275975
160558270
200644311
172351428
196889469
198926903
196533525
198680767
175257404
180040820
176111463
175006100
223633841
176837705
200904214
199566257
200626409
178497483
174548521
200127940
203248810
175323736
174486591
198557814
177462398
198338260
199068496
174662719
203274273
176252978
199717072
200536913
204443148
175200328
174979553
204432013
174452854
223975949
175622663
204486071
175829375
198703923
174322366
202610784
175887495
175147728
174751141
165547118
174969515
201583201
174609163
179348222
198483462
174408712
206334239
204800145
176046485
174826834
177575370
203384336
174239283
176982339
186376767
198944485
199459266
202165418
177340928
199260560
204175838
199753691
202889913
199643424
198235983
177212081
199715149
198801654
198155209
201865806
198939332
173575192
198828679
177350818
174101005
198207503
174325174
176897423
198569442
174289191
201232872
175699648
174395079
198440800
202837726
174547994
173864353
199263080
175783480
198709956
201392075
174518725
177392616
173496923
202050563
199189436
201812248
201479307
199404301
227789284
175247164
176143654
200123405
179674652
202030638
201330605
199933057
201691573
176108088
199388285
177126449
175488354
200699541
176006437
203622539
199338221
174345135
200560456
203231046
175011736
175731482
175145671
202315399
200254457
200652187
203509845
225440673
224819664
175742767
180142185
175624570
176094434
201140107
212090822
175313019
175443597
203647540
199488094
178302153
200447283
178876311
175720123
200359001
199485523
227312018
199081989
199113585
204204699
168887058
196356153
196176197
196336774
174463352
199549826
174298914
174219428
177791739
173815770
174546052
198564594
201883416
174424801
174151289
173831046
201537663
199505369
199321066
177586507
199781534
176107155
200517220
200962375
198035858
174954026
173980035
201512087
175550644
175052016
198870926
177863318
200578454
200587980
177193818
200016551
199670366
199022127
178930190
173618689
198087738
173113421
201031894
174909973
200429249
175081397
168781224
137971488
133480143
140210843
133233551
139498077
154121224
135307691
153825934
141091876
140911989
154220986
135381489
153849989
139165476
138978206
135261470
135113059
135299316
157494470
138850952
154196221
154456816
139624539
154288382
158526937
134561183
155398968
157020452
159062369
154326009
153432037
134219808
171416536
155539435
152582633
152983201
134243215
133878329
156340306
152682570
134012513
133495310
152770518
136855438
134325142
152858000
134027770
152490150
136095729
152625936
152904146
134063617
152903121
136914410
152820837
133942580
152617777
134201867
156101801
134004292
134137855
134066745
133703091
155409164
134118894
153900199
153654309
134005661
165116661
175191310
176246257
173553963
176761658
173599090
176021160
174232566
201428698
200089144
174810154
197950149
175928119
201316174
173860096
174544061
177109283
198837133
199159047
177473426
175532741
199322512
199007044
200691060
199577299
173478268
174099062
177033906
198434884
199070634
198130229
202503225
174449349
173695694
176837688
175423268
197701836
173366430
178678288
174056622
198655639
174272003
202048759
174008991
174724694
173704095
177952275
174555596
198441084
173991871
176292211
198635953
199065562
199077308
200513249
174919220
174008644
197990807
175830835
170750559
175638538
172009452
196314734
171950348
199021894
198811157
200067958
178969580
174920107
175738939
200119133
178563874
200112878
175486104
175461742
177565749
199547803
200845112
200543201
203878017
175787264
200588873
179107587
173739720
174944786
200468638
202661191
200155072
176124148
175547211
228155774
200883679
199237065
179677480
175379335
175745146
200717710
179436017
175510907
199752441
199216743
179172193
201036462
199622293
200578113
204705677
224064949
200386260
179920432
199563059
223643781
177727050
205197847
174756919
175526306
202501782
178418599
198636587
202310084
228051459
200225969
175924626
228094751
175997775
198890375
179964662
175475774
179177229
174723683
175369500
174518891
179277568
199159595
199550911
202396949
175958077
175047156
175247424
179334830
174651406
175096699
174774264
201065179
199673083
175129530
200548546
177628522
174340258
200068804
198993471
178607206
175981212
199938296
175360401
176793409
174983875
199564836
174711207
202341533
174787477
201461263
201459776
176355062
177658705
199352685
178373283
200485312
176263769
200209043
203027897
175378185
176150614
176007302
202137082
200769793
176572016
176003233
203982475
200966162
200306097
204068576
201000527
175356821
200352209
178144013
175869013
175954514
176026830
179819936
176677143
175189803
175394098
178312231
175227939
174893002
176551698
178858732
174539786
199000775
198487198
178038900
201082412
200031967
203822761
174995781
176601259
175959862
175467450
227006172
200122035
225009154
203488020
175077496
174606079
175167667
206422004
199326246
196984079
201379264
171953411
171986490
172671978
174621600
173439119
200111085
203452999
175505773
199984837
175226221
201351067
223831984
174871197
174784332
202210438
199997187
199173931
175772126
201924647
175444896
200223576
178405104
174287578
198999620
174873957
177988683
199577457
199444763
174878963
202983616
200180139
200241710
175241824
179040776
200063902
175435623
204693670
174789443
174658886
198854264
179950754
175688838
174248859
175397771
204290225
200446242
176486811
199539424
205266156
174813834
174011972
204850611
201923897
174760243
174573564
176972769
227225656
174864283
202752645
178411420
174732262
175002745
202156043
178964572
199289021
177560030
202088672
178201989
173814140
174604917
198923997
177222905
198900250
199699992
175725271
176897655
198093978
199014498
178695475
174687978
198558298
174233946
224956453
174332419
175046893
175545683
180460043
198928812
200617633
198973144
201640432
199582443
173904561
175301290
177039412
174879878
176431705
175100598
201803654
200372203
199720166
178535616
175769166
201714439
200011416
203338059
174489088
177708943
175638450
200171780
201990025
175356669
175399602
202763445
199944613
175600977
179194083
175730397
175730737
199958411
203538991
199236323
174782932
199238389
178900530
175192712
199982036
199808933
179200701
199742270
174672624
174687214
177698995
199268265
200115912
204733001
199601646
200097990
175694329
177628908
199640585
175204320
199927367
206966426
201214366
175315592
202107753
174285730
175921834
174925220
201830771
200171137
176056852
199496006
177746361
187511028
176360944
173397808
173021452
173901130
177261425
173200578
198988891
175207140
203047892
199927708
200167805
199983667
204028626
175216507
174348818
177782521
199018825
199606786
201250999
178061049
199249590
199895150
199708292
203691088
199443745
175089286
179031080
174382808
176070089
199913245
203648866
174639505
174862864
174313662
203128637
175148911
224677361
175799041
178603119
198893478
199702034
175068413
204962869
199222927
174964784
179837636
199112886
176015129
175233972
203020519
198563197
173663513
174814615
208374244
174931064
199344958
202664608
179003511
198497838
200310407
206040466
198780330
199486392
177832223
200639463
175083577
201399327
176259088
179778876
175505849
174943770
199139008
177100069
175097774
198707178
198216702
178053655
198788002
199158942
201783334
174283251
199133125
174144799
177163267
174297883
199406839
199488860
202407549
174584907
199338231
174407789
177879207
174296687
198870984
174897938
206670169
198891223
200601125
176801728
173972521
174790144
225311671
177791092
175036825
200589560
174508785
178042090
199264256
201472012
199422438
202352710
201934376
199955266
201890952
174586697
200389594
199410829
201871441
226005606
201055594
179713562
175347112
199136428
199577368
178809913
224308177
175725278
199535590
202946599
175599936
175272073
175330721
179225188
200115128
199411229
176009626
204359967
175579096
200377836
204578166
199736210
200209812
176021780
179978181
201488902
201118920
175704840
202743058
200308501
199683305
178194430
199350330
223708806
199797503
205379994
196333721
196880471
172590693
200597881
174260334
176025524
176250409
181224948
223826209
175297181
203371089
199130969
198678219
198683388
176079039
199772925
175715169
199589848
201908945
199692541
200010135
179357505
198641573
174811267
199905700
201528444
199685189
175459211
199617346
202552662
200051739
200178689
203640326
200003617
175878549
199666493
203007457
174658915
175789948
198813565
179344657
174516971
199919067
174742789
204197083
199538037
199762596
180708307
174818116
174517028
174739050
186317125
199225881
198552793
175240728
206051853
199117665
199872100
179818721
178070252
175154435
174057747
202982588
201653836
201476690
178890831
227119111
175047328
175116833
200146441
201199525
174190489
199030492
175107349
202567591
198140596
173497716
198511922
176232272
198709344
175820259
201152632
198721035
199550806
198485763
226427985
223037540
199477001
201343235
175036370
199005439
200690996
175727980
174464877
176699587
175299181
177322450
173683099
176206273
173327501
202450007
175334657
176537139
176412933
178368527
200920956
176979493
175510726
201546797
174525809
201053800
175356123
178353562
175774323
175826653
200487494
202494187
200479644
200077129
178706182
174891760
200205321
175537802
178933899
199404279
199190447
199636453
204109579
176241017
199396914
175785841
180298072
175568399
174919359
175538489
204736481
174984989
175094445
203299944
199960096
175021320
175800484
179308314
175039085
177486717
175771792
226763325
175401632
175109673
175254385
178362199
199797340
199734679
199695381
176471192
172854350
176830128
172503544
174023732
173093563
199477373
173423358
174683118
175516519
177620619
175649344
200074972
175431337
177637048
175015616
174124636
173805895
177398230
199333120
175240341
175427934
204223914
198744734
201140029
177996186
175590739
175022240
174560691
202203629
175920321
224844581
175829415
179610050
200174366
200581449
202353759
175518662
200141797
199764661
204670146
199249354
174135389
198815885
177713034
176404393
200565187
175525499
204477041
200927634
176108798
181610311
174679317
200831032
176247101
211169867
202228709
201787014
207119769
205393853
201164482
203781300
229412290
176749075
176419257
178856387
229857376
176597179
180720023
226713336
179272038
175877181
175760788
176086968
178171264
176252952
176341190
176652413
178948045
200654666
201120794
204617812
176726388
177363685
201624785
203737812
176442933
176466202
200286683
203957366
201235958
201580706
203195317
225719819
176186758
200877688
182466508
200853770
203433047
200543496
178121770
176159903
178954616
174259422
202548415
201155684
175338112
177725348
200426323
202024370
174924463
208662584
202088031
200605790
175657347
178468305
199737507
175009092
203159263
174295442
175541814
175365505
175170293
178712805
199705654
175457257
178954970
198927929
175840566
174694559
177718044
175486529
200465804
200325920
227340313
175338002
200249020
200664845
182081809
174410088
200459383
175098686
201611836
225575544
206194077
179160270
201658335
200142158
175870085
178550061
175897886
176075439
174737931
202862929
200062353
174262108
202477597
213335278
177578059
199418024
197656206
172394955
196528790
199302241
200071503
200026607
175333529
178773820
175283876
199127060
200421805
202741812
174951779
175485055
203015908
175328461
175319607
198953229
202361380
175343681
224671147
199537603
177182862
173729677
198759217
202407010
199270732
199750872
199210562
178090305
200257918
201429359
175053204
202384452
199735215
174175232
174512745
178586843
198116773
197850289
206042035
174580704
175442310
174607081
204682928
201465032
201969556
201231570
182467365
176680988
177331871
208563977
180749448
177626952
177702391
181007240
182376684
176836392
177486222
182311194
205663266
203744420
205201137
204812957
201687553
207691646
178092795
180245663
177453497
202289395
178430943
179151034
177564618
202622562
176987540
204546660
202255526
177038018
205274842
177236231
178468161
201933901
203482624
201975840
201862776
203596120
202467551
176818992
177418709
206507814
177080089
177337038
203029367
204047155
178126668
178665012
201743090
179662060
177080424
178645010
174993824
204371940
179674308
178709776
230142592
201765527
201892144
202162252
203382873
178343784
201951963
204612082
176668308
176150367
175765812
176226497
178394726
176462285
201763822
179611306
176833858
201902694
201357959
180198159
201414016
201478893
176272886
206164660
177844612
176567671
177396812
209050084
176654607
176514859
176327272
178482289
200561234
200679639
179766718
175969471
227358015
201010603
204512664
202266252
178470652
176449238
204948355
202209120
176059341
179342723
176877632
200642982
176262470
178512007
205691072
200045984
171485084
172217239
197179411
224987682
199000207
175358758
178477685
200355692
199467079
175602527
203032173
200001104
174327273
198609505
201487118
224459030
175096859
178493347
199457378
199631774
199273354
179100571
174656252
174831849
199523855
201442148
175245504
175415676
200075547
179077798
200095534
199565829
228018564
174543302
175912883
174762691
203132542
198819498
200278983
199428015
203801745
199654725
199782082
179492714
175110174
198901908
199920772
204621058
200183120
175271980
203656094
206207619
174483630
174196888
202106510
179615176
199570064
178564563
203997542
199859814
174229943
177415558
201743143
176815064
202491007
200826831
203481492
174244408
199918953
199598114
225364705
199428978
175295218
206801353
197758400
173749016
173831365
200070746
198601971
175661611
198531307
201336284
174955625
174283572
200802349
173300629
198884823
174418791
201766769
174592408
174526474
200611727
175246046
198848787
177533435
198876841
182605436
174237926
200093936
198734869
178118040
174570594
202458365
202042076
176426180
201856007
199700770
201456712
198783896
200261081
199102142
203215840
199952679
175673134
178287379
175775271
225094054
199851985
203053988
199874906
175779432
200420164
203722912
174029687
175971104
203717476
175467241
175809827
199790239
204705549
199721610
175180963
199890027
179668840
175705508
175393615
175431440
203295508
174834156
175295011
175603385
203777045
176355014
175972632
176454772
202094186
174846037
199513148
176040384
177504864
176325221
198393993
201769279
217806914
197167941
197723917
173293183
200503163
197871664
200617902
204932706
176208791
177244849
199158950
178073995
200183418
174691628
174348824
203833503
174504193
175286731
200376163
179073833
201004884
174467463
175092331
204091126
198802648
199998820
203133871
174735424
175741650
200829313
203458820
199339777
175285140
175324815
202772523
200072284
176209771
199698246
179315820
199061204
173982405
174794882
178899691
175575455
176769005
176413690
204456160
199960272
174949766
181182050
175407826
175443320
174831590
233433558
200019864
175011941
177983230
179234705
199192240
174149691
177703449
178267291
199083482
174461753
178280332
201579365
197882967
179093483
198321464
202859567
199188243
175469345
177702632
199705735
199783409
175928211
177570093
199492908
198431275
174586411
178609874
174758129
174164431
199172110
201259978
174649090
174406276
175102592
226966450
174417149
199369969
202003874
198629743
199266717
198690475
177607879
198076619
176115325
176478811
177976565
175083728
176560177
174219426
178576109
199421894
177309768
175240843
177004630
175287219
226624466
175911551
203204802
177436867
200361820
178818637
176445732
175162895
199295035
200741845
199539246
200107101
175384764
203816294
175845544
175966380
175143876
180107080
175542121
176078328
199922665
227482167
199860374
200095930
202489715
175355287
175715579
175733217
228831624
200712085
201643436
175521348
202173648
200741596
200722682
178883979
199851094
202054295
200268812
202334076
176356351
201138972
175450626
202327991
199790132
200130406
177988404
193173751
178394760
199126881
201142365
197110546
197350891
200317606
199941564
175364790
176342417
178297760
176762002
176181810
200268701
178368337
175771801
200211452
198547642
203040898
200830414
200479122
174793757
179706182
200361278
201327475
178561193
199324408
175362245
199522260
203360098
175793072
200579743
175455704
206287790
200990947
175172824
202678089
200510386
200464464
175917274
204882635
200332823
174966459
175932916
204300711
200357065
176011766
176070468
205471730
200403207
176149325
179667372
200101998
201043956
204350068
183958700
176907666
176128025
203775678
181382158
177221650
201229295
204536053
206950012
177460828
205263209
178555716
176486179
176425178
182337893
203506776
201454547
176784439
176586514
178019372
176851525
176054856
176824841
203422277
200721260
200718688
176229317
204814171
201236608
201175170
227172877
202052644
200243856
200764096
203166452
201662873
176025115
203943037
201452726
176998723
200967218
203741624
201390847
202730341
203063789
202572415
203691676
199788757
178025768
201302654
202348039
176255855
178539707
201650901
226815347
177164238
176081202
177972313
225222095
179165078
176104663
175570935
175505821
202474340
175946694
225349963
175242847
178917621
175475771
176176858
177042936
229128179
199882071
200116897
179089839
226464904
175733567
175947652
179056330
175665542
176313286
177642045
179125412
200697340
200768597
201652344
187907047
200565759
176052400
175787214
179955635
178556165
200855403
178600874
200468380
200675135
200494581
176892267
175128878
174800595
174098157
203234770
217061049
173127908
172434129
196414110
174832467
172471589
224735857
174528896
179890352
174794806
200708212
176045911
203213561
176039346
174622255
198948675
200943141
175229524
199900240
203492647
199845793
174399535
174929300
203376772
175195120
174730234
174565200
177574436
199717707
175250265
174933064
203468319
174639852
200352198
199686596
177819390
200558312
174848786
203955964
174843223
174263704
174660277
203164211
175502248
223838139
175412412
203286051
200354443
200449189
173252809
205502155
199235491
224536897
210613673
173803511
200137795
178288437
179990915
174193213
174404078
202303794
177761150
175754857
174831127
203690217
177450269
198753508
180287265
198379492
227292988
199141581
175763338
202052840
199510233
199228330
199119506
177982715
174947469
174725105
199788109
176775838
175627110
174962807
174230508
177085739
199122051
199069315
174761506
201494086
175032858
174896054
177302276
174397981
174529598
198970363
201174061
198136675
176896248
199585187
177468404
199408040
201533633
175300985
184376646
174909591
201479388
174313424
176915989
175707307
200620747
174825758
176769313
200483433
174613198
174287639
177479605
199936166
199153651
177011682
174075280
200152389
174507292
203920554
200541780
199893030
199748135
201850746
175475287
175178455
175959410
178468099
199452128
176416666
202855060
199620077
174881377
200236413
180816258
198977661
175179321
199735652
177918883
174680351
200173499
199663089
204509690
202329544
175694753
202651443
200219237
175237041
175136532
178077883
175722233
199566427
199456841
202686393
160256234
172882210
174788168
173994414
177516956
197875360
176723310
201723858
205019312
178092760
176588131
175585090
204595259
225656444
200073878
202886640
200319454
177501253
176646350
180373696
177133326
199454324
200679951
204372468
175795520
200539094
178622131
175816988
176687935
201862917
179875851
200438796
201002372
200950958
179433248
200876948
201532885
176266155
180935726
175699025
175261059
175810596
180593637
201652228
177128374
205791178
176541558
200589665
175022573
204685506
175452449
175597683
201656577
184496202
201107299
201022178
178972955
179998606
175757767
175564124
178224677
180349761
175557579
175870990
179094622
178214058
223969452
179000929
175404037
204262479
200198022
175885885
177502745
175226791
200144923
226205889
178165919
200005002
174906634
175322576
179766137
175289925
175287129
175022104
201990434
175318432
174545141
175539196
204262459
175584986
176044847
200046274
203537662
175778061
175826770
175399959
178426974
199946478
202942641
203193396
176284269
177377750
175056011
203422930
175080108
203048159
175996485
178241729
201001564
178427829
177302299
179359845
178469772
176526812
201611748
204820649
176792964
175834729
175724655
178159096
200844989
202094173
179610005
176268932
176840454
224636672
180755299
175973007
200997623
225092988
180107295
176164459
175838204
175968505
178894370
201915099
175753757
205840399
201164566
177319161
177198532
178843389
176600109
176649006
201790394
180259327
201334674
202752222
226263174
178444517
176877914
176807615
176147510
202937161
201110543
201087580
202705125
210887711
200391386
196887186
172515268
173910497
200471129
176267452
199906053
206593591
200799558
175729448
176661377
178744454
200854826
174391693
199382960
201956075
176232849
176023946
175831673
203370716
175423460
175408379
200600150
204450243
199338312
200000919
177818819
176256179
175300962
176314385
204014506
200447315
176294508
174800845
178951484
175950896
176075143
175804645
204234049
199448526
198805152
174242980
179711791
176328611
175801635
199970269
204250660
176716914
200509137
205166473
175946847
176525840
202039345
213214911
176746136
201229554
180873393
180367678
200901305
176840879
204305522
178791938
176302091
204009979
179729644
176389626
175814683
206053153
179884548
200624698
175958801
200630087
178033352
201442118
200867824
177224833
203875239
176023153
201166286
176844671
180767123
176686208
176929576
175657662
178103676
200838023
200756987
179422332
200911004
177183000
201839318
201854146
176663551
175847618
200472683
203957362
176665927
176597064
175620657
178828703
200935237
178552947
202521481
175231735
201200752
175907730
178620607
176045624
202451142
175203196
202201422
176334251
201685752
175998611
203843243
175662904
175135981
176599192
177111907
176279046
200070715
199982945
203136880
199798619
200339285
178639554
200261428
199802996
175456147
178616249
200962287
200144784
200373887
203064810
200553848
175002164
204920882
175146413
175191630
176109599
203141488
175471582
175962006
199786174
178642249
200923265
201394378
200397952
202850344
200429944
200160759
177971399
175962895
200564748
174691748
202581170
186403356
175515835
200062201
172856012
172417840
172126696
198917800
197090889
175318607
175961277
179456453
175352433
175523087
175787038
202785985
175930513
175514658
175679575
201919516
199250768
176051005
204828684
200512481
175574678
200087155
204403689
223221657
175368762
175493666
177813221
175430878
200536981
175306058
203768541
176029665
174338235
200229378
200384775
200633063
176287280
179423098
175529885
174942770
198561568
179210914
201069915
199365818
200736412
205046740
174705589
200230272
175817811
203719715
174318890
198450672
209419864
174534278
199322780
227063340
181873154
198412363
199074831
206069901
174499008
199341855
178826364
225603651
199274939
204183825
175628100
178932000
224117145
175382899
175148583
202861036
199295416
175159025
178577216
200208389
175289210
175325066
178559647
174873425
174626404
174963662
201989001
175312715
199378668
225241575
177308428
174945516
199555604
174370894
179021499
200018767
175711048
199747596
201657736
174823969
175102373
228070737
199098592
176402236
199206544
203377669
226707861
200674494
178336169
176022006
200910733
200153029
204115922
199676559
176194497
175512366
177687574
200851841
176174883
175766594
178183257
176312409
201011040
175281164
179733022
200129865
199960051
203965034
175374475
175955160
175988510
179459831
176523188
200128234
224866198
203521974
200254982
175375858
176686543
202150249
199277570
199008893
202344959
201556828
200228571
175578380
178781487
200904461
175977542
175561608
177571354
200272895
200091887
200332075
202913949
175585669
199398018
203031897
171955543
196066364
196754888
178405808
197214833
173496659
199476675
200129391
201321752
200442031
204249951
201144680
176273355
175511288
178563201
175615040
174765698
199044969
202643785
177047405
200070974
202830799
175781390
175694890
200017227
203921800
199848586
199509115
175051857
178603487
199532219
176547920
176054393
179619587
176116987
200828224
202173447
200239218
199472500
175121681
179453118
175601696
198968628
174202770
204095501
176506495
200434168
176246671
203371657
175757536
175317719
175951626
206448802
175948523
201618256
210190658
201587019
176308098
205997269
204207742
177226614
201293624
179243254
180615384
202152234
205607056
176231787
202960842
175151316
206061420
179159313
176693679
176728129
201220869
178240919
175979111
175691060
175730058
201899611
200534591
201794954
200512740
206517337
201982388
175780428
201935793
176023033
176060091
226429482
203706979
176809522
201617774
200146100
179679961
200837008
176845386
175877885
177358407
175639892
178319139
175538417
179110877
175909466
200828515
202165358
200199663
177720097
175947782
177496364
176062764
178161417
200899783
177014065
175819680
203220371
175502103
179821465
175076450
200781435
200280651
178648944
200579293
201267412
175624520
203703379
175670485
201152572
178417429
176807452
199896799
176259818
203778318
201100022
200479287
175720598
178953451
200171979
175436092
175222816
180027751
199896335
200039542
178499619
199495097
201052747
200074781
204425181
202999458
200617284
200236934
177870091
175789878
175798490
228779734
175495176
199716534
174774849
178887156
191937192
177085036
172172614
196735518
173030980
174600497
173543249
199790241
177778762
174507670
199180405
200170650
178538964
175841406
174993551
174917743
176234163
199143232
201222103
175578410
208339632
199292777
174749744
198747334
201162459
173976744
197806155
202756555
174515840
175981222
199561232
204044180
175472689
175801161
175143863
177691614
199389531
199725428
199954152
203782428
199365731
199626773
178708851
175268457
176405446
175736019
202744493
200081976
200591423
174576523
180050280
176439540
199158182
176906416
207054120
175300450
174665441
177726521
177786875
174160746
174270305
203434016
178121173
175071850
176241560
200935125
201629324
173996168
203256908
174346439
202912107
174407405
199231786
202364832
175745075
174634296
199326526
202716495
173918052
198378228
199576652
200988098
198927594
175744997
202103849
175110365
200112695
174511038
175271929
174114113
174193848
198566102
178307544
173855641
175046818
174487689
176235573
174049905
201830456
175926207
178037256
173705269
199918495
198889631
177389535
175113642
201282787
199390612
178466154
177181447
177355429
175691219
202500368
176995149
200535899
175105384
203200902
199291995
176193800
201319222
174952826
175490431
174954946
178676618
175060002
224021011
175280059
178871075
199970852
199380501
199848175
202843055
200221496
200167049
177615699
175905229
176721623
175391101
203227339
199399090
176432641
200828787
179141885
176161306
176146376
201539415
178048641
177172419
201599916
176140356
202075597
198922433
175817722
202788988
200346845
200516240
175019318
202807870
198667335
131084480
149225172
149737533
154904238
149659029
149474726
149895133
149671800
136047132
131344171
132520298
133171201
151953923
138650752
151760782
151955262
133264832
133107851
155516301
151839092
132973959
151083325
151238712
154781686
133014125
151789542
133048541
151801352
137285684
133278536
132949895
151821891
133099039
155706124
151328758
151216301
151340371
155770504
151355983
133296115
151785364
133210375
140329460
132752877
132966079
151533121
151641012
136920701
151375962
133086522
133155898
152092503
133167129
156006184
132698441
151282845
169641793
137880993
151219103
151854495
133178489
155187169
137330915
133256409
132925334
133848081
134231331
135327540
132426187
132632128
132758780
151338337
160632732
154848829
132672279
152038368
153761897
159497912
132474053
151127482
132588149
137627588
155163363
150921068
132827819
171303038
153980862
135887910
154614256
151255007
139240501
151324453
136331385
154687248
151149407
151222385
151164813
135909646
151165421
132622026
135485177
151018820
154007912
132690880
132778936
151096520
132666040
135827692
151296364
151195897
151925091
141088509
136523489
132364722
132581757
132664642
151198236
156138714
132654967
151222271
132636031
132479255
156359164
132521398
132725705
151211550
132789382
154396610
132426254
132454796
153154799
151135271
135900794
154602395
157068723
138854866
132641367
135937121
151731926
154201498
151724447
133165641
136287850
152043707
154246562
133243213
133221761
135759705
151799348
135326903
151746367
152235811
136606145
151874837
151842772
133343782
133377492
135859374
133206144
133263021
133466263
133284098
137089911
151879489
151929447
151915396
151812144
156240763
133169370
151770763
170443173
133181470
137862291
151840362
151670860
152318044
155693572
132828033
151830673
133304314
151887351
138869089
151374287
133078181
133062771
151969297
132928669
155462123
151827390
152063637
133396716
137728016
151496524
134084464
133281055
133245485
155480887
133048831
132980036
151855694
152063773
155646321
133135678
153224735
134075705
152276850
137787111
160646189
177732546
222010591
197300619
175526848
175194783
176047627
176396350
178768067
201438598
201380411
175911677
180107530
199535024
199843152
174656028
203154267
175711462
200048226
202718628
201257521
199918899
201289425
179565423
199635325
175041818
199285769
203579825
200506253
175674335
203724313
201282546
176118802
176099837
178242761
200675222
200138427
176363821
181311485
199509464
174500148
175503855
228769165
175886165
200781944
180986585
200309957
175651366
200824317
179697735
175973613
200744382
203618422
209071803
177140873
200632783
180130478
181434259
176639880
201551105
208600173
177672121
177461950
205011052
203809225
225835614
207676991
201606341
178890383
176841167
201683794
176438251
178925113
176508902
176394187
203982560
201186368
175898549
200771646
203982494
226398409
200601913
175839478
204535778
200871684
175555535
202729619
201341708
200851986
176008994
203519461
176923272
201498863
176389981
203898439
176470807
201495942
179451113
177381049
203022367
175430783
177541472
200809908
201866447
176511943
178652958
175768960
203263990
175964647
176929433
227208734
201355755
175697089
203708610
176131238
200268633
203147406
175663245
176136694
223955433
178979902
175949282
175402140
177210169
179517882
199760858
224705569
175838429
205550325
176222689
200352726
178220507
200882716
200730527
202866291
204307794
175865056
176162612
177321300
203645443
176374274
176136707
200071830
181601403
202897918
175774964
202697192
200634079
176413421
175442820
202102634
199696172
199373619
174354239
203196452
206061100
177842447
197228057
196319825
222893029
200729807
197434685
175202235
175353345
203162905
174759150
175720265
202388046
201396680
199161985
198690912
177888667
174727823
175489591
175848307
202012023
224245224
200149665
179703033
174647289
174502525
174854067
202887243
175095303
176041137
199830769
203879088
199047475
199444471
174863261
178650683
174961843
199531472
175912134
182611347
174076376
198959625
198416320
202095382
174946905
199662858
191016432
151637701
151791613
133025260
132517685
157876020
132964488
151297715
151232522
134668159
165379774
132565047
132530908
132732594
136339550
155984592
151334615
132572535
132515785
155695390
136320233
132355952
151589444
133060690
136197398
135909232
150994786
134710121
175929736
151286311
155507481
133384660
151379914
132193689
132574132
135518494
151365315
132671468
136088454
132633068
154835420
132412674
151295766
151187839
132737504
154502973
151276210
151169368
151212878
133346010
136460531
150883595
132548499
151196721
151156722
135414927
132737408
151242038
151107998
135381868
155607568
132489953
151432821
132623438
135976426
154305043
150980845
150913861
134708138
132809488
136460513
132480786
151340109
155004934
169981229
154518563
151995366
135600170
133480110
174013945
136275488
133401855
153933594
133255112
155665750
154747182
156203036
134541281
133308230
155452614
151487809
170487711
151875214
151889700
135764735
133528421
151781347
154945980
133255227
155618254
151936920
151686273
170385869
152336107
137093884
151792680
133286370
133139960
133169807
137233536
151931357
133191703
133382593
133111882
158609942
151827829
151922576
152135423
134206712
136838172
133042100
133327778
151919137
151735284
137092481
133145814
152053300
152128457
151724496
155664246
133845305
134604785
151714176
133365369
136606326
151850073
132998900
151599640
151850761
155275624
133387451
151381956
154368074
136312807
132562557
171280002
174290772
172738310
176788425
197578847
222071655
198578274
196901403
198950845
200490128
204514691
174784082
175992624
200141203
178435516
200472980
174942025
174964409
177290816
200139637
199653007
178265757
174899575
224964017
175264071
179127410
198185805
175689865
199993249
203108017
175167124
175537623
199421923
177746299
175128423
199318987
175378491
179024880
199578488
200335069
202436947
199663067
199773990
198982451
179304546
175412772
199745277
175579586
203078796
199576061
175091395
204942015
199116751
198304075
174952398
211066333
199932453
174008441
203544404
202563221
173072352
174794042
203147373
202985429
174999054
178064197
174318609
179573716
198776446
179899085
203836272
199417234
175604564
174731559
177340217
199772283
199132349
199252641
177981076
198810355
198049446
199628400
176635353
174732523
200118141
202702179
199499588
199602879
223766504
201120703
174408958
198731666
174514009
177810873
199596755
175497939
174694155
200552912
199507934
175122553
202763519
174265043
175238082
224363640
201545202
175300219
201075371
200019631
201669282
201637435
175724469
202190017
199685565
177320193
175907694
202446945
175435026
198467197
174946766
178593330
174684233
176309102
200440242
203909818
176386856
200688132
204020306
224145546
199897613
175621122
178843567
175770841
174966849
175886421
180275510
199472147
198934813
200698181
179384420
200046935
199555459
177464940
200479615
200212473
200572843
202763335
201869018
175081764
175621023
178412261
176027496
224754236
203061577
174656189
200411996
199475416
201858709
192715545
221494087
176353381
197112558
196604509
200790715
172567702
199595448
175536907
179511293
174869670
200213873
174968412
177027869
198797877
174739681
174835651
178190702
199451993
198943848
200064119
202563700
175074207
175938690
178252919
174107950
198734884
199504950
178920931
174916673
199365014
174429380
179264378
174914468
199719574
174776057
179099882
174702771
175436494
174878287
228756098
174392803
173946355
173951225
180379580
200326156
175029892
200438285
205104716
175662365
175846205
180867472
173793993
174770335
173981199
208812794
181956453
174315719
199158805
182595964
174266908
174804216
178271214
178324302
175013099
199066730
177622971
178178842
174641641
174301646
204522659
201842930
198828842
174457505
199051498
177514906
174434258
199712820
199481299
176800914
198487497
174474357
202598214
174427619
198353796
198440361
175894479
198617166
174099860
199379458
177260178
199026443
199880494
174601543
176883473
173870438
198545674
175902261
177151626
223845656
176365979
202578944
174442857
177061025
175033279
177051037
200567152
200970386
175717175
179022444
198826436
176700618
200513658
176877577
201092246
200545605
200241354
202880316
175481846
175441431
179258193
175695670
200413025
199687543
203052419
199857301
199463089
175358261
203140520
200083337
175233379
204567304
174677461
199698233
199324025
178495179
199462450
199889522
175509704
203537515
175608042
199691745
175354932
178365073
198817837
200089721
175571282
202597697
178248648
175811250
178252533
174504681
200441292
199517817
177860822
175524618
175640240
175253650
177275595
191260388
149635882
153982924
131812699
131588089
131054449
149752197
153372098
150970221
152960309
133406730
152359478
160240454
152301163
152613125
133570749
133623202
174684727
152307611
152300372
151364946
132624598
139426122
171014529
133448892
152143407
133506827
143135776
133812193
152048981
133664518
152104539
136354124
132596433
132981260
151770606
132616820
155455844
152534707
152324948
152174479
134748361
137858604
133627331
133613392
133394898
152328775
136476281
133676199
152511446
133583204
152041772
156256929
135679703
132949610
136147402
151112222
137495381
152264922
152453671
152295389
133595442
137905397
170784334
152232392
133183240
158588609
133529139
152722845
133837411
152690572
163350011
134232576
152919656
133964510
137873424
158206255
153048740
152550685
152819354
156571372
137323943
134192223
133933512
134797670
136750188
155805515
134046409
152432681
140378104
134910319
156294017
153160798
135355984
135078421
135004122
138324050
135147342
135021676
154078755
135017100
136956435
152764173
134275939
133914404
152628837
155923277
153151787
134394353
152983315
171445304
135995261
133935212
152658747
152772629
152940325
136714997
134151223
152912867
152729737
133821505
137174322
152832131
134052422
134086969
133828359
137083352
133936544
134133851
154119406
134209289
156233666
134514956
152813711
153378424
132800012
135883378
152167884
134980766
152814614
133951445
136257390
133532206
153332713
151846637
152237992
154014879
133430850
134943899
133352152
133763517
136372472
152154782
133533188
152250485
170562407
155582794
152440415
133718505
152465181
133784099
137038368
152346737
133713956
133537966
133551536
137106808
133582231
133383569
151897865
133351907
156143931
152067725
152552610
133622395
133278729
155926886
152127969
152232864
133197454
152915347
156553251
152315513
133198539
133714233
133720069
155568559
133099419
134120351
133562326
173163191
138626125
153783260
136681841
153402426
134648319
137169452
133584577
133399301
133136332
133512214
155595140
133580791
152386722
132441613
132999557
157382799
169373699
197424021
173105327
174041797
201319242
176221799
200106235
175400293
179886423
176181569
176276406
201345518
179106990
200646293
175352884
199303662
177345536
175716144
199976885
179640024
175864850
176305419
200294304
205337574
176014946
175587329
176621720
203366950
200993839
175986004
175325264
179301983
176513919
199421356
199924109
204163563
175303178
175930247
204244398
198462296
198736659
174702511
177782247
200782365
199910609
200490585
178947239
201401423
175015699
200362965
181388424
175936282
175951438
183104719
180951109
201838005
176925949
208007199
177301044
175710014
204296407
179244273
201282650
176577397
206022329
178596441
175254925
205503688
176828619
179966988
176082573
177033708
176243611
179709595
201271650
176500428
201457949
177769442
176766734
176152719
201282412
178860560
176560862
200894590
202354880
176795607
175873715
200872183
181862400
201364682
176281881
199893418
204807364
226019308
200929526
202279966
176144096
226371207
201028984
178838756
202648457
200666846
174480691
202241203
200749819
175375384
203951444
199945501
202649327
201002772
229347789
202096932
175345245
203522380
175241277
223854067
175826247
203336954
199946330
177274839
200756164
203231383
200572165
176360522
179609137
175602733
176578255
224416631
179152077
199881745
199925031
176034606
202439285
200558566
175871947
201037921
179479458
175378015
175065405
202054379
199863457
175743673
200128386
179401699
200933989
178307494
176239334
202693789
200464916
175636613
175803432
178731495
226508269
174960871
174350955
209219546
200777853
172540802
172381686
197511922
198233085
196356262
198547952
174718287
178811263
200099837
199786584
175085089
179449288
199275080
169079765
132596427
136115111
151552926
132817674
133267520
151883139
137568501
151578250
151808420
132936522
152210929
156178857
151071493
151360472
132749552
132549151
155792455
151576372
133182980
152117966
152016727
157054938
133270428
151799165
133076745
133103951
136886588
133113052
170330092
133098029
133049838
156189133
151286646
132634244
151303423
151325288
137666655
136013800
151728426
132955272
133148580
155909355
151764836
151686251
135307476
157569065
132579747
132998858
132615904
151335649
140844385
155968586
132705670
151310329
132533583
136062258
155613900
132348499
154524823
154889980
151434657
174220707
132822904
132634700
136637823
132629421
142944099
157353295
134927234
173519808
136224047
136310916
132637718
151553433
151282069
135785596
132454381
151290593
151276068
151261768
135946349
150875149
151066735
151193886
169832526
153935097
132591661
132721432
132818906
154045693
155492970
132451650
135862888
132602165
151195465
173083573
151321622
151235151
132606075
151345239
135888162
132400358
132541785
151423014
132799443
135439547
151140328
132438899
152430033
132537534
135215486
132537187
153081219
194105094
201102278
174935177
200601182
199222844
202580107
199321649
201716159
174640824
202441135
201228611
199561852
201990761
175356691
174288246
174568871
177847990
175982310
175146033
175165353
203014283
198314395
175630796
199445553
202762404
223734480
224294942
202661099
174195949
174876061
174770788
201769601
199846475
200032233
200419756
203326359
174919054
175142460
175271103
204607410
201482635
200532506
179439563
200258245
200355059
198965883
203075454
174924455
200344455
175812374
203658772
200601208
198910965
177007734
207191044
198862178
172825036
173141367
173902961
200649776
200791880
199719182
199968113
203448842
201128418
175402188
204053199
201009856
199973150
198494527
177132422
199901773
200065486
200867220
179260167
200434815
200086459
205024726
176085422
175600327
176520393
227838875
176678660
200562070
175071659
204221943
200633156
175034222
175875091
177810607
175527983
176413380
204426018
174094386
198784292
174553476
178874957
175252778
175348136
174871469
203592472
176233343
200112961
199889136
180981441
176137677
200801639
205717613
208183596
177732725
201722834
180897715
204848933
200334954
203103912
204199766
201992070
176676994
204100832
178829733
175908630
181706872
202154731
205051668
201868711
201491474
204688035
177191098
200587232
202100476
178470158
176534541
175763630
176704634
203619449
176932320
175732293
176198692
180318643
176548851
175314361
175292787
204036030
225692272
175624049
203514058
176733214
176079265
201187869
227162162
176570685
176779634
200658454
179417137
177184902
167441909
132801043
135878979
152275805
133452268
135452412
133796874
155807150
134168981
134192792
153438075
133325385
136041922
133556511
154782212
135292806
134924500
134632713
137740873
135092581
153788647
134297265
153310192
138935145
138479521
133489095
133832664
152336457
156176541
152308033
152323074
152329367
159022349
152455350
152306800
133435284
152445972
156847810
153426780
134983472
134483401
153107792
138438061
172641808
134804635
153254671
134909742
157553394
153504650
134863704
153165293
134652883
156414966
134193657
134654701
137066989
152425256
137177550
153101613
153462311
133497538
152021589
136486138
133255490
152112475
133219826
152005761
155540687
133747982
152942270
151313491
157189315
138742040
174338476
172888437
172145721
196255891
199188442
171720198
198744871
199090760
177272279
174758870
175377546
174936877
178708951
200134553
198594748
198564912
201766205
175700972
175580062
203538805
224323292
175073282
199078445
202188357
198477926
198252058
203083759
175049031
200117418
199895127
179744751
175760153
176561473
175648539
178821923
199085561
223936173
200195456
179225359
175245503
174629368
198931249
204512725
176505449
200315849
202238217
175558775
200216950
198956901
205167755
176059738
199491952
230203495
177723577
200527197
175370609
181943645
173938107
174201374
202202257
203365954
175051154
175847853
202331956
201429767
174397059
177186428
201005897
178066309
174757731
173917199
174621479
177518326
174887632
199014639
174774028
178094473
198167048
174299688
174387259
201357098
173913280
174639845
175410490
201704180
174724587
200101518
174534698
199546758
199373005
198723969
177884182
198724719
175044455
174501760
177415441
198438024
178435254
175764636
201688461
173917840
175616070
198568116
203708207
175105258
176742580
198949832
177514534
201949918
201795532
202249037
199825465
227698112
200101260
178814022
199848082
200630378
202903827
199443916
200034217
199544099
204151324
199485796
175932637
174551429
203702692
200008439
174445656
202820963
174852106
175572160
175199646
177477475
200415002
176647794
200090821
203120253
175062414
176384285
200865688
178975197
176317239
175986688
176882267
203084943
177016712
176974003
200297167
201618906
175046417
175521909
203027696
200209921
176289857
174877442
178033686
217542137
155814544
151081430
131918564
132173728
169476354
135961653
150693420
152051062
153365791
134407991
137969974
152869401
134524059
153127828
153239021
139283189
153685105
133151651
152652303
133925590
156670525
134101550
134633841
134109269
134254485
157505082
134000038
152914624
152540134
153145880
137945644
133727933
152694818
133801792
133713939
138485196
152993385
133137267
133264301
133185155
157745896
151717759
151778105
151782095
133007927
137204303
133150657
151718908
152115094
155436642
137295678
151393271
132875600
151167118
151130157
141184128
151731313
151961139
151987564
181481246
175639811
