1042590651
949001130
984993676
1155674749
1244910344
1140050699
1022600737
1272900684
1133076361
1338678864
1058021996
1367653634
1149120536
1260280860
1215134712
951016138
982015537
1184189473
467927992
1020696200
1022624845
1120012355
930441248
1222465533
816048518
782255862
870991026
1019182688
1234094532
1184032509
916181600
1317122591
858921602
1040564930
858833812
993839128
1362850683
920729600
971740500
1085638181
738779991
748121746
788915993
921927788
1103412585
1109519998
714688209
999649800
1027533818
972224209
1160303440
933961436
1013860936
1090860899
892004511
1010850312
897508599
908279109
1013250468
733075415
773986777
1197451039
754060484
954688018
584182288
989722502
831076966
953897281
723500012
853866584
878507277
783220147
1020856279
975535889
995115537
1237211829
827986916
1212924884
800345536
888365035
1063210009
1066956803
683909002
668496669
925821673
1251319618
1266431869
1070927654
1109455445
1209692897
1280625561
1187732900
1398458228
1045845798
1122772543
1142247524
1126856549
1001418051
1320623561
1188935204
1055433138
979597024
1217770475
694865335
1015642963
967825441
834550591
1199073129
1151675923
1068494281
1261693547
714152597
791894338
943540130
1156984767
1281051145
1123918270
1060310289
1041952079
1109751942
1442883133
859216888
998244059
739023155
837603937
1032127160
981124353
1432396278
1052608768
968181092
1167264877
1252358312
1041033152
1207054549
1162845471
1009714860
1217304617
1405654752
1309674678
1069391481
824815751
4781169923
3201787849
3848978124
3366620864
2030737584
3231751611
1338335612
1097445471
1023915773
1299102756
1051276473
1136773535
839207309
1047517977
1174055248
1305926573
837765189
759060057
1103126594
964783995
1008044698
1355231559
1372125664
1093596600
997154685
1086641055
1167218510
892854250
1240025833
1356579508
1960526448
1783866951
1738349229
1099096340
1540711005
1928520267
1650973093
1556701896
1748011540
1309229849
1084432579
916928683
1371754595
1210396416
1123185748
1054278234
1133220481
1228852887
1283254850
1094277426
1269068283
1073780011
996491635
810781790
910797698
1121285736
923625320
879152232
708577107
984550111
943918744
1019306011
972547827
1004294011
978434223
842212802
778027657
798935003
819796410
950861177
1129010082
820400817
732266316
799846498
971236940
1052756803
685890554
888508987
803533161
1015431548
826126881
963240353
949712848
1051041260
802176493
1082257540
1635854202
1432908226
1581424389
1593476677
1411374633
1808653816
1926886536
1994898299
1406888175
1276465522
1709730856
1960406799
2045218036
2069990168
2173804802
1774639109
1581175988
2167603308
1933652624
2060599009
1455909430
1133982914
1121804439
964643829
1144361707
581415167
508824044
485716741
355224202
419005443
469660371
1101497205
1157839496
1283507365
1109230697
1071084455
1012320050
1100814076
694759983
1059063219
986991361
985300887
1054971331
930094738
659918452
418929476
531285061
524215727
448244878
478753003
435914754
435798501
576862642
432961317
604817102
511476218
511871666
424081403
507449466
453999124
565028497
428128779
473169738
509996108
481398395
388324699
481556309
452712087
343269167
456059449
438087857
474801434
562057751
398846795
443313595
500191566
582931789
409830584
522365311
582478525
511737480
448221525
494575274
609053789
1060074909
982863247
1029762215
852293560
813389143
1363856213
1086243953
869123038
545073990
488656917
478661954
430833921
471873226
566366790
352741085
512086096
349548960
464722947
393275905
474345539
404811311
645017453
474001177
497845342
613605064
480571992
577350325
615212255
651831598
585820124
512576315
503420952
526245633
474752161
450024730
862730297
963208309
778841912
826954844
979704513
1222509284
967442540
927242732
794266245
847450257
935900369
827892147
1028315387
927503587
794651469
965718923
1013102494
1088376325
746394699
728889817
1073912085
856387315
570674108
988684781
1055050997
1066476303
897958949
932897108
962624010
1049613981
1074420892
1602317001
1091530356
1154191387
963612911
1245174046
1054147588
1091745001
1354596906
899631858
1075877140
1137377339
2034202240
1524287668
1337417622
1569744850
1591586749
1287121263
1458659925
1776987771
1711019928
1728098050
1690970763
1629477924
1589111329
1142074322
984318706
1165108055
733015850
1096915042
925144994
770883124
849474833
850915448
1139406716
1088422448
1091582953
941794244
1133808517
663307119
1106631646
1008258608
762200532
1109998053
895078522
754400438
653391898
918078077
494244503
484089947
546651923
413859541
485254992
809062886
472058326
533800547
372168201
579299628
424945135
456140942
385371130
414861825
496078792
529216562
1185837054
948719171
1158711553
1443184272
1237896329
1226419551
1403692762
1290967755
840927341
385797322
448009723
479618302
957561882
580823896
900531219
859593507
973127438
1053292711
1239352666
897554638
1062430633
672809166
508742791
531741480
622184406
514490242
505166851
374776213
396931912
478161858
625203919
414180134
389623669
417521937
617028205
519431286
558210560
471547679
428781702
456790399
323883212
528555502
564799098
460609239
456743040
370873581
1142459752
780792277
1026073903
913095013
1370740790
1112668328
1004942792
1204243054
923647922
982373037
848849511
910454259
1050690850
823613959
915548313
1267485792
1039135733
986956458
775022966
969327949
804790423
1372447150
968271571
992151036
790958438
828746986
1023469809
1211003456
980528317
1174192598
1161458607
1030198316
1249601049
1040257095
982341657
1487476046
1228126907
1326301497
1155282135
827976611
1169944122
760719534
1073036276
1014862323
1138730002
671342143
1033286728
903467412
922671546
946552748
1251756552
939872899
902115190
1497411077
1215138191
1191352919
1104983721
1112067449
1251910208
800967879
1069754246
997241477
1135490429
771835428
498061116
401578871
374810459
403710000
486457040
364014060
553584556
395162367
435794168
533250019
426563440
474278207
485612177
519851315
578056268
450179613
512093537
609024320
563076770
521829677
463116356
495592865
414444335
486546245
459693756
456017300
507618247
389395820
542138193
461235345
332997600
482888997
435692194
343547494
541199420
418382520
1286659839
1015144938
1076386833
1354250018
1073418160
1062361841
1179122379
1185164890
899323725
1706660812
1341059202
836824047
1154235317
978553366
1055381465
1466409206
1389968843
804896404
1579259873
1675971556
1935254290
1429409249
1790081881
1787430203
1848325439
1140165540
1780169076
1397750816
1531069587
1996918193
1002061476
3747344011
3465295177
4273935687
3477479452
2247560158
3237927001
926938004
2573558303
1894593665
1801364785
1551565036
1646636662
1120542149
1633347936
1878052578
1867156926
1475567623
2065124563
566829666
1068930272
1201555212
856939823
725384525
855748422
763176635
892095486
962832018
873876786
845587980
838253213
1169634210
1015869779
1108256568
1028102705
837206468
1040443826
697892031
1142079060
884821124
1032886320
832908391
688578597
575355560
698287788
631617533
630124631
660227089
1126970200
1601777288
1313254373
1340693782
1654943583
1661720263
1736432346
1314146385
1501121644
1961584939
1755333330
640360523
662926571
784370891
900706307
656111235
682591908
1574919153
2128035510
1935550994
2112559115
1073842911
1661100475
1461285855
1360488101
1695618597
1452905544
655183845
1591833495
1816703299
1432919718
1618486227
2127892439
2012492789
1237298758
1804106270
1837412864
1529039721
2444038059
925680435
1111007794
1131855900
1185109399
993796468
1170474410
697516442
715010156
1348381224
1101914559
1306898951
733427784
947703999
1091076403
781658212
1125718656
1088495745
1095097417
1207217394
1168356619
779096388
1281532727
1245444092
841622336
1291296029
1269699331
950180089
788252588
1335746470
1070641154
851332981
1095232359
1081058319
901981872
943335754
1278481367
1235489709
1288351884
1306789172
809422443
666015717
702486077
717110727
692337925
523546691
842510732
645375708
720089459
630093806
708508353
697603104
703243496
784407177
790506967
759748856
496085838
651506736
754154338
459666130
873458593
571205939
781327321
674103572
641950623
788968355
676005796
563461453
400858039
709990592
623124937
541343716
703605673
722003786
596983163
510581276
738908573
438545472
483808946
753219868
1241632094
1909287469
1897127244
1393554914
1642785451
1704157093
1703959660
1599524331
1441824480
1331421774
465323662
639660867
688041019
733568891
763984978
485282512
705756365
565199320
662067500
589583114
608706838
536900284
504694837
516728523
634626415
676295389
794237675
716740435
536960951
705555543
491301841
509681195
479689980
485646756
687761333
550698840
746850032
712426208
686866605
731067760
745511283
672535100
722203223
821664513
576980058
683514335
472896778
663263156
735439307
798907752
647039583
822037083
537572265
723662482
791776804
700594186
658813338
709969372
583200187
511149714
646904609
857220418
461632267
632431273
652852737
517041524
707330986
598989594
680836239
499997975
639994977
648642499
666852099
545126074
631783471
1141736767
1133863533
1241977467
1406234329
833248001
1259328884
1247750479
1373283653
1129197886
927614114
1080622646
941911451
1257717678
1283151029
929397885
1050130871
824079467
982660088
900233577
1586085343
1987779839
2005332341
1908866997
2391343745
2415892648
1509366620
1781922616
2161303718
2135761958
1057481479
1036460004
1861691310
1834181589
1918411449
1521281891
1295728040
1858336296
1383847715
1893423854
1673510223
1299634872
1294654152
1954969063
1517318174
1448063364
1399222699
1618499647
1680216068
1639624037
1373317448
1606363996
1914498678
1719172331
1452277486
1894070456
1591830054
2363300282
2017771327
1895258919
2044319424
2078010511
2422194274
2056595459
2044790605
1345374194
1110209294
1441499404
1420586007
1345732340
1620767072
1272566173
2232560180
2094928898
1467430578
1486644382
1296404238
1385063446
1607046584
1350121493
1418629531
991156006
1659891034
1072911470
1625694011
1947434988
2073932029
2187523797
1560611167
1306875929
1835159848
1652613878
1896389274
1717522750
1521423215
2184020753
1861937526
1761334254
2137385179
1555130743
1856921716
2339952211
1863427725
2289436302
1547264023
1679537785
1969967376
2119288583
1497612315
1753506205
1671450800
1547342610
2077962729
1725372622
2021869183
1129099122
1316486239
1850662853
1999712565
1903775528
1822007596
2025584805
1776698566
1573605430
1052948058
1780126153
1421701758
1460746697
1667660022
687082768
1386991675
1765146077
1741310046
1600385799
1417159675
1782904243
1692634342
1844672213
2036436134
1790843636
1510506459
1703252510
680172974
1478992288
1262640026
1588599087
1207920145
568815535
650489596
601050411
546573113
583776307
654556575
645891121
627372845
609957145
606573502
670537957
564232616
477326033
474046860
417385406
541298946
518618390
475870968
613250919
515824532
609553018
485078669
636886874
638566367
581927270
468855178
506697623
2063698269
1563580919
1661335989
2413105654
1296045453
1989377845
1365238227
1991809684
1331568086
2322339731
1670147440
1253026591
2144438146
1836751992
1945168058
1544842939
1519811100
1445681917
1411833946
1123586346
2322522811
1494326617
2048254262
1900932495
1305804371
1266694664
1248235819
1595523245
1368928408
949875472
1322468184
1179662349
814633762
918325403
1240855018
1183287082
1357057892
1064017600
1157055376
1097268162
1383712189
1193899083
1122087357
990812084
1294939988
960369502
807236010
1065705939
897468181
1060440599
1188927031
1016474997
1340746506
1332131230
1197200399
1437419991
1077173610
1230592768
1358902663
1313098754
1514258045
1792542486
876801802
1363663132
1237924842
1510664495
1323221757
901009794
1690103277
1224261281
1567026228
1702369716
1186398467
1020989937
1433982152
1158082380
1588084287
1819894467
1679592956
1646048142
1146485921
1092484166
1355909200
1428759861
1773446370
984845251
1518659086
1275432875
1770918625
1520778655
1480204097
1609694943
1423083466
1270364725
1085311178
1521115657
1634360538
1579209677
1354614420
1409812533
1816818062
1206594647
1370855387
1211926434
1642326423
1707511114
1515038130
1139395571
1933632913
1370591372
1361903413
1368682804
1325628936
1413245957
1516860869
1758162270
1130124179
1354223805
1399736876
1702451833
1626318322
1564665822
1719589649
1804250980
1339302813
1848718545
1245779679
1480163070
1430381693
1505441405
1543152210
1138237157
1327992959
1607856420
1155910503
1502036003
1391629718
1013983834
1720949863
1552733851
826362928
1410629456
1682286675
1688382090
1166166137
1403749801
1762123314
1745430077
1355686510
1052222141
1611914285
1332047540
1497995146
1279265412
1087408993
1550631730
1722699323
1546173271
978919435
1207890067
1157919547
1133575927
1468581289
1280034700
1083011446
1178174313
1303602463
1085247869
1335373349
1675834227
1135718405
1015270114
1208496766
1178084007
1278485890
1081544036
1425034423
1256687439
1469151961
988263153
1273873809
1338415059
1205535489
1122790065
1547216302
1186538652
843769538
1264673527
1187846698
727964866
1350462426
1235706324
1009264751
989364344
900958131
1139153357
875899214
1135812556
1461197843
1305330055
1528356803
989076900
1343089281
937213108
1164932549
1443596274
1036010835
1350306891
1090061253
1248914605
1369960441
1576403905
1241919630
1209453802
1664449535
1451453228
1108851057
1133325804
1544102512
1323388175
1374426995
1069852819
1418980620
1212910205
1515888065
1362283906
1567597722
1569541116
1702369287
1408856894
1531336577
1659248635
1552650900
1133929400
1201715601
1362055480
1205104077
1201723937
1569744635
1129714096
1361601248
1902712982
1545625937
1650993447
1071195654
1518712315
1744921688
1030891447
1571554474
1722482856
1559549529
1314374075
991831202
1055727381
1781434020
969570669
1603956200
1561262056
1720781910
1448678306
1412651599
1561795943
998623744
1918056120
1339514153
1431998156
1667911533
1160877933
1697685383
1061726642
1184050960
1337380363
1297029555
1682422729
1326184603
1080429481
1498653762
1463003190
1468786541
1258160034
1317399283
1381667579
1613095394
1129549855
1190884325
1456795210
1347282430
1306336270
1078433234
1432267179
1431609190
1436858168
1270217104
1016451560
1229045168
1102490180
1126730973
1415452022
1220267157
1314999900
911456834
1374133901
1679110702
1506301685
1576735108
1678098699
1419055916
944002306
1615644038
1279908871
1275331239
1068925763
1500940913
1512566553
1233325520
1497261794
1786802140
1474006815
1120676733
1263485003
989479229
1178175082
1583866136
1291883877
1324493931
1059980803
1429777257
1365259657
1338175155
1350764718
1085519198
1019855585
1121017857
1007667225
1733519546
1675328370
1198651016
1630109983
1008786287
1773029378
1453614899
1412047527
1444753606
1657984222
1174553971
1102878267
1061819250
1147916027
1547516495
1519747324
1371987757
1314980265
1951280533
1294980851
1235009559
1385987075
1542149803
1422437199
1232370021
1630503024
1539074241
1255699438
1416406288
1334239413
1229057179
1669421203
1363668999
1537159791
1949068944
1552046641
1933978164
1438797009
1186795555
1296641539
1396869853
1563256210
1500961026
1532013316
1739449528
1569187861
1154385270
1383278911
1684414543
1128829777
1608310395
1561090955
1567670607
1715956232
1267164482
1658112650
1531016340
1470423501
1274990007
695366620
729064348
642633239
580786951
452964631
622079009
629685359
637176470
690855943
781322253
665601826
589673239
582824491
644904079
546855804
540919870
684099694
631520526
648580605
731257766
617276094
593847765
735320617
564538229
609983636
600252608
643902511
682265622
570658756
588471256
461172106
713472143
505750370
735139376
772196614
581309162
625523098
592192011
649788610
632565366
706322784
511850708
760183225
649332595
396085985
472548540
529063647
697708378
620635131
526654284
640530616
629027806
578373297
641442423
602173956
764312915
613416197
669537490
503281147
660610966
679477895
480727106
688721394
646444930
518656566
477861100
547644456
782300677
612045247
1129317036
1408610777
1196533184
1175352392
1281889662
1194392857
1146730463
833444522
746949898
597083407
551171857
623826015
576278441
579498410
650941993
691451108
591435010
555506366
559911533
665799294
504518966
534246092
547383258
463227028
552614738
1058420880
1709060757
792704319
1278796960
1233736916
1380267024
1310001908
1452425064
1482386131
1303537621
1273266979
1464595685
1348129531
1052368349
1271854950
1134955782
1347495911
1349691313
1314483729
1379637899
1295498607
1209559442
1138711670
902196246
1432114009
1719838553
1795948300
1281868742
1217665510
1119974145
1371597359
1556187310
1714419061
1439437145
1308550034
1160379142
1816965332
1683428228
1259201480
1631797687
1532447728
1395903234
930085671
1467226186
1448862688
1457831856
1054003684
1389156200
1372712352
1291794904
1508613557
1183816321
1319874984
1490761384
1223403354
1325781971
1500986957
1059028951
994250601
1350401709
1160488905
1099987527
1226577517
988498964
1336777904
1288709325
1225910456
1088559228
1178255305
1249062376
982425471
1055570579
959791910
1523506974
1661644554
1300174821
1156170103
1372710780
1281162802
1240215932
1112251180
1118561775
1165559060
1445260673
1242875659
1394846408
1003097846
1383402659
1018225030
1050119239
1134252764
1204226690
1155263213
886163204
1563776333
1094833612
1384451822
1487022367
995326513
1340678007
1250120921
1525708422
1174476293
1501227125
1075926902
1414146232
1451116261
1536234993
841021895
1507432882
1544375305
1142202827
1238906921
1228242923
1324385204
998951613
1705519517
1229404648
1078163916
1078170452
1320647824
1308472631
1406551143
1234649085
843632650
1327331506
1133672337
832802367
1276897785
1492021561
1169189421
1326477044
1121891235
1199186261
1371140811
1123760686
1367165714
1067317153
1425285723
908538182
1004879112
1475492941
1276028348
1124775327
1112203576
1020436380
1160971175
1453540332
1150963329
1534608927
1467660910
1082908907
1443176989
1479050000
1104788547
1455431092
1555663875
1220734760
1331704146
968912901
1113704293
1408644198
1457473074
1117214763
883359063
1487419827
1067720426
1460900391
1198778119
990115292
1160799154
1244941635
1191997047
1183358928
1222576180
1068593210
1073223997
877190681
1021778966
982413353
1322243270
1085249724
1022821571
1336244688
1403651980
1232496272
1365264473
1039926230
1076902587
1016071616
995885119
1268395605
1106037598
1116791060
1209728929
1277453629
1010242830
1418152445
1192464589
1182797779
1150486043
860251667
1474652981
862269273
1022934256
1076965783
978631080
1245675646
1356502315
1310429997
1201848477
833920482
1028458725
1193774128
964913212
1193953533
1427480768
1025022194
1223608828
1260103403
1418780357
1106708420
1200181594
1514147879
966125145
1166410060
1004719977
1193856777
920101954
1146287201
1332059797
1279216521
1273774276
945113305
1212009499
1103453945
1019822008
1086149485
829930821
1123024953
1055911480
1140187864
1112383357
1223861275
1309617759
1175667284
1086343694
993498017
1038756163
1007737058
852638072
837094080
1049864081
700078752
1014215899
1122274820
1099109488
1029474464
1062482619
1068120356
1228808192
1178733784
1246527274
1313692546
1284383067
1098569600
1208697953
1175015987
1295983050
935141430
777465695
1229920737
981741967
1005415955
1151390734
1347993614
990979112
1265981912
1033228210
1138687181
1168302802
658126040
510140029
638797286
593761281
489734650
471741051
611278888
498943461
552870186
530904956
591773750
571362089
424709507
625780803
508135252
427154456
524776530
623498778
514108032
530237848
575875550
473169214
516145766
553656446
403068348
425945188
551612103
385339713
461062692
566839443
537023931
1574040011
1556053737
1620633518
1742221156
1766998343
1222978727
1363578586
958387315
1234049341
1190963461
1372851372
1268683841
1258571941
1374590640
1293933133
1257305433
1143813268
994335078
1525292342
1135745976
1502047474
1153986770
1442221865
1295678462
1168910695
1479488005
1088733729
1492238962
1418301955
1276904656
786628595
643277152
522299481
625040864
463622113
639747869
477492225
524470650
576558455
496563757
551630262
726224642
503475460
422361600
531916472
630212055
741313983
623129217
677033298
635224253
495759113
666547515
622378703
547776675
631400601
506919780
644229505
593858137
630025907
559521409
1126928853
1576517389
1268622555
1383621573
1005263800
1565813726
1424138952
1380854728
1382822687
1066124825
1464476577
1445116524
1210107712
977909957
1449553291
1309796712
868736389
1110728332
1615115612
1473411150
1348048795
1432771531
1524464270
1405042631
1852454877
1425984382
1647441154
1621184815
1362344052
1465971282
1817410681
1264900129
1065223146
1565399492
1739797285
1634713756
1543355113
1279170631
1558590539
990684407
1456265452
1911962577
1520912767
1646610651
1188726877
1312550811
1793898731
1709042526
1702627646
1653151279
1200217929
1251829848
1683490669
1381015853
1648556123
1594459661
1052797444
1641905677
1336342627
1191573207
1224884209
1444550650
1430643122
1358726008
1406813462
1358022149
1162598272
1289843229
1555874786
963071285
1257719024
1274504414
1077068044
1237351277
1487930196
1313727410
1475136544
914076629
966834870
1261677108
913505301
1287520567
1260717869
1269661868
1400121129
3504757031
2485939814
3234650677
1211530657
1078366421
1095320583
1100897712
1308347720
1051894502
1487386141
1105842120
1566595819
1108260537
1049056755
1227145034
1020936859
1364692820
1035728954
1398781877
1359103973
950021524
1511824163
1159091604
1512713380
1294194824
1410663937
1455609108
1496460432
1464368930
708814642
1071006564
1140105515
1559016332
1362481731
1060040452
1356326939
1383709896
1159812081
1481985662
1452198973
1654392181
1408256074
1417571604
1638567961
1512256773
1169085508
1176726200
1561161098
1312733302
1281687941
1409400120
1224347413
1364043168
1390117194
1167214609
1347024552
1378706946
1516318974
1186268669
1698233353
1176023759
1619583914
1576164683
1333308813
1334959679
1550762030
1195934136
1544316744
1763294675
1523148572
1552639582
1217138279
1429158163
2009519217
1840829419
1417653410
1551446654
1555218044
1356270842
1135546745
1614963433
1302763651
1562137358
982711658
1500356762
1113877481
1549744590
1313419830
1517009686
1828335101
905003577
1401052296
1596127991
1660339036
1703328824
1443836734
1387514389
1374313561
1335479719
1356536163
1390897512
1230716290
1182715655
1835641042
1755634677
1714346811
1462288844
1005471210
1500241097
1065758490
1192644662
1359265191
1425830077
1546939618
1512112806
1356927688
1765421709
1760156697
1477928524
1345187682
1526647970
1326907709
1391231791
1515611516
1223584058
1392804639
1042673741
1190748313
1239685011
1155491546
1551709495
1034652251
1378240349
1040789445
1431431269
1207273320
1392270566
851827643
1388836176
594623578
505908997
586811455
520505287
531562265
542074352
592666654
371281668
656016442
571263402
569367191
508313764
594156151
659424255
585222914
605509199
508302280
405046078
705623056
519860152
552109765
474979097
627188860
592385023
429795390
638649403
538018696
457171769
433045449
452299881
522497011
566399564
626766881
502149347
454412324
707797423
437278344
666583038
593217786
502068371
566364126
410350542
613986119
582001001
522324499
607429489
582603023
507680544
631298829
620698352
579263733
510366362
623575162
563590243
432064709
436939396
645261088
490867874
492442301
418412664
505477538
422028977
657734563
588253084
412174560
423973028
607384382
537937913
485336225
468616588
534649656
554969688
580886023
491179469
500567509
594767654
602128021
433247725
539110801
657225605
481642081
489350986
470928567
473405995
396465900
548349873
544653256
392324145
467067636
625237332
558174312
546175319
640646322
594125258
528247379
499998726
421907093
558175857
575203615
500118778
462026689
572122420
644097306
438686157
655858996
580076940
623857790
662998224
521763523
698779271
429824153
563496351
755808556
686133513
669871714
617776822
590095070
620540640
565230540
591918670
464381770
720015332
613534643
628376770
538221377
627764466
679294139
460896576
561984767
605721697
516332579
513347458
538715192
599721172
613858925
527554717
513280098
656811885
639902483
434871514
467091534
677950918
550146185
587649282
455873062
627034949
542945244
498276170
420955941
534646985
551669305
458695487
606375443
595612684
567847637
698768272
585587470
590030609
590704695
452124571
536857028
550360399
604385975
683911362
487332624
557048428
569111342
635442610
618532998
610584785
665433844
692518139
679802246
538849279
615558978
638045814
428160499
600392361
450207985
513049422
400662022
508619884
599023142
632666847
568485609
660186566
705795315
712500701
680496244
670530126
590078825
572249349
670984637
509088845
389015292
671930712
483200659
712656193
544619935
573740980
445699802
643059312
595243151
609951879
656975250
486650503
592174244
460618420
769866381
470936905
732418386
660198150
551548697
572780149
502362097
637978852
541449654
621013180
564520643
582362849
551503923
649626411
648856453
470377452
524161592
556447183
637708475
578345875
627421711
634423671
540370204
691546215
702406187
614915292
590327910
548782697
478944210
494787931
704030953
553887693
472956310
513645989
535481627
689857871
466940116
470406551
610205301
638965800
696412187
640046987
743279749
655069180
621548661
443303799
669729712
657833255
605957113
558314569
596586995
483822177
664583294
720540537
489538568
611978775
678494950
424347633
585028555
616131471
675566056
647293418
630679676
597076131
645198199
453275256
414558549
531015398
609438276
413110481
551674371
604191862
559802150
585829994
378266582
535119745
708391857
630834097
485884275
555283874
539217471
579026323
536096074
524123785
620923419
612719545
525296769
554365406
516171971
610683324
545506803
623397081
617857270
443051963
472652895
593379092
558126829
557723559
514844157
451884264
615947117
507560879
473292022
500937838
617672614
528358223
551466880
560434721
536007682
707676179
602664225
525531100
536431411
493835213
528328955
517542990
1419971189
1351134931
1563639763
1555934157
1536665776
1064408106
1409993123
1269939847
1188902709
1268042387
1318981588
1240137276
1344938290
1465315111
1015078752
1314952128
1653786518
1859550859
1199780479
1184882091
1328897597
1508049455
1289265899
1258459873
1322425288
1450193885
1616839669
1803137378
1305888795
1353949640
1337262220
1257025894
1597836279
1284398110
1275509404
1699137205
1228163726
1198579517
1523697362
1641504006
1338078155
1608407788
1301682923
1638703692
1545308732
1522218109
1372718241
1581485040
1391967462
1606679734
1085980696
961961067
1729489286
1302391581
1074858300
1475054579
1720223761
1461592020
1837536135
1640940621
1749700071
1486455373
1189750493
1253242286
681321016
724956441
654215946
569394359
604776731
554439282
763013118
560454017
436100743
548828989
655923903
623009964
681398815
676769007
496663990
497335852
653849489
623582457
587161029
559578269
542317048
625417575
603785484
567647949
651269528
511423191
664361987
547949405
633107571
554741642
724988361
609076263
444800932
605915621
535490500
551408787
509394806
579895801
572180705
583476157
578080394
736719236
471280683
567413207
709148266
699690539
547013000
733926591
719860394
524703032
672287187
604933659
689227880
623751186
678714029
567757257
729905156
637389925
507120908
652630131
666640233
485561757
533164608
589478362
604540305
566853232
756948268
645914244
550863660
648350693
655260122
518892578
637933652
560710670
737797521
663658697
491933502
641566849
588472674
558929423
589105886
471609958
727949912
696972693
606087737
614161351
557826216
578892688
568144260
512930790
599004354
518206545
474036471
649420443
636761008
614991008
460680488
558844972
716991349
532177756
541784278
573626438
557218441
585841344
678938656
572073898
527995985
661357304
525990748
676799060
656945322
568350522
674208497
564997974
593034957
703625603
607687255
590299396
737859305
727888873
608981082
571499118
682415203
509754327
501296048
585034220
701508717
529915336
661091792
533268489
459524500
645027834
447469645
523251409
649968555
545920588
676214481
818909927
576425374
551018364
564192577
588368954
640155039
557347997
671088368
603033452
623977467
636482507
540703292
548179220
702087680
576523152
471924300
665628807
417241084
547984776
1599404737
1775036521
1494224368
1512809180
1406598797
1689783025
1543256899
1493150269
1114225344
1321903255
1213998522
1638740703
1338758609
1209670582
1240293713
1425685967
1440452148
1337777939
1313480712
1493688108
1326631334
1074799393
1296478966
1685183443
1622113864
1506158930
1709377593
1534262425
1624155870
1056813633
1376876215
938501268
1207892513
1416284858
1638843929
1321909482
1412738610
1062111249
1490560381
1315948777
1231563152
1311602355
1389240939
1196106654
1473271988
1670963082
1412665022
1250209879
1786197527
1043341407
1494919980
1172708089
1597426342
1474280647
1991081276
1497925562
1899115708
1370984597
1612505593
1066563825
1452846407
1604408071
1505348774
1417880290
1145152990
886319825
1701852401
827251997
1333605688
1187421835
1042861529
1343260167
1463234609
1347593444
1312823041
1345884171
1432354929
1322307252
1340625044
914840612
1004685680
1089567988
1046442935
1035076048
1072031396
1513389381
1107027180
997871994
1557298202
1436332067
1425812261
1163624906
1317078600
1430278551
1272273493
1158571639
1230637270
1037070880
1081261188
1346654518
1063754055
1025166602
1208636284
1130589567
1290156598
1045266787
1408923424
1277125612
1251277936
1022337509
1520841140
1202078283
1506925862
1276309494
1033481932
1217598936
1459193835
1230943018
1348162083
1258533242
1696029384
1576218057
1286322660
1295010889
1175392931
1499906068
1270250103
1636027098
1334842923
1083003288
1084124645
1057052390
1186038873
1612023496
1219537631
1326637929
1202957223
1275107839
1603555876
1539566371
1331725685
1328133212
1567115175
1445000309
1264279598
1295661961
1465036475
1911114467
1749852577
1490451539
1158083030
1585930500
1452081257
1356490988
1157508926
1628282965
1014069868
1031402936
1627569243
1570520750
1931687047
1265198130
973156887
1505179713
1434922464
1359216495
1483166603
1081580615
1143480747
1387964845
1580581843
1439272766
1204700699
1368878986
1553049908
1321548444
1438104322
1281380785
1317073125
1175578508
1264545213
1143950971
1386404143
1189668477
1600688249
1405728571
1662813836
1189889968
1359467772
1503893544
1217491879
1316909955
1245122742
1433701899
1096742266
1244533938
1377518371
1311157300
1734806187
1215913555
1362421526
1379257652
1279750427
1667676998
1437023965
1012923786
1439355700
1206989886
1379130537
951782303
1412014232
1710546682
1433034437
1667828298
1420463124
1189393743
996926929
1408211615
1365062068
1506278031
1054048758
1453924248
1471644881
1699340862
1319644413
1227474967
1471726174
1520990640
1230936607
1172390050
1058751733
1229170553
1149555017
1335035288
1018384127
1370754484
1324398638
1640401348
1125722600
1580722777
1386744084
2038490178
1459652910
1305306431
1328497601
1217031273
1276253386
1125884194
816195264
1132299548
1032937670
1174118096
1660927136
1455305776
1211358900
1288179316
1433849630
1370391833
1530055277
1522732482
1162877580
1259640561
1478897681
1402562668
1207810629
1356421179
1554924943
1488715039
1559931186
1552192585
1194418189
1228642450
1400830680
600319792
594030058
609036128
647227550
500593976
554963809
544689675
706234294
654834483
640712813
484293145
605039594
630479506
665458975
438871026
621867955
654957641
601636859
571281512
614543196
589432536
614618370
592664807
626878568
640792385
653100075
633247098
643762508
783612418
474817493
725926093
685247818
692211652
546387655
639901784
596225070
575206850
769273016
496120733
663302441
526062720
517814834
659522764
588345269
597184656
661240832
484660343
691452526
678944358
617407674
481887866
563326858
699138136
573389387
611267385
413367481
482195254
460805195
530553934
591218194
678845537
523937577
668168479
672132166
672301469
610842043
619004138
1080488379
1376920188
1365140106
1032564367
1381191068
1157806312
1293719564
1259149719
1245986981
1093615946
1725036891
1357618218
1065580649
1503958113
1354996561
1356628888
1557303214
2079494303
1345920005
1212372490
1770991596
1716604087
1422282831
1488964613
1668953870
1446248835
1065343718
1605817546
1830636638
1214833102
1223515182
1157318456
1634366874
1347754295
1173362371
1498991328
963023810
937052819
1010185567
962377277
1381305461
1149432367
930145395
1096192124
680446078
1197969251
803163041
985796503
1343831852
909897272
954773712
861975624
1065489321
1313866466
868467465
1167556430
1082889674
1184708526
974267645
942974496
1050151985
1248222251
885536902
890089488
1029365932
994231832
1049924267
1022716234
1054277713
1100584429
1285809413
783898402
1469531478
1048099404
1254381289
885702005
1186905175
913415022
1269667334
1076726750
1088103885
1062588333
1046071558
1042575732
1171716777
1321052787
990118214
668989680
1116642632
963702261
1195725242
755844762
1086625679
1129081614
781824608
1331112276
920044353
737217584
1059451337
968461587
1287157481
1032911167
1083150850
1138978896
1291923888
1370017588
1251118298
1446522313
1291343672
1010855246
1169344592
1096732207
1400274022
1236765993
1033701311
901470158
1357619089
1358259573
1278255157
1181236482
1428582229
953847855
1247662889
924115721
512989695
594546576
580612036
655412439
542120355
634701201
420180750
506870051
645433600
610369825
605926596
529301120
490691796
752596190
608198714
663905431
591143043
587958694
1139476280
1213006056
1792323867
1362200790
1427270728
1543806439
933063304
1418204286
1229667270
1542717481
1363225268
1466333558
1085954552
1084215680
1257747472
1079409043
1505811176
957297014
1106143176
1475448507
1350616255
1601425974
1371792927
1135828921
1541591706
1025547066
1103608751
1062315730
1719922658
1462453305
918789740
1529734813
1695640077
1258719359
1526727452
1311897278
1628690386
1694376136
1082289745
1661306680
1526957681
1379662009
1276282612
1149244065
1135540285
1519279347
1575334373
1584902443
1427045014
1273793012
1470762212
1027844016
1443896251
1505656972
1816786126
1253668222
1352661800
1540915108
1331868069
1429366428
1529056595
1481008164
933446614
1388404019
1601024843
1327758834
1632040864
1212954887
1478303159
1328581645
1790808716
1101319029
1197878906
1210806122
1260320325
1215808672
1457060474
1487865845
1435295030
1358306400
1771041084
1139127008
1195892304
1447375114
1710908813
1273424674
1350378280
1599330413
1673976928
1590376365
1327757642
1182417964
1020198341
1485501524
1338740169
962658124
1583083725
1154352364
1171171910
1282752417
1209479384
1372077638
1459962946
1286933920
1577964685
1461554926
1330144191
1456603439
1395639774
972487793
1225326053
1436103075
1458544503
1587767263
1287260884
1456146062
1314730359
1295278990
1314702112
1434689022
1431062303
1378061142
1351095620
1206839165
1401484287
959129293
1420354328
1170733221
1440395664
1048769412
1137322407
1257000897
1560990385
976191448
1561887311
1338393928
1301251865
1100889213
1085767726
1278811118
1152323180
1391859347
1522791744
1247768563
1356690355
918953330
868638610
963312819
1387828771
1290933647
1179689705
1252545547
1588928620
1195737987
1147618419
1024142600
1058823220
1306486682
1483413810
1217058114
1324448050
1337296973
1550310971
1304245191
1207851683
1554305718
1254638378
1433222553
1003676978
1421888754
1486355341
1263501486
1138549920
1546228459
1635597837
1155330516
1853256346
1420603354
1378768057
1126409358
1393194191
1321707011
1554913157
1158100621
1632033794
2323071459
2870489581
3358330066
2993854460
3807003866
2774907773
3615395775
2409031337
2292343547
3344209270
3431237663
3353554628
3589019546
2691434728
3943961441
2960805141
4168420430
3703477182
2180110076
3337244238
3090957311
2440476519
3903328447
2962363035
3814027293
3547048804
3843152008
2999759329
3964867091
4362739765
4461608009
3197709044
1889928534
1532257145
1339744209
1851286497
1171992707
1549866238
1587150587
1718131038
1783454041
1041520202
687269965
555580938
724459717
817213019
743269129
626407596
672337028
724534501
778111471
726748543
852600557
790914606
757138018
585701837
961287718
816551411
623105787
818990791
707899408
814985108
576472445
775873934
568295687
718186065
815402310
596575697
811339729
794477403
669982016
982248430
726770814
885900033
826826519
712474500
789988345
900981291
1177670657
1303480085
1452052734
1593715253
1241132192
1304866295
948482632
1275180202
1344555915
1426705809
1180994826
1214889075
1128442987
1267622934
1110446106
1230425148
1115022626
1371797102
1604596336
1640871097
1891793462
1356222566
1623805274
1409809365
1929975023
1567130885
1430250659
1731104071
1639127878
1060158229
1854954979
1594364760
1982829607
1566731237
2047300523
1653830853
1673328651
1715855032
1661457374
1844057414
1747862899
1470788372
1277230710
1368926849
1569309795
1567808874
1435768402
1827856333
1094193894
1602296519
1309873218
1845850090
1556511800
1598873663
1711721105
1832430055
1481373378
1976210063
1656580246
1966282625
2012712743
1557716987
1953418652
1315574764
1544646458
1014094376
1789214212
1585822390
1442835272
1212901527
1656856121
1646279575
1460156013
1514090702
1746315983
1256018516
524301243
487419896
776145578
595069922
604908956
670231053
592003426
680806976
646255975
709408724
643229413
650558670
588183682
497214055
480520376
743058756
607993789
701116876
710755689
637124246
562521022
568056548
693022098
660969241
711473430
532343230
519431281
690482159
642785678
666026299
522693599
683066077
526645802
571904622
647437641
546971673
633886498
761184622
797220031
729689652
662332621
716708706
543326481
679042243
1282441412
1066319669
1024317366
1374613704
1221538827
1246705876
1420426297
1499454111
1131424874
1392913603
1384136482
1234493828
1457852422
1093540910
1007772343
1268545970
1059730554
1113858472
1155549273
1334073701
1127259361
1075871236
1204525224
1058292651
1104760934
1362344355
1057742027
1354800679
1308498664
1090518733
1219875672
1019172127
1257237912
1151774461
976732659
1447945736
994603651
1074999937
1393153844
1414148710
1252851818
1178145307
1616039676
1245810326
1233182267
1122178293
1048007458
1261332668
1220424664
1077670509
1342204976
1112033755
998697673
938452162
1073420413
1258562123
885384880
836863458
1192155506
1295387198
1316031124
1403450730
934056407
867968795
935354297
989897228
855617531
1048878103
911006137
943343537
964925708
960318254
979808984
1336624414
1308879064
830299244
1217574110
1409209622
791148784
1032475735
1065000484
1022254916
1125971935
1136179731
965044544
1387811488
1135060938
1251481654
1095439316
924016142
1192678658
1256583569
1024917395
1125205293
987711655
925122169
906754837
1300772522
1043182136
1314355836
1149174334
924941935
1174047030
879062344
1057115696
1125492288
879290260
1043393332
1145312668
1215874911
1331584222
950545683
996482255
1083944595
877153058
1125466713
1030673011
1273200991
1202163754
1156095465
1059132626
1106039200
1008974465
1149803262
1220962510
1070299643
1015135268
1083251446
1289350757
883688445
1175479746
979290206
1041287360
1410661327
874645933
862016779
1044070603
1033839795
1257507744
1366315887
1245442436
1245704500
1349345671
1018362710
1547394145
1326882657
1162077207
1362227347
1224157766
1247010394
1198542765
1150275854
975029565
1031415035
1335071571
1280991090
1188345379
1388260937
991448803
1253100129
1087249404
1674274261
1384160123
1466950353
1533275012
1753109481
1450423237
1677819202
1729030305
1778233672
1415329169
1359003839
1447485624
1449585772
1055693043
928874317
1453947010
1541303592
1795997967
1003172440
1403574482
718582987
1623852768
1248158213
1336620520
1602312176
1185842831
1145521632
1555775259
1430971135
1076924463
1450592436
1267832543
1176075415
1468762599
1272857357
1670270063
1292344079
1069999287
1285369764
1405235529
1582393966
1083915805
1034952112
1454733952
1634082167
1265192538
1219082871
1341637887
1473967198
1286612321
1409853783
1253529779
1192080981
1200419066
1347557463
1524120640
1794874012
1118461086
1309159684
1629726472
1594038627
1131836061
1786027392
1553125148
990533131
749372593
519586240
434109007
487961759
533813764
537884386
387347055
542734459
580361168
586487102
603915608
640273614
585589485
519736251
586060727
591994519
482826610
472223041
516914313
524448921
518013342
374675652
567989965
462295087
391079088
518906924
696464848
446370896
517567287
449778606
435135051
559949495
520386793
567330427
555927569
656473628
357242527
422815272
479467859
414280759
429932931
564779864
377677830
541230096
661851709
566892346
541210617
528587420
636827816
634581577
460131288
464994523
486467946
475053492
460953208
544155749
460617506
612587093
537949234
469173795
456625476
619489321
648076147
414534292
548514415
531117558
372211485
525444531
631173672
512190162
560158328
517889142
473365259
528354519
550123785
461957069
659237458
649808768
560007014
688902951
480347229
523921779
514917285
595688026
452659193
454337580
560619173
572296227
562139740
617932614
500061436
513628402
591103829
658253825
594691025
582876315
560133249
628104377
487250304
543113027
448643667
506367413
506617395
564057958
725046913
526900412
551569833
446828389
515802215
533769406
444215708
564924328
523862728
572086983
542592888
512468576
405256431
429681257
625414759
623022858
545629997
670655833
540396414
456786785
444550192
486297463
475884799
550825882
527545165
433692846
517513436
542406219
595267801
502521018
656343205
624341853
659961789
366563556
450498015
567650815
500780868
402923121
441982866
526795193
504660239
460243051
529664306
916869943
1221866176
1116437674
1175497449
1342056416
1010098063
1064286287
1431211691
1359641321
1166796853
1528232303
1491886842
864674466
607351789
1653998875
1424903152
1506603914
1252433907
1363868111
1320831708
1107091462
1175909760
1034157854
1186235415
1127665799
1039662068
1405074888
1466147950
1385533521
1554618592
1174169924
1011824716
1012052625
1373499385
1338911908
1052490947
1321291071
1556254798
1317538092
1205153627
1052064701
1081950643
1222072097
1559490249
1221583076
1227621430
1380021840
1224748424
1514981865
1111128375
1552946808
1557620523
1532175072
1082470785
1439693438
1304760190
1361967473
1684414082
1541560430
1266213854
1071915243
1318422814
1505031175
1527638301
1624046719
1534833251
1431878141
1144987852
1268100205
1886238768
1403686581
1656860381
1531329218
1451573640
1626628658
1556219091
1058478560
1618140386
1379720072
1575609553
1400273159
923563337
1015700465
858059088
1257698402
1085706548
1129500166
1110930391
961640423
1262069331
875378524
1073606055
1211059979
1036561271
1241503793
853700084
870020286
839668988
958460514
1080494160
1331953293
973187124
951763319
921721306
1130224691
1113487853
962230537
1125949416
1132475572
964624647
1183475334
1040171082
1006915988
1024715004
1038130364
1292626718
1103164977
1057543970
1113900154
1076726342
1202965717
1157410552
992917667
1428955737
1055468803
1169548358
1125972684
1047838293
1195197668
1124419575
725856159
1303746236
1133658777
1070476336
1363911341
1150166464
1123350791
867354172
1108283569
1009442912
877268575
1353133654
1227088150
1171204228
1310619758
1221068448
929994236
1054302513
1043416074
1043585411
1403214981
1144926634
1139664304
1337407934
1287962740
1375428844
1336287579
1170987186
1423090483
1215835448
1273280434
837310668
1355783386
1303379955
927306093
1435281160
757397090
597136946
539817774
536328479
622609260
567471505
558778617
507550417
544397445
552236786
466484968
641751088
663556310
640327089
551234707
832494740
446182222
668811638
378817039
568456257
748951097
395249665
510584702
497830465
669192130
564001909
666274007
512431735
594317888
567754419
670862683
570761887
407893458
703193159
626810234
634276263
524742743
572920429
654617355
590923273
511493827
577825424
529626450
639438231
699781012
578388278
537503797
614052606
664309045
531281631
708438142
402888775
581040167
579034752
646533805
531661727
574550567
739921112
559565496
456328615
526187640
413332137
630714331
604105408
591718854
654326195
931860914
598562618
443456998
498436261
609903232
580308017
670452761
438987153
324369199
631512251
416607596
668229541
572266248
522747902
492056374
580646323
482231304
484627427
403651916
456991068
547146941
645715674
466192894
650614464
602345601
625088447
622279880
557610814
603558952
417498840
532582254
591881439
627372753
446940668
598723991
562887324
721370503
518572316
667201412
627526148
726705419
357635146
411487602
639535234
476251256
574712534
600893507
534284269
661570180
679125072
566089464
609269855
653452756
553976764
572320665
602469523
585856835
612398222
547737282
688380072
502163489
603020394
547808896
528947154
419414686
474091784
556246301
428498694
495053034
535873364
603248769
637043721
402983872
601119790
585827252
609022885
442097933
681180905
662429521
595576970
427589136
494510061
658832850
423059716
543258459
561912947
577493689
527403679
557081071
479828211
1299755737
1223305253
1343582360
980608187
1319330691
1510409729
1210373082
1232341777
1412114669
1365963050
1218787356
1325967009
1323460753
938468382
1180362484
1419888422
892030287
1361167759
753771981
1130095106
1525247964
1144797298
1238796986
1188920857
1152010178
896179395
1264777556
1453544811
1169119786
1080893959
1036905297
1430418324
1256526994
1290694598
1348801246
1263122549
1499118270
1115993767
1271610141
1038444115
1082138301
1102442530
1457999889
1332143243
1241628105
1211068027
1433309696
1388761784
1177182486
1059603842
1214149795
1109832845
1251680270
1040453056
1548709009
992821353
1401486173
1091175543
1386700817
1346208851
1241421481
1298917625
1302145248
1034723942
1429738420
955886616
1479067122
925966429
1007482062
1373490053
1250399806
1204797429
1196620869
836615137
1228329899
1590511649
725844903
1358208797
1365816645
1119902116
1638544472
1573607849
1445418242
1231806648
1534780159
1445201209
1261428129
1152377403
1627298657
1256461433
1420444507
1437852164
1619483586
1325533176
1248874610
1252778644
1070730137
1567747259
1001317392
1240378733
1145165784
1378931673
923642759
1206297934
1255728589
1085933371
1459691027
1616304845
1476209760
1919751179
1427824047
1617802194
1193076544
1624522720
1486084817
1597704253
1895705276
1370195753
1129089161
1487418068
1679555652
1159854785
1218642836
1343238979
1687767450
1625559065
1328483339
1462402713
2155187167
1591530960
1511011638
1483099270
1531933178
1554612228
1358514553
1315653428
1189543541
1501552945
1651727475
1453214087
1312035077
2043304236
1809088624
1941192222
1517880892
1075869792
1629289296
1531326526
1906808593
1369554217
1149259100
1471307648
1522018226
1278245950
1419905286
1437425707
1461581117
1357723299
1612342021
1593279961
1351895573
1539911086
1731471998
1748002082
1997313567
1855527420
1903685319
1607994854
1683079939
1521854956
1573529467
1267831026
1948885401
1235219594
1771769597
1384360558
1339355255
1363850415
1250658701
1340501533
1524968157
1581363420
1518265331
1212763181
1481881815
1546954054
1536897105
1860868638
1729408681
1301118751
1415602279
1201754321
1619897082
1535125691
1827330421
1153907772
1226531842
1483608035
1407745433
1374120095
1392959318
1536387756
669113996
1299073383
1652332184
1082754264
1545988912
1741031702
1342825119
1616373381
1717947482
1551989726
1451806466
1333677079
1440713254
1149061482
1538682275
1459439511
2045533230
1775508311
1499622448
1363880400
1123709726
1550641395
1457110369
1818602726
1488509245
1534141930
1534315367
1318767830
1696033317
1568151955
1326457286
1022155129
1893012752
1497328824
1538493312
1248662695
1392631320
1582879095
1743725353
1452242477
1338158673
1408423834
1358520296
1292846431
1106464049
1533426147
1410431789
1834686796
1472377993
1438721459
1289609177
1577362703
1677121028
1828721184
1516121685
1453870614
1323942337
1263276038
1475713728
1550459428
1504650413
1760372797
1664289985
2006854158
1304582892
1745360744
1847982856
1857080871
1576861756
1214039390
1150940035
1499064646
1070224281
1802709992
1507800101
1530453362
1806300633
1777490201
1841209082
1411555419
1646122617
1492705787
1567071831
1591996186
1289279403
1242311357
1746928384
1295741601
1562953974
1907936058
1577566385
1667898504
1671663365
2212602194
1666593884
1577025442
1316732913
1571600956
1472824456
2003280471
1967336755
1584467307
1304594791
1709349730
1439048348
1447241384
1692559506
1482291148
1441145238
1479561827
1343201078
1289735061
1577823847
1843223374
1263435386
1502380921
1355826243
1114616799
1874740708
1633500252
1437604211
980437044
852389140
1512955019
1274905720
1039167933
1203303336
1208037281
1347712553
1195221210
1375572777
892500602
1260553238
1195264629
814208416
1414579373
1312946824
1122051297
1495026313
1090512333
1319000179
1147630600
1225485524
928159362
1106987306
1450227303
1269481008
987811329
1364298215
1247464227
1379508129
1129714711
1098275640
1445642447
1181959075
1416418843
1263363444
1351262915
972685073
1202391575
1201775613
1327407040
1245951532
1140931523
1299778454
1383668663
978918430
1117837077
1255439359
1527488194
1145419231
1271004335
1348768216
861717244
940720939
1282972829
1370706032
1468567713
1392452919
1312444147
1437541613
1385286222
1077016588
1596027993
1321794417
1221600867
1201919390
1307253057
1256281160
1426290636
1155029436
1558663677
1696885016
1555734774
1385753958
1439151434
1155649787
1353317031
1537307952
872742248
1158559452
1129818212
1217546861
1230394080
1487097315
1523879578
1308101505
1303749088
1333636374
1478844155
1484740201
1295509714
1081139597
1538692022
1220726510
1029805476
1160617715
1183731282
1552621693
1367684770
1608403680
1232841961
1580537837
885654206
948300801
1637608168
1498193451
1156460649
1528681984
901535425
1590861341
1383467344
2020880813
1571227514
1969029962
1490468777
1629419837
1430338039
1225128474
1488344297
1028272056
1371513505
1082197663
911121305
1254206529
1449163240
1570597586
1117863205
1419996843
939190222
1020123740
1323520650
1245665522
1105911077
1224958176
1502151103
1191157676
1288778855
623578064
568416724
536952978
620123109
648486636
667651902
611207943
529536886
577622412
549968752
553656973
657817160
664313573
609730670
518178269
1617810242
1739750376
1536660166
1621685023
1774857425
1072094430
1352420743
670291860
654245154
460045034
547606771
626826912
550891238
443102832
535630382
493625281
659074878
609641675
556116939
378881367
732874126
540992550
532644946
588429068
480660559
538133151
642385812
656829265
380372593
673243270
514351056
435038990
662750142
396403808
605890954
599592152
473340832
751905345
586457604
579198326
603491897
500781083
638480999
640613974
478560101
603272579
549797664
615826663
588902026
559400036
516921293
666294149
676579063
551877790
640352996
466805270
631915811
540242878
550462098
618259207
823910930
1224548087
1460805492
1208539904
1222620513
1506046137
1422677913
1440846810
1239436795
1274605104
1468058640
1535253270
1157049430
1505621224
932284032
1083776307
1032657329
994079971
1419964463
942526733
1064022007
1258217093
1457044834
1547939974
1489004826
846761917
1442130298
1206604568
1060229065
1228474487
1214152544
1001848960
1234667910
1304021222
1278902926
1134553545
1210238924
1174032106
1259798564
815023032
1109901276
1171074833
866130394
1396318372
922364146
1204163467
1267208965
1330398457
1189303356
1039229858
1280337374
1064973696
1180037130
1227173359
1147066280
917729286
1296614494
957967672
1166140822
1014617837
1202243116
915186267
944042680
899697880
993215890
1288726473
1122314660
1003001347
1293771323
1250141426
974373297
1308449700
864567541
999032051
1002995362
1236831198
1361062196
1262919237
1133754057
1154498682
1206590447
1539364836
1073610544
970199969
1162679319
1126068601
952142926
1252684614
1400119631
1120033231
1096731369
899705697
1037740095
1404596247
868750753
1207006743
1529707807
1013491848
935441760
1238242509
1391149723
909769479
1464801159
1014294808
1267959445
1237483673
1542245042
1018388998
863361088
873294984
1192500450
1211876101
1341177477
1045275160
940060401
1144150133
1067225325
1144215322
1249432800
1289820401
1160328806
1448893048
1589422924
1556347404
1498928748
1472198770
1620205017
1547807681
1236024969
1077057600
1348286938
1584831108
1279901136
1320750726
1690483176
1095026341
1749677790
1530885132
1397304381
1665508697
1191296491
1111407044
1347416084
1472894236
1191703852
1852112964
1252555128
1195006607
1367226406
1471287304
1306862723
679146522
578491986
550022127
658524199
579566033
623720049
622233696
462057186
599086984
553309593
728326683
526665870
511322952
569886567
667907592
480713738
727735745
553286174
655437286
601178079
490249004
632012384
674377075
523647380
571625589
594336521
590522773
506903422
617962318
601642488
611641152
677674383
693092616
460064075
1566610533
1114986681
1848253700
1280354283
1966655247
1591595018
1230831213
1477793635
1412034505
1382706107
1408780387
1270183759
1934412190
1311057020
1369693587
1370746701
1136319683
1959857847
1865341379
1692611898
1789163248
1646780164
1628133496
1847302370
1832844062
1572968579
1845948627
1820330376
1391918813
1607166904
1776452202
1408967482
1473355982
1468504990
1314004001
2180643529
1433673759
1543747168
1531483877
1415228194
1786729242
1702371335
1393465149
1568303652
1258590072
1284894746
1748032962
1773641130
1339025105
1280487208
1251907826
1720129020
1569201710
1157755414
1547014458
1316046098
1620739283
1408183158
1229706505
1599648055
1640720971
1744146222
1569797436
1528937214
1402376285
1446083517
1457807502
1293172396
1519231717
1601415412
1679096525
1415091874
1914451079
1473312747
1053772099
1078460028
1268530376
1062557171
1017703928
1493250709
1804436563
1391866869
1170087102
1517108131
1039466039
1240580016
1662600823
1755438508
833295053
450914996
401577477
597519514
575320227
601365787
620924601
573003951
447297792
633056193
506626569
571321458
533192361
482476430
460948690
435530524
545153971
642072332
526376264
521904747
555443503
511644640
786357718
649261482
665750702
677315175
558263207
718057529
436670406
497901431
489938900
445055696
641670852
586406452
569949922
633499226
454495742
609906681
589073239
512292167
436772408
594825546
555421179
494767854
568150131
615377243
646381239
556909186
579111081
481606167
712009412
669467315
687510151
964151161
1223329386
1072519183
1506378412
1299584906
914039375
1161806510
1374398081
1237129528
1313622281
1006320684
1223662644
1376294973
1576445598
1483798600
1340633842
1206374149
1062717303
1330640601
958306871
1249808622
1195987849
1305797371
1399238928
1102256752
1500652834
1307946963
1182310945
874290833
1194494856
1256289599
1174339133
1095934184
1154600754
1251046111
1438874236
1371664748
1352735357
954006795
1193827097
1448003408
1520577466
1932108653
1589874841
1437884287
1465326923
1559760196
1564294432
1346487895
1104255614
1424276483
1577241962
1357247161
1296387688
1295808561
1623020359
1110622915
1480404418
1300732761
1619588263
1071124545
1402768040
1827020679
1280756592
1296798006
1568596441
1158623227
1471191280
1574407511
1159364836
1693693380
859673043
1129115257
1131625583
1910615109
952331890
1515042181
1643166182
1185518277
1638260012
1635434961
1434653288
1322286816
1122501205
1558823192
1472597003
1573038447
1389964924
1572226389
996905308
1449289674
1238341131
1512449518
1460100989
1501676046
1209911898
1542660886
1141776040
1331321949
1625870025
936780912
1873475298
1617178818
1361159212
1086928926
1006415532
1390283826
1275888012
1530824623
972009646
1097232721
1573862587
1037546297
1362811663
1231360163
1208433892
982009085
1440391548
816125898
1490333111
1310809067
1423563795
1348922857
1575700951
1462117225
1266272308
1522433849
1053296981
1240007028
1299516621
1350408794
1166499222
1125117397
1594544227
1276847900
1165901159
1545889615
995090995
1960618956
1381719959
1286296439
1417838556
1196171064
1367042769
1106550064
1173154664
1389377382
1582294325
1114014195
1348395114
979154754
1174132893
1209445145
1237823023
1270792476
1429963154
1384716459
1037007971
1212932578
1344461405
1109938167
1112159268
1333893272
1370147463
1264410533
1355268789
1068407866
1289087719
1164336731
1317945438
1032727730
1523222471
1182284797
987729279
881292738
1473906191
764726138
991600263
1424980704
1382019830
1508603563
1230246725
1234915227
1184997198
1480630227
918224268
1376410178
1153420401
978843891
1239709443
1038604668
1109951115
1134343666
1247268916
1042581957
1248676134
1479974762
1043151482
1130708265
1121265123
1175825582
972709376
1160194837
1293406660
1214847667
1260271323
1341623199
1057852715
1335629813
1072140485
1303695888
1284072759
1028957378
988993911
1213383496
949239549
1456777418
1259615020
1291752509
1037685359
1006630680
1282046912
1496887782
1201948134
963926707
1273013216
1302543818
1454016414
1030524388
907223002
1341294877
1228550941
1131878129
1171133725
1243020418
1366939076
1219383551
1360418159
1339162424
1092656987
1064066617
1514255281
1235218653
896520463
1149317040
1188125525
1458125885
1157107996
1443390561
1308533913
1179385767
1389466540
719565801
1305587840
1148107046
1037415188
1285122017
724345089
1132293747
1022543233
1423267285
1130272300
1136098937
1266935743
1190583658
1380426324
945568102
1315854780
1562429129
863427456
1061812386
794400920
1298985656
1031798119
1360952524
1536527557
1534057045
1237197875
1164278202
1252141553
1324847508
1154952336
1232129828
1393883284
1265028072
1173398593
1234942561
688675235
1212919712
1073663587
1289618517
1270613595
1048624404
1496351848
1264756060
1186478805
1388908472
1180723037
1350318132
1268814192
1412154715
1316768733
1351481700
1465055071
1175168448
1332535820
1580387278
1780337380
1434693445
933995157
1244063671
1287249570
1187689660
1456798378
1587701002
1574371740
1202433155
1227151153
1309120938
1583066234
1588840700
1387174695
1403275701
1173845534
1046141451
1528901495
1727091844
1351220738
1009155952
1242918556
1116739171
1237539782
1103335446
994558461
1403423605
1114369014
1444704614
935008609
990344087
901630066
1249288036
1383918912
1234700777
1350713255
1324302912
936567204
948955982
1593275275
1144228063
1226163248
1346778623
1340706366
1200288906
1063138458
1417228320
1287678048
1187316108
1149253289
1249060334
1213709822
1226939449
1015940773
990531001
1056761888
997873678
1099393659
1362801959
1034675615
1269824360
1313904038
905182215
958644260
1368038830
1192795271
1607025741
1426018294
1393906640
1081292665
1374077069
1085032142
1420952564
1305013808
823720038
1224366090
1356024698
1312835085
1044439082
1004443332
1509479493
1590879212
1454245693
1306497406
1299489994
911454321
1106302445
1180697959
1480103052
1058654362
1299480164
1173684140
1332333798
1224863591
1102515451
1073087739
1328615291
1052783540
1334597872
1063427118
1389545917
1100583779
1432988535
1160717567
1100004638
1355226768
1348088577
1234731096
1270613801
850822678
1161818307
1185803547
1035287851
1353133687
1306720721
1522805620
933342151
925490938
1243742065
1129634029
1139807027
1061617328
1123436957
1333656908
1122459245
1021831107
1111551689
1181030381
1045735843
1131375264
1147693583
1341209146
618332725
449588047
622068206
554418598
554142711
666963681
605582880
542440903
436719389
462879270
453876476
495208257
618926593
696007689
476306663
598609729
628954040
553630581
537111060
586339772
503006750
478153113
574567241
674784173
549481828
519943271
655154311
659025458
500772357
514265008
414477677
609556461
359734943
612530791
597051829
549050398
647522346
652112455
411458604
626722401
541155831
578509524
575545426
516737818
581089769
590027663
624325307
503490599
470481969
622616031
526555577
579217954
538083766
434065773
510431396
520696267
527197530
624088205
473445950
476166163
485093517
469027959
580676597
622261596
463220502
547277058
570515362
433966987
534700703
503723439
621335430
417121532
480318251
495019256
476789272
572730760
630456843
553414720
530270276
586149966
554588206
475563191
443055093
658932875
668823789
519820685
617182864
632264690
459682704
596069616
655239035
1542311395
1535539092
1533618068
1543818600
1899385949
1462293540
1749356980
1206600121
1484271170
1364453035
1443667424
1223667078
1689724788
1535048702
1456472894
1970656813
1769802739
1250355833
1804899531
1670505508
1230643071
1402796395
1459388617
1347775850
1431150036
1529963882
1184926303
1803697047
1795145943
1915143930
1274418416
1377769302
1339100096
1614409439
1526619031
1392900728
1623325939
1695759590
1248308291
1898184595
1401209306
1989352629
1600673819
1256582851
1492189858
1417649034
1159186375
1531009254
1471208343
1611798623
1052821325
1678630018
1572499505
1318539735
1531523467
1634189549
1246268213
1003115511
1297001325
1737966591
1359520560
1178000357
1301801471
1389821196
1058924008
1308918245
1490346010
1509929106
1470280967
1475012615
1549101758
1219448615
1174264957
1172124984
1550007950
1249926346
1482460576
1124906609
1509827534
1099058255
1297864023
1507973620
1663803905
1336449249
1212738653
871427909
1311309166
1162757994
1633170314
1108985115
1487566562
1280551891
1409046274
1380526284
1033306562
1376776272
1503393866
1558747001
1658986949
1326334791
1176997585
1144549014
1524621325
1486363828
1573786893
1154218718
1650094235
1548946788
1735999578
1134619559
1589080370
1227599780
1391558015
1674131587
1070509406
1230987882
1491140885
1400942232
1411517077
1190898439
1375738333
1107551464
1583509281
1302996847
1166098664
1555494250
1592498926
1567067869
1678464177
1212185268
1180856220
941298205
1231377540
1396083061
1177896997
1035981228
1073871087
1209687419
1029190673
1350672961
1142051019
1192308325
1467354570
1021520494
1314449968
1315443923
1245777875
1228355375
1368638690
1186308151
1149498432
1396300273
941514004
1436206144
1511844816
1413720245
1256524888
1744187785
1282044764
1449992486
1304533479
1019347931
957494961
1457346008
1289320081
1000873094
1132647611
1319660850
1020986305
1209421095
1365277118
1198648772
1100502711
1115005776
1357685273
841281586
1403408135
1327031183
1278581002
1504477221
1721725509
1330154314
974648616
1403362262
999145629
1139971845
1285825662
1478115658
1465848988
1663364411
1376969138
1380123007
1225196094
1429785186
1492188308
1573311824
1268833033
1271110516
1079846658
1317209985
1146946502
1512279082
963617085
1233301698
866280073
1041736690
1035293815
1135189607
1116140114
890117062
1449563871
1089709190
1419384915
1187397669
866097995
1350597126
1193189116
1236243324
1124397693
1348666194
1335219119
1216821578
1278543890
1108109096
1319289796
1251004184
1072466166
1028842264
1462721404
1320220813
1012600363
1216649875
1313467624
1234017975
1328233183
991289086
1106758993
1162106107
1215737112
1378009861
1305928251
1310882894
919962890
1143120967
964577419
867665333
1495618373
1049732563
1284520529
1332679316
1050517063
995580388
1152536680
1252784437
1111618466
1142669507
1034359813
1011661679
1355317334
1461530378
1274552499
911474661
1073721620
985003190
1328786152
1246641366
1221244864
969883927
1089650030
1243546753
981841347
850441527
1200629795
805667118
1154322117
1152624436
1254740202
1137436051
1290824138
1167041977
1313245780
1171853073
1021394953
933877627
996723068
1197054976
796873231
1339680295
925909730
1021018746
1075510352
797442785
879940891
1191732154
835334586
925066069
1245262973
1355610983
1123647441
990349956
1183247912
1292014529
1007394832
721196376
1093807824
1140183506
810615648
1009955733
791568137
1251090108
973270777
985878126
1024246981
1317254866
1047236301
1035225542
1111268946
816537480
1019369233
1042405378
1033396693
1068005194
1064923369
1146946092
807403551
1137249275
1067371559
759471066
1223120526
937034342
1181323021
1153136258
956009491
902355544
1022898818
848741947
1271168442
890195953
1066146814
1139336074
919551808
1154266323
1068592659
1260319077
1405987088
776977211
1240805728
977072689
1062549711
1212840127
1126490840
1059823219
1012900991
953876685
903343000
772685918
606304662
782622829
427731684
751965530
751122577
646024847
797475210
695342470
1057391697
1958118524
1556596090
1429727619
1387386689
1671215828
802856961
883755182
1011929555
937257743
1047386696
1068187749
1331922753
1002658385
851447304
1424063742
1319446553
1315691200
1444996429
1134453619
990285022
1222936760
1074835511
1247299731
1156613218
1378463415
1288402113
1387380527
1294245541
1446719881
1625948090
1136782958
1403661602
1328224821
1427200837
1265423389
1438028551
1034164781
1229978734
1020741837
657368437
512222554
571616623
447642745
418554366
551492074
479649027
547051731
491100302
645897060
514062987
557285706
544616058
463744825
678533621
588524241
631342821
451736901
544156649
471336818
517957074
645107607
368455877
615540540
548532322
512573074
503834078
633347731
538417120
560679293
528142572
426155190
660155321
579290443
478714574
489685110
696862700
436778534
733426359
652263281
611102923
515865202
573934870
645554986
790445860
517990199
569754682
551118069
516459234
563915744
470208053
549883007
451656562
559564951
574076658
568612952
656165221
716456428
434340401
578697317
453592534
600340404
562788282
631449134
643934469
474060195
690984806
453199448
663214959
584031398
554617535
747903272
528340121
516821623
592081410
531673959
519735117
582398150
601979482
593359178
616020137
599336518
500982349
576906672
633170943
467628039
489056011
678098130
629448021
518193745
608980461
563301972
767329931
620889501
620280157
574232294
742892292
539119457
609743753
610869032
562881592
615197443
696445564
482734121
533380536
823936801
590006224
566276677
655257459
679778127
597800502
495872146
622660307
617078260
498852939
682015952
589686736
412667744
476474595
528030413
696292594
474883859
610205377
551629365
726804954
507475277
564450850
610325492
642999678
604269795
416934574
641745994
567389596
615304549
573838295
484175514
557471735
666060414
515852327
646336632
606470229
592138164
751826222
624500655
460058822
553157120
663475112
717272579
925825003
1505318490
1448069952
1625294298
1671182170
1703262634
1710858105
1576978808
1702275923
1372557206
1485654447
1511281519
1331194568
1162153828
1361220175
1121278307
1238172111
1270202014
1362676432
1657602399
1469944690
1319798542
1452293622
1298843768
1317561623
1428029838
1301155916
1382286321
1548449723
1205843438
1238908090
1557221777
1330810237
1025798295
1354341741
1157652961
1465588833
1462802071
1122355813
1497797590
1442843617
1363210502
904884606
1109624543
1149494965
1591168145
902885665
1242738845
1278326732
1336971401
1322838837
1435207718
1288697877
1315161252
1620102184
1525214751
1289951874
1784985464
1610990201
1608529471
1390510139
1299916098
1390101564
1355628122
1179117125
1284976256
1131981618
1072884801
1106032597
1133012026
1373858829
1493222739
914603430
471625900
509117829
549220478
539023625
540071918
540210695
637049911
632707662
448028937
628882694
738212537
645116154
1191365255
1129549275
977915972
1480115184
1503134732
1330011763
1052698243
1097770977
1299525575
1207144661
1122727666
1216553453
1239179218
1145951509
1202341478
1659910548
1589910630
1315541959
1538559464
1205348979
762133499
1211181350
1274709545
1484939923
1228845724
1379679518
1233162930
1284879153
1189305856
1250793026
921691215
1521896654
1750808246
1238292224
1254791093
1139126928
1063681948
1166335523
864328443
1389280590
1334466091
1016271033
955718903
1040059916
1086995361
1198807301
1032476369
1301178352
974670106
1239899116
1176098634
1418021724
851770502
1110340357
1000298502
1353550364
1135400471
1098955628
980953187
1062638135
1261721683
1152935917
1192282229
1082835965
1164261451
1215409142
1048505361
998705197
922352081
1295217324
1258680068
1275283674
1225431881
1342625821
1046091258
1141074263
1271250304
862069533
1226069362
902593685
1161689333
873021058
1015067695
1284151473
1226839401
1321104075
1314275044
1415367564
1417251908
1327039864
890348146
970573442
1126458831
1091260608
1349830775
1532873376
1465986909
1328640660
1073572657
945034607
1092766449
1319160309
822316507
1564860521
1242419009
1196372127
1446458213
1671740391
1511137618
1624381374
932275558
1659763610
1230564421
1507992780
1538943305
1543393295
1206857722
927628836
1447068072
1591799150
1408532022
1734399675
1573320842
1356703372
1545366204
1641836805
1419661050
1651985282
1441611393
1445750110
1712963265
1330236473
1619559465
1371336242
1165175548
1423236744
1556071061
1450101859
1423489143
1550549879
1456361021
1338580459
1407819808
1156589942
1384735128
1350475021
1297886764
1335399449
1405045152
1377934393
1094535558
1400332033
1390987313
1657711974
1081440863
1379679793
1535991983
1403270100
1400811341
1190930493
1455973610
1301832308
1150974291
1417110247
1548854671
1606962434
1328353450
1737135551
1665298382
1231262845
1658018708
1541838888
1698862421
1797052989
1348248541
1555187388
1668953513
1378647211
1964349397
1482597686
1527707125
1923610763
1535645447
1701410258
1557809849
1704424653
1780995343
1501167278
1689586974
1442079293
1903295500
1581954088
1397671385
1549449680
1279667657
1565126609
1514765602
1932094413
1444095245
1296768036
1869194676
1213675027
1679388914
1780298356
1321887345
1568019083
1798403782
1704026772
1696683925
1898285698
1544812017
1572948536
1884964038
1090054620
1552147086
1500007834
1585652939
1415307144
1348300695
1034634216
1586241896
1333726767
1576282225
1457021059
1603679382
1683405141
1579473750
1303368921
1367758025
1727518881
1238655495
1955455215
1440748640
1924020869
1616862768
869962925
946750200
1213087225
1412640443
1419857409
1201454080
1404300675
1287328798
1173011648
577352958
662726377
642497060
468069512
663712726
657291598
595549143
644664585
542289879
532208209
691765374
663751409
695677089
586641147
661284321
566343259
497811308
491977768
646487447
704759381
697982491
649963732
471803757
612213686
620095433
701032939
750737787
609282208
652058618
598643575
650179583
703692422
570208952
506678462
677057003
749551141
436663770
636699591
625886741
467798575
545105436
681392463
572094128
644572261
632206972
637232839
545877929
453609922
456628091
689570789
567000419
594436642
563961866
635530244
560257414
452594773
603232844
620981790
605088322
619260022
456600017
594565501
553851809
571834217
607671685
573697310
595062984
385629424
604316142
411351876
643855503
584460671
505791299
542463459
591800697
674585328
627179784
693073272
688039810
517505186
406961862
632421111
537813239
585128283
466600319
467775936
659653016
551563005
594321583
573127683
572853294
523139568
448882607
586554173
578089685
625880017
442337424
535274153
530822907
656836927
554366306
692093210
629698545
590150395
631938111
504243458
534906545
596762356
406779881
475090894
516072119
444182828
619150517
527399171
539973727
537578701
520864030
435632720
494439224
558654328
478832177
534186315
432629547
564409895
544365469
474785934
571908718
655927357
653167973
530246361
560535735
624431334
572543239
578981335
547253732
451633300
501034745
625536240
559886405
573011537
820639298
1454292965
999196364
1302876804
1325007603
1478063358
1557087203
1012405927
1617327516
1360104779
1372412698
1107224300
875336312
936666982
1426840949
1422405413
1312290411
1482430780
991437510
1077210199
1166470891
1295006541
1331767451
1150838565
1122827714
1165967119
1436956596
1205688121
1006560247
1069189506
1151274010
1407738275
1116295300
944732932
1052588401
1541480239
1118495903
1184731147
833178290
1302224121
1273344480
1031645649
1457183866
1235953163
1078180823
1155853206
1087983807
1071109065
1302655134
1542584244
1015506102
1401100877
1175822886
1156475137
1472785517
846918585
1485595075
1539739986
1461087529
1314815625
1251212255
963841195
1404129566
1318045971
1086292830
1540247121
1155441480
1520619271
1399598835
1312350999
1179046841
1056362607
1332339260
1387935173
1318492311
784146387
1318742450
1237689429
1240366787
1007210728
1159680085
1376026539
1198107674
1128207793
919411523
1349876265
1344982021
1001494696
1124889656
1463477899
1148352924
995344201
1752476594
1106186091
1318913667
1442808683
1168871301
1617656831
1331967533
1323014893
1141081525
1188653794
1449755050
1466692689
1545238229
1360372934
1484074392
1326733432
1305207520
1433095072
1621103078
1503211917
1382361684
1193630356
1403204517
920049861
1477277115
1593733151
1736064294
1270281633
1529121656
1187222946
1430600956
1379905179
1288456346
1189493174
1484594027
1345556711
1582291573
1282167599
1358881715
1378748551
1639017017
1473948366
1370429912
1127327340
1036475680
1383436594
1463504777
1399706168
1192779422
1493588026
1433845103
1699314004
1280299276
1367364750
858376114
1292753383
1333413673
1119241105
1296664995
1284349164
1445009520
1239722430
1756006157
1585695168
1074872280
1590523577
1357944167
1301563786
1490634893
1282280226
1493013353
1238844375
1312658358
1323790547
1469185391
1256910557
1654737948
1706932950
1197224058
1373577062
1443264161
1156831030
1149422042
1514315426
1416338415
1191070530
955396781
1390173629
1447427382
1432456998
1293264650
1172823472
669489318
1313133412
1288278467
1329471837
1569091915
1081657679
938463883
1105251681
1241229839
1578631385
1169986914
1450228697
1240729705
1422409527
1018492487
1310493311
882907603
1106415018
1526580825
1523015226
1157381125
1158262421
1308978124
1132081888
1468153240
1485163112
1330820203
1658562131
1437888400
1179021756
1248715612
1246934128
1509170987
1277300704
854676595
1391144930
1228346664
1589246254
1234213688
1643712122
1367050539
1613029238
1088189797
1302223314
1682325920
1577645984
1118430688
1276115026
1741539674
1008498429
1585438810
1343496369
1542889993
1249537154
1282103133
1627502679
1645900871
1467331272
1412387272
1315159211
1173407050
1307664932
1202984657
1458083409
1614159606
1287146991
1389757075
1183921952
1598412870
1357346300
1413332036
1435478284
926736859
917825172
1470152683
1218896687
1473476404
1498431195
1390778910
1663818530
1489236502
1601472219
1204238701
1308910789
1285531321
1336760696
1703958289
1480526357
1614689890
2051222225
1788615285
1798045257
1627054174
1596568791
1373350144
1791954642
1849499618
1622291136
1867830675
909996364
1860659152
1409792397
1472530861
1500221250
1414625333
1305378206
1606028637
1292608696
1452719724
1305510253
1170698508
1613872282
1561877041
1638022911
2000019568
1472068240
1549553676
1759163250
1864097505
1135866052
1954069309
1478324051
1465864011
1447074814
1632914318
1496084782
1802171852
1695271585
1537160299
1882209400
1868204227
1725783694
1958546546
1571410327
1216311836
1850738287
1618864926
1666627386
1555220207
1629562728
1316661786
1656193734
1762144306
1274022957
1399759362
1565376470
1394882909
1394268287
1668632375
1772126505
1447619430
1541666771
1252671246
1702737533
1081761915
474213433
552363406
512200910
1256359787
1234050720
1207714412
949799459
1017915206
991003814
1098274347
1022793735
978620154
1370575376
1342222219
997538708
1379124424
1296170893
1300732024
1147766757
1196064697
1047558995
1323576350
1411671528
1323154916
1363821129
1030922959
1382153600
1252505090
910752907
1365522941
989800468
1417666788
1041752549
1197856576
1108660770
1575401985
1495631092
1251462580
1515756630
968145504
1525834924
1340588386
1599438397
1301041757
1647875424
1207405907
1596444748
1512481733
1297311875
1342850594
1295552124
1521138129
1688601076
1112154679
1636663728
1852105098
1603575379
1379396099
1522350977
1417762822
1100799180
1085879736
1306300430
1595392466
1495540308
1383250074
1191139358
1474567377
1713204863
1614217020
1151392825
630435518
560663330
486628098
487592803
626802411
543912051
552151626
488556620
614326136
645606268
516400781
676109669
665035503
478986403
617213243
607206178
553246857
594483769
395147347
554267809
569493122
370188363
608182870
531068344
476599216
525042424
431734045
535195511
632141618
579952804
393153810
552113466
508657758
625603769
485998564
560459605
603472137
684004338
538092701
513071929
522327066
650724838
703208043
418110446
472978399
480299839
548285654
431198191
640927612
572003374
611975643
569641057
585960225
492461667
466192042
585598132
594420535
465486053
636682554
549506887
510098507
379528122
560617356
533270191
598160264
659166797
545601591
618548293
431847969
631078004
443501133
538718802
669962105
552619915
460417201
540449037
566042356
464911375
634596723
625612645
538217317
535644975
475388511
471795460
413690773
467295724
559431067
732489714
593732409
454597930
514360630
638551666
701626603
524639253
510738024
551606017
442656774
541840496
474427690
547129934
731629756
437581331
566918880
624909157
531926037
625416941
514845767
636738507
478979589
762352774
445771475
531635281
630334082
653344084
570170663
448649813
441382643
560530538
589870918
649434886
445235320
559362494
527681563
573452400
566726857
488157065
567347049
474076161
579723834
691494453
676175686
543501771
630288542
652717840
541698647
628166695
677176145
481139208
628505725
577431228
458874330
388175807
570612530
545274570
540215968
531126204
487940781
512499493
733702762
494458434
517276742
539560517
733822586
1349139599
1190308301
1701890138
1327899692
1457482592
868161444
925082629
1424362718
1226402593
1405174423
1699618041
998479222
844838422
1622369249
1096142273
1437610263
1709050450
1324637650
1596932801
1832206291
1504355276
2119177729
1766821844
1669261352
1273116361
1551785989
1283032138
1262542057
1386043631
1345183863
1766043547
1533554093
1376739235
1581239565
1614566203
1650248542
1191325262
1737557750
1012009965
1080783516
542122014
703198472
533139184
553764073
553414022
426346084
503934201
649755703
649493857
491534740
491187395
575651810
499397987
712151763
545128770
518423399
536645012
559351205
607289102
499814879
679840850
639710919
576478395
685336159
704542868
626938829
659343369
576315940
809634658
651214606
591775819
563311201
750693782
409950548
511624478
678959005
565393553
588112727
554391606
615516054
728250981
604280846
560928131
614339439
626336811
674977283
506182893
581186372
575109749
512274471
579021927
500664105
765656134
754617768
714627154
531662907
501007717
523194069
569821142
522810975
622531279
621655844
585799673
531680026
595454853
519548067
549220266
534990941
608333466
693752803
532461817
615386269
690553052
745620941
691295303
651234743
711913461
657529225
737768741
728338500
651878475
707295618
511833902
661900483
609914696
601734605
770062939
719472333
781254426
615153203
682484331
853447077
567648176
587396178
515030137
695893950
692172076
663763579
830951475
683215612
709904386
598241956
605101005
816057286
662853269
759907259
772958989
663419305
711533292
510394334
749969401
505981503
730782021
583707049
735889065
811782840
693047674
708602454
612063596
693551888
832434917
629198046
713071312
867144024
671799198
617358716
753887276
719127573
666070260
701935397
682359906
613272675
685787232
610088435
644230978
543402148
781334825
782201420
598430769
663284556
669349054
591128855
717245005
751463866
710265228
959938869
834570174
617273294
646484175
825836933
607673330
534913005
744783977
496120551
591327825
691375914
665725944
572581180
717246700
661797721
617809882
850476094
728500253
643483927
630153877
485377356
634105232
802706770
719116699
764562484
803820329
702258027
840624385
693062377
870918809
787641775
589304637
787721181
647468219
694956314
736333332
793661098
791782449
1025298507
1327878683
1221356078
979588238
1385084261
1289303104
1654605145
1118885623
1442327001
1294757220
1695830612
1152530240
1099525708
613678619
479420916
635652477
537254502
532431187
480968060
660899660
529025500
328787814
450748929
532584785
544902195
558373549
552700274
611051777
534334722
530439918
520905178
555128976
624224420
1210685677
1481730996
1217460201
1315319798
1364602381
1541700532
1396961994
1333091743
1392429849
1133625166
950365745
1577876730
1261187612
1102605872
1192977572
1284588651
1456200147
1217141054
1445382945
1265504366
1436822200
1402308016
1274041500
971675263
1252954157
814883458
1231751212
1324645740
1418848786
1352704218
1311073762
1094010021
1131542109
1021875986
994030414
949870051
968186576
1215480109
1035602436
1122749264
1568859596
1213214605
1044835457
1265890528
1097821894
764100363
1125595510
1025144707
779763501
1296989058
1296969493
1004697776
1247813362
1324723070
1210776842
1077740604
1218810162
1158840159
1390164921
1235736807
1007770803
1315405574
1139626254
946586118
926430096
826360793
1339595242
1916071701
1594456198
1740111743
1585679467
1634937362
1482612709
1351364140
1266575535
1400007955
1120688242
1310399988
1443964317
1630837958
1573571916
1237445396
1926627304
1641424897
1126148411
1640405915
1753186450
1564063057
1613962532
956966793
1670718919
1495229897
1681456830
2147094277
1675136725
1377075192
1668418483
1560823778
1584991241
1522718173
1266558025
1500218876
1182795354
1493972750
1575249646
1234025784
1496543866
1943508444
1240574057
1243646809
1194775415
1752043253
1238257431
1449880557
1379659570
1774403992
1190507779
1193955650
1139140035
1396742830
1360012513
1128784667
1216659018
920501177
1165925672
1319796728
1283384647
1295066595
1318072506
1472527433
1065431160
829473227
612957923
531584202
503197297
517870743
491202410
468507622
791379097
493771667
614628839
565258063
530630877
452149054
628994500
666889228
598225964
508113081
580393431
672224182
617150053
621233729
591876295
642396702
529925790
557855393
675308176
593889970
534290415
601714197
540293943
518021505
657242343
581444796
506830523
481268188
604144775
529351891
670616239
606590059
682923835
429350450
584576567
695742380
544961959
555217745
521683421
484969295
515990510
640150303
510250043
637374863
569348827
450646017
511560850
409791880
562278367
621530094
654680576
520770293
524728222
617525307
451920484
573820356
566122987
555312996
355548249
645005429
541123887
520275551
462792943
589431726
600078520
1030953859
1251491049
1416654546
1265334791
996119990
1172192402
1029952464
1025104046
997627989
1246708336
1211071578
1372885200
1082687255
1499027297
1131282015
1557472767
1149063965
1362178361
1189404220
1236290801
1163157366
805391421
1283257364
1118266001
1199008276
1165836585
1212436530
1011057376
920532580
1051362095
1493111519
818606453
1112869241
957977713
1380418356
1229892039
1262800920
1502799193
1057083782
1181809854
1115321782
1095497319
1298755497
1445840283
1549039670
1172589637
1656804612
1395192354
1708051281
1684937010
1534138971
1508645342
1325366775
1360597061
1276065246
1639474075
1359228818
1267448066
1373440976
1596074420
1418715610
1525437032
1629887003
1212511214
1294057039
1848310063
1677840129
1386885658
1391767117
1498644194
1211020834
1432234073
1115769828
1823474817
1409037320
1801949699
1317463184
1282598467
1962292657
1227989020
1725230692
1524557746
1578397972
1190347371
1250766411
1438530159
1603142886
1241405359
1463504849
1163472616
1452013668
1471362412
1245652451
1290308491
1433080608
1394147813
1335866434
1652624994
1105106693
1397269566
1119753441
1618173164
1287078893
1312883718
1334132899
1038263712
1552351221
1338444602
797397499
1442985807
947935024
1299623921
1152302081
1407951676
1316705812
1485566692
1432039992
1271196942
1445020167
1488643224
1337320999
1642806203
1260446342
1023419978
1393475875
1038069573
1176935696
829010968
1215246055
1242375978
1279652109
1351199141
961900154
1283079703
1227814154
879146754
1510336347
1534648334
1248149842
1029686983
1244232453
994430303
1440764354
1164847098
1401845472
1015106553
1236271738
1364491325
1224715371
1032479916
1243763181
919784633
1199948925
954045104
1250793720
1080904795
1385326550
1272212644
1293962452
1284952710
949014885
969393336
1024150273
912086226
1246945277
1525053892
968124951
1093364986
1264472515
1100196018
1372618580
1310431076
1146390829
1023413213
1197588515
1151980631
987999064
1149045351
872711246
966110223
937991582
1241947457
1081542213
915695749
1151144942
1094880782
1468790484
1302441650
1070145910
774962557
1061609165
1155169628
1061008609
1180111068
1086970374
1030475745
1019586450
1205185450
1154960913
1300404766
878311408
1263253447
717304497
1260677343
1044726484
1308292699
1173641474
815969991
1364000927
1189822825
1259168235
1064287895
1257816454
1002757586
1456707798
1553227760
1346872786
1081206855
1371125272
992121805
1305860677
1124218073
1104921217
1041327795
821093704
1082861589
1000700089
1217200675
827345955
1099418911
1012017439
940796596
920880991
1146468083
1060471657
1145410139
1282064174
1108172184
836862793
1132843918
1149938131
1149612150
896828938
1238323444
1097341718
1150178490
1333810974
1067466802
1335569098
770184924
1102634423
1317674721
1055256484
1146418848
1206236215
1384981182
1361309087
1136804810
1241823687
1493627281
1210597825
1464234183
1104570443
1203733266
859139977
1293114438
1101327566
1602143611
929506209
1478662373
1022305625
1385994976
1458690708
1455066067
1490037618
1350959575
1450246065
1273864908
1205036213
1162319931
1398787566
1399037133
1319154871
1693984147
1274593306
1039556475
1428154327
1315978297
1611540375
1297194135
1059992627
1371910401
1190089940
1570535171
1456576780
1357246507
1251873198
1469335385
969273608
1113108545
1376762019
1200791339
1542085926
1168912139
1317074463
1341410582
897103366
1315272814
1319655535
1407608580
1157324607
1208203093
1466760732
1312074508
1605832345
1116781761
1202921145
1725893606
1394295543
1483706837
1354453411
1383156237
1691128553
1044978700
998696783
1453641290
1390892522
1477753839
1456580584
1355027152
1403500723
1536011997
1345177818
1556580600
1365105182
1254646413
1560316153
1545314969
1130047273
1498436795
1332573786
1517748398
1116136798
1489800090
1052663733
1506051208
1397050015
1276521560
997429351
1206362118
907939430
1140764342
1423697061
1498383235
1618510938
795963059
1551872645
1439334014
1210688455
1217559147
1426812316
1198459095
1167650311
1231024474
1341762226
1310057632
1410944016
1438596680
1173344792
1004180675
1588496155
1288134119
1461679488
1525719587
1211566605
1241732920
1469098501
1406827799
1103808946
1714892713
1104689076
1438989528
852468066
1674274104
1142856059
1308941327
1420752936
1395418838
1297300581
1533933802
1443175519
1445842671
1219961391
1431747148
1249922973
1299426233
1206434535
1012857733
1428751116
1507647629
1619993741
1355863260
1308594388
1196821156
1431578017
871014960
2299699631
3581256441
3219765756
4484545961
3900487362
4720374413
3143193082
2318389026
4136590061
3310435334
2469538428
2982316931
3609072494
2925039829
3078388203
3768965738
4001804785
3293882766
3841259893
2899185515
3215235749
2953331915
2200081186
1547439187
1211865627
1135700021
1685901695
1348454452
1266645538
1443183091
1758955536
1501364029
1096600253
1343197602
799867064
992629412
1145550662
1219879555
1240405034
1077639580
1334854871
1132520079
1201054313
1131119380
932198078
1372699192
1261247499
820281774
1030817592
1184453322
1153401240
809877294
1053673439
1075435988
1419126838
814226396
936776764
1317119747
950680400
1226305928
1025121679
1387962110
1316461227
1123191788
1080955050
1009518528
1298168614
1126600195
1309818571
1090439981
1253051493
1124908704
1325100306
1434706455
1393307674
1256226992
1238877608
1563599575
1414501908
1136664430
1374211578
876577416
799131874
977229475
1346150050
1048270054
1042811633
1208309786
1139781164
938383275
1395934719
1145657947
1520421888
1509897173
981716795
1218818348
1330610191
1206263448
1132169968
1194498975
1196540119
988900087
1072672934
1279863349
1009362961
1195404450
1315965262
1160890340
1617875474
1324163772
1166446241
1024452247
909664471
1953731731
4133201277
3958318122
3102312343
4408968084
4050245665
3189906471
2617991834
3603086672
3488360781
2159473291
3085000177
2974003283
3996781320
3053689923
3762074658
3320351935
3642372020
3811124209
3495796395
3287322432
2142266659
3645135890
2889560817
4620808483
3221652500
2941863649
4212381582
3198724146
2613362149
3893829081
2848172160
3969841944
2646320138
3043450315
3730724228
3762035014
3943565702
3477567776
2987283574
2209583291
4580380124
2743288462
3692439613
3459153612
3658302946
3143551039
3284092310
3450727566
3123884442
3364598060
2685764692
1403525854
1398708905
1140496607
1539854436
1626121058
1234140955
716073580
1398323591
1562406060
1091623526
1374717127
1589791004
1251621593
985927389
1407733056
1585653250
1396991644
1611434265
982956682
1795964322
1391931710
1675137051
1124672105
919197570
1346391202
1598528350
1619754888
1477015123
1533803246
1534703241
1361022349
1632983724
1409120740
1751153392
1494720674
1443930684
1313494961
1527013563
1401210569
798464332
1158227534
1076276171
1384617176
1062551723
1229370153
1368997708
1354193259
1116649082
1638596828
1002674483
929759191
1013248085
1360772862
1091868390
1442119160
932605173
1448816361
1076947197
1283942556
1322367331
1305288435
1183736462
1598617724
923750689
1177092031
1278853266
1286476667
919331655
1684368834
1367185117
1230600445
1505414165
1394521378
1308032327
1553509327
1161462612
1090159586
1223223394
1397498974
1608853699
1417308520
1368074275
1128357534
1193356136
1681072531
1366806356
1374397196
1390709078
1495131841
1335539279
916122418
1478296285
1086879189
1287418024
1412771225
1272079669
1383619946
1566475135
1222264169
928323901
1340018097
1202934172
1585389000
1268119830
1313743571
1455915102
1222412510
1332089099
1326946365
1535732599
1325303887
1028764020
1727484875
1298880694
1362787000
1439737772
1673030442
1268672116
1372035797
1450061930
1391537600
998605310
1329008179
1135763642
1429175767
1195732789
1295464644
1538180382
1177819177
995465998
1042621241
1014612242
1172733077
485477608
474464848
539716958
677570325
634430348
645708713
496722716
452115018
603314906
632838868
556893073
469876611
413835665
696659010
459898002
413981509
659723089
540008161
631101284
567899303
435884161
527283826
606279821
448740499
628858962
372365178
455254684
600955527
500676789
610426370
489239999
578886542
454926386
1368071488
1349781833
1244939899
1103012302
1346960836
1391898092
1068812180
1441776182
1290356842
1215237587
1034589937
1520049873
1381049742
1177576838
1089267915
1231775224
1184625324
1146740758
995850620
1310405078
830654422
1433643800
1200566016
1242944464
1141151881
985235999
1263752626
1653169175
1397854719
1537744272
1451157159
1320435732
1408827306
1566423931
1628258039
893602598
1401796004
969679048
1306067858
1208801843
1443948794
1234295026
1209026641
1450252934
1009452480
1163260422
1053348360
1469596313
1175077941
1416730460
1113096474
1196831205
1407973636
911047368
1302638251
1357356532
1484239045
1263684836
1394389176
922027350
695255916
1813894957
1092618992
1153680738
1202858756
1458593215
1463450508
1468123761
1324963126
1362751231
1480274261
1967548319
1451215618
1577062359
1463182755
1693350591
1617261441
1356579125
1215583243
1448633668
1487859998
1377293000
1510252802
1772960113
1610976554
1326953657
1779198687
1385321437
1231106720
1313556253
1276844395
1136030070
1527586845
1736263203
1555253741
980248547
1373614336
1763677340
1389797822
1422207050
1594753602
1228396240
1287951609
1149526246
1140908072
1578815917
919385476
1508416072
1529565773
1668821896
1229900228
1217986152
1443169735
1434491518
1428123607
1348426111
1979071111
1552465124
1159450930
1502023867
1266566180
1396790263
1826308449
1551466369
1330000998
1967440428
1255830184
1163671313
1414321186
918926600
583125884
636210454
490310044
505140410
401377722
624924851
665855838
672546806
519341373
592619782
508373428
502938446
525808975
758461723
824381031
735790639
659175177
568079662
776357676
908506310
708464534
575831517
813793006
790239084
765065936
915370922
873181537
826521364
663531503
1250826629
1808875143
1464745862
1685830653
1579491832
1174387432
1022846993
1445908835
1122892424
1243991757
1251812726
1382889308
1686653298
1297007579
1387502025
1453758532
1504473765
1591794039
1348023513
1007892170
1232522877
1511055210
1333111380
1367669121
1483845349
1341478647
1626447323
1598754088
1490304522
1163513461
1526423723
1636393178
1384735418
1142553497
478962840
665609578
583367752
582575992
482031138
565127427
587685670
564726307
748708729
587460139
703768844
587725991
387023043
614136079
641954084
597543434
690789621
705577486
709360418
607580695
820874484
573291300
544908861
726772758
596731586
533934879
435067400
676333530
654073022
867830944
1445433628
1175877649
956434852
1150317626
1210010493
1415030062
944410826
1543865336
1012840397
956147740
1327342217
854272056
1122172006
1150065469
1194086896
1590057659
1189453243
1722044247
1755166425
1359262162
1685873959
1786278494
1583264598
1091709923
1087151382
1516354245
1795234434
1501546692
1147672500
1706820921
1694992991
1570492598
1353873166
1312878905
1500948281
1853186407
1309163919
1378967958
1223088708
1408220035
1832244969
1826685602
1466516101
1315409006
1428330026
1393258387
1754935290
1210790788
1265044356
1759729169
1347937431
1507688194
1200768723
1408890077
979296102
1502922775
1683280257
1217080656
919595912
1542864609
1932335794
1759779390
1190536692
1263957138
1463454021
1172138185
1016614019
1448384812
1391534436
1655557412
1552481389
1627478862
1534759780
1487959910
1317844851
1477593375
1029124007
1720754645
1549146560
1364204691
1194107699
1465794630
1340042092
1321967076
1562062418
1537040349
1710265422
1636297715
1631171853
1197626663
1739115472
1438708096
1752372766
1440712406
1500599309
1037838789
1401452921
1636764277
1080821455
1397993479
1537063989
1635368600
1444721750
1262078702
1282822461
962756925
1259713915
1349475012
1245237295
1294449986
1650643319
1240570160
1556805728
1706897555
1398629740
1210047151
1555743952
1491289956
1118043473
1718170226
1317775425
912407429
1573576728
1238847037
1836312771
1541421409
1077312919
1605065482
1337083689
1690228405
1317969347
1579102626
1284804359
1475004475
1706573941
1905598975
1324758032
1295916640
1935814808
1121727543
508550507
516805437
544753674
500789885
548454568
651172137
535968516
648866939
525389336
589013387
480894484
640121975
516457523
454082617
521406913
551332725
466827371
437216455
621156285
622426559
697168406
520944289
617024818
533718470
638560859
484735119
523338650
508059510
597756353
646338344
488080818
552223127
636442580
557578368
443028230
554657224
508341592
366108295
503561704
678017366
570501680
561590705
434471953
429783032
466258088
488564022
463226513
538171782
458553305
461464851
505884662
510576552
616018555
559206681
547197679
609066031
377554359
583086704
443806908
479881625
526917559
610925827
482042527
601257182
532237144
631756378
505002146
493253181
588601972
483347684
507898583
444589083
622043527
619704805
418910921
568599221
599767622
419357120
428698219
425334362
477088407
653900617
530671718
559804896
411159553
521358360
497491975
461252247
631757347
517160808
511096982
552043869
522257277
517890988
571510691
645182718
586199350
599087956
452102268
413002915
582975023
446003132
575295979
492557566
577722655
503726179
532583029
415851447
445174993
530327981
567950646
632017648
746537868
602632476
475568295
362231123
543489097
478527037
466579146
643645723
506241820
481016080
446660950
674775303
386080592
431424344
553501322
476822704
565289348
656461751
472353371
530578436
580493318
533852449
507726352
643516446
649379534
553434954
518323085
578605302
630991542
631171461
1250420089
1439526684
1108695562
1224100426
1277561624
1005304254
1397473101
1160800928
1221294329
1185641194
1195628979
1307685763
1583216495
1004981061
1182752507
1017599036
1419011189
1214996577
1250613876
1186161123
1321142301
1310959342
1339323285
1428772607
1476040735
1115153947
1111979182
1436024474
1248767650
1476608341
1415394233
1188041397
1535780418
1292753333
1353784919
1651349277
1202088950
1058549240
1513659014
1036960450
1373020328
1677285458
1420497218
1619869091
1582130495
1051058535
1632065988
1134406180
1527978311
1375238679
1747694493
1317622547
1682688153
1273502039
1538840308
1806670665
1798492802
1396420955
1953278838
1508645814
937381392
1274009534
1349616424
1472154982
1318252003
1697244903
1618229713
1341888291
1111980388
1611010954
1847260871
1461979770
1444484383
1696705930
1385252780
1197932141
1535431268
1329041274
1670710444
1795922861
1973549760
1287144312
1748681452
1441004162
1702340893
1876841094
2024060788
1397936953
1500245676
1506207104
2052649491
1470163022
1570427641
1578936747
1629823066
1727442351
1551437675
1623678863
1643570763
1680358129
1442443015
1215616517
1345193872
1939601049
1331137659
1580130194
1447579874
1193211572
1407895142
1446844686
1548449230
1389858096
1540504883
1597795461
1190739257
1318877091
1970043371
1120437486
1029922467
1436626741
1121784903
1426496143
1440851675
1477863662
1382852683
1206019781
1088440847
1034163511
1488890178
1354115811
1225246016
1349823367
1630926869
1481345815
1407561248
1101826288
1130296803
1320797397
1211808287
1905861221
1116153739
1347407654
902049393
727223245
821156796
714031432
527225621
686047561
643147750
818195561
720762076
742454094
814082967
773487378
634599286
647922547
547196371
713391790
595666219
795036528
850281376
588094356
598882620
705182583
850046904
707638128
836127739
872397032
548144554
829135985
808157020
872335441
698809547
849906035
727262487
811653381
691522549
619837668
708959289
938516553
649144574
602373787
699289936
813175167
484403689
684018989
888981211
785770957
951263791
697286732
642366624
733315587
668384051
850797772
906962875
764136487
858602778
821721071
513850882
963179145
529189616
700878864
800455675
916941117
786632110
983266015
721306902
595859004
706534072
879494054
641308022
762650155
688255163
697369057
637491727
532952565
632349804
801347527
673157233
832226234
671262196
708832785
627092674
940020626
801538168
594355265
715580283
782064724
609472993
770310613
529833516
669441745
782781652
556721068
547113574
732472318
773425726
930770745
579000442
703361133
677469917
729662414
864377014
772955719
817662280
671016963
545855840
563860891
739911647
525249303
777848479
750870484
734934524
475356857
582625622
760452540
515267102
853196536
645237325
730198394
672530752
693575233
717417213
714326393
737117441
723879916
760051676
1811836626
1768610556
1942447601
1652123301
1584178813
1294504190
1889203570
1725062946
1419069245
1492719909
1765734776
1467761543
1103253277
1585809898
1735077982
1637743000
1266410925
1829181895
1520919807
1519289457
1175099818
1693432345
1583307541
1519862976
1507252911
1785656724
1577215972
1706115866
1852562855
1245111967
1793433229
1294099406
1596870144
1634929640
1601799847
1832806033
1460252921
1234492836
1918010356
1798712448
1359436444
1892613146
1771321955
1229652183
1428482765
1605546114
1767619779
1681334241
1598095783
1845644873
1912930934
1316344035
1541204396
552530686
641241908
748189649
602230025
651495950
724954633
701146319
791123214
604862608
626911248
545284520
475974468
692549375
624721220
1068391457
1302492766
1267240263
1288686903
1245085956
1050516428
1510251849
1415651699
1348583635
1250937984
1327934344
1711254863
1259041213
1663668979
1459755629
1907755340
1485698669
1282226764
1361776780
1645915771
1494877919
1304963542
1418074569
1740601748
1387395370
1509166972
1599921576
1219621839
1759760802
1417595827
1069366391
1065189842
1711565091
1304474188
1592687964
1387377857
1539814649
1624784235
1469138385
1581523570
1528626306
1263466789
1681519595
1851555036
1728504836
1620865247
1660294499
1211372073
1232906896
1581408801
1826892722
1622907567
1540335130
1247277362
1114460669
1222918435
1287913484
1254273019
1309997838
1142271810
1247580114
1439207261
1568882066
1274462044
1351522514
859942806
1388283771
1177849333
1416619860
1528190255
1388623152
1213287551
1261942068
1392159678
1065590013
1138167889
1088493619
1175789988
1182354125
1231828751
1340779468
1112081727
1075914970
1182437653
1335452542
1202218487
1226082483
1243756908
1067047925
1189851764
802805820
1069913431
1258216969
1073557578
905504595
1394143698
1215395396
1139827961
1227173489
1086810185
1390828985
1449490184
1004311588
930788286
1095477053
835459283
1208938754
1130325939
1314885271
1003847889
1277004802
849406446
1307037203
1113627178
972691394
1302304370
981604014
1289364037
1071692918
1216265417
1042512777
935949895
1287348065
1331935428
958854405
1386306498
1379994971
1000738600
1184625570
1009414669
1356995465
1369946070
974506083
1257147216
1258585870
1151030857
847553849
1413710237
1528397332
1161611525
1233073537
1304079782
661025676
1599482141
1625779408
975682468
1161171389
1182032058
1604872161
1414124152
971758418
1339785852
1487959848
1196883009
1106523518
1349952084
1342428320
1535244667
1414777946
1510130853
1215978251
1383921795
1249576466
1675986901
1268287256
1369287962
1304477554
1550218068
1281379087
1334961076
1038668080
1228992836
975480854
998713686
1186237455
1252888124
1018058388
1243129377
1549066494
1391092251
1507541867
1373652068
1150067578
1504720131
1290636944
1177625723
1347957618
1232901975
1344089905
1168740746
503013046
652891349
519014754
469829377
433961809
501145433
501150787
465329066
526020103
496380905
515563921
394487737
579833326
554186346
479329099
564176314
692581361
459360820
547449313
553703940
560790005
477017796
538055231
466425648
508842024
577032338
501299612
563780760
525475079
440322907
526268048
529172261
430929592
523166376
651955593
534806286
446576889
516884403
482717351
602784870
668566053
449595603
467311823
589697443
499625974
612517260
504074304
572511942
440560036
384823348
662475398
446551347
588954590
522413945
514429935
1372109777
1486225196
1519637879
1678972123
1313822420
1490542134
1865146246
1905064299
1633877251
1823537727
1933335691
1517123637
1579288782
2002044555
1483515323
1313484569
1386922822
1274387225
1545331850
1520843003
1431042504
1287238499
1331962287
976428411
869303303
590683351
694558391
956262432
723056663
680227562
789423825
882619010
891383035
922908811
726010031
1024031658
882652528
736238059
855247827
605505078
956251770
827621250
821437808
858874152
768362373
827639535
945627074
953582853
690528151
690392560
837860312
1038420395
784057863
892176360
955116297
720829207
686258459
930875725
676453166
745768969
1008814029
1056747938
1389887280
1290938064
1272362744
1394743807
1279225771
1931300895
1770350200
1713254466
1804153926
1543270151
1451445789
1684488369
1174590426
1410251430
1637069880
1621629228
1347141316
1220808458
1623435262
922038486
957117374
1609705928
1176064692
1469660232
1078494616
1413729452
1305693734
1281631839
1112178401
1080969313
1220946855
1475806622
1122037661
1364585419
1521310872
1166115885
958003617
1131363776
1557598621
1286473014
1358622533
1463776338
912932528
1341817678
989573574
1606579723
1341282233
1058033736
977821890
929199227
1907829357
1256997060
1558719766
1536136464
1213883238
981988213
1044998848
1248234656
1323197427
1498230308
1555159980
1548192941
1137879558
1671557436
1797920194
1330534058
1244288828
1448354898
1269302422
1369697834
1523305717
1667192290
1194616702
1547417304
1326513762
1525659727
1520944846
1703885434
1398668448
1101709807
1761495939
1341452891
1298294032
1496993959
1219702109
1373264914
1726417485
1579953988
1732385308
1513447251
1775249891
1277218698
1904885078
1534863521
1489026300
1202388342
1497882538
1632850648
1651276414
1426030709
1497449585
1382975179
1418887977
1579095210
1327245451
1526240555
1774170237
1400806189
1662122274
1872428158
1448482511
1484703791
1497653256
1656093588
1350098544
1101995399
1209024857
1266040978
1696003406
1384441342
1896167222
1532633665
1794329122
1608253072
1391769153
1527394968
1260376326
1724701867
1156410281
876005042
1371493360
1140625593
1484698358
1342967007
1573914905
1307297903
1578090238
1502021341
1562613935
1081850543
1697525372
1552929958
1332480642
1491181493
1301463247
944568113
1345987550
1365521574
907379656
1522533141
1926710220
1508524766
1107076752
1500540569
1468966957
1687587428
1933914562
1346784035
765638225
1439338606
1408898327
1817941282
1942820548
1457482696
1444769795
1231450329
1721766167
1555736215
925755539
1294072505
1523216371
1373951460
1444317076
1507333198
1601789645
1121676541
1255956277
1560746931
1559617978
1417273345
1716199989
1593720119
1587112798
1398841767
1376710004
1036248248
1424135503
1517279816
1586411831
1699055813
1142710719
1617064722
1649906655
1596531115
1486859849
1523916315
1128240259
1098022130
1340241864
1092026612
887557476
1400641376
1498501161
1528338664
1170402181
1518127758
1113360904
1372191387
1732873550
1343420727
1466334703
1253783781
686716442
522045496
747008591
565063760
436398388
585916192
522909152
488877945
498368679
559231530
465125783
649669162
521171516
620798931
509823644
689607119
652454533
633070320
485818493
672190928
584759087
557608348
646802470
501300345
559817219
425402920
680319094
540451095
498889966
754130201
653964786
617086956
471107518
645346625
555387336
501339714
539804242
429620341
412361435
623464406
453039976
656116427
611588841
425342378
696590189
660943255
642623271
576858899
659098565
561851195
634530255
490276364
350565634
630533540
606716962
497388971
479357445
386458319
568509895
630585136
473940067
626083208
638612748
472053389
622521189
613363479
620317730
692077093
549313171
600936931
635882712
572077294
837822831
1131733239
1481914248
1584065993
1395863156
1061088389
1383712782
1087671787
994010759
1217028555
1000387297
1496041562
1162259333
1444425019
1338361803
1230494948
964867246
1132679460
1472008411
1259389453
1046993438
1403749041
1275100925
1609658384
1423452097
1130102678
1401479265
1192007269
849621206
1342998575
1440155837
1202210190
1340191920
1322661403
1014062089
1544664177
1423369601
1318720182
1129519493
1174448314
1374752882
1164912716
1343400235
1893906664
1343194039
1723169382
1233622374
1509534168
1121005192
1463469594
1447679244
1557760208
1846652818
1234859396
1948226389
1592812521
1837155637
1020776260
1133576128
1960114508
1118577859
2031727315
1311656186
1236371986
1274775296
967432450
1542059146
1416417991
1532853067
1419401101
999748681
1139074749
1111307360
1016874990
1056378397
1027426283
959526802
994696644
1464131732
1041709165
1113661054
1265592615
1561398185
1147541818
1468078036
1125024454
1146487759
1211962747
1043813174
1181784000
1354304827
1147208550
1333099620
781242050
1430432251
1507289126
1129901152
1370735866
1146331502
1147732132
1027105032
681842758
537005926
601777592
713140545
521739647
652988169
714717508
572380749
553684819
604395599
698859182
705872826
613249765
644738522
520615257
565831285
638312524
590463386
640285574
549175116
648709958
590631680
562241754
525373849
663912941
609849085
543682864
699631093
435566713
497354325
443056174
547766781
624310149
657909518
603446189
711921816
431520593
683619980
547830905
489704599
613054147
557196487
625942162
711493509
505305297
590598751
661732594
639960158
679181131
592013965
514170887
710502194
539714024
553557988
674081468
473007208
603235701
435792996
545948518
579939182
527125961
464911445
569030070
476539813
570803397
521862651
700910169
716765161
585014133
645325204
527758762
543730546
565721410
636949786
618213441
488280674
552297416
544945255
554449749
542098192
