705719700
649015833
602619633
876912029
916837618
605670432
702167962
866599844
877486294
640278975
805414436
774324054
906231167
1021662779
915425299
870237016
951002712
947658797
378497744
717460969
630620625
736151338
539644454
805202642
816196643
764259879
889840259
790343918
763069595
805098868
511364197
339611545
368877725
339954586
339814686
342289338
357558067
369108511
386503434
386771339
283577692
405569294
439513773
372117700
396835242
691547992
341939465
792025472
636869944
581054112
810605826
605739925
603582098
763522302
929389323
639107956
657659601
538193543
605672834
1014257963
1158203013
1127763623
1134636969
735227184
957601453
704196287
754519523
802612583
724062679
785222837
723865853
765866209
752456181
728505224
915794503
680116778
870730203
391051220
779649664
1021092562
1073420298
1045343101
1008761760
907944929
618025447
901261662
679436706
737374402
859885571
714276671
815688459
952149427
793800604
798627653
819410760
987771094
1168623095
832355376
881242645
883627678
731321758
279351919
299312159
1935971038
2006471168
2178493592
2467314314
506200239
385274014
409241879
351129999
418558634
426808036
302191545
268699091
367069379
302044262
402692107
406501675
370605428
363975378
427163212
399416697
874710922
792936721
851871186
716971958
951518756
953467267
742003381
890045144
842956226
890258700
948783250
994417927
892277500
958062064
1016959621
1067442720
669858954
699030871
783197395
754936379
698202687
858105351
813949171
735219548
865561645
852652474
692270299
838103560
380919419
412756486
440697499
396172799
456140756
364007222
402613577
445573122
365352436
346882419
368318518
434022288
453138609
483470884
394083374
635871429
629217789
606088534
845949172
698117210
554470117
726569434
714698626
665592302
636058339
728125867
823474766
1051839502
1030793241
815076410
755727764
1023163342
1058884729
686725093
720138260
717338984
675262392
883615865
879824152
1040315434
1023090264
631480468
886458978
687834542
729216663
1185407138
728478846
946729718
992775622
1136309477
739975822
425944112
806129037
803919975
761683739
729430511
886035198
762605017
933673206
623613247
729423904
698629713
932053345
931767675
1017748176
1025804380
893929777
912989153
900439417
593429033
687886455
848498468
779383103
734401713
681704318
978554319
721846897
907003372
988004961
868095627
909044590
1079429645
1213939096
1123532548
1107757737
981676504
446191811
845096990
1363188828
710374183
926182980
1117285536
1015550654
957032912
998347650
1272420181
1114552705
884902209
1014179136
1210941996
1139895290
390173952
786490549
1262229198
702372501
1250929436
1259116964
1128643969
959793962
692984600
840833629
908736689
873277567
845489910
886843184
1173452514
636559402
667356864
563371571
376421749
369702728
340152615
306454187
341395203
578673991
666358281
709425222
532942189
967180901
857393980
819865724
723568417
1111256441
1037044916
1098973194
1058121132
1126820625
802156973
674612513
757263260
699542915
756392272
428770500
330299287
313934592
295722179
349863295
641112524
884922393
882450273
842481557
853922934
859856558
823282536
688794053
929881623
1017643882
1100390503
1056247602
560301957
894086168
806177794
773786094
767026793
626916698
734669792
757908276
881527156
887315085
670387128
743086723
827963156
1083174491
892948933
857156421
1025369925
1160927360
670282216
702777516
806395664
757403718
458603189
349586689
331443347
373829801
348967581
358952307
301416821
370473557
276653410
408848186
254048871
325297235
372642393
324442082
295933444
287690063
278434812
387624898
533987118
894337360
1105671994
1073555972
1000295761
926114087
1038991464
723954092
855117863
766925679
838039236
787749909
740423224
832592154
825282013
770868948
854463892
765642013
408355103
328233093
398294703
459476638
370436526
406561006
434495711
468703131
357164659
444617984
328916060
488116017
327928291
319610459
353877435
783261809
582267591
769185947
749145455
586172991
658283217
319148428
301272578
354681489
267439780
284891453
326172189
315417459
287870382
319079330
382205198
350847124
279696085
406629892
597009738
2834416674
2457528529
869191010
797590964
745519797
802566739
830341217
525467078
806651230
583170863
620093330
712206676
730912465
693708876
638225647
1008385029
972459852
1011069109
982664005
913766113
1025652954
482283098
719516315
701486944
543776816
616420843
734691133
636937900
834558415
645170609
802280896
857382964
645433417
618813468
874597205
1016168610
1086474669
903393654
998650437
1052682799
727388903
805608306
645809779
668078751
834467227
972259149
775587578
898563535
813856827
833226520
572349895
723132309
402719381
423372842
394931572
430013450
340869964
445636919
369808147
445605089
339420811
473508641
388583997
404807221
343929435
307482718
324430053
312184410
2217638169
2256082168
2521287705
1961219576
1184144809
962248580
1010160465
1096399772
907986868
751606358
913729252
837565814
927561756
706266058
894874356
816449912
731622494
887847234
864447554
833962049
1656636701
2519196509
2380343604
831313835
964085805
828490378
797793803
843850105
573480243
839763248
849835030
837686110
783295670
974123545
892424556
1010081857
1018052096
985066609
1132326099
855511929
726688661
660715606
747108436
566570435
837924211
739248494
775707572
817617753
865585390
670250023
792930232
563068336
451053784
348829660
334852140
372959103
314199464
428085237
366913332
382656474
266582316
421401555
369344460
381481236
387663602
347194187
463750898
394738046
906945637
805077456
811124344
655179724
764242928
853907234
868123833
938015963
830087748
644384794
817727557
956599216
1144528699
1047356052
1047135422
1035659942
777366943
706868102
325270704
264714186
324459132
304467336
311970120
332331386
242442622
311636095
312551685
314019810
339943519
330436482
337808216
349746352
347411281
318029592
274607599
306531230
397760378
305655868
366488301
273247447
379402120
362466502
609842029
348553799
557561368
413537989
611014594
600713104
528701403
471005808
546411625
383476307
464705718
605178224
400089102
618971787
534237168
337776419
312315643
341208617
328571310
377711379
337521468
358336140
359633776
392087137
288097418
389554551
339230744
264736869
383217900
223629956
294590280
320057779
370914660
335184245
290039640
329850182
394855481
901107842
826283319
912329134
950660604
842114603
1012125722
1024528726
1076054626
1296999754
1167503770
1276617391
1292626383
1270415370
1139191396
1089696444
1034457644
1072664538
769357078
1085085593
1067655920
383963053
1383290169
1376650197
1101226605
1047707723
921221095
935925569
1246442357
1263426947
848018813
1107242832
889798460
1118011703
988019991
827866842
1239745651
1271623018
953165889
979025409
1172463874
1106586863
955775514
1014116193
922299405
1016449856
741132398
1063138831
869782656
947307695
649027623
1202856209
1059213039
1028913369
908865430
739956947
895328865
967266877
835435045
1006880954
935273750
951760361
1144631553
594893075
1093352673
1096210305
628613544
1102081747
1130635530
997896575
1272227326
1104152708
1210260852
1066140583
1106878079
886259406
947899330
865978422
827550653
1009573916
718600528
654321545
1231229904
1493748132
1315882252
1373238247
1167751402
1227802717
959822111
398408205
391853262
399687219
379792902
318785491
312524656
311722664
325274101
405330472
422557560
456917530
415137752
415342525
413872429
359083053
293914110
1627201404
1243143617
1190970239
1195622275
1140069765
1394493952
1083564279
983308615
1025954342
910632934
1012725096
979200022
775714371
510359773
1350380556
1405358301
1205102824
943273421
912001111
1294367774
1087310314
950877274
799320166
1127455417
1135519227
874163993
826843729
812631264
716499908
1109764549
1267216509
816256919
957664505
1273638289
1130932292
1076984067
920554059
862156837
888501516
1143520752
1058756373
842995947
906518047
475827627
903111512
1163273690
417077275
407129596
482054248
399871485
434284626
412064069
420526187
419470462
427282969
493953775
377081932
348576724
443413368
468414098
437394245
365161976
343548570
382170257
345680180
416664536
348490116
387397697
339997702
337606763
386526032
407919395
396139457
351850626
428661462
429810769
350505659
417936910
453624571
1210056734
1175972013
1268928788
1210083233
1145456886
1037156049
880961961
1080841640
1130547162
924200375
935767864
1050952745
879118833
394608173
515341025
533197776
465693374
373590630
788794096
1213304542
1060703519
1201366387
1051093045
1085562017
941414117
963881789
1075902621
1002253908
958109995
794594479
618643034
472957885
483753552
479139690
505630238
609577114
1339983342
1330923458
1293297916
1211858068
910203451
581752550
937222283
1174702000
1048218162
975292511
858995059
700293605
501591582
577642114
470833672
457155095
595236232
447300583
523288174
550231028
369229572
457499960
472012322
508604089
464295863
403317961
526461018
431637677
422104989
573655689
993683418
955832380
1017765095
1115580926
1020349942
859773670
817021972
866179218
827602447
705552773
738297555
652952996
719609746
746642373
758174913
780716394
763110766
613363372
557106203
1078049052
1005662445
1136929603
1257103300
816839397
569477598
594303154
502963962
578158866
443292826
529532260
520744128
349006847
367038699
511433038
490002044
446277315
382703332
562157560
536517821
474560743
498741160
693977016
845627443
1116317477
887235283
812090262
1094188416
771588684
456915219
419834969
566175953
456360356
404652507
489327897
439378280
407226377
422306448
464672665
491783359
375822858
477707852
479129481
523272220
358514920
455534995
304275416
565322851
680616701
1165372612
955722142
1009063323
1130271807
801112941
1177488178
1205976274
1370649338
1110100758
1047113763
1100628295
895184934
1039515950
1339695951
984391360
973389660
972793015
1111626591
1044514809
825617497
1382460504
1132880158
1137633976
1062171141
1136236384
884183430
775528493
1158630094
957803676
1056495134
1262168171
921226944
805864713
757138361
540215760
1118045157
922993258
1240756327
1094896696
1042094906
1094071523
1081102316
1085338854
967908059
978799081
870485958
1193777582
1036024374
903079476
462013717
1342711279
1346933972
1327399029
1172744577
1170272835
1002366702
1186390301
1099482916
1030246973
864533085
1133861681
958268221
1037681451
1197921593
1306306999
1388588795
1197395014
1200946902
901129976
1213526431
1263507521
736005323
1029129504
969655410
836308942
1060049089
665836946
1255722513
1474803657
1503903341
1192423212
1342081630
1386728249
995794670
849298016
908982906
1026824139
1034801089
977974990
864973746
1530078522
1139367755
1171321876
975432769
1160887073
1242995241
1252597236
1021677991
1065588089
934026259
938514423
1189043571
903677234
542154445
720316521
762128508
816206912
1209200140
1321064496
919110772
1368672451
648623076
1132703404
1067806511
1129422268
1092635322
1037999234
989402457
697038096
817892201
743204580
401893881
425001257
420886980
462397204
370178147
310002655
388516936
415303604
459333428
374410604
302862740
340111393
319914226
461534038
355791451
377982931
470810253
413187253
434259046
296853199
427395505
458526004
365569744
367960571
353963627
390972279
415565488
366566576
405352412
381364925
376651604
374999339
410082897
397313713
443894086
408328395
491703820
940026296
972219743
842494897
900337026
987499791
974614583
1002447764
811752676
756516522
1054770539
874153899
1190776624
949483950
955669437
863676714
797993206
961051443
1017039416
549000429
801110625
1026186567
745341545
963414115
945171821
840273664
911080100
902118642
1031262159
904406367
1150470271
932126548
935447711
1029496758
826668707
1135927584
979696088
900055998
800298480
998923139
904432734
953789720
799412984
815141774
792250000
669165229
876973456
841368172
969686468
866903943
874496444
799004457
944749403
955639129
792420198
624432696
969725105
695096118
1036779170
844987236
958813389
814797556
849997049
890083382
822038787
813624514
670813701
780097858
778101672
932894883
1025596555
994120414
888008670
1074039570
1148693502
1000943093
984304722
900177489
906025089
936801881
904815818
625582805
1072786042
698005276
879305294
942232509
924772142
910984763
1139430712
916580772
920681283
1070591915
955060422
987323220
1049690805
982358636
1042018126
811562987
840010648
1008860489
678132349
419104775
380363884
335311711
335568581
291322205
412626249
370898909
380690925
417766187
422191144
433188704
367764501
382864639
357188777
367523492
370280860
389536068
353720453
431033109
336604142
403375448
418543474
383369506
409814303
329589437
362815093
334321456
341319287
399815515
417290656
330600157
307683418
410990410
402091977
414200249
342106318
358208927
426827017
460866912
290831503
348455620
206269821
315421339
339713303
404465837
314415083
356681023
325374020
347981003
357990572
330559273
360391772
321079330
380171590
280656106
381567321
399140951
500235084
1339916379
872440864
1434730001
895083317
808305685
1320085197
1105068655
838613924
979608584
1056822202
1103870454
1095079126
1096755859
775708110
916091263
646218205
407882260
371362321
403676095
347619509
358566774
286147748
446138412
322670906
409770271
347173132
393523846
335663603
278821601
328525302
367611368
389576157
390030681
476442942
401640577
412931038
394900445
439394925
337208452
373846845
375047952
360677920
772684938
1019383662
1060446287
1051993360
848056119
1147758302
950974480
1149646267
864190353
1121416654
882813625
1047771160
869531482
816933828
1042409334
1083607130
892326933
1059191375
826783052
793970111
1030602047
1022874024
1000442127
648491131
1197025647
919791479
935004541
928552021
1017282424
921188266
995197392
1066299629
1030381160
955800232
1009749398
986052925
826274350
993416347
895725584
1071243044
891557376
897453715
710656266
1024078034
1045231773
794054754
1067958738
1160597280
939198043
1045166635
953600205
917443781
802224772
815071772
936059451
669799619
776306906
1032336089
924555837
1106662094
855279709
1001017275
933205828
1018361161
1343394977
905957157
978350343
1046200068
835741298
1169113365
878968558
996852783
1161997377
861113400
999754733
1097161022
1114689954
944691904
1112635446
884841420
852760175
910160555
1153299714
961198943
885362450
921740565
741933117
881827593
1028401262
1119678041
948835229
1015246839
1059808373
987478436
1030470797
1179591213
1136005597
933014150
1150691057
924202889
989794009
1047410241
1142365537
1021817489
887047106
804149305
858310273
958738123
971204262
866566302
685511982
972664357
855882309
912401230
878058030
793198846
816248358
876685191
850635184
833758822
839619486
1022731911
780512407
831748820
484688821
375083054
372026775
406440688
345979472
404097561
368490659
382995467
380230595
366662784
324779695
360733641
400917000
343693454
342654965
334065331
355482836
328869806
431333767
404001091
335982428
368009311
336451404
343628973
414350369
399600233
388099493
437371598
289747236
334931677
293366162
364432609
351792208
351580293
325268704
466069727
285543409
415885073
414592520
320644876
390489460
321049048
368863932
279724428
356048509
380842706
606055937
1063297680
675186704
886102984
777477715
832694392
784636416
905062935
1004020871
973654227
784593999
783715051
1042399706
876694538
747919520
968484100
860435267
755146179
821697366
1045746943
798715809
793325380
1035908138
901996253
855093942
1114943044
773440026
1131461499
1115634026
1055323501
894860570
925991715
1114740726
1084928679
982017835
800982662
771507393
929853880
1019314456
1193507892
991577136
905134658
864949704
1067929648
751149728
1061515404
960029141
1032527850
1164490144
1107465938
1044361393
1192560070
810499834
1034769378
951672019
1044924894
971739184
1083591860
941732454
844591403
948939005
1006191258
633903969
1081067649
964997441
971390620
908583244
942698921
952856587
921835755
942954528
696479971
1008920838
967844849
722055154
849167031
671902706
905021186
1148483093
1132983184
923060054
908910777
1103755744
1072194252
842171116
1165938642
937803040
1070336311
1075737032
709132457
835426076
1140048998
1006216195
764695277
1016809613
1114831074
537643062
534493435
668623046
1168858300
855333944
997528229
979454928
988834266
809423217
908845724
908742088
1139028789
792989205
805255871
1019319693
934407334
899564763
746046963
639095189
817851011
1033286175
869425072
872998619
921970203
956489034
1005461839
836229114
886994577
758820327
761430908
1092226103
1011176085
785331498
888665580
876691495
872382520
834131593
887646231
815408389
976394816
917818239
941294852
871668887
636772796
873810935
654306310
810628453
818983739
942751925
963227253
737233912
992124512
788442635
817250385
925275584
1059115139
826282254
1004264240
935714148
823545000
758119111
979837563
819604524
871263721
960150852
940901043
935923262
881535910
790300896
780300451
864728877
963758006
791238161
726539626
941371970
925652388
965299935
833896646
928609106
644844707
960762439
742574949
787271878
863652357
847439918
1059494594
851746616
681276125
915967686
902149910
966508124
904854734
922190440
860481452
908584698
787912736
797883350
703827608
1027113406
960021243
805656875
1065712751
864575375
842434245
916412231
819779159
951399872
950784297
814082903
910369863
935825839
769282390
905166151
844642938
905328898
888406240
904220794
975227918
1055901431
869788040
855278092
714295987
921012518
968259900
675029140
799565668
803597485
870628960
787957689
758568676
894372783
756716965
936592319
773593140
598991801
886128559
890317522
739445654
852137883
919370973
784364925
823024415
918385891
956349161
688972543
863627025
816826366
809599745
1084035029
1080675723
829079575
847363468
810307283
962360655
897334317
738565045
828203214
1016273836
977456862
1030157208
784239906
666021867
871534669
761907350
1018480394
1030351756
961958930
873634526
747191548
868524466
813164108
984383083
1027242709
1070149171
1026310068
1098922037
950071093
1092378090
934143754
828199877
960695223
912229944
836688898
702441788
979782596
715075831
1044171594
757621287
794349402
1020633810
690750798
1169820355
896039009
759622344
773392490
830776802
841948606
824492289
726925659
675290720
863459485
681989372
812593184
831623774
780035235
753243897
841235493
973167556
905067114
823386529
946987645
1071998662
723877486
722983554
1002048366
837054086
443278054
408660971
524115009
442316818
425536340
504061242
477186713
356661804
487992456
388591402
466896937
468545302
433563222
409368514
392427928
465746309
454060203
445369863
364429793
455793016
455367144
399384725
392618949
456660731
469612714
455337957
500340153
497710152
385147295
441524630
411216086
490023502
448145534
539657785
429062782
364501210
408271968
429850749
398914535
391630779
431811368
472206100
310123903
262408650
378297898
515113461
528028394
440901396
455715460
394705964
502327528
469303595
381341693
391946021
370723470
435908564
415215051
454742739
405240739
533319735
434591038
380675745
442826306
434347016
438168048
397334226
418615526
438619580
478150953
454595117
553143050
374651060
547142579
447394654
393371085
362687707
385024689
443094364
350159711
343282755
569625207
469671880
465703116
396387823
491253424
385121933
487802655
254567440
426993790
519412928
469730675
445200116
454669677
458995820
450384147
466029045
464008448
449983387
394755658
479960260
448104407
326454271
357164945
542783879
385166581
477167268
443988040
388381041
493355300
475972920
505210328
504850012
372444520
383497921
417825638
444686505
499161686
435413392
231483567
368874365
454241703
383881067
417533989
395304238
391628863
374019581
417482720
400487418
401237649
466811922
429493288
448823277
371096906
423152426
443891944
570575178
381214850
409993968
384176270
375913276
368329871
480511160
405086475
443204088
421960406
369478337
466258000
449162883
444748649
487422163
447560063
517932549
407186006
411356949
379577881
301809683
436736056
449231081
500170010
453146881
415520987
466315707
477238254
513868387
467058484
349283885
431089514
570358573
833233831
840711297
885912999
1126245166
992792267
997974617
789253219
955510608
925047013
714398948
1038987156
924524731
1044239492
961581696
1102484825
1170257277
1037812128
1138322880
935151342
841730675
932904073
1091989415
1012563512
1133513961
1063487089
783959366
837236429
1272713381
923988576
1011428299
961125593
842101897
913859896
882261000
745046307
800190425
957730629
944492838
842337021
916270808
891896159
827690409
769322733
1020333787
956419493
913320622
788726765
845485312
831238712
924655055
752904096
1030194413
858538056
1040458345
893091712
939174845
803756244
895680102
911318908
901694469
931724416
942242961
777126099
537837718
884347823
928823280
959457303
897532644
658983922
987280767
952889385
954302481
909650016
800618542
771869399
1037730005
992711514
996290113
902582088
848859505
973118401
985808487
886931661
1165465029
867395761
896751188
787440341
1024130620
806904441
862650160
824417784
987510091
984491410
1021935726
696261288
859762294
938628239
1012902924
915622847
683213362
1164903482
914816762
954407531
883589385
1007360426
767453891
843702417
1024354861
965085490
872011391
889971081
938173324
928289790
850151540
918953562
879670456
812433997
1092700131
1131452885
1069429839
987535047
891045434
822041661
884375207
966954127
769491814
881170483
710122402
814333733
1160833262
875301491
851150432
915571695
902196071
755280421
811515883
1018922344
962417147
1130288560
577121055
774729387
667629175
798106160
725472050
978256922
777248951
789740545
773991992
952985429
914768216
964523657
882582419
836789896
686431814
708324372
859837035
723999256
863323990
486114454
938457158
1002424879
935090589
562644295
650861129
818917670
947049510
704116462
811670948
950734426
758124832
762128138
738796207
873448295
851114023
872546853
713670737
808309944
801738956
751888276
656145517
868457835
806133992
893711381
678396222
929173310
684584631
993724732
781191665
849544886
723727310
779306144
596938811
966305554
877507497
758861549
1004284656
811094521
777734333
834204290
745583870
1007319693
853921186
816595704
856940704
825663871
1042074231
891299197
592359097
422845456
376943014
413342914
398415654
346408548
433290207
398177310
307772301
410547340
420273855
448121358
354173811
321042546
408189301
290262260
445505467
309719840
347683514
367548311
408821806
424233172
406001789
226800625
321709787
325715698
428003602
302130948
365639204
465389201
408599108
437415081
390975400
395491646
391746677
381698517
402913831
423339174
385008534
349533881
356301076
340421657
339742872
342504299
399215379
341375622
296729797
376489309
291121303
442987801
426692096
350747467
334444214
349507349
302233855
386327570
371025606
396355055
380155845
310418849
325564205
421435715
368320734
225966023
347802690
373613837
374932535
362579203
416665875
377099357
477853363
444829084
301748925
377404548
458937183
287375067
361329144
344050891
376618390
429529474
389186153
383511626
417212359
357995999
394701610
387910059
404223126
424190141
430440652
395496867
425392244
397851932
346199670
380426768
400432939
374577991
984642242
903327342
887264869
920485031
858777851
821155409
1048096015
812774710
983851861
1013196462
702661055
434070287
315310662
386362686
295036456
291962019
366928456
818119485
794277157
840556670
738906299
851317541
1146375776
928339864
953966934
788504792
747732245
987387125
976430614
1002768051
910813441
669088109
808479104
892891387
829921638
879293752
822494944
864998513
946902898
793077822
871779077
805622566
928500082
893202775
1013546519
700273524
343545827
854846265
793550146
1054644476
1048069547
905199132
1058459089
1089174157
824754596
1052553396
949490473
1024424927
884838050
854244080
909291428
806822085
1029323746
1114271092
1108528770
990616249
1046475592
1131162250
1004747327
942501264
1078676013
995255513
1085517635
1008091803
949546213
955540480
1107683014
1120227304
927937042
1034426029
1086427697
736165465
870451417
932005179
1056137393
963253449
1103366408
933861880
1090151029
957446641
771462260
963051401
1039811120
982786215
1176714053
979855865
1139848142
1076631119
1107696835
1083786745
1122100110
881540956
992541316
1039245392
1187956977
875566087
1001096593
1081711756
948091529
1082625129
1081182074
1020252107
844120740
900064343
1167432781
839821937
1114153694
850382226
951808652
1001323105
1166133633
1030940637
1021352560
1059351888
1113485723
1104338135
887865770
951510837
1030372722
1125386436
1118243147
1202030136
882152372
1097404285
1008144578
920652120
1025079015
757220686
924088512
814442761
957893456
910816645
628758687
1048627138
934941004
1038641769
745488501
835556470
963538594
1051728566
944779435
871772580
1063656693
806785642
911541264
812095162
971544357
869405792
839235108
830851735
679110776
870822917
757642572
990034902
800091807
1025873707
1095179090
1021626972
907629700
795179612
986435101
1130065298
855305178
864399080
966773305
785527511
849504614
790374629
734456599
1075981125
848701780
818430819
947745599
804257932
1300530578
794464665
1023396855
983847081
978013806
979714566
848541274
989461208
936562842
1044565308
966810315
988110096
777809025
913634795
860711879
1073133948
926738297
1224443706
1068303373
688004251
1334322369
959499657
1110951877
691704428
831067065
770266276
1124110517
1053376929
997689986
1145665561
1022873326
887897345
1102556766
983936108
672674342
1051896217
943091666
942534953
630499283
1012383275
1229835633
1124362483
1113905440
1085540149
1108757344
1074775745
1122110396
1081361620
911397313
901579572
929742360
1088293163
794725983
865379547
969321666
807791481
898108896
923591588
848159906
873462641
1060711925
923819399
916834413
871437840
771068362
941525961
827071289
914965009
1099175605
1013381849
931475744
798592059
1018518735
943285959
969656209
880320730
883706883
1065358629
1063867424
880086828
923351339
1237974059
944490691
823681010
843830704
778375475
870620862
764143717
773288288
781651473
1063352064
925850965
953019486
807228907
1077238843
626989366
938968480
719328706
1046480525
1082768866
979476318
1041046552
1102282930
1168318931
1050674249
951849152
982234787
1029439226
784240012
1040912754
1044338270
1022276236
981769082
882817818
1018468834
939239363
887702059
1023430525
1546157357
493865515
274827024
279409857
303322313
316039446
394715831
302387346
404838519
402579144
310259474
396244696
345796215
262256662
380240880
324485926
345604475
428962925
328081654
341416002
371917362
447686334
404086727
370286022
225691003
440033230
318833505
920506519
845933001
1031116182
1041102678
797045118
1021201597
933993534
1095975392
1105905686
784369590
975509444
972430992
1030859062
1077457285
1181343046
1021886745
854778263
988288591
941969933
1062947342
1118057767
872466621
920754984
834422594
912608477
1144106913
1076511001
1055100756
858114023
1049986562
1220978642
919330679
1028225161
1006423962
1225486984
980781850
1070251616
816093668
864633089
907036742
1028214123
968542642
956338555
989285193
754940253
1043981132
1098489809
752415179
860856465
917144271
1028801976
936552814
979561443
868584628
853682465
1106219157
1014486148
820557261
1014274322
913938883
759366796
946185551
833447826
819034898
966202609
1079286135
850938264
982678414
1142556201
819371102
936829092
1050835283
917889960
943383211
807532708
964640425
1051733862
987046122
880608719
973205879
899260588
859137767
931902633
1052058026
863880397
1121373804
699329052
1070941810
985486010
966837849
830689590
1038528089
909845106
746820040
876793758
1062758241
1045623496
938036484
586300511
1109828659
1006131904
1142754652
829505593
990326393
1141632289
948865914
953015557
865687384
902092409
1222207232
1053552077
833073434
1148816548
1061468309
839079224
883236195
884403551
820064578
1048519358
1056874252
962064248
842522716
1039427864
1033438928
1100450182
745521145
655150972
829395037
1040607120
951528787
954997829
1141351477
969120182
674215808
813891071
1016499120
1121081070
874831835
863777778
1027818264
1053143726
754342309
808400289
841773773
897086892
1130898434
1060797181
956927615
1061308311
810430742
767979846
1070906928
966115366
1000062356
987021974
1041075329
903785226
773737662
827611372
879008192
948506943
1131123884
885566724
983658081
884853705
1120323213
1078286349
738124763
934291132
748956736
863866864
742973090
1166004117
968521581
908525548
919013867
994472473
1032424566
834839569
857765373
983265900
853523888
1016183505
1086596954
956272441
980521908
841956832
891954728
782346358
878494280
955775079
714942960
1030416350
1073902243
955278903
1045337585
982723624
865910259
826962506
1013719380
1021185295
925978493
847797906
942779279
1037120415
1001315259
877650717
917064612
946446013
1013640125
928162533
936812177
686597551
1053770754
919983885
899597614
936908205
813870046
778470395
913547440
986579691
821645319
1147446512
1119710589
755840356
830863642
977337150
832120412
898762310
1081741280
1012941788
1057733665
713336660
838677016
517465604
995621611
628540941
931693974
904743246
842204609
1120788216
1050064256
1140832823
1126791134
859692096
932495440
899805683
781406295
874155655
915006804
795208955
1102388615
851064588
685532315
980566413
1010288447
924544658
805378880
848440027
838477994
795892949
924691521
1090863828
1013052267
918165403
1062997712
788069688
869056856
820029684
863403145
1071395516
882982951
624918578
1113219670
915276635
879614375
1090875944
1034644915
1102431551
1052001709
846391677
1022461084
947660487
915435638
981007576
1204348663
941353220
1091163089
927533663
959724620
964305160
894267438
970881529
1130051683
1029190726
843901362
918925625
965911598
895477947
1116411540
1040674469
785216867
1026682137
981924611
951665404
710741128
1041012136
923284934
649225668
863054429
999359320
986639266
1125733460
1006229082
922202697
1011584409
828752748
773251021
976581877
1095873635
1002786093
1066243656
1130863015
904848667
968946219
799105437
985339391
947920238
925911518
946843560
958635066
892691585
993911452
903888529
794262011
1001071395
808286662
635444253
914279839
1063022863
1112540006
1057318685
877269380
1042212170
1023392028
943312490
900079239
776943127
681715521
849460581
922813216
1142056015
1019338547
886134020
963583378
1233353064
1078834071
983586953
896248543
909799848
730418672
861049329
987636270
1070307091
716091457
710453742
621697192
980267608
948841682
1102398680
1102020955
848295064
704692713
990319289
998834805
829247450
847865625
914847083
989191559
949420020
1217392411
1249581376
920657812
1190131170
1114803473
999339310
1036389100
819932663
1022614572
953888369
976087559
871010343
1177468143
995704566
1009565539
868517858
1002511474
975738649
927442501
1032793879
966703115
999710599
922014927
998044576
854490959
1114399303
846926958
1156447504
1032010024
1148217955
894364257
624202692
1159352807
1111649390
946511002
942002495
1143802877
1023070629
1062958592
1065028055
1049337603
1035529014
826934262
976038116
947973638
966358242
978677239
637013650
1009329931
1025375719
805301340
814989118
496142684
813380502
807901465
987430228
1000957154
989009446
819776925
1104160380
1189455045
981697912
927913961
879739500
1178371856
804070926
1136284097
981713502
979397852
935158735
833782488
1033033457
1069033456
1022698466
987795903
1012172131
1126655075
962032075
1012615029
1047758301
1100100002
1069820078
1071198101
912210239
951822202
905123751
985957607
1217967625
882182430
805871461
1014267905
915546785
1220350568
832660263
1011024153
1016948157
946907156
774584340
851847807
914946244
879957942
884935649
763538171
921177719
1063986742
956890972
1017930681
865411932
1156850894
926091128
864456363
1136549649
1170910672
936431390
694790212
992780080
795645755
1151357670
757415107
973766868
1053360245
1028406492
957294662
1024850840
1116589539
1161235867
943246595
885847259
1171239767
852133902
1105590406
947125516
1061053591
1088547791
1031009479
1167135821
1043694179
870960931
1017900695
865237390
887638367
966492083
852296212
1036827570
1028056009
946147511
825403685
1050018448
1086253312
1082724467
905791473
1011056213
674315844
1234057861
1045399304
867189061
841772117
1092074807
768843292
2881104908
2632744938
2797050900
3142276092
2398700409
2317604207
1022577095
1019112091
879208403
1057013222
746278217
1020678246
1039699796
913083009
957457753
1031008932
943789997
1215341339
993558485
613581454
878437293
752744244
969702935
1012732395
988143090
1100943564
950921672
942353540
882515070
995182780
782727284
877038797
1105271395
1039550947
964026218
1024908959
1036966434
954201282
1014768372
960747954
964500379
921233785
1091197762
774145259
870447615
802150430
885863733
1077981612
1072002605
914999057
1099556745
876538943
1122455777
717301339
1105269545
936179719
985589402
860197316
920200719
940933946
988146676
755027221
881176794
996014989
886512198
945654039
992381978
1033109911
875976059
940308215
798589607
925598594
1102571294
1097253999
1030965347
746054471
909137326
840802218
1020801719
894963131
1074680775
992857343
885840892
868947577
841140547
889521578
1025399177
872828516
932848438
1052638789
1030096563
872120770
950334856
890762817
1116320700
812848674
1152210896
978839110
820610677
927793914
1074467822
960365537
995371073
747997640
1012511359
1028562706
910263044
779223581
644976086
934351609
1039895087
858437903
948580510
688163622
1007792400
969088213
926254048
846394865
1053071341
1093051217
777100767
1004765693
966959215
996459182
764216365
1154966297
1207539313
1097729366
1283598131
1138972782
1072255202
1104014917
904851792
997089378
968854538
1048537042
1018014267
1170388639
989874847
1114289529
1071391117
1022138181
991537509
842879862
852409766
1156522111
1081883975
1047824577
864014301
1027887911
712881134
938354705
1046502774
1091083748
1044695232
975131166
903054494
1144481858
1238026292
854425217
1009183601
1097705299
847659328
1039994487
879721559
1171816963
1051750003
1147975274
966996594
1152449184
1154195556
812355982
1030024485
1003232165
1047364985
1077177565
1089828340
895745061
1137382551
1109726414
1119342336
958827211
1239687765
942253059
1087098889
916548356
1020381510
1035479927
851426858
915880890
1026941583
999210493
1031873516
993257586
1091593562
1099106168
1150720109
928338515
1013772967
908487004
1037684122
1035389281
1050956143
951156067
944379833
1019369795
916555499
1028570531
898812175
937189933
977339341
877796956
915769869
1147948320
943977965
898177308
965694661
1044736446
916425440
1021635558
1005711479
976689389
1101558030
984886623
849998744
1035674785
879130868
877350998
1128438716
913631875
934059240
915629376
1033852247
1121026882
886710594
1068024839
872877482
948095784
987986834
1193617765
1046742211
943277580
1050642540
942283033
848925415
1042283145
1029976857
875874221
1040560452
1093593386
977705663
894461251
641074546
411442062
470194935
316642798
370491090
394002213
465312235
423472979
343913401
335676083
397019637
410095046
371758627
406474014
291836876
466273839
421659239
378960781
419385422
403361394
389469745
376480683
429836922
362519359
468487322
369500262
375346167
475017485
466837612
438596710
390656948
399659350
294110298
358699877
413695223
450763337
447985577
392691601
354158871
455585579
352855930
415217420
380757642
415932528
385184173
342128704
377099067
362272587
453619711
417287115
365218869
318002247
393557196
381268032
444627991
389029981
299692033
359995116
449660351
418446092
394309173
355239368
468014804
332897765
399375634
471323010
361902840
360146667
441854003
410459959
409535279
456465335
373739348
381929786
406012038
450967389
414200708
379637052
390293987
351575518
342322186
325015816
279803845
431506943
368818196
401846035
319532730
356878337
397051991
424344969
422304303
381171326
440938838
374143507
405025550
431347587
446099046
484228071
430405747
411857283
331665744
457382892
390903432
364330779
418659549
330924759
376726953
467586136
394430883
384113308
420682389
361504420
341313257
421946878
409138615
400911404
436554578
385415493
405945140
316719056
413149268
456825172
386443419
422518625
437875266
300830964
370657640
450457197
374217756
349744375
448011131
429348229
310722339
409465981
334161237
374814462
413443604
451898236
344581017
743129235
794481894
1047853390
859942357
951432011
832005400
541788233
769025427
785323888
946632511
645744881
920712116
860058982
861209654
855466043
710493426
893265399
737172719
958972878
751096153
782568481
759524987
938713005
569508896
291658564
301583926
338534236
309056547
335503762
358652085
319473375
322918121
371731593
278745085
346733580
355438927
373065073
303814998
374791048
342685002
406599970
324946159
377475770
305374485
422227242
398221903
300595905
392649183
331691811
364306480
315218253
287580112
337350661
325182918
365217057
370252439
402572154
346057668
294717998
338614320
388813122
374569321
336609968
440901680
295699007
339072231
389727707
358502864
364925421
367252730
345015726
359887497
378588337
315717274
416501799
388322597
318544973
341582426
373673554
314508461
345664456
326080740
359640882
392616330
330253594
365267065
394736827
410629145
344188024
377958014
415527978
398377176
318392749
392641096
412740574
390995582
361638947
382104052
395496795
359464331
402012986
433541788
369432982
403574039
388025299
378974553
308811718
393266963
407804748
374482132
370983587
392650345
394657902
390533351
406905214
398735956
398254713
407178043
353374786
400226021
389753500
302039667
366823686
438272116
431508131
411148572
289601138
299115765
388824082
332111641
317721696
313840331
340650215
341449656
413846998
326059246
331209901
362429589
467802063
339020172
394086207
268355026
432134942
346857509
377321032
461037793
1020217529
2517398502
2885472780
2834993939
1206948626
1004137777
881598953
890335839
1210211079
1048787283
1135498945
1108592168
1118564211
848795370
818444179
1063445037
1017400835
1175878373
1000065409
928101348
774324635
780498939
715477040
873982554
800339944
910086600
941006144
1091482676
767667351
688569199
707368098
588519489
811051749
981921765
1029259173
800990452
784174938
1048958054
775749360
890596538
723948805
813255562
600802055
922534801
659557046
888226280
930073633
867841766
766454368
925057723
882853288
892170042
826749971
695389384
807045564
903617885
926525142
751520869
815572882
971654368
622283878
981552348
996153113
897762012
786963669
832511296
851426322
1016928605
806904974
802248215
643651876
898261496
798305918
905810713
855892820
737545673
969602888
869111178
781845976
789403555
957870117
703361539
786715288
855050400
695362042
972854322
718842562
807326744
687631204
983020636
962859344
891899672
738166794
945512233
783096150
757701398
874555526
948775607
790612179
880221175
920603854
949585667
955522792
882973339
1044240674
940130194
858549162
936975806
1013228749
981496097
919840909
1022384547
982734458
1213697986
873842416
1084174517
1011418729
822173221
808002106
802362283
1200263102
845743527
974451676
1033209237
916067730
1051247024
974990276
959101831
1038676287
1024494321
1102679025
913632354
976047434
1028586855
878390307
1087717695
939572200
703912223
991771497
840317749
881258744
792794993
1063314892
920888679
931754726
1005377227
717752475
1015693257
843832985
873586834
661909128
754446981
699758065
947300215
785758944
930962086
883661795
876910864
899391624
1217589293
881063098
1024100431
932373911
909541599
996891016
918466717
850686384
925531141
946520325
982987168
966713736
876813567
936088842
877089444
928170135
864966408
705055182
778511285
861796806
872307661
904522410
840109413
731325148
789704796
775847309
922109904
711528286
943570307
952899148
756821060
846671006
941981505
811842539
817002285
811241247
847891289
729507664
1004986905
898258483
999638371
813827409
541507304
1011213586
772652266
669562131
869462372
969473907
968573699
780160916
784576388
758196526
992557830
973058575
826096082
823932375
951779001
1028683496
698752042
1016947048
1022100384
881297130
819441710
902167436
1034883725
890111779
959417537
628004769
978183869
787826402
807634309
926552600
981155015
891875816
980251474
882263482
988151905
899639422
679490487
711531986
996191637
951427102
789145874
703783311
1027463670
893013812
980454015
807432665
993460655
885693002
939818694
1047364475
786026222
909092469
848657533
733141334
856597345
856785448
917256453
841678362
975057115
956985248
980636687
759967767
790689418
878174815
911662446
600889348
724858611
853754806
870742853
744956796
780445747
904521962
880897930
842962632
677105458
886292351
777680325
735538195
656473951
840032410
795419649
918557867
778312347
735183634
870987115
855742486
905964164
616164290
854562963
937930641
965080100
948347108
701894280
930680126
418511939
1052607630
1003870200
1017799698
994013389
1033206793
926423369
855762651
889422589
845806135
1052816345
923053227
1036194547
905465149
825307438
838949806
881774609
362478408
320940626
384370828
329411209
467234580
379282256
445207673
388150975
370711713
434058616
372382825
457558703
290797982
449751639
344961580
359626959
334884456
419283949
273146649
382522016
461283430
357124396
380851968
321019198
395736825
398694586
308027643
378437658
387410773
341823793
295759129
371721511
433604026
382269688
364903452
372115292
235965567
380999629
395773967
382112616
419333389
424942491
383529368
385068830
369477968
310864008
324877388
392414446
374641906
451928344
390296088
432783752
449776769
311310192
312512671
330060094
436466410
299318852
416787688
307315895
382322419
357006818
408523137
382743407
378817758
418527131
459826629
348218197
334207036
386314798
436860566
406102819
379954027
344635746
416467042
392137745
352018840
412739849
445916165
385352832
414152122
341645047
375172731
403946708
390516272
278179463
384670243
347817952
390047358
384108779
344533325
315906429
376549528
342612187
432667759
407791735
450764880
347937923
364613342
442172935
416172676
245037653
336401089
338895160
386563895
409722666
677388005
949726402
854358583
760170325
1010601339
876926439
858810816
1011751794
958598509
850112826
837362508
909634577
1057321576
912357211
895316686
1032035641
832177847
922970939
870752222
811544422
999175132
779184612
781999488
781930016
766896894
792957812
731824271
842963802
884813269
979858859
975045440
1104932473
1020310200
1006251907
953770898
838947229
1094975912
753919419
980381692
1012530691
965723731
906440530
1002288242
1160446063
1046328750
950026739
759314019
884620613
1148897750
925155823
777007415
878728049
851334601
1030914963
1182539567
947251901
915673132
785260251
870938988
799040827
1007863782
927794053
1018056000
907023756
706924356
936396643
984968264
1085597687
876573517
878401187
1214094215
1036845495
1159060882
1003413969
957453562
667886286
870165808
835755401
854876631
733235574
1091987544
920349687
1046555047
904398068
1119691528
977446885
634074894
1102592467
954656427
994691311
743348349
908913946
770197611
1114257783
964310954
1101803242
798222235
945035411
856618418
834351309
957059704
933399711
858547836
809060998
963530628
774308666
934373948
921429335
1003348956
1074793088
930249586
966169833
1003169060
954440266
878485979
748934843
907784542
970446212
901165235
899522219
916720047
955765127
934677895
922041631
1052708334
1072640500
1114554911
877456838
845764802
997484555
1027114626
949430886
1088616965
1042779089
1015315065
871457705
754554833
1198997185
866004730
960514996
860109687
1156745566
1020161496
982509698
1079194794
1273888608
890060961
899600820
913220951
928186783
1205317536
801057069
1053675324
951000062
858925981
852051192
1037990870
1223405319
1045978257
882109063
1168592822
1031748295
989663981
949649797
944887859
966815661
899633444
1098673362
1138601240
702414948
877625838
829796023
938245171
1053734332
1094927209
868416554
980773042
1016247156
1102688426
932870965
1160801048
1067104333
913896444
1225242454
1027729302
1033234131
1175409101
1048347713
1104622365
1040583548
1087000605
1050328672
1042099267
846112961
955864688
768705350
802501757
1007944675
1080142674
1197964413
905291619
1059879197
1135428617
791489512
1014219954
1198078995
915697556
882945874
1161485019
1061952368
989115363
584693873
428141909
489229104
377236101
375365500
425393808
451853347
363146613
427440727
323479962
366621501
433651634
353637858
507707123
389941863
374197128
376271990
377267840
421359796
451360808
368626051
277435779
314631654
387983092
340684489
359792982
349579343
375090885
379186750
390952214
341200115
384188110
406892502
406994813
363718173
363965913
334407908
355213458
349432266
441672503
507765747
848933578
879838033
1123486036
1050025301
1022184037
937819684
921921797
1109021636
1098453171
1074812884
816833712
879975597
1072245710
920773580
1063231750
1013121292
980956461
462236692
437204088
447616356
366674127
384527175
343761684
311150047
392424759
411946737
335080606
239518953
344057906
402769366
327355032
313302169
346087070
443630087
348436970
393386503
439961713
455276679
341237029
330765783
359256311
376056939
365333078
362129341
423856660
381484058
285519944
373936337
355655232
398923144
356021187
343364403
302679339
387289843
417262931
332259926
392570575
421138274
413652336
417604721
378868464
469051799
392578047
396730350
345802370
400395019
412576030
372895022
338326832
335098906
541325172
344268453
384886380
415881481
348425074
366690657
366259789
789291560
1014559902
927475548
866788123
1052435143
970858200
1033257839
1097446614
931195819
1003231197
1086483965
970762599
1167153296
885371775
1136807963
892432347
1223663490
893116136
830781303
1028802490
988481875
704936178
933202062
1063883814
793277809
928044498
965716464
969369906
804791032
1068080646
1090647599
1048938273
1092331972
1190106036
1110182189
773297280
1178116558
1129619208
1186784093
1068350088
1111619039
1045413830
1161947167
945066929
1152892422
798418284
861287218
955565921
1115058030
1133701841
1054211721
922527246
1090151652
1074083400
987434023
982775274
1057113636
1057401240
844665067
1200398067
803943610
1166990455
1002602067
943002547
992673736
975167212
947824122
1016771753
899125264
780893895
721611054
836198504
959390611
865574902
1062469308
997242769
1136263927
806455117
1043554514
1078982732
1010075659
1046239918
895947458
1066846665
1023207007
1050377044
1050219583
1064267190
1206837457
930954434
722278389
856215406
985796950
906281613
869569743
994319682
1058334443
866152889
957623855
802450698
780649083
396708817
432075295
363364509
375710886
400243476
369987649
370102060
330592298
449539756
378447438
414415952
383897619
388625311
344140240
432555330
410111005
408058947
365865502
405891557
272358482
371904139
386926811
380666652
319740619
346915343
409960808
419040118
288086948
371772326
378408373
347040930
385684614
381976006
329460375
405136701
408874783
421663341
351654950
359680759
423129254
360041664
404823175
398938097
412042327
385064702
275091432
392977543
370870109
329446509
395625918
335077795
358452957
328484740
458506168
366546918
359623371
321512586
313871530
336260107
368318027
359773102
373424246
299748847
399222213
305302298
348634099
368437527
385598591
373475655
404524816
347746099
330007322
469279554
394891864
347243703
301171219
364294174
362440878
962886201
672763490
1100103037
1117593099
673920166
1003171496
1114863482
1192297230
854071410
938905059
733733873
899296442
1011716838
1041475644
1014362826
834496126
1034248227
885145980
809308677
989514860
983486105
799426581
827144516
908133300
1131801020
864165708
1107421954
976126638
862339942
988711286
1264004741
965343061
856299913
1068079830
926341661
857941881
982829405
1030378620
904609450
964686664
877718990
1054330122
957098185
982911324
1248194455
978230117
1072085156
1092473810
835237589
889878383
924894254
924202114
996551596
622046012
814669416
966612256
892269766
736038507
993638426
935719433
861456704
1095780932
1068543965
808603932
984819345
831224277
956878911
747094832
982517200
870666698
1000595330
949397911
919506358
962582823
1220327919
1062665143
796556404
1018131587
1189338180
765754658
1194167583
1099384336
1094738635
1127142295
1338281558
1069176632
1070208889
1025213007
856456015
822447033
993607050
879321161
659336736
1046614086
931310858
911108139
722536350
692079864
717481878
837928232
812639197
934918085
743966795
966247363
890178210
847984568
901645086
886050845
864693464
802238787
719828241
869013307
805474752
808634309
902442940
799415486
710460291
966564350
861472908
1097916876
935888536
959440933
772552344
719620046
910838352
1034486795
819291472
815392120
603206772
924452034
905737336
786200262
852356673
882886895
878610433
805608651
959253951
762982051
675204086
845709581
762376556
891983740
657633507
563086783
827597211
783848403
795603788
773036058
663378082
861250653
691512511
911548871
773321075
1046328246
791491131
669592743
903325221
820904902
739455729
375545194
286861598
368899965
400628279
351039653
350426182
317753369
315277310
331438905
363481632
389843286
344181846
366270803
416451281
352588922
311560695
305958962
422765745
386296147
315918615
423783768
419257180
328740138
333061998
352516294
378967084
362722563
442020985
342997069
353959147
365773509
403932446
332365541
296296812
297615190
418659382
341105410
348372642
359842153
402588480
339650055
320991399
415521635
347405088
428152522
407086665
304064318
339154319
337207988
370660636
366078211
311787904
271421187
266540486
329665782
403918894
413003727
390822056
352718542
300541371
308003591
421889814
294020944
277978510
388073319
312310387
369464453
336595489
374121427
310927797
367318520
334122886
320415668
304128982
344623736
352643172
431135920
355026498
405702598
433512558
340128722
364902307
378222294
377713993
231195588
405584242
418306069
378916891
396244253
430166455
381563750
446497500
431796777
305131430
342001546
394421671
323841365
447529324
400674076
325373982
320103238
358764988
400565184
400947469
413445268
366530959
414771557
286479305
436804871
381952066
409841520
420490304
355879219
310056127
356074661
292550250
326428431
327456697
288327514
310505166
215992413
322437477
377545616
367996339
313314641
345974740
395379459
370945203
463079262
392269647
331434146
369484200
302188822
368134073
387473591
338002045
386021138
383687336
318378541
469587924
344147982
328985716
364846703
389548469
333090593
365207197
347225806
366400490
324838010
318362732
379841314
360683056
380101937
368117921
330536052
314979630
361952773
425251387
369984189
1085261013
930956264
954662283
855821276
1350618964
925366173
968636197
928916545
898121314
851535125
971284071
941958268
968917818
851693681
979997814
839276063
511518494
793012638
849646386
1022049257
957372043
1263549940
983328382
893484475
1143975909
818689801
1001584560
867817169
938076720
1096782001
1164047809
1171081092
1072993973
948246899
978026252
804123496
807051124
971062675
969303646
1075722558
977328519
928003848
761714333
969856777
766953017
769587321
804347845
805317006
743102498
985984265
903851600
968311724
848967344
913813520
960124976
1031296780
998159419
891276656
1050646818
1062105982
1029646780
765036616
1023315155
840846578
882681591
762643423
865647855
1102836367
767485340
883363713
1012779382
876370424
657340308
855147513
947827830
1023644023
1056172187
948386678
962733181
945545040
964218531
1021317656
821285378
637590803
1040176846
892378035
915578899
937682152
949410901
768199726
930984470
861001200
918868223
997663016
819771563
846169658
679064926
724321303
845650666
1057626847
823687128
792161591
957811747
1033254125
922830395
1092923846
978483790
957000077
1055422113
789620073
961828836
861209112
1170706306
1206716611
1044064615
791620496
1129216689
798429122
1061744052
892008511
897811643
855020097
846813682
960911643
864616782
989871765
932522505
806978602
994647049
968610653
940825099
980706148
1012810283
1075903744
865551804
1013230464
923408805
780883224
1111429116
1030999776
963937539
1026638282
1091547859
1105503590
1091922505
975435861
834347211
926619565
956182893
826303796
929590651
1215148148
804995095
721991346
765674945
838311435
1003197882
788516051
734120422
974046640
969000347
930158255
1208209926
807013256
1034931349
1009058095
936918850
951102597
965334295
958963015
752173903
783502480
954341617
1051534278
747793818
855641404
1036128899
1190888946
830448535
1081788941
1038743669
1101480928
831817319
957505162
810445015
942420099
1003563477
911054559
987466989
1083573304
1169203793
923137794
648689936
850868987
1085812996
1022812604
914693909
968242740
946507329
701111555
924872487
799538549
883311015
832058047
1005490706
996039894
867211986
724106009
757180426
880070403
870643359
906286802
862449777
720044844
997423227
876287330
713709414
943139379
851770846
917741622
915295823
1044244573
755372827
841036312
844203231
840749294
828834480
962142447
706717708
890351133
914937818
969458946
927817828
1043509696
835612191
610931873
952847788
659424526
917910537
1042943931
843569353
777489196
1010348105
889524977
974768990
953829210
792018435
894544337
676340271
1048548494
683497102
854908693
695265385
982872968
800151687
1029748858
1027048717
720955241
838483848
877594879
899683031
826936153
806505052
942126871
1012642557
982484421
811554077
850502563
957232517
1001478155
780546174
1011448402
1022905044
855980375
861668803
639484528
915842784
818352688
997543190
531528314
805906360
420909755
358024719
345406645
390993267
346900723
420703967
438489254
294700984
396606944
419862034
413301265
339858723
360171095
347036220
403112128
400178308
281178965
414015206
410504671
405526137
422756103
310791538
399935134
366437155
314768303
388350484
386585421
265049568
400789637
350173535
354087202
385364276
399923818
356543064
402231179
406413585
441029517
482507905
955182913
1076767547
912683991
1064183507
924643961
901629792
1014883354
765228987
1253600840
987658583
1019981015
1136344487
935611291
1144397921
1054637655
1034281706
927391032
1051522267
876649201
1121679833
877008541
1032688135
972249528
894522954
841099376
1110264034
1034901099
1136000089
633178430
832152456
1174137051
1122080835
900528153
1096408974
1147838324
1125905894
1204084226
1086705904
1157277511
1012245734
1014147296
1042904779
854147117
1082322247
963709969
792942914
1371512856
1144055989
782609217
1106348112
744559441
1025947540
900695398
947121124
1062200950
1155607471
994281616
898396098
1105835137
1138031791
976389852
1020224388
1131262810
915934884
988398466
1071109218
971816589
843555292
1032877934
1136088100
953301659
573790312
1120057859
972914005
910249441
1070317904
1144100153
1012265912
1065922468
1199895527
1181368758
905769417
831927720
1001270178
905796339
1039153249
848851899
868413927
1008350339
871971326
917463883
928969420
915198091
1167680099
946406764
672589848
1121443169
1002272772
1111123311
969096261
889846412
865940851
976764656
1037447674
1090625801
1118204290
785486662
1065025955
1038532148
950346995
1001249843
1044517224
1144599520
1116482364
1005649316
1004978526
737803387
1160600204
1070753672
1101253690
1270977217
546509714
951685770
1094829599
1093551336
1118619844
1129281543
1119508546
1127622873
978563201
783916824
1094332267
963272714
981869822
988503133
883731283
984411570
961953002
865496422
1143660351
761833937
1029403404
1022501980
1221236317
1120953846
860891850
879758877
1121506866
1199509076
965724956
946771725
1158381298
1394349295
916979157
1234160519
1174323053
1017216038
840036325
1013784289
963423385
813555197
1132173431
1139124204
1045341728
943180280
1108446080
733660056
424590313
302126122
342348298
343634704
387254407
335169449
379776643
383874173
421513085
371248940
364225443
362731667
343861103
342667321
335879895
429674284
384873222
464504967
414351223
427603656
470103565
468721712
348892213
420912853
410824619
357539581
390913056
326787534
362176619
418188978
360565672
382813050
442479956
404965598
384395295
372271204
339305915
416722273
412506730
355227825
423007453
410780381
311653191
339551002
343877721
410137369
346599939
334021567
386341629
423999018
295832146
296664797
375894816
379704587
432293577
419958347
342081411
321931294
376877757
354851056
375097856
415482894
269096664
387234046
350927954
456541091
341281437
337227421
403573496
350314198
423610975
444844694
444270650
415355519
374214220
325051176
449427385
389475692
441836071
292019182
381089915
333606682
397624790
436043300
319005808
362671499
338785834
385712894
404270565
372020036
364403229
418476316
397250435
449944800
376641308
422006026
367634855
359147018
384242413
404426883
375595286
407664975
314149667
405115395
301054533
368864720
352674844
422061853
319001950
353383691
363526265
391612989
365253394
345288050
388049797
398515832
472432613
378135624
360457109
314669771
394201097
389389527
406751720
376710371
282367643
363590450
408377786
372177604
380453081
413011692
344913803
457916569
344014202
370142615
339799599
428473693
410823400
386059752
342103636
376242090
309959194
379903135
403790109
383816990
362991827
347747087
355077053
447526027
342117619
335516646
416497168
344024886
407206967
399649020
328970099
312091837
369068749
392185379
276924394
405273613
340595919
351654056
237719570
398630305
299777412
392129585
389339479
378393489
437426157
372821732
354291465
366130193
296724319
404689642
402353436
407253325
349050464
385814942
317574828
317296962
434895003
405755215
351805847
354748455
329638420
387883125
370122542
389105890
335898927
367333629
402483939
390291594
387569760
398073183
306399644
933407863
552721167
888432737
922541744
963099948
932092000
968992154
1085592439
876393545
991701079
989648547
958477501
830055902
894824850
842187630
1008229569
1043254429
895076443
653118741
921406587
904359233
913825253
1033246896
941233760
808659161
646944737
977147305
851292416
842481399
852701575
970787934
799383683
837818999
869229137
816586278
787392463
700312900
969392838
891749955
730614606
765181988
912132911
947582721
1000640568
936685297
863153055
904662315
922957680
988664102
1030039434
965579586
938219232
868129017
856373867
863468010
956828617
935759980
944399179
810754487
724389641
926543884
759980106
731639066
944227591
866549692
1065578995
918519230
937428966
1089270954
894266346
988024566
938899632
861764260
1075266203
911104049
1023523247
873285791
909553736
870966394
894590803
800092938
811766288
732655108
634116127
1009003070
1026784916
694350176
1078836493
1004010884
825781284
954103272
1090648980
917525494
885407022
851647106
767566824
870338599
599969172
1024626200
908719773
701017559
587682951
1010592346
847163840
588578687
852798117
842227780
822394209
788111681
757329092
737638778
930268425
816446610
978995635
825299206
975931783
763419434
965604458
876265578
794490224
925147896
933483887
1008289622
986762427
870319825
910430050
872043617
778572337
785505289
900505627
883305434
926947104
800561041
971459201
872054416
642235211
763977045
705824067
631486891
532408180
758621974
967561373
999458696
811858194
700250168
803602353
535924603
881267294
887372917
1018448729
1048029120
828849412
993503020
874082362
1078872447
1019173417
1109997331
715217365
915656268
995519004
1026970638
851555123
905147942
1075133949
932816195
886701216
871438064
895226254
853565113
1021570213
799561814
1069402751
1003419165
900443453
941633953
1051038896
945241237
938666565
636252279
960340112
954198828
676151212
964431120
1063683459
1020527721
925872630
1100171023
857560846
629897297
868652064
1104525136
969449577
859195155
795074548
576289226
984880660
1080607701
883536084
1004651829
1014803462
799481441
1061671627
880477145
871577204
893195390
862769867
773093843
1008219653
904989059
775509679
1004585944
667449160
955060030
885749426
973946291
998293386
896790091
919982033
1053508054
881129774
822193442
875336754
909813623
846945554
1048488482
959766260
869372028
853990492
1017715319
1119495293
874022427
909537216
973066332
970009990
992970795
872126204
960427419
888037206
624268842
973045930
1011485230
856423211
994458032
1032817065
924895495
910873108
918982942
668302426
1106920447
1068036368
1024775758
1151740691
1219819014
899794708
875942564
1059213253
1071658094
1136397755
798274950
1049588413
917130426
845584396
930613084
1016962372
871217264
1007275006
868227979
984630342
919846601
978939517
937782857
1065396532
1140490193
1160517977
1095064461
818260392
889186140
1055808529
916496471
1006166664
904160024
1102450426
1034131966
528259797
795143393
1017464343
778632721
998233747
970365068
1065697186
631823939
770866949
1103185230
916241828
847369361
919798179
638354769
984239267
975678394
1079000594
1095335313
831762439
903144267
1012844004
916958407
859358135
971258704
973767514
1039618672
1055640222
932177081
945281307
1179362511
1010471371
1166650008
871480524
930866077
1072421604
974015344
946660618
778726008
1133000014
1029822322
1077627910
1025529981
1130958564
828523452
842511129
961362127
1079864336
975212427
1011622458
1138105387
937166621
912427207
787810283
1096707373
1168123483
979335321
1069230736
827197428
827478607
987379264
873027438
752504421
838538025
753664202
1047723529
1115207226
972755536
1055597690
930256226
1009257605
790620328
793407362
979385246
1104739354
883718026
993460455
972885481
928502655
1008252075
979134532
1169409658
1170798979
958497348
1013108773
886833680
978828136
1182066936
815304952
947907161
871961193
985635472
836026893
1116787485
977406942
983076332
1177270753
840682287
993496066
978043465
765121834
847261041
889264506
1083865598
840414248
966008440
975425993
676667582
885790000
835008038
857726254
1005682553
754970273
891825316
1014287690
1006635237
605463325
882305676
816347913
925783277
911125442
1106700627
1000836544
739334229
716766101
1039846604
893682495
947153233
808704962
948632423
933264507
834466633
1034216680
888546454
992383534
1055101248
938070559
588993053
935945361
897053405
1113301117
889881647
1204622318
997900154
1078604512
888807253
1136771615
900394404
838524217
1162325194
855613385
985155838
882878573
748958807
1162340888
1036369189
1016876358
742376543
979278050
999884275
842495114
1042266632
1047798369
902127503
808554551
905584722
639122097
945861084
977039471
858381290
992631421
912793080
993377368
1065302346
1020580081
991590867
904132664
980762246
767159504
967245635
881455257
833842434
846090185
919604272
538104222
1063012489
1061871716
910897854
994115368
1072969754
883780477
1033548826
1079822329
857751193
892733226
992092454
855518233
775855703
684887600
691767945
835061780
996239782
974267442
902284999
1015836180
652667499
838582550
919379968
803595762
649236061
1073604022
917751692
995844814
1001973107
993848672
998218656
933723146
998281729
1059605435
916448624
973891952
796716843
806507003
721308560
835206151
1022512476
993610762
898964544
861968217
1004922919
795462616
927580811
914428651
710762379
792864116
1020013918
915078325
951947721
1026846147
1024862926
853290700
878147668
1003108764
1069321241
935549050
762413251
1090860848
871345730
922366088
994190284
988399840
1035973851
1008751110
1149946013
943795997
1260757607
1078850237
889801812
947780974
963638030
937774139
715075489
923071796
841612669
796324123
806610217
985253016
1144578855
878995877
950459884
874105162
1136951289
1081638758
954616632
1013093050
411754492
3084416855
2684275298
2723653374
3020991773
3013753197
2926160114
2630436192
2561181208
2749173721
2703135381
3117992552
2806110976
2939231504
1849365023
2245621148
2662550349
2803189642
2832018924
1851804552
2866680885
2852433245
2714890175
2349083757
2453282023
3039909948
1524078269
2896017478
2087161622
2137171845
2791506588
2967583184
2800564395
2476358594
2876933703
2550785731
2396582671
2646123055
3115595849
2631890332
2532921567
2525428206
3017781920
2105083653
2778229292
2039149779
905178634
1096515501
865851006
773043737
1209477125
855396043
904365133
807812784
1068432918
859084327
732488660
756195801
863292311
845286596
976423447
944227666
819738993
905576193
852245618
827726364
817338819
960175067
674921618
807585602
851394411
986770762
687166948
614333539
959965710
956883714
769999928
886675179
919519779
1011287981
931531152
897015779
819032816
832228727
951490919
753899839
858237614
942394320
568982230
868646482
741344442
1079114127
791115811
811913168
804250424
978887763
999795350
1106840241
621025715
981724974
1146325070
941095032
789489320
778401367
974671352
774319113
926680179
1026703293
642064937
863551070
911239493
687740271
1137614896
975700479
994514709
883654038
897024391
615687670
823977574
781117218
835570685
393934854
372572151
467483841
418856321
379476215
328875487
342296343
401832757
407417121
436141638
470946810
422345097
392120716
370674215
420106031
410911605
401226383
434211678
436317464
444293559
350426924
465125483
441305738
328056573
382280585
457040847
433176805
415589419
327003866
460550140
369259689
356616291
434077979
469027213
406585084
429915719
383551819
426078737
463480369
338324949
353989551
493123789
396784128
450152640
330326397
480465269
485170970
411879224
408238864
379315014
358590803
452771403
424776546
473530782
401529007
363412084
415912348
411372395
418285741
399832797
422747140
409891234
378095859
367769863
425001375
462925015
405053223
275595925
336553412
430765097
396720974
468814933
453633483
418466865
397039304
489865656
352526376
425076888
485431174
404497122
290606742
393715635
426514451
432436363
406102017
457549062
487216376
398210623
394197258
365914721
413372945
342156099
341922097
435624943
438530764
507766285
513130192
448116473
429373747
421013446
509980240
490300930
355631986
456106909
367439357
358366268
442275780
376728530
420653704
365901831
483637378
436927857
472625855
351020432
347219818
489121408
516897901
445436200
351302632
400864845
419920548
410079411
437141057
432721840
430189761
376040884
461426191
451375013
515581035
427787689
441406166
420959368
398313184
398572096
390100958
399234933
473087219
498877978
398728917
373879538
416499361
245502934
508519695
421787805
343456127
367652315
444416889
509254208
427187056
487557490
439549242
429845929
433173687
470034851
425489604
446277744
377760030
466894633
328386377
389292337
434670033
432380590
313047648
416997373
308069484
415245656
381545215
508802545
360645994
451061957
430880689
460127638
341862607
753763810
505214034
871187909
942569541
874336203
1108565136
963813385
909231022
945820853
805090238
987239202
843590001
814029645
833049902
843164321
826292513
899217260
891196677
752840436
679352060
964354483
1009488732
796595584
954901742
908996755
842609959
882428812
1042620556
999190076
998347565
901334966
1075839879
888685560
834393956
769368927
881955940
1067978447
775187100
835529450
847329308
988656070
1098614842
760799229
992570543
784457036
962933910
875579892
859603310
715938271
937543583
847723165
744003519
1022309190
881086070
661022429
1069475520
994481710
954019992
941858376
878569098
810486129
1075920551
949926155
803807150
745083692
699089292
901685000
998784565
1048651814
1040870240
897613242
535714274
847523348
699909996
736205666
985896464
760344415
692406390
1027272730
1013583317
1067198275
982895044
711327899
828534101
889081200
868101150
770443440
1011300217
861085303
985305045
744291197
965584914
949111762
848737825
1068315014
939298802
807596763
897549780
840433421
900828241
816704700
723176685
1083825262
888038144
838076753
749963738
727305602
796807230
950484105
871580430
937180430
952876926
729730136
941791324
811676867
870987798
1013820681
746016935
875155387
823327819
795987951
826785689
700020237
767785545
817905766
832170090
977495940
738101336
756021910
931329351
881410118
785707083
853050995
806467001
889874180
875272769
793992226
777632993
870575371
987785549
921888370
884295721
848567280
1026080745
838974965
731642807
890804105
901936262
891122351
716968969
1074718601
1040577399
988401500
874177372
644807148
977176418
883983613
896249519
955378385
864604867
876172359
942867571
1026306618
953392233
829555059
737090608
1061534534
836332408
874833105
1033609524
1049192265
979946054
1120310105
1051623274
1138618425
858683554
955953407
894119524
852623077
876312742
1103041341
989101748
945151745
1092434649
925422622
913431806
1019605744
961825957
1076894724
820100305
984530662
1033171594
1169352653
675592894
794960306
1092418286
1108328061
960260664
837517897
1178705390
1006707649
951358361
930536523
1086886823
893907678
750629413
830457329
1025462477
955094537
958645870
884940699
1006414681
853730357
836178432
896733826
967558323
910542364
953548485
942731741
912045406
877226721
907043881
922489465
909729179
850444164
953995539
1066574611
1034258554
1141846560
925099170
966935072
1023469969
905273296
1078000038
888082353
1010811443
954361209
948988799
859229051
795473036
756359345
852677333
836098476
876539765
1048537955
928602559
1122086138
933676119
798431476
974117991
1056860977
1024373089
1014238577
942562445
1050460635
931533377
899563087
849443219
865374341
883170949
1064824568
1083649650
910762157
980390337
907727388
969860374
982670002
791921029
1147297002
914234828
952742638
869519354
790121321
1052427470
652142543
1098329853
853912310
843930578
905862307
902915873
1032159853
649231232
889782294
958293119
582576628
768324681
1024676685
951675596
703089832
1085018972
1037319228
763561399
951661497
856947650
930776832
993538452
898595896
981580792
749263877
1013165475
944506464
977258296
688566528
568196004
387209614
434625922
545997132
452516910
513554634
499128101
565206363
464140770
554629663
482712888
476912339
505896350
460306258
449287206
627759645
431700843
591862623
445217950
404020161
460467271
583443915
445110925
527775957
436189917
420192334
397114573
492833305
467924219
402628648
583652991
509151525
573081502
614227111
518956270
446904534
519425911
473438287
593622123
527331754
557592742
462144805
615491381
474574397
545993907
541960532
554821097
524826990
590197162
442534482
448541542
438193047
517742096
351520783
584590952
586668002
548232849
543803633
493500709
420170827
398193063
428923825
430608634
445549630
617854738
521587711
494404038
572947961
572202598
495712707
402324877
434391205
545580926
477314579
566476469
522716894
589695089
480470723
488215803
472170819
421309756
468257067
525179873
486199919
596960849
393900870
471507741
483335861
522986398
522600244
477187449
444179763
500930120
557920091
491031336
490181273
560101123
507690121
541005271
431886285
587394284
587784388
487184785
491778823
550085805
563619782
424549536
537750261
538280301
491103763
497250129
541333255
552379448
571654799
615616081
565818067
527651362
585598594
440269474
558714233
599423109
584580837
546154696
519899694
575667695
525448506
457463994
486470145
536650692
568984522
588585420
572468147
537848143
501452875
503564389
486645465
483847064
568074521
558458279
548135660
431540712
530729081
499753881
510192778
538055185
543628658
595233464
451893580
531657844
499889317
482118177
434327431
477476749
463214202
430120260
506001005
460696322
458470974
369962275
603426937
434087048
555812915
446013995
447168954
402686143
385392474
452562681
482118953
458180485
528828242
515490340
534550201
333680740
495151147
412341314
536067419
503029460
407390187
367387920
556275887
1113128235
787475494
1156909709
1026043948
978575595
841422059
1023195946
944608515
1061430081
825156334
1012503469
893818037
1051647324
993568102
1034068157
968622437
1022523399
862840875
996421312
1121232971
1010087495
884540536
301615262
400708482
344413649
383169577
319656357
377935097
332960624
410908895
346612057
358058540
383958431
379700947
323706260
397898804
446807189
347590205
391841996
371606693
441050573
330936126
382254116
396136971
352444671
338784592
364933131
438962107
374260391
388499284
266211080
326495495
257977308
365450684
372881578
408095800
428593649
368333458
414548218
400044029
314006042
361152647
370153361
327896636
379387259
569548536
1197826803
976032251
1021320752
1000103904
1014274569
1099950752
770566030
920685377
1009217814
987786216
998500816
1150802196
1202256858
1110874170
1144030966
997412736
1135945423
807536605
1133708305
778528656
1173358449
1037485654
997222567
1017499723
1196664607
1228439626
878321302
1371433082
852331560
1085583957
820727817
1047510179
1169156582
1102108093
1042839732
1268844987
997522116
874100228
1088489298
1155210145
1174700713
1138830007
1162188903
1145345292
981961565
1114630172
936624815
1064148937
1163887458
1117243089
974483517
1119682994
1119274654
1137721486
988724366
1131452314
1125694905
1210533095
1188052266
1128988115
1117089545
1401858763
1055446440
829559211
1006397256
1182952964
1080907860
1079914498
909460389
879282026
526774363
307761962
305223831
328269632
374444023
364877781
475941495
447966997
501668316
375182428
382126011
342808943
409730962
307070518
323767536
345146601
358144714
379867055
327164565
373169569
377114174
226101259
334938676
294715710
468525516
302833448
430070968
343948683
330472354
373098371
378329531
386544673
385263439
370091542
404431385
419559524
410247138
371700831
429776986
363387442
322768247
379398386
399116365
395023739
423123538
355836895
460765893
385805288
319156848
468115132
413604791
382917394
400117941
330408788
419356450
407426054
377273014
323156730
403984651
429300225
415220344
443217656
422829765
391136440
417388475
377124776
392908225
433167720
322130877
367479477
379416112
433768619
440753526
330912649
324641967
413232584
355109032
402043722
410985055
272545035
395930806
416454439
405727866
317823030
354634690
327264974
437830423
390123729
348854054
451697666
377649062
342563503
436356907
449130379
419248433
426473245
395005486
331222083
331141999
454537594
324652483
882674935
965184895
903992724
830247988
854655442
1006357425
899340000
909517566
632469031
800223883
952023075
678877616
895630626
903277802
825526646
854982749
822055134
524304735
362455906
396696871
535579219
465002998
462434037
404755313
458354497
444100679
438837853
448307645
367867827
444485079
435396794
397375505
504911790
425402335
476791070
459386379
495046575
382587901
469380126
458344178
385895787
383622412
463185943
398917623
382955762
449176718
459401864
418071668
391469815
432726384
355402263
466849441
504891418
362171327
433793868
578374419
295708829
421441405
394642597
446311548
465767062
501383943
336065471
530880971
523472905
371527009
499190799
454773358
492449305
409653915
457022074
419020526
368242449
468905694
456206872
537113377
362554229
421065555
185981076
432774772
536634352
484798373
530862880
450411885
395938304
492897581
524442763
530780628
466576008
446166522
510759838
341170602
425062466
543387712
513972187
395663214
404597817
471087483
359137903
391507933
490599499
484819643
483807483
447433431
471465274
535580155
1004346418
915649699
911190273
899345198
1057808451
945685980
885124138
993773657
1057673995
932151289
958736121
993812874
1001849023
1077247601
867582160
914227019
903617809
983458580
725112282
754193214
1109184727
915013599
868517730
919867888
900466130
1059772267
951612517
841729488
961290194
889501484
888546229
778868667
948793423
935550215
884211881
1191672108
829286960
1042294321
955129535
1040722785
850134107
980903330
888758135
888622108
1149201644
757566311
1042051485
912035416
1105963729
898195889
696349638
980563700
928607795
964809522
954230921
888344157
1050473706
882709201
1067962639
916806958
932253434
964929333
851258390
884017749
1130693065
1130199816
920950076
845630139
933121415
774441918
815502753
956711348
822019800
1007490354
919957153
1004353041
897420210
490467888
467495929
512299414
486931827
504474494
536332506
491331090
563456669
562090310
584212022
606618534
530254673
503582604
502116100
476650700
532791505
465257924
434653634
639666039
511075805
526498562
439860502
521095535
573280386
502238670
466014098
520979941
413185148
552898522
565760943
484264875
524127514
739082512
877240496
1040274030
918806467
978022405
830581318
921570933
699956258
883232490
798971088
923482466
946380044
826014176
892468760
1135699807
1007305432
897055798
886187798
759821966
966530597
967867021
761053716
749788160
780127639
838572801
848169838
966648607
854423856
885518320
968247709
1041826725
743206456
653404390
889653900
812648628
903013262
822471994
926520445
804121978
853832743
827615274
835750904
1023425477
756412500
897159264
924760159
999053815
879477013
985023668
835911633
844210782
800651250
1084520519
847087597
871673410
791819117
736016697
1054499168
724986634
899045184
945797260
876692182
839315701
1051917153
1041604191
1091653800
657362678
920047214
538351629
583652095
964694810
1089735526
952697383
825080580
1037390170
849286129
785234749
987496079
771506002
909429174
1006920727
925433620
873058372
802936482
780878303
817444299
916601334
683198785
923083502
838402012
894589531
790845148
1046881892
876605201
869207826
951314379
840640072
641663310
873864076
860344366
966173117
688626132
906115849
877096657
795441650
858591827
966000637
923503483
775855292
971487352
832830090
954217163
734197267
927985312
693282654
1005354923
880057212
904322902
927604876
868016391
775759494
740550252
912814787
809129137
492363484
951632807
995152556
762189867
639931615
351699090
296473826
342157552
375248226
296014672
321301156
349010936
449213426
382024760
473003870
379330474
441952031
416401180
334991350
348130744
499324145
425020772
366675484
355318284
353083276
373984341
523019577
232763944
273447866
304903423
372428976
370344112
355710888
413139175
354485459
325968275
450358789
363735798
200659377
402993154
379290385
362691288
425335188
351737223
338183650
382786889
328184806
394516289
575147568
1043851977
1143412741
870794990
1137844310
944983169
815723363
1162984847
860976196
873749340
914121336
935084450
988751455
480126229
1015764796
945024457
884329739
740929232
1225556713
1087640419
954699546
1075918336
970202806
887360968
1214864039
1086886642
1120932895
1082483801
909990646
914847801
921034386
1165616065
1056984888
1035769817
988683091
1186385739
861632559
1272886789
1065893656
932545058
390584101
407389756
392750041
396695210
296403924
358050612
317804321
373660089
322912736
367067962
323641585
382501945
402395767
404232675
349781313
289120695
376205712
356364561
348499890
344141015
399810888
414712771
308156269
382293375
308256609
335589543
467446510
375227909
388970725
342351618
412641379
362762902
349004843
367570142
376039844
329678141
300719788
348656758
390287672
353076514
387807154
345674262
315440522
343170754
304595332
393404309
363860885
312118811
325556445
356535618
394328130
325096620
416952680
610353381
963298984
626627434
806528999
992202565
923382277
1003811294
1146263711
891674964
810540612
872230286
778092512
1057826374
901973886
919065182
881329582
619203113
1023738244
1062104974
868935266
884608225
827412761
964519202
886644639
1119748613
907042533
843837422
1007834480
953272675
1053222225
1086719209
777091733
893487244
875095273
838669186
947298465
891966961
1076250035
975366847
905620214
970114174
796113801
985661548
982841018
953307169
859311192
759543733
915627457
757427739
1078123331
892482795
974727555
950798974
875619912
1008444224
1118086132
1014869207
1250089783
538265478
346432860
456587384
872478386
1060085996
962472764
849001618
913027695
960713997
1021035804
965497751
1044013603
1156251841
939061238
900482876
897801996
885720898
852510872
726906920
1051936818
883757738
1044506508
796682559
1038327280
1017992654
855965113
815086597
1014313033
1022769009
901145999
797775825
844044065
1139069153
967089199
907065662
1038147298
1021981304
1068863435
872843101
923560676
843847225
855903015
899642458
791869523
1018531871
1082728451
951009117
848330815
935168676
923457239
1154028533
872534545
980356353
1022167259
1002319325
976425595
864875748
1073976103
930084668
859289882
1149986659
1098557376
977443925
1052243522
842800170
981801439
919697535
997601730
799938731
1043797461
901200108
1062426391
861005397
1015156368
952462768
1045516874
937538199
963234473
961323889
841995182
677450650
1173514016
797797427
932695913
913495517
854264435
768198568
1062381342
973706083
809537437
935508385
676804816
771771930
697880168
1139894334
1057303331
990015071
941659418
1027163198
947442717
722330532
867935133
1000440262
1050886187
833319905
831719557
1149099358
1070234685
748514465
994747605
1014283456
969561318
867085107
878903517
768915838
708441935
915713436
952091230
983752513
775891505
811414649
902261294
1133318265
869992537
1080615232
1154817380
892912401
926810756
1113384052
814477141
1005828876
797427379
1024522215
1063325287
899968320
946660335
1099437949
817025964
715493586
822157990
741117983
780592219
650149722
977563207
680366510
842584328
829982523
762677193
749302789
723191527
1004711492
878147479
911315825
938418582
754786079
836855771
855268891
787607556
968828803
1027031860
1033073030
988328175
996058916
874524967
818358330
882907835
979715895
982401680
1133075801
962727959
885912315
870046967
975965577
626991347
1050170231
832585101
710737271
808328684
978861357
1069785932
1004014905
1050915448
949448674
686929397
945573685
1179661509
977279537
953225038
878948958
1061142042
1130468774
684843598
890057505
955468146
1237269983
1089240873
766342699
951657435
678112341
927303906
862388870
1000319563
1056526389
794710740
926552163
899838677
935022559
781917630
867256861
935349057
1020279007
709690618
719865692
1030294574
971494569
892496227
1026603685
961672157
849674382
785841763
1037284908
931714975
837237769
739632533
890456175
960120589
946408512
910449829
1063197846
897607868
1093688270
894404211
871825173
1066086431
910944172
732235825
842607299
801291224
810408565
977626677
993083068
971870817
1043036664
816818488
789034172
780646960
976362086
1061630431
882580150
919642938
904136945
886580126
1031927171
798917898
880864218
978661553
870964372
924042913
1004808968
920557445
800395720
729630122
847757836
781272096
1056150682
956937726
1066874414
828039464
869187683
1212519004
857243469
953609363
967256198
911257823
961443162
939212062
998664789
816593933
912116891
877766752
454831480
730408827
754857066
749267919
881624794
610340985
745575232
901030021
820008276
976803627
868473172
662955924
758253805
878129061
690404908
774931722
922767930
707218473
765473420
781974104
933651595
716601471
812039436
986460293
694167188
940695440
889369610
795799091
915530042
881515715
782285761
814308254
632104743
864911548
520954800
793865973
775380352
798017144
752724321
955636399
776914836
939200526
676369645
901096529
984831467
796062743
841902999
730754548
875808193
845736918
851045807
709701580
850755614
877384926
929344043
781210728
863023674
978289617
604296478
773491098
811105417
946560855
737200065
859225658
973122002
687087480
979612402
795580162
864779555
453781163
365034752
355907917
432360492
317841932
321437495
415692750
377412280
381149312
448772576
483027763
355481108
411138460
375543722
466609368
421582662
357836785
411852583
456428925
464995517
346963302
402828348
385131448
417321259
362378899
440808506
334834443
377844257
394393884
243364142
474892186
281058174
436961366
324935048
412049994
368517649
450197889
439390859
379513434
470889096
424959381
388102679
471167305
272614380
370091415
304652636
396527954
339158823
329244054
384665796
299717410
311290201
485227064
370423840
400008720
316020557
288385404
301372203
383002087
415825066
320034181
408436739
429615406
414626623
435094564
381808173
454772568
352852559
370553434
391337188
436515270
450255259
355070332
373487669
408988806
398776511
492307704
395167069
389806994
353009901
395242255
418700081
280887850
402676284
410820957
350060657
268532540
424914965
364489198
307076103
418848722
447423857
367803651
390258907
288256758
489480779
407363759
414604841
428906567
477221311
376697342
392060354
358162500
383942220
462498177
349158630
403183822
483199099
376397945
328240089
373592840
359078651
283394937
428418099
433417923
424196759
414210969
428784413
910424215
770730787
976718710
986663219
1019582768
968401006
896073401
935280665
924908759
887838834
912304386
777119109
777598914
972301782
965660969
913700855
1003796271
927795046
784426205
932576556
933190194
941410018
985658994
893984977
818805286
925999999
1026600945
900831186
831839575
520127168
849110687
919896452
709877876
803043429
772075539
697286022
863492996
864255692
769525858
776715435
773003440
838754596
990147352
749438755
855149597
747764615
756930233
1050803491
850464569
949380534
938141837
1088154872
823944685
1042138240
701099490
820614133
816713431
988782438
866416871
903950202
877632510
978464524
1024798143
964332324
881971733
908704392
956710644
1124396249
916128800
829105083
1031415560
1069675753
901551667
867036701
1140992238
899003048
1054972544
775187926
925213989
789953324
896611683
1016367757
854026414
902372332
1247039940
1162834099
1012759278
1118657803
1091398268
935957007
989520609
1048060784
1047616858
1008390942
1173494112
1013663576
1076114586
1009889784
883055583
993789023
1005253837
698359839
915942569
920181003
983264131
858417040
1110859548
1041093056
839455573
1038448987
923210079
753263553
1016501532
989077636
834591087
1048955392
879612556
926728728
1065490124
1062061179
1077059870
920485358
832444832
1032470395
1031486977
1000875515
1208632778
803319767
995485041
950860215
963750076
857183001
806063156
1025610910
1096369339
877860536
765682541
1092004287
818591288
1049223930
1053275658
1001592509
847166237
854380323
608793371
992353716
893607279
874382453
822611748
804275627
978854183
937830663
888901368
882166419
1071250080
904043371
947035759
846860791
1092298907
1067027644
902596827
661252802
1135456334
829969141
931159919
927897506
810534156
739879434
520344947
553743586
287339769
605144004
490544547
462676701
494929000
549710833
583562627
417340404
427657809
619051570
515229836
432451288
596162384
490756782
489975558
442269362
533217976
442418152
472012692
465218055
538788622
464156498
418976449
558869482
453732295
417822396
404496405
470258830
618629442
442572199
581589311
555990794
478600173
442210417
484771851
454638806
541446923
542182529
452282927
436788802
430546199
624849174
601419407
559378818
533292490
417632677
483915717
465742453
502977699
489526684
503395605
565770547
590072478
637298480
422003248
610851320
335839900
491957143
602396310
489704718
515680290
597785318
867605493
690314658
414580434
459616165
441439948
487426152
591519736
428082019
458321185
475768011
565458402
520912063
375134338
469741688
692759128
431970010
489256051
556076873
555122760
546884611
617535807
387945885
516502838
523481260
556988664
547374447
443269272
549715821
434072692
574610499
547655259
563362349
468007761
485655989
499365344
387421487
600126641
340091817
440831435
560083688
431579544
514651190
560066939
629099445
438642224
500145394
561064754
518514178
481772555
486080183
554283783
474790494
361908778
543886209
450875788
316206613
422774905
572260059
364676083
494162936
419873870
363837373
709919660
542425819
582165972
510145352
408135900
461872928
583718867
312284018
448997821
530914712
584718225
581369971
457335895
521290678
488080508
810537623
1056240750
1037818615
1213475502
965444759
998930419
1073135863
915379268
925905950
880709757
1005782223
914552423
676101721
922128212
1171747592
951729165
962858203
1072883454
912929857
959157993
920849666
1113993865
977903846
886719827
1018191922
1067214060
999136362
778435862
1206014945
992162868
1125425472
897914416
1047427440
1078771179
912706198
921334852
1214314966
1068652831
1039918629
884630819
971596228
851939077
935816228
570346068
1086107767
1034242761
1139779064
1174431834
1028109535
1033144981
1098781774
978908669
1025107216
942711306
912097561
1094690223
831116400
1018662942
977629141
1047811845
1087352389
875203183
964320832
980533217
1062091689
645707211
910534628
1118135057
1103604756
1193149635
996207710
1073290153
888178657
757563633
917227183
959697088
1046055392
1075377535
833820268
957394644
994087672
1019108217
1001913555
1139097772
1036493910
1093075050
677096815
991301228
744248979
1259018455
966342904
966866917
779601195
867855304
1124932824
1077219064
1070220624
993308761
1163879129
1105396250
984524621
931639358
1169374346
1110558342
1105650782
994003618
1054433688
817563463
943616149
1074549677
877073259
1042755494
880929347
944990291
1259236555
1179750194
1049768560
690911682
979634814
1166633626
941863552
922196969
966496343
745309990
987703415
873969296
1114630789
1045100253
989216162
1104458490
843899713
1055834393
1003146569
841039493
978143709
904525115
1030222660
828659231
1154299667
963144531
823873310
1028780530
1148669947
973546265
849739620
936315886
908742589
1088754813
814184711
803975570
986729496
1048230682
1027722993
902384089
719206674
939312364
920806319
1106227131
839245571
1066704281
973951426
972950718
1103572477
943818043
922991891
823433380
967397667
684308844
1091387014
779760313
934562842
955398842
1062649203
818285926
1007306022
878063655
741449266
1028336579
903251672
953209019
975401707
990958765
1085456469
886410446
900511452
1037407710
1130040802
804117980
783598376
967613686
446187324
344448656
393341027
458305455
447656861
402479777
362996953
470582611
377057810
425331481
408212970
396440897
336784651
417011140
533264688
404198383
441238795
437645919
508359248
458461374
358218794
375733153
454315245
376068271
391335798
401420627
402553340
486780870
393298899
393821599
447855804
369737807
383319713
465056739
286955184
363658226
410385992
444223136
459302626
385693226
462473897
365212767
348576058
450218111
270723653
421890250
500511384
523127146
411955641
334444637
375821405
450026694
447969229
264958617
499263711
506665129
362609240
346086178
463836697
314595532
423281120
420850040
373753160
511462711
420994079
439492675
435366987
286695786
433845708
401808886
373652179
411032824
441361553
385595754
516720499
483917300
399495666
432437896
460505895
346505070
441343696
409424951
339369429
373202269
420295970
422709939
389264774
414523665
361248926
454772214
381304035
345248980
429345639
389658167
353491694
377213425
407325831
422927854
344820477
421986457
448102518
356196923
444436704
504613626
384759091
433359399
426777084
460551703
455888410
461489951
399688738
257017368
422631249
433760137
431926626
432789361
459623713
405235983
442347216
357283764
395650516
430893039
302148818
391810295
354726469
338281919
473111193
398575068
317631211
451553762
453662078
493600671
399811268
393594467
566647552
858687137
816688730
902020826
1087599435
1075387389
1035022259
959222192
1089887985
1029409008
1170942618
1021847733
1047693861
1090189586
909484129
1172926846
1178841215
1161580690
1116901988
1175556709
953341237
979008745
915564016
975801120
1215666547
1061808909
1126381490
1126693404
992162431
918673103
961264181
877790442
1061686523
976707783
915887622
874951571
1017571934
1042700286
924770175
1089318151
927378409
911150868
885558925
1051534630
930862243
1053947324
769632982
1129431094
589590647
545588414
514983809
442267810
410923429
474882931
453312991
449509349
656001419
436886130
441183850
552293249
506228170
500744577
591010135
414799775
535589343
483249540
514625393
440163260
472325597
393568244
451621279
451429239
496108007
470780400
392487749
480080878
554240031
477985183
514671283
473584656
426055631
505754510
578695222
504501383
578068877
503076964
594224005
484117464
493649559
554638451
488416956
514629151
385457940
510709038
510505628
516817224
418779365
523423173
452147437
835646447
718295293
945978557
847460484
889948351
896811428
827200597
953449948
815578041
932269381
861559809
689193235
709866695
837709058
839567254
956623605
745449654
850713929
894259629
1029308134
973266652
1083640639
1037472968
1025310957
637109234
1250445619
1218722622
832266784
1154169731
965867245
846359279
1083840207
939119081
872144693
1091958299
835204554
1138713976
963803921
1014825313
1176846453
796950823
1171038494
860460806
962302669
1130387098
1261976682
1064313740
1015349981
1013415172
972737593
860311235
860734779
995306500
823115891
969757029
790227913
797377571
832486150
796765843
397130954
942399786
707542421
671669910
661170874
823008037
924417616
940377338
987368736
783910276
899126706
916015447
710888421
890694533
863046105
938532897
914578494
650098741
975316131
950956386
656921181
778035469
743331494
875807538
861186222
904426996
901727399
892631471
859967402
815530807
981243147
686064591
658762399
759678403
789659312
896827923
1011758520
980648696
834555499
692912083
820270218
966949652
1055968521
769186321
751461027
768339586
1035495918
735024809
863305344
877741024
647919835
820203787
983743976
875909767
743374708
879800238
705434603
768224463
774226568
770796932
850497063
924236497
853546054
737322282
833718407
794144555
886192721
796437550
931531564
972419233
813710998
1014697561
543779213
825610593
872440651
754814235
805778054
1080925573
671449803
1124586639
801187900
1131318771
1131993623
801256860
1005907217
870794867
644678545
695758316
793941020
872962108
1006105975
864942321
825470402
1005979174
872580450
962812968
908924909
931923713
793790501
938751551
993530410
768032023
856816187
851630332
946379717
939102668
978547908
1011184217
766819985
829053326
806282729
841025373
733054372
842274402
910733662
782561808
1088951227
1157779576
1082697550
823003422
990784223
1056837127
871295685
1003196144
835725675
890201152
969873251
657778603
995226879
1128844647
1087228668
945244672
788098189
788515765
918903027
982090585
819859194
920624204
843162200
985372709
1030365290
1009408263
843155633
1045643348
984326568
993139669
923690267
775649043
818505207
665889936
704860412
859761318
790074880
841211384
868291647
812030424
890051565
882957667
636910256
722487253
637296840
669634255
884659166
714032065
814912511
978438072
908184804
1094761702
892369684
1234348051
1061932455
779939356
1183276514
1010996578
1325316485
964078310
759240717
986472225
1212040653
971620268
1061213657
1035498655
1132540428
1002233560
937499843
1119964797
933367326
870041044
1017418048
955243007
1240370553
815997172
947944111
1071193773
1041177274
1067387858
1043831184
885978004
1002914056
953378514
1172301102
1138978858
983573351
1073265022
1181999274
979485943
908464399
984489284
1003213950
918740467
1030914265
1259980379
1172021539
1071943703
1092753266
590538406
1048929202
990009992
1020876809
1265236837
1043217889
978552490
974407786
723166802
847707635
1052180451
1092179638
960488270
1091679903
1001736845
1108307424
964070276
886763807
962480926
1005598489
905202558
969661485
765906131
643906892
958478733
981458565
1035613954
716917270
1123595584
693094789
868228818
971686448
819391530
849173842
1196259343
788676882
1071574994
1130522663
1034881231
863769422
1063567924
961399520
878129270
914322237
961033514
790859757
1059694665
927280619
819309790
1004205636
728643690
862111361
1016772706
955972586
1037726947
904321577
811138190
1029637680
838707041
862868429
1041516011
1151845597
842768712
876874254
958557347
1091805869
929414727
707574056
856426726
946101909
902060263
929190038
974049761
810724986
1032490212
1174209861
794498450
903372850
867568836
876377106
1159193380
717439058
999639198
898250385
805429505
782775453
989192929
1019374517
863182769
935571111
1071069117
790211317
1081997449
937337941
925927875
1029259530
691652617
1087207823
1097475742
845112969
910091270
1023592725
908773604
971883303
1032445424
782419512
1043850168
963180967
1111181026
891546592
878616589
920690896
896975828
1107479680
801454997
1024849863
912880172
948707255
882386649
837141956
947807889
1001353526
963823417
894924118
862687723
779590174
960856167
928715096
997027048
787896413
849792227
1026718117
890063558
1235624286
749176453
884591245
807571245
882484474
959997484
966431226
984587630
856437641
818401790
860717865
825056233
698827197
782577413
911091128
832563173
799404366
897344652
882130492
767173597
744807101
781062652
687933158
867544174
809857045
841330775
916571800
751306645
549435008
1030530434
659503412
632962895
752534200
906140896
784171455
798979630
933022980
834292193
869227322
711198680
617495700
790011151
411701277
395751051
295237448
412800514
351107111
376980100
306947910
407574697
394739153
359319855
396262890
426376282
409538885
573274085
817234682
887362028
832539801
882928854
880258615
843807146
949857458
808653168
727810964
946509795
877888843
625225120
899574498
754320429
1012506724
894514196
996592043
869278787
931596441
964662859
737237770
866841323
783758712
864149061
945687378
803960520
826485812
894968992
884475568
776848779
818491026
1162289873
992872977
930077377
819073675
875509633
886056163
737374509
1013747542
1044401479
817288166
789196508
984876397
749419799
892667180
1007562278
1182880157
1076029837
989843847
938516405
805862552
934323910
1053093719
970166164
937490204
948188780
999840483
1027202035
831201088
915059957
1018173907
908414120
966873074
993646700
932968330
811046864
918775627
902815586
1093451304
833061723
861676711
900280876
809746614
815448229
735094597
867982846
947409096
857349559
904056660
719912929
848095409
830010729
1011862166
898652462
974448362
927220003
977191053
751844204
807544405
966589193
1014979855
873300808
1013513936
890271122
799701893
817240989
835715794
827938428
988980174
977524860
808588425
844864126
1021722419
1028356730
1104867571
709712277
1021477190
855589969
884367470
811181811
676448055
850414825
949426515
908090338
1006477262
1035243575
1075647589
845655091
850879964
1040617809
856359571
976225309
948858264
1003565501
952294519
963308640
839257658
769267823
854061702
732938613
1011666411
1140272575
1060373787
583942312
683536067
997055791
707816224
917027410
817724515
934522406
671392401
999617213
991703922
859693762
925952249
841586720
915751623
648218855
1004299461
1028709846
1027468107
963675452
995015683
911459138
905926799
1084329856
934772218
981161235
1006220004
970635299
891314296
806293790
1104179011
819527328
992632555
1058331736
913579919
922247382
846206630
1018020659
849019541
760298155
1099881003
925810011
984407873
833938360
965089157
1004631933
974161094
1005895242
825570143
874321177
751972800
922394116
636071159
978260377
871364127
884822295
923536347
844418985
929280772
1240922225
987538802
785490519
889790657
895669216
762090426
948560197
840608942
995851176
735317197
828401210
1037209822
981635225
1085083946
819377589
982531455
1097089354
940522649
846909015
740373416
665053716
947989912
1011056045
898681831
949391108
925497849
919151478
933372601
822719678
1101537169
785897210
885746276
922076766
812303062
925451881
968738579
791735219
912450777
1047325746
1056649186
993420546
933305150
941475251
841837719
802908904
904388390
1142105466
738335997
812364665
948905338
945857349
1058791757
847467880
812548972
932027025
1085599062
985176314
1044190812
775459212
409898564
351781216
983141695
767255573
925483519
949847316
973879856
1017075171
1063634846
988409180
1204952181
1039690379
1102834109
965667451
1065074024
1144875318
794070561
916655460
939670127
1151449233
1284762769
898356292
854242243
1018127880
794765722
1180402239
894091140
948572256
1084065165
1081702056
634935077
416553355
373245016
342466080
355732781
341591049
419715534
376023052
375780944
375297320
442806989
498042916
313134855
251587812
410053421
383231441
353901547
327813411
410585418
340301341
377162283
413222805
404943888
348800809
373357346
414407110
362713203
328819325
442134374
375885388
394182010
462805794
388124749
350268128
394943186
340387673
382197763
374601320
395399397
513248439
367696272
410681498
420261430
439422310
364734094
427968238
376678090
366234373
340340830
411548389
364334635
384384750
402177706
327892467
399061610
449412991
473846840
318774271
389285439
236143744
266668342
399489568
397186740
369177241
454881188
358016403
308852320
356746985
342356890
362702941
391946280
357705670
367410686
393077356
354015303
389008386
364313301
344016444
416312072
363301537
432724870
352800226
397836675
445388134
362139357
387855552
407105012
271467568
303606159
346994132
408239132
369771548
427944145
366138236
378397280
360972402
352902709
373202696
338582892
310170390
298964084
431951627
432218209
347025416
306274721
356859962
428720187
464515969
345335021
325186197
336436456
375417901
365369617
354659872
408326128
324977442
349700823
431365442
307698031
349954083
341589755
313177296
230570861
391700708
339647245
327214990
341475547
326810370
377999045
324761349
442919225
432226653
462853400
373272034
294130547
420312842
423960060
428771888
450660373
431721480
323891720
374071456
258168523
418757545
393341749
413356437
353232353
346842548
382209911
459590293
372808524
466871414
497259450
311945467
355780479
306582744
362332503
392692736
451686300
451471462
403625108
438918137
396356465
438989548
399867605
416898335
315048536
389187007
481705823
391565115
413362557
400013322
357989944
332511855
369573028
349625803
333139390
388270445
394392290
365847668
402703565
366734220
357380648
400669091
438275442
397959973
427956623
350622792
336970002
342208464
466458274
352145719
370561843
373491313
394593174
435256750
319517137
438575966
422979146
425136955
354332108
480735338
407620987
347634922
419592269
315091678
390158314
382021748
441966421
509014204
319804282
392190811
352178102
399202321
295027238
211766140
434346246
399358804
385854001
442727551
367560536
343156749
405360583
388922729
426756670
414838710
333588872
407129120
405697536
294659695
458956594
385471177
396851552
351748200
379500336
529871495
340082598
383642201
485453858
397182845
353196598
345248593
413689571
392776975
360149322
418505574
376412922
448017241
419097978
404307884
377688708
369359444
461976700
427375023
399057967
340823859
398012003
412357475
264925366
501343952
410364120
373552691
920008009
869385482
751297609
997765985
964535101
881865703
804158318
923041738
942242743
777189457
717798602
780469693
792382125
1027759285
874272207
946551447
875118050
902504193
658835354
318678546
333242338
317755381
288756199
364425778
255285561
386900700
388033206
396969233
355274780
326768676
355166324
432834444
361518221
375894416
299778549
405607051
342273309
398542210
658701580
792505484
842023931
820766328
832399936
905911564
981234082
867423515
1113846896
1040225580
954609639
840257163
855040716
960124117
813610267
912132145
1037875583
878437417
917642819
837084665
903880090
662075560
1005084055
932233360
799030753
943245906
841652211
843471790
851836253
925093971
979653618
727818795
964720828
1030869706
918224386
758026276
977832750
743197435
747014603
883538830
928599397
983399877
843929726
507547514
871042874
927497254
816542200
968363372
948062705
933109815
966804868
906737603
1015516171
847595955
686920164
759246728
859361185
946141951
786316649
993114503
744974773
829439473
1057705557
810944490
871013473
967514639
659911380
777400669
795177894
1017626900
849569921
942272899
976006979
