1020043733
1018798914
1040422412
1011846850
1022606520
1043430099
1027709243
1055728079
1043806350
1038121829
1054176417
1059771615
1059166290
1049963035
1025580638
1027092519
1052276570
1062846888
1061143080
1032259081
1043801994
1019022139
1036435977
1047640591
1068633452
1056914742
1058402235
1028525078
1032632992
1041389590
1052602332
1031147177
1028374268
1048672582
1048667675
1091115911
1014794179
1052802149
1063381090
1043519829
1034996154
1041269021
1031741100
1043862310
1055963425
1094610538
1057974011
1051385956
1046570664
1090257915
1029095111
1086150251
1010323114
1028423276
1015092921
1019467926
1010409220
1016178469
1040396467
1064187810
1063228945
1067429186
1087870639
1016144799
1087964283
1076591427
1039927343
1040554741
1018783738
1022088364
1039508612
1042716001
1021689182
1028448861
1051413968
1053815559
1046034981
1059403005
1060154962
999199491
1053365564
1035811916
1023839484
1017967408
1064490216
1024577858
1035832704
1038612179
1054394369
1047016597
1046644302
1043105468
1077026119
1048270732
1031435794
1037870421
1042586605
1013916291
1034266887
1001201837
995915369
1017287069
1013881017
1023825784
1007053791
1047706017
1066175311
1096288268
1049271228
1024691031
1044862981
1058358985
1059343911
1064829902
1075740002
1011740725
1032765958
1071076319
1016351357
1027111975
1010828755
1031279614
1032292663
1048554549
1044565996
1028668288
1056644188
1036185086
1015077275
1025228628
993568716
1052958605
1030367579
1037651813
1045276078
998061356
1019420115
1010374954
1040529755
1014932228
1026453878
1073590866
1021732306
1042884374
994936307
1011377650
1020066614
1012058200
1026669007
1004693321
1010323261
1018276769
1049943097
1047388077
1034197248
1015016056
1001674089
1053983236
1071080873
1010386964
1015409916
1069446708
997043987
983514192
1020091926
1021653350
1022259760
1032666695
1025625760
1017356315
1028370566
1022464496
1063040543
1034829402
1047686192
1042328829
1029817114
1024332122
1055585808
1062538461
1083136067
999150873
1013921104
1020824716
1090581321
1047336293
1068841601
1066777918
1027879999
1048646357
1087319419
1063655627
1026803063
1072964063
1039326379
1060102765
1048555298
1038891302
1027769400
1023634074
1014765127
1018519578
1042546056
1017851331
1035469293
1030951273
1017761714
1048927617
1038419446
1013683343
1034174899
1035698514
1036232188
1029013243
1053891490
1049988992
1035320176
1039757405
1042843914
994938502
1024682373
1031146356
1023136817
1023105968
1022655325
1064495811
1064022903
1008722999
1052824015
1023280119
1026389389
1035805315
995284670
1056524520
1084468744
1083639706
1090802425
1075720300
1057178587
1098830216
1074321475
1088593223
1090720084
1062302340
1087236378
1057470839
1021037723
994975454
1034447091
1014818078
1004257576
987091749
1024893146
1035622152
1043256306
1046098857
1059919163
1036036392
1031783943
1074464298
1053217963
1013203059
1025719731
1042851891
1027201023
1030816113
1064759034
1033883542
1055514739
1019008230
1034273992
1029480279
1034322279
987085598
1086489312
1020154030
1058578318
997762157
1066520671
1003252044
1042434533
1033112310
1041412671
1025616157
1023749971
1038000509
1028479609
996974190
1017612927
1046850869
998425613
1068470627
1026351726
1041322323
1027497763
1036305929
1054707703
1019595467
1027183269
1020115390
1050001892
1029567357
963290366
1010366519
1043023930
1012212889
1050942100
1027787686
1014399359
1027927866
1006729160
1016793094
1008073989
1006119591
1013472478
1027417222
1025442917
1029637574
1074303919
1050060488
1044813771
1046272246
1046525211
1058599819
988312587
1032154035
1013465291
1063096654
1024680649
1008597297
1042195919
1038672484
1062632795
1001462417
1040437864
1035093921
1056772360
1030818786
1044177932
1075544787
1080957334
1008752603
1027310315
975291278
1027122035
1032219561
990471709
1010491483
1056199186
988218023
1064071901
1007978249
1037830207
1043464722
1035804756
1033630024
1037267064
1048039535
1024867691
1070646711
1007263958
1024476135
1019827466
1049225291
1060734195
1045502498
1011908433
1023664327
1036789451
1041833752
1037244238
1054333321
1050261292
1063435233
1003615799
1064225857
1023269069
1009565731
1019939069
1056586763
1043165401
1039183941
1063972046
1041618977
1057882869
1036815138
1049081491
1040286063
1053909744
1067505014
1004797855
1041208358
1047563856
1067495136
1031610282
1017477461
1082679238
1060138902
1049613013
1105205081
1075181180
1086583049
1044715916
1016760417
1003562500
1020319793
1016045580
1051108193
1012233712
1022631806
1003558495
1069859783
1032749071
1016881805
1017282316
1001343406
1006574353
1008966067
1042896163
1020497240
1018020113
1014458192
1060967253
1058644781
1079825310
1048858644
1072198822
1073694137
1035690654
1114398559
1005603574
1031355105
1044701201
1060748430
1052546748
1011959293
1062779976
1056016021
1015213336
1033743807
1055131915
1042404381
1028826981
1026733871
1088812474
1036009876
1028926328
1042100708
1058508601
1041591616
1085348267
1027644682
1005012081
1052304155
1032883279
1051567309
1053302670
1016237958
1008296497
1036859073
1029441328
1047302557
1056189759
1031019789
1027360311
1102889603
1038664853
1032601972
1021174761
1026446290
1037880405
1058538766
1020278739
1055080894
1022076814
1040425614
1045576360
1036069703
1022259163
1044507497
1034247683
1018555935
1056886642
1050441812
1032749032
1024276646
1020740751
1060968089
1038561710
1038239421
1060653942
1058249619
1044181904
1037957376
1054669201
1043619954
1020444010
1037673521
1061433188
1035795964
1053180483
1045893047
1024032144
1051209089
1007193064
1079812384
1045309295
1027852592
1044821735
1026364680
1042770654
1050979679
1005253977
1089724948
1022663009
1017361387
1033227588
1060216623
1032537408
1069953659
1065497576
1026553073
1023498728
1024531827
1050430449
1033911403
1051598929
1072860239
1013617456
1014949981
1038339046
1033262410
1037884946
1008466557
1020185746
1018177711
1009004408
1011493293
1036116679
1058771899
1022714922
1016230488
1041589942
1081202509
1071105005
1036651508
1052221643
1030782454
1014870456
1035134932
1054656540
1045924260
1027570521
1062639691
1008544058
1099276598
1035839041
1072237329
1056588960
1054870234
1051830141
1018961792
1029409025
1061216264
1018438385
1034829524
1026746356
1030884839
1069161490
1009853670
1052214495
1053726899
1060285568
1020375318
1034678105
1066705884
1022650443
1028194277
1034429976
1019031709
1075214474
1025996861
1103539212
1042875313
1056884303
1007659138
1011417707
1043313200
1034320327
1014730108
1048803212
1108373691
1043659215
1041383881
1056409991
1052449133
1091974005
1044338579
1047204904
1009691239
1021254618
1060236452
998308836
1018895040
1048827101
1056146729
1050117774
1036527912
1018781901
1057782862
1053687299
1069202033
1048269299
1029886826
1026869838
1060338551
1072343738
1044356903
1024240839
1033670327
1074909665
1053420063
1038548531
1032920414
1052657078
1019588168
1036664658
1006729839
1061272930
1040474691
1026030174
1073155188
1028413820
1035141788
1042943540
1032972556
1020542816
1000364124
1023292551
992435325
1029626954
1017600082
1005634469
1010424419
1053258903
1050258414
1046215164
1093807676
1035220874
1049722843
1046069576
1033714243
1006578778
1048111679
1078512077
1024280585
1030655678
1049697224
1043634678
1084916508
1124042081
1032191045
1034607317
1015054198
1053057471
1082137155
1054245088
1065941557
1053826040
1019912140
1032900692
1002601094
1029677462
1091919390
1047974395
1024071328
1017355687
1045907145
1050445304
1029662032
1094136982
1052468657
1043951560
1045166418
1022123193
1065127273
1030368500
1058356247
1045757856
1049138578
1054460205
1051335471
1094300347
1065166329
1053855021
1066937205
1019437745
1068804492
1053289466
1023653915
1020896445
984595219
1012794274
1024095271
1049575306
1023376344
1049923760
1040250760
1009859093
1074232271
1021977591
1020646358
1022881543
1005838300
1044875405
1016810282
1020985980
1035084715
985719493
984152158
1047036681
1000455832
1021415775
1005906752
1043012591
1017068697
1059931015
1046705250
1031622001
1027934380
1020380015
1051864410
1008800090
1017492672
1051239066
1062688109
1022509714
1019644001
1066940278
1019426525
1020345223
1058005337
1022140367
1028652455
1042117638
1033001408
1056149554
1036029720
1016583126
1033493291
1047448329
1046818897
1061320538
1049977244
1027937106
1010289960
1072031517
1027291630
1059919845
1076116914
1056626632
1049141912
1067410404
1057219426
1072556973
1078089961
1049748388
1024534351
1014200007
1019084720
1041650985
1012336217
1050299006
1043674860
1037518611
1048444594
1069647302
1049366315
1039835726
1000755052
995615677
1005861113
1047569098
1053742761
1071785322
1003497437
1001895113
1002702194
1045671959
1099895261
1033750000
1004057020
1037201569
1043407183
1021798271
1082201245
1030137029
1010069773
1032656016
1049832751
1069850428
1019301606
1017288016
1012396952
1059221307
1076537866
1055884346
1030695066
1036925071
1041016965
1044485121
1054158114
1052453781
1080693322
1074377956
1009295159
1031600450
1052049526
1047144675
1042811150
1043873650
1004430359
998605683
1033567780
1072668066
1005322275
1073015765
1037880687
1000060355
1021451337
1003845739
1034087893
1010091372
1073276965
1041768619
1044241668
1035896176
1029299211
1040076961
1075729813
1044476742
1050680463
1015978962
1034569240
1086036305
1024204368
1020205245
1029380793
1046101161
1033434679
1028144768
1028268997
1022444491
1056869471
1037804378
1043043537
1048554788
1032106734
1010995014
1032212627
1033164403
1032390159
1034228260
1049931062
1045576233
1034371523
1035762531
1033391354
1122544035
1098246861
1056609435
1043245233
1039233897
1045404969
1065036077
1039640539
1037331771
1061001249
1080005130
1056673395
1040306964
1037603817
1053155061
1030520431
1027023205
1017019315
1071035505
1023905360
1033054802
1040940759
1084472809
1024113573
1059839031
1033893312
1050661852
1028319660
1025898313
1094817834
1041950059
1059082558
1062741479
1013399842
1058952839
1012074966
1054828713
1048362423
1053782736
1034501381
1037205727
1028114029
1060463560
1030384515
1063280350
1043092626
1051687368
1073524498
1045660123
1033947147
1032064114
1041431613
1067271408
1034337987
1024623984
1050331637
1025307971
1027377305
1002590116
1030674423
1029377337
1089163172
1004485963
1045150397
1033827891
1119956999
1033519514
1015715910
1029014431
1029997987
1049692596
1030621410
1023198643
1028544656
1020517696
1074523878
1008988778
1051882145
1047799620
997064751
1017955187
1011569668
1013019728
1003290295
1003586474
991526695
1039789435
1013276561
1020891461
1013507852
1063171784
1025748354
999217425
1019748440
1010836695
1011004467
1029728138
1017513596
1013623575
1025541666
1005428037
1048690159
1054730537
1035876720
995795478
1028722982
1044045625
1011023447
1015746873
1056973890
1016552835
1026449672
1040409729
1023360422
1062126408
1033804381
1002174059
1069589850
1035074523
1060388870
1039919520
1018207289
1057550952
1048024573
1022200414
1004885308
1045431002
1077013351
1066822058
1008847265
1034764222
1021453314
1018023447
1006154055
1005564407
1029066144
1026961211
1036802876
1002517864
1012392534
1022083346
1054735870
1031943041
1040264225
1036384142
1012614448
1061456412
1027926931
1021832014
1036976685
1031276298
1068492721
1033918446
1049649347
1031040326
1077352781
1020852180
1001839305
1022078513
1038120204
1016113045
1041720420
1024685382
1045065240
1010434128
1075785294
1034666487
1023986983
1029828690
1063559154
1036908161
1034810281
1037350841
1021912227
1038707003
1049765496
1021551676
1026514462
1027115239
1000841915
1044177169
1034962628
1017382135
999628596
1011823166
1037672793
1035394011
1039004302
1006944546
1035079401
1028856634
1036527075
1054020568
1030802874
1041703079
1008829782
1036486875
1035035782
1060970017
1039844390
1009744380
1035836989
1041884143
1050444754
1036165775
1049121625
1100185394
1039276512
1018898098
1047345313
1057695320
1031722357
1056447753
1041895258
1078198051
1034623261
1039339093
1009422842
1013645963
1077808582
1053048256
1022866363
1046339624
1045377030
1037588231
1016083513
1033885809
1013735022
1013705700
995251199
1106628007
992423464
1022321955
1017907285
1026682205
1000918465
990636073
1049257630
1016582537
994656237
1030000826
1035301907
1023936860
1006887174
1040303072
1038015804
991841732
1022513448
1066602334
1045115208
1036799819
1031531584
1010118180
1013135316
999404375
1050541016
1014884028
1038651151
1024921748
1028579587
1020318276
1023327704
1037401954
1033215182
1052870529
1009417364
1070250773
1036635276
1038833313
1089528858
1036377828
1039553590
1003686127
1051713110
990814913
985163401
998803613
1068713860
1020739046
1025548897
1059070387
1042385166
1075136985
1031487211
1010223654
1067580280
1047652511
1030461365
1007402339
1060009413
1039661774
1027487063
1008676919
1047672190
1014151193
1036892492
1039273123
1022826498
1057206756
1002965392
1081049713
1027032935
1048279156
1024710988
1063829528
1032538818
1029926137
1011778053
1047599188
1010859117
1019966050
1011873005
1042324855
1034234555
1016427626
1028394536
1045445367
1045311388
1058825261
1049270848
1071052265
1040550519
1004656597
1014705372
1071051037
1005619609
995966896
1028959189
1024548775
1003302834
1000239374
1020453063
1073107074
1045466251
1010223107
1028128132
1000859810
1000656550
1045831721
1004099470
1025126003
1006285929
1015467892
1002010559
1009739251
1142457420
1013708320
1024493153
1027520486
997562833
1030365959
1031921259
1013723922
1054191157
1032901820
1068718532
1014194254
999879446
998366868
991261271
1050754245
1017361884
1031284148
984804087
1038216269
1028485568
1024584489
1013350015
1081686337
1080729139
1013930960
990242847
1042241196
1012049927
1032850834
991417861
1035262790
1022695138
1016130928
1031728601
1017775211
1080009428
1008602425
1035205474
987503921
1045319465
1035933349
984987896
1031413020
981055404
1009925057
1023079079
1019402790
997541822
1014643261
1025332423
1085157278
1008164191
1062981540
1065548278
1058982898
1020163663
1009520558
1044858437
1019246698
1050374049
1029158231
1068909938
1026399701
1030517331
1021565134
1009362715
1073460264
1038620299
1040357186
1028695529
1044251501
1028519594
1046357256
1024455259
1057242590
1015338888
1094662939
1053206995
1022015418
1006328147
1005876481
1028592482
1005185936
1002738445
1044224372
1034881772
1029522366
1046851189
1047581023
1030505544
1008092955
1040530205
1110593884
1040047694
1038719563
1036299835
1062245797
1016102716
1037552384
1040819487
999686394
1064604576
1059434776
1074649547
1037419669
1004705273
1001573406
994907086
1011341707
1044140188
1059571766
1014646153
1000279871
993909563
1039617994
1056927506
1044344224
1045235542
1029406463
1023171104
1067186420
1036164313
1012585214
1047550204
1023280369
1032234524
1043865070
1045420275
1044204593
1075034853
1037339171
1034929014
1010100378
1018500170
1037618933
1030272396
1039317615
1080469141
1043910684
1043983860
1018262067
1050997194
1046291107
1033046711
1018787975
1039554320
1026391956
1015050881
1082202944
1058152626
1003479890
1030605454
1028644626
994963511
1087017614
1017978798
974184460
998306169
1002999407
1026720811
1003695602
1037496039
1028495876
1073289571
1055998945
1062014743
1053899805
1052220091
1054675081
1028432935
1036170423
1012022284
1021308362
1017969537
1037305443
1026504103
1017053731
995913245
1007487009
1064339031
1070406154
988920221
1021988182
1028033221
1017454912
998653833
1024954803
1020107371
1050723563
1015428906
1071209984
1019619888
1046003242
1038874147
1053523788
1017077345
1037508136
1058868758
1009869465
1026705442
1055515979
1045236726
1043018070
1068764666
1070129911
1012827181
1045868578
1047578428
1043133276
1058113002
1028867194
1096401415
1035535210
1007352756
1029677916
1021297092
1027259436
1013740379
999418882
1032823755
998106712
1005470900
993372978
1037858571
1020710804
1035671545
1103886577
1018519169
1033143583
1096289905
1021226972
1022611192
1004344051
984381201
1014031629
1034315134
1011393076
1023748917
997218606
1031830877
1052869164
1041619869
1016450564
1041234342
1046082949
1018760428
1036571957
1019872836
1051549607
1061878789
1069337164
1002007464
1020042478
1023010729
1025653681
1016861227
1004196040
1000967460
1042544276
1017399413
989688297
996996620
998934799
1050753349
1029656009
1036362124
1012253081
1010241801
1035531146
1031350423
1065093457
1009594953
998186952
1013644673
1034365856
1014339862
1062719278
1006431619
1037668299
1052411810
1009218653
1024832549
1029055494
1065981279
1055957940
1024483536
1031619571
1043361746
1038254080
1043878261
1055648733
1054831491
1020888909
995612915
1020695503
1019148125
1000698942
988257208
1064691622
1063512076
1018348184
1034000882
1022947848
999749398
1039646607
1051429292
984223408
1016529282
1061284351
1053148347
1042220883
1027143052
1013076848
1008390386
1035408302
1002250886
1019462208
999856538
996257479
978663401
1059587547
1023317948
1014898202
1039065645
1017569681
1034780603
995491972
1096559127
1047515972
1040510976
1036929390
1038269426
1012162264
1031139676
1045549092
1067403556
1031480552
1041585426
1013082460
1026031152
1008636559
1023459040
1014607705
1046376954
1019929778
1087470136
1010995380
1001747640
1037132548
990485841
1029377931
1038062586
1019725382
1003254927
1034855103
1001633498
992592898
1028780951
1014288095
1043949359
1027930949
1060496565
1024099364
1034910143
1029810640
1040914452
1030711211
992660760
1030251243
1053955548
999195231
1031647675
1050717779
1004858600
998456430
1025538402
1026094861
1006523879
1009170565
1013313441
1068726265
1005687523
1003912863
1000610392
1006811813
1001003420
1021779170
1004884972
987151221
1018138974
1018481262
1056294852
1118314668
999235473
1001012628
1041689842
1003992480
1016200565
1002583095
1029858838
1033926543
1027222209
999552542
1005243269
1004764262
997024195
1063222190
1012823921
1163798742
1014648279
1018837148
1008617946
1006820289
1030149237
1052652686
1044446159
1055663940
1026431580
1030448417
1014810335
1020394360
1034722333
1041340676
1033352590
1042554214
1043060668
1011462526
989279409
1033597456
993242972
1015849704
1059968106
1039168128
1036055815
1029151109
1056469351
998084882
1029523937
1023074154
1040413163
1090385543
1019905360
1060651063
1063154903
1017029335
1030390704
1073494227
1011047142
1046214095
1009483981
1017781814
999652194
1045984791
1016508066
1022533713
1027538186
1011971361
997877352
1006835997
1041033538
1015166725
1026696519
982232315
1006130693
1017150653
1039939912
998877301
1002310278
1023850453
1040130827
1026410174
998904594
998667468
1054829412
1070577523
1048308525
1025521553
1059255954
1062112917
1008626751
1022013451
1085546236
1041984356
1025667524
1036662087
1026500231
1061780824
1056279474
1043546219
1039118804
1090522796
1034683407
1032366472
1005503530
1041825597
1075265090
1009096700
1058642400
1025781102
1042525671
1040217920
1013345613
1047138271
1023283053
1129793693
1043410349
1027077783
1020506667
1059295130
1012548396
1061511795
990749353
997177644
999361837
1021319183
1003825328
1013783756
1055861860
1010618877
1041117099
1054708569
1017470088
1040520750
1032541159
1079697185
1038389467
1039455960
1030674006
1050494344
1021688966
1063591492
1037306108
1035492026
1030063528
1040322146
1008852672
1029004030
1031230065
1064899764
1042232102
1029182754
1046883965
1034679785
1062791665
1032117776
1025187386
1057147471
1054292371
1013460768
1023241414
1012606385
1046920338
1016620286
1073365862
1040424071
1033853222
1032017242
1011928422
1019813137
1020389962
1067054980
1023750144
1078636888
1008095390
1022285167
1033645801
1051360461
1045129137
1037294067
1058595871
1056567384
1088140684
1022291502
1060680954
1022543315
1036544390
1055765590
1042675781
1035012788
1021146665
1026297283
1031327317
1038469703
1029468173
1030684233
1019070963
999636148
1013939199
1042223586
1014869530
1001275790
1026267044
1018189534
1025849722
1027162807
997449334
1046326253
1067506811
1026150670
997441207
990898873
1034304527
1014644374
1023888473
1035177000
1029306403
1063786068
1036481471
1057808351
1036984825
1035445469
1064243854
1027454355
1038654894
1029288910
1039831675
1060151045
1018142699
1047196849
1079177722
1066429280
1021766017
1043627266
1046905600
1026548716
1041659808
1130395480
1049476872
1031329732
1053256859
1028478266
1039335301
1051988199
1027051839
1021364231
1056892903
1052109566
1064729757
984577579
1056560810
1028973509
1032108988
1041908725
1028994982
1129887402
1037880045
1004413279
1072818361
1103803665
1053242957
1051293162
1008414647
1015731936
1053070494
1011557044
1057412591
1056853523
1032290446
1110388516
1049448229
1039937722
1042042501
1031296473
1032869234
1042535224
1025050139
1075861543
1023133227
1054597645
1079211665
1046002342
1051697236
1065001193
1036129689
1034574003
1070169830
1076557818
1039930419
1038099912
1027793083
1018438678
1033511514
1038463007
1066105214
1041387511
1024119349
1057316166
1046626517
1075631779
1014514451
1038211031
1037128370
1059929899
1066014523
1128416382
1063001067
1002117154
1074892364
1039613105
1036045744
1016959497
1044940704
1048605932
1043221471
1003991467
1013554514
1034473865
1027304048
1036632172
1000178174
1033396652
1041753069
1035115816
1061655032
1003618696
1097524705
1036448130
1014616751
1069480818
1035864653
1035225528
1080588863
1049759780
1040172846
1079490451
1040922631
1065855255
1097354331
1031024416
995586942
1053756887
1082243644
1051925455
1062973445
1046166927
1069241750
1037279307
1044053174
1033138578
1053835009
1034254199
1051493659
1084939880
1029615270
1043566164
1032366098
1038638631
1017652201
1063012068
1103684530
1056720134
1032795691
1043055005
1046019670
1037225150
1105035399
1031466278
1064749810
1020939645
1041568902
1077339682
1050732973
1072709751
1049972999
1034877943
1013936053
1036521196
1033832658
1047550519
1037135243
1068388019
1047681054
1055634323
1040289376
1014909033
1045569571
1029977669
1084776666
1049986354
1048747112
1023044423
1049748409
1049654438
1066039953
1029713266
1033441074
1003875066
1036623813
1031203791
1066801396
1032469657
1064741301
1047357979
1085488674
1006492370
1022616273
1017534426
1030781339
1054081773
1005165721
1013856366
1006952286
1012206235
1026987604
1033343130
1002841129
1024666791
1012517433
1011054351
989591396
988189934
1012810088
1025033041
1015932980
997020875
1006259795
1002255348
1022939679
1038003859
1008725864
1015260730
1026636748
1048019905
1039279330
1010585983
1029212109
1085719416
1012398584
1013455798
1034875564
1055919240
1041060148
1036806819
1031489326
992347884
1020582235
1027289749
1043226683
1026202781
1010701854
1000772256
1016378476
1001576862
1034007685
1018036100
1024788234
998795262
1008831852
1015651491
1020449571
1014933845
1008048966
1027375246
1002772365
1051294092
1024345474
1042642385
1022938362
1013614876
1010396815
1028414237
1023698168
1029380163
1003187120
1014149596
1008609165
1024740444
1034617476
1007308310
1024388870
1039904664
990413548
999806757
1024344993
1006612514
1036752398
1002833021
983883209
1023173722
1083756720
991820416
990116531
1026907869
1005337380
1038150867
1013348627
993901849
1052951252
1031968359
995232034
990151600
987192906
1024580513
1037078706
996486365
1000377986
1035952491
1017075761
1043363631
1018095041
998979624
980791734
1011508036
1016542564
1025290656
1007477016
1021212072
1046053793
1004256322
1054173190
1008698823
1012192238
1035516253
1049365033
1006926278
998718564
1014464036
991199970
1020258021
989496148
1073020902
1014810126
1025911855
1034588827
1065322897
982553671
991299306
1020212047
1035411791
1104991075
982473759
1067743401
1019929040
1013726884
1002973304
1034554656
1028792154
1024912453
1033903663
1012013185
1029178370
1031439643
1061650590
1003910415
1014194536
1027669604
1001371805
1020620248
1025061723
995399367
1033127036
1038649577
1006257867
1042124604
1005732572
1061002713
1038439623
1020573808
1015624394
986662595
1027612128
1019580214
1028638286
1022823475
1063196778
997610509
1026321126
1020825152
1039375230
1029690242
1016930438
1028086643
1035983962
1040328746
1026918821
1026578968
1015942843
1010521234
1063496051
1025519924
1008008918
1038403177
1034820757
1005999856
1013361267
982640362
1014043038
991384848
1022924977
1003635095
1029707797
1038157346
1021559130
1023364875
1022920330
1021485397
1008463147
1016255871
1077973413
1004413789
997384547
1025950960
1074826453
1049379182
1021613039
1008214508
984826232
1022370458
1023313203
1023984121
1029207176
1009596366
1025391890
1086341542
1026718046
1020841613
1034565668
1020710336
1036206800
1031259879
1000300980
1019092492
1061598386
1022153776
1002589913
994526768
1001977024
1008315265
1047198369
1024930364
1012961690
1025468322
1036254339
1019961959
1017416295
1010533209
1022008735
1018417912
994600701
1013643627
996227509
1006910610
991019350
1013822847
1011423417
1028629821
1009023699
983004191
1014289739
1028177638
1008934260
1015369504
1013273773
1020403552
1055935778
1007479623
997546929
1019345217
1008722978
995783210
1021654145
1022433343
1028574684
1004497665
1031285719
1015109525
996279481
1006304814
1008629327
1015619623
1050182748
1006191100
1004460787
1025940342
1026394902
1025884728
1019855453
1017018312
1041072641
986915857
1035839662
1030758018
1028302463
1003123803
996244918
1023359303
1037949481
1013839182
1018702538
1016922453
1044238967
1013760545
1025617248
994344877
1040516055
1024539972
1025469603
1005076124
1023750056
1009327273
1038513499
1034444393
1073531210
1019176835
1018226761
1012586631
1018470965
1022157568
1027558554
1030949982
1051602974
1012488691
1023746167
1014227949
1029871387
1031215748
1016743831
1008530002
972372628
1012690367
1017531041
1012766228
1011452214
1027233100
1042914508
999428991
1022613947
1016683843
1002507890
1027298036
1017462499
1006008946
1028759055
1027674485
1006869767
1005485040
984793120
1014613476
1016347119
1025936803
1052240422
1009560642
1032755926
1017766905
1013205508
1020969389
1027093335
1117336518
1020057566
1059886144
1017662962
998214566
1019848352
1007537303
1029056952
991310121
1018187317
1042168854
996299991
1012264193
1013765462
1068638837
1032485158
1000589224
1024517481
1027012415
1008356156
999155445
1015499145
1007850817
1003858685
1018294521
1047723981
1033430395
1016531624
1051483847
1040537506
1040743095
1016814015
1033654431
1013990810
1043596020
1051332925
1008563167
1018725184
1010630012
1024050391
1008367101
1006959918
1041703267
1018563949
1011117499
1011627825
1010218705
1066908348
1019818015
1014753574
1056781242
1014939608
1022622070
1022465299
1035351939
996323328
1019142569
1051320102
991344682
992289284
1022555372
1021983407
1047361060
1024786171
1003002663
1014558133
1029203910
1040058997
1014471326
1031097671
1002711713
1011600351
1018862620
986393467
1032090802
1009936905
1011340936
1006124144
1022140644
1014127260
1027648456
1009609954
1019782194
1022780375
994736804
1014306407
1015836703
1006912757
1029899594
1019696090
1018280245
1031257967
1018940843
996423217
984677882
1027146584
1022102788
1026021254
1017129365
1016386947
1043737383
1009864023
1036845924
1026521337
1022770995
1017498977
1053546575
1021074719
1027066274
991902432
991551918
1026882968
1001526982
1034248507
1016374276
994718234
1005763132
1001235020
1013381057
999956694
1009628093
1023071929
1009423419
1007094228
1030515139
1039778172
1006341081
996096899
1044805520
1034124964
1043185053
1039083425
997059433
1024468676
1041273247
1032604527
1003870111
1036481567
1041159696
1013825336
1017965769
992335803
1021576257
987903288
1062544289
1038521966
1002243973
1044535986
995769819
1015634456
1034181138
1006351932
1002052443
1017934381
1086381778
1011019225
1040317125
1025608808
1022318547
1008791588
1028147517
1017403368
1005871970
1036486176
1035993757
1050223163
1032900673
987781321
1008611606
1013282061
1042866966
1007243759
1065321824
1057368651
1035301885
1021216481
1013740698
1004122388
1015072114
1039185354
1049203195
1050745801
1032996731
1015725098
995885272
997931627
1041816732
1025080698
990683238
1016117383
1014376625
1063497180
1003228066
1002268230
1021977446
1021367598
1035299459
1003670558
1001901455
1017054888
1028696025
1002276300
1004180612
1026158392
1035990648
1014872307
1047984621
1050590254
1083753065
995305289
1020397832
1002095557
1047474438
1007237313
1045682407
1008721539
1021732072
1008394422
1005592661
1046940470
1030874559
1030713860
1004640103
1002376452
1058618025
1018562592
1050407563
1022535208
1018649042
1017446475
1039713408
1046083306
981543895
1019293647
1007759550
995950036
1037673891
1035086726
1015590470
1046816152
1023025389
1023332331
1013422615
1026684698
1015157939
1006883720
1011161848
1093685616
993497543
1026101032
983953117
1046531418
1020636184
1023693655
998958196
1032845286
1015059187
1010228901
1048537318
1022997485
1001096434
1033067700
1053481607
1013772654
1010990510
990305282
1036809884
1020360038
1054432630
1056351925
1008970804
1022006855
980402056
1000431097
1026387631
1124241580
994908844
1013073359
993070123
1040470659
1048610613
979737385
1026625985
1023014659
1035021344
1011523708
1124595808
1056785463
1004616705
1028778080
999799263
1041069046
999973936
984607337
1017495670
1071685751
990894014
1037547542
996885680
1041242396
1009522837
1005554307
1014801103
1020435973
1020879301
1040409033
1016351876
1037065885
1052576889
1014457865
1015082852
1008530249
1022368298
1005253890
1007934109
1006956651
1055087342
999422250
1000075239
1048685557
1005426595
1025553944
1015462374
1014339517
1028645085
1017303029
1014243319
1056093487
1028545919
1048647149
1064044194
1019008296
1012811072
1054699973
1011158390
1053390882
1000490264
1014973413
1027295330
1071682805
1050146259
1003673939
1015252423
1006968929
989383326
998990384
1000843321
1005502060
1029333753
1013845417
1038135268
1073864523
1022278779
1067357378
1024569684
1028845809
1022070285
1007589737
1045859572
1013853859
1032958151
1028172023
1048471982
1016477904
1052774839
996379913
1022637968
1026720262
1039957847
993075208
1010427144
1014236969
1059062568
1018053958
1021563775
1013904372
1016455184
1012610363
1019489753
1049134701
1015094440
1020620851
1046019155
1030406677
1073648641
1034654059
999901419
989364340
1016440889
1006371433
1010373941
1038166051
999734991
1048140833
1064674175
997573708
1026876964
1027391691
1042774490
993652616
1031285533
1014800349
1013647549
1065315720
1026051403
1050641141
1055984075
984261544
989651566
1018546471
1000748775
998785565
1066536232
1008360181
1047421451
1003588890
1004462879
1039084147
1028325946
1046084214
1045064225
1040101265
1048187559
1028967311
1005220761
1015925535
1036204778
1055657331
1027608680
1067548769
1046712851
1088238893
1084476684
997179132
1032544438
1029935436
994113581
1042442932
991281747
994828209
1075828322
1057779628
1034193914
1073866043
1118497359
1090026245
1076635101
1081958372
1096810490
1041804634
1026045944
1001518339
1084400133
1021429421
997344934
1028828980
1058558615
1018603565
1037696024
1063125004
1017653144
997058766
993660086
1032152206
1000046953
1026285392
1026441806
993943909
1019016686
1042797509
1021505322
1032157092
1007288656
1042880696
1012347316
1014108059
1021562706
1025942559
1026873965
989877920
1042757389
992098130
1019907005
1025466238
1023882900
1019773785
1108441958
1033450594
1015848663
999926431
1010031068
1035221066
990856434
1008884416
1045203511
1013166528
994084236
1028904092
1018290665
987386608
1036802025
1042987645
1016740856
1046318338
1028163874
1000593250
1024249195
1037841306
1018673359
1048496379
987558836
1048797834
1067768905
998907930
984595041
1044802624
1084900331
1034167518
1026102946
1004415820
1015306429
1032147844
1044665605
1065695785
1016091450
1009537796
1019199914
1008022293
1014141577
1014941940
1014010894
1042845707
1037528455
1022222719
1020204604
1058261590
1100289424
992787733
995807048
996942731
1057869453
1032287984
1020332353
1074533687
1003379296
1022077440
997610242
1015011722
1022182822
1031176272
1032695321
1000364954
1031748654
1012099902
1008223406
1025799860
1017126194
1051870618
1038908790
1037095402
1047840439
1047495483
1008786656
1019447018
1009916078
1015388694
1026124900
1057593234
1014817594
1010681634
1037000699
1002237225
1014061864
1028611194
1031278016
1041333654
1014548692
1001541181
1031633851
1035985595
1033847239
1006361361
1044571404
1057563866
993216250
1039987125
1024875866
1039245926
1056765151
1080022414
1036973718
1037072647
1035094629
1058708589
1032237469
1025396543
1041933068
1009959826
1080397975
1024208605
1045217913
1028730612
1005705847
1022244129
1056206471
1051771683
994274551
1018118511
1033947917
1063416811
1062310364
1046140988
1036137900
1032823821
993513076
1026350529
1052827241
1027736419
997468469
1015963044
1022026238
1047913624
1046523988
999717128
1027507407
1014341090
1048221950
1034716034
1049294202
1046220630
998078714
1028540610
1033924021
1050149714
1026265102
1043520322
1019376262
1024334445
1018372455
1024501505
1079763265
1038171538
1035127041
1042427306
1048179122
1026329937
1023974812
1039404529
1005136445
1021101477
1024687635
1048248631
1030726128
1014469287
1074833939
1051269378
1035925822
1040882008
1031817951
1012762533
1101828873
1097997353
1027704046
1077146619
1110933998
1040265209
1066446831
1029255058
1093806508
1023398351
1054841845
1049943362
1045239850
1028430757
1045800355
1027943838
994814613
1023978811
1031395758
1039124461
1003677961
1032460921
1029603754
1037626886
1033670498
1093096003
1022254870
998182175
1051242947
1015977853
1044948900
994853870
1055775954
1011268482
1082302720
988877692
1005965514
983756661
1014488073
992811843
1033098684
1010994625
1023160214
1020192047
1014926982
1012932191
1023325341
1035189068
1002352536
1007015180
1016747145
1038904887
1019018726
1014832717
1016282293
1041961281
1038461299
1080344844
1010907292
1011759271
1059222972
1116557312
1048500986
1033938694
1032243333
1026695366
987279901
1081124024
1061247337
1006441270
1024112542
987591121
1017839349
991864546
996097437
979030633
1034816509
1017944363
1033335885
1029692228
1019995468
1007103375
998042295
1038488212
1000716452
1025254628
1006652662
983200131
1003711891
1011177490
1018629941
1010090969
1001971611
1032991248
1046476025
1017881905
1048617860
1020243966
1002969579
1007541974
1002188800
1029719798
1005819431
1000083316
1014497221
1023636712
999168707
1030220881
1006287364
1033319230
1017173894
1008929028
991795236
1016338277
1023657281
1015854238
1021225977
1032642699
987687906
1016419830
989430517
1000688931
1030899992
994287376
992659000
1058935308
1037912663
994848056
1006631966
1033966396
1046966203
1021959049
986635842
1031975345
1022719020
992718501
1017885265
993863471
1022491163
1038567791
1041459611
1015997514
1002243783
1009192864
1030123915
987448287
1044930610
1015505069
1020720944
1002346197
1009914728
991356524
1031971303
1009736551
1062961371
1022392008
1052205560
993918747
1002238058
987250007
1031089509
1054642020
1021663891
1024207761
1039089695
1057236717
1065888755
1064451856
1022511204
1029755323
1028167058
1103903105
1047992579
1029796015
1044161248
1025046559
1049892856
1069382954
1036697254
1055557510
1029217358
1072461551
1030916853
1031814221
1024673084
1013490324
1042351997
998231587
1046004551
1016067485
1015407383
1082359032
1031215944
1023485958
1056990833
1030987530
1034336897
1070168513
1078403413
1033428043
1057921518
1035761928
1007689918
1064128086
1021824137
1027928132
1040358796
1017019641
1010825517
1072832438
1046297810
1035466613
996440045
1010614234
1037312822
986698694
999476939
1021899512
982566099
1018983460
1017155759
991164157
1008540343
1028556842
1050294922
1018330710
1008681752
1026369868
1011655538
1092684230
1013232953
1007827778
1006718053
1018835069
1038456298
1060979659
1071193034
1024569037
1023411013
1003728762
1080318421
1037068207
1030576488
1033508533
1020619719
1031560761
1111149790
1054206818
1048531943
1038888990
1024110612
1043207430
1045151968
1030253623
1038402367
1015655728
1039368584
1044665227
1038641592
1034911764
988512405
1017927470
1071800035
1029824294
1020344889
991930943
1056700359
1004963765
1015621032
1013779036
1018117960
1021733285
1032056211
1059404938
993039929
1034034462
1026237815
1040961239
1066998751
1052148919
1040218660
1067761320
1042698164
1041945017
1059755715
1033029572
1037614503
1014191871
1013819377
1025461854
1035074788
1028354401
1022960965
1013023697
1035519885
1013072101
1036501793
1021407255
1026593683
1048324407
1032811062
1047382276
1019523411
1040340575
1037321103
1016245850
1066281404
1031498195
1052916898
1031676301
1032928007
1035879467
1043378479
1045699503
1077929428
1032776892
1004816280
1033042962
1024333907
1043406291
1065510894
1061676768
1037344599
1031400302
1030788733
1014162539
1045785327
1077072916
1017549956
1033038041
1042863541
1043311262
1011089550
1044292197
1037014911
1084084782
1071618852
1040487226
1065747539
1046179544
1062361903
1035162649
1020507256
1034178024
1034290035
1080237983
1076563458
1039825002
1054330647
1031816295
1022827402
1028896428
1028254108
1017242512
1035775065
997589828
1056174143
1045799022
1043166021
1032052482
1015010224
1060821367
1087776572
1010240422
1040283520
1043745480
1012292800
1015506841
1117019986
1047593177
1032696269
1023814340
1019928967
1030121409
1024660505
1030208583
1013493720
1005869581
1015106637
1023863144
1022023978
1003893126
980071657
1074860078
1016365477
1018565697
1057809401
1029775038
1035238955
1029208156
1058949505
1081367640
1020618447
1047146259
1037800056
1037796348
1032627629
1030175068
1015690197
1045472407
1010647665
1043460515
1047518223
1060320937
1043065880
1048530750
1040870473
1019311426
1019068949
1008469615
1036794671
1090407489
1022014142
1021333797
1033912944
1036845659
1044532368
1043941832
1023234424
1014618814
1024310925
1025723173
1020095522
1020013633
1008170772
990229204
1026657954
1025937671
1012709399
1053977937
1027753804
1044078059
1081605865
1021771963
1020133991
1085317489
1045789016
1022902751
1059956451
1027383017
1044194316
1095114375
1006447981
1074062011
1030765500
1029380273
1026561952
1031284055
1052441822
1039083899
1076712742
1045993137
1053794841
1035333571
1073640275
1036838316
1050607228
1016094858
1042988938
1025810235
1029812156
1040364159
1007132629
1029640700
1012885360
996174331
1047912651
1025308012
1025972271
1070982071
1027027835
1040608955
983328231
1025317170
1003367629
1045116010
1011443969
1083563159
1030870071
1057781937
1024757418
1038434700
1023007181
1013835326
1044770104
1030610143
1057287628
1059727082
1028152462
1016085437
1025523726
1005355376
1045398939
1027966479
1052147159
1014046408
1040473562
1052003507
1059747415
1054881950
1005991987
1081292673
998910625
1001078957
1024556459
1015453367
1024439109
1046245883
1004610692
1037294505
1011328609
1050089672
1000134980
993437337
1033674872
1017379772
1003294431
1012648009
1058906328
1026843366
1011244271
1050087372
990831560
1029679935
999326950
1031393834
1035418800
1004812828
1043301708
1031867235
1003077547
1044041400
1046028193
1012528576
1032838750
1010946487
1013722750
1099734292
1066196755
1018369871
982088306
1004325254
1004948009
1064694843
1031716370
1030224248
1045116456
1059904109
1017486747
1012388666
1015649941
1033362730
1063076358
1060380425
1020636204
1019330812
1059117756
1049201886
1008248904
1030873737
1055889065
1044619087
1083627488
1046179852
1058496216
1035214295
1065114724
1065417318
1052094727
1033106747
1025258701
1009589453
1046463233
1018423429
1049002891
1020960822
1060659688
1006244490
1018401623
1040310280
1029150563
1058104182
1017766177
1077564150
1023070431
1017644021
1010994377
1068157732
1029927229
1038041499
1028894952
1035198032
1030048171
1030766407
1045116098
1072616138
1028698586
1061721821
1043118158
1039468027
1034196682
1045218129
1024273986
1032336104
1071765376
1051730162
1066857116
1013768362
1026604108
1025031890
1043419903
1010869670
1020041112
1015579444
1033458131
1060894563
1000247434
1004063941
1010023567
990674795
1034633929
1025986079
996077326
1030430440
1006469849
1073090778
1000588144
1025375869
1021021724
1007427693
1010955089
1032612421
987024454
1033345402
1058853278
994692318
999662404
981564708
1013577861
1006248682
1082357073
1041942934
1031957757
1067019820
1055192520
1042270306
1039847148
1038150586
1039581122
1027202594
1038965442
1053044507
1022773930
1030782080
1012736869
1024463859
988091649
1013498743
1008004912
1002707575
1005450756
1014541603
1009857638
1024914010
1070568507
985212311
1011299700
1048240071
1023564871
1015649936
1060007536
1072180729
1011136641
1034315733
1043947703
1030918119
1030153534
1073845841
1044635326
1024523609
1012486334
1019264936
1025816205
1042721867
1008418935
1045602887
1059070990
1026933611
1034334768
989714302
1047852064
1028761057
1043535627
1092119384
1025048023
1021195022
1029563528
1044939113
1030085929
1005610866
1031983423
1063457520
1030994152
1083920644
1090159261
1006691314
1037265309
1025362231
1028232730
987231007
1009359846
1021012334
997390768
1033095845
1044389886
1018086854
1021175810
1062381105
1073586513
1023048836
1022150100
1036619568
1025368990
1059466850
1033759255
1027233504
1057542297
1021032044
1028476811
1039096691
999972567
1123985346
1033801205
1033290338
1044109362
1065365996
1026334443
1047140028
1047710982
1042399866
1025615726
1030770871
1042130757
1027022538
1032686110
1049073610
1040354340
1079003399
1033026068
1025884621
1076709934
1032125778
1059672880
1033894858
1047586238
1034584479
987983190
1034208945
1030346601
1030261753
1053348773
1063675331
1045536840
1046557844
1020319046
1041826350
1019626919
1028569117
1079955860
1064439108
1042445210
1006411524
998879922
1013970537
1003105084
1009056034
1001570942
1028438529
1010916579
1068078706
1023392592
1033783912
1033796085
1037683329
1035035012
1075591800
1043796320
1010927825
1018854543
1094815589
992400347
1003706624
1030049107
1041003752
1026693386
1045172021
1002668464
1067707886
1043160166
1032405609
1021140433
1009658783
1043927246
1032156088
1001218697
1060314474
1022931813
1062292356
996356742
1035577031
1009928979
1058998338
1031771652
1037108021
1039351570
1017162722
994012926
1008225692
1046468630
1014453142
1029194450
1024319610
1008231642
1052990477
1015598879
1046015387
1046776446
1023666385
1103365379
1012221975
1055704852
1032106286
1052068257
983459454
1059186171
1057843331
1039315324
1050417344
1047937290
1060879058
1045217281
1018788849
1006311682
1044630370
1022797587
1031566576
1080654327
1045067853
1051756498
1012655147
1006020403
1001575120
1017670355
1009636065
1021295924
1028394655
1031831368
1086593955
1005045555
998248519
1002466316
1011981407
1023977444
1036324097
1019149736
1026664217
1015736483
994976187
1026471928
1027440836
1018872497
1046132631
1036442175
1029575432
1055907837
1034492703
1030384634
1042573929
1047755564
1001689545
1060226348
1100916483
1031046501
1026256434
1048768073
1024445107
1053779100
1062362849
1040491610
1082979220
1014362297
991393539
1029523857
1024028780
1018202797
1018292195
999375825
1022433875
1017752814
1039459774
1012272439
1073892947
1011663861
1013503556
1029326588
1046736952
1045024564
1066309617
1037363805
1042429782
1060467867
1080500094
1008601047
1076956195
1037131511
1029320778
1047586011
1033625819
1050378923
1061188205
1058272316
1069762591
1029678605
1034376554
1040957008
1061676469
1009012952
1001884689
1004803587
1001047535
1038811552
1011744810
1027798926
1087330860
1076164143
1077126475
1037530863
1038094076
1004921265
986775422
1013596147
1015138849
1014808738
1078876013
1036910700
1046193705
1025044691
1018520596
1028622577
1019388769
1013050511
1011379715
1012326689
997734324
1026376393
1012371096
1020869450
1007040795
1020111701
999911161
1038946779
1073875948
1011849717
1030708546
1019440253
1027228828
1019307738
997848055
985283273
1024635872
1072059568
1069510802
1048868443
1038756095
1045571461
1010036542
998093511
987922653
1029795444
1032338704
1051776121
1053185741
1032673725
1021349868
1020118669
1016566124
1018474612
1013576667
990294880
1024089078
1059404747
998699339
1011770542
984375290
1024225801
999050192
1022907243
1008302840
1069631814
1030106824
1018799797
1043717703
1055065784
1037270537
1048021203
1032762188
1040820029
1042098134
1005079658
1021571706
1012567707
1032869439
1031719049
1041298693
1005983763
1066385215
1066543187
1031859743
1048773471
1044623041
1057017076
1032965290
1036994508
1006412277
1062989914
1039341091
1009391846
1024306161
992960089
1015173375
1045452575
1039457615
1024112829
1028438303
1046653478
1039097722
1077852303
1054318634
1056628013
1059405646
991774435
1045587044
1090485003
1040523466
1025615253
1026683747
1041199279
1020544766
1048612956
1024998476
1039819054
1019425279
1023248648
1039619312
1008204993
1046896364
1032044661
1026127774
1071323972
1051335739
1024906059
1037657979
1093304419
1013691688
1032687812
1068775405
1053650664
1050858661
1048349067
1016619450
1029722538
1010195236
1040476698
1008695496
1114267306
1023999200
1044733379
1059751249
1046114622
1086818303
1011604597
1050137870
1024797358
1033981540
1000521992
1046731506
1003429146
1028890303
1033010057
1035925828
1052616029
1031407172
1006082583
1018517556
1009785166
1000004418
1008698571
1006978544
994631514
1022795405
1019817756
1014392924
1031110266
988427037
1013176470
1093642822
1007495625
1007300517
1050845021
1056513069
1079314123
1037236807
1044159336
1019584847
1048660934
1056471605
1019532538
1054985571
1049396056
1035716407
1017740985
1012884383
1061958917
994709248
999072444
1020751176
990106486
1039112179
1022764083
1034777868
1022697699
1039406599
1036011933
1016568653
1056688263
1048934285
1066872905
1040739123
1068351930
1063601240
1060809214
1055275216
1013849961
1030089212
1018040851
1058908431
1053647434
1130992929
1024686577
1044476381
1067433088
1013719898
1083076378
1071352447
1026058632
1008106529
1010235989
1021955741
1029128725
1025243198
1046664510
1069272340
1034898584
1058084858
1097902517
1046893314
1038393685
1039894993
1036713703
1025392338
1095718690
1040994343
1038565963
1035995471
1006987464
1081921271
1034113181
1033912984
1054418711
1093617077
1045132497
1120709069
1041520551
1098305144
1036433705
1049174271
1042198452
1079496883
1029264763
1016535576
1047862570
1015957784
1050778688
1030937554
1029374980
1172683622
1022681726
997638848
1009526639
1015503042
1011790191
1011438820
1008403370
1027654908
1050755651
1026092134
1003871180
1016794102
1018761095
1034280403
1024159809
1037717096
1036706068
1034056194
1009685824
1030033874
1034209170
1008538218
1037082004
1018359726
987188551
1008997727
1025740310
1002072344
1034851164
1046797407
1023230151
1016139049
993187390
1035649103
1065083740
1014544737
1001976071
995714051
1007091952
1020424850
1031297654
1040291744
993345319
1016264670
1054322086
1040540564
1597560917
1034659837
1058379648
1046127556
1028450685
1007006390
1046100318
1024709542
995867839
982631086
1030243368
1004438445
1044879584
1070132971
1010941187
1013594894
1056758912
1053335982
1022560630
1046538192
1064953878
1050550488
1018149143
1037707902
1042592009
1060746268
1043993295
1039967839
1053200032
1022108218
1045125188
1041094864
1040235769
1023552519
1054112877
996938251
1039839486
1022951093
1006033063
1023414777
1019782785
1000823130
1008916756
1007282110
1055111013
1056266584
1047370003
1010270853
1024173206
1020598747
997066553
993736546
1003664950
1085752095
1034585187
1023509571
1058208485
1028005013
1003717475
1077063077
1029862626
990750448
1005807864
1035339771
1020188277
989904294
1026317001
1028690590
1017758267
1039414514
1010766056
1037389690
1002461868
1018509312
1028705248
1014758211
990903113
1029774245
1015487620
1035007980
1051188785
1030794886
1024621664
1008171292
1000433378
995486323
1009494115
1012421128
1024225394
1021845131
1042800973
1024842818
1022840603
996726818
1020296752
1016015919
1014209413
1019114728
1034965376
1008811414
1025420368
1015710729
1029347294
1025490478
1027880984
1056353228
1065260428
1022667192
983060916
1020482675
1060573870
1013449554
1007280710
1006115814
1012178358
1015033442
1047331522
987017246
1068562371
1021353451
1002884404
1046490693
1076541951
1017558954
1016157780
1010119438
1015268709
1016614983
994503198
1029695528
1013293922
1025587131
1108772777
1000533508
1001716575
1052134289
1015308625
1009130392
1070702338
1042669986
1002401522
1009850498
1018627655
1015857334
1015926175
1003928452
1050685190
1005952665
1017228488
1019157063
1009653403
1020414300
1031678622
998061256
1058338398
1014477257
1030267881
1026103371
1024906595
1010287204
1030031395
1069178894
996634604
1039267414
1013063801
1046947072
1019210127
1014298022
1023777027
1008381152
1015892533
1050623367
1053495870
1031151275
1073627949
1039592710
1055508042
1013723221
1027591216
1009227076
990841555
1013037289
1002418179
1043480090
1086664161
1036662536
1018119728
994120612
1017504079
1029243963
1004302895
1036021575
1018852060
1007036106
1001723037
995361932
1022721116
1048696286
1001223532
1016305365
1004591357
1070394740
1005952310
1046599056
1023757417
1044257244
1069096927
1008741557
1017654116
1031600084
1035938202
995862949
1005409093
1021064799
1046756372
1036676180
1006932795
1044386051
1028801901
1022013896
998975814
1016527122
1022276428
986558318
1016730728
1030910806
1052119042
997909369
1057638687
1029914181
1013290316
1032590814
1001127602
1019560486
990697051
1006221494
1002597352
1086225064
1018857677
1007208559
1003080242
1006994718
996953655
1002174564
1037733483
1013389456
1042936137
1017414760
1008662017
1013639639
1024048603
1039848682
1040107569
1050471253
1019197731
1007554210
1001593629
1039068608
1010109863
1028002335
1020975660
1036370814
1006107608
1025664117
985034256
1054775856
1003658881
1008307560
1074865861
1023072458
1022886585
1064680210
1048429922
1042785622
1058741974
1038269583
1055051698
1078157136
1060271300
1012042736
1063083819
1050132380
1027106442
1018101315
1005666039
1025770679
1025336369
1039858850
1032522502
1057665455
1016003425
1039525895
1056460908
1061618432
1044975246
1026535158
1010256926
1034754828
1012882054
1079006875
1059739899
1040415595
1045034858
1044133171
1040352928
1034194979
1086068227
1031285846
1040143979
1054047905
1071304922
1031870042
1043011660
1041543581
1038115055
1065621539
1016925313
1005127456
979344833
1047552053
1059385975
1053806121
1010796359
1005450621
1028894458
1052305411
1012617422
1028414618
1000581903
1031137438
1002940975
1032572318
1019469042
1024825069
1006534258
1009831628
1031163353
1090890324
1027914567
1039561780
1025352018
1037915951
1031533887
1044739621
1051518458
1058066705
1050104814
1083610827
1064941642
1012464524
1021875108
1042673903
1041541549
1068586849
1030931962
1046650929
1049723157
1081043212
1032205496
1013997888
1067230970
1044935091
1044773813
1075154328
1025062527
1025063780
1033357425
1020028672
1058415898
1040782052
1049220970
1078133720
1025199382
1052758775
1099166362
1059307052
1046084235
1028550717
1032362378
1054404793
1032833409
1019283664
1052216122
1049820338
1030835556
1021254203
1015068004
1041748792
1009601960
1043215186
1077893567
1062416227
1038435829
1052179207
1048069265
1032054982
1052097076
1007367036
1013484142
1030855414
1031572540
1020296180
985781288
1013889791
1016548854
1027568170
1065619204
1008523715
1066830797
1014402610
1012308165
1049589402
1031983255
996092927
1041001498
1005156876
1019713330
1031941562
992223466
1004790726
1020549652
1008935783
1016839089
1011135313
1013965782
1021920712
1023047063
1005558321
1042355136
1031258893
1006756464
1031614448
1018247125
1025091963
1044561271
1129589328
991959910
1007326819
1043139665
1035125007
1033424236
1044087370
1013765378
1012631304
1026163388
1040795614
1080154533
1024183505
1002959600
1008113222
1003357971
1003716723
1020788110
1148822334
979178830
1028909148
1000152672
1020187134
1033465024
1086951577
1063597978
1033944093
1018831263
1040312785
1020663640
1024297263
1020409976
1014014257
1050695868
1010615482
1009669944
1025739082
1014503959
1038214049
1032616170
1042368162
1000976389
1050472474
1045235954
1076804505
1024942838
1039123175
993822228
1025603103
1026050280
1019073042
1006544514
1066935076
1047779243
1019964151
1047693902
1067231533
988570263
989722742
996586717
1028648808
1012127886
1016890282
1028960465
982002514
1016368218
1040353723
1007192399
1029711954
1020427692
997023547
1046325132
1042447080
997629266
1029050188
1020872585
1022418846
1030880464
1027834041
1046467677
1040365647
1032498017
1003377562
1035661357
1018824707
1020304909
1020791706
1058706795
1034580176
1068370926
1035963473
1031018187
1074150342
1060501423
1029506045
1062326083
1009550280
1052547538
1028705278
1044057280
1035507874
1041633544
1030551528
1033314690
1054143869
1006658357
1036015801
987186920
1017377059
987265862
1023629376
1020483449
1043981184
1144485321
1016276539
1019387923
1011971842
1046535808
1048238200
1131027822
1043515716
1110412018
1034555068
1021793403
1121702260
1011058007
1035621217
1031020299
1016460863
1034395866
1006182983
1006727747
1012508147
982866677
1025554430
1034044777
1029007927
1050437430
1043441517
1081629634
999381974
1027119661
1009729075
995102192
1048191381
1025252266
1031240823
1047964238
1039942426
1006516494
1053028980
1003038657
1020115423
1033728765
1035462388
1031211585
1038921254
1104418004
1018627314
1036898902
1029031395
1083781647
1036712515
1023707094
1035733124
1069506384
1016135975
1028251009
1009652218
1014373371
996881664
1015356660
1024913771
992485418
996482755
1057014933
1032089728
992246423
1036681476
1030346797
1013164167
1014465705
1082193253
1028350782
1068192321
1071045165
1039005966
1039061924
1043330500
1050522534
1023330539
1038844769
1016141310
1007183480
1003529148
1017281052
1030552171
1067136619
1069293441
1008836264
1022093945
1017264803
1019904796
1022038314
1000851762
1018428416
999738651
1024020822
1027543186
1021199265
1023655601
1035996559
1002613247
1026128436
1008738955
999827759
1020203167
990907405
1015132369
985942525
998569268
1012804573
1030117266
1052065614
1034818873
1025486705
999026611
1014138491
1008034970
1002681528
1001736569
1015064078
1006348578
1046909540
1010731961
1019011763
1030781237
1057469440
1022183156
1023017449
1060586862
1051065504
980631161
1046296707
1058389445
1042278565
1005047552
1029519798
1009928730
990682407
1013555543
993911761
1062898942
1041089328
1035832143
1022421610
1024113267
990687990
1036565257
1021216401
1058774395
1008504970
1015035772
1058910314
1025856539
1019881550
1034868299
1028171533
1041663022
1054966699
1053068768
1012703326
1080889593
1021391086
1057323065
1030239008
1051877551
1034220901
1060842232
1048296506
1049833267
1025352026
1026875035
1018228639
1035393094
1031836978
1015368674
1040997418
1025378068
1030825650
1050585059
1060644521
1031822964
1047692266
1045074203
1027970949
1036891374
1038912460
1013241387
1017537912
1025090718
1041275501
1018654898
1000959662
1012762408
1005701302
987046464
1034424952
1061161176
1005839047
1023489077
1025031548
1010938006
997005302
1046861460
1044698304
1030759928
1052892212
1006470345
1008193565
1011299233
1002574471
1007988419
1033494761
1009404535
1047439898
1029958503
1020044485
998168160
1044015395
1058880228
1024505605
990163419
1044861149
1062661542
1060381750
1053205122
1039896165
997974651
1037535235
1040462240
1061723212
1032064709
1016808838
1033901628
1027595081
1029577961
1020775489
1054221582
1085423790
1051278152
1058461359
1035646618
1021404385
1030531560
1049067521
1016283712
1023463147
1084396602
1019306023
1040760181
1053296065
1088009603
1010167411
1046753296
1076182025
1058598103
1076634187
1038225929
997741796
1080095603
1068166979
1041997132
1021348855
1039163131
1052456323
1028268818
1022840188
1028201721
1050058971
1046989647
1048066961
1058915426
1041473857
1032388716
1045160460
1035275219
1041256319
1035479480
1059597077
1044882991
1050411882
1034151033
1067407310
1031137835
1009902314
1024891027
1042648601
1051554926
1055673566
1053075308
1038616742
1054313986
1019583968
1034903648
1055138371
1057319441
1074089305
1045157933
1035119963
1034988740
1046328759
1052440786
1026560561
1060255831
1017034749
1030775799
1062998015
1069606218
1059440362
1032046661
1017043671
1047404785
1004464211
1030717994
1024954665
1031706384
1021643303
1048680098
1016933774
1044366580
1063678406
1031195883
1024576992
1067938672
1077379918
1050362362
1067927695
1007878798
1017870637
1060622492
1040382848
1043914850
1041598983
1016608782
1048725251
1051667619
1037680605
1053897704
1064059105
1063062578
1057074748
1075741621
1014510982
1032564537
1061954403
1013737918
1052567609
1047624019
1019349042
1002112914
1053200504
1050099055
1063058130
1097679293
1093435385
1115094356
1079094658
1055008298
1012056048
1077341505
1023115857
1068728243
1077153863
1057711915
1056430240
993957634
1041233893
1041693828
1071974310
1037321265
1067214104
1067392091
1012391754
1055486238
1038828208
1051190256
1000167442
1039396109
1060543167
1082522058
1042100166
1064138034
1021602066
1005711026
1002019628
1004114601
1014387686
1020526006
1045262885
1028712328
1012032302
1140445743
1024271830
1056903384
1030704081
1075810962
1063769145
1028590531
1044039391
1035428085
1045799430
1110851213
1052264429
1075113722
1012530134
1012373950
1036413676
1026074456
1026029299
1055955241
1036877326
1027135007
1051841812
1032479207
1064908089
1045701877
1057049368
1091556600
1029299308
1102589683
1066194245
1040673681
1048246034
1023290599
1029121324
1037852651
1036101446
1119381687
1011992320
1073125944
1051963608
1083939727
1058531186
1008123109
1013913663
1038789777
1030999557
1074838614
1029398114
993486081
1043317108
1032101079
1054741747
1084480467
1078662984
1057368282
1070548524
1050168716
1045223532
1058260399
1047212718
1038128719
1066242488
1033611726
1041311801
1048821036
1036525281
1098511859
1084517560
1049737274
1063484623
1048511071
1050289026
1037762277
1056900546
1024552981
1083025049
1046917080
1119314892
1055825504
1029042818
1024679868
1051132546
1014284971
1060230429
1023533625
1027204329
1027688151
1043517163
1039375667
1036584351
1063360953
1017387682
1026157983
1031791259
1046099074
1054128520
1028163203
1057201817
1026721198
1022688060
1012549662
1002764085
1045586976
1050418935
1029808993
1034570133
1016397074
1039466446
1039294908
1017221160
1051629022
1051560608
1042445518
993074934
1044826436
1067182381
1053856142
1027143706
1050198731
1058954567
1025640784
1048910853
1004342572
1041510558
1056875049
1007648430
1008702802
1060634134
1002438980
1009358010
1071501323
1046916964
1017449814
1033642622
1043883341
1011694719
1011972210
1026977767
1058365069
1051234098
999936766
1004447814
1012660603
1003603623
1010653889
1025227594
1002827654
1002878292
1016777555
1074780967
1020848851
1035006953
988980052
1025951460
1004238001
1042585610
1021006523
1016456918
1033579034
1022590152
990868595
1012218585
1033983288
1011292670
1025257892
1043098930
1021704036
1021000392
999950419
1006296590
1080053102
1008856717
1032411226
1004995080
1001515215
1008540965
1010272249
1008303131
1020003534
1001448271
1016152267
1051986971
1028225435
1039915701
1004029213
1009005545
1011244071
1027517731
1021077432
1020678698
1053643835
1048191007
1027120310
1039139159
1030008272
1033747307
1038135112
1013821252
1083116487
1016538359
1055101866
1028582617
1024045846
1043242366
1050303192
1032056463
1026629250
1052265111
1070170383
1031848288
1023306464
1015005796
1035294785
1037910276
1006264613
1023958600
1013554389
1026396723
1053488346
1055893529
1014109186
1026336549
1051485725
1058017836
1028576039
1007973466
1024460407
998886014
1016240780
1137013667
1011823617
1008797137
1032175388
1034826345
1002946659
1044584265
1057651355
1050803575
1034973598
1024906320
1047597583
1121234830
1009332798
1034664739
1057501883
1040505727
1032236219
1078923666
1055120765
1029686388
1095226837
1055219163
1042168043
1046909765
1032891754
1035532954
1070858710
1080900292
1047378971
1070004720
1082809332
1074742777
1008368679
1049998862
1059679256
1023344636
1043932627
1067281815
1045727601
1049096322
1058123590
1049697506
1047832883
1042417186
1073634856
1049897815
1050236660
1062008604
1063826823
1055986878
1078477642
1017487353
1089685329
1043594758
1072890216
1009347935
1024881907
1017077023
1023743545
1031061483
1061536653
1074497667
1061032030
1058683003
1059254115
1035393101
1057764199
1052090694
1099101982
1056762087
1037799384
1049195211
1086265463
1038260509
1094453390
1058072700
1058323831
1056476215
1089045313
1044707823
1037532437
1059279680
1035209054
1032439078
1041560411
1039824207
1011491457
1018073936
1044116843
1050435503
1026508874
1035972245
1028366090
1050902811
1030715567
1038110433
1099540833
1051037525
1073415193
1053628424
1045969701
1056933027
1040402188
1036929839
1080611764
1024891287
1036806024
1121397708
1022363918
1019258697
1038534454
1015139430
1037619496
1018445390
1027483760
1020480638
1030314091
1050806910
1039130726
1054505122
1049459685
1044190388
1035368733
1046493498
1039560901
1029515644
1030006983
1020587894
1011901360
1015190426
1040425389
1071124442
1034988908
1073449282
1039580357
1015412735
1045655515
1061125465
1040738193
1005102592
1053531494
1048213936
1053972280
1043910164
1016480510
1031029136
1016638056
1021138309
1061896623
1057957212
1023012828
1072978314
1074628046
1038064484
1018272861
1043317760
1033378804
1057732621
1041927050
1030182072
1030743084
1018607060
1037418793
1031261834
1035805899
1035275314
1071978551
1024837635
1063940765
1055735764
1047035396
1021108977
1026258553
1040274043
1018703738
1039600214
1025251148
1001775325
1109605695
1021042431
1018824955
997974063
1020161420
1006899890
1046177207
1007614716
998332399
1030125870
1011284481
1022646282
1046369704
984813849
1022299154
1003702301
1011610979
1016205103
1067744047
1005907611
1035527876
1050707380
1054146276
1018233418
1019688620
1032975405
1042573058
1067620066
1029281677
1035286883
1020879495
1013830441
1078168034
1054345462
1051891712
1091096766
1079560688
1060536509
1077904508
1029488566
1058232595
1011956881
1061421173
1045275433
1034967559
1076830113
1083892540
1054144684
1045266460
1019089091
1010641510
1042142383
1036148482
1041058004
1032721778
1022810463
1056060046
1043491694
1060722673
1030230704
1042280064
1055529892
1013864261
1032055196
1047520533
1024264048
1017786632
1012371768
979705855
996873642
1036879060
1071186128
1061936490
1029450135
1005063118
1023722985
1061271759
1022545877
1012678719
1030348171
1022180259
1020422766
1011226287
1018042565
1032488402
1005911977
991733663
1007214906
1048339772
1032082146
1053968282
1039669206
988302314
1004107453
1022551913
1003369163
1001860283
1039151602
1014700548
1022901381
1000317734
1022068744
996129943
1031119548
1023068733
1028133988
1010536532
990018890
1016367624
1033686153
995001036
1038800877
1001929391
1026535933
1031612477
1023745810
1030719487
1033034016
1025757148
1011087845
1011262108
1014938595
1023317139
1006766545
1011330282
1020778470
1028913170
1029994261
1034818564
1030546790
1045151850
1026044180
1015811614
1012876718
1024740520
1028121773
1020172596
1033216245
1047656651
1031229629
1030976755
1012238443
1035553192
1007269840
1070376970
1051614612
1012750007
1033518770
1060397809
1038662360
1049369148
1056920733
1014710571
1042066697
1073032908
1024054826
1025715971
1050524550
1016628115
1051861966
1046616752
1061926378
1058538710
1050576587
1056807423
1062916682
1026546914
1026353213
1070844700
1039427598
1038831515
1069899863
1027978270
1011321469
1016459612
1022872883
1015037334
1025806995
1043348764
1070098040
1032805273
1092717879
1008702463
1034964965
1064453041
1013828126
1034544321
1021540519
1052472999
1078022762
1046162098
1054723060
1049999722
1049388196
1031528617
1064437208
1047179913
1025682665
1033275867
1020056662
1070715019
1033858006
1029308621
1030793754
1044825230
1036077508
1048035056
1015050411
1068280749
1022322157
1069698341
1010556390
1024842614
1053348806
1046283247
1029422470
1082875625
1039134514
1048075329
1017932999
1023387423
1022465782
1039537319
1025543321
1022100045
1040903757
1060185296
1072506191
1029386300
1068274487
1087070685
1003348693
1039877005
1017299232
1040981456
999329369
996339358
1035633861
1050111291
1087649632
1007811431
1021529384
1013243245
1022574650
1018188378
1030854535
1001733857
1003546558
1019466855
984062711
1002820573
994538562
1006496407
1015724002
1017936732
985355365
1024643445
1042817746
1051557159
1046757183
1074398414
1047636906
1048806333
1023289583
1013432555
1042938506
1035831483
1049104086
1008048206
1042540826
1044700517
1055213733
1028898332
1051116334
1032298343
1027419600
1033943631
1040286838
1040738629
1040586731
1026823522
1035305531
1054445152
1053318582
1045192864
1013896421
1068117896
1022182917
1072238854
1020086816
1097195829
991981475
1024102604
1064947599
1043229556
1044035933
1048319668
1036753082
1037578830
1035365777
1017911868
1019378066
1053685214
1035280373
1052915238
1023891680
1034600842
1051984780
1057818330
998497071
1000188607
1020018569
1119159003
1053382610
1028895742
1026276012
1052738213
1018743038
1073859128
1006885250
992001048
1064317864
1016869282
1021071366
1093202252
1040255450
1055072015
1025220252
1055191070
1018575660
1068385843
1041797124
1012383019
1014982768
1035155020
1026958968
1022116907
1063819875
1041982068
1048854295
1043127748
1026424552
1019956900
1035917095
1070804591
1021217785
1037108743
1003747293
1028338511
1051919918
1023001615
1034544377
1009330369
1049194105
1028778957
1066568229
1032359555
1066266763
1032435207
1080384551
1013029763
1025545237
1029575227
1030530526
1040368215
1045084330
1046204783
1002388694
1039391637
1032786630
1051069969
1049762121
1025366216
1031491927
1068087528
1023635780
1035421258
1018548089
1050572858
1024464485
1028284874
1042749997
1071633868
1079983760
1044289397
1036191725
1025192688
1040560729
1036884675
1030408849
1042054527
1046833295
1032439872
1024289465
1035561310
1038685053
1044130600
1017820503
1035098061
1029250302
1033317558
1004577019
1028067078
1037582496
1027621980
1034676237
1051557397
1018242668
1005362579
1019172081
1040543337
1051146976
1020272018
1077878334
1075848086
1033075793
1056191987
1028526142
1074344738
1017451896
1049332134
1053074304
1050868477
1033958119
1030614440
1049042781
1031311113
1046845988
1066604064
1051296775
1043944129
1058052958
1059087342
1055400454
1031920876
1022404542
1021262531
1049380182
1071741669
1027160315
1065633671
1053101450
1057674994
1063560796
1059739579
1008435852
1013001455
1021799667
1065315087
1013614119
1042653929
1058604038
1020683280
1052704028
1025106502
1084983081
1063549984
1027169620
1047314516
1053448381
1011525393
1039335410
1006927197
1043291839
1140159295
1040106730
1066686964
1051803044
1089349043
1019819031
1029734973
1013491376
1027564078
1072650640
1034811326
1052672726
1016734295
1045026880
1047940011
1065472376
1061204578
1032946208
1048895075
1028999362
1014876771
1021412784
1028708607
1020968836
1065687650
1011686956
1062107921
1046379382
1090472658
1035565205
1026745628
1070850087
1017932982
1057926121
1029522768
1033775919
1051050944
1014101845
1025015693
996056668
1021895222
1010587611
1044051070
1022202133
1030273520
1061620147
1039292453
1051999928
1007536788
1030364038
1032930307
1027800788
1035807027
1060857654
1059956232
1030401435
1038805643
1047946288
1039269793
1034766523
1051021201
1072403472
1052286747
1058395939
1076000166
1044696154
1031966384
1071464278
1042673295
1048793749
1027677884
1054353020
1038784730
1056244187
1042051217
1038579161
1027089733
1059351172
1062360722
1050733384
1062244051
1004326657
1040347095
1080157534
1072750897
1021336764
1062762781
1021261400
1026853280
1030262157
1059695319
1050347308
1034600943
1047352425
1065063826
1075753643
1013575564
1019176884
1025429207
1051581472
1022828554
1043521747
1046687900
1114969728
1045739222
1033987754
1036470501
1023872815
1017186514
1018913520
1026804227
1044577879
1059582458
1046707144
1030921703
1066177365
1049875471
1024482886
1009719283
1063955615
1017927478
1086495795
1035922457
1024729736
1010731673
1006127481
1071673324
1042404522
1022184121
1029231787
1071049376
1036479340
988450107
1014159975
1035513629
1052012809
1060299970
1000036190
1041951592
1072856815
1011874420
1053947164
1058392520
1090746092
1114646861
1034225122
1075136723
1037638486
1048222582
1027011060
1092626341
1063007293
1062094399
1026368539
1026291576
1030941240
1012605677
1050061596
1048871385
1021332771
998911407
1003600325
1046700030
1030409220
1033013595
1003714296
1041855353
1035128312
1022614892
1020734937
1018587915
1068792156
1023375091
1050149055
1045098531
1004597113
1016330263
1010117470
1036421258
1045478444
1032300061
1038339631
1048678968
1015619583
1003495579
1025244136
1038354182
998932842
1014482248
1036698217
1008121736
1017594745
1019773489
1018162702
1033764587
1027992815
1013157712
982648289
1072300294
1004475223
1016921892
1020284225
1012134150
1007728123
1055890187
1115541561
1052568252
1039892718
1067983447
1017896231
1029436098
1046392817
1046289022
1043549724
1043129150
984537542
1049094012
1038555197
1036970922
1016010681
1037876685
1015313303
1006552079
1065283306
1018745332
1018077144
983013881
1004528387
1008365201
1015291736
997557880
1005138752
995912856
1050070698
1056033472
992960618
1007976971
1018947590
1055301212
1046201188
1046265245
1051807237
1062720479
1056725058
1057693455
1029857305
1032775538
1025696992
1050649488
1012727416
1078065114
1046593214
1024117516
1020544645
1094789114
1056749737
1038730641
1014612229
1043492708
1044488736
1021460575
1023542314
1075306223
1034113228
1061030199
1036095199
1020491909
1026019348
1024498395
1108181315
1018832752
1079782575
996987458
1015938506
1056732974
1002326218
1009096616
1011366443
1002191144
1022578256
1021307432
1005825404
1027390453
1050680924
1028179821
997896938
1062741406
1013336903
993118698
1033613762
1067940782
1014188646
1035089518
1061988394
1028430234
1025750901
1015239242
1013420119
1010804848
1052389422
991049669
1008881156
990658033
1040463365
981343600
1022711959
1051193305
1017642831
1024018392
1049780528
1035586142
1030477527
1041947295
1033475556
1048331207
1003901900
1031648619
1007100650
985541905
1012478006
1024079815
1041255131
1014114578
1038543204
1041641865
1053430670
1083935705
1033425787
1029438030
1049697876
1008294963
1031587575
1050753509
1051600001
1012610226
1017673766
1026318323
1004544450
1022346953
1029580407
1051195713
1022063287
1008810918
1017610677
1020067480
1064258531
996216342
1037082735
1050817157
1074255855
1060488544
1039052271
1023385917
1024085937
1014034328
1037806419
1025868398
1013400813
1029997868
1076184651
1023269203
1022774045
1171132173
1024146584
1061218780
1039433361
1051814856
1056296711
1023214186
1045067434
1139237457
1017112228
1058775082
1094282367
1061256583
1043477450
1016366230
1068807904
1026792162
1035921466
1016465500
1056284882
1026020334
1016359533
1040190702
1042676326
1025276979
1045024972
1023693151
1032241203
1052839060
1008908710
1010055948
980142723
995676510
1026901677
1010948748
1029438822
1046933093
1023626926
1011197048
1026421187
1003875021
1002977987
995729222
1020799209
1006707664
1067649635
1029865067
1087054583
1059824906
1012891462
1053708791
1041071873
1028629689
1017248187
1044269496
1044542674
1043701932
1009226227
1033812383
1042626062
1089353728
1038927690
1022769407
1004262231
1017348652
1017976357
1053010673
1022262341
1032675517
1031775674
1045480784
1026748980
1018893223
1069233407
1087727124
1048955403
1042228036
1012897761
1005178700
1014918465
1031586712
1024686826
1023934381
1047499176
997328792
1032172405
1007835763
1044372741
1051516573
1018349884
1014743908
1015580694
984600531
988894305
1033725579
1037425287
1051258586
1044301720
1006261306
1041116641
994066398
1006603566
981020958
993308143
1003723035
1011234308
1113587835
1001517906
1006028421
1028657384
1024091780
1040620052
985571063
1036712964
1029223736
1052530168
1012834791
1034070623
1021323683
1005162728
1014114924
1044498375
1046341884
1073310624
1013244766
996023880
1033147863
1000988118
1009379179
1031236681
1017147849
1019241801
1046929987
1018351201
1012004051
1012099679
1006862227
1036070837
1030424185
992353537
1000103313
1013615854
993151881
1018187899
1004280022
1010179461
1017170419
1014535145
1010994815
1082279978
982211789
1021540296
1042525535
1070608564
1023538839
1020763633
1019885148
1017152927
1012857847
1008322011
1010099076
1007632700
1019756508
1002928538
1024102332
1033246788
1000059703
1028300404
1017913845
989095514
1022590132
1035198284
1000396832
1004178509
1022703302
1026738187
1002358472
1031050691
999447708
1011312117
1026629780
1006368142
998230031
1001192803
1023986118
967834102
1010244978
1045716524
1059241165
1015421316
996271390
1006878246
1013900640
1023275399
993911890
991302211
1019352371
1014201196
1005452949
1012567090
1020610918
1012595204
999602481
1011247328
1059179187
994004824
996233655
1012860100
1043419162
1065328001
981795436
1021184462
1009544600
1015389986
1038821884
1036908878
1059295390
1004674114
1034318295
1026677462
1013876907
1002433225
1078991409
1083954029
1072172371
1111910260
1070417515
1069787481
995488718
1079389962
1003653690
1010028872
1017403413
1054385351
1023675192
1029096414
988909161
1073533339
1027277426
1011503863
1004198418
1017761979
992109229
1014179696
1007727425
1003985467
988720232
1002893524
994949283
1032687949
1000176458
993442345
1021906440
1003329206
1006668476
997113408
1029701610
1032982618
1012959101
1024279994
1035039120
1043572161
1053943712
1024590633
1029470327
1033096395
990488033
998912306
1050153299
1027444993
1026597685
1017185581
1019296412
1016375662
1020239494
1021951782
1023806659
1072224767
1025412827
1014953971
1015914932
1006523425
1022138128
997959821
1013605328
1043617072
1007940149
1471383269
985157135
1030610352
1040398284
1002185493
1067700556
1026733162
1018117369
991371973
1020669058
993125075
1010883514
1014911987
991615935
1007108346
1034751894
1018467529
1004768014
1013838188
1000593476
1000336977
1073922209
1060262103
1087374223
1032330331
997805377
1054034736
1012710970
1013222674
973859489
1010553310
1039233568
1023271547
1041152941
1009463975
994267543
1032244513
1002065957
1022948015
1028583843
1031241779
1019710107
995951783
1033935594
1017967740
1009702004
1036485502
1073130391
1011470389
1038331851
1003511283
1017528550
1021835028
1044534010
1033540355
1007058663
976735058
1048775621
1021288478
987952063
1024975700
1049500520
1031111881
1003547573
974153511
1020757225
1002568296
1005673291
1006759748
1001528809
1041054738
1019001202
1027894023
1064919225
1067660254
998996753
1001083815
1077626718
1018575686
1019720602
1023000227
1068498725
1033342530
1092876828
1060002977
1058746187
1025336482
1015243718
1011798715
1056008102
1053910818
1012407613
1002352098
1012806514
993069944
1005887401
1030006157
1025775579
1053652395
1080078935
1060349080
1010774502
1031089510
1055331714
1015182078
1016337495
1013320381
1040352096
1061804079
1005085848
1022509355
1016331603
1037509882
1013504998
1029521728
1050458846
1026753903
1005355690
1004385370
1017557059
1010567020
1035388061
992966598
1004141687
1016912286
1024674536
1057332193
996834887
1033771142
1002984286
1057101705
1060013852
1021320191
989209509
1074177430
1013324006
1041038061
1042000174
999171697
1012223466
1011526091
1005278232
1045595596
1008506800
1018574702
1081549723
1052471710
990386900
1028098357
1007139962
1017465523
1032151628
1033070816
1035321210
1035122942
1062086482
1009633398
1001665713
1036207502
1109093049
1014171217
1002049226
1004500328
1029461042
1059355328
1016881986
1019068577
1014303758
1072918836
1044279144
1019397416
1052197221
1022594660
986252364
1037883366
1077915323
1005353649
1021539560
1053776725
1035963317
1013861749
991357896
1025222294
1094868901
1016742867
991895364
1055257318
1022524723
1006259274
1604988218
1036561431
1023876566
1013410132
1038054014
1042820748
1021783472
1047145121
1043733286
1032628756
1025108695
1012548956
1026993912
988568838
1042658790
1027923356
1041147881
1003426837
1023552782
1059237470
1016827683
1051963418
1025887356
1030106296
1099798310
1031439450
1005264101
1011225481
1012796885
1045256031
1010044338
987862364
996398511
1029142271
1050913775
1020849744
1028159250
991664046
1061035547
1013925971
1095285434
992088255
1032980423
1020750190
1059481444
1010674716
1023439756
1003383605
1008253552
1001419042
1002433342
1001077144
1024406807
1005232363
1013656131
1013133778
1030711394
1031079481
1033343319
1014868872
1001988134
1026605976
1013592944
1009523456
1021355628
1005184883
1012358475
1017388200
1004838600
1028640727
989038333
1032366208
1009518241
1020754686
1022078706
1003582607
1020660037
1031722555
1039065214
1016285714
1072414513
1050381209
1030905568
1045609332
1038378286
1003141379
1037770898
1023891585
998930260
1004723144
1008079644
1002996207
1013362590
1024741283
1035828733
1006618034
978765547
1007965052
1037490800
1009897858
1001574509
1016749108
980106117
1016979997
988701148
1020248764
1003773844
986222313
983251499
1017170217
992443130
1029201263
1037694242
1001940371
994574127
1008515222
1012826206
1008303145
1033349531
1026621819
1010831579
1024127549
1016907370
1033551601
1048311366
997736191
1016370666
1025412237
1057642909
1100597200
1007397542
997962709
995953898
1023901882
1019111108
1053115616
1040864734
1026010026
1034568574
1025032373
1001320553
1028015214
1036487519
1027236501
1030646893
1058552124
1013529554
1071762848
992766093
1019220474
1042599420
1005530266
1017850261
1011241073
1018821130
1024009613
1008854591
1038525905
1016237103
1007085478
1012159805
1054965638
1037801166
1026631678
1004339486
1023123761
985138959
1008715032
1063243802
987622082
1052893054
1015324430
1014130612
1026997515
1056538965
1021181100
1049478734
994596131
1023370057
1029525677
1043657153
1040269259
1020598425
1072080915
1044538109
1022623392
1004135986
1006505375
1048222735
1026872948
1021126137
1022919831
1015526470
1080596369
1001159494
1002238471
1072066670
1015462074
1024543741
1014909558
1017635116
994229614
1032436818
987865563
1045712837
1102811322
1027611789
1011730265
1069192272
1029771212
1049775466
1035477379
1042614795
1022652768
1026839784
993229906
1030304388
1011826633
1004465890
998976265
1004652354
1014698478
1006539089
1039979251
1029134842
1034386274
1019722019
1021898465
1062698752
1021122420
1041080931
1005923929
1003680259
1055722791
1035068883
1040716288
1027764673
1048322566
1077205997
1012249653
1012786783
1032971769
1021124474
1008865034
1028185012
1024946387
1017954924
1076343460
1009178313
1038628555
1032485703
1019719677
1037049003
1029574802
1002199580
1002793224
1026908307
1002856446
985447933
996234922
1035145558
1003959898
987237448
1065335053
1001736562
1022009314
1040847304
1012274786
998159516
1027827786
1008430175
1025982146
1055773487
1001024093
1027652344
1059659525
1030513906
997093095
1010048117
1025520084
1028293223
996309035
1018699216
1000742124
1039395258
1045217536
1009883754
1008558307
1024053036
1046508288
1034532009
996656078
1014812308
1022918834
1027462082
1014128535
1068403956
1004033086
1009342896
1023487707
1007144381
1012506921
997529039
1009246684
1044699276
1039768088
1025458586
1014448413
1005228556
1012506201
1064270624
1038885507
1028035431
1102313292
1086077241
1061448098
1035969605
1024153359
1001123487
1029640228
1046967929
1008305345
1012969498
1021775035
1036020816
1012760099
1018406603
991084621
990871320
1017220388
998325962
997767195
1027146769
1037224663
1038931633
1003629623
1049077046
1015758693
1003187967
1006343476
1112695618
1036155569
1031665870
1038556480
1041151102
1011192447
981784098
1023992880
1003439787
1025407503
988788389
1019719227
1034974062
1014048670
1034338438
1661666944
991860314
1024779787
1024106311
1014523253
1015354306
1033586870
999401932
1042859648
1021739143
1016383264
1044598081
1012599123
1002389958
995179623
1014315074
1012484201
1020242483
1018560246
998106452
1014608037
1005726292
1012766210
1041686626
1033266031
1010715697
1060790872
1041258566
980965111
1020994906
1052291932
1017280418
999753631
999221904
1010207504
1052261273
1056207934
1028023695
998736346
1002416828
999714883
1017745968
1028925347
1036922443
1027042892
1014484752
995572371
1003112886
1012517873
1034622946
1008823211
1012011604
1017892229
1030325962
1009210280
1002716585
1017898534
1029221941
1029266170
1029498156
1006552867
998870149
1023945394
1028341281
1019449297
995521644
1016769779
1014436577
1044964849
999857801
982387447
1000542050
1021160678
1004388496
1064602363
985876623
1017293815
1030015832
1059907040
1000613593
1029809391
1032221975
1011926232
1013914801
1012990152
1061898334
1006673459
989823303
1015809116
998132255
1022245155
1052649585
1043833682
1011631621
999660745
1041900406
1027231690
988480503
1021874209
1060514751
1037063629
1038989442
996469893
997275359
1024901711
1020281233
1021922895
1033982329
987030864
1008973905
1000095982
1042716955
1017768203
1015218878
976541820
1026655394
1019819370
1017070642
988444821
1036516288
1022149504
1008916651
1037095537
1493781016
1024616267
991706362
1044604273
1028296989
1059239395
1025833688
1010959240
1022238114
992523864
999532790
1004696355
1006330317
1047873747
1015375079
1009194703
1006204098
1050327063
1007232304
1011714471
1013526404
1045386864
1048550357
1051046073
1030378605
1006148830
1003250936
1016080620
1015663155
1015891555
1057586363
1026144817
1007173940
1020435565
1060581770
1069237036
1056501846
1022720251
1027741347
1021000239
1051068402
1068499300
1036141062
1019988043
1063979185
1099543613
1059319535
1058737885
1110665794
1054947325
1053243333
1109571514
1034097376
1022002194
1043539066
1042081408
1078783817
1043629810
1047582493
1035691077
1040270123
1084719045
1072605113
1032148695
1031573645
1066971350
1081145663
1059956020
1075422158
1034146564
1039073277
1044801697
1045225641
1030080012
1024105493
1031776306
1023276900
1034253694
1028292825
1046820724
1039944121
1052268982
1072184699
1091636636
1023183967
1014061736
1034527311
1033223482
1048653950
1056137647
1035210327
1029657308
1058468890
1052517446
1042825699
1066110866
1043002141
1097286647
1052723101
1040056348
1051797066
1031138284
1031035214
1004658984
1023042462
1092499454
1004855985
1088338476
1025328004
997715967
1069668065
1060025018
1038830343
1032245557
1023424359
1030039642
1038864976
1053973926
1029411649
1085626063
1024487645
1018207497
1023507998
1050577754
1027437372
1031976749
1061866560
1047321545
1025170022
1035317342
1061123201
1018717907
1033144782
1014248186
1059673714
1039287002
1090872463
1057280149
1075979768
1046956188
1099068283
1053192886
1082028135
1060422194
1073445337
1017540727
1027343520
1083731209
1072878137
1063951153
1046439917
1039170467
1052193438
1018931693
1089153604
1045965619
1068140422
1015610248
1023466760
1029432853
1057897312
1049408459
1021472452
1074684104
1050195455
989340632
1038750866
1021254855
1002190341
1042441120
1033454628
1014191054
994339223
1020031228
1041656874
997335753
1025133024
1058338773
1046871108
999073250
1007290643
1047642615
1073582653
1049437829
1033811423
1020885493
1025050162
1046512686
1040016322
1014415709
1026009101
1021953941
1057108089
1028181374
1019919491
999337443
994250996
1056792614
979936656
1039192452
1038213261
1025160688
1068739683
1045271731
1014510426
1022005798
1044648978
1029921562
1034907246
1004082407
1040158682
1045049094
1046212961
1036407299
1018631536
1030371576
1020264630
1047067550
1038610306
1014358839
1038569224
1018635395
1065802214
1044025531
995143229
1031321666
1032609291
998280590
1031444268
996411355
1005599600
1010669039
1048465885
1006448053
1053889267
1089022534
1023139969
1032264900
1008538520
1053457021
1064230918
1012000382
1007063126
1029790453
1025384548
1007922005
1008098034
1009460926
1017681094
1015624525
1023131523
1032653285
1026187169
1050857965
1015475433
1026176927
1054118192
1045147750
1054193072
1037652543
1022018288
1060988563
1020971169
1015000653
1024382186
1044072607
1060837041
1058950009
1057950772
1008398091
1041304466
1046694151
990071891
1024250373
1051259271
1014707067
1019052609
1034102378
1022498851
1002493346
1011957454
998506168
1034128562
1006647747
1052431590
1007347934
1064668517
1011787041
1056760736
1000627387
1066743822
1036083816
1033204751
1029020001
1035349604
1032290329
1038529810
1025573827
1033960882
1069460588
1024782572
1024296609
1086229673
1027191390
1017284672
1022958883
1007465608
1092349923
1074472313
1008310917
1067532802
1042859908
1017476217
1016361357
1018355646
1027450704
1010439201
1022631416
1030437036
1040559930
1042042413
1052125495
1058276696
1039894080
1034524012
1021671037
1033230475
1033960049
1018478940
1039990205
1045242940
1048801131
1027773556
1036965508
1035355819
1042470736
1039558750
1047095660
1040242418
1001082273
995284547
1046724609
1045235342
1009490567
1030405287
1036000862
1035754732
1013864475
1019627629
1057155974
1038079481
1046462733
1030412900
1032936973
1003050238
1036202662
1015929365
1032165590
1017186588
1031361281
1050522224
1021232642
1047154674
1030313359
1019012214
1010369184
1019635599
1035628669
1052573829
1019110998
1031625953
1003704947
1020472225
1028466048
1016725080
1041805182
1031128915
1035616714
1050597185
1038446340
1012468992
1057834383
1006674706
1038114228
1028529490
1035977118
1008978279
1003868916
1053855048
1058763940
1031694307
1041553098
1050696107
1009567164
1003774672
1023697948
1009911506
1051968264
1032550204
996844517
991867920
1010428990
1019275123
1066286979
1043145616
1019103833
1008567854
1021876485
1019790508
994502199
1031562437
1002103802
999501580
1018357094
992709216
1078958362
985639222
1002085231
987268743
993233697
1011730943
1018030868
1013660098
1010052853
1004013646
1028214399
1060257457
1015593281
1032701395
1097761991
982925324
1068485908
986313368
1025155172
1036206087
1027578912
1032878039
1019685475
1021793511
1000251416
993924907
1055701457
1048093872
1009236065
995975991
1019523863
1040780116
1059276587
1014117976
1028292463
1031366694
1028390496
1037667894
1024373594
1004062532
999927999
1055017903
1019204188
997186769
1005463989
1001347824
973802419
1042678563
993892817
1042040416
1016109378
1010488558
1015705537
993721728
1051745143
1084768134
1033294048
1010934763
1006851326
997705676
1000351995
983458380
999770122
1009754470
1031437891
1081976712
1028244086
999817264
1015949123
1029971776
1021817050
1034493658
1019784934
1011686280
1018823296
1046192157
1054936276
1031124702
1029899555
1031583264
1049859997
998737683
1019140834
1009319178
1010735151
1033986379
1042979654
1012820979
1025445294
997385148
1008377396
1044251500
1035877208
1040381076
1004196915
1012262043
1006233487
987435204
1002158723
1022353511
1007971057
1000961057
1027029737
1005469689
1019631266
1031779794
1017257815
1058896821
1029272754
1005044810
1052785791
1036408675
1038068870
1010274550
1009512595
1023199295
1051217522
1040743474
1026603247
1069622587
1027687278
1028328432
1021225312
1038091608
1041627315
1021210190
1033607749
1053224204
996788524
1035090223
1058049336
1044809801
1034854006
1057841419
1009129029
1027611413
1055511185
1025249852
1042850049
1012693206
1028954241
1020229381
1052528260
1035809161
1051259120
1029628831
1027065743
1014584376
1006973836
1001888521
1031649311
1046136073
1018240255
1058487455
1047544321
1033841520
1051789701
1062882116
1020929416
1063605728
1045898082
1032732775
1024721424
1006881426
1042721353
1049412970
1005214793
1025210339
1035756006
1042340763
1008522328
1013232885
1021216764
971265916
1004157820
1021217783
1047740137
1049318301
1031570782
1003169434
1044470750
1024208498
1040785012
1056007471
1053505664
1039791802
1044296427
1078194625
1052803619
1007465535
1066971477
1060034700
1084185346
1049253432
1014651133
1043331880
1006997323
1011323020
1010191839
1015620778
1042986458
1033288440
1018707967
1036897781
1034409819
1044464130
1056348957
1034965246
1061428956
1045297324
1050106650
1019620817
1051893205
1026340875
1042096421
1042445128
989990594
1001735286
1032404631
1025381106
1038652065
1017273120
1007502648
1028354352
1016902379
997260998
1009389651
1018529395
1010655863
1009699539
1012823116
1021950223
1038819057
1043238553
1062602804
1048001497
1033506991
1028258605
1037263338
1031574735
1018983561
1012540954
1035943792
1030173242
1016084394
1008204721
1009941457
1035904752
1000433876
1073921325
1064100385
999308017
998015578
1019723290
1016369399
1012285772
1033033569
1027008938
1015513985
1028353692
1035080298
1011599714
1022357405
1030900961
1030940609
995232270
1009083437
1025098036
1035662984
1031335282
983028590
1041286614
1002938739
1045799950
981113848
1011161668
1028918289
1036669440
1031342167
1027273262
1033572257
988602416
1056265003
993688861
1013469238
1042941166
1024945120
1012362157
998691091
1087175868
1023524756
1069514213
1043952122
1063968663
1042643572
1017702938
1021659181
1076852384
1015613324
1026919755
1020080587
1048375953
1003488816
1007279499
1000705031
1031651046
1035131518
990945889
1002568708
1055807742
997947270
1054914477
1036538104
1033787443
1004455752
1051630626
1070737250
1001504548
995883406
1075189739
1035673072
1024420136
1039549591
1057715873
1018186011
1029622775
1034144135
1025838695
1008881448
1001521551
1035369480
1043125494
1032331377
1044165399
1072008423
1031648529
1015138269
1039621351
1015609338
1037444690
1080805144
1027224545
1065979418
1063470150
1015726259
1055113345
1026232261
1005614542
1016467793
1040873536
1079357738
1014925146
1029470584
1087147992
1032970378
1051057430
1039641518
1043168922
1015983286
1023254202
998756272
1043751426
1005114757
1047440971
1020231130
1024831344
1013176348
1004029401
1011005474
1022169266
1022740863
1001235240
1002467141
1066268199
1012432046
1018569059
1009957494
1023436311
1058358722
1043491924
1031509605
1063156135
1019880662
1034990719
1024886530
1041809513
985820296
994940979
1019895613
1019364272
1053269258
1009237219
1038120268
1032978468
1033344062
1045849116
1010340400
1034113832
1018626303
1023782050
1011635260
1060342093
1027738469
1063893182
1032036100
1022495048
1041576549
1037610591
1030181793
1044316181
1014519869
1039973176
1042316985
1029676401
1032562412
1055218375
1030110671
1051578352
1033158798
1012373993
1020344636
1000260828
1031917960
1053683861
999050805
1029556363
1027704594
1023449815
1017341897
1023235922
1026443151
992362947
1047492845
1000865881
1016586334
1087158836
1008265840
1048518238
1037953940
1027666147
1025131115
1057288511
1091090322
1019447412
1038863659
1000226040
1050661780
1016685818
1016069285
1016708193
1014137722
1002438261
1007092073
1035524326
1034121650
1069311321
1026241056
1041288576
1022016181
1038187264
1040220771
1009906529
1062490519
1026186535
1043620997
1050743437
1058393313
1026563872
1024703951
1026384760
1030560204
1046812370
1013395761
1061805198
1021034472
1014612344
1022909105
1041125420
1032582812
1010992198
1010603160
1047880857
1036153066
1066515281
1089045382
1019648204
1023273668
1027669885
1046820290
1009010547
1004523642
1073466901
1003362145
1024677343
998992827
1024005508
1025048844
1034302454
990222124
1067893788
1050764951
1022700531
1013822744
1012828090
1064150934
1032763759
1036055147
1047373630
1013123017
1046684136
1057580954
1021191470
1034514028
1046255750
1044586817
1014148404
1030653087
1028714172
1045844382
1049148768
1045874814
1035493734
995154618
1024915187
1028237572
1006041064
1029450361
1067462607
1041366316
1048423149
1043393445
1038031243
1032131251
1020023486
1043362213
1063078691
1036727514
1042049243
1118637315
1005945702
1020806227
1035391729
1037329412
1077206757
1004932238
1056944796
1027244614
1069752736
1018622735
1029064202
1044995865
1007752708
1055691591
1075338795
1046194010
1041200907
1050752952
1049323592
1005829804
1040512051
1030875828
1019892203
1022788963
1094934474
1057926952
1041055521
1027024958
1004450405
1031108171
1041996722
1014969407
1002624108
1057805050
1027076126
990736669
1029695253
1068674947
1005973043
1035610362
1060751190
1010581864
1081716772
1001298740
1021987158
1054726513
1028144774
1072807294
1027070417
1012369906
1060812710
1064905701
1060914038
1029795200
1030764707
1051863187
1033430373
1014108097
1045200946
1029110691
997326191
1029615689
1015208039
1021025998
1033898609
992609680
1023379742
1074306590
998575388
1022904638
1033422907
1011270869
988008107
1015128500
1038417512
1023453245
1013366403
1033455138
1037871805
1030743550
1034358164
1011711685
1033124859
1031113035
1021157741
1027382779
1030456509
1036012395
1045726863
1067641124
1065303179
1105570782
1041545763
1016293656
1035210000
1035841654
1043829407
1015139980
1064800070
1067868206
1054405669
1070084260
1033622668
1006239542
1021183306
997045732
1063749617
1052744260
1029658910
1025607098
1044934620
1051178048
1066919423
1002888246
1044092327
1025078951
1024432801
1052272326
1063599921
1038666545
1030156247
1034808877
1037778431
1038526961
1029810244
1043605683
1062186681
1041833486
1046795784
1034386421
1049110847
1061087895
1060152237
1040919268
1064965822
1085327589
980128759
1019542163
997435655
1081324201
1014936868
1054813210
1004328332
1026969026
1001923877
1016831940
1026285560
1030636801
1027515082
1054964530
1015938753
1039015441
1042663021
1040908806
1033215479
1021989301
1056742762
1052378889
1050370853
997636429
1048076273
1050973701
1012339962
1013455752
1034476427
1013631511
993125155
1023687963
1005457224
1009582399
1031817346
988684603
1005240872
1036717012
1001866509
993881978
1027797431
1016597990
1003878997
992218213
1024181802
1048959557
1027602390
1023260520
1006805900
1061444648
1018772043
1101032953
1063154437
1044454035
1076314092
1069580644
1042833897
1027102080
1033672436
999815008
1050571644
1069938701
1015782639
1005656117
1051590080
1026723920
1039017356
1071648392
1020350448
1030758922
1009214461
1005499683
1014914080
1011750929
1044520607
1067804115
1039225249
1023605614
1011623128
1001072084
1029522300
1004488808
1001849943
1014102285
1016362481
1006239830
1010492701
1002547102
1046203541
1047642345
1054195269
1025541760
1057505416
1055548468
1061921059
1044355860
1015075919
1002388218
1009071158
1115050046
977453451
1011930198
1023893087
1028904287
1026107933
999123967
995131088
1081505146
1015270106
1003779926
1035573183
1018483562
1033182078
1012494037
1080698927
996380825
1024562276
1011505098
1009543202
988032776
1033187987
1035754839
1042329072
1053718066
1018705507
983561282
1004212040
1007180732
1005606900
1010191916
1018697046
999646924
1065414930
1005430637
1014928809
1010344129
1047268740
1008755442
996682117
1050682765
1009581435
1017744589
989942043
1027429762
1048709550
1001543128
1053302038
1056926689
1008579210
1002491715
1033494504
1064277113
1028212350
1033839720
1018592440
1021196584
1120993049
1055069924
1064522146
1013228964
1044123017
1031147782
1114218293
1035769861
1031991736
1047889656
1040824935
1048450073
1048895972
1019011736
1002945408
1020810845
1073154803
1004702990
1016711000
1023181151
985316426
1028071207
1010818183
1043681248
1039835567
1012614096
987577122
1016513250
1008378628
1038250851
997570607
1029888185
1040154764
1009002615
1005389548
1043648433
1048257986
1013796257
999527164
1068290998
1020623118
990076370
1056044592
1023631242
1023653839
1016916693
1008476627
1057909049
996533827
1071987772
1055142408
1045233326
1030705347
996465883
1025105197
984158407
1008565829
995649442
1002768543
1034454936
1018094366
1039381054
1044642492
1002774574
1045462100
1026928466
992390537
1038757419
1030920262
1030072570
1007982578
1016457248
993492927
990318777
1042898536
996090100
1001901863
996691813
1046644167
1010124799
990934045
1034943075
991881378
1016976795
1041394178
1006689779
1004913067
1007516169
1020572682
1028416343
1031808857
1020309944
999210208
1001765301
1017631360
1051688097
1045630386
1017601210
1016527350
985917818
1059872824
990182859
1010626245
1023458056
1013087728
1021636431
1000601020
1014845354
999452944
1024991716
1001233808
1030673509
1011573630
1000244420
1023257971
1043501494
1008712416
1016074996
1040521879
1039258991
1007114534
1053600180
1023145713
1016789039
1011185734
1021522456
1022880096
1041879822
1026315653
997813329
1000939263
1026725049
1070229170
982869936
1001831097
1020723792
1034339880
1031846889
1000098922
1003070889
1016179840
1032422971
1024221262
1037462975
1032540789
1011114681
1022052645
1043479897
1004301388
1015246066
1046004832
999609015
1045302756
1065427568
1075845656
1054622090
1021437769
1024672520
1033963686
1025086618
1028793299
1047069822
1049925744
1034144569
1055548945
1038852554
1007173950
1021169432
997467008
1073936548
1058566226
1045294983
1044389901
1026871588
1014892530
1022507802
1055653872
1033835373
1035121774
1021327159
1030624708
1099875941
1052001164
1012519520
1009847434
995426701
1038686472
1016576765
1019793103
1068563322
1028262383
1033073738
1039051361
1043737436
1036239715
1039966017
1026401103
1070754212
1019205400
1005610264
1031341582
1007231943
1076907645
1039444063
1094298060
1044153524
1027649460
1049188795
1067676058
1046012629
1060856222
1027688204
1033322237
1070817996
1065507800
1036450024
1056860177
1027991108
1011690692
1049083669
1049707519
1063117478
1049251510
1034920864
1045870233
1003926452
1016819176
1034597845
1031700908
997731327
1015844378
995577703
1066651326
990494370
1036292817
1019709679
1020944294
1029725696
1020963484
1073282877
1032080419
1032853426
1027301990
1044216195
1028431337
1008167049
1024491964
1072666658
1005137206
1026295035
1019445586
1017398094
1013380243
1045596171
1025384489
1013363919
1035635375
1035489857
982046432
1015846028
1045472655
1056628608
1032387016
1033085238
1016956842
1021566682
993435565
1002920123
1021035546
1017306530
1028136007
1003599610
994857265
1020650919
1017886883
1019943204
1021165977
1013321412
1018496936
1045336009
1009894268
1013289072
1026009378
1038677604
1017927355
997873728
1026817569
1024406429
1025481579
1013356244
995928005
1054167931
1031978988
1011471593
1040552244
1015801783
1021167792
1046207402
1019867599
1038592628
997465820
1031583585
1028898979
1001415195
1059564972
1052729564
1020448998
1020196166
1032866320
1279721613
1016107684
1038502019
1036605755
1003555492
1072311925
1085797706
1009912706
1029179423
1016911437
1035206980
1026210821
1018209464
1003586518
1006599593
996259880
1011880849
993828888
1001838899
1022101048
1019385705
1050652783
1007454778
993938174
1018446282
1012615910
1061086676
996382208
986720301
1019088578
1021814919
1029357480
1018175767
1020269563
992364319
1026876009
1007532808
1029049990
1053514772
1021751414
1020013529
1022910456
1002969314
995952313
1052882357
1026314181
1063434800
1026070036
1044627872
1057671890
1014689944
1028653471
1032112948
1048732324
1061655220
1073965980
1065869883
1029487558
1021360602
1006178775
1021647604
1055508440
1045518804
1018424478
991895628
1017175610
1049090436
1062759573
1014786386
1057632677
1023518195
1004531834
1050722963
1007474568
1043168243
1022502750
1062301551
1034619494
1049848464
1035475142
1009507140
1082498304
1028759227
1098046733
1020962691
1053718354
1040142469
1008929032
1028299906
1025604220
1011737900
1020419523
1072284371
1007559197
1011874146
1022658184
1034195423
1036972579
1017109440
1006367422
1030799568
1014042380
1038536871
1063728348
1045748249
1042721246
1040653673
1018076247
1024558589
997156047
1010879941
1013094302
1010920330
1016182485
1039034972
1031591592
1013840969
1043028182
1036857234
1015654383
1027488164
1038031587
1032849149
993665801
1011511501
993419055
1000712561
1038685806
1024084832
1021303348
987316779
993533275
1005999410
1013751674
1023671010
998841781
1014761889
996570860
1014964904
990770031
1030773010
1006378370
1021927570
1034351057
1009013988
997206584
1004892724
1035800705
1018792968
1029938271
1066943745
1028818552
1013662526
1049621787
1031487026
1084530854
1044737728
1034764000
1035551245
1034017725
1078762724
1068128384
1032648974
999075518
1055432934
1050763532
1054432702
1098210133
1038959107
1024510496
1039365156
1070007830
1056775058
1016552069
1004555112
1047741069
1022091744
1075758637
1048688478
1018133789
1018997326
1024423112
1038045661
1074603386
1043291744
1045923840
1057076208
1029812191
1029464298
1079003391
1057842511
1004049994
1027838253
1054544607
1016259915
1038471273
1039453746
996798010
1065024937
1029565555
1041045577
1019687731
1035380939
1037112272
1015540750
1012107252
1052806827
1106513894
1029962182
1075476741
1042465166
1039100940
1000476344
1025924149
1028281110
1058447160
999460967
1047282726
1037633099
1030948332
1026317210
1038112458
1053922252
1109175881
1033208036
1073758621
1015007758
997062025
1057576931
1019420116
1037071323
1057997759
997681333
1015055690
1015939817
1028243452
1019138145
1048189054
1029825612
1010280853
992347364
1058717744
1052607241
1017445952
1039852469
1057870432
1035326004
1030610454
1039592947
999400239
1012913045
1045273267
1016116460
1041493219
1019753024
1085691194
1031307852
1044310623
1048554974
1045003928
1048160335
1022719645
1025454753
1010927925
1035347625
1054346339
1036501449
1047636531
1008097670
1015311752
1012042130
1010019879
1009433164
1029615661
1027932626
1029775089
1021324413
1045842181
1024617060
1005412832
999671333
1012963757
1161192258
1441762270
1019610735
992523646
1018604282
1031181910
1000902663
987452252
1013205957
1004344684
1024068718
1028380196
1001590180
1028527478
1022743574
1020954481
1036334620
1031630492
1026198930
989065322
1039681311
1055328377
1005072327
1010918259
1004286418
1016679473
1007070676
1055893864
991739578
1032250903
1009002536
1006813973
1012340540
1009349685
999794435
1034112567
988383095
1019091380
1012802965
1038734151
989577087
1020919598
1090084056
1011348752
1001003083
1026868877
1029536247
1030122813
1000240724
1033405614
1041983585
1005760779
1062357297
1001450511
1013290074
1018509698
1043875500
1008992861
1048572682
1019343401
1013350651
1028494188
1049679055
1020923490
1012364772
1052759418
1017962583
1003735237
1001701373
1001854305
998493794
1013901653
1039814507
971288888
1033696751
1065158650
1037623740
1050494617
1020114533
1031911187
1011169444
1012716887
1010750596
1026360855
1013188773
1013466983
1003090686
986842100
1038649108
1056201152
1012621177
1040330211
988540952
1012212742
1014883954
1040134194
1011177200
1006389444
1005478826
1007360403
1038834642
1017800199
1028731828
1077537168
1001895826
1025934476
1017621592
1000069284
1035114525
1011193201
997824080
1027822816
1025124612
1015560865
1025763597
1055311065
1003350173
1034364796
1020016877
1012267156
1010705368
1041371079
1045187174
1072161852
1016907617
1005127228
1016799531
1041311502
1083030977
999690981
998004057
1010504767
1012673345
997381794
1025858798
997513580
1029411292
989159077
1016700526
1040410304
999426502
996884141
1020796932
1018247680
1019695119
1028148113
996418694
1021822417
1006967911
1052068369
1044362049
1008068643
1039714980
1026264446
1006737673
1023566134
1036215959
992053021
1013402173
1000593700
1001558804
1021171828
1016733453
1031325836
1007884143
1040929497
1012301030
1026135792
1006479775
1083760687
1003151474
1003690156
1031254652
995941935
1025624522
1056842294
1006314659
1020319004
1038526434
990554510
1031772393
1061206930
1008058898
1042685152
1016329610
1037617440
991529031
1008381905
988517059
1046049734
1007290787
1026115915
1002466474
1015873529
1055507293
1024927189
1007473708
1000464690
990542260
1022397225
1040682530
1017232051
1015963320
1034487049
1040059516
1042922665
1090705988
1086688432
994658108
1045079431
1036596196
1016199408
1012516884
1028830043
1028222281
1012445296
1018564584
1015178775
997467894
1001385841
1008281294
1017811528
1021707143
1002566452
1022696729
990327584
1017231587
1006006619
1010751604
1066580842
1020223999
1089025633
1009094651
1028928134
1015226752
1004586875
990713752
1009681205
1058337657
1029369481
1020746293
1035947422
1028466416
1015712096
1035195040
992732436
1019271526
1010115359
1015254149
1026359503
1025032708
1009619820
981771371
1030285943
1023170849
984168624
1033755464
1002346623
1025543176
1033443423
1090714309
1062040404
1040121581
1031241836
1013628519
1055137431
1031010909
1011688156
1035610222
1085102513
1040154014
1005927026
1029058503
1009897073
1030971949
1028602422
1051388265
1008723049
999466573
1067420465
1018906343
1019195231
1074130915
1095775110
1074091990
1084974261
1044823415
1065758245
1037106657
1092248221
1068052263
1004890175
1031792105
1082798804
1086517509
1015195848
1040025406
1015894605
1036071713
1015019398
1024102645
999147989
1004870146
1033111880
1037484373
1035544638
1024226695
1035958999
994761318
1076023499
995943629
1028723228
1037349057
1034369835
1038164800
1041546357
1044805583
1038759807
985456956
1037747824
1025595258
1018876502
1032063295
1059304732
1022769520
1022920511
1034666042
1006913335
1040516496
1048317566
1065912305
1033503726
1016693366
1026158655
1053948424
1030117710
1055172119
1112861800
1027806147
1024585971
1076860840
1047235740
1027473071
1000233746
1045883645
1025859388
1065980241
1059426548
1014424356
1007703451
1031098488
1062963719
1046277717
1040393342
1022654265
1026893850
1054953731
1033308814
1018959258
995878393
1076905877
1023585908
1042947508
1026031247
1105265650
1037415493
1028621010
1013426267
1079843824
1048575896
1024032773
1048844624
1043004264
1021713002
1041231187
1038539017
1009041601
1060166806
1041378906
1015444173
1040320501
1052991729
1042986097
1046774486
1075883173
1029345714
1115752834
1029053640
1018239674
1027204518
1025850816
1021305821
1065954079
1039992553
1021975671
1052915811
1033965493
1050129604
1052116851
1054083275
1055515904
1062708640
1057207627
1051027918
1080370848
1053266094
1028251190
1048770603
1018045879
1052222931
1048381773
1060814578
1026903703
1029145461
1035144713
1049379907
1049467798
1084461750
1039357270
1057698081
1013044831
1025871523
1003780172
1023899784
1068660553
1029160512
1017313804
1002485635
1001358290
1027909867
1021105043
1003551758
1029715122
1009914400
1024837443
1014792146
1010666489
1004329055
1032046007
1018273977
1029609713
1027929764
1076153303
1002246073
1076035269
1024540966
1022613667
1060788248
1016937325
1024788868
1019254246
1034092707
1065073953
1042916719
1058113549
1034391619
1059241995
1033723943
1039869362
991666281
1074098134
1033758632
1049506326
1020999689
1021620094
1031068449
1069304052
1020082511
1041667526
1055446914
1061251375
1016423810
1017610499
1021759418
1025534756
1027997070
1052720008
1033848680
1038179929
1074142216
1058444279
1060826162
1042617045
1016567292
1030739297
1070497468
1031125456
1038974852
1051053129
1133138413
1055971069
1012173695
1026839265
1046476713
1050426856
1032554672
1017407134
1064951900
1013209932
1023198824
1089858091
1075417848
1018437715
1052531763
1032829855
1029013379
1032808515
1027180599
1044031296
1036983383
1054946736
1038882889
1021144032
1073550303
1025065754
1019421210
1051895265
1053387976
1113491939
1052928594
1041076393
1079625029
1038561052
1022906491
1046712148
1050002477
1021910822
1033359958
1028766179
1018628735
1060145187
1025964024
1029891404
1048137960
1062967813
1023587367
1056382093
1019693603
1057001206
1031271046
1066874609
1024308030
1003655825
1018189702
1083135152
1010226040
1012770027
1054365466
992309441
1012868787
1020441431
1040298686
1016498347
990678006
1002320546
1008040810
1024161955
1032630312
1034136235
1011195388
1020519772
1054305748
1047630262
1039812987
1020727494
1016278005
1024223940
1042132462
1041239165
1067863628
1030636126
1030569513
1041694411
1023072797
1040042210
1050600845
1048040966
1031572272
1027651299
1029406245
1043397360
1045733450
1022007196
1069550838
1044574164
1052242004
1021734785
1025461985
1038479749
1018169342
1021433702
1056304048
1044324472
1035902227
1047357198
1015148722
1035630277
1044217300
1034813041
1040629466
1041556939
1053880840
1058689354
1013187469
1030947859
1039229880
1009211016
1055904230
1028829716
1043499733
1024174090
1086559393
1010269260
1031195931
1038864331
1018404915
1039958043
1004866794
1024911391
1024189393
1037889601
1035879789
1023127895
1013693149
997486651
1000393460
1014472117
1066462627
1028143153
1044353178
1047067191
1024673777
1019703240
1073016642
1032112232
1043824260
1033487311
1035151779
1037557781
1009005358
1006865599
1055497907
990292884
997799554
1015329032
1043055870
1072766872
1029721829
1029876455
1017447675
1062976882
1003955655
1004222128
1029619144
1015382968
1041385055
1031011526
1035505722
1029847209
1025090758
1016335894
1002629355
1002798928
1034005691
996324196
1031178284
1003533111
1053021566
980720337
1045406262
1020730763
1045631535
1003750253
1044908055
992850250
1031683346
1057970823
982935327
989970346
1013906205
991178097
1031825591
1006453952
1011677654
1016946889
1031577647
1006702445
1020501376
1017118014
1017521876
985404377
1037570470
1025117833
1032343576
1039752788
1001248469
1069922201
1046361352
1033935125
1043274314
1044561288
1028115696
1038624146
1054717956
1056822291
1066963739
1023582549
1033047645
1003288405
1043722400
1054368545
1040285075
1091888044
1021697134
1036022296
1031119273
1031736056
1024583560
1034858170
1089978896
1041814503
1040408406
1055658434
1088079682
1051687298
1035429023
1043327388
1066948520
1014461214
1075427915
1023607903
1032405215
1047847914
1029653405
1038448804
1020576168
1040298431
1029404944
1028924393
1054052177
1045035012
1051053348
1033046003
1053185022
1044137004
1104002926
1026662572
1010984323
1040590284
1056055508
1071228259
1061763983
1056533805
1060554328
1051831242
1044333391
1057191119
1048602004
1054862641
1053139441
1035282854
988214678
1031047225
1022845456
1037341056
1022684723
1027988568
1067138813
1022841278
1046702540
1025661134
994660364
989141961
1023538579
1049271645
