88509233452
83645798165
74212994762
72273210579
73629078819
65691426313
73662585032
86823702271
105064503331
104557840291
108660812538
112817640496
109434962166
99992955158
93993070817
82402089186
40037280503
83581751441
92969175569
82820645397
84031430801
87637287312
83329543223
92123476253
92211978385
89239367534
94761137042
88906965435
86567404464
87756103032
83676352394
81213032166
78979395303
66582523673
100858227254
91520101297
97480623699
97858471449
94459099297
106130949856
82763447218
64756663921
72608053938
67809613121
69417966231
75101282471
76027663091
55728286309
79571848047
100664966342
104865526498
86798855044
90057324190
83715716230
97791574958
102561468720
98004759578
105856068192
101922164212
93911571155
91006991420
92530581251
54131185445
68185847784
67972222842
70073983058
73496740111
66816541571
69002747470
72580526099
77329842455
66925328974
67636644074
66693043371
61549129403
63107555185
66351244059
59328001959
62099878788
74622080156
75859453072
83910209931
66234507547
70882987542
62613369210
62777015142
66892659082
65884164468
69482957036
71329917806
67017427411
62711382158
62110413266
62743387220
67537369037
66410732716
66975451645
72176748462
63586349156
68418364298
64106689796
64897098147
65630448977
52733337839
72998344812
68990036961
75553154279
92318361011
96539216513
85785282604
62082149944
45786079237
45509426966
41715621687
49355476120
46895046508
46152925506
46546401122
47663414568
47526759017
50408157067
44922149741
46046121176
43549698210
44281388457
45683665052
44718799937
42588015765
36543120893
74235388986
73066404699
67291907273
69727089296
69463878300
68948811664
70745650918
73565358119
68799798091
73957152684
68739988567
67882732360
99544439513
101645052910
101547041226
90774320645
94669945963
52339226141
75640036238
69394450438
72404324907
72268861070
80169944705
99812150155
93047610986
101782803726
97742774854
95210993367
73127505881
66717801251
69982021684
69230800244
75761722470
159310742986
72277104669
99580105628
50289484746
46535217894
46189044304
45285851262
46525895431
49653753821
44838081411
54816199967
47907846690
47010432297
47941763577
47024268798
50313204678
46476627857
49123497695
50438064625
45138737962
49222300726
46160063350
44008673232
47511985747
44899874563
45666606459
44453758298
44974641519
69110779083
81302062268
68151641244
44612343824
45275315248
46551328435
43556495226
45223367483
41764424625
45469203952
91161162703
96175403306
98267165840
105145957491
104404976441
96904067752
89876395739
89950667759
68915284346
72133648269
72831842055
87610327624
80997566306
76659441714
78848693001
88282157796
68357644518
76132030398
68170548793
67286866380
94335847256
98592241666
95618299305
89365844378
39962807696
37909497291
38008056170
35516822109
83614745961
95973952566
93532743002
87684921618
82061287203
85496092557
70705810580
62817504296
70586301165
64160819601
64650090922
47352376044
44321801944
48174060648
43638205096
43518880884
46445062582
47551377311
45096005196
44417555783
44998746520
42734695235
55586960467
61972524991
76813628315
72844834181
70073949157
75807832535
74977931366
77853628476
67999251712
65920798041
64262641150
67092801750
68725071286
68851487884
68223409823
73514271172
66116467034
72052383258
78516429259
53788993599
103335164405
101303782078
92522708455
92259567101
98174150229
102714438736
93098072787
107396372101
87203936245
66439204901
69182271079
68643851556
63656376339
69006283185
87837090009
67163903633
58125674505
69997394209
90242767254
67767324030
70604708448
76003104177
73007808992
68644553436
50831033775
40574496965
65044335492
66333510837
73877948127
68723422990
68596560651
78266344956
127859296685
136925533137
91606731777
143885477059
44222899845
41354456457
39926779362
42277239167
41862288430
41083257877
39147164515
42448550008
45153973330
43522218065
42361476261
44022639562
44681404307
44078104052
44123661340
44985047679
42475742757
50790049371
82298016931
80905045896
88003768706
76408512529
56117890740
87509912262
87341075227
81672142328
88357226932
76959934573
84300724367
104702136091
104700808329
108584244360
103160226642
114024500589
97171850650
95565641605
83819338846
72154620172
65750412286
69303083020
77540821681
85935206252
80566991440
80533820064
81980379589
99955890054
89145202072
92487590541
96958706643
81979536927
90427725426
76691015798
69174570693
60440736396
78733315954
84737792848
70328481622
72051364597
74766682751
73382897122
80271406359
86435445565
90541291395
89832621709
86709376415
69106075925
66962364712
67977250345
70951191948
71163558809
90444498442
58044177639
93072615827
72855892163
71393281787
71505313646
74437494151
63018566571
40412946099
44062658419
61550512743
68666909560
72949441152
69604247292
66329484978
71797941914
69411159873
72802846375
71181607205
71743110573
73238730143
62318037134
74080132095
71435339555
85582717097
78636701418
79941827938
78063865635
75948562336
40783159123
65052538488
49739173239
39927949347
37858054634
43664422635
42791172517
37988912072
41583501265
39441651585
38732664585
55551812959
66713334162
87612921399
80368090755
64517486929
72491217387
67235074104
75195736794
74943040349
71769531140
73377861709
78933316384
75250275218
77626764500
78016009184
64743594597
67666507154
69538285891
67376398131
53318475766
40073832570
41293975438
41533663027
37163318978
40709353156
40967659335
38751590543
70930182969
73138700673
82839473199
82969039404
77976096970
72737363719
81572350854
68141109344
68495625086
67993214631
66463663427
65733896692
72602422388
65071723482
68808163908
76070672039
72550028627
72257914123
67117914520
77276765245
79191847222
78107438548
75274522071
80391790997
77005128928
70643051479
72907577140
75688901416
75651130697
69130006852
66022910198
68622941920
70873160899
75593356131
73676693269
71907583813
73291158123
47527679123
43060576350
51122528643
46142334232
45060944772
45389050734
43446945308
47728065842
46845186457
47783403051
45842905678
46603523953
57306704769
66879825808
67925997262
71734704883
70118409088
55111032996
54201041651
57966182163
60516017515
96943267166
109644378068
78388643020
74683155208
66995300990
42379184680
38395136306
40998617884
38993060836
36301933153
43153434033
38695949831
42565818409
38804529895
40980737656
39167915425
39112953467
39445436949
39282961734
38441652057
39290660243
40224485570
35757062797
39034603450
37835690203
37999195715
38987636598
36671744792
35647590523
37796976247
38566646632
36725386018
42086814665
40580611293
36713387129
38423678432
80293133064
73062727453
80611668578
210750169450
201513829558
212659373538
222018739800
157224278981
76684315812
58972636307
68783175331
96762834170
103926036990
76796254866
77413690275
75216856306
66714368359
71562358392
65751021520
68148481659
68128426346
71786458505
73571863943
68666863814
71347201371
68842922397
70865136966
70906078702
53407335627
151917072751
183240741685
190102449649
219300768260
219519070532
213524453208
184781571863
81555574800
82836648732
86448223332
67178057323
64717291006
64179460263
38942021891
36882055596
63160561957
72008226207
70059638459
72221216534
65833502444
72981766519
67787117055
69664739629
76404149662
78331238377
75454583309
63688661410
89737435466
102476166297
90289795283
82725406099
91362551992
94174072559
89478675399
101544125727
98136575851
101189484899
103133525607
96081201727
99119488697
92960875737
50508531605
75378139386
46383293310
45483454339
43484554278
47694459689
45811375431
56694678773
87773285530
89321598089
46919967243
45643500631
44839775047
45422487321
45720940650
44434532062
43372110976
43623117813
45378810342
47727197131
45033620008
42570436441
46360701294
43655670121
42324574655
42204962543
42110312308
44215429072
91548115019
77623713874
87024851443
84737267443
82387564939
83881907303
77517786783
45653209388
45098046195
43181571610
45366884234
47490422626
45661091758
62297094141
63430027147
60945401622
66679519485
38955569922
36689670189
35723912869
38145023103
38357296402
38972764616
88205257239
97689634187
90847659135
90761839494
85245048221
94764007792
96622156580
91288875930
95738239498
77063563038
67945710563
64989093034
76345289162
70780903920
72135265370
71061387981
49663781824
79111249189
73108334768
61620975881
69513690596
65491837510
68256336567
67492618760
65680428356
65050536590
65353959698
62936935517
60777692938
63391396472
67253466092
62281538273
69593776905
64249397207
62458803423
76872123035
75348530169
75998414835
81995205528
73523694045
38114259465
34854575167
35273821188
38674375963
38126315478
39991093860
40865492217
39034879644
34715870752
39565164608
37473703415
36935383640
37139745702
37352103279
35984821524
37656382891
35854740694
37417845422
37159210776
35126869866
40706003139
34634121715
38548578055
37500438033
36404736177
38600552590
73278871485
87711568804
83983242647
88504434074
83497363010
83259708101
80875370604
83864892962
84332463410
85457068973
84470625999
84938901093
89421246851
94355602671
89283225102
81344516330
67757180697
60658135664
34900859615
82390655552
73965716287
83094407082
82095973736
84082636193
82803605277
105655322716
94523172133
95592454424
99530939158
94909791870
95443122040
92493144741
119715085921
91065398201
53798620373
37927796412
38639767349
40553848995
37896672785
40064640235
39824391724
40799639540
42178847248
40375168675
53517554271
71682354389
48644787152
74406377877
64595969970
68412061432
66940757411
89941860788
97692988269
79883408412
81175918331
82274362539
75174071974
78928916492
86926650434
70269923698
71035803699
66194356231
70602458165
65138101819
87706613392
99798871287
107877017394
100100137754
108287459948
104335831393
97252510820
98963786498
68014745000
44778653490
70968835908
95135131283
89245503395
82527526971
87533244125
86287025231
91706905875
95159769457
96410026739
95806249051
98477073068
95742174825
86301778285
37020257949
38030901691
47661289286
77503974921
36631436219
40536322968
38165060025
52093395182
92390022334
76340971557
71367250661
71250823565
70111030932
72274253042
72137644648
74223183359
69609380776
75468956069
68297208342
66189291650
65330818997
74089582950
78220675070
45051162299
77206150677
99541701824
97926592889
54320263784
45504522170
46138256507
44680624093
62620119306
86640144612
90719130641
87473463331
94657136615
88455698018
83809181682
88224952106
82453931684
78766865380
42650601471
86776337869
97252109382
75810530672
72818960382
73983675000
77781668737
63154645163
71954247129
66719153856
66904107029
69636031147
98654679671
96199065495
92046820253
91937054095
97031907394
41650620965
41760543759
59961916548
83910535406
66117457320
63436688559
63513495585
72163636507
67276937152
64116450983
68577833845
61525562872
68647657261
63484717151
64023331994
69082118384
81493109779
81273482930
72953311962
64848569085
48726418019
51976958719
69858335868
64708268084
74860721875
71485483788
73608155138
69367665934
76665616801
70838938167
69643184511
68998961055
66134954070
63325785767
67906261757
64648866237
75986312628
70286198738
69730824428
71754575772
62364605240
55410491734
41829189857
73822467418
145545476784
153617837563
114483475645
53957369303
58523647309
57238685078
59986311343
76515041726
69376505415
75631814302
76661336959
75904267001
77542095588
75135736445
52700600445
68036455750
45471604163
44315855116
67265417077
77918145944
79089450297
75023234179
70858913914
65604941271
69010616869
70500259421
70770992440
68925146217
64907611066
65488675611
68526377070
72471407699
71288357140
72417608515
80091254828
41989338006
42473286005
44221714492
44615715097
42843161374
43224324775
44709498760
49576022660
85402757125
93230246826
87585814785
91267078068
97793307565
99993071856
88386864973
86769015978
86317264617
84047348787
48888983538
96478122475
87123440007
96683169655
83864047054
75880626014
84998168445
87329037040
87987374220
89137019703
89371647514
94419765627
88820914126
86724038101
86401323860
82707436439
61241333420
78533043343
45062777306
50144371121
99741256249
94944280456
101744415210
86089040550
61374457601
65323886526
64813382729
61350221033
76711833305
104995329670
101758031335
94912291726
92105123133
82356072028
76069197283
65496764388
71455898001
74067886651
72787023459
74858666709
76178583645
78062869227
69622936024
70020213797
69139748526
64450041639
61415954781
63694758609
73209332757
71063995794
74200941077
74120086837
70412886578
97407103806
96006844239
84893117854
83235634171
82078822720
84645855891
56249083247
88486575543
85982309695
86475979111
87220086091
90791013916
90934017094
86163117476
90342956265
72992440931
91622317003
66057685327
41398710752
85842577668
157471492403
135108062989
68742504715
72858449845
72408174733
75317200294
71144998841
66683181214
37519244886
38727304932
34964463850
38225492102
40201356985
69478933111
85192132653
70139706327
39099350702
38634042078
48989472958
64453006661
75943436175
104704547453
92990665548
100290427342
99600357987
100611771388
94854435755
90180942261
94859445569
87567358822
75014435982
73379900488
60683349614
81797697546
92933115148
96674349538
84485195597
62669432603
66784901050
66912852723
65145254842
67292220604
62037696633
61227251442
66012675949
66383284895
62284298083
65013567131
54494493306
94592067794
88712503437
92743283459
89734192744
88781431030
88091136474
85272461329
83843802450
80386231820
91288917437
83313590402
84348773648
94596260858
87213078227
79894800781
88046718413
87837772656
81423884347
93795831917
93067174775
87756327156
89693059998
105387294088
85359450231
85898507679
97682137205
79612000194
91160591194
88805731716
92980620988
91108343634
89508950243
91754997658
86973505334
95551765081
95500968644
92836324332
96052957890
100938158739
94166391540
99763057288
100596505139
94651472905
95454962549
96116974794
86964261181
94733291957
92267241641
95017445380
95562144182
91840324022
96159894129
90066133753
86718917190
90690009442
91363236021
91319715919
87744353702
91238660680
89873684631
97567400858
96209841461
94536535165
92877950994
93042171049
97382408473
100860499208
91767694706
97679486707
94075052018
91294831933
84842039860
102940559659
88117137713
90967972325
89603769414
88489463137
93267658823
90343787887
94491685878
95721502612
96376039841
87731862145
90456245163
92346671735
86533758371
96272241287
96561933323
86308408275
97732717522
93566492928
87821274218
96160830951
93640106081
88105852166
89537521404
86657270224
84157520761
90544484789
96869327605
91289198971
93245497915
89381728535
68192417967
50953286081
48564296439
71140859963
82488459233
98956684209
76111456349
85374720914
75626482420
205716292681
230438979660
132172771428
59152987601
66876870775
65312144973
66887720666
67041760435
66002960945
68032274668
66162859533
68379274941
69387243676
63478530012
64678600009
65980612542
65994584294
66982940313
72883205002
68368885172
66384215263
61225415948
59994232484
66166014891
69622488063
65611474221
70637687362
71853324083
75248542447
68425035133
67922496049
70337613761
62089800570
72895541543
70078686049
75354254363
71616565749
65809639272
65947115996
64609137681
79882814442
142642034898
148381382187
143498343609
140663895323
130269824327
136558814805
141424638662
139913654848
141368540540
139270396305
137617558476
128274679550
133461754912
126917767164
139039913319
136729281804
132046952895
109368810768
69217920597
70370686934
72251864397
68468755477
70338644603
64767468105
74503671551
69405286295
66904193489
65564888371
70821989078
70957759395
70360480141
67043811752
67852962826
67052931197
68216160081
69554124302
71079816597
70673870865
38059169444
39171762107
36442011716
64302178349
75810424516
68992877231
72536995469
69436561787
70276186351
68804116745
65839396584
73193108596
72112840877
68507019315
72632702637
70181107093
72230574396
65314752771
68700899437
68514832383
69486745245
76036989300
72012861608
72371025932
69798940855
73432560961
72581850449
72300578237
68029264798
66682486825
72849770361
73888949446
73519634709
71257801653
65145708008
70514292502
65657780657
69429300430
69495541630
68401055771
51883802940
38995155257
37117757774
43839763357
69739233435
69592141235
73786879388
66525151723
72520290845
68912010737
68880012830
65237902240
73577178090
70238587598
65828641901
69618183193
65179373640
70858847087
74304684717
71991738265
65093204116
66414472155
67889133122
70223194860
62508496121
67849959318
69677027480
71987652423
72855073959
73579565588
72909250936
73284414536
73021998664
77055059793
70500493890
70795300581
80246915412
75483023314
63719157280
43998549888
41143839216
45568584959
45805976445
44803153452
45208109512
41762869358
44286343721
67583673867
49167119717
45289845689
41983410289
47478814082
43964334051
43789024731
44737515001
43304169008
43210426184
43962255309
40199718544
41180630859
45551757743
43169317952
43620604525
42913552709
44317416389
44778625802
43445543386
44847721998
44594038277
39794216231
42749174675
59230480318
94556585941
93305740121
102668250333
94787763240
103386700889
92164446611
100010772330
100403880544
87783867649
91220134365
89513403989
95071820187
104679444794
92953448160
92312500727
89988290025
100782239229
91775749469
93451359507
94108715984
91923176228
100564604221
96210603376
95577830026
96183923840
88487330773
96135202907
91519041344
97941277772
101850755680
106073668571
102107764928
94805567397
102890832915
97886066049
103292965610
106178280848
100416053318
108462013242
106065490206
101889130917
98945257547
97549368526
100374553735
93156690526
99480725432
102822295979
97099668047
94432736941
92615964930
97042330886
91995835002
101016625932
100935698749
93094521871
94769175401
93596989494
107448187279
111524821773
93905590341
94181166086
100403271602
112045909999
97981837616
100889145236
88271114849
91324269598
102113725458
99755549322
101550516004
101254597499
98526667873
59505136324
48635835494
46116196354
47994974603
45444751090
46760211349
44151751771
95334782520
94062302496
94518320159
92109670851
99058328164
97755003834
97259069692
91470662447
88511851748
94098951211
90984498033
92354671402
96742025581
90621985159
89525248190
97919301680
98632704627
98571272085
95608747471
99307637386
99007139690
88124293696
39907259862
43578905642
63103948729
58409998067
57891999974
79559174984
67132447612
73028509778
70007979555
70948600297
77241211845
67325041795
70840466465
73211417413
76078824336
68842898968
72093661839
40350998812
39048544020
38112073933
37304601704
41199610777
38934590751
43086390790
69128038220
75074336814
71458757687
77890450157
72651191855
80695936355
71974390239
74537566658
75884580276
75456718889
67146681218
75614336425
67689776384
74036269108
77674424509
70436830723
68585240067
74305785635
71179316342
71178592297
72666799904
74160260895
72656344442
72600531691
74841060243
72382965505
73387826879
69824169564
68867387630
67034096657
71189049616
70328512533
56194441614
61152116799
86733488561
92355276779
94098826572
94927305738
89244197854
91679472681
91742549310
90329860020
92330165199
92179098087
93373037800
93596014838
91010795330
85971070427
91887523016
95309501955
92841182919
85577935264
88917338724
43898863948
45256485295
45998935514
45263287176
53724402785
46220931450
44365943793
46653830913
46643608196
46802004669
45233783462
49581924885
45875268223
47099212314
46538882568
43091507507
43409905209
47603896553
46894740697
42721949032
45724303911
44346179861
48950416299
48223629544
47025251381
46157828601
45257883249
43105392520
46001125645
45451841950
47140602481
43693800498
49709920448
47586496175
48119702740
45833445296
44200867072
45476796598
44844557446
43032821079
47087016288
45364746133
47595562704
44880130225
43866347090
46023716990
44260140107
45937796161
43407269127
44671429453
46217046466
47841308388
46423074709
48329940599
44442313634
46452508873
47888136548
45035367358
49669486124
47247039172
47824587049
50476138624
48041992854
45319492172
42801930247
43736333474
48845184621
48267120329
49354040217
45877423955
47970664875
43316406504
45085530377
45486761154
45610634138
45307167759
47644542325
44788545904
48432052087
42087649468
51044685047
47332618457
46097891807
46554746211
48168649350
44749323161
47383426697
41547244601
45694881288
68718992683
87758069523
76076329777
67454676759
60139472778
62798899967
65627997483
70041582321
62719513709
64036227362
66104353683
70139765381
67039330517
68147510009
72362593614
72499897868
69799316030
70853168607
70206230762
67953022289
70062348920
68513135976
69113798705
69495197254
68104370527
72249561229
65999887119
65473559252
65542578563
72103030681
68503575107
70759659826
76354438824
76570989951
99466588180
49738607196
43831522930
47305120865
90686420182
86555576752
104687817154
63215151084
48567398752
47949347533
52652168322
48097331967
47634354847
50797296514
45935354784
47487264602
49244790120
48258247360
51105772118
50018879544
54487803573
46488842449
47236972235
49685115672
64351428775
112697812350
109039667647
104461841310
100875152833
107817809064
100793090531
94484225158
97237741416
90088748898
91502434254
89113007584
94569778049
98084932803
92161708050
93973751545
88860113924
84144839523
85144848939
87502422592
82599662173
87754176901
86055992978
95893081685
100395467694
90509677479
89351035437
96684668362
94615704586
93915987753
95640769569
98294157637
104866809530
101317620503
89023223886
134260150670
212576042399
229655958308
227897255807
222876643019
220223092189
252708980988
240643682607
219219301688
221915363417
221344693798
217094779896
100526297529
101559729195
96775885453
93644389338
100261262348
91608900718
102910877396
102116013212
102712297938
99363977914
101973957588
102682952882
101877184392
103462982741
95467537236
99994764048
101375096872
91917294711
100078438716
92205394659
94069431571
97017069950
93046784697
96233602632
95835576822
74666594010
43710027555
50192155660
45100664664
45035765694
45463567449
47607339289
47532473143
43963264399
48345977560
96869237184
93744315482
101499416980
100012285393
92331960889
102174369092
99891465111
90645119939
99940239134
98753721631
100430945564
94625252446
100280761024
106253320770
103072984513
96025437665
87725086377
65724756379
65984692010
65246085316
65004172686
67195232952
41935727051
37201259091
36449618642
45895302151
64401109322
65350966059
63889527374
65648206330
68682460598
63610447185
67073247853
65741893744
67085914724
71570282513
68778295826
64359392453
63720545149
66995638229
74804373991
73647745267
74721437287
69857537392
70812123395
77187282253
71295889418
76255999679
70796903829
73187833686
69317393007
69287749048
72695984576
70134265383
74405131082
67132717525
69435292261
67144955074
67275886705
76342704201
76653253929
75952240499
74543909409
58006147036
39435758049
39959204834
38757479849
39785183692
40854682228
37953667281
39653420306
37449278938
41287540941
38225213739
36893305342
37281988175
68806177505
72210950070
71889426220
75169498602
80551672016
74509122293
77106181475
76155484490
72553831565
77102932154
71372352981
61505155952
62530307360
67678699998
70915767874
63335051158
67589206932
70645656360
70812173014
63924606032
64285131724
38841533775
37279888194
35294292298
40398080082
35800790225
37283937349
34654302343
37404300683
37115823178
39605784452
38683835716
37653989655
40170338095
39009010523
36242885162
45564554822
68061542091
64194280572
67574505980
69761097277
63532692304
67353399490
67218415160
68368849967
72878070338
63911515833
66783841257
74487934330
69580819258
69024505145
74779002118
72419393681
67792621907
68220422449
70778114799
64401806850
71456872576
70124354151
74806234349
73117560602
69682250338
69834389627
75996887582
73563717861
69750778937
66505009621
69556223096
63537685479
70025339093
70848155095
65853190346
73409239020
63621746229
68146197127
75830937695
70498021423
69204883966
69775433767
72058960417
65377062546
72999342618
71332565318
72233348993
68340235967
69306742769
73945930247
65556570887
72778030818
70860515032
73291452065
69925061702
74021479576
70577924002
65496185422
72337321027
69247388116
71657997781
67403655105
73638960924
66695725300
69392097640
69674295119
64229185897
67402399066
68992309138
73891136074
73903027418
70147217633
71405562345
75059030657
66602990499
73356109188
70409549811
71127287000
69472768528
70338918176
69024909441
70481180033
70436801288
70056158070
73044454803
69941193562
63472585802
69905142742
71444383240
68751005808
73322833408
130299971166
131241550617
48408394414
46678892501
45511371919
45868762981
51382360073
45293139567
86624497397
81511560614
77718338211
74702612766
88645676259
83919759386
54547694377
40030125333
40284540655
35319585178
40996329334
38924176137
38946786556
82744720416
63223386314
64276565048
63783950173
72982433149
98039833673
98308094737
103566871783
93673086568
95817381050
100755280455
88358210909
102814809696
98016631666
101404406915
102416491026
98213427408
104710241413
95334011826
97426618873
95206588288
93754999079
94160714190
93884659053
98304080670
81758097493
47943043245
44207411426
43284082142
50361103893
43168112183
41841302352
46463532849
45929910726
50199373719
47458984806
44108778952
43289067367
45820509489
96264194308
106595016405
95752330065
101085459292
101939479483
103020639304
98225092946
96463709340
97384874803
95817541994
96388429741
95606131178
102631155918
104804258297
107572056842
105081577375
107334874486
101293289054
112388070057
117369166704
97366219470
106692026776
94030330696
106206117718
107746122627
102664664863
94622615839
100213718205
106978929673
102076810869
96277247248
94263727299
92426523858
100930691591
97698060032
102874689688
113687530539
99096622388
98999377804
105990454593
95336107812
107256927492
101681117486
104265236913
95909094993
97111307146
104869825996
101398349664
87652450586
101799544586
95205088824
104139709622
99897257219
92372022313
106046636107
101278377886
97664811385
101205692368
101546741586
97862305098
99168651956
98040956051
102409061591
97216763441
96071032610
100427102987
99480716003
96219740554
94020064979
99977406243
102559167646
100864069036
108540540518
106194449514
110148039029
55915654165
84150933266
110734054145
103761686543
88135576504
86990594125
89736432351
75922397364
43326722984
36980525093
38828828627
56680592066
69761484079
68974582113
74770705026
73551108137
75457249254
70730478440
69246873150
69529488023
71176315052
72169512041
72102344970
72576540705
71058943415
72213115819
69185370894
69769836501
67723469970
86251336017
82153866947
78576106756
126618484023
131705280067
39427829213
40909721494
36258370383
39374609559
36898659613
38232163333
37494241096
36747104644
36890830900
39383112760
41726114912
41307771710
38656097575
40204390418
41766329582
71231120588
75745721808
73041913848
72025494317
75942448588
66694382368
67978474140
39305454750
39534416019
39124231950
41187639958
71860598732
67151246682
71525366627
71314796964
70779245935
73131354213
73766871032
68663634817
75118888762
70780326133
73914584869
74030718206
72209343051
76896965655
72482785207
65681044656
68685369982
70847732168
71587655772
69153582372
73429567654
66754924500
68255380920
71638599475
72118424832
71982644648
70667464406
67039192572
65781847693
68314580610
77064267447
67868669643
70697542573
70062809896
68392875483
70568357286
69659594089
95931887860
132589182923
138842709018
142515925209
139087920956
134183891965
134070887335
134634456899
136498586081
134952678409
138277775654
134852940748
70074242970
62259110614
63490645769
65192375935
65911266403
63496131805
66249984370
61851551961
62811453942
62472929815
63122184564
63508717107
65526798559
64834201240
62312522465
64918309696
63345851177
63679839421
62173816497
66350746989
65302026014
65671716044
64319659634
67461441986
70012385724
65712065617
64455793451
65381512068
69534571648
61886928237
60869611069
61792371749
64652242375
71568606869
65131423662
65903110627
65648127937
67574431814
62950674772
64429454769
67632662069
59622505806
64971174707
64838999261
65198782872
64939665110
66269982886
66295874954
66480936701
61354657023
66255089893
62185951214
59646830783
65565622364
59781818314
64655664535
62038232977
64676755129
67620161457
66999119672
58187266885
56120791408
45461235570
89001514392
79470468373
87417528166
94670286945
100201372176
101891479255
91223238079
90288345884
96963204327
98287994616
92111497415
99242231309
97347350792
98302935269
95609128136
91329925286
91866371659
88511674190
51105811223
44620193827
48355494127
43424903842
43694660386
45977149884
47998396244
47584144226
47112243101
48574613255
49225312430
50564724773
46271601830
92202294790
78870097586
64954140068
61966156951
62507787022
72999478744
63688139775
67455604572
44837496780
36239536363
36093828710
36210589672
34285476819
38501150943
38394087280
39134125818
36787136823
37297012672
36877253319
41001190695
37618175876
39130443383
37595059692
36376854128
39269967446
37594118680
37680302183
38010656676
35278021683
39435265191
43846792426
61863308494
72769183476
65168975239
65281165941
66104435485
65508312649
68220261524
68662727714
67797391057
66772337937
60821906753
68685805279
67770765589
60509790689
68038749451
65125632483
67598723209
70019334200
68780658884
67037892499
63228491010
68589121105
62908031997
60876449562
60705640801
65352767444
67750689380
61698691246
64073217621
66118643034
62267908353
65566300681
63750064432
68609327201
64902172349
63136763976
62373759385
59871190530
70143499049
62291058526
65060760645
61547951802
70436995531
63762609201
65662378980
68780243704
64207421204
60676085334
66300748193
63123326074
77974781865
59957326327
63111022192
66360247414
61416974729
64360367483
69900489400
67909504841
62027073978
61533507847
47563478776
36643404208
36479560102
35521895339
39045436876
40599501692
42149475042
36590939358
34803143115
37565797126
37461332033
36620161004
36645919744
38402641303
38134786493
38038440006
36156258392
36039363432
35632913420
36537588012
37403293496
37315876147
38714459995
37175702621
36432604445
37385010960
36355408764
39726160927
39200475561
41448992121
36808389186
37885533547
37733568674
37262127517
38234458327
36410331846
37369048327
36638704042
39498277139
39750432536
38099870363
37446953328
40389464635
37729867159
37165421159
38629659606
38136612342
67030917771
73361979655
66678870883
77005947466
71635006311
65879213159
80815971413
64988937502
70361309765
72179839119
71378764171
65420167181
77500671156
72302980721
65476275360
71165730823
73165802706
68825920404
68053186012
67127394392
70935449495
72202135935
74588740121
74093744502
66614335726
74912783026
66466833735
77902709674
66556968160
63896065666
69349659353
65206086573
69325046383
68948986007
68522543836
51346769118
117778958280
97193024928
88313804322
61009786696
47411780329
46263367979
82001011454
95234847499
90666152090
93879692753
89738318212
87852382062
91909334902
92514362975
92476515901
104885089541
100897526613
100120386421
93590814817
84908027899
69749828080
75239810925
73420324922
68737737585
71350049588
71256274257
65749642892
69402573485
70089083244
76450061721
76729868376
116903269090
115255734408
102487777749
98570643449
106471288609
104510410082
102455569211
106776931124
98837324778
101261427401
108684548543
92268407237
97707905521
95767413669
98471040921
108698352726
107185768981
109368297206
111502831526
101176716188
104975470481
106553734990
56366922617
46274663928
87545411350
104031861122
108852992076
113357202456
112328396458
109539186413
106491137706
102871279624
109028852032
113851374310
106509242036
103900094661
120196530750
117059518403
111219291213
108101193084
103648418945
108866964428
103939905581
106560335922
107364235499
105192912064
112502979913
105314107935
112103888526
107495177640
101534980102
96276364102
115837977924
104983156762
113509018752
109399794197
102451224289
112195336836
115295882275
108360068259
103930347401
115341592147
102503610312
99046957263
105985929432
114023088960
110647727676
99373425647
111833688424
106401567479
112132947606
97307097707
107937496480
108992560440
117624573874
114698413871
97972519185
100664540733
112418360812
105929892203
100102873214
111962137057
109256852157
101818024822
99916025750
107418232678
106016629661
113607964025
110273987001
59513232698
70401941449
45179747380
49643100931
83442163239
70449485409
69356159624
67951378851
73003028076
72953172188
72872943643
70078631913
68293614657
69063497815
68393011043
71389673173
72650119479
68844896854
69520361468
71512851987
66793320831
69581751967
66118200128
65110620936
65388997963
67337718085
68973445313
69647917930
64478183223
65125944040
65633602903
62700076467
66723856837
70501594511
71693209440
60976924072
65188922757
64438614120
66419656239
68432693515
71950026669
68678732154
70393026412
70240345200
70095200792
73661558702
67697273762
71343608224
71255278509
67533074916
70189235374
77204334850
68251322933
68199199946
69392026477
74512611441
68597932794
73085288398
69768696698
70889058457
71961577445
70924172736
72307929505
69939968243
68633715989
72568434779
75085872392
70927288640
73352657096
75721975630
68646620294
66035997754
50753682471
39115539220
38056837000
38781700496
38177315777
39088648378
36383625733
36177123900
37419591581
37528925466
38707331917
38101339599
36739423721
35930452974
37740260224
37188121901
36280243277
38587261347
56920068145
52064070324
55112834794
73416951726
68311400367
66784330013
68473167908
68023412592
71823340922
71284267336
66695027219
69199009102
69971564363
67966790264
67958028582
68564043759
74311030728
66410427206
72946295829
70239908029
68704455259
63460417822
73108572323
71614249912
64299444704
70098279948
66669868575
64515790389
72765779691
69341504935
73214056765
66704910432
67180699118
70490794109
73746163040
70595947320
67392659489
69732396074
65795742993
70567120505
65328480343
66740572165
72327901341
71284815170
68260849307
74466568705
71115074279
66117863433
71854818379
71581849912
73577093564
71220192461
68252455349
68185438701
72616847581
74227160259
67334702875
74327855505
70421471790
76637906471
71933472889
75661834040
89926220420
94591981458
100256496275
97156208028
100255656480
97695457479
97267301779
91518467406
100446096040
92901371612
102885213735
94200959147
100228553629
100608575053
89440801322
92678097053
102193804827
100562672901
107526159314
102481002220
99081458212
60640570282
74816046620
71677396782
70307559999
43083908851
41235993929
48354250047
76636122345
68243222688
72044785317
71921648997
39459076136
39610089038
36738358484
39091501302
72230343183
91697424055
100729043366
97821432670
100919742714
100553360307
93339471074
98938889820
84879211278
96130177703
98818564200
103403565840
94813871362
97290277739
100913554011
89784658224
91471284992
89733361245
68861245421
67621569883
63720909319
66036457677
70362385366
70969717522
75095379704
67833600304
76081391560
75776155804
74720147695
74006447050
68432678784
76141395435
77430630879
69087727647
68077394546
72611143919
76015216589
66165969073
73585198562
75835376381
72602738430
68387151768
66598826496
73617885617
74226176826
68416566710
72901798909
70946505773
65631457392
68179787409
71791045708
64423886584
71236919429
78418790959
71338832701
72296638825
71260060294
69724395793
76015043813
72261008700
72934566054
67178015692
73989226751
70294562340
69268397512
63736744600
66890725275
67361323337
68399212777
79675322310
69715347387
75552536561
66766005844
69154073759
73889169769
70001768260
75137809391
70122231297
68379926511
73816571911
69862089886
74842813779
66638157108
67343120728
71285553545
67579334548
67630485690
71151105418
71373450569
74400804854
73384944186
73597226009
73110886044
73309474559
73360995420
70732566216
64668211779
72641160287
70347045044
69166917781
68480317099
74292983183
66903570932
64663744114
71934456827
71857951725
69593111163
68097622780
66024605453
69180519308
74637178502
72682239278
66627558629
72907822480
74093498425
68072179068
63393638552
70338574725
74077200661
73813208205
71640246866
68458312874
72824617229
67935043435
65066628182
74246143464
73719306076
65585801952
65332146211
65301064127
68490929182
76834201568
68529927222
72658126435
74636664339
70921331652
67323603017
70133603303
72109750733
74609603827
71629842750
65108726698
72382340195
68742772211
71356475611
68526552400
71924664739
71076714509
69573726373
70224560716
65235856560
74290707714
78991655966
85533731474
86112798342
88991588363
94417890177
93359987328
91243129249
88880371992
82559475861
88993110400
87615799928
86398915474
42832802710
53105443922
70094864801
69254263414
66493263779
64512669430
60027549175
45906471108
44226857943
44397056346
45766864144
44909573131
54270876541
87841376021
85204709720
97614648608
87637191717
86032885902
95216810343
92695429715
81792541938
89926967944
79116872814
86436502528
91587924715
84977468370
82327195485
82589884605
88745622208
80672369881
81342547626
82527790399
80398363204
76975216317
83498555007
87755998704
64700481660
43260964621
44347149284
38968555067
39362913475
44597745043
40759664173
41973489822
51582145961
44867344172
43246474777
46297219103
42300238150
43233798274
44713419414
44566149838
46601156277
44151681063
45576663155
43023352630
43414037539
46556280302
41883215979
42534175822
45702293860
43864794824
44712541021
46002217120
44412688306
41477202998
43720995377
44276593000
43862077003
48599926794
45078165535
44218566892
41286799895
42031088833
45109425864
43565542433
44258475002
46375885219
45524902303
44947973594
43361148200
44186064126
45892652816
47132320943
46368827971
47819296134
46479281355
44665554998
46762937384
44093704959
44561541677
46865847322
46463711624
46726089643
46552865183
45002842408
41653941517
42838206679
43140146880
44422870461
44792904491
43753907280
42212545826
43260742709
46797839259
44778733019
43149668487
43308626837
45399498087
43640862029
44707963938
44978864237
46568969975
43244592154
47767074548
45135078648
44540559776
43505200456
43809722927
45402422212
43847662787
43533855349
43844617038
45603561998
40806219836
41034411477
44529884547
47067599671
42161461924
41451525716
46372397591
41184251482
47475380264
44547451368
48716731731
46715704800
44743505479
42878109679
45164437044
41017518997
47297712780
44349038853
42373591221
46688969144
49811449508
46190501075
47284369665
45207450498
43612558211
46261044351
45754655253
46205560649
41799935489
44941493501
41928029347
44720286096
45307965061
42502515155
46444427179
44989216956
43374991044
48864375116
45391266807
47202716903
44348349404
43449077971
45431669087
40991848580
43966132229
43320561834
44525446764
41732378458
45955836380
44234955118
45365708067
44100875433
43677116955
43591749992
44916995126
45371087940
44055144475
44089344814
43238292432
44642715212
44449697667
46584580356
78404290486
85159667385
85007650570
84489682947
90948834743
85393722695
90605797975
89328349453
90346839212
85985241341
82289802781
79684610839
82060615346
83800366378
84880850453
90122937696
90166060158
82999603646
65559923176
64492533169
63675932249
66182648360
84453288001
77651187928
70033514777
72588145972
69232161440
66683087465
65184037818
92554715280
80898842012
44613449004
37099818030
39489563001
38630283508
37936844774
61654122185
64885610931
63570203250
64472698638
64546296978
58178867433
61328450772
68261898415
59824282570
65923178532
64227110910
68965923970
65105144228
61740370950
62925339666
63500934085
67645766691
67306967761
63143834998
69559957442
77667621975
106139558727
105718497432
93686662030
109867354081
99751750155
102042752962
90351248427
92452254715
92867265851
100779575157
97852659804
96000009756
108133515139
87149414323
101402524262
105439918896
96174084630
98946508729
97376987781
109885742448
94471716366
95096305858
102859546425
98269806343
95233801454
96601238625
91435474342
83604513801
87736569614
94076023539
86346799920
91611548316
87847626334
94001410826
95726584170
91557313845
92225305156
92198723283
86341058018
96818457764
97926415295
96967784759
90790449744
91566732886
90279034386
89643308537
89076888350
97860671628
86225723428
98889421261
94461766815
83947092445
87258271661
91010622201
93385336234
92681427882
87471475528
89376846189
91266584359
92042512870
97229690462
90954536995
93035716885
93277078475
95662477616
97997851670
95728391221
90114301435
88364598531
90621031993
94216921579
79751532317
97531757338
92566229305
94963670540
86051784132
92525232403
86154373755
94928017213
87343465340
91376503012
97751022872
96235391592
94201887932
92473670613
83399579540
90780312164
89940329635
90262588753
84044313515
93593782589
90190898799
88654762999
86337469263
90112148771
88052376524
89511555807
97938551767
92466849000
94951936528
91011339718
63060456992
42859972376
87115384943
97390027265
91096205575
121310003861
117419496129
87149177474
45971750644
46442221291
47147890239
46804993171
46455375548
46250144391
47565962821
76869036486
102009558035
98607961520
97339450444
97843291134
98606176824
95760499359
100102552019
101253069262
95305525603
104348590575
96875700327
97755320973
113475322189
100905852497
83375726867
46120260429
51480119940
49199987827
49241412839
44351434672
50483324756
49892722965
48741506344
48100008147
45881779494
47599370699
48211169635
48701425691
44355859757
44236329186
49064621739
46348559583
47557114730
43531557187
46445677751
46894186047
46836367546
51328229318
47199609821
50105539603
50206224528
102648299247
96187623420
98740463888
99824319717
96269229749
91734296204
102308513518
102823531383
94666488640
107300760157
96108149139
99610464146
98525312414
98509916525
101640899254
96922902944
101192662723
99225814903
103111338371
86830717544
97338057822
109867445083
108441794910
113591026260
112450032759
111030640938
107209379916
103457603048
110340019399
103225924398
112864989617
107699231375
111303269512
103518180641
107879686129
113169805684
105293859074
103537535669
109208112642
104362359698
105883231637
98560844254
103121283608
109916672066
111100413477
106999735010
115631928363
113082722511
107566933835
111601197133
99886030567
103293793106
104857219083
94938809470
106297644786
100088000393
84075580968
90805122173
93094687856
95044784208
86954144552
89309001642
93901111245
98001746200
87080029486
91292683339
84078513157
90714597472
90978698866
93467690319
89033045991
85359726395
97280847967
94076999161
93998506503
91037045482
92483367477
87395453876
94744161168
86698113948
98850140037
85682223947
84748961608
72590248052
68636934337
45330819317
42931528477
77264046344
86335364446
91726538256
96638517135
85719049401
71467028025
73143860963
71947626832
69946838883
69804726730
72322498293
40437263302
37724954088
37402127492
39328049271
40083743771
42368029044
37831741908
69670222502
72690972872
78365759039
80154752772
80543494723
78745437698
74033277398
65651336980
73224158246
76001791177
78614958145
45949037133
40609913314
37863582048
39506922257
41831673464
67600326998
77539493177
43585082630
52522964899
39803968942
38424806133
38142870685
37952753053
58534789949
78744716162
80891644455
77501376910
77303899950
72731820238
80447954769
80508706567
80363280389
72775652180
76081696649
69800566497
66062286493
73832287493
72511084181
71689795241
79129272035
70672112078
73519259309
68855629047
73334268090
69830445568
64751767106
71963149058
74775574688
77074853961
76711671542
68340276899
73015662059
75099357997
73635064605
69867018491
72882834046
67146445559
72291094254
72143306552
68717561509
68649213799
71634619503
73678924413
64185491574
67919029534
69569620118
72297412731
69724826788
69916808388
68729891057
70902958472
68558257362
46081906580
39387786526
41410283081
38105880963
38760215880
40086481242
39639081911
38007887128
38685977641
39153998583
58822573826
67394879631
70775852222
71834746484
77040963084
74716545516
78338765071
74652491350
68216068767
68349676414
68997257081
70090203310
70886568974
72580698379
72758934853
71418414416
72345291738
67985485788
72448564130
75596029216
67676369258
72520351068
71425700725
71758675608
69486270395
67376558332
74563825580
69454965334
70821815838
71118176556
75721660130
69315777666
73893138701
69775939000
71032355454
73880085220
80155698687
84137046716
76397503424
77944296495
81453700993
50383326275
61733477454
68122464396
73985963700
79119802522
78011711723
80271513194
82906917680
76560003885
75552578122
76516434481
83291404513
75888276725
75729812179
77192056516
74062632480
70858695100
82101912671
76165176547
82669966548
71023204559
82109324467
75027450370
76328956029
81894075263
82043530287
79744506887
77081255940
67641345722
39986053799
58344150691
73713157753
69346153170
69810398458
70012810113
69077534397
72291413868
72058189721
69843570374
72500321154
75699865840
66046961543
73054543138
74912048756
69685150802
68971623883
67855161986
70218045922
69420569676
67619312098
73423061695
74837217070
76983607173
72942501641
73593731374
75132326395
82520855881
71079991182
69818877508
70198118580
73485431965
68389222545
67873799515
69886941186
70642050378
45131792118
43748424376
46341017788
46439107106
46804458874
41964556020
42881491135
44059830924
46334833018
42897787659
43384750305
44854745110
44874843206
42732473597
47057947805
45813828208
42723488645
45349758034
42891872330
46159054692
47764136031
44044275897
47882785110
46189209367
42439443240
46088753960
45839717838
58571460333
94076986651
93648464936
92473596864
108435049527
98744923276
96800022014
110797183601
110822254163
105334832562
100669059082
100347630601
101902234472
106272139785
103223344796
104527055297
107309650559
110081122420
111754165433
98801003152
98462672801
103211508922
91734329291
98485821361
90875295172
107445249517
94978935113
92539282589
92230262430
92058751931
94157322084
93791285148
92757153750
98173107869
90539512055
96920110917
95837890170
94861333164
89665494946
99375149877
82849063483
96343653378
89208197781
92568859480
90442634572
97326684549
107814288995
97406330150
94627392522
94466619890
97299456267
98640777518
90329741820
96021892730
93787157168
91421549933
97110232970
86039031651
84978773576
94498423979
93261843519
88072892296
92197288044
98130901721
84977267712
85749810836
95775723918
87535136182
97891838033
86688407420
91641121801
95405857218
89569124079
91959768003
90240836473
85596523498
92821955651
89061763929
99536776983
93225053532
91526887379
94693741201
95229101589
92024950061
102457515207
92947734106
60919769739
80692194138
134605404255
141788923593
161691088164
79186168927
147116322045
192140982571
219015255458
93032610565
73134470537
76788969810
128018501209
70902242989
76433996983
74112532923
71595061310
71170885246
71768668251
78289819764
67040721681
76538557445
73705479961
74877018124
73479126057
74094072106
162630343471
224451369800
227089783050
207425173750
196828842366
204061320367
204758252719
190717086927
219119008252
225230725878
214048423323
219882749129
212589471064
209156012546
223227882609
234857036107
238036047189
242929164730
242039937673
221465416388
221008830662
232445273940
129994256955
50221657831
44112482566
48360975571
47083937222
49749608521
47182967511
49567793605
47908857027
46147352366
48901108954
46622410242
45787406193
50010752676
47327054242
51794607283
48554523526
47093880401
50437677543
50336547317
51281087398
48516059649
53004261618
47175815745
47395992993
48717464748
47349622200
49044796481
47730920729
48306246920
47948319073
46507670156
51257830875
46054584476
48510865148
46121954886
48963148780
46046633361
49164479846
50525424554
50442982234
45409681054
49403748398
47033834259
45701781664
45691165079
47349696433
48789175871
47264768747
49012210201
44359230142
54501714531
165261562451
209040166282
228166525724
217517700772
211677877321
213400830924
192955312766
218983058580
221317522792
214234710493
66845357395
65098452129
47618220853
46031210663
56672935320
75918885402
90962015573
100018829901
71424866084
72604314148
72425913411
71619995398
53176235308
44680913504
46185391967
47368702969
75945941540
74461039429
71457357959
75185450567
73034468088
72207821409
71843648846
77934015039
72156916461
73104366136
74762527356
76704544322
75605845215
66782401892
74057489995
74167399597
70308121616
69552198088
72661610407
76454454595
74219183009
67757535458
71873337942
65488122069
65523766341
67001670235
68178875954
67844721860
68994490931
63671709056
73857331199
76391232063
69148587351
70622781904
69415783226
72458133418
76098461082
69735396348
73632967889
68387153168
72991384470
72105209411
76531442904
74064087638
70175991902
68424945853
75105845121
69978648128
68765345123
67964666292
74253313202
69727185544
73901783294
72561071249
68876345404
45758699082
36321870018
37753276293
38892598422
39909151933
40458087293
35337249927
35943303857
36767595414
40081284761
37775929517
37979957507
38210396498
35217756902
39670625020
35623499529
37723804467
36042475764
38351637468
34159594948
35225836099
36108082818
35675510139
38525068627
35794808330
35688919431
38334754699
41347584647
38703189234
40467740632
36675121574
35774511914
36325921192
38726774351
37475645017
36928468367
36011346677
37260379631
39273786048
36903548224
36832664362
38317566312
37313328818
37612919445
38227954903
36613110608
38226939287
35348805268
38680165224
35213962547
36983456334
37547402395
37017057157
35942331962
32452739317
37542380019
36766158452
39290100644
35041411829
37821736983
34784473620
38230396279
36783501693
36179515512
37572245058
45561122212
37363244165
36634611370
34438053217
39711875975
39374823613
55675185712
63246583406
65688801656
68963861530
69162491933
72756491680
69580021208
71855163870
70635040882
71419666743
68932959918
71694797054
73125534383
70782439927
69696392423
66402262672
68272297485
72324767141
70480251401
67557612614
72592880217
69342361852
72984555545
63744042214
60233246258
39669609155
50140462537
71464873540
68221031952
74080844313
68633836334
71618460091
70537414935
68295404633
68126815442
70217499777
69465217641
65911145024
76245754434
65164295137
70939543638
70963992600
72628346906
69063721753
73983064113
69938267228
70334115464
76104275882
66890911085
70743586643
67376110295
72952187699
73002269652
76341778168
70846516830
71571852460
74365483413
68159539790
67070300674
65222008385
65360620364
64837125275
67281612047
68305446905
68270516843
73599555528
73687480427
71411461250
68129287070
66858817844
76418364588
74454332319
72852437665
74709704140
75111521360
75559549199
73619113336
76355292487
70234933201
81046324742
90352848217
88023178668
93798308409
76314319046
70529469461
76003176588
64140600263
74118078312
68127701280
71711722946
67332003219
78465572840
73752330286
74842481389
69530263227
78003747437
71908628757
71952433751
78113523111
72768579267
66381403085
73413497378
73084191197
73105843711
69438741409
73810427898
67408422300
76704496436
71371300382
70277684986
73289850607
70393555356
71721520652
69683187998
72511940896
81475576308
71243870527
74403686893
66421918483
71128957892
64173922370
69872118730
74652327667
74386482673
68877797827
67828589081
67537440682
71733759902
70579310789
70784067519
69294874308
69675704933
46915838979
37879091949
39459514592
38119980136
39903790243
37744994479
36862682764
38008880535
38185278814
35414482042
36874138604
37342333041
34428623771
38009081651
38606386386
37761080702
36731286679
37030288980
37328926334
56436043154
43507414450
47580016591
48163040162
52404624757
48366474285
46904553634
49871355837
46163270915
47281973687
48302078498
47287356242
47164130156
51640279153
48824410027
49235507181
47715944775
46601365503
46318924750
50223498608
47690634697
49580946385
49983067441
46983929116
45103925943
47095026227
48210061236
45428292667
48418227493
47104705364
49283083339
48876618802
49540428167
48880700134
63740362561
90381489963
94782211611
105495471246
103755374327
96907053916
98008777146
92224741024
108611127007
104288258138
104731678048
102124298020
100347156011
109440602732
97594611884
97472166774
92687488475
100420952880
100652057777
104451602300
99294126197
99871145338
96205006273
98764850074
98028655308
97950464913
68413800296
67167514950
66898590993
71208144584
63751334846
60294206675
63674757157
65225062405
64248059943
50750174968
36233176065
39253301235
35376190200
36987951554
37991402280
35716454147
39455911411
37091918022
36023420562
38220519705
35735215713
36734943217
40172558715
40551814715
42399190436
91422186801
78441808928
74060687792
85361414358
80516755341
77338340011
80441230264
77806865369
80053051327
74247197243
41775103209
38085030523
73171180375
63764569188
59069330323
65185278776
63778324888
60271156768
61227405131
50458013659
46298836834
45105420232
52998989009
67188293655
71168716654
73766883667
72695934124
81075341523
73777466632
71442445770
69743774762
87789832458
83980622350
77354385988
36221654597
37966122920
38216525140
39069383800
39191160821
37016095469
37214092841
76363311787
70309042517
68934560609
73884868311
67465447926
67824868947
67707602069
70577516223
76084938751
68239079309
69173240643
62797608035
67966439207
71571387652
70296841894
67515208766
71401364475
74451222293
76287769036
70491197299
74427100996
73611962739
66741262678
73642573137
62684362931
68772049271
67044732174
66621937484
66542156132
76575289593
76514059819
61505324416
66035582142
64674180512
65573741468
69216454273
68927632474
65854657077
64608804289
60689212032
61876392934
66066190712
62604174694
68008141140
62113242369
60703337613
71125266545
60102307937
68452188793
66980777588
60579439661
63286260153
59512191502
66574486812
63809196579
61957336837
59357553109
62090335505
62749795754
66246203456
61130892538
64458559005
64507243199
58905306284
64043277727
59663272187
61894094169
63003262215
59343371214
68138230289
63803730058
65029140841
63877005194
68133714472
63688453407
64232608532
65722332465
66163328234
66099252871
62812489316
61774137739
67633097333
58914276392
69474899671
62050738646
66512816713
62337371868
67591442481
36827554812
36379865849
34561811619
37074549655
98329136515
69507978476
66464820154
64789707132
61811970195
61458731855
63700605359
63473092491
64628181685
62709529035
65549950004
69995272201
69635562908
65918175493
71344982465
69357989335
65789640171
64903260242
67790374400
64728825599
67007078589
64670862297
68037302548
69108506630
65153202609
67686783182
64401240158
66572203517
66454015906
61057960855
63110103259
66026268709
63685369401
62842589370
66833067656
66090976786
65290290075
64244766148
66330879139
65815406833
66124778026
67313003337
74172001403
71754994504
69816238941
74420809277
75851831229
74924310923
69627660252
71984426859
78786977725
71085528704
70174098271
78170753789
67776786359
70014993832
65626057468
68767732469
64710560341
79673245250
69958063275
63135238414
51291236090
73852366302
69056485296
68161771700
70290980105
73702382436
67154804737
75851245783
81007628362
70306759842
71493191379
70178111147
69938641274
72307563619
70523064720
70873908788
67547092428
70742648393
73758248469
69371941120
70327285835
70433400461
79898149072
78269697451
80475835830
82893524660
75254889619
76809534115
77371072676
68450055031
67891387414
71207880081
70809476139
65265696921
55767751469
69574530312
78113885176
69861404927
45423270162
37529318500
38105454807
38644276174
35341594122
38063307261
47988563675
68177583502
74344673497
71561805911
69251835203
67849022903
70607800319
68367266961
71353189017
71350089898
66928747943
70737579587
69058845039
69766932252
72487773914
74205294598
71173539952
71218323787
68673899089
69259847345
67831545269
74555278796
69074135621
67959222129
45719938189
38965640889
40962244013
43987560638
39398499527
40126571005
38349389186
34379087598
37366790433
67513943777
77331175433
72354563134
72028717240
69707298261
72096275059
67258836028
77939851910
74710194510
72444879277
72363669113
67909536086
66084343638
73105343318
71160306199
69261225333
65291892319
71101140662
71182016649
75333875030
82503729717
79873504284
84396198954
66743844855
36930642804
38473463901
38615562319
40393647876
38162369185
35946895983
38595784565
38590198879
36814138799
59415397826
72446477695
68439354599
69489282999
70433265840
68541127352
70145876946
66115963435
71918052823
72608049500
70149217128
66245997738
78560896229
73522475243
69465687477
70124121256
72228086664
77226208627
71539942125
69860742418
66197805244
64990395580
68179385910
67635272115
66686250080
72517056549
69444702790
68290558603
73315219664
67307728940
68598986208
69794302166
66044351134
72444886782
71988709525
74628564581
75035710994
69043007199
72702292785
61805974956
75415941314
97483072058
96290110158
97227372312
94504176248
101417140550
101260332247
93521214080
96601801691
97387794752
101799094017
97204438902
98510643774
95440348031
98787259440
93864708686
95169376550
95992425663
99085766346
99202970059
94373121406
101356711464
71403706960
77346400666
72777113566
49491092820
41139345016
39749069655
39127249831
36395864356
37399473504
36698730876
37369075331
36857485138
38638291425
38742071863
38045263897
68117183842
75254989003
85609251349
80707338825
80566888849
80435792861
89227287527
98280494867
96627300246
67744902343
68863232509
96574104020
94327923845
94309458027
97457605604
100948492798
97666428713
98359215048
105600554152
91720888504
101067147154
96902204942
110881599098
103464949954
104503494896
98198392670
98812023790
102313284904
88124985890
96087980705
94465257129
95175318732
107492207016
100174050120
95990972126
96740014154
93596549390
96669369684
89367116737
97849186529
95135707022
98134465421
94405360872
95809731527
97193487971
101023292146
56778224981
49394130371
51786537288
46774051603
45625607808
48292315838
47710238089
44552630343
49984265175
47533498098
51987126125
44177800986
47279708167
78111523881
75293950402
49073930165
47815486408
49183973924
46534761278
47667462259
50041885198
51550782948
53561903110
45721075280
49727473386
50338407061
49149504821
51058332449
49237887786
48817575446
48439570783
48452387251
49940590245
47419257783
47656740890
44947664083
51209460200
46117306210
46568310015
51397807341
45076455175
46337885254
48880465933
49039541061
45438562156
51638142274
49761774634
47726344501
57979681225
76823460955
70525228195
73163025608
70182313390
91052199195
95000889119
78991086218
76147906581
75148159301
77339455289
73482592145
72452220870
73072825796
74896955762
76273875183
70212169180
77235291394
76274576263
78827900475
69925016483
71642287898
70615394767
75048304331
75305039377
76709642702
71985382227
72109889522
64170931432
75335220544
72809479846
73113961989
72046341892
72059116590
153713090186
230089353727
233806314331
197801142656
213146628232
202360875293
212671444206
224781574869
233250387901
216271406108
100985054360
68815082001
73707832154
79276798783
72005769681
75174668496
105150648250
110415203999
109446691850
101653264443
103312207888
100042607832
58513470982
36520858030
35201855263
38054671192
60764780074
76236949492
65440946291
78076958728
96927731265
98030430897
94596331756
90895110614
91412235439
97334743572
98514841602
96434355844
96357159536
95601723472
103948138818
99996699584
98166113977
103520676582
96266520689
95199157488
104978256088
88269617877
92166628161
100848111128
97897600277
102038377534
105250852797
91940628480
98691503142
95037427388
92055524925
100069735013
104791144736
105100982794
104428973222
89642474627
103284419446
95986726435
95940741210
102817541558
99804437904
91162219928
84348348974
94482228750
83202636855
99949412661
74384868732
83243395973
105449767658
103113613395
105799609328
103971915492
107242745853
101127034570
108571628081
100066057251
96837743469
99220100322
92618303549
98235980185
102140905056
98919612034
103575770339
95574348018
94619462624
86323003856
90844158516
99493643588
108941656719
92236242210
105298483362
94422538862
98532970988
107280208418
98067272101
101619146654
107788535955
101857423576
98148100261
96664086645
100888222226
104243501935
100754053372
93354544834
93899872378
98148054949
98711104430
101137041577
100468861395
97510099648
101800372309
96155341861
95647564803
99291480037
94239141251
98592028105
98812030660
100643623755
95540201059
99012890378
94273881130
94314974828
94852581075
95057434356
94796912975
103944330445
104089718065
101537097390
108104950304
94406239138
58231609676
76538091637
72862440048
70077035127
74027256845
74776083150
69044280921
69943781484
66257258737
71861083360
73452974413
74566365838
66371250140
68379492919
69751650023
72568063534
74928589834
110557256828
103517929697
79922737228
94731810278
98345291890
97643840512
89541305442
96010220179
91011885119
100213349329
106490894312
99724351084
96157344569
89010964999
69017926148
69582094012
64539590472
63467614452
73956635719
65462408428
82113298142
82789548024
81931005756
81602097711
82324488213
79453367328
77818689572
76783937658
81711458772
69888679014
76593482039
80284153723
69094005203
73608048566
66104892257
70684217714
70949480194
72022290001
68433429085
69981707864
71392626691
73561857938
75006539737
71720683743
76959530172
65322369946
67337775184
70925931528
70250894504
72017443913
74713575311
69368033759
70392059090
68847291545
71321413151
73588031512
68035534202
72772574008
60524806440
36443328671
36353658747
38696008754
37854330558
38690265110
36638944245
38372363479
37765710603
38694844939
35924464480
36264874561
37865372634
57365023378
69049159642
69070404029
69571960384
69592346571
70046394654
76086523883
69790959973
69574601577
65338158386
76026532036
71190434329
74425592042
69161404999
73878100664
67932145735
75622791516
76903908516
69300570164
69162356938
78385237271
75047874573
78659483402
80120901918
73739119006
77537719364
78653454397
71316749177
81140179091
76525347477
75164857369
82895209560
80174559052
79337020964
76456173829
79275346977
77075651791
82363039066
76650083306
78149767185
77980318740
75161242881
75400358080
77106923501
82484474220
87679038449
75417347897
74592298177
70986940065
60313004208
68667513520
62194988436
65250064523
63048261444
61617834559
64404640140
61484862144
62583946341
66643981251
64598154530
67153490866
61542966154
66314513370
68605907913
63024933138
66540966958
66001185284
65354281249
64278322618
67887879267
68302216286
69459899508
65951765760
65587508295
58918460812
67364747511
66712749255
59462004968
65993068330
59897774065
61508117686
50221027679
78183388660
103794560364
94382739715
58686030325
108756088683
108223636297
101637147094
83898352850
83273848686
88768242310
82767867407
45181442340
45821983089
45609490433
90330242309
92124784286
89960366382
73275678572
39971483480
41243850162
36256132631
37940959247
42517204359
38028531963
39040148696
39492202022
36659416635
40591821769
37548048559
39685228860
37670396900
37536666252
38275193415
37142794062
40460847543
39067988341
36907014659
39753356395
35637204877
37536679187
39049403821
37069288574
40027977612
39231278848
46723955511
68702235345
69724123417
66558067810
72166962144
66421794372
54074066524
41710484138
39582231849
37626020912
35712145764
40081687971
36974400417
38049557606
40384628808
36259294489
38579825018
40030341460
38578360028
36701719159
37639111616
38963199926
37417661189
61798729427
68965948800
71675657741
68680921148
41979925171
39182455665
41493839960
39527296243
39336405772
38946020969
38713587072
37054387855
37670898490
40606153572
39778738881
39242072957
37878922538
33319878567
41239650779
36744116724
34955825911
36342314269
37227233736
40069318694
37837272311
43000838453
37513158436
38434542566
37782206765
37871293401
36901644587
36807565273
40021809986
34369663881
60930429173
69282837342
79541610187
72313887954
67314873628
72019178046
70096744684
75590326616
71276039861
43217222974
40199457623
85854606210
63685893994
66582942828
66126573588
65003224731
69565488018
66651740497
66558102030
69824121127
67455803865
63753713146
78544142091
74184428487
68540098920
72820819166
70790006172
70666258334
67079496682
73318682906
43289412192
38031388759
37459532558
38506481711
36607227367
37359274282
39356180546
38738270896
41763798309
43157547806
37572929594
37002227929
38162335904
39434131036
49642731831
74792122809
67474328701
70593957632
74276328090
71881347524
66401230806
68928950173
70647089744
73865780238
70843819906
68221943849
69577333563
75062162638
72796844691
70088282128
70407956809
67002968020
71847266333
74297854771
70133496065
71461776782
73475319746
68629981623
78092205967
72171355282
70477904611
66671351429
68889396648
70988559933
71702444135
71179444309
73035247711
75253152666
69703799446
74240888258
72526470940
68542294932
70645232891
72436789712
70084120932
69471021141
70160755390
68483508008
80731882087
68618138426
66717701773
70986691976
76290763497
67173263618
38209434563
38177444382
38571507762
37048917625
38318594759
37468643150
38853805814
36726513827
37456914170
39224553090
36859735992
36736897221
36116183554
35658725973
37578376770
37432227907
36020207489
36048849964
37488407741
38126221610
38721268654
50657648251
57112066294
63612725463
64502192665
76497682881
70513470892
72697961497
68540490739
73537281947
72450322107
68253388255
79454098726
78823725736
126972175913
141759586972
139400586815
135950552429
133563252039
142253657886
126969399664
141758207515
138167919897
131108332095
54135725143
52599444780
87970139275
147251832702
76941512829
56605309097
55906213854
55667771171
127594973963
134756979390
134345254798
145311519750
138847120565
142214684638
67501038006
58666260922
52132828893
76421242824
146307482740
145516241567
137027702959
140765609184
138249565536
138715568062
138861715116
134748334598
124452837015
135556895507
134876775426
128624400268
138294923707
135685699875
131262843279
126843167066
131394264739
120511086705
53721689983
51763527553
56014791989
79108925843
136574165333
131964961339
130588069340
130541312710
132783198694
146122332286
138363316329
146860043350
142402487432
128674408420
134263326983
74150132538
56666772632
55704278422
55721537915
53227228190
60303168695
55620918447
53869839403
52298980449
53251055364
61242517054
52493497003
56166967216
55367813916
53757435194
76841979945
138538888559
132641248072
54292179724
93687016457
143738236967
148169165512
141341353752
137428247244
138814367485
137811249700
139399009700
148428852994
136726262183
135151536202
139212695184
138969065934
138594065057
142454679129
132406957459
117897108058
51635910008
62919139343
57923174040
59201610732
53534430923
54214874538
54396624760
52317708756
76241217960
95887499672
88900469645
87731760350
66641145825
45788946838
109378538438
111503415027
105176013601
110281914335
111454737702
107246349013
104719723956
70294060748
67334183637
63911325755
67384684981
65981897433
67743687571
60322084861
62595763201
63514427129
72072900531
65866604535
68458113646
66435717920
66219389794
62479493682
70731413948
66569146738
60532888548
64466359391
68469772994
68674879336
64541219619
65575499538
61289391792
63985205150
64814674857
68141090945
72854130346
61478458827
60448384391
63432684012
64538311592
71618305554
64386322159
61776348971
61380631661
71312437849
63575323639
64990132809
66258403346
62369223355
62690656572
65986166022
67563454529
63508728273
64837324061
65362263963
68152475899
67416524195
65071097221
63531356052
63703725141
66563039912
69271771171
70184121679
64814952499
62342591735
65996632579
69253235250
61230467584
62436629171
67973137873
62631326590
60751841306
64653612433
66473427735
61391777844
60847547823
61172038927
60320928764
65437459899
60528257446
60681752204
64402741790
65464495444
64477015294
64481062190
66857371568
64975806417
64870435158
65107688594
63267605772
64158437650
64986967745
64951614085
71078256908
66392417771
65474913699
65952787527
63786625850
63596850334
65992563120
64660470927
62910275941
65309125639
68687025334
67095842319
69525841630
67922830018
63968086545
37439665884
36183254867
37878789276
37262688426
58100111255
69025652539
68580382320
63335850988
63716022174
65816024460
67043397172
69705754967
65346199361
67416025923
66679843809
63358042346
66150296816
68052614843
69225269378
62320518733
67097988568
62313570004
62232667887
65724372839
66017090997
64270219796
66854546161
61914465093
64940401331
61692359199
73741101791
65219788808
65152425883
63378903233
68438433151
66698552425
66220605592
69596425060
63463773505
68734756893
69042332285
61870070530
64151711429
72134188133
48607541845
34508476253
36434423676
39624078587
36587950588
37661973039
35676057783
38199688793
37476536886
39495202796
37449223678
38119582482
34469946210
35831824590
38507882142
38365525828
38759746018
37240321388
35507843492
41059917490
37898266231
36947774302
40096233479
37934342825
37971209330
38852651675
35762745674
37669434147
36262772752
37292311740
35244039403
35871240137
38739457180
37344280817
36245965345
37192492333
50854475907
57194588807
66819172577
74380913606
55209890157
39320393539
52150288656
67540290947
70997890478
56706862298
39990213788
37769919966
38531958768
37513553247
36603855509
37665784480
37307616056
39117821099
37549031751
38394915869
38525841821
76446332464
87944930976
89293435659
89397084679
95243883639
93849097870
89756728451
93195515771
95520479125
86480863429
83320283577
94095406619
92239974495
88111671926
94957338315
93984732973
89034452020
79178791839
95942267651
97153433526
100322274967
90839605557
87990864991
98850987608
87329091873
96465498323
86900050176
93022181026
84584042374
87725587640
102879889653
86295073767
86028397667
89992013182
91227063409
87831261064
91221731984
82280969710
93120510920
89366202456
88811877600
91148576875
90365580410
90398618042
87374398179
89420885588
87753414858
98588346361
103672261834
105625576892
111303012637
115031328691
111873669726
116010538537
117088214426
109406946249
112695360676
117354855992
112481718792
105275552277
107062926848
105104703080
104212367069
118206013510
114771059005
112364375941
106223108263
105934521048
105896529195
109962121031
107228813901
107739338959
95457575386
96540089285
104505948765
96521020699
94843302270
97855821790
100544271154
106457490366
99331914247
104258871669
98470969205
95553168021
101001079462
98325540769
93676813064
100368153203
97607086037
99788924225
91867970159
102244717279
99514838807
100580504603
97654663883
46018259230
48804563659
47510974234
47996031883
48920357179
47826759598
50288719004
48514197474
49340721884
48591016926
48785456686
45078456465
46190938951
45037703561
49649936443
45742046719
46646812076
47779758869
46851239559
47716529711
45849866559
46987840064
45122071537
46459540963
46317513663
48664172432
45449938524
50534008597
48147417213
50480595846
51237068695
46917550785
54988030066
50833677242
49266388797
50650118347
47388867188
43590453697
77431214575
57362911972
37570149537
66655941610
67416676814
75758644001
63394978885
66616227859
66643803908
63559176127
68764725108
69508607104
53763951467
45253545544
49414752144
100056833312
93820389929
97543227391
97736477693
100742783870
98381867686
70800324993
76379364733
72357543569
48585968435
47592959757
46904045793
46252095873
61216437695
104254314803
109834232939
100019842990
112226442256
96753392174
117404878516
107768079791
106959401781
111098700289
105710325720
100409476676
99243207627
99744071565
110006891369
103727276969
111368953430
109003089747
47667561630
39566785219
41084083102
37085115865
40328734285
37831093222
50063179090
66963094889
72793141021
69507161694
74383690030
70956417003
94402986036
87635986953
90134874409
88989604480
91351461401
94594218032
90657516528
88777657516
84421078280
87933316647
88948944308
94286439217
92389586895
94823307996
96448805550
99365922504
97142220774
98909084023
98712908089
97441052751
94380243822
91253262448
91834235596
96330987730
98058902787
93642969113
95847643459
93407679795
92526608834
89615788587
94614276740
108055268762
87713265155
91039914348
92952962764
91856995535
95866002841
87727201732
94856437548
91700224478
93401690650
94085673362
93976653264
99772617826
97862868201
95851797434
97552696629
91930459864
94870962006
96330764159
88638570117
91045780597
95349665621
88517451485
90830055681
86562098905
90319270734
92332578425
80901308663
89608267020
89795306020
94304733640
99412889233
96995752197
89495342410
94348366331
89610576924
88105316162
89800488508
93858063735
98117656952
87805535523
88138501297
95827962419
93098520062
93262854761
93818981385
96735680273
93822989847
105032848508
83095123226
78392609062
67951971403
66149449439
89247099420
127682145663
138302683003
113499273766
64038369037
60776217821
63359379284
66112333226
64090002003
66439488238
64173048757
61242656799
69413859562
60801104344
65231637837
65885010399
63281686598
71199325993
67847066397
58987546676
36525763042
36770283539
36905710354
38675653221
39147705723
37984722240
35826208102
37653026283
37524728709
36693945271
37212445151
34816971313
38618689551
37929600327
36521448054
39409431829
53258785593
69026199519
69306555887
39024631483
37213381760
33839952154
39428215596
34317120921
47576732224
35043429781
37318593101
36281089185
35979278238
39028034284
139113398952
141790906418
129636294464
144476820453
114978089247
64830203581
63872601311
59801438453
41243825804
35161072564
35031723534
39889695872
35217492864
37973337902
36463077380
37655846765
37691230853
38047356951
35600110852
38003401956
38130670314
40075854766
37317241103
37927452151
38430562331
68662839845
64733531337
66032426602
64622343912
63698519119
61368029388
67281836640
41365718392
51018106218
64748833289
66712023469
66618727741
64973851943
64848691541
65008445504
62509566858
65066999867
62729539847
67471591355
61665103634
67049798349
66038500605
53652503402
67464940361
64098553587
65838958172
64714442538
61055672360
63389160539
65713128108
62293011718
60373546655
66532711708
63327958366
67601494609
63341330908
72187025988
62216551266
66334628433
65988021290
65786882060
64440845794
64759991394
63647065080
66243901905
65960266038
70547301483
67349745002
67160438544
41022528176
37236324928
36216354260
35190857303
36822619333
36709739500
54242484479
60307865463
61963487548
63477424255
59627292344
63153411190
69077420530
66416358879
61444942868
59115269760
68052552525
66392583022
63591691773
64437601753
65884536306
70059440357
62465452466
63649248169
57291745851
63704954803
68114936784
65931565788
68028548012
67848251016
48730861770
34858671747
35625856974
39220285366
36116983097
36136546357
39456094100
37953432710
35945745176
39739784671
36488878141
38473314164
59524811641
63933095751
61135788665
67456023841
64513167838
65047667328
65341846238
69128580523
65299296508
67138946743
66191520896
63437637939
63726496254
67641280623
66538349758
69931610677
66469643580
65195106781
66738143338
68380198150
65601223347
59908476401
67848355276
66022687752
66291406359
62860061960
66680780094
68429827044
62652400554
61797700534
63957955986
68081527149
58473779447
57978975429
41447585636
70537533004
96787731507
88715844651
85512740296
93125880376
89387654962
83358544594
89971688209
90480130414
84335382636
41902538673
42524290031
37937372397
38226118156
38104066082
53676595918
66431880867
73636287397
74534464700
74735772507
42392638248
39494765743
39418748544
38540919626
39493095474
42348026081
40689541937
38882274896
40585201192
39300002788
38810297551
39878111430
38861176852
61789770395
68237241662
69924278232
77296880870
72236160460
39661738682
37114432701
41780575118
39676788139
47948695256
76202321114
73389401986
68540301681
71193679418
72445216505
71608866357
75200724262
74359784010
78195789659
73254486844
80259940140
75229553199
75596269552
77995139084
68289914105
69368544616
71459635179
74295056865
74707130808
76223159579
71511367832
73619735564
73132507432
73134977816
71013068388
65408790199
43702520664
44365914825
42613841337
44097926387
46619517351
41784767430
45847263384
42396504812
43330890796
44359554715
45144436424
44138342056
67712612578
78972010022
79537769097
66396447868
64351267098
70026183874
72996743797
71514473699
70681261968
76273745469
73685798905
74324884102
77360622829
71661683543
70872967119
71904828273
68107527660
66938801979
43973982283
43286810357
41971166873
42558128437
45892363205
40798275686
45088022528
43840763766
43951359660
45023371893
46743780697
44521143612
77485301629
66796977169
69282610895
69892995257
72761520341
73744207687
71223499433
71713362503
73471317782
75442492601
77802112998
78484047999
81507737428
70299811392
69101363045
89575194001
96816136877
99060121470
109223344413
103656328537
113545995610
107315274416
97718638778
102237211088
101279094577
99486164448
96464343653
91826533092
99884866082
101944226680
101862482314
106387300571
106623272496
104981292945
109581120187
109456850907
106040602388
113490299506
103966061385
110653585064
107530403196
105871104789
98063345336
109756395460
106657028859
106762869673
106365829431
100224402449
109012840585
102988128813
105374624512
116981427225
109538010232
114525524770
87439696346
49597952520
41256295017
73649101561
73210207654
112433974053
102235619106
97709926028
143845561870
104705501809
85472108543
70628601871
70925390263
63803215192
76369628105
48617078440
39509640526
38106678730
37177277459
37226833036
64997691731
72426362108
66639863760
70768196418
74720085977
74663462305
69636467140
68658742341
71183525620
74811041671
73029138407
69870340302
77069510561
73331668741
89019692885
106570162825
100795087328
104140261001
89454953485
99474331794
95966908374
101283061697
97760856109
99685316516
92543823856
100424620053
104094781123
64897527977
46955824409
47346384636
50425503827
43952376182
47147917400
47932848724
48755576512
47172299548
52750430511
47279711067
51951947899
48893059273
51025354631
49171494810
48086034084
46160272713
50589772443
48629235491
50523124920
47336680603
73887659704
100448305119
76458870960
47962978539
50408732981
45899114450
99986756832
111974905820
112955897879
107536497795
111775258860
102013654584
117273152259
106678582686
109515096858
126256154820
119405355402
112475195033
113054443491
115012688343
109888776858
108564220420
111024696573
111365337316
112046216818
115036469411
101984912115
102618041634
107465406846
106182219709
106202142690
104426872935
108913068120
111335112828
108460788204
115109629599
111474502830
109495120813
113082384803
113864472759
105132916703
110226910466
116135652221
112007790566
104923907733
109563296136
105198559172
107283011677
104330772615
95571058833
102412854656
115399058850
114062301747
106571514658
78971347883
49906231696
48983050032
46944617324
48466488860
49666739307
53145825451
50619116176
49817264980
48359152333
46814235263
49660429690
50244402518
48221426193
51632950349
45715304489
49346938901
48286498818
52142248527
51562547606
50130277441
49857967086
50069736311
46505598883
52709892782
49682238399
52090678720
50313490042
52687186614
50368347500
48509590855
81609883570
94169534450
66334298106
64264629421
60835767094
62551292675
65696821062
59674637843
75952385018
96933977563
105641877753
103564261110
102093947172
109129829218
106434535621
103473189010
78470570679
108968632836
109125473696
91271846926
105951394329
102273342319
104708316623
80995600697
56570252926
102702840585
50405433340
48670992410
46327336858
45533682816
51042018060
45232399251
52508095288
49636610497
46838945397
47940802992
47491295010
47490064684
47417890171
46415708770
44892776570
47282028454
45875871591
45532787891
48228560868
44436218826
43511218413
49168299008
45641479594
44629049272
50074321173
46063306367
46941636036
50770279249
49800674873
49112928639
81892786848
85105536395
85307456395
82781682955
97708296290
88115240166
90502677403
51983045461
46680215192
44580068154
44956660367
49015066459
47841872728
45767086840
45687687713
44582176026
47132959516
43098469722
43690727603
45607301214
45769708036
45099398663
45994908896
44947229927
46020293002
46524530868
46445889057
45904454375
46906379496
45688918659
45541878668
45649676692
50299298079
44734059626
45744026068
78824025583
97641783696
94836108110
94085692974
88890264078
91863698000
100518629004
85123437627
89809976870
96263970498
93622531848
95999419222
90569363359
88044497917
87575950342
89116859693
91347835884
87557108329
87750838189
92922759224
88456590789
88916741748
90319694096
67154735404
42416410895
46364138059
43977790778
47018177366
47304066367
45979947649
45392437426
45920680953
48633544914
42781062295
50301308494
46447705725
45950201233
48015871164
47162456639
44224028532
50540829403
47039440968
46525105525
49236037465
46624835704
46539976395
44369496210
44433164824
45835740806
42917205952
46699977809
45226521429
46284577987
42876750513
44066261824
47588887857
42127999037
46169364040
46133729498
49454272034
43600178620
63915691647
92644256913
52490263262
41640007973
47384163590
47569059519
46659256860
43697982394
45135458754
45016754814
46568215692
44996130669
48936652048
45237619991
46424219675
47035069552
45903560334
43607205790
44960312861
44265094681
47550631862
42787314578
45848405091
44415686742
45778716025
42665535701
44150338688
45511000273
44164303762
42384795459
46293642120
43834726518
42685817990
44847300271
48089249870
45012128974
45800846294
45984059321
45550899424
45873525849
43119281133
45267325867
48402844463
45017836338
47553430782
47837322718
44022856826
45158088409
45498998643
45567722672
44312286500
45016816921
90355625890
87707386065
71824943483
62113166146
167883254170
95901804759
99600996645
92621018937
95275108597
82667102160
45344935546
44597650549
46352844214
43256320735
43057771767
43060201941
52942989260
48131043327
47736027222
46029702339
79090818867
93683070188
93058191223
105153040818
87025644927
103906706435
102507052901
108568026209
95987173338
100981839370
95815617020
95071412213
96093712248
99486710157
94025463387
97420205684
92973760913
93409906100
96295854888
91646150166
88138512348
91735137794
89969777188
91204736591
95723764093
84865653469
81160481158
86961086313
99236054295
95861453264
95126269807
92136944789
93821852879
89776365581
90014172214
88773006606
93644718830
92823946646
106242460321
109125698621
108516151869
102954958057
105301990571
107888926618
106950037323
77636111858
104734127012
107021219134
103260895322
107446857621
106215518809
106664814779
107913239199
96069401086
99264710376
99885141639
102806311670
97428003202
95898436073
103777742737
94342868349
96622658079
92076830793
99165669532
97397623147
113508210584
94347537701
100645998333
100882723695
95845173119
96768318655
104819579620
100239972492
107626715786
100112455577
105181279385
95639119593
100449502609
95884339557
87586529401
100997393968
91957707910
96105161432
92631200448
84909285693
97553950021
102194031960
85780118097
77397154399
77129029049
80266525241
76503040077
79060097631
76561669884
80390023820
81797994437
81359470551
74959185522
87323067964
77971519794
82525893059
80185380294
70454342105
73378901409
73825174636
67434438699
72504073704
69775307048
66975824319
70448607342
71712037678
72688621731
71257853238
72807318005
58028080404
94922013341
114971542169
94264918978
85250998294
107142832387
107782661252
99001257900
94725130812
82914323200
73286915732
68907769866
69567128582
71618936628
82259069089
73809843121
75014953041
69206582866
71171016633
73247808644
70493780130
80993328683
73856836568
76553024958
76438483519
71361747255
67416395269
74427732819
75519583499
72125981054
67350242138
73041150428
72170961968
67950909682
63858338038
71199945545
67546148149
68307402043
65399913459
67323954206
73181634508
69752273945
71576212472
68995446263
66786340499
69275909703
70641124373
72393665087
68235531972
69963682102
68220111751
77917934368
78469559473
79197339609
75481675490
68226302806
72001565767
72241021652
72191144504
60221084648
37655148226
36199456407
36650322133
38265397766
39960545713
38835193057
39324790786
36961739868
38988681586
36956990743
40561281219
70018391515
73062293861
68768536112
65164076193
83096407732
69718173372
68820340817
64164589450
69053622703
70745520831
71397670361
65836511580
74392795409
69897775101
66039436137
63188554472
70142017717
70272686021
73796181795
64418836606
71161214490
70907838649
68979822428
69412641427
67765388921
68606724280
67294004186
71895541824
69500599690
73905671169
69734084357
69156744044
67043292356
70920423966
69881608928
67894163640
70273170260
75195234326
78454800616
66385609025
67859229529
68198879418
72014273534
67626200371
67582166669
71121298840
71237519060
73654122919
71675588064
66216084572
66271585747
71138813495
67771790660
64449309445
69993753263
67383512650
74161011426
74914405190
73784894669
71528236080
73838290127
76177859708
73745883806
71936181228
74740223994
70864492694
78489008112
75643112050
76094597548
70896801539
73318316396
46104128074
44522834944
45596049267
44025961795
46176205040
47911617541
47018388838
48864010144
46496595179
93373463924
94667156010
96662902544
99100604206
91492605396
102948096805
99221161283
90321868224
99082016112
96356907031
95810687546
97093938632
94976110345
98089197875
99608769776
103084494061
96981163025
80797845702
85534862073
92143658987
78241026723
87281111562
66513039385
45187361702
47585018335
45089224612
46360009913
46804514003
44950657263
48131089540
44978056785
45090742124
44561279494
47219576088
50643774275
84747736729
82436678551
96619181363
96106381515
57692859835
93240945262
97763534066
98182612081
95545185129
92843966243
97887279072
85894954708
104535929842
95610290780
97829285807
97952290651
98668000225
109640580136
96052949041
96299083824
94434418917
93018632837
103639421526
98056672039
90206240293
92489945963
98498691980
104143706516
91429604042
95230665374
99241247980
100233632760
103669236350
100701014453
99602329621
106703855081
112627201308
103543808877
104958561828
106142435802
97743884904
95116166846
101376882260
96848253219
99920454677
97677484761
102232628255
83668532223
57619677727
69602306501
65552399176
65731762940
68971109905
68538869816
72024999669
70801963457
69637991192
63501705372
64173770948
70508279672
71594915435
67046909483
73623994385
69014505092
69890318163
77527102320
80073548931
69293908262
80448086402
70728658875
70458480534
70794667007
74849942727
69342911931
73342788402
73442854861
78572441182
69852211084
72148699152
67635036416
67708826134
66143134997
65696635468
62570798570
61692286708
67349430644
65975867572
64796658049
64554629271
66401044984
65667404679
60285957598
64880490469
64539783224
69513082000
64724229449
65633354978
68054058263
65047420241
61574177686
68806290873
68645632680
70426656435
71240675374
72308730278
74313262198
70269800568
68039673568
72795671181
70052697041
66587304689
70948423422
74899345418
66636845183
74651865320
74163763642
72871346719
69602495682
68897350814
70909515615
70599066520
75921668808
72397055160
72127532885
74253622262
72566703918
70345548610
70336523762
72427479729
74253152764
70876082944
74779657828
69236817321
68220032426
71554540431
68862989727
67273099450
71813876796
87850085429
70216725367
88488892107
58008947633
46518577862
64783079155
66019798793
47037344597
48436999478
43848288918
40913896614
39781478232
38242372935
40856098198
69265702632
76791492375
75252118194
72605241800
69713240242
66903819172
69877526342
76384686183
58002730731
37666109058
41016523410
39101176200
39992999401
37665485605
38350867004
37567146254
39194802348
63065888151
79593337390
75892347367
66162957033
69311714973
69163751484
70639398430
68650546561
70206982728
70822468901
70942646043
65295842034
64768388861
67815775838
62601155280
70658610570
66569662826
72646582575
69278615591
64807157468
71538965507
68339886873
76318743357
64362347490
67022687806
69292904847
67871114685
66289098355
69578007577
60789109326
36638583055
38068622704
39156619157
38397433345
38832946446
36996530987
36469423369
40295524867
39082426162
36610333459
38902347003
38520553592
37576715269
36797699461
41268275355
40996045146
39371591693
37114047427
33307565634
35774033204
34355761179
38304570401
37172351035
36556390752
35443318530
38643004200
37672105983
38832556783
38138000650
40764850392
37448662299
39026475404
39454458880
38435608652
38004156357
37958915666
41029543521
39613899511
38073900526
38989974989
37185427072
38299369699
38926521011
38423627818
37815284371
37708354708
36950929158
39167494605
38210903882
49677248532
78194474177
68773944645
66670469548
71309737602
65252060080
65542942813
67555079605
67027136625
66753239790
71093136734
69898102061
73476271973
70832323573
75338222427
68967293667
69326348503
68602320296
68036893365
68674889734
74569827687
69638584340
70228752052
66119585901
73150899016
73557681023
71833906634
71104923034
70586398867
72723920867
70961051606
68965474865
67542751533
70491880242
72881275837
69673897980
65904555867
73400325366
68015621875
69126827224
68308301518
62792048528
73212510881
68940860681
65351878413
69329879138
117544769647
132196575576
110753218891
90622280890
146761698066
142843258937
141291583761
144201655315
152936028689
144668162854
145008051682
141833469791
142986995925
145116537009
131089254487
132523131728
142307054228
144125808106
147822926062
110273419801
71511708929
69461931449
71479336747
75675579736
69017600612
66515543113
73773904901
36274152920
39604605323
39732970737
38985335666
82949937312
49367902600
39252161361
60682312381
68770702075
68914909204
59182111321
67099410845
64253415106
68681056016
68594184373
76239750264
71032105521
75937800949
70542859729
76419732516
69408376414
73836104781
74101459936
72531183548
73891194787
70703347709
72389676503
70979894905
83869206324
73479502042
73536628762
72949708254
77604109377
81153144132
66692728624
42988248602
46706916761
44756751197
47952256480
45720761857
46598621030
47951069862
46072279773
49715708360
45496214531
45871066153
44929434622
44284819964
50662649069
44577419310
45502142421
42302844599
45415732155
45832312066
48077923179
46005051953
47225680070
43194000300
44652955280
46934759424
46988393796
44747143171
43798794956
44178400304
46177689611
51551535488
96289597417
96503603865
104903585541
98811185709
101261088101
93345728087
99510404041
105087296977
105570747303
98145986324
98840484018
105337451098
99342808868
99728717898
107941606549
107272889576
102614520060
109347569170
105410845325
107185429264
124128784597
119192618039
113840221484
112762129034
99164146954
95973381558
98515296058
109733511804
104181174622
102534092167
104619375449
109699396633
114106657964
108196012544
107752342137
95876406539
111023362610
106006110116
109242220509
107613809682
105789416254
108373349604
111951195155
111497159336
111184990506
108236885555
116712095881
106746119532
107507411294
106198354362
113052084951
105152435430
100272365294
99621301514
101006087612
106956639997
113056683813
110142092493
100391931867
108639146179
105611305298
113902145122
91960885709
82774543355
84823923442
86949329972
84348142235
82957374625
85190561653
78484452316
85762650733
82554629501
89995592769
88258043564
84060453009
81137463410
91235488297
85924915994
84594818817
80714015533
63008378300
69275434153
38607834410
81571090921
84465119363
72565950679
69702530745
59889330594
70769278611
72999342567
50854973526
46565582953
45931663647
46556086948
44626855254
46407526447
46936446540
51721733883
93207268583
103702595715
96414417024
100563014850
99835730165
104126015358
101389323628
99052481315
93964577488
95399013659
97476797067
98811113057
94834207911
104133049617
95946105497
191996463851
221441750439
213825095074
223171086295
205016258832
227342853851
202629973825
202503005822
225963295157
223950471496
202727604614
113343193869
107012250858
92374678454
93912454384
97320450600
101134335393
102331921282
90438594029
96342290486
99215651927
101517224118
103995627183
106113915480
99048853102
107652031518
105413448783
83070083350
49948612352
49323156974
52290393577
49622116104
46856020395
44589765634
47894553577
46137813007
44602079517
48784478008
45314067736
47413717220
49332476915
46189039705
46678770205
46412863479
44440641801
46139123795
42564980568
49859290558
48773281496
45107383664
47894768110
45819832169
45965948228
47351392758
46134622691
78698625653
60774378478
44575087045
44943355056
45499597070
45173864855
44949872077
42865680584
41578582468
41490145610
45441139489
43138453158
44665323072
43965205015
43405662972
44246744461
46559369817
47557859995
43139384522
41027366303
45575998267
43536007968
43407774237
43435201895
44019084702
45163732326
46471488810
45690107345
42309207359
45716675724
44109362326
45435365470
43545643475
41125841028
42879324413
46710404008
44218746546
45510588772
47090143230
43605913885
42038263428
43009251577
44494198518
41677213120
46957304430
43084741528
81583633409
102075502332
102362391250
96472157126
79418106479
48829549727
47200928904
48227589359
47896528450
44570487306
44704654724
45567263119
43863934739
46346812180
46042750720
47578248366
45225545376
46715291187
44272495566
44391040253
48811980375
48797756508
46745140009
44788548259
47292014661
46708193635
45070787747
47829463742
43179744804
47938630012
44646398427
48304186969
52044413586
46068416496
47928926275
47645800052
46933497907
49679252947
44955026652
45439851081
80323351289
105788649028
95736330150
102113828130
102852089768
145953054474
142228602115
103057683782
94760101249
86468414980
87775791917
52068633562
87941793086
92533036864
92119292759
92259162500
91461205161
87383147750
92523535864
92976469540
91438428188
109161861865
100443155435
97658103621
100177724964
100938895012
105557231189
106098588608
92362668980
99903392247
101740387729
94754887017
93719991076
87139079148
94056795773
91452287116
93901409053
103086309480
102551238883
97629345809
95156249846
94277947065
96240044630
93419520351
95162583063
94653146814
94993725957
93484244436
95941279393
77324726895
62210997555
99104794443
93985937376
93532915495
93900381065
99261900941
101053569973
94697016416
98095256502
70646330495
47269616123
45627220975
50790068917
45444939901
67065272675
99000447833
104688762788
117165159507
106833514114
97719857218
103283778543
98426073535
101936232041
96485431254
84495976014
92318844817
96321993465
95589091056
98816893221
95312464187
116345520811
94383997723
91014998008
94388564836
49517604736
39490163058
38905495008
41337259246
38167186208
38964316068
39019089270
40437545572
37763663878
36436808540
39002963327
38693962000
38028260223
35823880725
37883371377
38271464882
39540690104
36553390110
39017146814
40864748263
36024990275
37542252350
39123292497
39368371241
37267417386
37918692840
39617174900
37994916753
41214260199
37592159987
37331471647
40769715704
38158281919
37917530032
38461666299
37297493714
68217621173
66088991456
70071774908
71264041196
71145947457
72971553079
80975876945
63168327494
67355241805
70907302447
75490715484
72083703305
71002743209
67299577148
72792434684
72010688293
69442273244
53058086901
51970974745
45431756730
39506892996
38281789771
36276939627
37585081258
38669946339
38797023775
38221419164
42115292328
35535613398
38909578258
36652988690
38689135069
36773964555
39575220160
37942702470
37408852565
37946504556
38046985298
36140150662
37223736407
40504095800
38578140207
40534129787
55360112933
72453813429
70529811621
68018922238
70415967444
66327789952
68313435702
67069854996
72508964568
67902369664
90183977599
71050431444
47052910421
47339085181
78908844063
89770101929
90688116896
85851101163
89082425261
89377648435
88717096319
81774326400
62944832982
106500083698
132348190746
102500142901
108472245896
105209545351
103848249495
107829352352
105627865538
109209072771
63905649624
49836783650
50889822447
49557793568
50043615667
64104237316
116732630739
106013830982
112156087057
109363927324
101830574875
102550096959
106308008730
105663187432
103603539637
110037339973
110743174050
80400323428
97887577024
87545228662
91758812769
104113670106
99307493315
95449826853
90951728177
96426470088
99961456240
97918443274
100523183703
94638335589
93946046268
100116924885
63230365897
47097143548
45619690944
48178425140
46473292497
47669133439
43468687815
47907051316
49396112144
89433273561
60285069768
38421824861
36077601968
35539349044
37869250555
35170048493
36236916733
40647276693
36030316208
39281183249
36368587760
39371224325
36952043105
37268598927
36436326659
37300050003
38603097111
39645746549
36765800525
37241021159
37048084049
37102894837
38669485631
38086552411
38570301673
56328873862
77824647488
74455232721
79287821239
84632241228
75434136703
84188765521
82878163842
77467182669
88001696666
80178168218
85416465395
65840846525
75591359095
68363661034
68281953281
75401670067
68970334639
66280889006
73136461446
72134844197
66060128159
72044772716
71749286233
68581411195
70468573153
73854856757
65963160767
68941211642
68558613133
77094868476
79756560485
71796972117
77882007344
75050932062
69797857083
72418454711
68668344806
64150663900
38884327735
38861847865
39249081217
39006903092
37912952366
37953330727
38510593595
35601030682
38609519614
89940589833
94726246800
93898453479
99754668579
101449093053
41123869594
45695792406
47060930846
45472966070
45036238075
47287157749
48638192479
43165957362
44386886283
42450432134
46147972159
47396042721
44718828970
47531298371
46656996992
45325295171
45556762215
47205203539
43511383535
47291482475
46649112554
42380299436
43656274984
48466572064
45429657237
47153050767
46569926954
47574164806
47882590425
51038486457
48126703355
49100521842
47079881880
49730302059
45045622165
41103318864
46304440109
60412487897
63039288277
40335057466
38463296030
55804739352
98723241379
96860144544
98084293960
101089722028
92669888472
58594302756
63671180520
95600585595
96151934829
103375138768
103783401844
104819835070
144840333549
109762134294
81014139006
38922965674
39457405014
41180187339
39692981269
37878036225
35289609522
39712690585
39443467652
38219744249
37854492205
40155735321
39109550112
37977429562
39011723990
39479344446
77443676967
70454132702
66004527959
68960628552
70419722565
68440118329
70069059853
67387576750
71271721714
63687565522
70298319791
81266121130
69425569080
71904572364
72987278822
64959500483
72383992732
69335044479
67048661281
71598986554
73285917325
76290290468
75626891678
72438602579
68732421207
69387206197
68878179877
75217293861
68769315169
68205750421
67957221421
66437737768
73598831800
71345881798
69860810749
72907580321
74366328247
73254638538
74239180221
69801508630
70099125318
71015770882
67173823775
71653738263
70065699892
73250043787
72074069506
74007936161
68665751063
65745116936
63657429732
63521697965
69115999152
63086513113
68591872782
71963350810
67913039551
64362070316
67521953070
70242653979
68635102808
68555696278
75433277406
67027380517
70425576437
68688459311
68708249131
68552314406
77371083279
73797731843
69504725293
71510116307
64524756204
71963209684
68397169704
68044232210
72738998142
68390466373
52562602855
67503064497
72213386032
70881585209
69057668726
67582543555
71250462674
68458519341
67593102063
71624165951
74520021323
71710147398
67635590889
68050373490
66468522135
58640365460
37569306445
40215368240
38170017505
36827763511
35830871909
37079415849
38626344206
62652027640
56368634176
38118918499
37690899043
41803629808
34687227681
39894247020
38827596262
36206444451
38730222483
38020708468
39331886801
36075977671
38371102902
37212337918
38739819019
38943991391
38979669554
43995837809
37735041809
37548248240
40774665502
37160262262
38563220058
37633670074
37405486373
38306579141
38744537412
39249295437
37243232452
39368060565
39059514256
34142829859
40636560443
70872203589
68415362198
70024239716
70796563017
72743351522
70937465650
69818094172
67459135355
72966779155
72844625726
73277054237
69384923869
69580350755
69964092001
70291228346
70193222459
68510918207
67745679368
71016936792
67086782256
67687226986
42630543183
86140641210
97720288326
83652925947
55807555523
47403219892
46331973936
66062831561
95425703456
94003015639
99069844651
38016315483
37441315890
38438137863
37661294641
40227797095
40822915463
39560900950
38621993209
65078168500
70952074048
70906921869
72757295144
72616184255
75170577428
65271091394
70535559559
75358916631
69802774424
74253680097
68269600126
49588693429
39639450038
38060246737
40885887224
70587392184
72870229484
60226917556
39759961075
68875242765
61827359219
37220488201
35346507977
37235986917
36584602123
37234572645
35320180727
38484920639
38423591266
37835947835
37066849249
37091611995
38155191574
36802460205
36620451983
38020117948
37278042838
37872823508
36755099306
35882342557
37575815808
37189228707
36580484652
39710979913
36483317477
34912178329
38605827428
36851591301
38491048484
62194440410
62923624138
62187483663
71338460067
69349931539
68072826029
68983751942
69689393818
61775604831
67298630204
65830433537
67322583334
64396199155
66824960228
71207307427
67438803326
69851461646
67001752378
66034685623
65433847209
64287852706
65565380575
62858399006
60595368872
67839430301
65640972652
69277613425
61798099664
61445055691
66431727009
63693534824
61087750365
64233792559
60384081778
64694162945
63107079823
63627065984
65848205835
69589426258
62443231797
64579683258
69405904398
61266578499
68536570422
63553603230
71937371027
63130531038
69491231656
63826454005
68092214566
74456369237
72402644362
77205088654
68725061869
69436527197
69818295998
70981339429
72536635047
78866052313
70081301231
79131441617
72531330768
72592063964
72594428671
70590686885
71305650667
66162746421
77782642473
71815469875
71686202757
65448690206
72512247970
69178538300
67887846222
66959072894
68944776558
67992954760
71278283295
68406155253
70317031182
70615961615
74374132235
67514314258
74490451455
77104247603
72708116258
78662618981
77133228450
72747689701
73421841429
71017627039
73490790940
76470251903
71173072930
72453561357
75713297041
73142415466
71637246910
70646875981
68992438606
77462459166
70292008437
69521789072
73473294187
74735706751
72334453768
73025019627
73966516224
73520366351
72002483894
71209905902
79667508258
73397961411
68984416531
68712458624
70965746005
67882285166
72797566207
73364508838
68212800466
70238421673
73374201543
47181129999
47897725869
107641797511
70230251199
44671378403
45848781253
48767534725
62948431361
68938968535
64183245178
69425161493
66870279191
61503659578
69399275267
64949128404
68492608945
62836408033
66006077363
68613422001
64439715193
66872510137
66843320979
71588784937
68968080243
69852787218
76305721108
75582961637
70695387131
68977403718
77825214816
70980935501
73803471075
69094134746
70233585160
70493371886
74954779884
50909276746
36750726606
39427208367
37357997224
69319189283
112041895545
115060142468
69905097443
72244811265
73080415144
71696533085
79318722899
73473728330
75527401766
74133807025
70998237054
64652006862
71654181989
75743994437
80873738859
81282463167
79772294429
39667456891
39104683722
39178360619
42662046985
38369567978
38741329692
38117208766
40821815062
39125682375
42351665090
39474953221
33715569033
40854591473
74568519676
79304486830
74710195540
79206895334
78901872043
79782674346
81461410128
76700943090
77448728751
73094623005
78373789777
76571200545
79598708525
75356082262
65313777276
64668437377
42672086773
40415335248
38036561214
41120508402
39239831838
38206525980
40800006146
39273665442
37672270947
36722289482
37450427204
53796923820
75450968777
76205306073
75319893051
77315881665
83426415401
77052767471
72293273125
78755655241
79602713012
82209700908
78060469582
76566076561
77344383059
76633179417
76703834571
82081485149
69664478740
40045129889
76952658333
75230553647
80342866880
82323802805
77066308592
76242559975
79061658562
71525226431
74999524158
81082069797
74217255801
81515657305
71227799919
83707410627
79898684297
74381931510
71424073701
79943169519
75180125464
77636261749
78071038540
78495477965
74668775498
72472863301
70417318358
69921854675
69105016302
67046241466
66282858781
70834305870
66240758948
69435450349
71996715933
69059118828
71822286810
70775214962
73009394627
65570898212
71793432107
70825577839
67831964133
71361567337
75643978966
72350598411
74815759682
69399382108
67128039698
73044970753
68034652046
73004608925
70997567317
70635614250
69937430833
81063588415
67494598323
63433679926
69810792816
70020134559
66667591590
57721840918
96127011091
94089164595
93017775515
103767646942
112936704783
73679149122
74270624131
94048620204
78733783759
65757744846
72085589322
70336856834
68069358724
65283533780
72657038200
103632749442
64102651088
105892919436
95723126207
95597662099
100082269653
88770822692
97917394024
101692374411
103566846075
96435845674
99088541318
94930464686
102346142595
99131144266
95843105540
101980034080
95614577139
102350983986
91142178990
99601889174
93329086171
101298713654
95045291565
96742384756
93666610840
92833561109
92406802153
99749058540
90180318053
97307593518
94370153003
94439456715
97713942444
97532960082
101393971683
97567246528
106601708477
92165601176
90680882344
87403973182
99561535285
96929155125
96614580536
99702055712
96149791878
51696885132
90407920365
95040998364
91872205814
84553102502
93598239977
99820749223
90724185363
92514707296
89800739428
92017710875
94076747096
90298856456
101275297321
92917051391
88883656743
88361364226
87177838436
98440223946
89842434004
94618852079
88903676634
88248179778
81877988808
97111927493
97415478116
102001337296
103996492071
102224562360
94827076069
97247318076
101814962235
100779030697
106138945739
107138533133
104197160564
97400514666
105012976136
97311169811
95885211307
96000516844
100856688935
93720066354
96362732831
105745364537
105178081176
103099934560
102573348281
105996926986
93119020966
50843032582
100805030774
103567349271
111417201746
103963692679
97178952358
100310536810
107780816425
103964340181
104040188305
109307901720
115868406768
110167880778
109851723932
108758700502
73802367130
78074044942
68300642034
78719760932
56134636558
36633237070
39402891225
39662380377
38138380804
36950539501
36888356287
40468675644
67891617912
71267521403
76130771185
70801561028
68864788998
66641584538
65374231494
52834350487
50044750249
45229248760
46349844394
44252061775
46729557699
65970282824
104930758214
106953153400
96666029141
83785736354
83607890528
85145115329
89343758381
90664143128
86149595578
89285660752
88316605370
76906116286
63516653850
62002378130
65492318716
64190617241
56190066780
67500488357
37577065169
36915325093
36539267515
36703085590
36613156016
36304587929
37557843678
37657945462
38094387260
38956988723
36647837607
37765292937
37420123910
36713936084
36270060928
37033650026
37058177495
35397206714
37759811785
36271423032
38013028667
37119983976
37870316406
65848613459
61531149990
60098405439
63558909473
63762495120
65550821469
65239969985
57185657771
64337282575
66523882459
61940300103
60075319847
63753748099
60823594743
60305484134
65454623759
65153263277
69510642258
66294843620
39114177842
36560729654
51230948006
74934575204
71018574890
67017202074
64314031846
70588556696
70768024147
66782908098
70543314882
66397850477
68294511751
68438716217
68465182335
71177770143
66094228439
68561874290
70831092687
70080235685
69352916944
71550636267
68131380841
70076582073
74177625995
70773061647
69149297783
71947499611
73168112401
65193779943
70061812490
69592378327
75355895651
70994424202
70170130327
71046805686
73333654128
68309187338
68349731093
70812258584
69809210529
66443219907
73819172471
72018354707
69925361256
71521928194
71260715648
75619283999
79403992815
71513953787
70454606785
72247602573
68776234510
73941524235
75209386663
67991689818
72183181904
68664527154
72897025959
65481391403
67587487824
68513068316
69639984538
66929981599
72101023522
67143184324
73049058465
70805926140
72891908192
70929110262
72739257211
72112935864
74571868590
80410985827
73092162548
72814738282
73598957210
73889681193
70406170760
74847777838
72780735931
71070796937
75630110013
77139216898
75221350243
69297204701
70510209222
70511376759
73383406153
67048238083
69757685561
76344894691
72129799233
71579517331
66660496657
70567021202
66589481872
75283539124
73837153509
58192466757
89599895068
98905331920
92837410014
67764463908
66685110150
61123712718
36192933187
35012812542
37465045814
36709536526
58810831901
64162658923
50046127624
37734618369
36743896549
42000760770
36813554910
39626910950
37505985340
37947556755
39775990194
38427486681
37158894876
62867582616
66776909319
62834138497
68153769594
60001139146
68959656497
63093480843
64408138071
65299771166
66295258276
67609797335
68950319308
68993954150
65747248224
60145021816
65884461888
68365813661
63715506281
68117996115
71613339705
62221390975
67512210678
71939827689
60592011855
64171784428
69856744836
67812104214
66856202667
66356059168
66553663366
65785340939
66953281122
64156859215
62657679022
61122882390
66110996057
66312625720
67052333377
67103401341
63068594864
64236184358
68479270610
67255615070
65825427551
66341309566
63316404593
65267484278
64414181082
62000454765
64779785849
63385686316
67343573223
66262949346
66854724760
65294576484
65165133647
69246772859
67428361875
61617870962
66020335736
66000436493
65359063526
69468883892
68456854226
67590831590
65510177219
64969875463
64326676884
63142212596
65727430895
65967434310
60381618485
64046068032
60539348663
64795191479
60743366430
60616821557
63128531072
66263667246
63676373647
68804363173
67359813161
63271084349
66558631457
68462354106
62847732993
50062116820
40433370916
36306406387
41227829321
34024161598
40819052652
36315058896
37450131323
35939725729
37078549733
39646143153
37200536664
35344861503
37344033122
37410922610
36430827496
38755238043
38581869677
35671842971
44909857531
62121416841
64732143566
59253867007
35902012932
39769425667
35638326347
35150049701
37274837247
39489344939
60495868648
64241076925
66492917955
62062747410
66886135807
63154796080
62210639000
67757565579
62263716460
61667765339
62455772394
61200523135
61827674987
61133477870
64701203797
67991612275
61656915619
66889770083
66202014229
62544209044
62618689150
66683416797
70587695375
62651148136
63449481893
64954338340
60931772027
64934402269
63222543505
63406244342
67813503823
62827342893
69165033345
64516636628
61893263025
63572593160
64570410189
69503384231
68337542675
66253493154
63714526735
65052222995
68914296419
68670629480
64627204241
63422787828
64932320937
64287865121
64357950101
64348091411
68250730370
70674608959
61343590862
70136429127
61773901988
67088767624
56770167640
58236141417
68244046352
62367349711
71737379247
57569824388
93253094148
100661382123
92075154943
91455927564
103724598706
102045161135
83201029599
71772919097
71892917299
75425358929
86846899281
92383774786
83640620295
62338079145
66219406139
65161331400
66315638903
66762765101
71452287517
62984571708
63996897222
62531734884
88361830309
83389451959
68300458056
44677026048
46040332680
41555598242
45373736863
46624196027
46116064436
46521929398
41595106618
41919017969
47889194756
42711159877
54428829958
66717052907
71244440868
72441552626
68894113307
69028544267
71810476809
73610947103
71722799181
70682978213
68780495528
66404371157
73393281654
74736171824
69847499021
66720844867
71291793737
67886370404
65367463315
45753395741
45675551529
47671937245
45062646690
42579295820
42258474550
49225306351
45733709910
44758375086
46052758687
46715565539
44880961566
46430108617
45993189389
64163061640
95606582041
84265247857
87851510430
92886857336
85798044293
89955911324
85785516552
91957961782
88909951538
96938450142
84366252481
90567364302
88723965927
98976977777
111891969894
99140644234
104307573125
101297065048
101571947408
117110907209
99445877138
109786284813
95298784840
101548346273
95389770283
99969017553
102045329373
102877353994
106217599216
90741908191
96933268762
97520802193
101550472870
95799253731
95084828324
96942808775
101415727538
110367421229
101466143098
111736018446
106262246259
112062997048
109037938444
107441191868
97393604004
98990005484
101758399000
111233961489
106433126340
96980655745
99012856016
100333647311
105690856790
94161163087
68091342607
44541358504
43644135144
43090325199
42594262872
45397554384
43126876241
45815803407
45210236104
46688185787
43997212892
46540827768
41049267936
43472852743
44004717869
44950090142
44653074956
46887993238
45087166311
41942578043
43570410023
42241631728
42191896421
41936927294
45916578513
42149911462
43344490632
44857414984
40994877018
45504665145
46653090470
43324458362
42627740056
46774772089
43817391755
42577456775
44231968199
43194320657
43428736554
42117386634
47569079115
44105495745
43933019935
48706159804
46047971479
42580925448
43109248160
41375431295
82573578301
72565375934
72256407043
74824323629
68079267325
68793527109
66129794721
72219664584
71301416466
101270208030
123802963098
127666778056
141666508102
144806467188
135260843612
141239234981
140833910912
153117181684
140889472847
143014785046
68136807720
79562690107
74690578276
69910954531
71283033951
59838119923
70037324658
68624882573
67530115471
64753415041
66292529918
71376601271
68998281414
70073982241
64410338972
73164738386
71032248091
72356070691
68738447020
67337106291
46703127483
41846297891
35363784572
38561703703
39340589924
37226339386
72814932336
94133348602
82386588422
94114572832
105266653260
97047654370
91556223493
105606669715
99005125530
98238218987
95232521239
102489544866
99236765467
88573668181
104323306740
104413662148
100729534631
99084366410
91144402617
45164426388
54086348433
80910565968
67733780051
68312233184
67273919674
66095753076
62752898860
72327120326
67013296847
66246002467
65847990779
73785224796
69046228096
69647129421
77048785287
68245162646
60953630596
38967372168
36299329457
33565233150
40507941528
37767758430
39504295471
38469877014
36341373210
38417250590
38038130911
41029236249
38119847296
36432056333
36681088160
36328091174
38941711564
36761179871
41215143838
37628797154
39267309232
36813460801
37545055867
39609750106
37810059696
37262489818
35687960245
50589183954
66226166603
69537437889
67642137608
71203025409
66689853650
65657667289
69462723949
67573173653
71775018779
71179038658
67721267628
73230350520
70301285715
70817050515
75144437801
76603781189
71083185233
75191283751
69329830626
70060469607
66813186393
69799567883
69734771814
72389895361
73696882652
67826147062
76167319437
69691820249
43266050358
40134864591
38932285954
38952711407
37552188979
37994430459
39069315333
37634795523
39002708652
36452879786
39004196972
37815755790
36672209300
36637752425
39840257102
38772872321
35216809017
38704956268
63666805479
71815481521
72928413261
76093439107
71102260371
72236341667
70098040305
68648209152
67673458485
66589573537
73757126134
67436775555
68073810889
66121707572
74476222808
67646801599
72900014133
65175310751
65125535169
66128942600
71333758094
85593288817
88528558097
45438647200
46516334252
44533659137
57298914070
88212702629
112872562575
76761420865
45177292189
47809005317
56995702803
94911831684
96415180551
89767703241
95153268894
98041822301
92853148761
67591378156
46848388882
45085968566
45131880527
45290129755
45469406987
46250371936
45332782298
72861117534
92388136385
92052298555
91157552425
93570192529
96922187406
99534702704
85519109424
98423270355
97832432565
98783756859
101667405708
101407056430
91671919349
88380610560
103762447366
95046759343
99664771661
87323600883
99860756883
98302314047
83326088185
87829091167
81856521412
84869803107
93544474017
92406064659
87210444509
64696261676
49761731309
48457025992
49960428048
47981645238
48364990236
47604048928
44096383074
47714060808
46329056720
46038469175
44752923073
44658293631
70462846006
103445201860
98723223029
95790215558
99161769593
89671329476
95697088202
105260341362
103371833204
101946341018
52509527699
48580377774
46610255885
49531918244
48935963727
48554246844
45904117300
52622673992
46600916231
48747356501
46997574414
66427964976
101157523763
89543275476
96502279595
92120834107
92726141192
96700964680
90387033166
98956508732
102046455236
93519487949
101626757215
102951259115
91685207326
97069450308
94007997434
97181154922
94195203621
101260714255
96289251118
109116611935
99725848400
104488750378
100880704472
102609400695
98195190950
95527565491
98422678186
103484758915
99100463507
92584723277
94396535962
91703839716
101545632338
95397194078
87730399772
97768102280
102267369574
99699447056
97328868788
96310472579
92377604924
95761890657
96811765397
98252104337
96850816809
93635009341
91577695782
93461215525
104205593615
96977089969
98455538271
94714341994
95351153356
94810224223
96433683873
98267103271
101888872471
97903351713
91238871592
92966712690
104068244084
99680620360
108334489472
108803311075
104354426915
104596832490
105136930265
104111448595
105150548595
115051714153
108335191462
110810911993
106833438087
102291740321
103962363691
105385967579
109913437717
115742713704
101729062208
91054452888
103217219058
105312711182
104036073828
96759984795
100287452603
100593809518
96059233721
97724161628
96977253849
100112358557
98980856133
104193244619
90420660488
72948870177
72544037302
71817716893
70834305829
71464825942
66851192207
74399976124
70174934069
71731961840
71980586726
71098937446
83378015273
78741857495
77572780903
78825758871
73256857276
76349619395
77268000727
81328007582
81460808733
72690224542
70007908611
77452454130
73632275508
74554061024
59322724248
73787141296
69262860506
68824442916
66827671687
68278508921
63280476178
70468836820
65087540017
70809625818
66173732236
69334137477
68837719229
74327369314
66659382053
68727511746
71425035228
66953647095
66868314033
68794077015
66921340706
69202683367
67301087185
72658767066
70399215940
74758651971
69860048088
67563277429
68273285813
71458282756
70557063363
73465723843
69092017395
78412562323
69628729205
72000941907
69264591743
69522505483
67157731712
66866447256
71234087090
66451324411
71232155905
67268137768
72833534377
71737557137
69765007576
69128709951
73089269515
73187654446
70088160092
74269352110
73316601824
72931652272
71848753869
74144919419
70815884969
76431907391
73619305770
68150781711
52150834972
38012651951
37018671762
38577531205
38581526414
38956708671
41201901428
37285997030
36266021692
39222766164
37796414141
39736892610
37091460930
73417822068
64669174573
37958605410
38547387413
62187415855
69825613843
70096860588
70262188708
69003980108
62330388463
73676993312
69208147751
72307455649
71190946031
74961167490
75792703670
66502746396
66470702997
70140274253
65931698510
68639069300
69771659684
69203133522
37909429748
38528725036
81281269767
66224342476
67699794799
62657685620
69239943064
58870487497
63849197544
64579851073
69386566889
59135293716
66596123914
66598309673
67645948739
63704015457
70706826366
69004541572
68251300244
98308183734
95625672447
91080666809
50162815007
43974281593
47236683451
47725019586
42254736636
45715367683
85511964784
88783806577
81708865627
99883673071
115792067412
109493238307
107185115447
97901492274
106698671322
107918639977
107343397177
97936533855
104173491335
101632207079
97873271030
95222905433
95193045292
105644365596
101829525457
110527402729
87192977297
47841739289
46743243829
44697204293
48972605496
48538888984
47314975727
47347538640
49744533540
47799206094
49363587319
48949607048
48327668180
97469557558
111390068271
103361537692
109972746748
109230487363
104223751783
98388348266
98728104993
108047478180
102896789345
113089587110
110041037614
120596394106
112022585801
107157659364
118951820756
111603609483
111299535112
112615546459
105869761247
117321328267
101485890406
103700573377
105924284870
101931929199
105202077688
112203690804
112738390484
104019556794
109697154092
100373390985
105312650255
97828131184
105202115244
109439545119
110819260457
109432071320
111105754357
106551821854
109381676402
106640363914
110537659008
102795440435
106345113035
112871940521
104814748341
104905939025
111156134133
106222240830
108643368703
103867414477
82547508753
72412322309
76839451620
72516684486
69893517053
69047689364
71331573111
71719430527
81019878392
66909624767
73733890107
72364662439
68862628096
64426068841
76295347988
74633219790
73563174634
71145021039
69786015124
72276707656
72971639922
72912808589
63311049178
67627581846
72993672673
73551879327
67413631235
69707097751
68360322211
51196355452
92446537878
82105175822
46485342251
42547358235
52172773439
62111688617
76662421514
85877600086
76994000178
87808865927
97306913430
90118752399
92707462028
82664480332
95917333939
93287606271
85169635641
88202266371
86191966628
87666406370
87741045099
91407966048
87267693779
89235602546
95896915113
86672211653
84487377590
90967904522
93181039067
92097422711
95737143387
94748901041
94840824722
83941323558
88291542324
93383466357
83529184448
85163949492
87462693387
83746223702
81246585282
86207058625
92110517195
85883546366
84976234085
76192290921
73782455845
69897594454
70757086831
68409515032
70048444308
71479921606
65882928026
66908311908
76217966756
68779161543
75433011166
73296022997
72790152029
68652118944
70362993982
73346718389
69192086301
71360842907
71484157753
68294636442
65868057669
72402181755
69076713419
70791516500
66389393635
45613102443
38157702219
43148271919
68707398631
73763398868
65398835900
66933564874
67943788396
66591304603
75903090082
63775692889
68940642392
72275916704
70606104167
64518059740
74170190132
74183409368
76909042057
70905199741
69123807983
68451875859
70060216636
68336650534
74683539785
66936365959
70602131601
67564485040
69736291556
75716304433
70418507495
74645170529
65245017055
43314767207
72427936893
111179636214
111729791532
107952319709
112582475246
111077927790
112128865844
113131752598
112184405809
113184600180
107858809075
97925537702
110656894595
108247045587
106304254614
111907553508
104172938523
110252020891
70057498968
48452287639
49277121003
51579728517
47907531454
49999301965
53034793962
107084145289
99917845942
109516178996
104888977907
105555582257
99611810945
101456197650
101167001473
99606872519
105330455731
102255072691
104284919488
102793360900
104980871301
104512689781
109185785947
102407627731
64387170685
101900877516
100633439203
95958506151
96748089577
93201528335
98060157348
97570988824
89233260012
90191125906
95743169565
99169189713
90602616232
68543266236
73973603887
68977572789
67990590458
82372578861
88965848368
87799757763
88568581285
44033406631
46261481730
46524885179
44694547868
47224092242
47046446900
47315982785
47041465941
77871786019
92952709272
94572261125
