11721783150
12989444243
9518231326
10158831681
11931434532
12242972590
10354973823
12258740552
11437361512
11598487125
11839722490
11493650545
14562122183
11675353974
11202158276
11985534856
11848543151
13627108725
11697373574
10470192585
13398607973
11376297923
12109202899
12858951843
11215024303
10974855696
10687584886
11773535914
11322536782
11882478697
11448883289
11238059203
9877800277
12159226865
11295506775
11340089995
11311359404
11326616711
11075769915
10845394675
6252301356
14579052432
15279872326
16928684139
12949117526
8970847155
6343237707
6265093109
5817670701
5558080248
6409171546
5573503388
8051470410
11762714632
11450132968
12339692593
12681424539
12551876305
10566631217
6042776087
5916166261
6251115751
5940775087
6488199089
6225397970
6118966560
5868167055
16550995062
16860450100
14862063465
19499790557
17736267483
17225202175
16721954950
17948600612
15676410634
16412065396
14089185160
15112075468
16451071128
15390268692
9637352139
8570989491
8474623419
12600246717
14751064268
16905288660
17227658275
18099349514
12868752773
11578011496
14172397857
10524708583
13159529070
10983176151
12684690982
11474951894
13881285014
10860062415
7534602322
7029693315
8419159524
14036552606
16661258067
15030589895
15818979990
15613460429
15563301014
15219838451
16146845085
16019012468
16684611697
14785458569
14468390686
14168715910
16075604197
14766594142
14843353312
13684984322
12676895309
14053240679
11539657034
14708626543
11306563999
12094380190
11830882623
10913923717
15589595804
16577669049
17036668055
15932111280
17354542054
10786344533
14631055157
15085751323
12816113961
13597790280
12739680046
12132011436
12259302119
12884505535
13092485385
14004303046
15326447592
17556798118
17044495927
15370131858
16417777450
16267089497
16078640678
16261584410
13298253333
10070520261
8706541872
8699762883
9809341443
9216733514
9013334221
8918916450
15153630853
13245436215
7630073236
7823514875
8319975516
7261431482
7110352514
6399222566
6870115990
7039689292
6590972001
8084761039
7282771447
7198526408
6690062855
6201056131
6644440819
6169127783
5978246647
5761580877
5559010499
5689889895
6742613947
7448185471
7772788562
8022569363
6961789118
8202219145
6680610569
7767154220
7530204211
7161936279
7440085129
7410926290
10071540351
12238548980
10959020274
12161300859
11833023729
11956553268
11752102596
11478214366
10517753320
13059856238
13803530052
12299509357
12880498277
11955407710
12832374943
13080357170
12651714458
12196126400
13225001861
9378999167
7032403409
6942211521
7399604482
7424703878
7418929095
6481767173
7387643504
6843399179
7036416673
7567603533
7644463245
7945736940
7275831094
15621653097
17840867791
15560709718
17054354600
15645550568
16707930732
15729176114
12416154201
10856181252
10335344565
11036503465
10355069105
11269071262
12170226172
10857134590
11505261233
10747993492
8438635015
12692496714
12369690836
12323045731
12734427407
13294417170
8531371122
6914154202
7070463830
6956539954
7824839656
7605530992
6708020383
7036997517
7355116647
8073236551
11388834550
10525031062
12702070795
13256408124
14046421021
14328422634
13020392639
9152847738
12964730931
14687047773
12439944443
14211597650
12028784159
11981907199
14477993682
11907686819
14817168993
15802940443
10387590749
11389406627
10745531109
10811440037
11077665436
10694076630
12269712518
11375638841
10533317176
15899688825
17755859940
11397358618
16312743739
17487508741
16960068757
17949515789
16181691303
17294873661
15469182864
17048425069
16415276617
16505056366
15553430234
7646895430
12953454120
12673339267
12785367559
11917637407
11985199828
12660085685
12397318263
12188925827
13242718843
12625621184
13340208519
13236571162
12557026311
11174562337
13632263746
13101315602
11451888559
10966139259
9498893641
16253973734
14093185164
12596004277
5616634926
5721907439
7127092922
6312506545
6142292078
6041022842
9437972742
12824286776
14693324746
20505391213
17488937769
16708602716
17177026557
17457672566
16492754694
12490437522
14242274554
14579837180
14315550268
12724780202
12596696827
12626498244
12432244948
12345225196
13933856624
13455144368
12473829101
12144847546
12044052610
12092981740
10895999527
12286063441
13243128696
12681607100
12100857252
12583121521
12709725542
9472482452
5855708731
6702413385
6466484342
6648431344
6729155832
6775892631
5904752423
6688308340
5861010231
5808095378
5859665766
6594644846
5662244345
7540671991
12654723073
11475328894
11640784090
11172082059
13604811915
13104327017
11499756509
11377562231
13096468520
12584245488
11845567221
12087637593
12455536932
12016837578
11335517511
14864364610
12872771164
12654660028
11992843148
30178016952
37412055597
13579465529
9631977873
6419936223
12211285588
13393664386
13391235864
12612203886
12484944378
13673469688
11846409643
12741933959
12799501089
12245101521
10761288707
12188893542
11248928271
11141889016
11824220966
11452084458
12957266516
11755088969
11691019897
12339867267
12274836171
12182884975
10547401862
11488993073
13002311836
11777602111
11178417649
11405792226
13025231978
10552732212
12353722775
11182109810
10719278013
10358968213
11346426001
10844808106
11530057640
10165253522
10955826373
6295326727
8222148169
5798375865
6102728541
6803831699
5626659538
6610792851
11465335406
12329804909
13325629205
13340299665
12367352318
15485480545
11694958757
11867013765
11688588946
10316318412
5385204885
5198900669
5598769719
5337904496
6439203889
5208870757
5304146714
5778971974
5407977447
5214788932
5754484534
6069632060
4823713499
17083941737
13687003134
12385427583
12261835581
13173323213
11261915861
13468379101
13225220247
12879580224
14116871217
12965279110
12004123354
12927555185
12388636849
12058340468
15268384753
13704821078
9600873584
16082430400
14437857795
13724197443
13741400263
12418321286
12529784053
11556831299
13257913122
12204264606
13372632527
12847378234
12488248521
11634245661
12409433851
11607732194
14194657967
12274468691
12463585370
14268514752
12687766518
7464808932
7957509580
10156637121
17550370980
17179216653
16940920848
17560290670
17296814429
19393947630
16102088866
16171696364
17099517806
17852675466
10185788678
13454108304
12359249621
12462652896
13265258293
14346161453
12789408513
13105343484
13099888209
13892439914
13136692580
13564207201
12520768683
10985534452
12993224415
12296672541
12063107348
12461864806
12105544625
15649763062
16380015328
12935333584
8452182216
7819648925
6957101439
7173841144
7675880443
6665817223
7348572518
7329299228
9772174573
15504319329
18811956205
15898830590
16122483778
16825673891
15906589654
17561149332
18628098947
17783911965
14853753602
14669762516
16190188887
16710301558
16977792590
14497994039
15949191647
15432040275
15013218349
18603460370
17862829315
20036818679
13753792331
13742923858
15814301410
17459665258
16166610345
15507988062
15097704435
16614820412
14159543229
15629258562
14334711096
16028729473
11804279533
11646644654
13189534284
11808322588
16914696123
15109621059
10832923600
13572091286
17547718303
17191099768
17844454065
16226532333
13747280452
5786489127
5746325994
5811264179
6603184914
13011025291
13348816636
12728708190
13603063598
14807393138
5854751649
6608395691
5790755289
5678034817
6394055050
5927581413
6220890048
9112245332
6075178604
5680584941
5771148604
10724497120
13822999931
12462561378
13108752889
13527735792
9952505335
5493575884
6190249792
5271871578
5606467926
6117505472
6408475734
5472814744
5889420686
5712818944
6049341821
5744898475
5935504485
6224517111
5979558817
6261037173
5704431478
10780868315
11543256338
10462280425
11516219557
13290288201
10213442941
13164768311
11414969884
11842446920
11136510799
11731903602
11646384333
10283137742
10986395955
10965625517
9830653304
12533397374
10457662980
11356558711
10707947105
8517608555
14866085068
14085623534
12837809368
13252312049
13434594236
15638979088
14321520253
13799414795
13190695932
14216640295
11963421153
12677671294
11772646025
13462421292
14524219331
17083262046
13047733313
12923994232
13114065615
16450680304
20677753722
17653246009
17225963214
13954439765
6440683296
6019142609
6155602283
13127948905
13582509541
15417221662
15878459472
13583245285
15485564900
14297523399
12493092610
11664848175
14829266516
13264093842
12011282344
12458465023
12148000331
12426318748
11852552004
10941661435
11313316718
10729042632
10499748991
11525833535
10237891852
9922851668
11472566842
11295600609
11098485192
11076916383
14468539738
12723214979
6961492150
7798876929
13366970463
14842199730
15389501903
13257975277
12379801537
7489301836
6873382982
7858897237
5665618336
6986039123
7659498213
7159492021
8324556340
6916489176
7185293886
12450137448
12002878124
14008461575
11347163244
16528192980
14504578040
10887631915
8458890373
7939629753
7940689227
7228400694
7212760426
7496857597
7597451725
6855400950
6920735690
7782046481
7156431208
7324363853
14918502301
32960218309
32305988031
10784659910
10973888092
8660658904
7067076148
7970977466
12155357020
16080344711
16325230409
16719812141
17339764317
17680593154
16727763333
16773252586
17963438576
17511865549
16768282025
17341882642
12454964167
15884658078
14577077523
10764338909
6415713282
5921073935
5479460645
5597031842
11147370071
13689212283
12265867500
12953466301
14094155777
8903564120
7935867029
7611908169
8637461945
7494353473
8397902847
7672232975
7369260702
8270089081
7144279355
8376159312
8272405305
8032429056
11691507731
5843017480
5891951464
6916417914
5333559600
7158003628
11552521765
11558204047
12510867459
10781478392
12038739979
11251702974
11149648270
11162114194
5592051984
5423592470
6006730204
5808083389
5916327558
5959215600
6095085818
5894609653
5235987478
5767992393
5759268796
6146870885
6168361173
11438434140
10619464666
12282637202
13200899840
13102900196
12274626007
15353010351
14399044784
12673098199
13447397228
12872588130
15209148452
8812441347
6906729590
6532064360
6118742600
7391801977
6361656733
7015516308
7129861844
6434556819
6700896633
6125710096
6570893027
6579614775
7562623563
13105737111
11596287786
14942762899
19770138628
19047624548
16827964790
17606968031
17278308977
13591177713
11521731315
12135279773
11584407473
13237667510
15340228838
14691944543
12290196852
10004277591
10170988947
8885386021
10325078038
16524766618
21527240544
16939010387
17051276040
11439413580
9023058628
17521581551
19018676431
16315415293
18757760616
17807159392
13020022181
7554354683
7164691933
7732153293
8867284995
12821196915
15813090145
14997022323
15659364228
15744370929
15458772953
15487617483
15498775540
15132999013
16571617325
16824943147
17376994578
15251324962
12111412519
12475678960
16714397915
18555174673
15860869867
16427489856
18528317131
17895198183
15296701231
18043130173
15614672089
18879244353
17922190253
19257772747
14902869306
17478196131
19308957980
20489178649
17454063609
18854478637
18752935903
18651642858
18198804793
18753601812
18896226127
18299791579
14353859701
13784259658
13415686090
15745721111
17156055345
15812265641
19432535440
15959815179
17047222767
17098448514
19397694895
22513531056
11292897629
11981706584
11480569346
10300256739
16896452462
17462907397
15165692526
12939003626
11719113741
11151036403
11583251075
11601808770
12252869747
11192296980
11230127639
10434264802
9765474603
10838379510
10819585114
11994439334
11990950062
11996985608
9826163252
10654747034
13308249603
16024677590
12971506356
12858590753
12391671963
8220185730
5282225925
5790831375
5909910020
6075150362
6616773652
6198882021
5347958229
10380887182
12101837431
11113299396
10885684571
11415882533
12319997612
13886260465
12675040360
10509330998
15732177781
14992667359
13196982521
16196680324
19101365031
16403218125
15124643112
16957142636
19395769331
19631029100
19483167923
16898997570
17679880270
13725933103
17408518587
15870756714
12699229484
15281609913
18363976183
19695343099
16937828893
19260555683
17089788424
17212495488
16167665495
16209094408
16788241374
15451769296
15453050526
16489746073
18365569324
18379975327
17794399554
16880080860
18987820331
17851128655
20522155303
17847558012
17055482264
19136188458
18100428799
14346144978
16626666817
16070533068
16290152890
15161775787
15047878339
14881605948
18853871155
18171117458
16523278525
16736867724
14460513631
16085883799
18647746059
8010779021
13484877561
16433046540
15915711673
16457104409
15881725812
15540191248
17776061930
14970359527
16000011552
17329741206
14819697923
15585590278
14097120191
15569081615
12915488481
8479631345
6997821340
12742046810
13130479945
14836982524
14662347586
14631655377
13792126348
14862436950
13446056417
13919595738
13504430376
11931394491
13330035197
13951491332
13516742692
12939481608
12497617030
14034810026
14266827467
13991930210
14462953375
14402881165
12318857727
15878395376
17920035900
14617087556
15925460581
12984072903
14665126263
14940244971
13963339287
12809238608
12346784205
13595316620
15550273895
13714556585
14360348186
15791998590
15420244321
17123909301
12875638875
13567564482
13443512230
13774032686
14308921790
13861138206
15502865649
13570227907
15058160294
19054380254
21336278930
15055841464
18900780251
16511600605
16630559251
15062498635
15095150419
14444781309
14977142788
14784535910
15126856219
18273241893
16185598961
15521151325
14360724334
13360111076
14107283725
12810076851
13918209536
13070970953
13682987289
12933869405
14291689977
12498187850
13957650698
14269271868
14193853619
13449877368
13647410294
15106552369
13648756277
13930029067
12834445258
13111536561
12327124783
11969828385
11944139865
12392708489
14689769928
12686688928
14043290183
12850322523
12865386850
12461579110
12557141275
13867061400
13608925835
13593226528
12653871640
14327479992
12942686215
14454325996
16064018181
14285185312
7443690833
6609490763
6834723710
6655936687
5993635550
6204703763
5940988180
6467204546
5810508528
11680431060
11940779372
13659024093
11865779886
12135863241
13035403003
13527738171
11841590551
12283853218
13626449342
12411833031
12920991651
12485688996
11816475781
11674566570
13063008432
13258844723
14517510082
13014284057
13257637223
12258517951
13170017265
12787233917
14931101668
13584552651
12286938751
15738435100
13308122180
14186494111
15229298999
13942751723
14202749845
12471272245
13775367342
15793322465
12902744889
13616911572
11904762961
17030365085
15891440780
16666662428
17687718617
18939479403
17120098312
15538724620
14988171784
13988382089
16361463829
15922210198
16610054264
13155231441
13442878450
13844748656
13195349566
14914308739
13533730401
14056410787
14618420956
16032429495
15259424158
13049104304
13844451692
13131444856
15134980647
13660069000
13958607922
15728417341
15152536445
14780711453
17264677347
16846425406
13139279511
8504600888
7803353343
9431804152
8243498599
9087330781
8680030947
8904505675
9045972625
15376322453
15698975585
16536750417
12464543570
13831324889
15205452594
14348506765
14476903221
14354582561
15257176214
16043720704
14895062907
13710326628
14886228947
15002604884
14011452671
14290370002
13856498950
13716161897
13818086717
13337604115
13848112291
13450126839
15722117518
6333052622
6347597267
7078135923
5980724998
5947906772
5896269962
6476683450
6344556636
6447909745
6710359106
6750444072
6591615817
6657242550
7191882642
6664308355
6347772621
14408395626
9348430980
7289385026
7922701738
7668783860
7483743568
7496396813
7405188328
7929383345
7342472374
7612631059
8254463251
8004462771
8331225486
10783836320
9798093929
6948574032
6448093174
6055310463
6517013720
6022600457
6765926937
6481247862
7079960941
7334897418
6564802444
6477963309
6307779798
6933253664
6239098763
7585250687
6217051187
6894385757
7466086391
6412823583
6571937517
6905868460
6693849573
6293835247
6546075115
6530329553
6554553390
6742957403
6663032433
6622988668
14030031700
13749787156
13817938484
7139806999
6749170156
8046764772
6457602152
6931320109
10713346727
14882891231
13357878848
16647753785
13210889612
13844481854
14397288216
14754261092
13392781248
13837462657
13702119465
12668292013
13975838369
14070583631
15549970834
14915535346
13195019030
13286175611
13753066265
13912227377
12307445826
12186505056
12243497820
11947420255
12604194693
12951996013
6655855915
12486330858
6613727634
7299469192
6946268605
7074346527
6232823430
6471702721
6709460614
6811270716
7153202130
7514267905
7290073636
7772532647
8153163204
14602339136
13863163309
14985571749
15373754297
16152112167
14159566734
12763040090
16008964547
14157212725
12603394471
14238599410
15175341508
13797061078
11562713210
7021866766
7820666267
6622075103
7196065348
7158331898
6821969780
7022033082
6690126032
6936827410
6855700597
6634033712
8155895000
14342016262
14502218758
15008910507
14102169634
13226475554
15024751446
14531572072
15152516994
11838151100
14299027832
15951470294
14198318854
15089304502
13879017170
13579669991
14066126408
15717363225
11075071669
6405359125
6410004048
6296160089
6126102663
5724143504
6747747140
6518110631
6516270372
7021565915
6858776216
6470420106
6525517559
6018571693
6775144688
6367316310
6114824145
11257676803
13640574272
14187302869
12156334296
12811330052
11912872088
12472731646
13201672618
11710637642
13620848563
14027753640
14842413600
12877018481
12316400503
10911072802
13835354228
12678093271
13935276461
12183587180
12884939090
14280693801
13714219691
12761565167
14496394947
13094221498
16541364756
14648539099
15485594976
16357564418
15263853646
15591945633
12404551077
9999235110
13425836018
13312459502
16121698038
13785476207
12930241127
13309125388
12901205828
12852238394
6890636644
6031939500
6438772335
6394858232
6081604273
6924930827
6367065918
6574433889
6480236297
5931628726
6496231520
6396429270
6876866182
6873528689
7393234615
6426337615
6424280895
7107528379
6701740963
7106343158
7747036982
6672027638
7252095180
6766981524
6807173872
9394554495
15647658848
11996334310
6809084522
6548947939
7196719749
6379488835
6472553823
6980573412
6246592532
7061398862
6906501398
6268257547
7248658191
7080541778
7042404881
6574411468
6599134824
6167727893
6430081705
7100149419
7165445251
5944585956
7241308214
6673685589
7581639554
6779140798
6858245318
6765880917
7977191803
12354743845
14415978551
15878180051
14618439102
14722389644
15153595320
14852103012
15654915931
14708614202
13339330114
12471510978
15926863331
7509448871
6765106288
15365991379
15892175586
16868797720
15252921036
16946913289
15958904723
17841455068
15881318036
18166955989
14820226581
17115416117
15850596005
14214173672
16375749964
14552832111
15010736238
14475180262
12955594426
14869628240
13100627588
6552776924
6445779825
7560050848
7047519121
7186445945
6616422003
6436963280
6499531498
6413309176
7144005874
6749536780
6694602422
6692096635
16448711295
13847905880
13247775290
16586601174
14355932054
14828883292
15394408911
13980378525
16373671422
15884385138
14144831554
12973328255
6063290294
6238083022
6459844152
7290066250
7087099434
6220538210
7520185420
7501854431
6886570473
6492694640
14054380889
15403282560
16751547165
14918280735
15945241207
15544313096
13757399356
13255717118
12682415252
13209363432
14177294965
13110167465
12981011465
11981529645
15650329457
13539662731
12952520018
14438968605
12748102176
13588283818
15011500831
13114602665
13525639694
12952596990
6483743867
6116210708
6697133206
6324349099
6945894710
6520863201
6109434055
6779184382
6518449209
6247047566
6162437654
6813064863
6672376516
6868135063
6445388127
6054886909
6068959875
6110919579
6529166605
6531142306
6285502058
7004099803
6832890784
7231709513
6525342908
6161984426
6747751569
6462438425
6457774627
6149753199
6154998515
6273419043
6772245239
6464532324
6041464179
14135705884
14432712529
13635799169
14994526861
15577216440
17513627293
17195023212
14714645198
14069977944
14797211798
14671648719
14070255092
14373207142
15648673874
16213741698
15048552014
15996392538
13748102764
14942419594
14732258342
14201928280
14124571772
13355136033
15133999962
15793568064
14653189876
15278159109
13737137990
14302065966
14310831041
15106222150
14825858916
13811448907
16852012106
14897978925
14999378411
15126426278
14938024197
15762561959
16560717749
15817390087
17167033633
14589655155
14950509846
16495968303
14059007664
15093692687
14543011598
14494636393
13368045511
15548248679
13179765860
15405856573
15374324869
14900298752
14454732248
15317043675
12882418284
15348255581
15827581262
12183541368
15473532124
14630000267
15054155987
15033170738
14261452530
15621553877
15016819376
14021690037
15036605683
16585747408
13929040557
15407488398
16204401142
14111925619
11807108405
6421584472
7380449145
6932562994
6318973884
6700257641
7503809613
7612612143
6333010456
7457149214
7243944622
6004379548
6668151300
7353343219
7613907227
15269449495
12189530694
14497605223
14426843026
16048900148
14590621500
15081989396
14411998376
14171543667
14671576014
13358413808
12731015796
15070421676
13238897610
14410549760
12927483371
12778910800
13997717494
14730589441
13008847539
13939270761
14011408167
14540707685
15048320887
15504424725
12879937555
13126455748
13840088784
14614464672
14650681725
15975413443
12954130046
13993420804
14418802341
13307976767
15195861085
15864939134
14169167463
15233851361
15393932298
14000793829
13902357140
13812484363
15105341113
14593040478
15476833290
13752582324
14362227919
14699806415
15971996104
21424120754
29361872780
28420698483
29928774356
31530210053
27846413692
31540533576
29197424579
29294651067
31119415797
30074512553
28059661622
27755651339
38225955000
29186914654
7963675578
7812199456
7965836181
7981816385
8847231446
8511058774
9632247926
14223920455
10213125974
8587861336
7401756032
7785814213
7916014258
8296273062
7586234728
7574337653
7763212810
7947767410
8420219999
8383807168
8169112032
7623428464
8057557170
7952160775
7571993971
8328350798
7656824977
7932135562
8238427753
8447548787
8661805954
8164182916
8438909130
8233499410
8014102707
12490802025
17025608997
13864567506
14285728807
13410474387
14802192526
13506005178
14988249175
13900205486
14810628561
13000010671
12492611306
14250698452
14277900396
14664633242
15293993908
13520538692
13134209295
14797070813
14461820362
14398335519
14365335043
13483078053
14116626108
7804538988
6077660873
6435445505
9769259816
14515733024
13704371406
13779377801
14866711015
12792001862
9106300186
9497716095
12999592298
12150260159
14073402940
13233738597
13175404569
12772869891
12940571060
13862468745
13225220850
11905694158
14874788400
13502101740
14831605212
14777101479
14293970813
16504082174
15893101046
16337358574
16268022666
14695895514
17193702220
15516068169
18389313598
17213644478
16248431441
15437697149
16702134076
15051228661
15200087647
16528359501
15367456694
17912118921
16406820842
15360717244
15465060033
16821726648
16835066262
13726593283
14288386401
15584692156
15843533029
8451806584
6679805376
7300210827
13819018463
14229619146
16422838945
15711114208
8045236872
7273889816
7294293651
6805381438
6830826513
6958229316
7394751192
6459314108
6707959033
7407032562
6709891713
6913429031
7058052181
6839732729
6580711247
6732607286
12783089938
14357093671
13429979378
14935129848
17307081817
15192944363
16258072247
16056146264
16246056426
13410194334
13918221001
13500205969
12903227681
14585519995
6382452919
6368478206
6983948408
6583674698
6523341795
6062910956
7017495514
6944476379
7022010210
7105862158
6144043007
6261136664
6442261515
6864347250
6981712835
7129058321
6510405346
7026854604
7392170400
7859932963
5838166667
7895898242
5892954778
6880337558
6287169959
6502847805
6838025436
6771228332
7186945038
6252741912
7075287086
6159570111
6060031749
6573253927
6360924294
6529582988
6698522438
7119337973
6211945108
7070211396
11675381313
13776131864
14181802060
12067052238
16151343901
13180200125
6558879468
7238643645
6437557468
6709438796
6533638934
6440852314
6683297579
5860116456
6709630448
7349272504
6918467444
6938181222
6624691883
6528630945
6840704597
6784988896
6293034487
6809720816
6377271648
6936784117
6581375104
6278311082
6659626212
6928084375
5965881041
7085813661
6727425318
6033552023
6613886707
6810848516
6634365764
6746530702
7396388161
6669261202
7280358535
14481808613
15212294151
14298075827
14193369521
14594466508
12902856491
12395807056
12687340948
11917961938
13014397184
6902626984
5896087349
8115303825
7464796218
7243183057
6173745577
6456609846
6072627331
6330732349
6019806400
6461063842
6482031192
6232384772
6547022753
5796583784
6101295027
6194659197
6263473421
6735168198
6481755943
6647848301
6453477667
6214371971
6617777758
6691650509
6521062251
6242843523
7417712948
14707763377
14417550668
9879785804
6837595853
6174342596
6904797608
7575185842
7014485655
7210067547
6283111261
6726621540
6078724804
7019935215
6735659245
6672285413
6645510317
6171066207
6662882134
7587787032
7368442232
6929877339
6503153311
7334983589
6470526764
6730413993
6656727919
6110998986
6692646412
6943022363
6841718496
6371162848
6165981730
6010995653
6573710680
13711752145
13500688188
15050485007
12255184311
6940317190
16295404456
17219241516
17921087990
14970994532
14563106052
15457840607
16045034763
15268287444
16809006775
15447673043
17160220398
15270634892
14564503978
16878917651
14855600744
14924599346
16217774987
15512998523
18086848692
15313481382
17362427416
14828808515
12910070457
14134997157
15990948496
16754862348
14623359513
15003137193
15903699471
16380831333
15432161025
15192935612
14044122740
14830611448
12745101391
16455772129
14680560539
14157418548
15189136936
15886577288
15150713886
14117907840
15798829541
14965212313
14056319216
14776453833
17101899410
15538719462
16962171011
16223433161
15171442824
15748318590
11701829298
8517400598
8553415118
9383926927
9099671029
8464768796
8935815810
12577792427
16274348859
14686782752
15653670083
16130890115
17482278311
14616186991
15955493356
15778368000
15161511709
14698125226
14411470109
16586293718
17209018739
15286331632
12486108953
13251455496
13944936831
12111178009
13446192516
13690794531
14536307248
12455842696
12491369175
13162161716
12637364946
11979800416
12815333110
13414646356
13185079494
12360254391
12272008996
11352028554
11818705986
13083345121
13456336496
12779748004
11656039143
12770324396
13285432209
13487068551
14504650414
13056828215
12959329322
13778351602
11049181506
11226561130
12839497964
12997812144
13366244556
14310604476
13268541895
13449592422
12188911051
14223033632
11822711074
12812136645
12776113183
12514740358
12262234845
12951016527
12904229464
13745819953
7982128931
10939065187
13217591455
14293050479
18231256789
14558798746
15630930477
15433892802
16270133330
16617296728
15489265340
14575596763
13565176383
15863128731
17458491496
16107106097
13930483613
8044448731
17277362305
16102764539
15593088850
16613227193
16508246582
17380227826
15640380033
16240125535
16029072995
14800372087
15566959629
16640814562
14564393022
15801485681
15415784678
16256132627
15048709506
17285669240
15303395324
14435220884
17271194105
15487951558
14551803811
16535819470
15605926857
14636143839
7033419623
6085224476
6726100416
6808584047
5946884323
6241751160
6785788227
6075666885
6491556840
6025091074
7847922324
6434533175
6470298081
6371725576
6701565834
11818164043
12227870010
13226165275
15000658957
12957934776
12177138116
13056884832
12959018934
14219989073
12700876786
13309595490
12704407601
14401994415
12268100210
13571713906
12676325037
8169574919
8406261484
7506678588
9129742139
10127250422
9527865791
8530651768
8605708613
8359550627
8840297920
13535628173
16849236062
16300589118
15884523605
14069634835
15502368760
16609394663
14453432841
15623222650
14952451527
18010799566
16423028130
19105446371
16795440978
17100325698
17986400141
16466147482
14857829435
15593601184
17955220951
15045414786
14643037934
15652739821
16402446750
15823170522
14300764522
15157080370
12831681936
15725637639
15927048857
14178539718
14027878111
15513079334
13683327566
12426126791
12789239473
12987551680
13482559487
14294554438
11892195064
8248567248
6460445938
9208733646
13104161518
12833175814
13023266057
13272734524
15249457859
14237312753
14804435734
16061148907
12772041956
12472175556
13916018717
13186479859
16857583447
13701973589
14204166217
13100035166
13685564934
14967560273
15775856352
14798523370
15098722629
15052292413
15828563198
13452349941
14226099722
12255810306
13336417696
14205655485
13374626526
13198260891
13643991044
12144674692
12776348796
10618721493
6398627156
6591404431
6735813894
6903560650
7205939013
17823352411
14415767454
15749207786
15395108638
16028828935
14052213561
13638899429
14217472141
12813089040
13124849061
17677655559
9426859277
6689329619
7083914398
6569018448
7853858798
12475240521
16478111408
14320246610
14028317365
15817360432
14584003702
14143592243
14826967073
15500949931
14653788696
14890154325
14312946410
14192808043
14438797646
15967153134
11479620867
7952870780
7978009155
8645818276
8653081668
8738974210
8316563825
8924438335
13519588214
14568119936
15368993713
16251449945
15142817068
16446445678
8690859113
7913682745
8251739691
8553104891
9623949747
8583633359
8862940506
9018860075
9235759375
9832470675
14649425900
16109013658
13588827699
15972918492
18259849082
13948216078
16414324361
14725367595
15074703503
16028423076
14739501801
13802986964
14638498653
14698263262
16848156627
17713648886
15948895234
16715862069
15730938226
17013357602
14474833050
14355404342
15383740727
14068043560
14988976337
16186390230
14608061205
15736732129
14991415130
15573050770
16517195974
14266662504
15185882991
16890649383
14493388372
16281347792
14726876343
15181514500
14049090245
14307150404
14345458455
16202023959
15222062341
16276474117
14186055142
15360694773
16286628463
15074779116
16195093846
17220092441
16385303126
17439321363
15965984970
14305585830
13778088560
13414711648
16039796193
12718336981
9498611397
11309813838
16329605975
14324993248
15564202234
14412587191
14518633543
13776843726
15046078363
15934109416
13844330625
15479246952
13264536079
15658446422
13764505236
15338083032
12790759109
12715466699
13613411109
13469915132
13695149672
14332033683
13292550090
14578628621
15024936285
13637335671
14818965265
13854602859
14966983962
15011838843
12579476716
14863399562
13187226289
15166589215
13758863624
13227545864
14371670942
13893319845
15815017337
13179985349
7792091563
6705841089
7358748573
6598490588
6802562345
6700448649
7035835475
6899742986
12188783307
15050138054
15228145767
14680555760
14354036503
13519561356
8920431592
11923916813
14329948280
16255140338
14436196585
16638380471
16581602355
14150506133
13627510571
14004805172
14279873862
14989172103
14776422560
15767832082
14932401992
18551144276
14915947409
14729528120
16223995561
16839151498
19910751406
16901754407
15535282999
17472807444
14880470281
15262786259
16496326316
15940715426
14525845493
14248225901
16866864369
14397477973
14620435781
15073432549
16061939259
14605892965
14836826968
16852733366
15615938027
17148074534
15365474436
17413366684
15321289708
14799550802
16072223314
17292913142
14609198339
15805506634
14005953518
15023650289
15502680502
14432887122
16209698245
16118735065
16016044430
15655726581
15257982833
15056369997
17373135350
15755439405
14799903250
14679666228
17382085229
16821218735
15888012168
14669637250
16250912059
11684250963
7166889639
6289914097
8765967037
7759118315
7741834603
6733167980
9573830923
7040501812
6430156590
6948742053
6997610602
6997190253
14469408922
16194897126
16593352926
15594653701
16851593449
15260677724
17460614284
16357451399
16897604408
18466214041
18750615767
15991031935
22044077243
32121962174
32438115865
34483039500
32344649875
33179629784
32119893192
33417323795
31585362943
32748643575
7769944810
8138650159
7516098505
7782164758
8883551526
8358781529
7660408306
8208004320
9062058297
9733036631
13025352624
13259522068
14511969810
13610498078
15268275016
10818323098
6742965039
6146480506
6355310892
6216707540
7279051459
6765707932
6402866340
6435834771
6154123995
6286824593
6774661911
6864389955
14883664271
16608924077
14886533224
15405267878
12646374360
13362851094
12422679788
12590664831
11310797193
13811627506
13322642318
15321030174
16559660681
13401949299
16218369082
14422890787
16625771943
16447164737
14224620344
13082436796
13124368467
12181406715
13847964308
13641387717
13768367845
14841196312
13076011133
12945657921
12353760612
12767686442
13932354167
14787074653
13379459800
15220544724
13462416958
14419630311
13232487274
14415466369
12507969757
14255747186
13461970487
15490220388
13419810065
13475837276
13135943929
13529657828
13736469145
13629884730
16004298240
13947518045
14388596561
14270153155
13387307249
12912931470
13599169909
11305135393
6872217194
9830692811
13839085272
6264767246
6163093842
6805559684
6482891064
6816511371
6526283197
7170496921
6262256384
6767345015
7581983448
15847142137
14659966763
13950438434
15046492497
15599785597
14915169603
19327594748
15477200170
14527188903
16615151238
15301677345
18125795213
15038276785
16259964381
16639503472
15393749192
15373202897
17905916390
13619405167
13793827329
15058519987
14731591691
14118396564
16777879914
13346247815
13651716821
15762722902
15083495001
17670069838
16295492413
15096042687
16939671990
17185371428
15025916656
15190498956
16005741478
15464978838
6773652237
5976178689
6682898107
6849140286
6461789967
7419975104
7355287741
6950562422
6732778625
6575854257
7134637346
6183010220
6793956819
6313576878
6060457023
6544745556
7284971926
5847877496
5768509861
6653792218
6254885734
6027433990
5983721429
5579700763
6768819478
6726917835
6226794345
5581892157
5707913647
11312376420
13706887697
17098732871
13342187879
13524085760
15003318791
12884024833
12600328195
12584327124
12432941232
15041959788
15237421337
13442155464
8940676018
8214087092
8479262267
8659875374
12440594567
14905474509
13122407366
17551613036
19705032069
15273393216
14837745921
14041747342
13510604546
13339829929
13982266452
13003960729
11523444785
29391584815
30384271050
9468712831
11920617464
16963549313
13507441309
15893390711
13560169522
14859186508
14122027030
14896460231
14101634568
13660900904
13120927418
15379331708
14673638376
14004509321
13623034625
14524794509
13898414788
14121113649
14023275479
5655197601
6381320383
6138490150
6269805746
6158983205
6378736405
6100859289
6574753243
5500322924
6821351135
7580325334
6866253508
6024618427
5804571012
5877158740
6643734487
5624737497
6260003118
5628166695
5992477510
6328719417
6480794891
6177354155
6445441760
6755634609
6105745367
6374834430
14543834676
14841614444
15670397769
14741689509
16144493026
16421100018
12618994063
13754493431
15420023391
14576823299
15052548862
14052640165
14607895012
14299150491
14595407054
12972862349
13816293331
15144763344
13990777014
15419189828
15076056182
14085185821
9533284189
6076547799
6555230980
6508193194
6780266488
7332422672
6356759621
6494413724
6656516685
7377535087
6483105948
6120641917
6936541582
7327899680
11291546741
12849616249
13487580106
13124662037
12843031715
13771541453
12175482696
12213684580
12974840711
14234422745
12268728549
14646004410
11949501052
14788318960
14293518043
11753906146
12914988589
13651163766
14300042317
14580264047
15559026249
15291442784
15713565546
12789656449
17183740331
15347030329
13234489980
17090592153
16448867756
16080324660
14111519458
14368933677
15084992046
14932177831
14220944875
16577351272
15167314043
12470580238
12183231706
13509160435
16237084435
16786656235
15186811185
15760098316
16620097389
15677732370
11935255491
7064105690
17191740173
15850046083
13118403537
14406041012
13449434368
13991116176
15004877418
13108371808
13418653047
13762542060
13592290986
15158566275
14117759266
13295062567
13785186805
12930357337
13004387975
13293695406
14933063661
13529026061
13960947085
15294503541
12758566785
13506804145
13028371050
12953231175
15223747165
12992921726
13965850005
12550874902
13685065514
7258196355
15105551219
16680443851
16095969564
13340822295
7229156361
6776481963
13154081778
11064175594
12936814547
6522562361
7902110942
6474973568
6054438984
8669654170
7836066702
6733134477
7014346918
7007578220
15782075421
15334286451
15517018127
13190552745
9318952867
7597129890
13360324531
14977428623
15415858786
13897345193
14617496544
15582242208
17045685249
14973265029
16557390382
16405375294
16700600260
15689108805
16565979418
16713891249
16639655262
16860008536
16274055974
13038725646
13619145517
13445810719
14595959740
14972379982
13990446009
13478808070
13352774479
13092422997
14852937663
13799989690
13854491615
13984356296
15203580774
12697647268
13569360616
12689334665
14832671332
13496078434
13645423497
13052457322
14348289544
14694269034
14781713096
14729375425
14564716825
14625749011
14440531293
12130500554
13823898370
13393375576
12205879213
14540463930
15545170496
14522132862
14186649926
14496678125
13268574344
12237014713
13022750115
12211024421
11917490819
14355923604
13319043779
14144939710
14707710715
14460306050
12176966159
12978363272
13004769124
12345266536
12520768643
14464905963
13247219762
12441304105
12493584397
13435682433
13929360393
14403989803
15248912600
13357800057
14724779683
13851047607
12436600316
12127531216
13289042968
14610650734
12941831080
16736483523
14409244265
13813228022
15016959039
14157229956
15551816001
14118298174
15081130644
16580190646
13788848048
14256204490
13288910535
14107239392
15213983179
14615769769
14328745086
14147062200
14265624113
14529689323
13839768303
15491619982
9760945478
8134241949
8126438565
8523410316
13967229298
15459136181
13697506438
14147065100
15623229467
10679160445
6701421744
7502294932
7203176195
6876117818
15534524778
16086269283
12931132474
12633498619
11765078639
11621802213
13361861968
12730298935
14040641994
12249146350
13284935517
12997339997
13790186211
15648061446
13342956414
13301243891
16001793452
15760974321
14561251154
17259804375
14701237293
15605259023
17491946288
14607492848
15210722191
13510744329
16971716863
11615993169
8516466727
8021510752
9299947787
8209019022
8990610863
8498778429
8369485326
8075215639
11918588233
14518120750
15271951871
14791711410
14027914074
16697347001
16115052398
15535412713
15770557782
16179023473
16343403009
15936305586
15825352345
15538502735
14791349540
15163590385
9856501367
15176864115
15712219475
16933176401
16180524214
14556645221
16603334668
14415304632
14511933523
15332912250
15138145405
15030027448
15187821331
17310479894
16553202976
15570815814
14610297215
17230647894
14763685656
15694842077
15075695055
14313517803
15469032700
16999255930
14029787162
13720425945
14451850813
13600363611
14952075693
15128088973
13864948270
16489385837
15043353472
16633280561
13148775599
13972442374
14995118904
15487765722
15433493242
14829994447
15003019880
13712443128
14230196891
15945119508
13210336182
13731558835
16340841160
15996517421
16494333747
16009985756
14252539809
13210822899
13995981459
16725190942
16139561483
15340337689
13965794229
15433391525
14410579383
14690094664
13348408983
13585027805
15103227268
15576536055
14087451840
14631557516
15523472933
13727303297
13916310587
12342034285
13154208692
13349968222
13297137020
12883267739
13131246714
13893109719
13497296067
14938473350
14711466931
12665407562
13819006231
13497489778
13624959917
13632420459
15105874434
15798745368
15927507967
13786648230
14928984796
15256236039
14515408507
16100115251
15785204242
14821491549
12079983742
11476135063
11897861611
12218632326
11869773584
12090857096
13422608330
14610312613
16103803938
14087405999
13216189651
14529529566
13782667950
13456942699
12507130778
15750914373
14346556579
14625687793
13870663535
14526308109
15193138340
16404964769
13039873500
15747098685
12262893588
15104991518
12836067251
14002419675
13556036235
14668227754
16314031077
15816423047
17037534509
15058260362
14480847833
15645892129
16224763618
7938332207
8655184530
7697568887
7986450709
9175029732
12071373727
12719318323
12803268169
14746825618
14521636162
15201913638
13977853689
16588883468
14912953349
14308074274
15631515359
17684450629
14199160531
14495150856
16761384210
13954984750
15785613992
16180788246
14919672102
15616677056
15128674177
13642820557
14956482584
17691721745
15679864818
15169290129
16622268565
14747198624
15628650748
7820459252
7221489549
7845782597
7210841094
7630556859
7419697260
7311144609
7287948968
7495332684
8131764793
7773539106
8580195537
8191428933
9963616415
13740011580
15936158185
14362519129
15021172319
15599623307
16738982860
15250110521
14222548135
15489462775
15224608752
17455378978
15300074949
13863007132
8600607917
9745351631
8848407226
8897361967
7748492123
8638023964
9173118143
9564458673
9369050367
8440050680
8889310300
7725751606
8526035902
8159411760
8764579343
8749492872
9843299714
9924428631
14669318896
15351545250
13811029607
11305310765
8218851359
8184646523
8742681448
8115337862
10771943390
15025918504
15168393160
15019678990
17389111456
13124241902
15173486486
14531381344
14459573696
16707796979
14537033933
17002717212
16311745822
14736502278
14273914995
13559771981
15857884570
13941156339
15522552588
15610624552
15455834256
15113281025
15711746307
16548371979
15560767095
15567424537
17383032448
13022457027
6311547157
11271800844
14074966174
12359991642
6540903231
6126810170
6819562010
6271803098
6396536398
6177853782
6773868931
6195687483
5814785816
6413355233
5831980830
5983009058
6433925425
5516673250
12067588062
13235456596
15256257871
12838983175
14312437337
13904072007
12798099080
13758565362
14056078622
13002298156
14601050587
15087935751
14466048770
12057965044
12478685578
12626450108
15076089232
14015168449
14741159012
12298653231
14511737998
12733414393
13540517745
15052068882
10743433425
6659696039
5945713149
6088695145
7064670491
5674455867
6218724407
6029933639
6582088503
7028597843
6507293374
7350800021
7225643478
5968629695
7241015232
6185357569
6889594614
7090863891
6350195778
7139951010
7004202590
6683086726
6713422860
6595717755
6398844467
6255237828
7235860546
11300512480
12368081647
13028018563
13029011944
15978120230
15742849026
14829097510
13984696091
14487356041
14388932535
14016144020
15063071610
14714618640
13203716863
13818824332
13167504730
13367458164
13780244220
13026591767
12376574616
13217871767
13189067908
13236910638
14715441992
14559699913
14070171864
12678089054
12647245104
14636755283
13293610739
12797858857
12050654309
13348170456
13061241829
13544351873
13731590513
14117440240
13455915785
13947823664
13356845958
13914365006
13182581889
13673997364
13963386025
12953521182
13173214784
13165568703
12321772566
14426812791
14254244850
15022631841
13167321604
15751165079
15392936186
14762124241
15853113491
12422440039
14584413805
12632165008
13660792152
13248994215
14174024566
14628658391
12343217805
13738367258
13218727373
12060750155
12598959207
12947699720
14345348023
15619739208
11996691378
8612775620
9579515378
8152718374
7503452745
15176437386
15567746536
14514359883
16094639490
13976174019
14432170288
17141254342
14903160540
14977120642
15640822770
16570245274
18215466896
14544005982
15570637525
14184694301
16075204960
14720796068
14938919809
14042134281
14363806831
12226201824
13900851939
14276880636
14520843142
14294536623
13185509903
12195934259
12673101063
14338645738
13830108938
13383606338
13867858286
12580850080
12613040056
13406437869
6657814721
6092045927
6388384013
6271364450
6954299891
6445477088
6894800267
6982221985
15473739831
15043259577
13468710781
14816561051
12957217681
15033519971
13052505238
9109613260
9669091803
10300424384
9601992878
10872731113
10523573469
9223594858
9242945941
9257394791
18242153746
10641305858
11440369124
11224432433
9656004174
10815406472
9777128321
9025274948
11386650723
13387344612
13195520608
13689032759
14384584302
16120607924
14744923792
13059273211
12192202370
14770844582
12620666673
14716539300
14638915353
14172507957
16505746058
13511660028
15348364351
12839836387
14432641599
14193392951
14768549266
14618373677
13317861127
13997046214
13666349359
14561151151
12841944935
13684759547
13339781545
16525993325
14742242662
13239150588
14368332733
16114901873
14914849109
14536835590
14208134319
14738796755
16367168111
15216644869
15147431744
15537435361
15031245105
11862603835
11864774319
14525501677
12352812602
13174566405
13027433046
13066518356
12417461404
13632250444
13007464078
11938229345
12403321630
12604000773
12624112823
11610999046
13503369139
13725967480
15699826012
24698930125
30606426938
22948431277
25977189681
9170499189
9561924429
9376767208
10357777222
9245052607
10057548130
9988748654
10959899053
11678731137
10642664935
9870982937
10097386764
10160072058
10168039215
8905128300
9459183347
10381209525
11486251118
9903302591
10814592994
24402692022
36623873653
33058141234
31746415736
31173931088
30123477018
35470601096
37048094164
30644006568
22432417131
10574829862
10618616472
10920870473
10245717188
8983975101
9795039795
10230559277
11376414849
10265996020
10457996666
9890479220
12352210680
27227600812
31230322050
31887561675
26089632706
14715429623
12644790549
14628472411
14677984724
12911833238
12929030905
12359693033
12841366406
12596398607
14479393059
15475657378
13667525389
14978746641
12371131890
15642707568
15045399436
13464166531
14032917902
15340839014
14467028355
14320789153
15363538984
14076886920
13641053834
13273714858
6731185683
7085356377
6561087052
6297453814
6368189836
6463816545
6217721194
6096665589
7047311388
6109316586
6454826693
6177184517
6366582758
6992974130
8999068077
14894767624
13394779099
10536095751
8636221120
14504494502
7201804285
6424849888
6619447502
8503207915
13128970423
14512514599
11247472347
13816009877
13691717207
12968855885
14379984100
13088572477
14565857840
13777082535
22487547295
17024699235
15927620263
15593577280
12603437181
13520936576
14602709245
14210671244
14412883275
14039790989
14582877522
15272099260
14100434789
14415910685
14295937942
15530700281
14060866371
13709742015
13106294772
11943659724
13852043386
13060908483
13093921293
13678402586
14784201897
13344717915
14656308417
14208509335
11829653762
13817832383
14771266813
12857029098
11994404637
14940023156
17949258827
15502983012
14019181861
14843825444
14570070580
16341866681
16329906130
14639115843
16869897388
18675093471
19125573203
17150288622
15898080670
15856207918
16135914005
17396714161
14261080517
16294844643
18177864240
14739811430
13609528756
15969256436
15630557002
14332017278
15873626855
16032254172
14324061337
14739133224
15003474890
16780891928
15216858700
17231950166
15225760684
16313824728
16842332976
14720513345
14689647644
14725886720
16633595452
14941597438
17738779115
18353878048
15405894600
14373699042
17515845014
15093273092
17193869637
15804443404
16130099922
16009586597
15516960113
15138559528
14874428586
14713193982
15511813502
7495368025
13339468996
11849890254
14543488391
15379599140
14382239754
10487474169
9428230321
8428262263
8729110369
10331181669
11064511536
10904891624
10074672196
13308845342
13271440357
15766742048
14607763716
13065248635
13711620393
13643535713
13263413195
13520002467
12157822708
14262630910
12608726057
13499411712
14025127595
14165371812
14171721053
13684977944
14499420091
13921052734
14049307604
13900349192
14099381719
14784001392
14277195260
13749318456
15950441085
14694260237
15851403008
13466692808
16322702593
13365136009
14191797663
13570830322
14534015426
14535162413
13834192398
13752836485
14543058295
15391304567
15087031642
12383942244
13050341158
13901911275
13365962090
13387186727
14846837968
14600915229
12730456189
12643001725
13221270065
14647294201
14488393361
13542411278
14752503226
13217206407
14699510040
15676060370
14459694728
17161060338
14075632536
15493513479
16275060436
18027754493
17183091275
17148349739
15903933196
15638757447
16079811324
16347479855
17442605086
11922380676
8326520366
8725880899
8623111220
9499627371
8195218593
8269102879
8979141334
8857380454
9065639908
7713932295
9587935867
11892297794
9402643061
9634307235
8785442223
8384288500
8256524379
8553577043
9230812868
8543486131
8642120658
9629547541
8436309014
9140148180
7999141563
8457580569
8490050068
9810727131
8465198417
8582908297
11722356134
16722435805
14090507613
13463399585
12873821994
13944782091
12704659476
13507717411
14659314259
14005353809
14809277612
12962771047
13927052641
13740218265
13276463484
11598386742
14245324654
13616140032
13688593013
12592966015
12628502215
13231142162
12489475888
13335329719
14749563379
12383717637
12955384268
11572267251
12360044411
12994795854
11786134417
11376750537
13975884163
12184109635
13635978985
12824218083
13647505540
11954586208
12306879073
13936251915
11638826536
11626673874
13229690191
12686958032
12493813252
11023494987
13263973739
14203280913
16313546255
13839228313
14431984029
14666844635
14448833370
17561551995
13940303298
16223006724
16369449192
15741546099
15543023988
15827751359
15013528513
14589936077
14674362239
12883494336
12844641208
13943989362
14550687639
13894591427
13160194857
11508447793
12692740337
13508572066
12239067594
13598912079
12693600303
13684527432
14752847410
12998072190
13226266068
15603792140
12490341256
12088274629
11542470770
12795552907
12887591463
12870424624
12618033277
9322733522
8664519672
8306436001
7880601084
9296558224
7563487296
7974529000
8784515078
13101583714
13501247402
15500463397
13603792708
13753737931
13297924460
14410759109
12985773263
14637769937
15108435472
15947436100
15669413471
13564911918
14839082214
13680179978
14887706001
14719520313
13439191129
14542395910
16372808652
14082712536
13644138567
14141249090
13596957084
13687035261
14176404220
13757516689
13785473097
14371995958
14404887303
15136855234
15752799751
14322292253
13139101956
13906041828
13126685896
10244387753
8359457970
8771489194
8904077621
8218119697
9347367337
10202846857
9531054499
8040327403
11490387884
13969408066
14550961153
13657918516
14316334565
13122007047
13668823265
14625550886
15746776664
14858266239
15703755057
12604071876
14435858122
14323831612
14347109896
16239807305
15104823833
15019060954
16350430537
15347678151
15440735365
15130906450
14496727202
14675890842
15550067078
14096561963
14742987879
16160262636
17137965652
16276826078
14937757306
15137948871
14833459756
13661849639
15287371978
14670136889
15428484597
16017942698
14806128227
14917439030
13677105364
14149423273
14540643883
13424574897
14165854018
14366955560
13416101759
15994118794
17337717563
17966720697
16850557772
17544400831
16584424028
13877236538
16396565182
14358463085
16845833459
16170477254
14771805557
13981146776
14162774771
15135496895
13450175001
12482941861
13308901731
13173738350
12939201220
14094048246
7899629012
8510535202
8592085914
8674042663
8608971994
7845776713
13262164878
14928829971
14085205917
15165700794
14795258303
13721222576
14095661213
15265959026
14560644695
15770390872
13690834418
14055317649
14531619353
14784762678
13782444497
13804819177
12537068659
7096864840
6625602323
12130306593
15481321186
15366404653
13438004251
14537522440
11275199823
6236537141
6112693530
6205517830
6209452894
6348653168
6828010857
6427575535
6481632487
6376146530
7000517765
6745320095
6753228416
6673580940
5700190563
6704647099
5768531568
6450893973
6479817467
7485435783
6484759335
6580539112
6870978780
6569735392
6643881007
7194749491
6617569975
6336043374
6437789259
7229629980
7036558613
6350398054
6931220170
6362930710
10684564769
14695447976
14305685189
15573507788
13626205338
14284639375
13135996793
15829927041
14536342263
14490579770
15222782962
15931080456
14827483329
13527371897
15764655694
16341891096
15242910353
14504011190
14124527250
14178833476
13979195806
14284024276
14824784834
14935422868
12007000195
14703849312
14077139653
14150827426
13731802201
16551338058
15253611374
18105811366
16590364169
14352013028
16313234919
16554838862
14818967489
15849911937
16058380252
14550245835
16992746279
15097322193
17412627567
17781047427
14885002413
12239507325
9115615261
8495009162
7789428191
16628862084
10916967484
8569529998
8458020065
9591759001
8280990080
8791881005
9768772438
8408592866
8457139575
9355105219
8546654830
12117605608
8205406581
9608124679
9310481498
9748537769
9172501719
9527932275
8327997467
7787003148
8394265733
8828928195
7907458294
8900003931
9032692965
9556299995
7953979338
6670551808
6549054222
12917298392
14543256352
14601663964
12567996903
14019434671
14482982341
15267719090
12838942121
15434965707
12584254758
11976800440
12856935644
12283460955
12587312388
15754109790
12067693247
13417348429
13704212922
13492096663
12791421688
13987557042
12517824557
14076821931
14928167489
14979578205
15035743065
16939613274
14017561320
8021178883
6887520043
6655527335
6869650598
7102450473
6602539757
6847815373
6921537887
6226449659
6898219877
6430030428
5827200512
6284283844
5758646233
6303725830
5847317510
5868528920
6578135456
12477287696
13787711962
13495826186
11978418616
13633646415
14703004331
12022510491
6364006931
6971752903
6143695692
6628718100
6346987593
5725325865
6587684780
5993306219
6873182646
10207596559
13561359148
13947682371
12593612737
14824001830
15479471672
13263322886
9678565583
14251921070
13098216546
14018479737
14259615587
13305827380
13908906485
12275261862
11899934585
13742605030
12740551311
13573509485
14341858937
11621644614
12399575719
13798202011
12829574750
12026995796
13070076438
13530058985
15096534982
13474960055
14631902074
13563806950
15494492358
14320073185
14689469357
14175886886
14319002709
13959369829
14420771713
13056673465
14324797342
14011842477
13415916182
12418104923
14105786151
12383418483
11750757261
13967748994
13319943323
13005180532
13958873441
12150638360
13874317084
13940952818
13601317625
12382118978
13277051160
14042673607
13684730758
17084345115
13815030679
15128458391
12854745873
11839621176
13852324061
14474000227
13859907065
15048421730
13423198457
15217266854
14158116671
12356025137
10822197193
11709630865
7260486734
13180846040
13178595311
13931544735
13688129390
12763196850
13881563678
14727231031
13485409982
13312071063
9046939272
7986170388
6983712765
14284220768
13594287637
14258650452
14946640935
14786538817
14839900491
13594490304
13860865588
16144654975
16392329499
15484656689
14303352026
14268740811
14056464398
15174944416
13627111574
14331238261
14691784463
14143388354
13422570469
14614714936
14908678957
13653016088
16409251227
15695967766
12646929458
13149392836
15266117776
14743437272
15558593460
13090156417
13482057107
13822549305
13885804189
10443590963
5944067441
6391485153
6769318799
6968669148
6063033169
5855754812
6636861572
5738361033
6665137997
7922225142
6310946057
6834073223
15888960131
15147235928
13245972474
12844576073
13334177310
12646157552
13181369058
12029487203
12326945717
14282610910
13450060388
12751162798
13676691116
14772408883
13678619028
12507566250
13512983159
12822488562
15789354999
15414371795
13044078311
13925522000
14674546677
15329912913
15000022032
12905704081
12829936585
13430500339
15747220345
13151614274
14028123357
27241728205
28649971920
31974289066
28075944410
29197726750
27929175319
17039849498
14208943119
6664168068
6593936649
7171480529
6498297242
6795112502
6755030287
5927194268
6557175286
6157120147
5826615040
7328322170
6521923136
6611026564
6324328702
6499245443
6403089564
6211980875
9640589320
17131798537
15416243153
16382152277
15460477168
15003834914
13956164309
17587436554
15298597472
15951232651
15308587086
15311314166
16872137692
16434150583
15173549243
13842873741
14836019349
18011506291
16690460196
15244256938
15355881935
15393791821
15250074335
14004731031
16413864258
17222902457
15444618919
15656317575
16580027064
16661000089
16650395487
16094174892
18790042448
15526629838
15340239742
17081737249
14241175389
17140613073
17353804071
18564473825
14873515702
16635101535
15799246018
15049715411
14860717359
14761030494
14647192455
14917029823
14677018112
16606546302
14771950601
14151161120
16598301789
17245587762
13904853284
14424060551
15966934885
14944263720
14130399115
13988671877
14567456582
14761355782
18852922914
16078944459
14403119050
14846754679
15076094255
14874309242
18551896142
15546693844
15237415611
14654380003
14358227457
13546527383
15344546766
14308249069
15702893275
11615047886
6094224465
5686688420
5757599935
6234367830
6348073818
6284056485
6283107841
5788941896
6200713107
6287943883
5985070171
6090730850
5641936848
5498766819
6619434290
5554597774
6717440064
6239429881
6255387567
5835160529
6329144632
6163175754
6080299993
5762228884
5706549437
6910728532
5781624260
6018139598
7304724089
6392705787
6043642271
6497320725
6729778218
6330013809
5625760232
6211297922
6500408445
6152408843
6256637354
6947910242
8593688946
8143393128
8860299741
8342849612
8222816207
7538145543
7619940918
7258297057
8167915750
8502851859
9202945752
14297292984
12962428244
14378076908
13740790733
13554526026
15035091785
15446983952
15387453260
14539433583
15645284053
14056584148
15321875858
14584849625
15415011819
13777546146
13309122162
10938221910
13154048439
12882064061
13982678753
9042143831
9080602905
8872016234
8866073240
8311225756
8503109808
8296051780
14131390082
15176465133
14770575491
16063276080
14595612325
15241581455
14375578693
14571153163
14846173028
14105364520
13759682942
15155011651
15731691579
15245184762
14654239689
16216844281
16635020429
15199986781
15386771916
16830258261
13993592428
13814873670
14942859808
17123190981
15148563350
14422565557
14905740358
14532324024
18022711279
15007693951
15666607040
14546074256
13509163974
14035759595
12121285196
15373542997
14453653709
14977051255
13971205070
13600110443
14193579173
16741154798
14627126411
14332451926
16307215975
15425155730
14815037854
14974228592
14790822802
14310944832
15444698160
8165883304
6750725683
12398093564
13134569069
13869719215
15166561095
13158498635
14456410425
12796277719
15026857420
16641535217
14528930149
13492658765
14544449042
13859336757
15889808820
13291287073
15434151561
14596576461
14147712452
14140111644
13948460433
17588806198
15476370055
16326918771
13951262307
13450010415
15745715033
15210597314
13369542157
14430785630
15330412098
13956452643
13489365661
17381275656
14921602134
12428758070
8643463871
8197586352
9481277747
8339022349
8421060611
8218349650
8727227719
9746718503
15417797816
15400582408
14621454293
15497491660
5933410563
13335238926
17085315211
16385471236
14970491515
14707774486
15629477122
15738618323
14129959855
14489231874
14949335198
13831845182
14635143166
14753664454
14936670224
16037843459
15776163900
14130781343
14529989628
16489411780
16103829843
14810584933
16478248627
13870075655
12235848966
13452541425
15046324804
15088867388
16022624475
13149829906
13658929829
15089986994
13802672498
16009458189
14747315617
8360657567
6397699854
6271828250
6735008776
6638686493
7037252032
6617469310
6485669677
7535249503
7081577375
6539182631
6766354458
6281300210
6227309003
6561694648
6008285301
6111012442
6820188970
7111530897
6365607663
6504150688
7084511206
7537864412
7256656819
7019966146
6504321605
6591474029
7222905211
6132584023
7150870684
6752833155
7130627929
6445802530
6530550371
7560513116
12661897066
13004579666
12506005798
12031953680
13797514621
12789057513
12721514825
12160012611
13761514913
12479833181
13524532074
12426327998
11521830049
12579467954
11648771119
12385258926
13205685807
12368933103
12019162647
12674126480
13320124827
12494388112
12217800582
12665397886
12715998314
11504211606
12276999112
11553101291
7279487016
15430806740
16793092059
15481783182
17359757799
26646683321
26110369142
14171667577
15593539517
14785323546
16889492249
15212877926
16823880311
14543669746
10815624243
13521815097
12445602911
15236855459
12624772247
13333121672
13538313818
15603796959
13951777828
14820596347
7358414887
6687393188
6646433132
6414772526
6699771672
7001133788
6550820213
6473693511
7202322913
7046157375
13802313014
14259687127
13203604854
12918048067
14980269129
15797297192
15364807855
14544360632
16637316646
16046392966
17056444653
17156728788
16690632464
15728247437
16270530420
17027061564
16352318274
15873583169
14680881054
16059908637
10974592436
6455745902
7474644142
6521918432
6344352984
7130522371
10314409760
17625004429
14402953236
14545819121
16406673361
6702412505
6143768299
14214571800
13691011564
14427798757
12126600043
16300096474
13704610264
13498468906
15237959233
15031132813
15218235084
15078894700
17326093776
14208821364
15348971215
15384930375
14501873180
17254241050
13432296848
14487207040
15949156198
14025784947
16287501645
14453124153
12998548904
15262981928
14712502907
13343921615
14762472417
13352188774
13314118399
11362722372
12642808072
13612164459
12470421698
15472559167
12943505760
13642493425
12392453432
12179962228
13036756151
15409497927
14569706131
15344007645
14302430920
17114177821
16313206740
16292049558
16105464671
17512506815
14924003375
17010279304
15968224284
15311327662
15009952092
14024509432
17144859526
14574477586
14421864725
14729100144
13398080627
16173987107
15039642853
15258061252
14429043955
14975117708
14519343240
15059043038
14945863515
14315641072
15699479461
15493158622
14891959527
15246046990
14882305461
15132709089
16846826295
15097145005
14739963651
14768135625
15688889137
14757387902
17659269569
14944639230
17479273320
17193741672
17103459645
16453214583
15220646688
15280802583
15285631267
16759820584
16428979305
15645387383
13330377563
16511426526
15107318413
14175920140
15333715387
17303407909
14757045522
15691271723
15182197830
17449918787
15502012032
15190472620
16746096210
17001137647
15595177263
16104543061
14358744546
14937943202
17324396653
16513607866
15372845764
16341240545
16227299614
17329655772
16359265733
16349357597
16915606890
14306740579
17193900478
16963652558
16308408482
14343452424
17026743019
15633047279
15373720087
13765378440
12737552125
14018321551
14366746388
13623339529
13283264812
11504257569
13812291674
15987268467
14677270008
15364327110
15096637113
14311818297
17081192932
16295713851
13296804258
14070180879
15408507431
13463312062
12683069067
16070638971
15370834238
14373697595
13584591016
14721036898
14197473063
15553996986
13100932865
12687293022
8533759904
8390309266
13038292873
16108261412
14135503687
13386932075
12127508944
14168821054
12583811039
12327747070
13294455924
11535381923
13487574685
13757995423
12484825173
7518496621
7158815948
7542519239
6484706563
6101564324
6494993663
6792409710
6944005243
6592500295
13503760829
16838841285
15605031302
14879046377
16304355693
16379983303
15070054893
15237556274
14552230533
14853826313
15095200299
15853351363
15016415890
14189526479
13886507379
15385316134
14743315603
16238149394
14892910748
15537651301
15237769314
14983869295
14554975310
16825513343
18132980587
16826116133
15000011717
18485883392
15265177898
15226704030
15605238138
14641408557
14790308692
16826352447
14551195556
14350190482
14878509964
14518899680
14572802244
16072661864
19492188760
16144938165
16194281733
14332520229
13754055700
16114861285
15840683572
13719353682
14151951435
13563693691
14779746374
14901879018
14555575254
13624204916
15086858353
14593270727
14865053770
15470627746
14692147035
14624554783
16077840986
16806913635
13613553317
14221900036
14326631400
15971374556
16033975328
13120184436
14001563826
16986792549
13885467758
16099866819
15281291550
14536355681
15415701760
16198986517
14597041335
15857164559
14982680267
15913192769
15539073413
14929399689
14209689951
16395849497
13985907976
15206623614
14011226445
12797273538
13116008582
13159337385
13694473870
12974773106
14273173678
13359548242
15218516194
14105806329
13773076670
8932597186
13514161385
16126798637
14363176084
14751563994
14428874602
14525462440
12817120899
15069200353
14888983312
13468388098
11824734488
7828498053
6328414513
6341641491
6633986407
6755876582
7498418555
6588120540
6793414868
6674347400
6927127763
5723958249
6462138285
6239668103
6995758919
6330800408
6958996337
6798719536
6337454725
6775118972
6551283197
6375428311
7081764772
6485158570
7266428879
6240358597
6404141879
7140315380
6332885778
7177651164
15809866407
14307980154
13306053292
15286220318
14188515556
15262201616
14214066500
14010895715
15289423931
15506167309
15294586296
13192865861
13651648201
13449067038
13286006351
12379360847
11740807835
13660271965
14141423202
14339054037
13159995038
6636870262
7082839165
6497660947
6993968362
6959794417
9912240891
13790730351
14067952617
16154461018
13721430275
14997009099
16463115271
13326153923
15225418481
13163653895
13982309771
14349707435
13701196108
17161485893
15429334434
15508426371
14475790578
15930282835
13112001152
14024145041
14221558474
16143880151
13627168511
14142999279
15797500706
13612630799
13256312453
13790219573
14079482935
14249839215
13858945242
13226267118
14086127341
12507997221
13954570387
12812795315
11844036691
11625459448
12295582490
13486821911
12133784540
13758134737
12112143541
12598796582
12545633544
12856100563
13047031625
13517865894
12873379854
12864127682
12598933763
12039824937
14940240097
11799747649
12933540275
12808431269
13331773263
10631831603
13887756295
15901500830
15106193911
14693450354
15760050139
16552124249
15376969218
13890042804
15293757107
14528229028
16218242953
14562435237
14856839638
16400257997
14204404545
13835168805
15406053948
13932809849
14803024483
14022684072
12628044880
12572645524
5634473920
6271697491
7014007413
6496402583
6305684376
6061133841
6488182023
6214452058
6129288041
6314618974
6053050776
5872354729
6509885333
5864446028
6004856844
6052215484
6394411234
6828051330
6583395827
6453604954
6119450618
5923367586
6558253911
7033810319
7113593909
5877981505
12775653174
13388189996
13688085225
12733760679
13533407481
12508810648
15220346015
15201011620
17033545799
16618825199
16137094989
15650351069
17833772555
18134806613
16339728666
17754645961
17824691151
15009471735
15355223304
17661971096
14481308879
15266255623
15517274511
13510680392
14956918678
15642267167
16489165761
14968357327
14523274258
14116759095
15312020780
13857745533
16580857726
17200200816
13907891936
15379216123
16108598802
16766566753
10470006423
8532952833
8048260173
8124879159
8823780538
8436631081
7364832044
7612311428
11601703768
14581548650
12869433114
14834131054
14660407905
14126436171
14140659503
13057485076
13138581713
14401319768
15414214761
13192900798
14132664568
13706293171
15035728362
14346979612
13078307520
6014841086
6717055496
8826062449
10119085864
8026081449
7398112874
7649889557
7148267988
8054640324
8542430673
7916168145
7579157622
9472349357
8075458403
8255206802
12805851454
12417377637
8230572225
7412253748
7678512547
8329855057
7202031893
7269474929
9199008679
7452389516
7607464838
9860435228
16021019586
15428107059
14002324626
13789338861
13673605862
16883750448
13381762176
13419493301
13811681986
14125780200
14600758043
14601100908
14126561270
13045080011
14372623143
15136375823
13782258662
13737128335
14275064343
14666111078
13870737241
13589138928
14394610897
14677972659
13262766603
13831689544
13444306064
15154524733
14679432740
9198421741
6393396936
6256825052
6574137438
7016036280
9921860121
15869598283
14668352363
16512183056
16615000774
15947909659
16658186870
13225605480
13678563481
14263163304
12316567056
8612859179
6537385172
6402484372
7172181289
6893844447
6597579003
7684964510
7274747646
7562220104
6599754367
7252788985
6950205546
6772530923
6925381761
13389593183
13710818633
14391928953
13290386215
13407881741
13508668678
12286813729
13354648044
14503771840
13591404583
12553456548
14090996928
12599419355
14253200454
12273489256
13076061088
14129018652
15027566802
13226641950
13592664749
12934244405
12719411294
7739101657
6404104083
6855324510
6756046769
6854055162
6445107668
6751870623
10133235274
13560526128
12615672603
13945291275
14473451362
13776026657
12306970631
13994693235
14112148445
13496746558
13283651652
11922364857
13205808461
12847212543
13016428263
11177244892
6699225466
6685015588
6532930857
6552495516
7212931409
6822172130
6573984425
6902626637
7805806279
6863040590
6794781770
6331288484
6345418790
7344551905
7026394834
6972747442
7002244454
7028436762
7425306404
6456058772
6325741187
7289061366
7091994598
6906717249
6215819690
6333199351
6622261678
6220584196
6128771247
6471932240
6424156511
7050601976
6391517234
6155384260
13829011312
15255449206
14867171536
13986020003
14892759483
17575185061
10304194780
11747927173
13335808644
13398747784
13632078768
9765994088
7820063237
6686423069
7089899684
7303584914
6711198631
7099536894
6239204549
6962883535
7266513601
6188910987
7032347138
6787211903
7044444908
7004877864
6909759604
6075252274
6849856269
6580333880
6793371818
7161491961
7914599318
6345729616
6555929321
9560189626
11983558557
6876311184
6891156262
6817964949
6561927792
6757575374
6194886968
7326819536
14146678035
14530927478
14312942052
13228862287
10693052108
6846301105
13050160039
10549752867
6257171045
6803946188
6754224534
6801979597
8685872723
15799929581
15538272812
14755533661
15891358977
15607026660
14135922323
13315824583
14707872030
14640390876
14386583865
8333833240
11382401184
16099808677
15702719629
12580905243
15200488291
7419129580
7326265044
6307565746
6905248311
7927809536
16631157806
15621690728
14068254694
14905772988
15281609820
16267140548
6901636101
6142645295
7296755250
6162005173
7395379346
7281779517
6396779832
7338149413
10021161181
14152754722
8501176454
15866880505
15266492342
14421533674
14788735974
13706681622
14991658698
16737828006
14015504098
15776882140
15116661380
16084109413
14994209381
13317042313
15566995959
15749591842
15320288615
16423066120
14745853191
16193994629
15035377378
15893278357
14666259936
17598212194
16218222117
16008572557
17691122327
16051455666
14874456361
17104256654
15975432943
15913058312
15662637929
18147531098
15035101334
17875882678
14523752254
16894223376
9280678341
12501408403
11739723545
12921279178
13127679719
13322483788
13215163513
11675946693
11879301506
13339306725
13874231553
13341085380
12427991115
13318545802
13425427380
12648354730
13229159294
13381211975
12678171969
14014967156
14635809185
14696706445
13485526063
15596833159
13224637084
12774360128
15328370331
13958197950
13092363230
12374603867
13309281458
14394283709
13314225711
13082977293
12543421091
13945822946
13076236455
14396012630
14146227390
12974055879
13633790597
12162516707
13436104330
12498788146
11868033517
12334706198
10969260970
11937144034
12056789565
13110856616
11576503697
12379102481
14473904592
14462776521
13560617419
14534957904
13600082738
15081181864
14189294603
13325820902
17046149233
12518226832
12597195097
9508157925
8931458248
8643074625
8529443135
8402142931
7997943621
9177327641
7101344479
8528524805
7806762690
8653165684
8360157059
10997922789
16135543694
14299485102
16871887427
16734806772
16844776492
16544517485
17361498263
15780437083
17495216434
15711765507
17077910250
15093457368
14682172829
14544458447
13106061600
15990963267
13668985202
12000756382
14400578381
12834582469
13378010174
13396903738
13212471042
12074840779
12789642168
12529667929
13144571116
12719683744
11933408389
12571571091
14241677562
12977761194
11691847636
11651239771
12036608517
13224392098
13618708185
11882518342
12845642025
9399785290
8719548927
8292963354
8267107063
7880616966
8708338949
8863866082
8927234844
9834913423
8649945417
8024340801
9616385666
9166889242
8499061657
8146156076
11304363162
12729838949
15938371131
14456706242
15049272988
14891707767
14022611260
13719856538
15291522681
14717322204
15084673650
14991812433
15641100468
14816492542
14868225918
13807806352
14866862776
14520849896
14440034108
15300952504
13477750675
18224219586
29076650195
31377524207
29978609003
13646752614
18245099773
15335983941
15011774941
18284124729
16352802227
14259692602
13274425165
14723487636
13707950591
12803348687
11714993044
13757326533
14174321396
18291355380
14695175276
16259218571
16372206791
15610375307
15214644417
16314695478
13503099173
17319800297
16485441927
15110202979
14895925075
16347532699
16544739622
16021168487
16763497529
16839699815
16386803857
16993920042
16547962240
15400574248
16333267826
16595034283
15220902087
15495752994
17565412482
16636947225
15241441752
15243014886
16365977058
16426445365
17516014467
16562713320
14118025144
15250604098
14242754596
16314326132
15131099229
16892581813
15704637679
14257735067
14226731125
14249562406
14409295977
14087840692
14337183499
14352959222
14771357394
14206947412
13211044193
14727675663
13822169933
13116115388
11007536920
13488195959
14591179436
12287882640
14804386870
13017111158
13410309912
14373728902
12835335423
13595963474
12547889141
14011817230
12446047439
14363251822
14251197076
13809858599
13501962771
12990400512
15258305744
12577083610
14110971788
15156278172
12503945496
14179969068
13927103792
14400865979
12132478621
13397403617
6018423404
6665543239
6418943682
6718625176
6885808142
6244454463
6167286238
8349610727
14534303996
12978628448
15561540712
12720030757
13539424386
15700652894
14280310847
15031697695
14386543048
13811617698
14900476055
12930719304
14657027845
15522724496
15128381189
14450179038
14364345415
14746922150
13645689207
14490493826
13223741778
13175640013
13378194669
13901335504
10531399422
14425389385
13098399271
12861158311
14655864014
11949422426
12666369909
13505163735
11751022677
7285498172
6180947923
6466897756
6265851389
6281840465
7057366485
6415601476
5880363095
6829060835
6876999477
6433957831
6694295511
6165468272
6130062855
6970682070
6238298692
6179026793
6384054297
6520030942
12767596342
14739731369
15828957750
16381318457
10933587256
6130672998
6037668128
5899724767
6547881531
6077167247
6436229574
6541900126
5661011805
6184725540
6304945212
6441575292
5835702428
6662090601
6176887285
6144624880
6813683963
6791457918
6224478966
7002329116
6367263108
6323519893
6143862610
7086126166
6232713152
6126185922
6427585893
6583598295
5946778299
6661643023
6417765720
6486917838
6305811372
6910744202
6874630855
6200479477
6767671917
7446830866
7004233197
7021109854
6529617123
7017173070
7544035358
6869269268
6986053394
6460471567
12267635192
14677483756
13425362997
13495063706
14119650087
13246997276
13814553926
13423032609
14180336552
12552661429
14159654004
14529469994
14784633829
14000814784
15032107314
14348726102
10815012513
15234945467
13168401429
12647931739
13662053391
13333389560
13484709238
14447921532
13078627879
13680016190
15421785508
13873562922
13648926125
13140403148
12501772373
11784402294
13058983908
11065182574
6745595096
5969178763
7168101568
7408878747
13786409829
13991758969
15052990359
13351271007
13894017480
13825745617
13858088070
15070690309
14584158995
14538090226
14666635367
14272225983
16137537717
14686027942
15523916851
14665920495
14941265793
15323103727
15098529256
14818286506
14864162974
15116062787
15757621329
15242459252
14760828250
14370204030
14162016499
14539661882
14230072491
13898780089
13749673370
15496051554
14748944307
15747834770
16688435075
15268571239
16806338658
14930881444
14798435355
14971351566
15443891809
15709019732
14944170249
16412158087
15191648072
15657491428
15796187810
13507004959
14776997620
14036842688
14334679741
13603997300
14058995915
15414144568
14853240262
14608825151
15584331816
14683122576
13183012042
13295971135
14558764458
12538501824
13060930751
14352524075
15047314555
7438944147
6802490348
6258619382
7506349253
7198277103
6697071519
6248561077
6376914142
6160465320
6507682060
6436331567
6511360594
6608349070
6558544878
6737301449
6550754742
6753764738
7384058311
6719464519
6460703636
6416571840
13188361531
16541385847
15552543454
15845565798
16597568732
16483291247
11607470439
15220771641
16700076597
15778740748
15684602353
15879599770
16580803091
16924902885
16147543557
15865314024
15082480903
15311604114
17461409286
16484878335
15851631080
15992683443
14842599214
16272389865
16294067102
16241506982
18392087898
17683858169
15404215010
14033539024
15045340283
14875625252
14471151560
12334629523
14115843183
12547576357
11359345188
13288361218
11813166867
14670216249
8678555453
13853591105
14573282149
15260757933
12439498381
13268377762
13305626518
14183706647
16225367175
13778016297
13964763160
15323578661
13449682477
12841709336
13409484689
15284465652
15792988542
13817748836
15184221871
17242842504
14994393177
13457123334
13629844271
14480357973
12995576932
12939087538
14262659233
12596500321
14321049848
15647904265
14919037293
15803567482
14274611319
13450675016
14831125981
10136967465
6623134586
7046294490
6361419221
6858102705
6859713470
7161000609
6224535298
6714015751
5873860688
6412743571
6990707857
6895839499
7169048137
6194991017
6748269175
6383110158
6917260600
6310104923
7177900631
7608136993
6849193667
6079553519
12300891335
14367336980
15235039380
14860353857
14527747572
15112180104
15333284600
12531147455
6925387086
6510459630
7268541324
6895467832
6974089248
6473795280
6830627964
7190492642
7049968968
6196621633
6160462845
6515582071
6579223588
6678188882
6516514432
6453665525
6723354457
6441398357
6367211914
6409392133
6793496733
6372136805
6257820594
6643291446
6796839168
6201606451
8028707426
12925097034
15040240187
13559336395
15021594096
13543312102
13769485278
16242904225
11850306168
12820103550
12540669779
11625435260
12469511577
13345792359
11755661927
12318342660
12612066349
13542505382
12384207329
11416565243
11709708870
14103067029
14211255165
13899089080
12836231894
12477922339
12161350539
13608281783
14041071314
15696151369
14549269701
12938624801
13272442906
12476430909
14268777758
13788802407
14099106065
13420185638
12191806399
13285307363
13266554322
15353366149
15081121273
13540564310
12876861084
7217499162
7221711402
5896715711
7739711007
6809802263
6733739086
6550454597
6144505481
6530438456
6993261719
7229147479
6807585307
6140390763
6663901737
7153944257
6084859710
6360101825
6616594305
6414067366
6765423765
6196568038
8751655867
15587955393
14324668195
15872324144
15290210891
16564574018
15527353031
15042411990
14211275566
13650773805
14386462968
13956863239
12615641812
13885090902
14837846115
14525884446
15460145949
13766949178
14427067002
12987684527
15623560165
12801254957
14722944475
14744610964
13449559504
13729351519
13463625875
13756217941
13474346989
12870929676
13243335847
13027239569
13076517016
14801592138
12858269793
13358320295
13042778980
15177856330
14432873396
13059861848
13525320921
14685172027
14221795294
14705727998
13467329360
13197353499
12898037720
11840488070
6644243973
6509286601
6949893250
6126781181
6254373299
6558196780
7052174213
6692290551
6936568357
7139153404
6243657396
6519989693
6362648402
6940901087
7546016858
6857150269
7402843578
9997248491
14048351091
14938488791
15657426554
13701834936
16158206968
15602875266
14860652495
15397524519
14903567288
13910150308
15788698667
15501104672
14180373245
17156294076
16501288616
13876587933
14703284171
16641988019
15668012011
17171866352
15564200160
14268388448
17075082306
15327926790
15385592856
17356145834
14807004509
15276487394
16406599871
14378551293
14742259281
15176343509
15060880010
14599453859
17175884647
15901394570
14849947084
15088640360
17259290005
16589339089
14328937351
15617506102
16848316261
17528973021
14539296551
16381420185
16597635156
15758725797
15846384250
14127100657
14547283470
13556422354
12540462710
14058148273
13222961838
12022103047
12615802337
11887642962
10500517952
10139840805
13320207475
13889197083
13998231092
14672392935
15136831530
14006376233
15725216411
8816612669
6419600895
6906870537
13610313912
15244947712
15704320441
14480401367
16882817036
7939618621
6659269996
6569164943
5917885820
6342465725
6445867716
6765745977
6961510489
6240170280
7004740146
14054864399
12772721119
14373735404
12485184400
14595855460
15245094544
15135831404
15474871280
12990012376
13519633831
15050955965
12473993781
14743097482
14383603832
15490446645
15950574991
16303680374
16376919670
18090741626
11533247662
15213928003
16196018912
15164325099
14098290171
16173090171
15654533512
14083953929
13561880099
14238488530
12558658009
13827663301
14185466221
13252851559
14703482247
13857720697
14040277653
13523596098
13438769680
13800870190
13416304503
13306262346
13396503893
15020544609
14028037104
14043904550
8886881535
8618319824
7612128742
8067802617
7970929372
8396778809
7880475470
8188062809
8004835224
7887621052
7900984858
8458814596
8528184106
6536210208
5742759393
6328399860
6474932968
6273920184
6442354774
6789629296
6859107684
5784065813
6469467171
6134073934
5725496654
5941852848
6483967772
6371918343
6473071586
6373014006
6661342742
7830868678
14906833279
13781778906
14055895825
13187765978
13506881812
13011960799
13379816535
14145743980
15344368620
13587953751
13879283380
15145728361
13197224590
12348014337
14960438088
12066357779
13889281458
12569910059
12710964866
13509005449
12841449965
14039242425
13186103680
13183888182
13707759533
13271512836
13431063257
15593231993
13298857892
13825171879
14651454582
12859166025
14598889501
14176513020
14506669634
14366464697
12802676221
16002818204
17489743161
15625174655
13729289080
14026723356
14949549299
13995277720
14323173609
11558417368
12833438384
12903810973
13523967569
14738076999
16147954906
14694005179
15233245555
14038529388
15315878121
13926810193
15085846433
14346284870
16057642669
15505664991
14188814069
15740394425
16114815263
16494937265
8727398175
8003757632
8404897186
9793716624
7923152616
9492240114
7701755613
8788582709
8613951028
13229364659
15783130143
15263543584
16590040448
16903030389
15126908166
15560692347
14888569083
6899994199
12416740590
14684153181
15537887695
7077087348
6871586143
6547904897
6783795838
6513795694
6128176175
5890694475
6111224001
6573751027
7089496158
6098977381
7273621562
6505076376
6852156440
6558920609
6670341087
7199688670
5871916685
7563754073
6539502871
7223734246
7211988934
11615239670
15046605607
14834235860
17423706828
14714138353
14158671674
14908318007
14264482705
17540113374
18023002158
14721374855
15124439528
15242954841
14549678699
14835820307
16284428543
17283914270
16652778021
14192443437
16061163276
17207581773
15002257595
15887511716
13866298327
17001683396
14820619588
18658904685
14884112352
17105713292
15427919864
17200588465
18523201687
17550061439
6888703886
6099864663
6181951453
6110205004
5856912450
6008301298
8310795147
13679944698
12468794912
12381646329
14230539201
12265241723
12471406380
12542315335
11262174019
13810726907
13690305960
11719402506
12656619608
13555941670
6587627363
6642507800
12154156725
11343805251
9387379794
8560995809
11793396310
12316844183
13666813040
10425817720
6189738278
6222279303
6489119906
6334065196
6286201978
6201720160
6200159256
6619716187
6537824015
6142238122
6651231788
5471059630
6333210505
5902247091
7061561961
6941243825
6349666935
12187790267
12160431767
13047117263
14481991671
13677144275
11493492569
13144781403
12481640013
13601429326
12286716636
13511634946
12168950046
14546547292
14056032505
12889898319
11918471288
13176477951
13006759165
11623922800
12370033758
14462189663
11377063997
12443075806
13433142725
14648818824
11976974563
13423166100
6065515411
6484682267
6087507095
6941589547
6737967432
6546432802
6460935810
6022945259
5891808871
6653060544
6225988093
5774416580
6779674096
6058181596
6873660616
7335719231
6055185658
5811145121
6711459782
6210521065
6314392330
6503758599
6355460275
6428443943
6321351204
7273518482
5886529428
6092306121
6103833268
6745957697
6912012219
6419731872
7162909570
5848136564
6735149407
6438592929
12541235776
13496740477
12451584109
13462105770
13301747758
13220906485
11591562990
13049995713
13248784308
13156471403
12685672498
13953125386
11693277791
11878102430
12717109492
13766148560
12022788921
12976320185
12087974445
11424685149
13452156088
13478349245
11813011991
12102587364
12277974765
12369513338
13745440124
14407418535
15766384590
13143390768
14472300735
11809533562
12687190484
13539313074
14421502549
13756008653
13965900530
13454042882
13232242641
13234381933
14033779866
14157539075
12661118570
13156570473
14200399551
14409871820
13743137218
13279246849
12031986174
14932533047
13968078234
14074981603
12097051028
13185173497
14092525042
12634462002
13474425176
14299377436
13505055450
12839945217
14383912104
15743259449
13417459970
13548551693
11732313146
13356833395
12686640807
13316909360
11953032612
12046881184
12347820248
12255027668
12640637729
12003058895
11324257796
12160193768
11908867807
14440694487
12393008444
11508971420
13497958312
13537701351
12748949463
13875590073
13539001602
13097504657
11334977585
12141143204
13604440703
12579833445
13352051032
12097489465
12850772230
12795165651
13566932162
12585505308
15253103367
14045871057
12771325062
13174200211
12628029460
12978513116
14605472894
13432185015
12517758146
12535787948
12906618372
12646220757
13477518233
14268448095
12614571002
13044438839
12762871002
12912774683
12635509562
11107558235
12875690189
12559862021
13103668544
14176035439
13626512059
13517815499
12626756063
14367571947
12428701800
13173908333
14299004853
14181158348
13524847582
13100525691
14419732455
12920402900
12467412146
12784641367
12552809316
13446122597
14124884895
12566466748
12498137464
12417865074
13032092754
12745975619
11504387569
13621073471
12005796683
13138354241
12472856042
14547218826
13182254817
12503787120
12490467446
12550784051
11530141147
13432660129
13825658146
12084000461
13041578753
12134531813
12796412887
12263038112
12038302977
12996644707
14962137850
13387059194
12978420693
14849451758
13276844859
12461204917
12080440720
13930576975
13998365817
12615990057
15045027818
13750510583
13485650233
13128233282
14069646270
15005688923
12973271200
11345324973
27298222854
31229047310
14403495385
13989900687
10915622268
6659981310
7061171468
6838004996
6639755863
7214476711
13656140665
10787936665
5884221076
7166202324
6206606849
6438199929
6068068393
5633017752
6096116994
6574851092
6790500082
5930302379
6344262064
5979235704
6892619609
6310226007
6486971901
5765892410
6381061183
6699163076
7238423581
6253485799
6501971923
6206920345
6589358469
6150015736
6993948424
8525385283
15699091221
12162636759
12729468158
11901757882
14697657259
13611139632
12594469390
13224316437
12648095590
12804705442
14816960740
14996897440
13882478403
13330934403
14167989981
12742073457
13027467310
13706802766
10739969726
6919562867
6652718254
6727977080
6076140271
6587145893
5843545472
6513969389
7140224469
6082785035
5856656382
6236996052
6959717527
6186814794
6559347635
6252109118
6000847444
7103658000
6657812783
5857199068
6327089545
5838417693
6704968931
11583199317
13587482801
13493047902
15290028605
11279194465
12115941176
13205031739
13144508177
13728844796
12676035436
11795363455
11998086623
11539383479
13122325883
12568730423
13173825767
12500547657
13867707961
10798647848
11884705865
13298633061
13029809758
13351124111
12318703838
12430140820
5438869857
6342129459
6176451042
7286508899
14134336349
11567978427
12524695417
13156613716
11564624429
12760776005
7812455314
6330366775
6083548655
10843211533
12366133498
12752189413
13565545803
12305716030
13567469997
12390851248
14645124945
12630281142
12196943527
11412320111
12292388354
13334861414
12464954104
12999195750
14541147260
14189482201
12675026893
13566216360
12812612538
13707147543
13783081047
12619727116
11562620545
13384988134
11453544607
6522328558
6556165869
6490538381
5666844484
6186854884
6432539508
6317277806
6712373667
6890102690
6893614790
5747544499
5974971630
5759906606
6488820127
5965278745
6647540647
6405231988
6113376941
6190882968
6847356929
6472592257
6324261006
6314337496
9006774862
13094423353
15614849142
12201857855
6926926928
9523297558
12485791884
12685654603
12347086804
13108911150
12681299471
13481388509
15178295816
12739500988
12129628633
12197819624
12686047622
11132676200
12902592138
12564085092
13163985827
12239337361
13352962751
12171969105
13850404456
12399109856
12321734082
12743047176
11712979702
11999763209
12670253175
13578473680
6757372221
13143951167
12237544438
11942682485
13318899768
10644708884
18972980383
17145831434
16126506640
15258694171
15417521623
14879301495
16902764697
14491845286
15665014441
13761771948
14440722233
12195381613
9220540968
6490652491
6245648195
6127160853
5972997925
5974044854
6478911915
6902016790
6288886674
6393195792
5897698246
6698936778
6267467853
7421360077
6021013996
6051935865
6451197816
7114567610
6477587730
6104948280
6969238329
6580333111
6141178266
6191572115
12516514788
13724809599
12192748234
7365542371
6615224588
6385387402
6064570252
6227463016
6066016480
5778936048
8440546001
12004549054
14185634946
13406817270
7384306697
6835582404
7015710237
6564663646
6120968261
6624303721
13338785186
15345573424
15814760800
12491923321
15676857008
15811253483
13647647340
14602370399
14930114727
13514956564
13934410991
14028979825
11767517994
6593037725
6771568920
9800756225
10007214159
6520012707
6511672579
7070595440
6189625798
6377539772
6958575138
6207722335
6737347950
7396817304
6905426564
6922260780
6356497942
6518043767
6372714396
6357780952
6939429208
6685295327
6494111069
6167423117
6280888090
6934627516
6437365467
9275795914
7116060360
6809616923
6391426509
8059540181
6578480428
7087334498
7034483313
7632179040
7403467123
6258119544
6263649871
7451205509
7429842032
6952584765
6445811481
6485936064
6062233980
7138375587
7068147777
7865696197
7169837189
6280780702
6197826870
6889982124
6789279840
6733297746
5986323210
6451175524
7163647082
6285713233
7056712024
6951390623
7127986623
6311672242
6294456605
6030195906
6524391077
7440141134
6886434878
6719058541
6674626197
6161939687
10148656948
14394642635
14282942966
13378192394
15082796341
14918925747
13953772802
15060096722
15050913193
14461264467
13771393072
14800866959
15078643293
15134539549
15376274033
12245414196
7151238065
7498990131
6950704834
6593233399
10760939453
13973801651
13664293894
14813028563
16338774019
13505197702
13316862933
13123707934
13215296438
13632779928
12435217005
9704237627
6191274446
6653437930
6155159767
7284568423
6541620377
6269364400
12599154843
13856915503
13122588640
14573335619
12619706109
13276094096
13960881866
14298569937
13264706027
13013329195
14312224999
13856011877
12755793111
14527262392
12325826421
14026880575
7326473008
6142647836
6278724047
5966507359
5900028143
5934126952
6686894637
9508465512
15649587195
15223030787
14658705962
14916996128
13537241597
6986450894
16767131288
15580845342
14939757322
17060364640
7969375971
5614148153
6308236451
5896166612
6267263600
6643252470
6343911464
5878694636
5972194679
6355761377
5537098273
6260991045
6233908048
6403563586
13967704249
15071858658
13420266200
14256650807
13244847545
14630455054
13866236537
14070805938
13855560664
13165327626
14369489801
13482763663
13069452264
14855144326
14432674211
13226418852
14604323955
13633825008
15055281668
14611138889
12878278939
13040931159
13082791669
14550685860
15194317488
16054978620
17347075892
15293297859
18169949523
13012828681
9075424560
7478087989
8081991877
8281592688
7860713813
8727995733
8159502770
11017149937
16065357624
14977539491
14696753326
14665179910
13058512588
14192985564
14816727662
14127582946
12453887170
15210879639
13411091328
14798001552
16251671885
13103879739
14053131649
13789481959
13185331160
15800361961
13761981850
13930407305
14353284135
15105459830
13347594299
13426306226
13099477526
12871845106
12842369228
14436866302
13923607513
13807152344
13460568680
14229556495
13533307840
14840484648
14482143939
14134532096
12752862586
14040099269
13219656821
13995064498
11544375110
12814211866
12937665452
14084135040
13527772787
13439602700
13677301252
12413544223
10912153269
12274695945
12005048094
12301132891
12690523590
13379202675
12941257096
12745506517
13817581932
11422287205
12832440944
12708327467
12119751554
15050111880
12989677265
13509358704
13068940366
12986840178
13135577935
12826179186
13726095726
13185090485
14773859249
12688638879
12417541072
13622068239
13047649528
14478918147
13195501181
12622245328
12773131094
13122405693
15445042208
12887914649
14538238210
14557246836
13272713079
14154361704
6969149601
7755961218
6234515165
7031909731
6317742687
6768588727
6187809969
6329682114
6937045310
9507700501
8732722197
15457901217
12374050135
7924085220
7535878432
13396892348
16964394501
17180011618
15600082484
14154033267
15534282563
9952138894
14918219895
13118445295
13704527359
13973765875
14206492156
14448239565
13327285320
13941418480
13014506248
14196563303
15389075793
14445239153
13252138554
14810575159
14742273066
13461622888
13026763138
14275218442
13352360856
15251469448
16185555077
14580062452
16423209992
14842827409
13583515355
13444047555
14497493531
16059715705
14202219326
15163891385
15914763739
13856754506
15996193797
15371050032
17052511724
8339596056
6727447082
6815104336
6115949533
5744883010
5653183286
6002075669
5561745396
6353446334
5912471273
7128813535
9076904006
6942900278
6279388974
6931143451
6203796048
6707899363
5909155522
7828783332
6244440702
6222280316
6917413378
6672458787
6135600072
6845787399
6320738991
6175041842
6639123661
6488448598
5980902581
15099064326
15710381369
15223166374
15266564818
17300109185
18235562370
17308272432
15961123484
16647039419
16131818057
15469764348
15014949203
15248547654
17065597649
7617823621
7932149684
7171585244
7645446009
7101151623
6315412035
6701076268
6998526955
6452042808
7034359581
6711257758
7082920503
6756065698
6722747038
7328309117
6669439534
7130291348
6431370450
6855427576
6522405433
6853143287
6994354785
7061780518
7305143198
6522293381
6829597291
6202287967
6288497945
7150392642
6951236237
7870661450
6064926806
9263299620
15221789072
13647490252
14459439699
14350959032
13915092810
17146085846
14285735494
13767649273
14340590503
17806272389
16941410710
15508183412
14678484155
17517080388
15392666936
15790464209
17279633138
13610809105
17096953913
11177143974
16928290760
15520067859
14935510028
13852411895
14589772645
15517034584
14016018566
14348848360
12888223551
13775829005
14823830019
13654387483
7049351556
12472000682
16478972376
14567570386
17202333093
15546697375
6732196455
7194998556
7034818007
7094997379
7031752475
6236269188
6824175107
15148743065
11465889264
7926657588
8800829165
17013746206
15616005214
17490409819
14571619061
15657557879
16282336899
14537050757
18230748673
15282490047
14845731557
16425828305
16010715535
14682005750
16402889735
7011696960
7066211844
6566538295
6785388635
6353513107
6695002645
6075049734
8649964729
12385080626
12444636006
16098073007
16169210795
16315955963
16442107328
18127227218
15322673111
14934060718
15769595183
14276837976
15192976204
13497706772
16533517325
14940545871
13689956230
17352944106
16673906552
13818509850
16378473433
16146910214
14738894209
14235958360
14763525371
15480211720
14087703247
15785835611
13886232449
15003664958
15544176355
13196925726
14599889646
14078220625
14907475612
13829790701
14081844393
14069930894
15263486640
14262109328
15367392071
15520288243
15093947967
13837986871
14396544813
14057014947
13156250353
15269541033
14057843250
14956313670
16072201462
13339753444
13791394003
13017750262
13651038033
14193782796
13538525543
14656601570
15641806222
13106439023
13824104451
7227905684
7093509407
7290310914
6564947011
7123433901
7555703595
6897257929
6530357134
6485343815
6615723104
6862417907
6619804789
6957296384
7079554435
6094796490
6465126477
7154159523
6361668335
7246685401
6790448828
6857230747
6275558835
6172300558
6415038888
6640404857
6317784853
6448182900
6595449514
6750681887
6683724694
6178742076
6703097700
11632471034
14921489233
15454618624
15217702000
15176899224
13689313531
15889300389
14165721099
14347178113
14784180540
16747519689
13960059970
15583236246
14658485630
15227883237
16243677945
15114511270
15131908303
13840759968
15169384547
7234125417
12227748466
14297726231
14395568733
14031073301
9616164647
6373520696
10301825898
11682703161
6732797879
6637773079
6976796084
6431356665
7143065590
5718336825
8387451983
9683199272
12591325920
6084265382
6472343512
6875744091
6843222136
7010645674
6717850901
6244095608
6528333926
6569155933
6390159103
8259085267
12051536645
13210197228
14629838803
12927175834
14343897420
13706868406
13633610484
8890053088
6663513950
7600287504
8675456487
12816954613
12672986390
12301933468
12154482084
11684486149
13537349895
12906528131
12075724374
13170806642
17311538224
16638133062
15398394477
16976226775
15952894890
17245802526
12649032312
12872722880
14870617853
12578027154
12329705365
12241116349
12446516333
15144888476
13322584510
13273466264
16247395878
15737283780
13059112613
13859740111
13763755505
14033555880
14901069809
13763849800
14590813424
13191479559
12509037974
14383791329
12396833614
13012871536
14206401243
12003049637
14777260234
12306342326
12479108293
12833987859
13903985012
13567737369
13877976105
13158945781
13956092534
12570774759
13547765413
12770566214
15744101707
15228670854
14939364160
15643795321
14325042186
15462224222
14501925091
14002080323
16804226368
15035834347
15050696191
14078284365
12442535097
6849227595
6804556877
6614833070
6617991010
7041499939
5892693256
6824609496
6165199529
7078814101
7072216344
6443859217
6520771252
6625965498
5570448339
6972854422
6248008511
5630217588
5862677424
12741416269
12059668072
14430791053
13534708371
11349870056
12376141911
14655113587
14250462963
11654953248
12463135842
12274219689
12002739678
11428343656
12264107289
13375831931
13497372402
15179753704
12683781783
12201570145
13776487349
12513528052
13151121147
13035647458
13528303685
15358454553
13896529618
13445199947
12742891207
15491016710
13234889881
15214475127
12266257367
9367945927
6058097823
6640088662
6984739321
11552668369
11990313078
12476062300
12402040799
12346468050
14133771874
15053648374
14854824376
13993813107
13957971734
12523245927
12041075632
14477803499
12609627905
14287327110
14862712179
14613369458
14884534707
15373296845
15291752167
15974167034
13778485802
14376405964
15093653185
15966280975
15503453766
15895877764
15055547554
16185379026
15736034006
16522341142
18588706857
17024962734
16588011685
17278455710
15861720650
15280789835
14982602768
15853636195
17615604960
15304795856
16096899422
14657871896
15662353095
14329584867
15478137789
7692529108
7429337840
7050007957
6443108628
7361245722
6861839892
6704281250
6934048353
7131010767
8879247164
10090179035
12024183624
12009774990
13969953315
13422340131
11827133740
13815685825
11841767178
12974982806
12266913094
14470652308
16817280883
13252372573
13464613984
13386098622
14216259911
15524889775
13185318739
14757879411
15775713409
14334577268
13872554627
15874991979
15091361135
14466055787
14301164266
15971049616
15819152357
15469024260
15209697530
14524484912
14168385089
14659696152
14048179869
14174269352
15559347203
16038053086
7973337174
8565713069
8149288429
7783708369
8091774424
9329783611
8103628685
8930882874
12859020457
13454315994
13437488141
12872995097
13116224004
14684417934
13097496602
15907880569
15614251354
14402147751
14279093973
13152222564
11648226302
13961179726
12693399211
14663754336
13368803231
15848536957
13533959729
16700093693
16069087365
17009867999
16613510771
15980314570
16578427476
14187380502
15899179825
15552704524
14887513773
15344173730
15386128820
16319670189
14241149839
13349516892
13246548473
14306202321
13899983742
13626714706
15300866498
11505586852
14995347156
13936480905
14140690904
16129753187
14466354564
13544339100
7847110650
6754302681
7385106521
5963663047
6869570774
6475678253
6121773542
6727864902
6570014857
6177798415
7347677961
6750474300
6800595249
6349793013
6108241675
6751616619
6581755716
7150697531
7002995244
6593315785
7173580006
6366335906
14286088779
14663730951
16232905190
11175126984
6140749409
6739878600
12222835997
6855547648
6531650611
6718118709
6368674154
7621627992
7642411613
6766762411
7396600895
14287106745
14587249530
14564976409
14213801999
16737386713
15609901369
14514528992
14261290658
13979599835
14803848390
14798305391
15226283495
15142562637
15998558166
9911112048
7652809519
7422741376
8198570608
7886348731
7964934830
7633321037
14332062899
14058223462
13923201698
14315203618
14608910044
13820332087
13813317731
15294686738
15412496844
14365181098
13603479802
12852997442
13717596428
14674585454
12564689509
12913544847
13893390307
8020522651
13276750317
12776088553
13668505737
13474087435
12890892158
15588835987
12431902171
11838760713
10942023546
14066757924
12248033730
12109993756
13187167430
13817214790
11758339385
14361336385
11709566713
12591283905
15132574702
12300704978
12719354212
12057845560
13823105985
14440894963
12951793001
12575054865
12328719444
12001721916
14068622766
11910140827
12392229589
12587708978
13349082123
14873222514
12358076463
12671861369
15768465034
14046237780
14510286540
11632910315
12500920455
13350047055
14737618453
12714982477
12336840840
12101294712
14045817751
13786642466
13305336110
13721365930
13689079782
12002095179
12832888130
13718014665
12006467709
11761856923
13709670518
12093476990
13305940114
12624532638
12318875840
12780397489
11857835246
12874036969
12279810117
12363628480
11767929457
12877822245
12852626393
13476972942
12777557592
13910862004
12226804965
12206542850
11299889650
14152986739
12460285585
12851301079
12153161862
12621801978
6450399279
6888072513
6539545655
12961769175
13479812105
13872096804
14564503228
13450780091
13718183332
14232322554
12856834728
14542357212
14128276086
15064539448
13813831377
14677307474
14497970436
16631475442
14336006853
13758426964
13623451360
14101766151
13022959752
14400300045
16130926282
15401246011
17602605041
14402363253
14046086105
10575653564
7848954929
12452269332
13129577743
13197549579
13272025904
14929103796
13503720502
13949720040
13472838908
14315209920
14083380004
12927263710
10154902655
6908082041
7527420451
6791371654
7032883971
6888892748
7545059008
6292940418
6505570791
6597133266
6658606698
6769118374
6261792174
6363961797
7230359073
5853661028
6675152518
6450189162
6801482242
6867824023
7047381245
6233082226
6532101820
6594580137
12779037040
10144595586
8563867424
12367170244
14895335190
15610074059
13417794451
13353701848
15544090103
13816328136
13864834445
13331393619
13693600746
14409333696
13398799769
13138915461
15925115337
15538180538
14395296250
14456974792
7949232793
12016119614
12754665273
13493679249
12605882016
14285090902
12626842332
12391799178
13121874536
11091329328
13525160402
12479802291
13537486886
15688016938
14894480552
13728155943
15585576543
14187930277
14685049049
13468140518
16837130432
17301926392
15108334794
17373962655
15838984933
13716734150
13860850279
13348422258
13325683131
12505731643
14626345746
12735947066
12409071072
12189301080
12588512377
13979023231
14152491600
13449756641
7307172852
5921902827
6895845529
6523272786
6209174329
7076294733
6501792747
7142224728
6657373823
7763741380
13364281955
15571840075
14174575209
15481654840
13268762066
12875269875
15265718095
8288840767
6627895749
6810760271
6744508368
6950954331
12650869647
15953223529
16975978464
15459635657
17432738565
15072699919
16686819966
14224242298
16001150879
14517444944
16387762089
16211378585
15347971516
17721555591
18088201254
14780616325
18352524070
17056094237
16558631300
15717811205
15836661295
16249435044
15004015506
17536298080
15196433211
17962709811
18042259396
14347151072
16124918042
13604033611
13665101874
15127862962
15556352535
14267588320
14128454644
15895578463
14440119753
15906504575
16094957462
14002408596
15822397329
15174988681
14784703989
15543386468
15969045771
15615995832
14822731225
15855520493
15469141604
14672913080
15074550455
14186545560
9449975629
7138587228
5793766434
6252942556
6071240635
6992344582
7180549831
6320260895
5611204029
5888901029
6370246382
5891564416
6753356294
6109302272
6287088391
10664971181
13931681179
14494461919
12244058562
13587658171
6248105998
6851278705
6007589675
6071835581
7117267486
7148998697
6308140993
6050223293
6697003896
6549341715
6519432228
6538245139
6600574811
7116934334
6612416128
7913998489
14828940937
16209913248
14310892307
13507532789
14939762469
13082178349
15561768170
14732596384
15323770045
14920956706
14716215597
14391462822
17125962716
15291942864
15725475286
13120902583
7365249200
14381830782
14506659553
13894545687
14760201031
16236768291
16076153634
15809121376
15515268693
15445662431
15858273425
14232958177
14986388867
14926252864
13604201187
13291664574
14241057527
13028208318
15709790570
14263861749
14694799858
12558935046
13663905783
15369695930
10753810182
10057951550
10107655720
9680156636
9145874099
9574642597
10376256250
8982763029
12073402404
10346751367
10083400708
8797055999
11127533305
10759202732
9770699337
11127054905
9217927034
16586849849
27501592069
28877435349
31092610337
28301236904
32685484051
33730065209
27856282821
29209389825
28715144849
31944260446
29274078080
34556349021
32513047018
33174263626
30616213155
32174408632
32458081253
28999543967
29948194273
31536683639
21100177406
10087964996
10866910874
26779712223
28441237130
15029679876
13958546239
13334829054
12428331083
12371675126
14273782076
13954942773
13158859683
14278306894
13104380834
13619565139
13457721584
15284431843
12940968523
11424390224
13307618666
11805990586
12669276891
13311349013
14388977934
14849247989
12665840576
13630185377
13423265768
14046813115
13879737308
13146067426
14430978740
14064230456
13488998006
13221156419
14258799176
15529487370
13451970853
14777159421
15414508835
14746649231
13645368583
13784363951
15020224607
13184133536
13553833870
14447946029
15903494939
16453633596
14657180270
13891264834
15895752487
15827697483
15227142310
16911410727
15975265117
17218166279
17514812034
14264562041
17168163365
15494814592
6774193547
7535691983
6845396957
6666352744
6965210950
7348929113
6864006532
10909572470
14422008672
12924903305
13397371549
12403282068
12218873819
12716598931
13718477319
12717868689
15779914610
14496330875
12866666117
14262766632
14332705950
14278711831
13677226094
12282769789
13512522234
13243288659
14017554220
12309672117
6235797670
6837979930
6928025732
6793701306
6532721800
6328155128
6162791547
6846862228
6027022728
6212659146
6535567805
5702250152
6157722692
6173147377
6572136850
6601912762
7604533474
12831284928
12713751493
12661637654
13544825801
16966777614
16424623739
14775625569
15004919844
16624580351
13208411670
12929227520
13127052701
13640453980
14654966327
14012131642
13580510614
14765531014
12860087502
15640926972
14366689864
15318675815
17801625031
14918498479
14201708984
14693938030
15592761319
14642333660
15328769357
13915507455
5909640677
7071779719
13405976666
14117066385
13043147904
14727187340
12038001351
14291783946
12067221851
13941617124
14409999007
14288990300
15598145705
12433773839
13404194391
14678874244
13733639931
13141652799
15340468659
13733340939
13128253686
12390243913
14700840605
12181475322
11873496292
12831904795
13860338496
13282391264
13220189200
12565185815
11796342553
13311553213
12632544571
13785195657
15537391471
15532222596
15446364855
13410953859
13277275162
13498817979
15194867472
13063648215
12399490420
13175827809
15907257363
15247154169
13201648520
13312430004
11744389352
12156451880
12211156569
13889995061
11393365600
12294325772
13636841860
13173381341
12303639365
12801075960
14156210751
13558474984
11656672466
13202649664
12711721409
14450034659
12524479814
12648243355
11948292744
12163278109
12842205563
12831968016
14310980284
10730549674
11434106405
6376044193
13803696601
13292085630
13760302844
14345678827
12750289437
15320217655
10025513844
12653885224
15585715551
13903113051
14377742724
13331192572
16491891798
15170178644
6868813819
15846886568
13291907182
14168031680
15252862296
16448873925
13040916435
13948292028
13369525499
15764846125
16505226760
14547249814
15654251757
16296979401
15395152703
16074714367
15698391043
20172710994
14046460605
12423733822
14444758928
13995505367
14756388653
15471478560
13144135969
12980596476
15696767778
14440911546
12615550540
13893828610
14825909084
13428967443
12456436879
14220087630
15356212852
14354177581
8410257084
6388207893
7415265627
6802602810
7539460009
6516107703
6794022927
6093843009
7680794802
16425045939
14101719860
15136969572
14246442788
13017184141
15558917985
13080409283
14043706551
15952865102
14630182416
13147732794
12938923241
12868349303
14250703757
13698925952
11650236305
12971689320
13268684731
12897174240
11975530641
12123145586
12222332989
13400426689
12940107879
12961615545
12477751900
13063999380
14942882327
13471532993
13958922519
12675725797
12929461843
12925039975
13194967793
13440189371
12029085752
13015130377
11676238583
12630677062
13254034542
12629158884
13614055879
12502082181
12497292929
12459681289
12293703327
12002996095
13401439992
14091335905
13794686087
13651657595
12733864976
13967974663
12594661697
13572884018
12930592903
12910449435
14899050797
12426712727
12840861252
14326594319
14278830053
13935213086
12946336511
13797994792
12700770961
15061377787
13453634218
12783015012
13169744427
15494332734
12067488470
11961706922
12595979780
12909412224
13659248985
13751296823
14565729274
12164027254
12225159787
12711720189
11240072900
11739957147
11927932816
12575739115
11691130814
12897998205
12561000733
13042321299
11606949107
13296147271
13301884371
13024791356
12690807650
12965286629
12572479023
15601983151
13089303470
15053340697
14605790129
15137419310
12616345038
10559893574
6237508379
6245508540
7050698176
6773668817
7217923623
6335450452
6388894394
6675431632
6166228634
6524644881
6359432814
6079298877
6262257707
5960996320
6328252535
12679409943
14377236749
15497992703
14671889340
15834726479
13746921855
14506410277
13794919307
13384252818
14796218989
14417932228
14231874537
14675000408
14927156819
14400810201
12440508615
14147256141
15915300178
13894237856
13098056240
15166427416
13981722503
14928658264
14618742788
13202282217
14139643959
13414513414
12945142465
11207820725
8381228449
8303961750
7953264728
7679806299
8509723034
9047538366
9664061841
9341097578
7641783188
9108503789
8354179037
7984250628
12635474017
13984600890
14579999509
14708901729
15830825168
14352667775
13197580774
15806159114
14282626225
14115149902
14046983249
15188597705
13686978297
13436155734
12718006146
13817094918
15456976079
13448849204
12799115495
13823070958
15615124253
14633173310
8296588076
6296725084
6180425644
6848403737
7025573443
6511409094
6559663460
6392922809
6508431761
6793974685
6889113075
5654684902
6301903470
6217729827
5975884501
7155196474
6012716992
6287830222
6158515261
6130491007
6234284179
6204748421
8386206758
12315498215
13459512646
12679211131
13279071651
13941149597
12615511062
12361111948
13939178254
14769382038
12757155659
14311623450
13985126801
12716214221
12893672707
7008116274
6156568821
6230984529
7334653335
6800637044
6239486424
6311369254
6712455243
6446831150
6805594945
6653148737
11722293366
15489427569
16600231345
17664265482
17578974728
14950018311
15367410118
16076017198
16348447314
16212245905
16974070028
15160891221
15995374858
15546770724
17804654371
7490615725
8167803440
6837237086
6922314593
6976913727
7802390145
6617983637
7111396318
7289152426
6599597549
7457823866
7260486046
6784336731
7047549040
6435522765
6271071107
7215132658
7290502949
7485973706
6570155605
6546613962
6407093145
6533422390
6349426041
6895877925
6667821017
6720998863
6586521876
6946245423
6788943975
7320266071
7267897131
7507176861
7210969914
7313025054
6649416084
7147643261
7184139031
6484594577
6742781144
6908457926
7199447066
6750697430
7287610176
7430210681
7930310739
11763951600
7303699360
13665943474
16618879712
16424692570
15626115170
16488241637
16478692364
17593336144
17971432354
16342749197
17032928827
17339899412
16999676706
16937780288
10805553788
13054776851
13718060877
14716993414
14853737949
14448307077
12552014465
13414791814
14416002814
12466539804
13470765978
15565068532
13607513440
14022566058
13160698642
14610241743
14994703026
14579396332
13980341740
12271442294
13453787997
14444313887
14780179616
14877511488
16316698069
14767099606
14769308372
13860411701
15435255760
15354308455
14496428842
14912583979
15494157390
16004200234
14701281171
14399188665
15993004271
15463646885
12865411613
14458694338
14905465776
15039768512
14445695776
8300684679
8239622491
14829492421
14527745300
15392416661
15009189335
7654678822
6740237266
6222383292
7341177643
6745517915
11405589522
15151549073
14836617287
14905349696
15931321254
14910368464
15639623009
15278632509
15249400106
15576326844
15375794116
16958256917
15367031264
15771689698
12831952827
12431879404
14140183536
12192515588
14266253813
13664093772
14677312261
14153406476
13100116501
14260733852
12905032615
12441712054
13362375807
13503485342
13431865686
12480575581
14469740219
14424334540
15440474322
12628352834
15046089419
13686329552
13050669287
15761919723
14656390068
13648003790
14380799439
13613362942
13123931381
14725966325
12978591068
14724627094
12740271636
13010452977
13076058429
15310208868
12678313914
13709654164
16935132512
11947771022
13268537340
13667678418
14652021684
12580389710
13647689763
12834543038
13867720068
13106871484
12683959258
12652433190
13434826572
13307054641
12721674368
13726271222
13952790265
15327332467
13004925425
13116284651
15127759225
15621366838
11436973283
9896391483
14222472725
14151421034
13419462731
14641383357
13038331427
12928546458
6955038783
6933649232
7120906385
6551561217
6109259232
6285975846
6887540104
7582568651
12798221127
15050109054
13591366193
13987368584
14828578522
14606921971
15265257587
11921021414
12586908301
8457959391
11806700755
13316142476
12066569704
12672384890
13240926932
12981039406
15247081085
13553639375
13933406275
13270855078
14018017912
13854670973
12784028067
14159651868
14164809103
12654504729
12662669884
12864301922
9561194609
5817470888
6635358693
6164801924
5962305648
6811420025
6192967206
6442632129
5962814523
6469375209
6341474022
6234100916
6110584634
6499315885
6227497993
11849612819
14938064248
13535632609
15621237203
14973733731
15216418897
14204927106
14537096923
13748649275
13129211968
15639620656
13103556062
15012389115
14414870228
14594169851
15672437597
14218319523
13576101759
13957416416
16735117668
14207029694
13993237981
13203723736
15785186911
13392879620
14709567789
14791682954
14019764994
15412678977
14283980639
14766723139
13559126327
17030064413
14961174560
15149691214
13848612778
15759689821
14159063540
15789499036
15929760091
14911323372
15155284853
15404091960
14977638598
16942583610
13547147078
12792061802
14625999775
15842636808
14969256379
15686065032
14620889862
14780499466
15116204727
13983926760
15199986187
16301478477
14058044714
12905719456
14275104500
15607124023
14899211490
14789825173
15808535600
14043361595
15473519247
16090430690
12721244568
16214548693
16402357544
15169344685
15002399859
15823301393
16313579482
16210964535
13876653851
16082482969
13841654352
14565151210
14809886875
15765412732
14059817724
15644203545
16078468172
13794560144
13385892694
16221018653
14333091076
13271018102
12873555602
14728793769
13976008058
12941815495
13271155021
15541874961
15784853580
16042381764
16242039937
16102519343
13502571064
15581630803
13705514035
14747070223
15166967579
17066661344
14462851392
17161232155
15840061708
14728378050
14640380122
15437952949
14621291293
14589675104
14052793071
15099623728
11886494248
13262463457
12983881067
12334318092
11815873942
13222684748
12732881949
13163181962
13286111471
13143593128
13849035360
14530071654
13381284754
14138790341
12386859348
13557142231
11989074721
14013276963
13329623601
15574132057
15433596612
13493618700
15258550492
14563783183
16267192120
18235380770
16378370141
17040738346
15065763188
17753511304
16899927895
15866858295
16218067166
15454262106
16425692334
16005052134
14696475689
14845936155
15122131917
14997473678
15569989572
14955696824
15059983676
16012044293
15605801943
16301120028
17165218291
18079423647
15154997694
14417167225
16099263226
16698092402
15835204392
15219554149
15078362311
14390499571
13911022821
16601489892
16205410158
14296710671
17886747779
15970187887
7580875288
6186298627
6283674542
6419844140
7337057706
6864202845
6778707881
7446902691
6472552584
6553046203
6063321024
6967698783
6305848210
6173755807
6068030571
6707130214
6190864820
6170678255
6506442587
7164884797
6644650512
6284900738
6035827693
5890256772
6737815729
7320283555
6337943227
7219497861
6637704080
5752726486
6667346026
6791645946
6518754047
6073248481
6436443357
13391336392
15104385526
15922167250
6989306677
7416352506
7061362511
6400242773
7449750172
6958814683
6473789305
15834420660
15230848070
14702615148
15542186881
16185280644
14929466460
15973400881
16399616870
13865610438
14063848945
14790201816
15818243548
16024946131
13503790758
12047336760
13439590184
13690928998
13114875311
12269180757
15939163112
13251249025
12304341876
13743266653
15249742990
13990661154
14189310494
11483367638
7267680603
6612928158
6067141788
6908793797
6203566686
6179339391
7228394411
6617779991
6464867789
7012541598
6454607437
6762893503
7298303809
6243229673
6429267367
6478052084
6924816234
6327194815
6814159507
6452940197
7099122971
6624186807
6727713651
12014524155
15563817831
15795052270
16688144333
15705827478
15359890782
14249656986
14618418570
11966080660
8553511135
14035301904
14738606587
14067484879
15202461764
14029903001
13015032629
13992581210
11090701541
16635541851
13742486394
16028984749
16176438021
17343547617
17281398581
14493551270
16448477536
11128417029
7763402048
6775283944
6553485166
7291700553
7333102153
6432143582
6774903423
7391467192
7306635785
6693070017
6699498390
6693588637
7245784015
7811611073
6474002973
7017682579
13533025086
12798971744
15577856048
11901896267
13318630334
15267804873
13242290472
13618192469
15218442192
15114434270
14042057667
13903577660
13612315203
13459058691
13312912737
15623856327
13433264321
13787279640
13865306399
13685725710
13372683579
14694625601
13443275433
13114896128
6886611645
7414508717
7551415329
14057294220
13496460077
14563750888
13422047513
14645219376
10683458049
8404736294
7848078990
