27660101067
27595740715
27737433554
27734041825
27367405930
28257055597
28593604163
27867267491
28526755997
28018540152
28807196440
28599265327
28423983620
28590187377
28465634706
28586462568
28531576752
28245952278
29070537594
28878169823
28825899244
28748242693
28271213846
28296529854
28357064868
28465326128
28253417056
28038828987
28460068838
28701285004
28266877133
47695912079
48514344914
47919564745
48381544545
48553103970
48422971249
32294833891
47921642098
47165223274
48131866697
48287508574
48437386576
43201937406
48595187294
48540856218
48147912721
48625305869
47931689399
48180855014
47842887232
40069135094
28456723393
27259061298
27322567140
27464507919
27647539661
27079663733
27240265657
27645665458
27509316270
27300074825
27606441726
27690403348
28026534875
28101509978
28015021531
28196735683
28214975064
28023999627
28103443482
28538207201
27958115675
27728069786
28075618142
27673235651
27863081192
27621923083
40225728319
40335155235
39413534253
39719784209
39394744934
39557521163
40845870208
40283384945
40647985687
41238366325
41167149834
40844093794
41621389513
41363486694
42574997495
42312490745
43581589131
43874159473
43369499193
43274878012
44997706783
50127456257
48696836052
48735355950
49203054946
49287975031
50025800450
48811388180
49789454393
48904383906
47300769421
49117532583
48002182650
49196008903
49302709571
48830366972
48729087534
49278541950
48489822637
49049925519
49655131780
49071732350
48938274234
48742572799
41593653861
42054810592
41617250230
41900385839
42168953251
42407650890
43000892586
42399997926
43180831114
43486402959
43789324249
44220613918
44514087311
44008127902
48809037366
49777067697
49640846365
50042305705
48455222129
48547128524
49031765441
48562588840
39726576275
40600412994
40822177855
46341395624
47547402703
47008093156
48414938812
47841710312
47928872929
48251826122
29478889395
27932780995
27838180259
27530330688
28096962389
27561194550
27823669590
28170581381
28486103033
27848430665
27932111305
28131181865
27044135889
41197568996
41159453471
40963485574
42369725081
42023198682
41488877168
42698529793
34319258610
39697083474
48125611646
48248851526
47830519000
48923198582
47761636814
47942100557
47986560253
39759371586
40257785342
45759993842
46276303927
46484285993
46999283071
46162412112
47573872590
46481224009
47654407253
47658878702
36437922094
28004501591
27829217192
28025789205
28165199747
27547544221
27940259434
45218645292
48986632162
48405943377
47807506242
44898416360
48996542535
48480702941
48144016854
47392286943
48099335951
48228616303
41008824562
27076649989
27493231913
27814534635
27247416489
28022402788
27606757106
27807869185
27176104574
27916777967
27490090892
27660153238
28116775685
27577348262
28069254776
27915536329
27895108721
27759414529
28677402161
28032932337
28374002969
28005354783
27962947172
48246789718
48672613242
49021666477
48694042527
48335361579
48344656179
47755102250
50209132209
48134681603
27082951748
27641309704
27678654327
27240123856
27478174949
27769158217
27689955553
27835832351
27675250929
27796660612
34004758992
43734229536
43776219099
47990707161
48615295901
48292632395
47923956353
48398952444
41290058737
39946539431
40273578334
39961150538
39923601965
40146720215
40002707296
39930813317
40297615491
40324980550
40576931175
41089351609
41615597546
42355995550
41736219595
42313483002
45721943558
47428618790
47980561789
49110016029
48408702395
48796399675
48561215130
48184027155
48284474875
38092438549
40304231857
39654409543
42211293659
45893698161
46534108861
46624482656
46671286424
47143254256
46595755018
48880161174
47864361159
48260242501
48664631161
48554963244
48581633350
48624644797
49089899294
49479058219
50238177823
49205013887
48986168255
49656085059
48857715434
48442777990
49151470409
36192428349
46899775211
47406747848
46787723133
48027750599
48010866381
47617322335
48701675336
47667793829
47770974161
48061509661
47762512466
47682704855
48655801723
41222224195
40984822921
41427194807
42158059894
42068938749
42262211639
42108299808
42736180667
44322738384
49277618725
48387486436
49601464888
48805413165
48683610148
49172383078
49129737986
49862935277
48702422077
48674043155
47940228675
48519955766
34348333900
46826878005
48064316624
48387763743
48402259162
49050532229
48093957227
48683750203
48523722599
49345659625
48752531175
49510922236
49453730037
49293979728
48572962695
49367636669
50287004205
36866670728
43005259836
47285847013
48912765961
49009951110
49425527733
48823914556
49871041523
48211210226
49475875569
48509679442
49590873950
49762073780
49567427075
28008769529
27627030957
39328242778
48058456823
47683412105
48520437394
48527896304
49780584779
49082347313
49061728467
49018969477
48424949030
49842360630
48760935700
49090983299
48518194894
48940218682
48169784528
25714939195
26285531263
25705475586
26041763582
25994336436
26094712798
25853129980
35234702029
45850016947
45671260308
46602054848
47783608210
46281795337
47504039644
48214129224
48936220877
48153690414
49469308858
49474612724
48627324650
50028071872
49190493322
49217151155
50221158054
49944284099
48617079271
49958669600
49203108128
50369033908
48300949843
31802352016
47511094516
48797304701
48214857162
48023905142
47918274716
47619069264
49053808235
48883729167
48237293233
41440747930
47737936759
48629478574
49756407644
48389572145
48117038871
47689482210
48379783475
49136513679
48389661204
28164343188
40782537855
40488373879
41564264082
40940390293
41858215063
41809646984
42007942489
42395713681
42533795804
42899275496
43093576557
43888992809
44201277712
43981477575
44104200551
48551770839
49798989501
49214822923
49561140951
49460074961
49285622456
49082193617
48896893261
49533001756
36900060264
48705202190
48485472361
49454698760
48560938200
49638192220
49076510545
48436898076
49223071752
49333371449
38071469710
25752969075
26620047118
25776297220
26190008498
26470378173
26094324148
26154290441
26226391275
26179548542
26582944803
26546708809
26670489188
27018098173
27060997363
26864195705
27201508571
27075651421
27254018398
27586446583
27690617901
27468197224
26966513629
27532903832
27515226576
27612259328
27590560105
27944065529
28166026166
27658075717
28153666227
28149139855
28154702907
27833360737
28159638116
27735591678
27834704689
28125859269
28395865208
28057623499
27431097545
25891292056
25776511725
26039765038
26091816410
26148179358
26543964787
39599825429
40373326463
40076889947
40095392811
39782612460
39983624752
39415308918
39676266241
39348778544
40489610628
40686329991
41011412049
40970301669
41521752162
42312015186
42928345850
43421658341
47445713212
48616566905
48119754094
47399764688
47798217367
48184666809
48477302871
49979737473
48025650428
37586212551
48957520410
49169540312
49912320616
49734344574
49128088820
49142008404
49596465772
48494733017
49456528666
32384135277
39151200409
40081052508
39875424919
40126686144
39769192517
44387328565
45861104019
47316167074
46379732033
47655191636
47706370877
48366165095
48542472854
47632621038
49553345070
48355242476
48361917577
48229691482
49228435430
49066789151
49094209511
49551755300
49274309054
49542589257
48758842382
49208197866
45186235753
40032544043
40447785680
39928707041
42288432238
41908889761
41593733713
42269324323
42238775595
42585418141
45915349283
47826934414
48680542334
48198289586
49643678699
48551826374
48874650329
49336752517
48450735986
48808190869
48555198795
49118069657
49063482211
48435089275
39495950291
46394458452
46922380852
47500510096
47999637919
33744016534
27840184748
27700915339
27667138747
27422710162
28247293426
28115071065
27736618326
28431204584
28274580924
28524852783
28665995657
28366846899
28665679790
28821943891
28223186528
28360708364
28769477399
28405653132
28269426704
28568934722
28616286348
27945990106
28787806935
28912215424
29004004711
28028243120
28335597987
42707721457
43293988283
47752360884
47946301315
48292487386
48043782183
48679606304
47944377529
32024305082
27345698967
27287938362
27391875975
29293283926
47526807037
46740719473
48163732855
47297618413
47782593782
47531678534
47339391507
48544713716
48088487823
48087087443
47967733115
48585710133
48101738475
46643508966
45874221578
46822057505
46782041005
47534171094
47490697261
47748258327
47398722116
46876549323
48039578831
48251629249
48363441909
48403394830
48356453962
49367731040
48793037063
48780842974
36563345221
40712676580
40660982893
40670468404
40790781802
39838795514
40017281356
40740154129
40390840406
40533768641
40373579589
40673646387
39936957922
40531113605
41312536530
40661588177
41770150337
41322044797
42283532079
42038183465
41526635080
42186644592
43113205191
43142644515
43728064635
45824824040
47995901025
48283701060
48833654205
47886042424
48992513963
33127287989
26572114901
26668200404
26912264735
26979669978
27461189361
27241792868
27664738340
27622632708
27300636800
27793127024
31588010428
48884057648
47797509140
48215100236
49015744117
49068578901
49304712565
49248574159
49154651358
49142378794
48940421551
48828683638
49131513066
48541435601
49385738942
48616193897
46063031970
46724434071
46521240590
47082238693
48163609221
48936787821
33898584737
27608147906
27924160918
27652921574
28186140142
27924099148
27852993195
28407677797
28825303136
27995198430
28157920722
28611120480
28453400451
28600838809
28764355300
28750780224
28927768775
28229756813
28310439487
28545583870
28883376998
28631520191
28398065805
28563182878
27898322751
28374415315
27626882977
48616945924
49083335239
48778708650
49428606835
48241590427
49600215350
49448308369
50185769038
48462104023
37617249925
44681483402
48706986248
48577524811
49510232812
49013474026
48637700575
49578686492
48977630588
49149555974
49270244932
36157169058
46023813809
47498066618
46080863951
47372355703
46601245134
48205692932
46581109101
46727049093
48156673972
47797806023
44173987157
43902289636
45793514688
38765203246
28284718996
28272410521
28115618946
27682200432
28209465196
31302039654
45658639118
46439440160
47210140636
47281854160
46652406026
48617500687
48133656067
48455022782
48722778172
48028435748
48457114109
48341421262
49007352999
49089219125
49265281734
49497261105
49485142200
48873482773
49660851845
48529635717
31536126537
48899934748
48432946529
48142481045
47826932080
47767370413
39153755435
48828350549
48909264618
49162983939
49260511724
48861361607
49974813331
49314950860
48575224858
48915335292
48909866386
49357270163
48956470347
37929224608
48798674457
48729407852
49358627766
49217444106
48773839449
49608265625
48884927838
49058131099
48593754338
31050317052
39306180139
39510707404
40351520396
40271836019
40317028032
40218060510
40447453876
40679269948
41495616904
40697818805
39882752369
40250785647
39900943418
40628467447
41127205262
41434036620
45155009864
48122340747
47345144899
47509005437
47283509696
48094742255
48708627271
49084299956
48466319821
48080837034
48129407654
48650362411
48924335494
31291337125
48025678572
48656324277
47479785944
48906598636
45942648180
42365167632
42365655841
42796029366
42826137194
43717845362
44191012312
43781343013
47759857180
48579872929
49122178118
48786346953
49067874271
48742221110
47900778895
48480212336
48096382964
46223346804
40131825344
39918838843
40380819146
39993773754
39843994717
40210273558
39831080928
39672963841
39749594163
40565936190
45841084191
47003075662
46978301161
47446378556
47585517567
47006449543
47034406830
47126313595
47996741160
48924591118
48832279854
48657652046
48581948766
48348270849
48479223657
48516412038
38951924788
48925433979
49773530356
49132199464
48355587082
48526653893
48908671656
50083481347
49747933963
50313569606
49417842488
49472636360
41524080394
40993183605
40977964306
40640468703
42625972569
45449779694
47559597365
48077910804
47921650810
48500273986
48857755715
48547028982
49464251195
48698816053
48638684851
47871562861
48462540018
48091498464
49690248154
49440533489
49025764240
46896113977
49384667313
49065538021
49024939555
49889895127
49003127050
48555389880
48780686284
47443926665
40883744362
40782870004
41148104318
42179949474
42158255190
42174220567
42685495150
44144434726
46980809214
48352449730
49271255711
48547321286
49202538714
49360535450
47737462246
49349656258
47270790506
26207619435
26017582705
25807454465
26098415952
26318921374
26740280441
26904550691
26347430887
26834494553
26906517284
26966561883
27524327819
27499524808
27227945403
27494354483
27593141039
27795863138
28207187952
28026695214
28196142815
28498139332
28152092257
28281921667
27866688359
28083556489
28663366031
28459618494
28666613292
28597823211
28704502685
28483121150
28794585628
28677070257
28966740942
27994242072
28467234297
28257779179
28609875146
27912653717
28782755098
28556804963
28687814393
27731138360
48996542535
48457114109
48798674457
49590873950
49304712565
48122340747
47399764688
48093957227
48924335494
47498066618
48883729167
47006449543
48147912721
28083556489
27493231913
49533001756
27673235651
27259061298
27018098173
27621923083
28223186528
49345659625
50028071872
39415308918
49460074961
40488373879
48355242476
46162412112
47826932080
42283532079
47946301315
48283701060
48184027155
45671260308
42796029366
26190008498
28274580924
50028071872
27621923083
46063031970
50238177823
47509005437
48211210226
48142481045
27287938362
28764355300
27530330688
48500273986
49608265625
27835832351
41593653861
40640468703
41011412049
27464507919
40845870208
28764355300
26620047118
49071732350
40740154129
46896113977
47967733115
27924099148
48828350549
40390840406
48811388180
50042305705
48735355950
48387486436
39759371586
42736180667
43293988283
43113205191
49066789151
39328242778
27641309704
40257785342
28083556489
28787806935
27735591678
39557521163
42399997926
41809646984
49278541950
39983624752
48572962695
28159638116
48485472361
48198289586
28460068838
48251826122
42399997926
48363441909
31536126537
40993183605
47797509140
48462540018
25714939195
49367731040
46602054848
49367636669
47285847013
48797304701
47689482210
49151470409
32294833891
47316167074
43789324249
47900778895
31291337125
39672963841
27490090892
49205013887
48355587082
48527896304
41488877168
40661588177
28115618946
48131866697
46896113977
46534108861
49367731040
41488877168
26154290441
49656085059
45874221578
39328242778
28026534875
28405653132
48680542334
27944065529
27769158217
47942100557
42108299808
27658075717
25776297220
27499524808
40210273558
39557521163
28459618494
48025678572
48010866381
49479058219
27422710162
28101509978
49202538714
44898416360
45942648180
48025650428
47445713212
48251629249
45218645292
34348333900
48823914556
48163732855
26179548542
45915349283
48874650329
48680542334
48593754338
28057623499
49367731040
48683610148
48514344914
49065538021
49015744117
46978301161
28912215424
47737936759
47923956353
45874221578
45658639118
27731138360
37617249925
42312490745
48832279854
48637700575
48957520410
27176104574
48144016854
46978301161
27586446583
27667138747
49336752517
49162983939
37617249925
49862935277
27595740715
48657652046
47919564745
27076649989
27944065529
42407650890
27586446583
47999637919
26041763582
49643678699
49601464888
25891292056
48043782183
40146720215
48442777990
27689955553
49460074961
27561194550
27912653717
27673235651
48541435601
48494733017
39749594163
45793514688
48808190869
28165199747
47842887232
40531113605
47762512466
42533795804
48752531175
48096382964
47270790506
46162412112
33127287989
43142644515
48061509661
49248574159
48940421551
47573872590
27736618326
48125611646
39838795514
40273578334
49567427075
44173987157
25853129980
48760935700
39900943418
28223186528
27608147906
27461189361
48915335292
41593653861
27962947172
27595740715
40032544043
32024305082
27626882977
40131825344
48805413165
48352449730
28196142815
48562588840
31588010428
28498139332
26190008498
48002182650
48251826122
48977630588
41197568996
40782537855
27176104574
48551770839
47798217367
48096382964
49448308369
48672613242
40679269948
48561215130
32384135277
26091816410
49110016029
26966561883
39599825429
48683750203
49912320616
41290058737
27690617901
49248574159
27932780995
28593604163
28665679790
28769477399
48986632162
48215100236
49425527733
47428618790
44681483402
27606441726
49655131780
49734344574
40225728319
44144434726
48211210226
41148104318
39918838843
43581589131
48455022782
47995901025
27509316270
27431097545
26091816410
47345144899
49349656258
39654409543
28310439487
28165199747
48117038871
48672613242
49756407644
47782593782
45861104019
40297615491
49169540312
27490090892
28284718996
49228435430
48147912721
40790781802
49089219125
41770150337
49590873950
41858215063
48624644797
28026534875
39557521163
25752969075
28266877133
48292487386
49228435430
48163609221
42262211639
47573872590
47999637919
28787806935
34348333900
26543964787
49128088820
27834704689
49082193617
36563345221
28069254776
28374002969
49304712565
49553345070
42312490745
41593733713
48455222129
27944065529
49601464888
48366165095
48061509661
49050532229
39983624752
47782593782
48101738475
49425527733
45721943558
48729087534
43717845362
26190008498
49169540312
48683750203
43000892586
48087087443
27924099148
31802352016
47946301315
40390840406
48094742255
48355587082
27924099148
39328242778
48551770839
28271213846
39348778544
40845870208
26864195705
28165199747
49479058219
36157169058
50287004205
42399997926
48683610148
47990707161
44898416360
48462540018
28116775685
48617079271
28467234297
28568934722
50221158054
28096962389
48169784528
48617079271
37586212551
48553103970
29004004711
42288432238
48344656179
48547028982
49454698760
27759414529
27322567140
28701285004
49050532229
41858215063
48043782183
48432946529
48520437394
48674043155
39557521163
47886042424
49460074961
49561140951
49151470409
29070537594
33898584737
28004501591
49190493322
26966513629
43000892586
40126686144
39946539431
40883744362
47748258327
46341395624
46581109101
28149139855
38071469710
48798674457
48780686284
48134681603
41148104318
49656085059
48214857162
39495950291
49428606835
48915335292
48883729167
39394744934
47737936759
47270790506
41440747930
50209132209
49149555974
49690248154
49009951110
48908671656
27852993195
47632621038
26039765038
41858215063
28004501591
27060997363
46223346804
48874650329
42407650890
48389661204
27201508571
49533001756
48352449730
45721943558
43180831114
40076889947
27769158217
36900060264
48992513963
40712676580
47165223274
48523722599
41593733713
40670468404
48579872929
28556804963
48940421551
49590873950
26904550691
47980561789
28538207201
41427194807
48229691482
48936787821
48977630588
47900778895
28057623499
48593754338
47443926665
44144434726
48134681603
27944065529
48389661204
28157920722
48405943377
39153755435
49425527733
27867267491
48555389880
43201937406
27795863138
40822177855
40670468404
48169784528
48436898076
42395713681
48551826374
27823669590
47946301315
49453730037
48436898076
28115071065
28764355300
47798217367
42707721457
48758842382
49202538714
46534108861
46023813809
47297618413
49561140951
46922380852
27675250929
41312536530
49089899294
41312536530
48352449730
49475875569
48025650428
27241792868
39782612460
41127205262
47406747848
27852993195
40782870004
48144016854
48435089275
39749594163
27367405930
46671286424
42054810592
27848430665
49448308369
42269324323
48796399675
48617079271
49003127050
48553103970
39151200409
48064316624
49485142200
49021666477
42158255190
48778708650
28597823211
42707721457
48706986248
40218060510
40628467447
48093957227
40628467447
49049925519
48884927838
28004501591
47281854160
46379732033
39394744934
48581948766
40373579589
28927768775
28590187377
40712676580
27345698967
44144434726
47830519000
26670489188
48832279854
28465326128
48405943377
48198289586
45915349283
45218645292
40963485574
48352449730
27690617901
28665995657
40647985687
44201277712
48936220877
48575224858
28069254776
48912765961
46595755018
49203054946
47996741160
41495616904
49287975031
48366165095
28257055597
48805413165
40782537855
41197568996
48335361579
42168953251
28186140142
36563345221
42288432238
48579872929
27833360737
27838180259
28687814393
26094324148
49485142200
31802352016
39928707041
48043782183
48904383906
48403394830
48122340747
49798989501
26546708809
44997706783
48027750599
48585710133
39348778544
42288432238
47619069264
47990707161
39936957922
27621923083
48283701060
28395865208
26906517284
27645665458
28154702907
44898416360
27807869185
47270790506
28407677797
36192428349
48389572145
42068938749
49053808235
49660851845
40351520396
45861104019
28025789205
49912320616
49025764240
47942100557
48560938200
42365655841
27660153238
49265281734
46822057505
47996741160
48523722599
27493231913
48408702395
45658639118
28486103033
48694042527
39769192517
27612259328
28196142815
27814534635
49596465772
41197568996
49025764240
46671286424
47398722116
48403394830
41593733713
43093576557
35234702029
46652406026
34004758992
47443926665
40844093794
48551770839
48833654205
47126313595
48679606304
47886042424
49050532229
48657652046
27924160918
48909866386
50238177823
27833360737
48798674457
44173987157
49050532229
39415308918
49265281734
48129407654
40984822921
47617322335
49747933963
49474612724
48477302871
26546708809
46484285993
28229756813
43734229536
28125859269
49302709571
41488877168
45759993842
42038183465
41363486694
50083481347
48214857162
27840184748
47683412105
27612259328
25853129980
40317028032
28038828987
46534108861
39697083474
26041763582
48251826122
48520437394
47534171094
49128088820
40686329991
48251629249
48884057648
49349656258
39993773754
43776219099
27833360737
49018969477
27247416489
49203108128
28599265327
48180855014
49129737986
27660153238
48986632162
50369033908
47585517567
45874221578
26017582705
28927768775
28423983620
41524080394
48679606304
31536126537
49428606835
39348778544
49889895127
49974813331
28149139855
49367636669
48500273986
40032544043
27627030957
26226391275
49203108128
46276303927
44008127902
39769192517
49479058219
49358627766
43717845362
39838795514
28196142815
40095392811
48514344914
47940228675
27431097545
41159453471
27940259434
41167149834
41008824562
40380819146
28186140142
28966740942
48442777990
47446378556
48432946529
40076889947
27734041825
26094712798
49314950860
37929224608
48077910804
28057623499
48729407852
48857755715
28526755997
39993773754
49464251195
46276303927
46671286424
41238366325
27287938362
39838795514
28927768775
48899934748
27690617901
34348333900
47406747848
41736219595
49302709571
49009951110
28115618946
47826934414
28166026166
49367636669
49172383078
49084299956
27595740715
41440747930
28152092257
27079663733
39654409543
50185769038
47285847013
49009951110
48936220877
27254018398
50209132209
28609875146
47632621038
40317028032
25807454465
49979737473
42399997926
48896893261
46276303927
27490090892
26572114901
49214822923
48809037366
47283509696
49596465772
27814534635
31291337125
49578686492
49082193617
48184666809
48554963244
41900385839
49142378794
48562588840
45824824040
49094209511
27044135889
48996542535
48287508574
44387328565
42211293659
48861361607
45186235753
28131181865
48798674457
28616286348
39882752369
27814534635
47339391507
49089899294
27075651421
46080863951
46724434071
49384667313
48581948766
45861104019
39759371586
49608265625
48823914556
49217444106
27593141039
47498066618
41167149834
39923601965
48940421551
46624482656
27823669590
47923956353
39672963841
48992513963
48494733017
48442777990
48544713716
28026534875
49205013887
39726576275
32294833891
48516412038
28159638116
42179949474
27814534635
46602054848
37929224608
50287004205
47871562861
48379783475
40647985687
27478174949
27060997363
28821943891
49656085059
27509316270
49596465772
48002182650
50127456257
48554963244
43581589131
48694042527
27259061298
41312536530
33127287989
48211210226
41617250230
26039765038
47632621038
49217151155
40447453876
39348778544
39759371586
48793037063
43486402959
42269324323
40670468404
48023905142
48616193897
49142008404
46223346804
47797806023
47143254256
39928707041
28026695214
28568934722
28405653132
49009951110
46521240590
39510707404
28296529854
48355587082
27690403348
42269324323
48480212336
42068938749
28883376998
47921642098
28015021531
27300636800
48403394830
49274309054
48184027155
49912320616
48544713716
49067874271
49974813331
26668200404
27641309704
48437386576
49287975031
49015744117
42038183465
27076649989
48857755715
38951924788
28769477399
41564264082
49031765441
27807869185
40686329991
48099335951
41736219595
47165223274
28631520191
39983624752
28271213846
28431204584
49690248154
48229691482
27464507919
50028071872
40373579589
28023999627
27201508571
40844093794
47931689399
31802352016
27731138360
49747933963
40081052508
49578686492
42158059894
48335361579
47683412105
47285847013
48184666809
47695912079
49217444106
39983624752
47406747848
28245952278
48387486436
49117532583
48938274234
43142644515
49656085059
27645665458
27945990106
48823914556
48133656067
26906517284
41809646984
48809037366
33127287989
40647985687
28366846899
42283532079
47921642098
48117038871
48134681603
43274878012
48735355950
27898322751
28459618494
47526807037
28131181865
47864361159
43486402959
27626882977
47996741160
48153690414
26966561883
41526635080
46521240590
48924335494
26582944803
27044135889
42158255190
28878169823
28453400451
27499524808
48705202190
39676266241
27622632708
48099335951
49643678699
49357270163
48142481045
48547028982
31291337125
41440747930
49217151155
48403394830
27734041825
43201937406
42826137194
48657652046
48077910804
26179548542
49533001756
49071732350
49129737986
48874650329
48027750599
38071469710
42698529793
28782755098
42369725081
42238775595
48938274234
28677070257
47658878702
47752360884
42355995550
39936957922
48617079271
48402259162
42899275496
40661588177
39936957922
43180831114
28274580924
48184666809
48904383906
41008824562
26670489188
48909866386
49567427075
49053808235
27606441726
48514344914
40257785342
42269324323
39415308918
27916777967
27018098173
48705202190
48923198582
49756407644
47559597365
47807506242
28423983620
48544713716
27547544221
48523722599
42899275496
28022402788
40146720215
48940218682
40447785680
40640468703
44104200551
49773530356
39946539431
48780842974
49154651358
28005354783
49497261105
43902289636
49136513679
28023999627
40131825344
47797509140
47762512466
48561215130
28600838809
27940259434
47143254256
49265281734
39961150538
48555198795
49277618725
48758842382
48163732855
39769192517
47919564745
42313483002
47842887232
48214129224
37586212551
28245952278
43728064635
47034406830
26041763582
48163732855
40017281356
41238366325
45218645292
49122178118
41011412049
48405943377
28271213846
48629478574
28431204584
49277618725
49510232812
49162983939
26620047118
47632621038
49643678699
27793127024
26906517284
48205692932
48793037063
32294833891
28966740942
45186235753
48061509661
27735591678
49974813331
48251629249
40984822921
25891292056
40447785680
48248851526
44997706783
48924591118
28568934722
40447785680
27499524808
46624482656
27490090892
47841710312
48940218682
49058131099
49013474026
40660982893
48058456823
49640846365
35234702029
49076510545
48408702395
47967733115
28008769529
27254018398
41159453471
48485472361
49453730037
48246789718
49172383078
41197568996
42365167632
47082238693
28154702907
28245952278
28266877133
48466319821
49862935277
47986560253
49162983939
48214129224
27300636800
49066789151
46727049093
27912653717
50369033908
48912765961
27995198430
34319258610
26966513629
48880161174
48664631161
48657652046
27675250929
28005354783
28593604163
41770150337
27962947172
49773530356
41495616904
49031765441
28023999627
41521752162
28207187952
48680542334
46534108861
28366846899
48923198582
42262211639
42158059894
33898584737
38071469710
26318921374
31302039654
47759857180
46023813809
47392286943
28026534875
33898584737
48698816053
47999637919
47759857180
40576931175
48091498464
47443926665
27924160918
48520437394
27647539661
47919564745
40297615491
28170581381
48674043155
27515226576
41488877168
48938274234
47752360884
27793127024
39599825429
40790781802
28253417056
48778708650
49287975031
42312015186
47767370413
42533795804
40324980550
47798217367
47923956353
28556804963
49358627766
28310439487
40576931175
28611120480
48884927838
42313483002
48616566905
40317028032
27796660612
25853129980
41159453471
47667793829
48455222129
48542472854
28431204584
28769477399
45671260308
25776511725
27606757106
47511094516
40790781802
27590560105
49600215350
49065538021
49015744117
48809037366
48735355950
49789454393
40790781802
48581633350
40970301669
49590873950
48742221110
42355995550
46740719473
47006449543
45721943558
48572962695
48577524811
27300636800
46439440160
48906598636
47995901025
27082951748
36192428349
37586212551
46080863951
37929224608
48229691482
48361917577
28374415315
40210273558
39838795514
25853129980
39413534253
28878169823
48180855014
27863081192
48880161174
43113205191
28704502685
28631520191
40940390293
27060997363
40283384945
28782755098
49205013887
42399997926
48760935700
48422971249
47406747848
46727049093
47918274716
49889895127
28214975064
48437386576
48986632162
48527896304
48450735986
28531576752
48593754338
28599265327
40210273558
28878169823
27658075717
28374415315
27493231913
47428618790
48830366972
28032932337
37929224608
49608265625
28825303136
27678654327
28764355300
49003127050
27647539661
46023813809
48936787821
49533001756
28912215424
46652406026
49089899294
48344656179
28026695214
28782755098
38765203246
28927768775
48477302871
42179949474
50313569606
42038183465
40095392811
47504039644
28165199747
48729407852
26620047118
28207187952
40351520396
28154702907
49274309054
27678654327
42585418141
48292632395
27622632708
28878169823
42262211639
49367731040
40963485574
40081052508
45721943558
43005259836
48581633350
26582944803
28782755098
28374415315
27675250929
26347430887
46063031970
50369033908
47372355703
39918838843
27247416489
25752969075
44898416360
48742221110
48125611646
48956470347
26318921374
28787806935
47706370877
48292632395
42355995550
46727049093
28794585628
27240265657
48424949030
48260242501
49082347313
40324980550
46999283071
49009951110
48462540018
26470378173
27422710162
46896113977
40304231857
49358627766
40283384945
48547128524
40533768641
40670468404
43776219099
41290058737
48833654205
48553103970
48292632395
28465326128
27829217192
49780584779
28597823211
37929224608
48292632395
47585517567
27606441726
40673646387
41427194807
48381544545
40712676580
48096382964
48480212336
26041763582
27300636800
48615295901
48228616303
49453730037
41312536530
33127287989
48292487386
48214129224
46602054848
49912320616
47762512466
40081052508
40844093794
49287975031
28170581381
28453400451
49018969477
47737936759
27795863138
28687814393
28883376998
42313483002
40146720215
49007352999
42685495150
42186644592
43781343013
48874650329
44191012312
41127205262
49448308369
49638192220
46601245134
40081052508
49660851845
43142644515
45658639118
48616566905
28821943891
49777067697
48462540018
27915536329
39838795514
41858215063
49773530356
42407650890
48387486436
49024939555
48163732855
39557521163
47210140636
48992513963
27494354483
48873482773
47980561789
48184027155
49780584779
40210273558
28407677797
49136513679
48780686284
48248851526
40697818805
48163609221
47986560253
49203054946
50313569606
27590560105
29070537594
48551770839
25714939195
27915536329
46521240590
48579872929
46534108861
27612259328
43888992809
45449779694
47864361159
48010866381
48361917577
49358627766
48246789718
48125611646
48656324277
48520437394
48957520410
49456528666
28701285004
49600215350
49013474026
42283532079
49608265625
48450735986
48381544545
40126686144
50028071872
41524080394
48702422077
42736180667
47392286943
27866688359
47748258327
28459618494
48579872929
48023905142
27728069786
43421658341
25994336436
49979737473
47841710312
28609875146
46999283071
48674043155
28486103033
47942100557
49142008404
27958115675
28360708364
48809037366
27300074825
48010866381
49456528666
48198289586
43902289636
34319258610
44201277712
42399997926
34004758992
48575224858
26154290441
46826878005
25807454465
48335361579
40782537855
47755102250
42698529793
48805413165
44104200551
49472636360
49217151155
26091816410
48480702941
48752531175
46740719473
48485472361
28115618946
28125859269
47667793829
44322738384
50369033908
46484285993
47761636814
43581589131
48572962695
40146720215
49789454393
49172383078
27478174949
49454698760
47864361159
47300769421
27867267491
48811388180
47270790506
26098415952
49762073780
47490697261
49049925519
28149139855
41011412049
49136513679
48986168255
48228616303
27645665458
28223186528
28196735683
43274878012
48205692932
28599265327
40257785342
41127205262
49202538714
41615597546
28214975064
47300769421
48101738475
40970301669
26347430887
31302039654
49024939555
44898416360
47940228675
49510232812
48080837034
27915536329
48873482773
41526635080
28157920722
47807506242
40661588177
49009951110
48742221110
28166026166
27660101067
31050317052
49142378794
48284474875
48780686284
48758842382
28912215424
47797806023
49063482211
39923601965
48028435748
49608265625
28526755997
48861361607
46341395624
27079663733
45671260308
47479785944
50313569606
50185769038
48555389880
27018098173
45186235753
28398065805
44104200551
48616566905
27995198430
40984822921
49314950860
26906517284
48986168255
49154651358
48615295901
25853129980
49129737986
42698529793
48432946529
48752531175
47871562861
29478889395
48096382964
47498066618
39930813317
27590560105
40533768641
48363441909
47683412105
48142481045
48992513963
49777067697
26572114901
34319258610
38951924788
48828683638
42312015186
27509316270
40297615491
47283509696
48432946529
27530330688
40447785680
27018098173
47082238693
27667138747
27240265657
49021666477
48039578831
40257785342
48134681603
43902289636
48518194894
48575224858
48381544545
48797304701
48300949843
28807196440
28912215424
42179949474
47841710312
48912765961
40069135094
48355587082
41564264082
39946539431
47490697261
34319258610
46595755018
47655191636
40273578334
48786346953
48061509661
46740719473
28214975064
48381544545
27667138747
48198289586
48899934748
48284474875
39923601965
48229691482
49734344574
48702422077
49285622456
47479785944
28677070257
36866670728
49448308369
26190008498
48542472854
47918274716
46922380852
27241792868
40146720215
49278541950
48436898076
44008127902
39599825429
48657652046
26904550691
31588010428
48039578831
48229691482
48857755715
42928345850
41167149834
28008769529
33127287989
43142644515
48519955766
48773839449
48435089275
27852993195
48087087443
47995901025
28101509978
49142378794
48184027155
28486103033
49018969477
40740154129
27345698967
28207187952
40210273558
48180855014
43776219099
48237293233
48786346953
48133656067
49440533489
32294833891
28456723393
42533795804
39672963841
48422971249
28159638116
47498066618
47737462246
48672613242
43421658341
28609875146
47667793829
48134681603
49094209511
26912264735
27759414529
48002182650
42158255190
41621389513
49789454393
47706370877
39153755435
28704502685
28483121150
27834704689
28663366031
40273578334
28912215424
48617079271
41858215063
49448308369
36900060264
49277618725
48129407654
44008127902
49063482211
27627030957
40660982893
48909264618
49958669600
46481224009
40390840406
48809037366
46521240590
47886042424
41159453471
28593604163
48251629249
28423983620
50127456257
48909866386
48694042527
47399764688
28538207201
48527896304
41427194807
48701675336
47531678534
49862935277
29293283926
43781343013
49190493322
46581109101
28335597987
46740719473
48938274234
28526755997
46999283071
47300769421
41167149834
48828350549
26864195705
26834494553
27940259434
49889895127
46787723133
47479785944
28281921667
27823669590
25853129980
27835832351
28272410521
40533768641
48352449730
45915349283
48119754094
27060997363
28531576752
45915349283
45793514688
48555389880
46394458452
49747933963
27468197224
27044135889
48156673972
27515226576
50025800450
39495950291
42365167632
42407650890
46595755018
27895108721
27652921574
48936220877
28687814393
48904383906
47770974161
26017582705
48683750203
28782755098
27645665458
39676266241
28486103033
48547321286
28272410521
28103443482
28253417056
41148104318
41089351609
39946539431
48874650329
39672963841
48094742255
49007352999
27626882977
48729087534
48936220877
48861361607
47504039644
47830519000
28748242693
41495616904
47761636814
49472636360
40351520396
28611120480
28357064868
45942648180
28057623499
48028435748
47706370877
31302039654
47797509140
45449779694
40373579589
49440533489
40940390293
27018098173
45874221578
46624482656
47297618413
42211293659
49448308369
25853129980
42928345850
46281795337
26148179358
48180855014
48996542535
49151470409
27018098173
40822177855
47392286943
48828683638
42395713681
27867267491
31536126537
48023905142
28018540152
47667793829
42312015186
39510707404
46223346804
39654409543
40712676580
48094742255
48616945924
48655801723
28296529854
28115071065
49773530356
48466319821
27478174949
48002182650
28028243120
28165199747
39415308918
26154290441
48352449730
40271836019
48880161174
42054810592
49021666477
48237293233
47996741160
47921642098
28026695214
47504039644
27606757106
27700915339
28015021531
50313569606
26226391275
49777067697
48909866386
47748258327
49024939555
42158059894
26207619435
28209465196
48405943377
47526807037
48956470347
26966561883
44104200551
28186140142
49734344574
39918838843
26098415952
49271255711
48828350549
28398065805
48184666809
47526807037
28593604163
28207187952
49271255711
28486103033
44997706783
47372355703
48758842382
27796660612
48228616303
26470378173
47928872929
48494733017
47762512466
49025764240
27241792868
48780842974
48547128524
41197568996
28586462568
28395865208
48002182650
40126686144
48405943377
28825899244
49205013887
40017281356
28069254776
26041763582
26470378173
49456528666
28038828987
48797304701
45721943558
40271836019
42312490745
28164343188
26179548542
48355242476
27561194550
27577348262
47946301315
48547321286
47995901025
27667138747
42928345850
50209132209
27833360737
27833360737
28069254776
42038183465
48742221110
45874221578
48696836052
49172383078
48514344914
40940390293
40673646387
28159638116
27622632708
28116775685
48572962695
28366846899
28395865208
39726576275
48087087443
48025650428
46652406026
27833360737
45915349283
41521752162
27608147906
28486103033
28465326128
28154702907
41167149834
48595187294
49643678699
49128088820
47928872929
47003075662
27493231913
48760935700
45671260308
48899934748
42365167632
48577524811
42038183465
27547544221
49871041523
28483121150
46276303927
49360535450
49217151155
40447453876
48058456823
48562588840
28665995657
48638684851
28229756813
40131825344
48909264618
28631520191
49260511724
47534171094
43728064635
48228616303
40712676580
47547402703
28586462568
47770974161
27641309704
48617500687
46063031970
28750780224
42174220567
49203054946
48064316624
41809646984
28186140142
42312015186
49149555974
47995901025
49076510545
27367405930
47504039644
47479785944
46601245134
47871562861
27254018398
47126313595
28750780224
28360708364
28257779179
49089899294
48122340747
46876549323
26864195705
31302039654
49172383078
47143254256
48702422077
28069254776
47445713212
48523722599
28004501591
33127287989
47345144899
49082193617
48379783475
49117532583
48248851526
27606441726
41089351609
40447453876
43581589131
27690617901
36900060264
40660982893
25776297220
27076649989
27652921574
49590873950
28008769529
27945990106
27690617901
25714939195
28927768775
39676266241
47990707161
49590873950
27807869185
49214822923
48624644797
28257779179
47339391507
28028243120
27664738340
28272410521
28821943891
43874159473
41222224195
48379783475
47689482210
27461189361
35234702029
40963485574
48625305869
27547544221
47782593782
40225728319
27689955553
48335361579
39348778544
39413534253
39900943418
28028243120
27660101067
42574997495
25705475586
47770974161
46063031970
40317028032
28467234297
27682200432
48519955766
50083481347
40076889947
40225728319
46601245134
27626882977
44220613918
49542589257
49551755300
48617500687
27464507919
49460074961
47918274716
48956470347
28467234297
39151200409
28687814393
48823914556
27867267491
49417842488
40380819146
28269426704
48228616303
49762073780
40712676580
49510922236
46595755018
42707721457
40095392811
27227945403
47928872929
48518194894
49979737473
28825303136
48923198582
26864195705
42312490745
26347430887
28038828987
36157169058
37586212551
48555389880
46521240590
26582944803
49217151155
27322567140
47990707161
28825303136
43093576557
28025789205
28096962389
41564264082
27461189361
28407677797
48122340747
49798989501
49082347313
49979737473
28023999627
44201277712
49472636360
26318921374
45155009864
48581948766
37617249925
27593141039
27626882977
48936220877
40032544043
28611120480
27367405930
40380819146
26979669978
26904550691
41770150337
49596465772
47559597365
43781343013
43581589131
45915349283
27652921574
47683412105
27658075717
40963485574
48742572799
29293283926
49497261105
31588010428
42313483002
28599265327
28465326128
27345698967
48551770839
40335155235
39672963841
28423983620
27759414529
49453730037
42238775595
40970301669
41363486694
43717845362
47826932080
48561215130
49154651358
40447785680
27664738340
48025650428
49162983939
47281854160
48133656067
48147912721
50025800450
47585517567
49333371449
27345698967
40081052508
48624644797
28460068838
42238775595
47931689399
48211210226
26154290441
28665679790
40489610628
27932780995
48509679442
49063482211
48899934748
46521240590
26834494553
27829217192
42826137194
49333371449
49417842488
39769192517
47619069264
49510232812
49464251195
31588010428
49456528666
48616193897
28223186528
45155009864
42365655841
42023198682
28153666227
28524852783
46439440160
28531576752
26347430887
27621923083
27586446583
45824824040
33744016534
48355587082
49979737473
48251826122
28008769529
49314950860
40032544043
28096962389
46080863951
47617322335
47826932080
49162983939
32294833891
49333371449
27461189361
47807506242
37617249925
27915536329
39769192517
38092438549
47807506242
28453400451
28018540152
28821943891
43981477575
42369725081
49021666477
49367636669
48387486436
28563182878
39654409543
48701675336
40095392811
26207619435
48925433979
28787806935
49203108128
49469308858
28266877133
49228435430
28405653132
25752969075
48300949843
48480702941
28374002969
39983624752
49384667313
41488877168
48028435748
39328242778
45658639118
48479223657
47826932080
49058131099
48828350549
48205692932
48442777990
43486402959
48435089275
47126313595
49780584779
48509679442
48722778172
40351520396
47886042424
42174220567
40210273558
26017582705
48480212336
26285531263
49638192220
47034406830
25853129980
40324980550
31802352016
28677402161
26572114901
45721943558
49065538021
26966513629
40782537855
47752360884
39749594163
28568934722
42238775595
48147912721
27958115675
28196735683
45824824040
33744016534
48650362411
42574997495
43293988283
48489822637
27608147906
25705475586
48706986248
39843994717
48361917577
28229756813
48010866381
26966561883
40844093794
48729407852
28223186528
48924335494
39759371586
49551755300
27547544221
40845870208
27652921574
27590560105
27866688359
47667793829
48117038871
40977964306
49068578901
49302709571
48616945924
48909866386
47695912079
48638684851
40679269948
47940228675
26979669978
49448308369
27728069786
49089899294
48780842974
49479058219
48702422077
47761636814
43874159473
40250785647
28057623499
48977630588
41615597546
48462104023
27076649989
49122178118
40712676580
46782041005
25807454465
42585418141
48080837034
40993183605
48729087534
27240123856
48389661204
48595187294
49071732350
49912320616
48355587082
27678654327
41222224195
43005259836
39961150538
45861104019
49608265625
27391875975
50209132209
48101738475
48752531175
28600838809
27678654327
36437922094
48617079271
27076649989
43781343013
47759857180
40993183605
48091498464
27958115675
26668200404
49561140951
48356453962
47406747848
28787806935
28927768775
48437386576
28115618946
43293988283
49747933963
48638684851
48480212336
49082347313
48518194894
36563345221
47783608210
28149139855
28545583870
49172383078
48828350549
28483121150
28018540152
46023813809
50042305705
28825899244
49600215350
48986168255
28526755997
50025800450
36866670728
49302709571
28663366031
28821943891
39936957922
27829217192
42174220567
27595740715
47143254256
39918838843
42158255190
25891292056
41524080394
49958669600
48422971249
33744016534
42685495150
48940218682
27796660612
27734041825
47841710312
28004501591
41089351609
40257785342
28665995657
48593754338
49223071752
43000892586
26834494553
48579872929
48300949843
40250785647
28599265327
50313569606
43180831114
36192428349
43902289636
49049925519
47339391507
48077910804
46379732033
46439440160
47509005437
49067874271
36192428349
28498139332
48615295901
28360708364
27044135889
48924335494
28538207201
43981477575
44514087311
27622632708
48480702941
38071469710
49214822923
47752360884
28038828987
48405943377
49265281734
49271255711
47886042424
48466319821
48797304701
43981477575
44322738384
27493231913
42707721457
28209465196
27490090892
37586212551
48638684851
39769192517
26091816410
33898584737
25994336436
43369499193
48058456823
28498139332
40032544043
40390840406
27586446583
28196142815
47841710312
28467234297
49018969477
47345144899
46876549323
47980561789
28878169823
41363486694
48547028982
27667138747
48924591118
28600838809
48119754094
27840184748
27300074825
27499524808
42283532079
40679269948
48729087534
40844093794
42796029366
45671260308
49578686492
40283384945
48093957227
49974813331
42312490745
46624482656
48729087534
47967733115
44997706783
48341421262
39726576275
27645665458
47921642098
49385738942
28701285004
46978301161
27737433554
50028071872
49082193617
25776511725
40565936190
49542589257
26582944803
46601245134
28296529854
48909264618
27664738340
48923198582
29293283926
49214822923
43369499193
46643508966
48153690414
47797806023
48442777990
48077910804
48956470347
28609875146
47547402703
49425527733
47300769421
48485472361
27829217192
27863081192
49084299956
48260242501
42174220567
28223186528
39599825429
48541435601
48593754338
48655801723
49285622456
49015744117
47783608210
49149555974
49061728467
49453730037
48585710133
46481224009
46896113977
48389572145
41089351609
27478174949
47886042424
27995198430
29004004711
40273578334
47500510096
49131513066
27833360737
32024305082
48698816053
40673646387
48091498464
40283384945
46439440160
48696836052
39719784209
47842887232
49472636360
48408702395
28057623499
41526635080
48924591118
40673646387
41621389513
49510232812
49643678699
29478889395
47443926665
26094324148
48773839449
28665679790
42899275496
28075618142
40782537855
42238775595
49214822923
49358627766
49734344574
46787723133
47695912079
27431097545
48957520410
49638192220
49842360630
39151200409
48925433979
28170581381
49169540312
48940218682
47392286943
48541435601
47931689399
47980561789
48389661204
26017582705
26620047118
49142008404
44898416360
40447785680
27524327819
48237293233
48246789718
48479223657
25776297220
27493231913
28281921667
28663366031
32384135277
49013474026
46439440160
27240123856
42369725081
47372355703
49118069657
40640468703
49417842488
28209465196
39875424919
48387763743
27823669590
31588010428
48519955766
27834704689
48455022782
47695912079
42313483002
43113205191
48002182650
48581633350
28556804963
47339391507
27461189361
49367731040
28075618142
49068578901
42355995550
44008127902
47900778895
47511094516
27848430665
49118069657
42928345850
48064316624
48551826374
48560938200
48283701060
45841084191
26966561883
49223071752
47300769421
28026534875
41593653861
48832279854
36157169058
50083481347
46643508966
43728064635
42395713681
27590560105
28701285004
43421658341
47682704855
48940421551
40940390293
40661588177
46276303927
44201277712
41089351609
47445713212
41008824562
47797806023
47931689399
49094209511
39875424919
48561215130
47034406830
49061728467
41495616904
40845870208
48540856218
27018098173
49533001756
40679269948
27932111305
44201277712
49128088820
47372355703
28821943891
48480702941
46980809214
49871041523
48156673972
49067874271
40533768641
49090983299
49842360630
45874221578
26670489188
43005259836
49349656258
34348333900
48205692932
47632621038
47559597365
47942100557
26347430887
29004004711
46484285993
27577348262
48356453962
45893698161
48809037366
38092438549
45218645292
27945990106
27259061298
40373326463
41770150337
27075651421
49385738942
47585517567
41526635080
40126686144
49260511724
50185769038
27759414529
28101509978
49196008903
26179548542
36866670728
39831080928
47826934414
27840184748
49274309054
48696836052
41434036620
39918838843
28125859269
27524327819
41617250230
45824824040
27915536329
49979737473
41858215063
28038828987
49640846365
27737433554
43093576557
50042305705
27201508571
48292487386
49110016029
28423983620
48551826374
48462104023
26226391275
47980561789
48899934748
49217151155
48637700575
28593604163
48437386576
49456528666
48629478574
49151470409
27962947172
48808190869
40679269948
28165199747
43734229536
26179548542
47737462246
49217444106
49944284099
43789324249
48778708650
27866688359
36192428349
45824824040
49190493322
43293988283
46595755018
32024305082
42174220567
48729407852
43421658341
27793127024
28825899244
50028071872
49083335239
29478889395
48541435601
40373579589
48698816053
48752531175
28666613292
48284474875
25714939195
47752360884
25714939195
28116775685
47755102250
48729087534
27924160918
48402259162
49578686492
26979669978
48555198795
27647539661
44173987157
42108299808
48122340747
47706370877
48077910804
48542472854
49277618725
48117038871
46978301161
27082951748
49271255711
40782870004
49025764240
42068938749
49336752517
49553345070
25705475586
48664631161
49762073780
27823669590
28600838809
47990707161
48387486436
26912264735
48344656179
28966740942
27509316270
49024939555
40489610628
39900943418
49497261105
41617250230
26979669978
28152092257
42283532079
47500510096
46922380852
48251826122
46740719473
47559597365
48664631161
43789324249
40488373879
40488373879
40565936190
40271836019
48857715434
27994242072
49084299956
27247416489
48828683638
42168953251
48581633350
44008127902
49083335239
47573872590
49448308369
45893698161
49248574159
46899775211
48180855014
27240123856
49958669600
28096962389
45893698161
29004004711
48899934748
49656085059
46740719473
28025789205
49551755300
49780584779
28257055597
27736618326
49384667313
48485472361
49789454393
27530330688
27660101067
26740280441
48144016854
47797806023
47918274716
47737462246
45449779694
41908889761
41617250230
47526807037
49777067697
33744016534
43201937406
47996741160
49274309054
41564264082
42796029366
27641309704
47748258327
42625972569
27793127024
47980561789
49082347313
28247293426
46341395624
29070537594
46782041005
40600412994
28794585628
48422971249
42158255190
41521752162
39769192517
46980809214
48696836052
48722778172
47658878702
47944377529
46782041005
46162412112
28526755997
49553345070
48906598636
43776219099
48251629249
48408702395
27866688359
28374002969
39413534253
48581633350
48424949030
28272410521
48229691482
28153666227
28152092257
48527896304
40250785647
27866688359
41521752162
41290058737
47807506242
49007352999
48627324650
48237293233
49497261105
48708627271
44191012312
46822057505
43369499193
27494354483
27852993195
25776511725
46999283071
27300636800
28154702907
49510232812
48408702395
27524327819
48387763743
39900943418
47398722116
27915536329
49110016029
28405653132
28750780224
41908889761
40628467447
39726576275
27848430665
40126686144
49248574159
48996542535
27044135889
27962947172
40304231857
31302039654
47345144899
48742572799
27660153238
28245952278
43369499193
47443926665
28405653132
47830519000
27867267491
47210140636
48144016854
40324980550
27240123856
39900943418
42365655841
49640846365
48142481045
48883729167
49142008404
43113205191
49202538714
47297618413
40131825344
28787806935
48701675336
42312490745
39719784209
27848430665
28165199747
41809646984
28787806935
47003075662
47283509696
49271255711
28360708364
49460074961
47944377529
27079663733
47737936759
48986632162
49460074961
46023813809
27932780995
28153666227
48832279854
48884057648
48575224858
43888992809
48480212336
48616566905
40970301669
48260242501
31802352016
50221158054
48457114109
47509005437
28807196440
39151200409
45449779694
50083481347
48211210226
28878169823
28883376998
49590873950
28025789205
48039578831
48215100236
45942648180
48650362411
28524852783
41434036620
47864361159
48562588840
48616945924
27700915339
48442777990
40373326463
49690248154
41222224195
48147912721
28253417056
40131825344
39726576275
48260242501
44997706783
27829217192
27932780995
28075618142
49690248154
40531113605
48883729167
43781343013
28296529854
48828683638
27082951748
49384667313
40740154129
42168953251
49640846365
48679606304
32294833891
41089351609
34319258610
28677070257
48088487823
48025678572
47297618413
32024305082
28157920722
41593733713
40257785342
43874159473
27835832351
28794585628
39599825429
47003075662
46978301161
48355587082
34348333900
33898584737
49061728467
49287975031
28701285004
28787806935
27734041825
27735591678
44387328565
38071469710
28096962389
42108299808
49304712565
48163609221
28101509978
27769158217
29293283926
28524852783
28083556489
40335155235
42365167632
42108299808
49151470409
47165223274
28257055597
48356453962
27734041825
47573872590
46724434071
27532903832
49747933963
47034406830
43486402959
28807196440
29070537594
48163609221
49475875569
49149555974
27509316270
40845870208
49734344574
40225728319
39930813317
34348333900
48683750203
28538207201
39769192517
49203108128
28310439487
40883744362
27807869185
49780584779
48096382964
26470378173
48241590427
49094209511
28026534875
49333371449
47655191636
49270244932
28631520191
27924099148
43369499193
50042305705
48010866381
35234702029
45186235753
28284718996
46581109101
45942648180
40628467447
48283701060
28335597987
48773839449
40845870208
46223346804
49367731040
26094324148
39697083474
40531113605
39676266241
40447785680
40069135094
28374415315
48625305869
27176104574
48698816053
47762512466
49208197866
27227945403
48547128524
39328242778
49349656258
40489610628
28357064868
28274580924
48283701060
29293283926
42179949474
38092438549
47737462246
27176104574
43981477575
48402259162
42574997495
47547402703
41363486694
27422710162
28103443482
40257785342
27945990106
28075618142
44191012312
46652406026
26966513629
28159638116
49285622456
49567427075
26966561883
49777067697
28465326128
48479223657
26154290441
40977964306
45874221578
26546708809
49122178118
28666613292
48650362411
42054810592
47509005437
49974813331
28196735683
40380819146
45850016947
48729407852
46787723133
49131513066
49063482211
48117038871
49497261105
48896893261
37617249925
48064316624
45893698161
28257779179
42038183465
28794585628
26906517284
28807196440
48679606304
37586212551
37586212551
27079663733
48348270849
47345144899
49287975031
47339391507
27468197224
41617250230
29478889395
41363486694
28545583870
49474612724
50221158054
48437386576
45449779694
27898322751
48560938200
40017281356
34004758992
27509316270
47585517567
47617322335
41312536530
48672613242
49270244932
47281854160
26670489188
28247293426
28028243120
36437922094
49061728467
48593754338
48435089275
48884057648
47632621038
28531576752
45915349283
47531678534
40146720215
47210140636
40002707296
40324980550
41900385839
48554963244
49024939555
49640846365
28229756813
28825899244
48579872929
41159453471
28453400451
48758842382
48494733017
40488373879
28611120480
49734344574
40576931175
49472636360
26190008498
48518194894
49151470409
47281854160
31050317052
48163732855
27593141039
28665679790
48435089275
49202538714
27561194550
45721943558
49533001756
42054810592
48398952444
48672613242
29478889395
49089219125
28131181865
42928345850
48153690414
49385738942
28253417056
47281854160
49205013887
41434036620
49425527733
46978301161
42283532079
49578686492
28459618494
39394744934
49600215350
48129407654
28115071065
47986560253
28025789205
45186235753
47654407253
48500273986
45942648180
28453400451
48344656179
49385738942
47534171094
41159453471
48403394830
36437922094
48808190869
48696836052
28214975064
49205013887
41440747930
41290058737
48547028982
46727049093
45850016947
44514087311
48379783475
48122340747
27227945403
43486402959
27547544221
40017281356
48099335951
48348270849
25705475586
48940421551
27807869185
46484285993
49285622456
28281921667
49425527733
41159453471
48093957227
28665679790
28247293426
48575224858
47995901025
40017281356
49131513066
49285622456
28207187952
47995901025
49460074961
28247293426
28750780224
41736219595
26834494553
48617500687
47573872590
27082951748
48540856218
47082238693
49314950860
27675250929
27075651421
48101738475
28586462568
27795863138
48509679442
28164343188
27932111305
48793037063
48348270849
48205692932
48830366972
49090983299
28538207201
40390840406
28556804963
48028435748
48617500687
47285847013
27675250929
27737433554
42023198682
47783608210
49129737986
48211210226
48617079271
28023999627
47654407253
49485142200
40218060510
41809646984
48694042527
28538207201
49196008903
46787723133
47752360884
27493231913
43981477575
41008824562
48348270849
27664738340
45186235753
47654407253
50127456257
40283384945
27241792868
47082238693
47782593782
49542589257
49208197866
49248574159
48025678572
48540856218
49067874271
40351520396
41011412049
48403394830
48637700575
48655801723
49083335239
28590187377
49357270163
27912653717
47534171094
49780584779
27606757106
27660101067
48554963244
27675250929
48797304701
45850016947
48381544545
47504039644
27060997363
48455222129
44997706783
28310439487
27736618326
27658075717
27932111305
40661588177
48251629249
47297618413
49485142200
42399997926
48134681603
45759993842
48043782183
49479058219
39599825429
48828350549
48156673972
27645665458
48705202190
49172383078
46281795337
49274309054
39719784209
49228435430
47923956353
27044135889
28526755997
45658639118
27690617901
48028435748
43369499193
28807196440
49217444106
48058456823
49601464888
48355587082
49293979728
28611120480
48435089275
28310439487
40940390293
46063031970
47658878702
32024305082
48547321286
48389661204
48874650329
48680542334
27259061298
40489610628
47826934414
28524852783
27833360737
47398722116
40271836019
25714939195
48184027155
48996542535
28023999627
49061728467
47940228675
47761636814
27840184748
39413534253
47509005437
42023198682
28663366031
26190008498
47283509696
48553103970
28545583870
47297618413
27254018398
41521752162
28704502685
42365167632
28531576752
28028243120
28272410521
48477302871
27647539661
48043782183
27945990106
47782593782
47767370413
49061728467
48555198795
27287938362
39676266241
25891292056
49789454393
48884927838
49076510545
31302039654
48205692932
48625305869
48780686284
49117532583
39923601965
49053808235
40335155235
27612259328
31291337125
43093576557
26543964787
26098415952
26039765038
49285622456
27690403348
27240265657
48577524811
48547321286
43581589131
49475875569
49690248154
27994242072
47986560253
46899775211
48696836052
44220613918
26285531263
48547028982
44387328565
47585517567
48873482773
49217444106
48664631161
49889895127
48260242501
48414938812
41322044797
48509679442
46652406026
48674043155
49428606835
49336752517
48650362411
48039578831
31050317052
25891292056
49214822923
49567427075
48956470347
28666613292
48361917577
40970301669
49747933963
28357064868
50221158054
28335597987
48462104023
28764355300
41770150337
27863081192
48909264618
49360535450
40993183605
26094324148
27595740715
48462540018
28616286348
28207187952
47008093156
27422710162
28769477399
26226391275
47999637919
28131181865
26017582705
49031765441
39961150538
42899275496
33744016534
46281795337
42288432238
43000892586
49357270163
27895108721
28677070257
42007942489
48153690414
48450735986
47695912079
28022402788
28032932337
49660851845
48674043155
42736180667
28154702907
40822177855
32294833891
27994242072
25994336436
47826932080
46379732033
39306180139
28196735683
49013474026
28609875146
27259061298
48986168255
49228435430
47748258327
47931689399
28677070257
27932111305
39946539431
49270244932
48625305869
46481224009
28257055597
44387328565
26094712798
47082238693
46439440160
27595740715
47921642098
26834494553
43717845362
42365167632
28966740942
40283384945
27769158217
28032932337
48627324650
41127205262
27509316270
27823669590
28609875146
48039578831
49912320616
49425527733
44898416360
48023905142
48414938812
46896113977
45850016947
48260242501
47871562861
49472636360
27561194550
49349656258
47695912079
28407677797
49172383078
49065538021
48169784528
40002707296
50025800450
28164343188
40883744362
48214857162
27728069786
28026695214
49690248154
28398065805
39306180139
46782041005
48896893261
34319258610
47655191636
49660851845
28075618142
28028243120
39882752369
27287938362
28115071065
27254018398
49065538021
48142481045
27852993195
27499524808
47921642098
49889895127
49596465772
42625972569
48683750203
26966513629
28284718996
44514087311
27731138360
48624644797
40565936190
49440533489
48500273986
47392286943
48629478574
40628467447
41615597546
48064316624
48480702941
27658075717
47683412105
48292632395
27621923083
27728069786
25705475586
48099335951
49118069657
44104200551
47446378556
48637700575
28677402161
48627324650
49440533489
27532903832
44322738384
48938274234
43113205191
42685495150
39782612460
48773839449
49417842488
40273578334
28665995657
48214129224
49228435430
48363441909
27652921574
25994336436
48523722599
40225728319
48811388180
48833654205
27300074825
48514344914
25891292056
49360535450
47737936759
39413534253
46281795337
28460068838
49510232812
49084299956
31050317052
42625972569
42533795804
47008093156
27958115675
28465634706
47534171094
49358627766
46162412112
27898322751
47509005437
48516412038
27958115675
42068938749
49053808235
50287004205
27300074825
48680542334
49285622456
48466319821
40600412994
26572114901
28083556489
48133656067
26148179358
27300074825
48529635717
48516412038
48228616303
27658075717
48923198582
49190493322
48680542334
26017582705
27641309704
49223071752
48956470347
28026695214
27606757106
48457114109
49358627766
42054810592
49050532229
40963485574
49128088820
48915335292
47372355703
36157169058
48735355950
49066789151
27547544221
49345659625
46394458452
40126686144
48773839449
39306180139
28115071065
28157920722
29004004711
49169540312
36900060264
49277618725
39495950291
46876549323
40146720215
47923956353
27667138747
27627030957
48101738475
48880161174
34004758992
28677402161
40069135094
27838180259
49142008404
49384667313
48683750203
26966561883
27515226576
33744016534
27690403348
44173987157
49129737986
28677070257
41167149834
50127456257
46822057505
49974813331
44322738384
48156673972
48884057648
26094324148
40940390293
49304712565
48595187294
48119754094
28407677797
27515226576
47500510096
47999637919
47682704855
46023813809
28456723393
47006449543
48708627271
49117532583
46826878005
26039765038
48300949843
26834494553
46724434071
27240265657
28166026166
48617500687
26094712798
44387328565
48805413165
49333371449
47921650810
45155009864
49003127050
48986632162
28154702907
28214975064
40218060510
27391875975
27044135889
36866670728
29070537594
41908889761
47165223274
48131866697
49510922236
48389661204
48500273986
46787723133
49066789151
47285847013
48547321286
27431097545
27345698967
26091816410
49196008903
27645665458
48198289586
49590873950
46724434071
39961150538
48366165095
26226391275
28593604163
42179949474
47446378556
49302709571
49862935277
27863081192
29293283926
46624482656
48526653893
28366846899
47682704855
48462540018
49271255711
40489610628
42395713681
40628467447
46223346804
41427194807
27700915339
48134681603
28748242693
41322044797
26017582705
48129407654
45759993842
48402259162
48936220877
48093957227
48356453962
42269324323
42158059894
42365655841
39415308918
49067874271
48956470347
49453730037
27478174949
47755102250
48527896304
44997706783
47283509696
41127205262
48547128524
47667793829
48625305869
47300769421
49076510545
42312015186
39749594163
28883376998
27759414529
49656085059
27852993195
28157920722
42158059894
28257779179
28057623499
27814534635
47689482210
50287004205
40697818805
48379783475
48480212336
49068578901
47767370413
40940390293
27814534635
49561140951
49293979728
26740280441
40017281356
27464507919
28296529854
48424949030
39557521163
49142378794
49789454393
39654409543
48389572145
28568934722
49428606835
28563182878
28677402161
47398722116
49214822923
50028071872
40489610628
26546708809
49551755300
41617250230
48957520410
49979737473
26470378173
48292632395
48356453962
48625305869
27658075717
49270244932
48874650329
44681483402
48479223657
49061728467
28266877133
28257055597
28599265327
40488373879
40250785647
41908889761
48551770839
39306180139
48884057648
48650362411
48908671656
32384135277
26966561883
49357270163
27962947172
40126686144
27464507919
28153666227
42826137194
27673235651
48722778172
27898322751
26582944803
27593141039
28229756813
48129407654
41427194807
48832279854
32024305082
48758842382
49208197866
27678654327
48184027155
48729087534
34348333900
42179949474
48778708650
48575224858
40600412994
46602054848
48039578831
27240123856
26906517284
44322738384
48214129224
28366846899
26041763582
48436898076
41495616904
47967733115
42585418141
45721943558
26668200404
27848430665
27664738340
47921650810
45942648180
28284718996
28616286348
46922380852
48655801723
46581109101
49357270163
49015744117
48705202190
28825303136
44191012312
48957520410
28335597987
28152092257
26347430887
45874221578
28912215424
28631520191
28004501591
48575224858
49169540312
28335597987
26347430887
48489822637
28101509978
36563345221
46481224009
48379783475
40576931175
40335155235
39928707041
28531576752
50313569606
48355242476
42211293659
49190493322
26207619435
26154290441
39843994717
48752531175
28116775685
39843994717
29293283926
48884927838
27626882977
26740280441
27241792868
48341421262
48457114109
27647539661
49082193617
47919564745
49454698760
49089219125
36437922094
49082347313
48028435748
49789454393
27577348262
40533768641
47479785944
43902289636
45824824040
27627030957
49058131099
48577524811
48163609221
28807196440
48798674457
47316167074
47300769421
46980809214
28075618142
49912320616
48884057648
49260511724
27834704689
28038828987
48581633350
47944377529
27345698967
27838180259
43180831114
28209465196
48857755715
49223071752
40984822921
49485142200
27247416489
48125611646
42283532079
49214822923
49762073780
48025678572
41008824562
28600838809
48562588840
42158059894
44191012312
27391875975
39654409543
49773530356
26740280441
28296529854
48585710133
48080837034
40640468703
48616945924
26620047118
40380819146
49789454393
33898584737
49385738942
47498066618
40076889947
48526653893
45861104019
27287938362
48540856218
48489822637
40686329991
29070537594
48560938200
48205692932
49265281734
27561194550
27547544221
40131825344
28750780224
28004501591
40531113605
44144434726
39413534253
27916777967
48381544545
48169784528
48742221110
41197568996
47210140636
48562588840
39654409543
25891292056
48529635717
48629478574
47559597365
42312490745
28407677797
28531576752
27912653717
28590187377
25705475586
27673235651
43486402959
49475875569
49071732350
40782870004
45850016947
40218060510
47842887232
39306180139
49469308858
28274580924
47526807037
48701675336
47864361159
27835832351
43180831114
39983624752
28269426704
43728064635
27241792868
48363441909
41434036620
40993183605
27932111305
48977630588
25752969075
47886042424
46394458452
42262211639
28005354783
49089219125
36192428349
39875424919
28025789205
28563182878
48706986248
27240265657
49485142200
48562588840
27834704689
26207619435
25807454465
48300949843
50369033908
28069254776
28083556489
41900385839
48039578831
28599265327
48184666809
28166026166
48129407654
26017582705
48251826122
48956470347
46922380852
42395713681
42407650890
40531113605
47500510096
41008824562
43369499193
40002707296
48616193897
48300949843
48896893261
47445713212
50209132209
42365655841
41148104318
28186140142
27940259434
47126313595
26904550691
27795863138
28912215424
28701285004
43717845362
50238177823
28616286348
27322567140
48480212336
39394744934
47297618413
48094742255
42238775595
50025800450
41564264082
48163732855
43717845362
28912215424
48509679442
48457114109
49638192220
27916777967
39928707041
48617079271
40822177855
48156673972
49349656258
40283384945
27814534635
34348333900
28431204584
28374415315
40782537855
28750780224
48650362411
46724434071
48025678572
25776297220
47617322335
42928345850
31050317052
27852993195
49066789151
28465326128
47345144899
47900778895
48936787821
26670489188
42399997926
48432946529
49018969477
49561140951
41312536530
39936957922
41617250230
27690403348
42007942489
47443926665
47008093156
49007352999
49756407644
49567427075
47942100557
42158255190
48547128524
26740280441
28374002969
28023999627
49203054946
48027750599
50025800450
43789324249
31291337125
48300949843
27995198430
48908671656
48672613242
49223071752
48923198582
49958669600
39928707041
27924160918
48873482773
39782612460
48828683638
42369725081
47667793829
49958669600
46162412112
28599265327
42355995550
48214129224
48398952444
49567427075
27259061298
40218060510
26740280441
47658878702
49260511724
28825303136
39510707404
48489822637
49083335239
28004501591
40225728319
41593653861
48542472854
41770150337
27795863138
49118069657
49456528666
40661588177
31536126537
48526653893
27044135889
48553103970
40210273558
27731138360
40447453876
49169540312
46162412112
26318921374
48940421551
26572114901
48555389880
46521240590
49058131099
49469308858
28966740942
48986168255
48436898076
42211293659
38092438549
39306180139
48516412038
49094209511
28015021531
42211293659
39993773754
48287508574
35234702029
28214975064
28281921667
48555389880
35234702029
49384667313
48144016854
26148179358
50185769038
43888992809
48577524811
47783608210
48387763743
48462104023
40380819146
48414938812
49314950860
49798989501
43734229536
27561194550
27912653717
40076889947
47547402703
47445713212
47126313595
49469308858
49655131780
27490090892
49084299956
42355995550
48833654205
42211293659
27593141039
26546708809
49270244932
28253417056
48025678572
43888992809
27641309704
27673235651
49596465772
27866688359
28883376998
49202538714
27524327819
49762073780
27958115675
49136513679
27259061298
27464507919
42736180667
49090983299
28459618494
48122340747
45793514688
48923198582
27300636800
49510922236
27689955553
48593754338
48992513963
48352449730
28665995657
49349656258
40076889947
48027750599
48241590427
49533001756
27660153238
43113205191
27898322751
48708627271
28157920722
46481224009
28214975064
27612259328
49132199464
48786346953
25776511725
48551826374
48457114109
26318921374
48205692932
27227945403
48780686284
48023905142
48251629249
47798217367
47526807037
47406747848
43005259836
49050532229
27932780995
41148104318
28563182878
28209465196
27577348262
49293979728
48830366972
48466319821
25994336436
46978301161
49068578901
27478174949
49333371449
28666613292
48683610148
44173987157
27606757106
49345659625
28704502685
39151200409
48708627271
27962947172
42038183465
49021666477
28281921667
28296529854
27509316270
47683412105
41011412049
44997706783
28431204584
40993183605
40845870208
49202538714
47755102250
49464251195
27300636800
40640468703
40647985687
47316167074
27241792868
48153690414
36900060264
48541435601
45449779694
28164343188
40002707296
45793514688
47372355703
32024305082
40225728319
41427194807
48701675336
40373579589
48828350549
27735591678
27468197224
48099335951
48595187294
48908671656
48880161174
49660851845
40273578334
48760935700
28069254776
38765203246
48708627271
48437386576
48760935700
46534108861
48355587082
40628467447
28883376998
48925433979
27201508571
48091498464
48163609221
49117532583
48479223657
27660153238
48432946529
40351520396
28103443482
28257779179
48708627271
47446378556
28245952278
49131513066
27367405930
28764355300
48466319821
48251826122
28022402788
49007352999
49842360630
28229756813
46581109101
48833654205
27612259328
39946539431
27532903832
40600412994
47617322335
48705202190
47798217367
40126686144
48341421262
47830519000
27530330688
39719784209
39843994717
27737433554
47919564745
49734344574
27509316270
48366165095
49278541950
40712676580
39930813317
48857715434
42369725081
48142481045
47210140636
49345659625
26546708809
49260511724
49912320616
41089351609
28456723393
49762073780
40032544043
46080863951
36900060264
28456723393
40373579589
28794585628
43142644515
49475875569
49024939555
41159453471
48485472361
28131181865
39413534253
28600838809
46581109101
42796029366
46521240590
48624644797
28164343188
42698529793
42736180667
48087087443
46980809214
50127456257
27240123856
49083335239
48683750203
27524327819
27586446583
47706370877
48874650329
42174220567
42186644592
27606441726
28103443482
48215100236
49031765441
45759993842
46826878005
42736180667
27608147906
46379732033
49485142200
39557521163
46223346804
28453400451
43874159473
46223346804
28015021531
27561194550
43142644515
27647539661
40977964306
36192428349
47918274716
40304231857
42211293659
47270790506
47658878702
47682704855
28026695214
27431097545
45861104019
48551770839
40673646387
49217151155
48625305869
48705202190
27736618326
48091498464
47689482210
48251629249
49007352999
48363441909
26966513629
28209465196
43981477575
27622632708
28115618946
28498139332
48880161174
28253417056
48344656179
49058131099
25776511725
43421658341
49071732350
27322567140
50221158054
28360708364
27240123856
28395865208
46727049093
41615597546
43888992809
49453730037
25776511725
47990707161
48180855014
42369725081
46671286424
48500273986
49336752517
48387763743
29004004711
44681483402
28395865208
48540856218
48655801723
49278541950
49472636360
42928345850
47632621038
40447785680
28398065805
46394458452
40271836019
48996542535
48237293233
48246789718
49076510545
48553103970
47283509696
48010866381
48523722599
47900778895
49066789151
40822177855
47585517567
48058456823
39831080928
26207619435
27689955553
48180855014
48924335494
48683750203
28631520191
48616193897
28825899244
38092438549
49600215350
43274878012
42369725081
48696836052
36192428349
49542589257
43369499193
48241590427
28159638116
48215100236
32024305082
39918838843
48883729167
40673646387
40790781802
43728064635
26966561883
49578686492
47944377529
39831080928
49024939555
47445713212
39759371586
41290058737
41322044797
49777067697
42262211639
40218060510
39930813317
41593733713
28116775685
28057623499
48352449730
48758842382
48129407654
49578686492
47392286943
27391875975
25807454465
42355995550
28586462568
49090983299
41495616904
39759371586
48387763743
27664738340
48796399675
28593604163
28116775685
42312490745
48581633350
42238775595
42168953251
27759414529
41290058737
49058131099
41526635080
40447453876
28083556489
42585418141
39348778544
48923198582
33898584737
48617500687
36563345221
39983624752
26740280441
27627030957
49314950860
28883376998
41222224195
29070537594
27561194550
27254018398
35234702029
47345144899
48923198582
26668200404
26668200404
49003127050
48553103970
28398065805
41809646984
40032544043
41488877168
49747933963
48398952444
40271836019
48986168255
49089899294
48366165095
41434036620
47082238693
28152092257
25994336436
47490697261
39923601965
41167149834
48811388180
48778708650
48701675336
48908671656
27431097545
49260511724
27682200432
48520437394
47143254256
49367636669
44220613918
28665679790
48547321286
38071469710
27835832351
42826137194
31536126537
38092438549
48287508574
43874159473
42288432238
28701285004
31050317052
43093576557
48683610148
47761636814
47830519000
27176104574
49428606835
48629478574
49007352999
39838795514
27079663733
27898322751
48915335292
49640846365
41736219595
27995198430
48523722599
28018540152
47398722116
29478889395
49228435430
27915536329
48908671656
49360535450
48214857162
28022402788
48758842382
40304231857
42054810592
41621389513
43874159473
27796660612
49638192220
27932780995
28616286348
27622632708
46922380852
38765203246
28165199747
49469308858
47531678534
49018969477
49385738942
50185769038
39599825429
48241590427
49958669600
47946301315
41322044797
28374002969
49214822923
27577348262
28666613292
49208197866
48924591118
48435089275
37617249925
27464507919
46980809214
27524327819
49944284099
27627030957
49031765441
49601464888
28374415315
47165223274
44322738384
48292487386
27838180259
48637700575
43874159473
28465326128
48656324277
40660982893
47946301315
43789324249
27944065529
28483121150
48657652046
42007942489
39930813317
26226391275
48131866697
48861361607
48986168255
48101738475
49050532229
47399764688
49053808235
28556804963
48904383906
49117532583
44144434726
48861361607
40790781802
49278541950
48292632395
48088487823
27494354483
48912765961
27737433554
47706370877
28366846899
43180831114
44144434726
26226391275
28486103033
48387486436
45841084191
28465326128
42174220567
47655191636
49475875569
48554963244
40686329991
49497261105
38951924788
28467234297
48672613242
48585710133
47767370413
43421658341
27176104574
47283509696
42625972569
42625972569
43293988283
48912765961
49428606835
39719784209
48241590427
47999637919
49756407644
49094209511
27916777967
47944377529
33127287989
28005354783
27060997363
28357064868
43113205191
49122178118
46281795337
40002707296
49871041523
27254018398
48432946529
40297615491
49142008404
28465634706
49889895127
41148104318
48544713716
45893698161
48088487823
47689482210
49154651358
28453400451
39961150538
39676266241
26091816410
27690617901
27227945403
50221158054
42407650890
31588010428
49485142200
38951924788
48909866386
27678654327
48680542334
27622632708
42574997495
39831080928
48518194894
49122178118
48904383906
47446378556
48798674457
47531678534
48572962695
47559597365
47986560253
46484285993
48833654205
28015021531
48455022782
27044135889
28611120480
27367405930
48402259162
49132199464
48938274234
40447453876
27300074825
48480702941
48742221110
47995901025
27494354483
48117038871
47682704855
41593733713
48229691482
34319258610
48617500687
48355242476
27700915339
48363441909
42585418141
48389661204
28196142815
48389572145
49068578901
27895108721
27769158217
27867267491
46822057505
40782870004
42158255190
40304231857
27731138360
46826878005
27499524808
45893698161
40317028032
48857715434
48077910804
48657652046
48027750599
40447453876
49734344574
47759857180
48025650428
48287508574
40993183605
42395713681
41593653861
47300769421
49842360630
49655131780
47755102250
35234702029
48793037063
49944284099
48616566905
48655801723
27493231913
41615597546
47737936759
29004004711
48142481045
47445713212
48087087443
47281854160
45915349283
27945990106
42186644592
27689955553
48924335494
40390840406
48156673972
48540856218
47398722116
28663366031
50028071872
27658075717
38951924788
27737433554
28015021531
36157169058
27422710162
48924335494
48398952444
43734229536
39306180139
48335361579
40380819146
50083481347
48696836052
28025789205
47683412105
28556804963
28498139332
28018540152
28704502685
39672963841
42533795804
27345698967
48122340747
48906598636
47761636814
49638192220
46484285993
44201277712
40660982893
27606757106
41363486694
45841084191
27626882977
28153666227
39923601965
48489822637
27807869185
26546708809
27690403348
48129407654
28431204584
49425527733
48541435601
48706986248
28590187377
48348270849
27608147906
48028435748
26039765038
40069135094
48742572799
49031765441
27734041825
26979669978
39415308918
46162412112
27241792868
48616945924
26572114901
48657652046
49285622456
27700915339
40225728319
28423983620
47797509140
49082347313
26041763582
49082193617
40600412994
28782755098
49944284099
48706986248
48986168255
40686329991
40250785647
28878169823
48561215130
47752360884
48142481045
40076889947
27641309704
26148179358
49149555974
48352449730
47526807037
45850016947
48408702395
42736180667
48581948766
49655131780
40297615491
48462104023
40225728319
41127205262
27660153238
49142378794
47990707161
48010866381
48909264618
41621389513
28616286348
40600412994
45449779694
49454698760
48028435748
48064316624
48480702941
46439440160
46281795337
48514344914
48805413165
48228616303
48292487386
50042305705
28395865208
40970301669
26470378173
32384135277
46978301161
28196142815
48477302871
44681483402
48215100236
49274309054
26190008498
48096382964
41238366325
44201277712
41148104318
48500273986
40095392811
48094742255
42108299808
27076649989
49270244932
28223186528
28568934722
27916777967
49655131780
47921650810
48101738475
43776219099
49287975031
39415308918
48992513963
32384135277
48805413165
36866670728
48793037063
49842360630
40304231857
49643678699
40447453876
28159638116
28157920722
48906598636
26912264735
39676266241
46601245134
49440533489
48883729167
42365655841
47783608210
49640846365
47762512466
27391875975
43274878012
48169784528
48778708650
48579872929
48477302871
26094712798
46652406026
47689482210
49596465772
46534108861
27247416489
48002182650
48796399675
28374002969
27932111305
27840184748
47842887232
28701285004
49734344574
42108299808
40297615491
47986560253
27660101067
48986632162
48796399675
43486402959
49655131780
48554963244
28748242693
27838180259
48912765961
48094742255
27995198430
27916777967
49053808235
49314950860
47683412105
48169784528
46980809214
40565936190
47270790506
27924160918
28609875146
39843994717
28164343188
28687814393
27018098173
28247293426
48908671656
26572114901
49336752517
48992513963
48442777990
28125859269
47980561789
49063482211
48241590427
45793514688
48708627271
27728069786
46727049093
48702422077
46782041005
46624482656
42698529793
49842360630
48808190869
26285531263
45449779694
49066789151
39900943418
42023198682
49025764240
48153690414
48579872929
28018540152
28357064868
47285847013
42365655841
28032932337
48366165095
49265281734
48702422077
28125859269
48683610148
47632621038
27994242072
48002182650
28125859269
49090983299
48581948766
47534171094
27940259434
42038183465
27075651421
49417842488
48529635717
50209132209
39697083474
28465634706
47165223274
36563345221
31588010428
31536126537
47999637919
28453400451
48248851526
50238177823
48780686284
27201508571
40324980550
48131866697
25807454465
47008093156
48811388180
28498139332
49007352999
49655131780
48125611646
38071469710
48624644797
47695912079
48551826374
48215100236
27940259434
27515226576
39726576275
28590187377
42796029366
48786346953
47782593782
28597823211
49567427075
47826934414
28057623499
48542472854
42007942489
47980561789
28687814393
48823914556
28271213846
49013474026
29004004711
28028243120
28101509978
40351520396
40283384945
28927768775
50083481347
48500273986
48861361607
43180831114
41593733713
42574997495
48117038871
40661588177
48422971249
48477302871
28266877133
28032932337
28545583870
48516412038
46643508966
47797806023
48479223657
48797304701
41524080394
48147912721
47996741160
48184027155
48624644797
41617250230
49690248154
40250785647
49061728467
49018969477
28556804963
43000892586
48180855014
46724434071
48873482773
28465326128
45155009864
49333371449
45155009864
27515226576
47547402703
48025650428
28526755997
47658878702
46896113977
48616945924
47737936759
41621389513
48884057648
47928872929
40324980550
40697818805
42174220567
49058131099
48884927838
49601464888
40380819146
27690403348
28272410521
27247416489
49553345070
40740154129
48214857162
40628467447
48551826374
40660982893
27838180259
47797509140
47918274716
47126313595
26207619435
43789324249
41593733713
27322567140
48335361579
40883744362
43728064635
26906517284
48214857162
49862935277
41434036620
45841084191
48650362411
48808190869
40069135094
49065538021
27932111305
39882752369
43000892586
26039765038
41521752162
46876549323
48480702941
27530330688
28116775685
39831080928
28486103033
48436898076
47755102250
42826137194
40565936190
28186140142
46023813809
28170581381
28101509978
42574997495
46724434071
27240265657
28335597987
48729407852
28611120480
36563345221
28131181865
28015021531
49474612724
49050532229
49944284099
48379783475
28597823211
48832279854
31802352016
49475875569
49053808235
48857715434
27201508571
46652406026
27593141039
41908889761
41290058737
48023905142
47500510096
40069135094
28152092257
43005259836
48462104023
42283532079
49454698760
48516412038
48735355950
46980809214
49360535450
39831080928
26740280441
48494733017
28825899244
40740154129
46023813809
38765203246
48237293233
46724434071
49063482211
27082951748
46534108861
48773839449
48912765961
48924591118
40081052508
48579872929
48551770839
31050317052
44514087311
47871562861
40647985687
40844093794
28159638116
28008769529
49454698760
27823669590
41858215063
27895108721
49277618725
48283701060
39510707404
27736618326
28568934722
49643678699
48904383906
28186140142
40488373879
48094742255
47270790506
49360535450
48742572799
48527896304
49944284099
27621923083
27700915339
27848430665
27468197224
48520437394
43421658341
48260242501
47919564745
28196735683
28465634706
49203108128
47511094516
48529635717
48832279854
49132199464
48494733017
39961150538
49842360630
48093957227
46063031970
36437922094
42007942489
48572962695
40977964306
48909264618
28590187377
48637700575
48702422077
40679269948
40565936190
27735591678
28103443482
27287938362
25714939195
28677070257
26347430887
48077910804
49277618725
48442777990
26904550691
48292487386
27422710162
40297615491
28366846899
44191012312
47919564745
47748258327
47759857180
46822057505
48595187294
49248574159
27590560105
48436898076
49003127050
41322044797
42269324323
27621923083
40489610628
38765203246
28927768775
41427194807
48284474875
46826878005
50238177823
47500510096
42625972569
27075651421
47748258327
48616566905
47082238693
41524080394
42698529793
49367731040
41011412049
48996542535
40640468703
27524327819
41593653861
50042305705
48672613242
45850016947
28131181865
41495616904
27895108721
28750780224
47761636814
48010866381
48462540018
39961150538
48899934748
47006449543
28257779179
48091498464
49076510545
49122178118
27848430665
31802352016
48335361579
40373326463
44514087311
49202538714
28764355300
48527896304
28663366031
41495616904
26154290441
27287938362
27586446583
49196008903
34004758992
49082347313
49082347313
27367405930
47944377529
40640468703
28253417056
47928872929
48906598636
47399764688
48526653893
48828683638
47762512466
48527896304
40095392811
39495950291
49208197866
27667138747
46671286424
38765203246
49974813331
28593604163
49510922236
28026695214
49089219125
39672963841
48674043155
26582944803
48857755715
48389572145
48455022782
45824824040
46581109101
41564264082
48485472361
47967733115
47531678534
26098415952
39328242778
48778708650
47655191636
27664738340
27795863138
48936787821
47316167074
27227945403
49089899294
48857715434
27345698967
28196735683
41900385839
39918838843
40977964306
28103443482
42068938749
49780584779
42685495150
48560938200
28170581381
49871041523
40489610628
49131513066
27793127024
48672613242
47830519000
26094324148
48752531175
28563182878
48387763743
42707721457
47008093156
27494354483
48389572145
27840184748
48656324277
27863081192
28096962389
49293979728
28125859269
48830366972
40970301669
39759371586
43888992809
40782537855
28631520191
47762512466
33127287989
45793514688
28556804963
48540856218
48169784528
47921642098
47830519000
28229756813
48287508574
48880161174
47748258327
48435089275
26620047118
28196142815
48355242476
38765203246
28005354783
48977630588
45841084191
47392286943
47931689399
46740719473
28597823211
46899775211
28597823211
48408702395
26094324148
41564264082
48509679442
49162983939
43776219099
49132199464
27898322751
40740154129
48780842974
48752531175
48915335292
48629478574
42262211639
48215100236
48156673972
41770150337
28115071065
48986632162
49314950860
49293979728
48043782183
49205013887
40782870004
48450735986
49912320616
42023198682
47928872929
39557521163
28069254776
47531678534
45658639118
48462104023
40380819146
39151200409
46876549323
28883376998
49553345070
48355242476
44514087311
48547321286
49302709571
48519955766
41615597546
48526653893
27627030957
27593141039
47928872929
48694042527
42826137194
31588010428
48061509661
48909866386
42736180667
48414938812
40697818805
49777067697
41593653861
28032932337
43113205191
27924099148
47798217367
48422971249
40304231857
47034406830
47864361159
46080863951
48101738475
48896893261
41440747930
28022402788
48184027155
32384135277
47534171094
26017582705
48873482773
48925433979
45861104019
49203054946
27622632708
46601245134
40822177855
42365655841
27728069786
46379732033
48793037063
38951924788
28038828987
46484285993
28460068838
48356453962
26148179358
48064316624
49271255711
49777067697
47871562861
27490090892
48828683638
27673235651
26285531263
40488373879
39993773754
25994336436
27612259328
49469308858
28245952278
42158059894
49223071752
28357064868
48414938812
49336752517
39495950291
49542589257
47783608210
48936220877
27895108721
47126313595
41290058737
49277618725
40076889947
39749594163
49640846365
40335155235
49110016029
47737462246
27932111305
42068938749
27852993195
48904383906
41521752162
40351520396
48616193897
42574997495
49196008903
48025650428
28281921667
28284718996
37586212551
28229756813
48088487823
27700915339
48701675336
26285531263
49068578901
47995901025
46782041005
28611120480
28586462568
48915335292
44144434726
28665679790
46602054848
28483121150
48616945924
47446378556
47479785944
48341421262
28269426704
39749594163
26318921374
28026534875
27924099148
48679606304
49553345070
40271836019
49448308369
28677070257
49510922236
43293988283
46671286424
26670489188
42796029366
28015021531
39495950291
26041763582
47986560253
47547402703
49660851845
48462540018
49007352999
49472636360
28545583870
47428618790
28296529854
48615295901
49871041523
42108299808
48091498464
49551755300
48284474875
28677402161
46822057505
27866688359
47619069264
49003127050
48664631161
49190493322
49129737986
31050317052
41593653861
49018969477
28563182878
47617322335
49608265625
28257779179
49260511724
43201937406
48554963244
42186644592
48616193897
39153755435
27840184748
28465634706
48638684851
48335361579
27652921574
45186235753
47942100557
47654407253
28025789205
49089899294
39510707404
48356453962
44220613918
49608265625
39946539431
28374002969
27468197224
46624482656
47165223274
28257055597
48147912721
43093576557
48656324277
48405943377
42533795804
48251826122
49131513066
26098415952
48581948766
48656324277
48896893261
27201508571
42585418141
49154651358
48706986248
41008824562
48880161174
45449779694
41127205262
28026695214
39875424919
49762073780
47316167074
48457114109
48462104023
48555198795
48625305869
28266877133
43093576557
49151470409
48131866697
50287004205
44173987157
46341395624
40531113605
48940218682
27994242072
43717845362
41526635080
47990707161
43005259836
47008093156
41238366325
48629478574
27690617901
43902289636
42269324323
40257785342
49333371449
49871041523
40576931175
27076649989
42899275496
25776511725
46727049093
27647539661
27995198430
27577348262
27924160918
27867267491
47006449543
49304712565
48251826122
28395865208
39928707041
47919564745
43728064635
49118069657
48696836052
46439440160
49117532583
44104200551
49561140951
49131513066
48729087534
48940421551
42186644592
47761636814
49417842488
39697083474
27608147906
48389572145
40993183605
40660982893
48857755715
28407677797
48402259162
40304231857
27422710162
48184666809
47980561789
28423983620
26572114901
28269426704
46999283071
48705202190
47921642098
48523722599
28456723393
27664738340
48936220877
48760935700
39697083474
29478889395
41238366325
27759414529
47942100557
26094712798
48248851526
44173987157
39726576275
40373326463
42023198682
27690403348
48627324650
47619069264
48509679442
48674043155
50287004205
49031765441
48246789718
48455022782
28531576752
27932780995
48398952444
26470378173
49601464888
41900385839
39348778544
46978301161
39394744934
28593604163
43274878012
49084299956
36900060264
48936787821
47534171094
28460068838
48924591118
39495950291
42211293659
27689955553
48529635717
49384667313
50185769038
49367636669
48214129224
47797806023
47504039644
39838795514
27994242072
46643508966
47923956353
47942100557
40317028032
28405653132
27833360737
40740154129
45218645292
28274580924
28274580924
48518194894
49142008404
28186140142
40373326463
39918838843
38092438549
48405943377
48341421262
46822057505
28704502685
49025764240
28764355300
28398065805
41197568996
28423983620
49021666477
36157169058
26318921374
27254018398
25807454465
42186644592
26543964787
39983624752
49475875569
27898322751
28821943891
47446378556
41908889761
48577524811
41615597546
40670468404
27944065529
49285622456
47498066618
28460068838
42007942489
27660101067
27431097545
27478174949
48936787821
40686329991
27422710162
43000892586
48184027155
50209132209
26226391275
27795863138
28022402788
40250785647
47406747848
47619069264
40576931175
49336752517
27478174949
45841084191
42685495150
48361917577
42574997495
46643508966
28825899244
27515226576
27227945403
50313569606
27924160918
25752969075
48087087443
48477302871
27924160918
50287004205
40218060510
48832279854
28170581381
48572962695
49474612724
47928872929
46223346804
49551755300
28335597987
49203108128
27793127024
48153690414
28597823211
48627324650
27736618326
48241590427
48547028982
50221158054
42054810592
40673646387
48214857162
39697083474
28524852783
28018540152
47509005437
40963485574
47479785944
27728069786
26347430887
49474612724
27612259328
28704502685
49089219125
47655191636
48798674457
27795863138
28186140142
40647985687
48938274234
47886042424
28154702907
48694042527
42007942489
48615295901
47783608210
40533768641
27367405930
39900943418
28825303136
48494733017
27590560105
48729087534
48058456823
49460074961
26864195705
27590560105
44201277712
40017281356
28196142815
47706370877
28026534875
48925433979
49063482211
49049925519
28018540152
40970301669
27664738340
48896893261
47559597365
39882752369
46922380852
47826934414
48560938200
42007942489
49203054946
42283532079
48780842974
48184666809
47490697261
46652406026
49217444106
40131825344
48215100236
48773839449
43581589131
39900943418
27606441726
42269324323
47946301315
49472636360
48518194894
40131825344
27863081192
48133656067
39993773754
47003075662
28008769529
39719784209
46341395624
48977630588
41222224195
48027750599
36157169058
48705202190
48450735986
49600215350
28196735683
39749594163
43486402959
27735591678
49798989501
41238366325
49196008903
43142644515
48780842974
48924591118
49944284099
26091816410
43874159473
39306180139
28023999627
41312536530
27577348262
49479058219
49203108128
47798217367
48940218682
49136513679
40447785680
48479223657
48080837034
41312536530
50238177823
28545583870
49203108128
41621389513
26543964787
49049925519
49270244932
48786346953
49217151155
27287938362
28611120480
48638684851
48624644797
42625972569
48554963244
49217444106
26094712798
26864195705
27682200432
27682200432
27079663733
26670489188
42796029366
43369499193
48698816053
48616945924
42288432238
42186644592
48091498464
49762073780
48808190869
48424949030
48527896304
28545583870
43789324249
47986560253
46899775211
43734229536
39413534253
42707721457
48387763743
39495950291
45915349283
48629478574
28666613292
40963485574
36437922094
26582944803
39838795514
44220613918
48758842382
49061728467
41488877168
27060997363
32384135277
47573872590
28531576752
47398722116
49013474026
48797304701
42395713681
42736180667
49128088820
27678654327
28310439487
42288432238
41322044797
48542472854
48664631161
45658639118
47082238693
28209465196
46782041005
47759857180
50083481347
40146720215
28665995657
48936787821
48797304701
48857755715
41621389513
48061509661
49862935277
49862935277
49024939555
47767370413
25752969075
47617322335
47531678534
48131866697
40670468404
48246789718
46671286424
27866688359
49756407644
43888992809
50209132209
27499524808
42585418141
40660982893
47770974161
49345659625
48287508574
27944065529
28075618142
48080837034
48547028982
41564264082
48344656179
28253417056
40002707296
47900778895
48637700575
27796660612
47339391507
49053808235
48424949030
40002707296
40600412994
40977964306
28075618142
49131513066
49336752517
41363486694
48722778172
47900778895
48560938200
40317028032
39151200409
49601464888
28357064868
42365655841
46899775211
27682200432
42068938749
27675250929
48616566905
48061509661
48615295901
39557521163
28966740942
40679269948
47428618790
43728064635
49063482211
28131181865
28395865208
45841084191
26318921374
49142008404
27994242072
46724434071
28794585628
49440533489
27736618326
48909264618
49655131780
28166026166
27682200432
28257779179
26546708809
40317028032
39923601965
49756407644
49009951110
26582944803
47826932080
25776297220
40565936190
48184666809
28663366031
49747933963
26154290441
28152092257
28360708364
48742221110
27735591678
49357270163
49271255711
49271255711
46595755018
45893698161
47428618790
48389572145
26906517284
48638684851
39348778544
49082193617
47658878702
50185769038
28666613292
38951924788
49454698760
48125611646
27532903832
48214129224
48796399675
28407677797
48080837034
40373579589
26039765038
49021666477
49479058219
42038183465
48857715434
47759857180
47762512466
47967733115
37929224608
48629478574
47210140636
40970301669
48485472361
46581109101
27468197224
48023905142
48211210226
27995198430
43781343013
49798989501
49345659625
49203054946
48080837034
48080837034
49058131099
48153690414
47689482210
45218645292
33898584737
28465634706
28483121150
49270244932
47270790506
36437922094
47281854160
48833654205
44387328565
47923956353
49553345070
38092438549
27082951748
28310439487
41524080394
48873482773
48544713716
47511094516
27682200432
28271213846
27932780995
49862935277
48229691482
44322738384
41900385839
39697083474
44201277712
31588010428
48093957227
47797509140
40271836019
47655191636
28568934722
49417842488
27796660612
49083335239
27895108721
40673646387
48861361607
42899275496
27240265657
47008093156
47619069264
27626882977
49270244932
48163732855
48002182650
49367636669
31302039654
47316167074
48996542535
43789324249
26154290441
28271213846
47886042424
28296529854
41617250230
49533001756
49842360630
48292632395
39769192517
31291337125
27322567140
48061509661
48899934748
42007942489
27499524808
48555198795
48058456823
48551826374
41524080394
47841710312
49013474026
47573872590
49349656258
28152092257
49136513679
28028243120
49789454393
48455222129
49228435430
39923601965
40977964306
48402259162
27247416489
47807506242
28498139332
28456723393
45658639118
49142378794
27645665458
47585517567
48593754338
49248574159
40576931175
40271836019
48798674457
41440747930
45218645292
28152092257
48526653893
28467234297
42574997495
48119754094
48402259162
27075651421
49003127050
39348778544
47443926665
27515226576
48169784528
48593754338
43981477575
49024939555
46379732033
49066789151
39882752369
49464251195
49440533489
28666613292
49542589257
48780842974
28103443482
49551755300
40883744362
49842360630
43717845362
48480212336
48857715434
48043782183
27530330688
39875424919
48284474875
27793127024
40661588177
49762073780
28398065805
47443926665
48489822637
41593733713
47871562861
27201508571
49384667313
40297615491
28878169823
48595187294
47034406830
47737462246
48422971249
27945990106
49798989501
44387328565
28245952278
27494354483
35234702029
49274309054
48366165095
40335155235
27499524808
44008127902
43981477575
39936957922
39510707404
48043782183
31536126537
49154651358
49118069657
28748242693
32024305082
40095392811
42395713681
27060997363
28407677797
39843994717
46276303927
27345698967
39782612460
45155009864
48555198795
26039765038
49958669600
39993773754
27606441726
39928707041
44104200551
26834494553
41564264082
27814534635
28214975064
27915536329
42899275496
47999637919
45671260308
25776297220
49638192220
49460074961
46276303927
46063031970
47443926665
33744016534
25807454465
40488373879
28825899244
39993773754
48363441909
36157169058
27734041825
48500273986
27916777967
50185769038
49090983299
49049925519
48133656067
42179949474
44997706783
42899275496
49345659625
27689955553
27962947172
49440533489
42369725081
47842887232
28556804963
48908671656
27606441726
46782041005
41434036620
27867267491
48616193897
49474612724
49129737986
28116775685
48144016854
46876549323
27848430665
49367731040
27595740715
50042305705
49798989501
42826137194
49274309054
48356453962
47573872590
28794585628
49151470409
48778708650
48650362411
48874650329
47923956353
43581589131
27075651421
48526653893
48455022782
28357064868
28096962389
46787723133
49304712565
48025678572
48519955766
48884927838
28284718996
49293979728
48198289586
48414938812
39928707041
27577348262
49660851845
46624482656
27807869185
49202538714
48729407852
45824824040
47767370413
27461189361
48381544545
47841710312
49162983939
48938274234
39759371586
27840184748
42168953251
48381544545
28600838809
49031765441
47770974161
49474612724
47990707161
27912653717
28750780224
40324980550
26285531263
47658878702
47446378556
49553345070
27652921574
49122178118
48437386576
48514344914
27660101067
45759993842
40273578334
48455222129
39782612460
43093576557
48142481045
41011412049
48403394830
48938274234
39882752369
45793514688
47996741160
28563182878
41159453471
27490090892
48010866381
48811388180
47931689399
47547402703
31050317052
27493231913
49067874271
40883744362
39719784209
48455222129
28677402161
49003127050
42313483002
28374002969
42313483002
48706986248
42685495150
48424949030
39936957922
27838180259
47755102250
46341395624
49756407644
28456723393
47737936759
28245952278
47531678534
49094209511
48664631161
46822057505
49131513066
28395865208
28665995657
48823914556
48455022782
27962947172
42407650890
40963485574
25776511725
48595187294
48119754094
44514087311
48773839449
27675250929
48616566905
28103443482
48246789718
39946539431
49265281734
47921650810
50238177823
27647539661
48625305869
46601245134
27247416489
43201937406
47830519000
49053808235
37617249925
48540856218
28883376998
49162983939
41615597546
47996741160
48450735986
41621389513
48796399675
27595740715
26864195705
41011412049
27829217192
48246789718
49453730037
47034406830
28465634706
47428618790
49485142200
46999283071
27660153238
48300949843
31802352016
49304712565
47864361159
28115618946
41167149834
28467234297
31291337125
42365167632
40993183605
46394458452
48936787821
48722778172
48786346953
26041763582
48237293233
48957520410
48908671656
27532903832
48348270849
48617500687
27795863138
48489822637
47797806023
49638192220
42625972569
28701285004
40679269948
28616286348
48575224858
47689482210
47165223274
44220613918
48211210226
49601464888
48698816053
40697818805
48144016854
40883744362
50287004205
48516412038
40679269948
26620047118
49190493322
28524852783
49357270163
48857715434
27300636800
49497261105
47797509140
48884057648
48064316624
40146720215
28159638116
27586446583
49367731040
48237293233
49136513679
46896113977
28665679790
28431204584
28335597987
27895108721
27796660612
34004758992
28769477399
49132199464
42108299808
48292487386
47871562861
45759993842
48284474875
28782755098
48664631161
48163732855
28769477399
40844093794
27606757106
37929224608
39936957922
45841084191
49196008903
49132199464
48786346953
49428606835
48519955766
46276303927
40373579589
47619069264
48615295901
49656085059
46999283071
28360708364
46740719473
27737433554
28927768775
48153690414
48455222129
28018540152
40697818805
28269426704
49304712565
41434036620
28821943891
47526807037
48780842974
48198289586
48551826374
28665995657
46980809214
48133656067
28538207201
49590873950
27848430665
48518194894
39676266241
43776219099
48134681603
49643678699
28374002969
27736618326
43486402959
49205013887
44191012312
46826878005
48577524811
48516412038
40250785647
48809037366
40673646387
49454698760
28545583870
48924335494
27958115675
44008127902
49068578901
49656085059
49084299956
27240123856
47006449543
48637700575
49110016029
48708627271
28467234297
42168953251
41526635080
43293988283
49333371449
47490697261
27682200432
47737462246
48480212336
28663366031
40686329991
41736219595
28597823211
48861361607
47737462246
41238366325
27076649989
48131866697
48344656179
28115618946
47770974161
26098415952
48915335292
48705202190
49469308858
47126313595
27461189361
48808190869
46899775211
28563182878
39510707404
46379732033
28101509978
42585418141
48735355950
48555389880
48742572799
40373326463
48292487386
49071732350
47281854160
49089219125
40017281356
48857755715
48387486436
48547128524
27690403348
47767370413
39843994717
48722778172
48248851526
28154702907
39961150538
47632621038
48830366972
41736219595
43734229536
43789324249
39983624752
48555389880
49142378794
27530330688
49015744117
40686329991
49083335239
48702422077
28281921667
28524852783
48361917577
48544713716
27835832351
28170581381
40017281356
26912264735
47864361159
48355242476
42365167632
47339391507
46922380852
27995198430
48555389880
36866670728
47918274716
49479058219
28750780224
48561215130
29293283926
43728064635
49345659625
50238177823
40533768641
48348270849
49464251195
27667138747
27422710162
41363486694
26179548542
44681483402
27866688359
25705475586
27176104574
49756407644
48432946529
48163609221
27532903832
39918838843
41222224195
27621923083
26470378173
48679606304
42054810592
27673235651
49358627766
48518194894
48581948766
41322044797
27737433554
42796029366
49655131780
48025650428
28166026166
47500510096
42179949474
27769158217
28769477399
48335361579
27590560105
39654409543
47752360884
39697083474
48561215130
49345659625
48356453962
49149555974
47940228675
47946301315
46826878005
27367405930
28004501591
47316167074
28825303136
27924160918
42054810592
48679606304
46162412112
49076510545
40032544043
40782870004
48547128524
48581633350
47498066618
47682704855
36866670728
27700915339
28032932337
48436898076
48403394830
40697818805
28247293426
37929224608
46822057505
48615295901
46602054848
40845870208
41524080394
48811388180
47655191636
48520437394
37586212551
44681483402
48125611646
47940228675
40844093794
49497261105
49510922236
49417842488
48904383906
47658878702
48884927838
48996542535
48292487386
48466319821
46602054848
48246789718
48956470347
48992513963
28524852783
49205013887
47490697261
28038828987
48638684851
47797509140
48796399675
48780686284
48561215130
47826934414
47006449543
48096382964
34319258610
46481224009
44144434726
39936957922
26543964787
41736219595
48562588840
44104200551
38765203246
34004758992
49169540312
29070537594
48585710133
40640468703
27391875975
47573872590
47270790506
49260511724
49009951110
47921650810
47967733115
48680542334
45671260308
47928872929
28586462568
48228616303
42355995550
27652921574
49118069657
49021666477
48977630588
42826137194
48683610148
49260511724
28825303136
48906598636
26091816410
49142378794
49067874271
28170581381
28153666227
40095392811
50369033908
28459618494
27606757106
49118069657
48398952444
43902289636
48912765961
48896893261
44104200551
50369033908
47689482210
50127456257
47667793829
28467234297
39993773754
26904550691
49076510545
48058456823
36900060264
47372355703
48436898076
27994242072
26285531263
49747933963
47511094516
46281795337
49049925519
46080863951
47918274716
48694042527
49440533489
48163609221
48344656179
48798674457
28272410521
49090983299
28116775685
47944377529
39599825429
48494733017
48986168255
39882752369
41770150337
43142644515
49367636669
49944284099
46727049093
49094209511
42928345850
46080863951
39510707404
40533768641
47547402703
48735355950
28310439487
48883729167
47490697261
43734229536
27912653717
42262211639
48760935700
40628467447
49773530356
44514087311
45793514688
41858215063
28166026166
46379732033
49385738942
48119754094
49302709571
28459618494
41008824562
49979737473
48547128524
48544713716
48560938200
28269426704
47210140636
48830366972
45841084191
38071469710
48284474875
48925433979
25807454465
46521240590
27082951748
27608147906
41736219595
27823669590
42312015186
48450735986
48457114109
47737936759
28266877133
28266877133
27660153238
42312015186
47619069264
48542472854
48823914556
40984822921
48466319821
48833654205
42179949474
48414938812
43293988283
28360708364
49089219125
48656324277
28825303136
26546708809
42238775595
27944065529
48542472854
49223071752
48657652046
48616566905
27682200432
48284474875
49278541950
46162412112
27944065529
48408702395
43005259836
27082951748
48796399675
48906598636
49154651358
37617249925
39900943418
49553345070
49018969477
27606757106
42186644592
47654407253
46341395624
49871041523
47511094516
28665679790
48572962695
48414938812
48514344914
28166026166
45759993842
49208197866
28459618494
27322567140
48117038871
48680542334
28022402788
45155009864
40069135094
27731138360
48585710133
27759414529
47285847013
49600215350
28821943891
39875424919
49454698760
48679606304
26906517284
49025764240
25705475586
26668200404
39759371586
48455222129
46826878005
48363441909
26098415952
42158059894
48341421262
48381544545
42269324323
39782612460
43201937406
28164343188
26543964787
49561140951
47399764688
27391875975
39875424919
49600215350
49889895127
27916777967
42533795804
28459618494
47479785944
44220613918
47143254256
48544713716
47504039644
49013474026
49456528666
48133656067
40576931175
49958669600
47082238693
49136513679
47504039644
27247416489
27082951748
49110016029
39719784209
48088487823
28704502685
47940228675
48683610148
26226391275
49551755300
44144434726
42158255190
47283509696
43201937406
46602054848
49428606835
39306180139
47003075662
27478174949
45759993842
27793127024
47654407253
48742572799
48617079271
27259061298
33744016534
28465634706
27731138360
45850016947
27075651421
27932780995
39782612460
46481224009
28005354783
34004758992
48808190869
47654407253
47300769421
48087087443
48706986248
47285847013
49464251195
26179548542
28207187952
25776297220
50127456257
47143254256
48940218682
49117532583
49083335239
45793514688
45671260308
47372355703
49278541950
49278541950
48585710133
33898584737
48861361607
39928707041
49083335239
49656085059
42312015186
48884927838
47921650810
34319258610
39153755435
28257779179
47807506242
48698816053
46379732033
28247293426
48924591118
27690617901
49469308858
42023198682
48455022782
47770974161
33127287989
27728069786
50127456257
46484285993
40984822921
48341421262
28586462568
28398065805
40081052508
27689955553
26148179358
27621923083
28247293426
28196735683
48925433979
40250785647
49084299956
48028435748
48547028982
48797304701
42796029366
48957520410
39875424919
50025800450
40390840406
48466319821
27300074825
46394458452
49302709571
27673235651
26668200404
40670468404
48198289586
43180831114
49464251195
49510922236
27494354483
28631520191
26543964787
49773530356
40335155235
40822177855
48742221110
41197568996
27300074825
42685495150
27018098173
50221158054
28748242693
49090983299
40076889947
45893698161
48793037063
25752969075
48833654205
40697818805
26285531263
46481224009
45155009864
49302709571
44008127902
49129737986
44191012312
47003075662
27690403348
47931689399
49128088820
40647985687
27734041825
47399764688
28748242693
27300636800
49228435430
47559597365
40984822921
47871562861
49154651358
28284718996
41322044797
28374415315
27606441726
27593141039
50313569606
26904550691
48555198795
48940421551
42707721457
49456528666
39831080928
48519955766
48283701060
47008093156
46643508966
26904550691
48585710133
48520437394
47783608210
28015021531
47617322335
27736618326
48899934748
48786346953
43902289636
40712676580
28271213846
28966740942
27322567140
27940259434
49122178118
48553103970
48398952444
28666613292
27728069786
40373579589
48627324650
49128088820
48099335951
49567427075
48624644797
38951924788
48655801723
25853129980
45861104019
42533795804
28125859269
25752969075
40126686144
39654409543
26179548542
41238366325
46652406026
47406747848
49357270163
48077910804
47445713212
47782593782
28616286348
28149139855
49071732350
48099335951
47526807037
27431097545
49089219125
26912264735
48156673972
48786346953
48064316624
46899775211
49248574159
48088487823
28748242693
48832279854
48575224858
48025678572
28257055597
48957520410
47737462246
28687814393
28453400451
49561140951
45671260308
40002707296
47842887232
28083556489
27940259434
49065538021
47339391507
48251629249
28153666227
48405943377
28310439487
40304231857
27391875975
26979669978
48830366972
48039578831
48925433979
40845870208
46899775211
49067874271
43274878012
39415308918
48099335951
48884927838
48811388180
40489610628
28431204584
45942648180
27468197224
47770974161
28769477399
47003075662
49142008404
26670489188
42174220567
49358627766
39782612460
50369033908
28405653132
28524852783
48694042527
48442777990
47921650810
48638684851
41900385839
48906598636
48544713716
47316167074
49203054946
27524327819
48163609221
39930813317
27769158217
39151200409
28405653132
47446378556
47428618790
27852993195
27835832351
47498066618
36437922094
28115071065
39394744934
44681483402
47826934414
28360708364
47761636814
28115071065
47285847013
47509005437
26864195705
39153755435
28166026166
49871041523
43776219099
47399764688
39153755435
28207187952
49349656258
47967733115
49025764240
48389572145
48344656179
48039578831
27924099148
28209465196
48509679442
46671286424
36900060264
42625972569
27530330688
48117038871
48211210226
26094712798
41011412049
48361917577
28769477399
43274878012
47490697261
27834704689
44681483402
28483121150
28498139332
27586446583
48627324650
27796660612
41524080394
48520437394
47428618790
44220613918
25994336436
28207187952
48735355950
47921642098
49128088820
48096382964
50238177823
46602054848
46595755018
27829217192
28807196440
28023999627
48093957227
48119754094
48494733017
48398952444
48547321286
48355242476
47392286943
48793037063
44322738384
27608147906
39153755435
47682704855
49149555974
27829217192
49117532583
47826932080
27201508571
49068578901
28600838809
48909866386
48883729167
49464251195
28460068838
47782593782
42313483002
48778708650
48706986248
31536126537
31291337125
27075651421
46601245134
28807196440
43000892586
41495616904
47706370877
27835832351
42158059894
48560938200
28022402788
49425527733
40565936190
47944377529
48519955766
50042305705
48656324277
49217444106
28005354783
48389661204
27660101067
48808190869
48986632162
27547544221
28677402161
41809646984
41908889761
41089351609
28274580924
40273578334
46080863951
49049925519
41363486694
48873482773
47807506242
27547544221
49780584779
49015744117
47842887232
36866670728
41621389513
40660982893
47826932080
41222224195
46581109101
39875424919
28005354783
40647985687
48091498464
28460068838
47770974161
47316167074
26148179358
46439440160
28223186528
28677070257
44387328565
46787723133
27240265657
43005259836
27079663733
47695912079
27586446583
27916777967
49385738942
27627030957
26668200404
48144016854
40822177855
29293283926
42023198682
27176104574
42355995550
40002707296
49196008903
47398722116
48094742255
26285531263
41148104318
50185769038
31302039654
39153755435
48909866386
49773530356
49132199464
48455022782
48722778172
49154651358
28075618142
48541435601
46782041005
48683610148
27660153238
49798989501
26864195705
28032932337
48129407654
42685495150
26912264735
48823914556
28096962389
48363441909
40782870004
39394744934
46787723133
48674043155
39151200409
49384667313
48341421262
47682704855
48541435601
49360535450
49287975031
46876549323
48424949030
48780686284
49293979728
43734229536
38765203246
28787806935
27823669590
41440747930
46341395624
27626882977
41238366325
48379783475
49777067697
28149139855
39676266241
39328242778
47500510096
49958669600
28165199747
40095392811
28966740942
27673235651
49510232812
47841710312
49217444106
27641309704
40647985687
48366165095
48526653893
41148104318
40740154129
48027750599
28096962389
48422971249
27945990106
26094712798
40940390293
42698529793
26912264735
49608265625
48348270849
43888992809
28526755997
48735355950
40335155235
43005259836
48760935700
25776297220
48027750599
43888992809
42698529793
42369725081
47617322335
43902289636
27627030957
28214975064
48529635717
39882752369
49015744117
27391875975
48147912721
28281921667
48904383906
28568934722
48577524811
39843994717
27863081192
47752360884
49132199464
48830366972
49889895127
48925433979
27240123856
50083481347
28405653132
49190493322
47511094516
28131181865
46595755018
41770150337
48119754094
49474612724
40977964306
48940218682
28966740942
28586462568
28028243120
47921650810
49278541950
28223186528
48125611646
42899275496
39394744934
48811388180
28115071065
43201937406
48805413165
46063031970
48655801723
47008093156
50127456257
28153666227
43293988283
26912264735
48828683638
28008769529
25714939195
48096382964
48828683638
48627324650
28677402161
27962947172
49067874271
42168953251
46394458452
28538207201
46876549323
28253417056
40670468404
28456723393
48551770839
26094324148
49979737473
46281795337
47798217367
49974813331
29478889395
28782755098
43113205191
49596465772
49025764240
48248851526
28284718996
48398952444
27807869185
42211293659
41908889761
26834494553
27532903832
48080837034
27532903832
48489822637
46643508966
48214129224
27838180259
40963485574
49542589257
28545583870
49049925519
48572962695
27678654327
48283701060
28704502685
49009951110
48248851526
42407650890
48387763743
40324980550
28271213846
48260242501
48023905142
26098415952
49265281734
27958115675
27924099148
47830519000
41440747930
48742221110
28748242693
28599265327
48414938812
48595187294
42707721457
38071469710
47034406830
48656324277
27240265657
43781343013
49223071752
40984822921
40081052508
27468197224
48387763743
40373326463
47297618413
28257055597
41488877168
39726576275
47923956353
48655801723
49110016029
45861104019
42068938749
47798217367
48122340747
39672963841
47807506242
48698816053
47165223274
40600412994
42399997926
36192428349
28083556489
28794585628
43142644515
40531113605
27259061298
43421658341
48432946529
41521752162
48977630588
47797509140
26966513629
27461189361
36563345221
39831080928
27464507919
49065538021
39749594163
42288432238
47006449543
48683610148
49542589257
40069135094
28164343188
43781343013
27912653717
41526635080
39328242778
39726576275
27912653717
47655191636
28157920722
39930813317
49132199464
48585710133
45186235753
40533768641
40782537855
46999283071
27658075717
49151470409
27464507919
46896113977
41900385839
26668200404
31302039654
26148179358
28374415315
49510232812
48555198795
40565936190
48773839449
47372355703
27734041825
49208197866
40210273558
26620047118
48424949030
48547128524
47210140636
48228616303
48088487823
48094742255
40790781802
48540856218
49474612724
48514344914
49076510545
48742572799
47398722116
48698816053
47500510096
48163732855
50025800450
49293979728
48479223657
28245952278
40373326463
46394458452
47406747848
28486103033
49497261105
49578686492
45218645292
26091816410
27524327819
49638192220
49690248154
48361917577
48542472854
27731138360
48131866697
50042305705
27769158217
47767370413
27834704689
40883744362
28269426704
42262211639
27834704689
50313569606
48722778172
27079663733
44898416360
47504039644
48805413165
26543964787
41222224195
39495950291
44220613918
48387486436
48477302871
48742572799
41809646984
32294833891
27645665458
28032932337
48909264618
48457114109
48729407852
40790781802
43734229536
42168953251
47479785944
39394744934
48287508574
40335155235
48554963244
46896113977
40531113605
46281795337
48924335494
28687814393
47944377529
27494354483
48977630588
46876549323
28274580924
47345144899
48241590427
26190008498
47531678534
47942100557
46999283071
27759414529
48828350549
48529635717
45186235753
28609875146
26207619435
27227945403
49082193617
48229691482
49208197866
48133656067
26966513629
27863081192
49533001756
49110016029
41427194807
28271213846
41127205262
49551755300
48581948766
39838795514
25891292056
26207619435
48809037366
48088487823
47682704855
47511094516
47826934414
48087087443
48424949030
27735591678
46080863951
48883729167
49889895127
47841710312
40822177855
44173987157
28149139855
28008769529
26094712798
49090983299
43274878012
42312015186
49149555974
28590187377
46643508966
45942648180
49066789151
48025678572
47755102250
40740154129
48616193897
48287508574
44514087311
36563345221
46484285993
42685495150
46624482656
46023813809
49510922236
26979669978
26190008498
40790781802
41312536530
41440747930
47900778895
48061509661
26740280441
27895108721
40390840406
47940228675
47126313595
48184666809
48214857162
48529635717
48477302871
26979669978
47759857180
39930813317
28366846899
49071732350
47654407253
41900385839
32384135277
48915335292
25752969075
27807869185
47399764688
49172383078
48437386576
44898416360
28115618946
48450735986
28281921667
49169540312
28590187377
49082193617
27838180259
49196008903
49578686492
28483121150
49360535450
47143254256
49660851845
40782870004
48701675336
25705475586
26582944803
28272410521
28269426704
47003075662
28616286348
28149139855
41197568996
40218060510
