167307800
159299300
159372300
158943600
182890400
160492100
167444900
159148500
166931200
167763400
175547100
162025700
168105100
158957600
169507800
159505300
163776800
164552200
179047900
159324200
159216900
166635800
159232000
167469700
167221000
159106000
168932800
162293500
174447400
159084900
164150900
159419000
162325500
164606600
163033300
158935900
162576400
163043800
162779000
168640200
161861400
166425800
158746700
168257900
165578900
164541500
165020000
186854700
165141100
166391600
164465900
159017500
174821400
169261500
168104600
159293400
160062300
159622200
159917900
162239400
165630200
165639700
162145000
171482300
176775600
159589200
159351500
161825100
164054700
170499600
193790300
160583100
163381500
158931500
179302400
166848000
158702300
159763000
171945200
159452300
168219700
171629700
160066000
157197700
168825100
168330500
161754600
159730200
160393800
163801900
159119000
167502800
164200700
158978800
159427100
165048300
169232800
159880400
167892400
159913700
166246000
160033400
159225300
158918000
159350300
161150100
160923200
161012400
159725200
162805800
159148100
159893600
169058200
159726500
165853500
157744300
159165900
166962700
159648200
165795700
159945900
159907700
159543000
158804200
159201500
159032000
159419700
159276300
161632400
159302200
159218400
161419200
159286300
166665600
177393200
159724900
171988600
181383000
168326700
158961900
159813400
167794900
158391400
158964100
168591800
161051300
159904900
158982800
159532500
165167300
160938400
159570600
178928800
159816800
161765300
168255000
177236800
176393500
159386400
159901900
169903000
159597900
157906300
172381200
158421500
158015800
161587100
167931500
162094100
164852900
161738800
159773300
168114100
175408000
168607100
171856300
160335300
159810700
159825900
165183900
160951400
171426400
181603300
159990800
180335500
159412000
161013400
162398100
170728100
159045100
162291700
163728400
164175900
171148000
166147100
159097800
160097300
168011800
160156400
167512700
158490600
167786900
160418800
175615600
159840400
159653400
159627100
162215900
160012200
166334700
170961600
159234500
159427900
159707100
167308300
176644400
166771000
159071200
160377600
159041500
159794200
172714300
159746600
160223300
159299800
172334900
169436600
166397100
170576400
160407400
162139200
174693900
160007100
158755100
169778100
166338200
161594900
159483300
159323200
159991900
159766100
160841100
159961400
159718000
159745200
177921600
159768400
159459500
158225700
159881700
161078900
168376500
164729800
159943600
159819000
159197300
163141400
160902400
159712000
159374900
165186000
163186300
159800000
159933600
163051600
164089300
162668500
159694400
167785600
169390400
159684300
167755400
159565000
159070800
159443100
193035000
163119200
159493100
159297100
168659700
169398500
178858200
165626800
160045800
168864300
159830800
159361400
163154500
168476000
162159500
177571900
159772000
166977300
164020100
159932600
164666600
166868700
159762800
166167900
164186800
159802600
163468900
162801800
170537800
169954400
158907700
171711200
160702500
158993400
158980500
160325200
163286800
157535200
159278200
159772600
172571600
160130900
159724200
159652400
160718800
159417100
160934500
159773300
159946000
160894000
166851500
160112200
163103200
159266400
160176200
161628700
159813600
162441900
166607700
166718200
169940100
174451700
169898700
161938000
160427800
160860000
167769900
160397400
160119300
168395400
160918300
158324700
170101900
159566300
164750900
159858800
161193000
164461900
161707200
159623600
176584500
159239900
159444600
159487900
167970300
166641100
159728300
158056600
159079500
176375100
161440800
174543100
196827300
169893600
159008100
159340800
160979800
168707700
159736700
196389100
177181600
163016400
159797000
158752900
163832300
167570300
200632000
189833700
173442500
162724100
159088400
163942900
163915200
233873800
177438200
165213600
160344600
159586800
159880500
176077900
234183900
166245300
160124700
159566100
160002800
158960800
158131800
160394300
159737600
162532500
161916500
167750900
160086100
160055800
160678600
164199000
159762500
159941700
163034200
163154200
163640000
160671900
161112100
168446800
159807800
163681600
160396300
160024900
159973200
159980600
168873100
168701600
159336300
162435100
168255500
166015800
160498500
159560200
166951900
159752500
159413300
161355000
159112500
159410900
159676400
169440900
168233300
158501600
159190300
160163600
164627700
159466100
159323700
173448000
159451800
159844000
159648400
166009900
159656900
159632700
159956900
159801600
159044100
174585500
160819700
177331900
170828900
166591600
167653000
160096600
165278500
159990400
170867400
171570100
174687400
168415000
163494800
163276900
160088200
159252300
159395100
162258400
159397200
167746800
159969500
165155000
161195200
160159800
157943000
160066500
160893800
159055300
158934200
158759600
158382300
159254000
174929100
163340300
159829500
159964900
159265100
160287900
159491900
161000600
168128000
171386500
160043200
159478000
159392300
159648700
158209300
163054200
164950100
165123600
172779600
165521200
179975900
158550100
159218700
159689600
176480400
170178000
178830800
160029900
160225900
159739600
159632100
160126400
159704400
164097500
159916400
159696400
163887200
167894900
159246400
159401000
164867200
165645600
159846900
166494700
166462300
159656800
184540700
166929100
169816700
173463200
158530000
167517700
158222800
164351700
165577700
163788200
165663400
165764700
160169400
160108800
160378100
159463600
159623700
159826700
170698000
191659300
162769100
159516400
170103700
167088600
159624800
159494500
159230000
159630900
159682300
159848100
164940000
159604800
159610600
159512900
159573400
163863600
159667000
163584900
159899600
160103600
166797100
162578200
167409300
159783000
159593700
159112300
163775900
163772800
159179700
159193700
159704200
168950400
160170000
159580600
184694400
158794800
159666000
160125700
159644100
168058500
159341500
173344400
158864900
158624900
172871600
176402100
174149600
160949200
164931300
161696600
160263400
159572200
167640800
160469500
159691500
159087100
159231700
159225400
158784400
159495600
160170000
159641400
160455000
159529800
158918400
159962200
181887500
159661900
159676600
162698100
159721100
159992200
165018300
172656900
157281100
160541000
167990400
160308400
175355300
182506000
159981000
159140100
160134000
161846800
159976900
159709500
160814600
161008600
159865100
174051200
157504800
169356100
161277400
159768400
163944800
164883500
167348000
171613200
163704500
170159500
174706700
168767000
159873300
162168900
169842500
160428100
167367000
161078400
205047200
162582700
170237500
164241800
172642200
159733300
160104900
161839500
159554100
160035000
164693600
168800400
161720000
168211700
167212900
175654700
160900200
159786600
163771400
162753200
159398200
160078800
165744900
159878900
159758300
159413200
160049400
176417900
159532800
159415300
159387700
159875100
161098600
166936500
160044300
162911200
162685100
160000800
159704500
169768000
159859400
159891600
159980200
159594000
159572200
159805700
175204100
159332600
161854600
160389200
161518600
168812700
160141900
160179200
159999100
162829700
160302000
163847200
165348400
160105800
160003800
160413600
161856500
160190600
162603600
165517100
159606400
167712400
167671300
168823500
160098300
159287400
175367500
164970000
163752200
167038700
175021100
159746100
169106300
159462100
160399400
161898200
161225300
176032200
165559900
160572100
160131000
160039600
160147700
160179400
159746000
159931500
159818100
165187500
182017800
176083200
175062300
160263900
162972500
164401300
164153300
159827200
160751000
164607100
160412200
162599800
185529200
190763700
159882800
160543300
160211300
161387000
164740100
183079800
180880500
168799300
159764700
160039300
159318500
160784700
202012600
195958200
159722100
163073200
163727500
172882400
169831200
208369600
171804500
169667800
158841100
167651600
159112300
172514800
215840300
159447800
159892700
159917900
170199600
163158000
163315100
171817600
165932400
161522900
170572300
159759700
157879300
159873800
159913700
159022300
159705300
161482000
167282300
170894900
160050000
170981100
178852600
171424500
168591100
165845100
177827000
159791700
171306200
159830700
158970300
160028400
165822100
160314300
159559600
159390200
160049900
160033800
159603800
159902400
168437900
159459600
159637100
159886700
161404300
167054400
170869700
160827000
159632200
164991800
171817800
159751900
165248000
171969500
159777300
159812500
174803500
158835600
166080400
160040800
159595900
159211800
159133600
167504600
168084800
165795900
161225600
168619600
176244400
168391200
159564700
160255800
159141900
171195700
159553100
159396900
171769500
159421200
160205600
160012600
159582000
165594600
159758800
160171400
165019800
186478200
167260000
167210900
178759600
161910300
160392400
172692500
159739000
160032500
162217800
159850100
165828500
169093600
159914100
185695600
173504600
160019900
159697900
159674700
159421600
166168800
159605800
159490900
159302400
159193700
162102300
163681800
169503000
159639000
165285000
176969600
167559800
160985200
159350700
177180500
159847900
162312400
159622100
159846500
169584800
159083700
161409800
161744500
158575200
161186900
160215300
160045000
159338300
159733800
159575900
173929300
173415000
159944800
169681200
159414900
160144800
159705700
172292200
159652900
159423800
159629900
168408100
168519200
161240700
159547000
162027100
162061100
163623100
178174900
167751400
159625000
161262600
159904700
169728900
163110000
173766900
159700000
185489400
159871400
167289600
168448200
166226800
158169300
171606700
172130300
159283000
159934200
160103500
160166000
163842400
160421100
157582400
159638600
159432600
174837600
159529300
160018400
159611200
165406200
159760300
161436900
160238000
160049200
168696500
159823100
159885700
180604000
156944800
168388200
164857900
175116000
168546100
162992100
170199700
162716200
159371800
159498500
178176200
166563700
166154200
159851600
159581700
159614500
170929500
159241800
159208800
168904500
162416100
160058300
159507600
159869000
159486800
159481000
159276200
164629200
163880200
159830700
160062800
165283800
164725600
173329200
160277300
159835400
159603200
165232300
160459300
159203600
159474800
161947200
159712200
161214000
165721900
159897700
159176200
159371900
160692500
160169500
159571600
159637900
160295600
162762200
163811100
178171500
159831000
160074000
187329700
168029200
160146600
159907700
167229300
176677100
166298900
159690300
159952500
158877700
166622900
175314000
159414200
162901900
161303000
167546000
163604300
167935100
170993600
159869800
165642900
159630800
167809500
175452600
171032000
168931400
160278900
160009700
160473800
159960700
172280500
161722100
163768100
160040900
160706900
160025100
159821800
160129800
161986300
172679400
162662300
159935000
160118900
159774800
164539500
159582200
159774000
160184600
159958300
159160600
159987900
166944800
166414400
159919300
166619300
166807300
168128000
159847600
167525700
177319700
168215700
159552900
159850900
159173700
159397700
160746000
185285500
169216300
168669000
160202700
161179400
161701000
160742800
158924300
159654400
175102000
180108900
159625800
159840000
162225100
161528100
163204900
163937100
164224900
178792700
160309900
159965900
161805300
160402700
163692400
160063700
160042100
164336900
159623700
159987800
159964600
160063700
161090100
166715600
164687500
168177700
165069300
160257800
167787700
168056500
177219100
159834600
159876300
160069100
159996100
162231100
158769400
158907000
162001000
162053400
160143500
162190500
160305200
159648400
159638100
159367400
159767600
159690800
163976000
159219600
159688500
215967000
164973000
176770700
161935000
168196900
160708000
183269300
211264500
170010700
159616100
166792600
169725600
161995800
188679500
173232100
167127700
159477600
165458500
159396100
173096700
211506100
175422300
165842700
165143200
171716500
171084700
170832400
233053300
159824100
165086500
159709600
159776000
159432100
159741700
173884000
159712800
166436400
157497500
164601600
163026800
159700700
162295100
159339000
159848100
160151700
165617900
159880800
159548900
172142600
164207800
164127600
169959100
161600300
167478100
162359200
170167900
160299900
159409000
164678700
165082500
159887800
165989500
159472800
181629900
166326000
164284200
165990700
176268400
167490500
198497400
167227600
159907700
167415200
168404900
159840900
177349300
160085100
160933800
181512500
173601200
163062700
159651900
181810100
167412800
160724400
171653500
159644000
160576400
160812400
159462700
159609500
178047400
180960500
159786600
157495200
163997500
162212900
159511200
170357800
159043600
168832300
164276100
160031200
160054400
164009200
165447400
160167600
159557600
159632800
167138600
159497800
159342100
159955600
159643200
159833700
168062500
160094800
168937200
171874300
168407000
159711000
159524600
159709600
167324800
159004200
169041700
157781800
159631100
160259400
160025200
160029400
159558700
166134600
173160800
159679400
164328900
168472200
167961200
164797800
165338300
165907100
159335800
164318100
165760000
167240900
163740800
167167200
168190500
159891700
169715000
160872100
168839800
161182800
162595500
165659000
162352700
165191800
160139600
177513300
160917900
168035900
165956900
167082600
162090800
177818300
158829400
160872400
179300700
166451700
161093000
159565300
159602700
175591900
168134400
170037900
159526200
170248600
159765100
168734800
170759100
159742100
163270200
174725000
159584300
168793200
217583000
164864600
159814800
174868800
175015900
160256600
159518700
158838300
171926500
165005800
159541500
160632400
176588600
159918000
160057100
159650400
173229100
168970500
173102200
163148200
161369500
158809900
164853600
160140900
159983500
159166900
159298900
162267700
159652400
159995500
159459800
159694600
159807600
177151800
178557500
166870100
168679400
169419400
160581400
159715500
160557900
159539500
160338900
159702000
159684800
159536600
160153000
168067600
162900400
159357600
159476200
159708600
159808100
164779800
167919500
166134000
158627900
162803200
159050200
175941600
175121200
168835300
161639900
160439700
159628300
159683200
170113000
159444900
159788500
160182100
162149000
158956000
168077100
159795200
159799000
176534400
159892500
159552800
169341800
159814000
159681800
160307500
159624400
159703000
159893200
159766200
172292000
160228700
159417500
168323000
159650700
170178300
160200500
160149500
160799700
169416700
175507700
171035700
169672800
180522700
159231400
166140900
159188800
168237700
159147600
159677900
159685600
167478800
159698700
159943600
163171600
159896800
170396100
168689500
161912800
161383700
176965200
159586500
159769800
164142300
166607300
165945600
173719600
159086300
168200000
160440000
168474500
160042300
164247400
160527400
158062000
159746100
162555900
159696900
159510300
177615300
159199400
159975200
159644700
159681600
164493700
159744900
170466900
163830100
159989300
159449000
197688300
169121500
166789700
160383600
165290100
160997000
169772800
162849400
165267100
159796800
159434800
161781200
164069100
160052700
162479700
163505600
158787600
159737300
160052400
162104200
160052800
166625100
161681400
163008300
167142800
159912900
160040700
160837100
159637100
163318400
168591800
159980100
160801600
159807700
163588900
164198800
162289800
164705200
161950500
160495700
169543400
172059600
177483700
160425500
160558000
170186200
162787400
160270000
161999300
167221900
159033900
175640500
184960000
159523700
159735900
164730200
159746600
162954600
159523300
160093000
159792200
176610000
159686700
167925500
159725300
159445800
164601100
160120000
159688200
159834800
174580300
207404100
160601600
159831600
162713500
160171700
164227300
203203800
194999400
183311900
160074100
160160900
180467200
160048400
225513600
182856000
159352300
167450000
170555600
168830600
172132000
232696700
163539900
159931200
168421100
159677800
167824500
191874400
203349900
160029800
168396700
174904300
159964300
167967200
159699700
168222000
166509000
168377000
159460000
163139200
163234600
159573900
165067400
160267700
163735700
159784200
164202400
159950400
170481400
159597000
176168800
161218000
160160300
172452600
168006100
169275400
159880000
167954300
168123400
159526300
160233400
159916700
168528500
162750400
169429000
163012700
160002700
164449900
167236800
160154600
160192600
159643500
159657400
159716900
159465900
159451300
158940300
167992200
160086100
160046600
172961300
168243600
167735400
159347800
160360700
168409300
160232300
161351900
174027700
159979500
182139400
168410100
167889200
182995900
160181000
159726500
169253700
176230400
172701100
170980800
162499400
168489000
160059100
161650800
162730700
161224600
159740400
179576500
159845300
159696600
161520800
159752900
158668200
159272100
160039700
160133400
172530700
160035000
166686600
163039200
159086500
160152500
159681000
159891900
161543600
159788100
168273000
159723200
169428800
159450100
159582300
163780900
159839400
159784600
160358100
160283400
159991200
160461700
159904300
159106800
159431000
159374700
169925500
179954900
161384000
172606700
159960500
170191000
159576900
159563900
159678300
161659000
168904800
158888300
166818800
172579800
182366900
159964900
159538900
175000300
163407100
160396200
171160900
159661200
159319400
161013400
164654100
168292000
169015700
159687700
163348000
167742100
159312000
174503300
178020500
159691900
169837600
170600400
159895700
159845900
159803800
159684600
160004100
160058300
160229600
159993400
160829600
167085900
166525300
159712700
159367900
159557400
176933800
173682100
162109100
164680500
160440300
167790000
178285600
160128600
159847500
158222800
160801600
159718400
169436500
161815700
160506000
168206300
171559800
160375200
159873800
159925400
168822900
168428300
177815900
172736200
159321000
159319900
159097200
167579300
164376100
161073400
159492600
159616800
159730900
164849700
158601700
159703800
159647700
159917000
195364600
170436100
163258400
163647000
168286600
159778900
166175100
168530100
168163500
162029100
159501800
159818100
157944200
164965800
184305700
175815500
162030300
159593300
171626700
173176400
159846100
158563100
159210300
182951600
177872200
168247100
174554500
177066200
160033900
169306100
172586700
159885700
162014900
170199100
160061200
161807500
159354600
161141900
165859800
167627300
159443500
160061700
166120900
160703400
162791800
160737100
161630400
170921900
159265800
163160600
165239100
168243500
160462800
178412700
162371100
164320600
159549900
161689400
164488500
162411300
159965200
162796700
172884200
167766900
164701000
160938200
174612900
168000100
170765600
171572000
160378000
159636200
159888400
159938000
160599400
160335700
162787400
160196400
161743600
160239300
170840400
165697200
166110100
159898200
174280600
163956200
159753700
159898800
159549100
159584900
168352300
160318900
176458400
159173500
176497000
159772300
160539300
160030300
160019600
159179300
170816300
167632800
175748900
159610500
167576600
160980200
166920000
168143600
159588700
160568900
159772400
169912400
159387000
159998500
159770500
159197300
159774800
166601800
175219900
176742000
159597900
170500100
175097000
171001200
183175100
164628100
179103600
160601500
160493600
160983200
171325200
173391400
166640800
169448300
170118600
160680700
159779600
159424200
159474000
160428300
160273400
160042100
160450800
159745800
159874600
164806400
172721500
168151300
159612300
165066000
166843200
167022200
161891100
163467500
163112900
159611000
159868500
162882600
159887800
166557800
175164900
159527900
161112200
162268100
159574000
169121900
169224500
162002400
160257400
171729200
160127400
179172400
214794700
162986400
172926900
177095700
160573700
161042400
179907800
185632100
164059900
160365200
159873800
159916800
159897200
206654400
177739100
165081800
159777900
178784200
160064600
163244900
212817400
179504700
168781900
163972100
162547600
159527400
180874000
224962800
183783700
168542200
173294700
161371100
159601400
161955300
159603400
159691600
174359600
159528300
159652700
162657800
159651100
159769300
168902400
158343300
171907800
164104100
163728900
159983600
168101200
159937700
159881900
160441500
164240900
179391000
160827000
160213500
163862600
168846800
159583800
164113000
165810600
164340200
160039700
164036200
164257700
160219000
160091900
177819200
160962300
159655700
160430900
160031700
163635600
178687500
167031600
160802200
166952000
157450900
166639800
161484200
173978300
169583600
159455000
159430400
162533700
168818200
168778000
159910700
159577600
159876100
161429100
160343500
172334600
160223200
160252700
215412500
190824500
167531700
167792400
160144400
159570300
185103400
251930300
159992600
160338400
159899500
159548800
162646700
230909100
216995200
160211900
161266500
171613600
169703300
174142100
266520500
199308000
160851900
168409400
159817000
159976500
188318600
230477100
168808600
168194800
160002000
160808800
165533300
178636400
171067400
163925400
159659000
159544000
160104700
159886100
159403500
159953500
159626300
159946000
164661700
165271100
161450700
168696600
174013100
163238600
162791600
162851700
159839200
160782300
165702900
160211000
159988600
170691900
164764300
159751800
159840900
160095700
159794200
173528700
159472200
159769300
161555200
162879400
159595000
161735800
160070600
162661400
159935800
160092100
159729100
160151600
159666900
167047400
165348400
159778000
160132300
159709800
174523500
174466400
162232900
163352500
164460700
165612200
170832500
159955700
159838700
159861500
170516400
167407200
166883800
168182600
169293900
159226600
159596600
159462600
159685700
159572100
159733000
167269400
159670500
176562500
165213900
169261200
162623000
170449100
159900000
168722200
159355300
159914000
159555000
159999400
170718700
170997200
163750500
160916100
159934700
159958400
161343100
160271500
159678500
160527700
159868900
185828400
168429700
160223600
164500400
176966100
159614100
161737700
159774700
159884300
162170200
166807200
167354100
178613300
161372700
159992500
159734600
172484300
171599200
159484500
168361200
165427400
167508700
159584400
177900000
170544800
167978100
166614200
159638300
176610200
167560300
185671800
176999900
159506900
178473400
177573600
168978700
161936100
174502700
159509400
161253900
160116200
169110600
168561000
160190000
167194100
163152200
162252400
160823800
167630200
167848200
159670900
168505700
159591800
159574300
176851300
177661700
169294900
160469800
162513800
159664900
162429700
161309400
159870600
167891300
159666400
171218000
181854600
165961800
168773300
164361200
159828900
166095200
178815900
172552700
159484400
172342700
176139100
167266600
175143600
188575100
168287600
173802700
169875900
159263500
168018600
162484400
195810200
173572500
159424900
174250600
160269300
159676900
171387500
180297200
182603200
160424300
168278500
159804700
169066000
177462400
164755500
160141500
164450100
165772600
159832900
160334200
186724400
159971700
159306900
160266700
162794000
159832100
172614100
159583800
158858600
160616300
160474000
172047900
168252200
159076000
160279900
159778800
159983200
159704800
160047500
159468400
159928700
160581600
159446100
167986800
170102400
178675400
173210900
170000200
160223200
168788800
161852000
173808100
160218300
173658900
165851000
173148200
175772100
161481000
168450700
159443200
174915100
160790800
193751200
174862600
159953100
161058200
168346300
178701900
161967100
160010600
161996300
160583800
159079500
159850200
166579600
183780800
185012500
160408200
168930600
159565700
159992300
161312800
159795000
163141000
160045100
163482800
170496100
162580000
163765800
180450500
158326800
158673700
158790000
157483400
185504900
190847500
160868000
158228700
159755000
157859200
158213900
192471100
178562500
170581100
157765100
158556100
169702300
158379900
191959600
170215100
159404500
158746100
157613000
157306700
167965600
186469300
175110300
159261400
158619300
158387500
158533900
159039200
209145200
201577700
159010000
158323600
157293900
155794000
156586800
156892700
156328700
168526300
157069200
159290700
159379700
159777000
158708000
159215200
160097200
156072100
156859500
157326700
167096300
157070500
156306300
156309100
157561400
155506600
163548900
158480600
168222700
157999900
158045400
157824900
160123500
157831100
158460100
164235600
158670200
158055400
157679400
158109500
158148000
159844600
158143800
161146200
160198200
158530600
157041500
156818500
157911400
163009500
158399000
158364000
158498600
159461600
158909300
159103600
159196000
160025500
158707000
158458800
163889400
158609500
169276300
158694500
158655100
157048700
159354600
159110600
158599900
158247900
169484400
203842900
158904600
160787800
158991400
159307200
169091900
233094000
195487000
170296600
157870800
158445200
158062600
163174700
249269500
166412300
159025000
157349300
156849900
156952100
169331800
267488600
159767900
159088600
157955500
156291500
156619100
202924200
193206900
159169400
158890000
158537600
158798400
159198800
198173800
161968900
158570900
165924600
157116600
157042100
158638400
158213600
158262600
158219300
156040700
157173300
156366600
158570300
168768400
156950600
157314200
157705800
156080000
155960500
156578200
156626200
156313500
156089700
155883400
157670600
160963400
158869200
158298200
158157700
159061400
158436700
158285900
158204800
157349300
159205000
157023200
157366000
157861000
158055700
159322300
158285800
155656100
157132400
157566000
157840400
157620800
157290800
157158600
157134200
157309100
159266400
158262100
158839200
163174500
162343700
168776200
157978100
158404500
158580800
157830700
158879200
158832500
159020200
158573200
158788900
158922300
159848100
159725900
158785800
157554400
158211100
156652900
156523100
157381600
157033800
157489000
168507900
157178200
156548800
158569100
160476900
159314700
166541000
159473600
158184400
159428400
158980000
159273000
159792900
166571500
159148400
159098600
169872800
159385900
159435900
158877600
158706100
156637700
157866900
160198700
159651000
160302700
159096000
158979400
166843700
159717300
168153500
159451200
170387400
166912300
158780000
159532400
159174400
158510400
158232500
159616600
158756300
157726500
158842600
164224100
165017200
158751000
158998500
156820700
158869200
160948400
159602700
158801800
157869100
164077100
157388200
161416400
159284500
158840100
159043900
156517000
157034500
158765100
158623000
158597900
158392000
158861400
157624800
156005400
157001900
158951800
159018700
163304500
163166100
158565700
158459800
158928900
158626900
158229100
159255200
160371900
158893100
161997500
158914000
158912800
158534600
158751400
158795200
158337100
176076100
169569600
158950300
158606900
161293200
160137100
158926100
174203300
173227400
159216800
158634800
158931700
159174400
158901200
158343600
184827400
163100400
158774800
159611200
158215900
159262400
159080500
186524400
169175500
159047900
158906400
158618800
158648300
158758300
181472100
171403200
165724500
159147500
160406100
159249900
158889800
158721800
157980500
157983600
157475200
159119000
168610100
181171400
159976100
159796600
159611700
161155000
163744800
159793000
160364100
159544300
160100100
159535700
160929800
162983000
184226000
162432700
159666600
170186800
160554800
159412400
164659500
159769500
162982300
163109400
158595800
159050900
166186700
165286400
158005700
158219900
158042300
158026600
163717000
162305500
157595600
158734000
159500400
158475500
175268500
158387400
158127800
157153400
161071800
168903100
159475900
159840000
159020600
158756200
158880200
159739000
172143100
158766200
158441700
158866900
158692700
169625100
169164600
159710300
177025800
160408600
158111000
157717600
157954600
158494800
158238500
156647300
157620400
157617600
156580300
157846200
161774200
158396400
158548400
158668300
158509600
162036200
163656900
210181900
161732600
158799400
163677600
158431800
160678500
181580800
202954000
159174000
158786900
157267400
157854200
158007600
169190600
201941800
164200100
158638500
157664500
156239800
157311600
158278300
223751000
158894500
158948200
158552600
158580100
158719300
158633600
188231300
158602200
156695900
157565000
157071900
158415300
165700200
157865600
158038700
154762300
155936200
157619800
156270700
156465900
159758200
163158000
156769900
157593800
156258600
158535700
157978400
156881300
157988000
157497700
158135000
158049100
158030000
166652900
163050900
161271500
158847200
159254700
158892500
157688100
157074100
167960100
157225700
157263300
165211900
155878400
155766900
157471200
155921100
155864500
158417600
158939000
158452900
157407300
157439900
157652500
167180000
156660500
156527600
155654400
156550100
156594300
156667000
156567300
157864400
156323700
167075500
158954200
158684400
158065700
157211600
161730800
155576600
156196700
157407900
157127200
169011400
203804900
159476900
158089000
158340800
159753600
158207500
209505200
203248700
159090000
169328100
164837500
157937500
157486500
255325000
194773400
159666700
160129500
158836400
157558400
177629700
282192000
158743600
158385400
157789200
156259200
157611600
191278900
240514600
158662200
162141100
156214300
167819300
163550100
177560900
159870400
159546800
168070400
157666300
160377500
158755100
158195600
158080800
158368500
157790900
156627300
160640900
163077800
157763400
158480200
159044300
158273800
159376900
158288400
159174100
160212500
157012500
156821000
157286400
157908700
157643700
157246600
158153200
156181400
155664500
157950100
159041500
169843000
157290500
155686900
156620000
158310100
157200300
157958700
156966000
166928400
159042700
158205400
174724700
163729000
158873300
158530800
158995700
159583100
167225700
163729100
157680200
156059800
162890300
161296400
157403500
158363500
163650400
164548000
158802200
159038200
157144200
158489400
159595900
161188400
156515600
157634400
159765500
159339700
159530300
159733300
158493400
158703100
159169900
158809700
159303100
160173000
168381000
158486700
158768100
159328900
159499100
158455100
158833400
157189900
157060000
160254900
158862600
158454200
158253000
157843600
156191700
169609300
161906100
185399100
168291400
169522000
158672500
158863400
158910600
158839500
159789800
163830900
158661400
159377900
158211400
158861400
164818800
167150700
159954100
158518100
158090900
158287000
158662800
158965200
158951500
159188100
159132700
157735700
170064500
159286200
158411000
159561700
159084800
159202600
159358300
158322000
159224600
156856700
156648200
156013700
162653700
155892400
157032700
153724100
155919300
156342200
158170600
168291400
164040900
158696100
163783200
158374800
159012100
156988500
156857200
157152100
160765700
160939000
158131200
164475400
168508500
157492000
157574800
156873600
155769400
166354900
156509000
159061700
159413000
157537600
157218100
155793200
175160400
175774000
158840300
158647800
168904600
165795100
166817900
166743500
178096100
169987100
158620000
169265100
157309900
159318700
165797000
170428100
161123200
158352200
158582300
159187500
158134200
157176500
180296400
170512900
158753400
159120200
170458700
158298400
169130700
176146700
168543200
158556600
158157400
156141500
156520000
156385900
157038900
157025700
158440200
169213500
159089300
157039800
156603600
156162800
154515300
157407700
157574200
158127700
158225100
163527600
157142200
157945800
158221300
156655000
158144000
168755500
187992600
158552200
158822900
158300300
156150100
157895600
157972000
157913400
166918000
157203800
159182300
157437100
155725100
158264400
158018200
157742400
156424800
155416100
155794200
155722800
167539500
156008700
154633900
158256200
160845000
158323500
168085900
157990700
157891100
155729400
161691200
155521300
155523200
155243200
156102200
155879400
167371700
157854300
157232500
157703700
156192600
155981800
155608100
156456300
160400000
158817400
158373200
157708600
156301100
155372600
158493900
158354900
158961900
157319900
156986300
157240500
159124100
157735300
157861000
157486600
156302000
155758000
156135000
159108900
213877900
159412500
158304600
156598200
156153800
155597800
155710900
214952000
173093800
158512600
157070800
157394200
159313600
159147400
189550800
156897500
158401800
157671400
158565900
158417900
157547000
206708600
187755500
158860800
159696600
158384000
158693200
158068000
199460500
159158400
158606500
156501000
161046200
158257900
157521300
155553100
155343700
155457400
158397800
158605400
157618800
157278500
158273400
159025400
158095300
156345100
156061800
156214000
155268300
167045600
156990400
158475300
158598300
162308100
160133600
158388400
156344700
157522000
156859100
156079900
155729600
155301000
156452200
154599200
164829500
159277600
156473400
155668000
156386200
155630400
156438300
158937100
156595000
158594700
158302000
158708500
169630800
156315500
157215200
156432200
155120400
167568500
155346100
156467500
155855100
155807300
157504100
165281100
156542700
156943000
157016200
157734700
159250600
169455100
156976900
155336900
155770300
158841100
155582400
212915800
166714500
158583100
157453100
156806400
158321600
189927600
255142200
158776300
158559400
158577600
162816500
158390100
234614100
180583700
158700100
158774800
158397800
158641300
162469300
251400600
180019600
158754400
160490700
158038300
156550400
172044000
250312400
161132800
169718600
160892600
158531900
157313000
188634200
184027800
158737900
158614700
157170400
158529400
160610500
156571200
156172000
167233300
158614100
157111600
156593200
158211300
156630000
154698200
156064900
155797000
158562200
155227600
156535300
156753200
160457300
159034600
158215100
158601200
157223200
159434000
156711600
155674500
156383100
157205900
156541100
158449300
158564500
157740400
157715300
158316700
160850000
156896100
155119200
155594800
158835200
155796500
155304800
160167100
164903000
160833800
157924300
163107700
158632100
158294300
156814900
155378400
169071700
164457200
157999800
158883600
158663400
158827700
159169000
158779400
168689100
167949800
169941400
166106700
159713500
158954700
159346900
159111800
175763800
158981400
157946100
158680400
159629000
158830400
158433700
165380100
163305700
159130900
158980900
158578800
158976800
158905300
162426400
158858600
159047800
157657100
157382600
159023300
158735200
157722100
159048200
158142200
157830800
158535400
158893200
160769000
158333900
158651700
157300500
156827900
168356600
158428200
157165600
158426500
156146200
156877800
155604400
155796200
156434800
157064600
163695200
159301700
157199200
158947600
158959900
159163200
157170500
155957000
163063000
156381600
155994900
165180500
156247300
157198800
156703400
169997100
158670900
158914700
169041900
156620700
156127300
155634800
155577400
156384500
155130700
155467400
155455900
155322700
156600100
156248100
157565300
157697100
156654500
155932900
155218600
155375000
155941400
157513900
158034900
161463100
156913200
158152000
158707600
155763300
157564700
157921100
158650600
158920300
158660800
156124500
158010400
156575000
156933600
155750600
178069100
170061900
159064400
158019100
159788900
158778900
158061000
164020400
176384000
158217100
158459800
157833900
156139700
155012000
156721400
198464100
158647400
158678300
158364800
158299000
157264800
163285000
197342100
164882000
158552200
158458300
155982600
155692700
155720000
169075800
170566700
158887700
158381400
158328300
157853600
158896400
156983600
158098500
157673200
156033600
158290000
155648100
155633400
158439500
158829100
157086900
155707400
155550200
155429300
161465000
159906700
159172900
154108700
155686100
162527600
158791800
158601500
180413300
158329400
156984100
155598100
154113300
155431200
155872000
155479300
155363400
155486600
155421300
154049600
156756000
159709200
158659300
157499100
156204600
155178800
166320500
156145700
153517700
155241300
155782800
156100500
156211500
156575500
158771000
156020100
158115000
162962400
158782500
158678200
158911000
156808300
160577000
155943200
155470400
155682800
155342900
157879700
158323200
157444000
166451100
155720600
156245600
157204300
156442000
160535900
155776700
154999000
155563000
156063000
160816800
167414300
158336500
158004100
156204600
156162800
155604500
156330600
156058100
156197400
176334500
214711600
163716100
158949800
164630500
158806100
157134900
181981500
212652400
159280000
158574600
163212900
158009000
160088700
171938900
205633500
164421700
159034200
158473300
157362800
157796400
168580500
197319900
159022500
156116000
156055900
156458900
157229800
170318700
217546600
158671600
168863300
161416600
156811200
155951600
155644600
156083100
156038000
156250200
156534000
153810500
155117500
156199600
165148300
160182400
160467800
158131600
155824000
155533600
156820600
155770600
158845000
156447900
155054300
155320300
161827300
155676500
157750200
156977400
156758500
158784900
158450600
158083300
158657000
157888100
158128000
156159500
155553900
156137600
156815100
160819900
165632200
155763600
155760700
165897000
155108700
155653400
156556000
156870600
160309900
156290200
154194700
158906600
158646200
158610300
158280500
156136300
155957600
154316800
155618900
166180800
157436400
179074200
158714600
158611700
159771400
164992000
160065400
156305700
188044800
186615700
158780200
158247500
157860000
158595600
156431100
272449600
173434100
158900600
158891600
156774400
157389300
157277300
274944000
158652400
158452000
155955800
155805700
160487100
228179800
197796300
158925300
160383100
157696900
155813300
156784300
272858100
170828300
169717100
155777100
166487900
155053400
160912900
193222000
164115200
158362800
166150400
158169100
160343100
157258900
156401900
155409700
155940400
155836100
156070200
155700200
158942900
159580500
157008600
155173500
156857300
158051400
158743800
157409900
161403100
163794500
156865100
157767800
156905600
157143100
159880800
162456000
155654100
158551000
167398600
156357900
155984100
156225300
155820300
156085000
163638900
157867900
158058700
163030600
184495200
165840100
158731200
159383500
158603700
160225700
160884100
166126500
158586000
158520900
158268600
170907700
160881700
158561800
157244800
156425700
157361300
159162600
159170100
159119500
157462000
157391400
156159600
158458200
158460000
166919200
159667700
159488600
158896800
158674800
159733800
157987200
164711600
158722200
158682000
158176500
158639900
160758600
158027700
158436900
158489800
165500700
163043300
158271200
158835100
158056200
158080200
157493000
158566100
158230600
156588900
156187200
164511100
160092100
158558200
157703400
158760500
157307000
158284100
157018500
156788600
155767700
157726700
155794700
155412900
157174400
157672400
161583900
158987200
165502300
158951000
160459800
169500000
161126700
156573500
155678200
160388900
165560000
157881800
158709600
158426500
162178300
157726200
155921200
155648400
166471100
155949000
157809800
155986900
166927300
165780000
167574200
158011100
157473400
161136700
157230200
163975000
155673100
155904400
155246500
155784400
155606800
157011900
160945000
157868600
158606700
157537800
156263200
155527500
157142700
158282100
156597900
156667300
156097900
167092700
157159000
157976600
158886100
158673300
158789900
158067200
159551800
158298600
158294300
189576700
167332000
158533300
157785900
163251300
158513900
155316700
172844100
187617000
159136500
159861900
157472500
156910600
156805300
163043100
184715700
159086700
158843000
157027100
156822500
159764800
163981900
197017900
161055300
159140200
168689800
158050900
156358000
156492900
186181600
164815200
158841000
158870100
158734400
158351800
158526800
158443000
157470400
162119200
157097400
158480600
158769600
158200000
157281900
155951900
157874500
156231900
161571100
157862700
157936700
158575200
157808500
160081800
159636700
161749100
162247700
156426800
157104500
157109000
163969300
163592800
160852700
158979800
158460400
158275200
159308900
168382800
158036500
157456500
157296100
156659700
158136000
161505400
159447800
160441600
159272200
158354800
155559100
156292300
155763300
156593800
157626500
157042400
156822500
159406200
158332100
166793300
169052900
156804700
156198900
155175600
156874000
155134600
153973100
155409900
157540800
157450700
156661200
156684400
157093400
158304200
159178600
157650400
158562800
159185100
158190200
158078400
166549900
157528100
156610500
164016600
159335800
160386100
163236400
158098800
158150200
155659900
156032000
167788600
204896000
164363000
161745100
157837800
158007600
155510400
155994500
202653900
157096800
158445000
163953100
157095600
167246800
162350500
196411100
157056500
158994900
159083300
158595900
161431700
161804000
249163400
162332300
158580300
156805800
157863400
157556600
156540200
196285700
174735700
158498700
157608800
157069900
158929200
157400400
156103900
156179600
156576600
157472800
156588100
154488700
157110900
168193700
156041000
166401400
158331300
164129700
159688500
166745500
162878600
158528100
158507900
156004400
156694900
155372100
156919800
157238100
157211600
156539300
156869500
157916700
157891200
157900700
156195500
155229200
153988800
155884000
155030600
161353000
156210700
155731800
154963500
164712400
166985000
158212100
157813000
161872000
158589600
158994200
157680700
157088400
160493400
156692100
162616800
156481700
156416200
155813800
172677400
158467100
157594100
155794000
167115300
155751800
155595400
155864600
156709500
156783600
155264500
156819700
243015600
159324100
158922500
158301900
156736800
156342300
170399000
242339600
158641300
159301400
158629200
158632200
158306000
215950900
219517600
158444700
163769400
158712700
163191500
160064800
300144500
165286000
169430400
156770300
157381500
166613100
232177400
216146400
158261600
158458200
157619600
158190200
166403800
172062400
158647500
158460400
170043800
163637900
169050600
158754000
157388100
157633700
155781200
155330900
155491000
163628400
159145000
157790300
155913200
160606000
162563600
165217000
159661100
164963600
154886200
166662100
156151000
156944900
165037700
158791800
159364500
159193500
159113200
167478500
170838400
166576300
158551400
179213300
158870300
158767600
158067500
163830300
159549300
160318500
159722900
158694700
158778700
158993700
158225300
158575900
171652500
163303800
158588400
158941000
158771500
162838300
158819200
171877800
169649400
160828200
158746100
158866000
158472300
157721600
158811700
158319600
160557700
154588500
154836700
169279100
158609300
157469400
157245500
157655300
158493800
161462400
158757300
158948700
158435000
165784600
156881600
156709000
160244200
158762700
157299800
165326500
158565000
162620200
158059900
158793600
157220000
156041500
156535200
156995400
157257500
158213100
160251700
156162100
156082800
156190300
156557300
159051700
160245600
165031400
154863800
155258500
155509200
168324100
156318200
157243900
159649600
155450800
155055700
160178500
158481200
159513700
153996400
160853100
156582200
156549200
156648500
157434200
156396600
153930400
154912600
156405500
155630300
156137100
158499200
157473400
157591200
156030700
158467900
158760900
158739000
155107600
161705300
160730900
157734800
156497400
156111000
166297500
167929200
157616700
155738900
156460900
156563600
157793500
158476900
162795300
157622700
157106500
168676500
156860800
164569200
157812200
158135100
161923600
165716700
155985100
156430900
156058800
156154700
156723400
160041400
158646700
158234500
164620900
189006700
158836500
158056000
156709200
156460300
158102800
157444600
194267800
163197500
158717100
158324400
158470100
157469700
169398700
184773700
163782800
158624100
157763600
156150600
162463900
160337800
170244000
180952100
162088000
158247600
159741000
159131300
159040900
166455200
175978200
161355100
158850500
157768700
157547300
157621500
156973700
160218700
156809700
156494400
157704100
169035300
157844400
158607200
157710300
156092800
155442600
157989900
156291800
155135700
157122000
166488000
155787200
167611600
157451300
156451100
155414400
156226200
157252300
157905800
165691900
157455600
158200000
158303400
163403900
158049900
157834200
158279500
157997600
158804500
158172700
156662500
155766900
156462600
155302200
167373900
156835100
164416800
158235200
155508100
161604500
169875400
157557200
157894400
156337500
155630900
156081100
155626500
154515700
157729100
158588500
158608400
158977500
163945000
165169100
158920800
168705500
157133500
166313300
158302100
157020600
156670500
157064400
156374600
153318000
155915100
158844600
158845500
158780700
157132300
155940800
156530200
160991600
155602300
156627900
157522700
157874800
157942500
157423700
156886200
214752100
158507200
159567800
161310400
158647300
166586700
172480400
232163100
160390400
156656000
158040600
168809200
156781400
162587200
236007100
158818000
163670300
171480600
159478300
156803100
185880600
194649900
158411800
157843300
157745700
172322600
169718800
178659500
179548100
158740000
159009000
158580300
169566800
156625300
163765700
158454800
157759200
158782000
168842000
158445700
158105900
157957400
157350200
156241500
168736500
156198600
157372300
162247400
157288700
157256100
157917000
158192100
158190400
157759500
159882300
157458200
157546600
157932400
155548200
154791300
155770500
157870600
158366400
158695800
158072700
158267000
169127000
158398300
158267300
156311300
156159700
156833700
158427500
158968400
165598000
159883800
156966300
156509800
164687400
158543900
158445100
157920500
157001700
157191600
164916400
156123000
156468300
156908800
156004100
155462500
155254200
156009500
157621100
158054800
158677600
158544600
157663300
157477100
205218200
179163400
159485900
169272400
157305300
173112500
185378000
232445000
167199000
156327400
157709200
157232700
156430600
183664300
243221300
158746200
166694700
156508700
159413000
158520300
192574500
229887400
161918300
168054800
160156800
158550400
165675200
199476500
232933100
159009800
158834400
157964800
157126400
185114300
160291000
158426300
157625900
157157900
156143400
155311400
166153600
154169200
155832300
162333400
159049300
159257400
158923700
158866100
159074300
172208900
156851600
159612600
158472000
159102700
159289400
169811500
158183400
159314700
169884600
179655100
158699200
158619600
158273900
158645900
173642300
167936500
159073100
158872600
158593800
169765000
159907400
159071800
163998300
165815600
159732900
159146800
159155900
159111700
163996100
158686400
159165900
161412300
159316100
158696400
159196300
164941300
158700600
158615600
164241200
157537800
157409900
156642900
158252200
158714900
158573800
158861300
161870200
171088000
159301000
158504500
159654400
199673000
159666500
160365800
158584500
164161000
165066900
162916900
157161200
157828600
157968000
157638400
157363300
157954200
158689600
158916200
159795600
169147500
164431500
158365200
158316900
169128900
169752500
160517000
159034200
157765600
158876600
158949300
158121700
163500600
169296900
167641400
159770300
158477900
158993100
169041500
158634400
159583600
158544100
163578100
158124000
157290100
168665700
163449900
158461500
158496800
159882900
161714300
165646900
158781700
157839100
161909400
161044200
158769500
158630000
158592400
156144400
161914600
158159400
157915400
163909000
162622100
158942700
159063600
161208800
157770800
158212100
157945300
158406500
157988300
158100700
158443900
158388000
159099500
178874700
164998200
158587900
158943200
164660700
158865600
159820100
158398800
156617300
156697300
157350200
156989300
156314000
158508200
162711200
165069500
158573000
158531000
156993900
157192600
158132200
160679200
158618500
182456300
165471400
158829400
158633700
158738800
158947900
169110200
186246400
162756300
159004500
158571300
161490700
158507700
158787100
209541200
159374400
158770600
160185600
158636300
158773500
158344500
176016800
167681200
158784700
160608000
158652900
157182000
158850900
190810700
172839300
158631300
158888600
158467100
159436200
157158800
165052800
158253300
158240400
158494000
162921700
157294200
157589800
158637900
158618300
158989200
161021000
158932600
158373400
158603500
159016100
158619700
161944500
166834700
158520000
158456600
158850000
158768100
158784700
160549100
158545500
166613600
158582400
158591200
158880600
158503600
159778400
157884800
156233700
157679900
157938000
158619000
158215100
158340900
157481400
168566500
161555200
158250700
167161200
158904800
158750900
158601500
158812400
157977200
158887300
158394800
164570400
161956100
158211300
157100100
157798100
158683800
169443500
158307200
158219000
156892500
155883900
156225300
159551300
158310700
156537700
158267000
156974700
156755300
167399700
157021600
157961800
158773600
159124000
168355900
158391500
159459000
158879300
165655600
163710200
166625900
157368200
157402700
157273900
161906800
211038000
160858500
158404600
158760700
158738400
157784400
160270400
209507600
164438100
170294800
169630800
159208600
156110200
157260100
226963800
164389500
158729700
158676200
159306600
158182000
156519300
198778100
164629800
158691400
158141500
156076200
157500600
163748100
197882700
167367000
159838900
158002900
157895800
158278600
158807800
158693900
158246000
159946500
158561800
159535700
157290200
157508400
162205800
158662900
156501800
158937700
157368900
158010300
158774800
158531300
163070500
157034100
155832800
155753200
167818000
157359700
158301400
157337300
155673200
156228100
158821100
157568900
159091100
157349000
156615300
155318800
157605800
158557600
158034300
166931500
157741600
158151200
158309600
158140700
158265700
157102400
156757100
155896800
154011900
158908600
159026200
158960000
158749900
158725200
158452300
159089000
158413100
157390100
158144500
161722400
156864100
161849100
164840000
158904400
158350700
157548900
160344700
157683100
169177400
176355900
158768300
158541800
158554600
156014300
171077900
186916100
237300200
158819000
160877700
158842300
158854200
179756900
197861200
176398600
164313300
158516600
158467100
159259000
186629600
188948600
187092500
159351700
158878200
157741000
157090200
158445200
156721400
158558500
159097900
159873300
158604000
157796700
157730500
157790500
158478100
159606300
159072500
159406900
157776600
158047400
161945900
159273900
157842000
158025300
157853400
158412400
157825800
159296300
159188400
159658800
158278600
157825300
157275000
159039300
159089700
158519100
158835000
157487900
164741100
161965300
159021400
158684800
158696800
160001600
161991000
157796500
158173700
158012100
158401900
157081800
158773200
157706900
156481800
158297100
159762700
159461200
158654000
158078800
157635300
167433300
157783500
214916000
176030200
159423500
163383400
159650400
158778600
159745400
202752600
159812800
159940700
159371000
159989100
158675300
158537600
233627100
167044200
158737100
159114600
158614500
158662500
159414800
194774000
159319000
159184300
161103000
156705200
169961500
163998600
222610800
177426200
159945500
159837300
159476500
159983900
164797000
160999500
158680000
158795000
158392500
158286900
158666600
157512100
158605900
159358500
159331500
159588200
159324900
158836100
159277900
158550000
159083300
158060400
157966500
158129500
158452000
157576900
157666300
160080100
159638500
159373500
159110800
158171200
169803100
157874400
158972300
159581500
158851900
159566500
164499100
158596800
159708400
159418300
159478800
159327400
158660000
159437200
158404700
160017700
159190100
159543200
159257000
158628500
158422800
158989100
161442000
159041400
158772700
158818200
157341700
158306100
158222700
158640600
159062100
159601900
158107600
158919300
159199100
158776200
160028800
158801000
158759000
158623500
158246100
158084300
168691200
157984700
158784100
158668200
157988900
158222800
159303400
159184300
169178600
159739000
159377100
163098500
159959600
158605300
158406100
158601100
164644700
168183300
159372000
159708700
170504900
159096300
159513500
158805500
158641700
158443300
159349500
159098500
158665300
170298100
158844400
157752900
158114400
162057900
159087700
160397000
159382700
159423900
158996900
159206600
170869100
158498600
159545900
159365600
159282100
158784400
164977500
165621500
161341000
162925200
160078500
159701600
170864600
159497800
160043300
159568300
160994000
170879200
158717800
158863500
160213200
161598900
159436600
159457100
159178800
158752900
158547600
158786600
159567100
158946300
158521900
160076200
158379300
160442400
159593100
158908100
159701800
159325200
156785200
158003400
158170600
158352200
157754200
158689200
158943300
158933900
159294800
159696400
159117500
159712900
158771000
159645300
158311900
159206200
159013800
159045600
159817600
158906300
158866700
159980600
159491400
158545800
158730800
158958900
158200300
158601500
159912600
157621500
158666100
158422200
158300500
158442000
158878000
177167900
169731900
159011700
159030400
158967600
159305800
160278700
158886900
158969600
158557000
158179400
158513300
157851000
158528200
159143400
160119900
161196100
159470000
161223400
157805100
165174500
158632300
158495800
159017500
159596300
158715800
158634000
159201200
158706200
157631600
159080100
157426600
157454500
158296500
159296100
159159500
159471500
158779400
161138200
159304100
173453100
159430100
159198500
159108500
158897900
158611700
158563400
158185800
158447600
158242500
157972100
157219500
157290200
158951300
161186400
159794800
157830600
159093800
157691700
158128000
168625100
158836700
157892800
159775600
164954700
158585300
159874700
159704200
159106600
158235500
156038800
159184000
158812700
158999300
159636600
158378800
158955500
158843300
158817600
160841500
158789600
158779800
158637600
158734400
158645900
159475800
158414600
156734400
156274400
158543500
158948700
158557900
158141300
158129600
158063900
158204100
168900700
159297600
159293800
159080600
159380700
167591500
196702700
158801900
161165800
159207000
158675400
158117200
158816000
237065300
165066400
158603600
159145400
158810800
159520300
159353400
189637800
174821200
158829900
159605900
157110900
158969300
160200600
199889100
175719900
159506000
164501800
158782500
159003400
159273600
197630600
188355700
159368500
159454700
159424100
165726600
157382700
159182900
158648000
159111000
158781600
163890500
159044500
160028800
159332200
157803500
160269900
158922600
159177400
159096300
158638200
158510400
159367000
159484600
158620300
158814700
158486400
164215300
158987100
171146900
158556400
157352800
158553300
156494200
157584400
158818300
159063200
158138100
156952100
156358100
158782700
159958600
159019800
158980900
157595200
157454900
157265800
168752000
159363700
159321800
158515900
158545000
158949900
157024900
156891200
159365900
167570800
158520200
158643300
159109400
170047200
158982900
158267400
155792800
157089100
158912400
158826600
158895000
158720900
158607200
170494800
220318800
159500000
158955500
159802200
159280900
157479600
156691800
204659200
160918700
158902300
158171700
157972800
158818000
157807800
221769300
165275400
158889800
157225500
159401100
159281800
158546200
202765200
161263600
159202100
157158500
159212500
159239900
159388200
207981400
168175500
158751400
158126800
159221100
159171000
159399200
159563700
159269000
159234700
158756500
159620400
159487100
159074700
159062100
158782200
159041600
161913200
157935000
157711400
157514200
156587000
158269600
158602400
158676800
158355000
156442500
156418900
171141400
160174100
158795600
161447300
157237100
157367200
158086100
159834600
158412500
159192100
158215300
158522600
156634300
157862300
158324600
157429200
158442100
159030200
157289800
159550300
158552400
158510200
158986300
158334300
157201300
160543400
158793900
158577400
158611700
158417600
158288300
158453900
158534600
159020800
158885500
159413000
158606800
159348900
158912500
159315700
158941400
158935100
158977400
159767600
158538800
160117500
158762200
159818500
158525100
158474100
158547100
159028800
169825300
172277300
159151800
158992100
162735800
173032100
158933500
160575100
161304700
159719400
161025100
159435400
170548200
158478800
162274800
158658200
159252000
160142600
159738200
158671900
159155400
170883700
158653400
158470600
158632500
158700700
158624500
159953200
159115100
158889200
159755500
158760400
160271000
158659300
158326300
159597400
159349000
158787500
159190000
160344100
158495800
157629500
158914000
157633400
157769500
157108100
157761600
160340700
160447800
158908600
159433000
158310400
158080300
159216000
157957100
159380000
156378300
155285800
158633300
159557000
159686200
158886500
158917100
158745700
158747700
159589400
159516600
159273300
158523400
158437600
156238500
157645900
159174000
160057900
158509400
158961300
158699700
158024200
159057200
158173000
158584700
157566900
156028000
155767900
158589900
159309700
159436800
159096200
158991900
160487300
158026700
157978600
158854300
158777800
156552400
156320500
158161600
158315800
157948400
159129400
160201100
159238900
158615100
158733600
158903700
161016800
160414700
158874700
159330200
159715800
158786300
159381500
158657000
161187100
162426300
158460800
158401000
158329500
157984500
159354900
158671100
156805000
157804200
159074300
169126000
156845200
157106000
158997900
159092300
159079300
161193300
158996000
159450800
170992300
157986300
159246400
158816800
160209300
158723900
158846800
158512800
167910800
159481300
158949300
158142300
158551000
160392200
158200200
157522800
158708100
156543600
157178400
156625300
157797700
158498800
158859800
158847500
159441200
157187200
156017700
157272100
161961500
161517500
158989000
161498300
170572200
158601800
164999900
163845200
158992700
157894400
159011800
169847500
169719900
159243000
158743600
159106900
157853900
156549700
158427900
165343400
158749700
159178800
159347500
158834200
157820500
158549000
166306900
157965300
156900600
157640200
157324600
163316600
165066200
162187900
158771200
158985400
158592900
159555100
158549500
158183200
157851200
158727500
158507100
158607800
158189200
158245700
157848400
159074700
158515500
158988800
193842100
187617000
160504400
159857200
158696200
159291300
160629300
176360900
206323400
158551600
158631200
159232300
160514500
159069500
174318700
188400200
158963600
159435900
158810100
158661900
161045400
179633100
186880400
159443200
159265800
159581900
158359600
158428400
172620800
224107300
158854500
158691600
157158500
160105700
160062300
159541300
158672700
158632600
160158800
159487800
158876500
159145200
158681900
159149300
158689500
158902500
158253000
158511500
159280400
159849900
158997000
163931000
159586600
158675400
159246800
158623400
158673000
158308800
156919800
158464300
159541200
159284400
159309800
158945000
159522900
157352000
159594000
160799500
159926500
158426200
159069700
157403600
162863600
165232700
161610900
159730700
159593400
157373200
156898800
158698900
157543700
159189500
159117800
156330000
165113500
159412900
158744000
159651200
159031700
158714400
157026400
156806500
157400300
157498400
158538400
159283700
160168100
158488100
167125400
217674700
159711900
159495700
159859100
165982400
162817400
166922400
194430700
159977900
160250300
158801100
158828400
158874800
163263400
208576300
159758600
157063400
159953400
159885900
158800400
158693000
233387000
159660300
159645600
158734500
158959500
158788000
174874200
202100900
159427000
159182000
159178300
158762200
159260200
157952200
158647000
159235200
158170500
159405000
158732400
158904100
157009600
158461300
168722600
159162000
157869100
158077200
156905500
167670300
158758000
160349200
158867100
158961500
164511900
163654800
159879100
158849300
157833900
159443400
157506900
156597000
156794700
156670100
157947100
159777200
156973300
156464900
159421000
159668600
158996200
158819000
158871600
158414300
157100000
158890100
159757600
160559900
161077400
160571000
159270800
158606200
158382100
159436600
169825000
159997000
159289700
158696800
158606600
157548300
158354700
158900600
158879100
158108600
159471100
158768800
159123100
159427400
158979500
159463800
164426100
157946900
159579300
159204900
159123200
159630400
160714400
170155600
158987900
159803000
169146600
166055200
176018600
158347400
158838600
158491300
158737000
158975300
158545500
159060700
159455300
158596700
159538500
159773200
159413700
159478800
160026100
159106600
158886900
158828300
170648300
159216500
158353100
159220600
159257200
159349000
159079400
158261800
161153200
156105100
162632900
158286200
158973300
158485500
158417800
158605600
159133900
159527800
158914500
158908200
157504300
158315200
157384900
157856000
158371900
158816100
188077900
162610400
160031400
169147700
159759000
160271200
159369700
158666000
159321500
158719400
158758000
159499200
159738100
158540300
158000800
156666500
157413300
158857800
169753400
158736900
158644000
162399100
166858000
158935300
159616000
156164500
168027100
158607300
157022400
158683700
159480300
158925700
160209000
159552800
158513400
156509200
159418000
159678900
159179900
157998500
156331500
157639300
159055600
158915200
158412300
159035400
158956700
159628400
159343700
170484800
160333200
159152400
159065700
158666000
158104800
158597600
158118400
158693100
158978200
159404600
158411300
159055700
159150100
170113900
159002900
159306600
160302600
159704800
159919500
158870700
159609400
159212700
158722500
160233300
158881300
156938100
157359300
158369600
158021400
159332900
159758600
159401600
160474300
158652900
159501500
158793400
170116300
159056800
158666400
157340900
156687400
157199800
156969600
159406600
158432300
158546000
157996400
162955600
158039100
159262000
159831200
158985000
159867700
159680700
169327500
157893500
158846900
160622300
159171700
159200900
158744700
159165400
159828700
158981800
158596100
156148900
156982900
158162200
158321900
158879200
158194400
157740400
158149100
159603700
159483100
158890700
158842500
159045100
158068500
157768800
162270500
160570200
159674700
158631000
158513000
162269600
165443700
158388400
158937400
156553800
158271100
158047100
169118200
158227400
158808500
158099100
158350000
158044000
157626200
157255000
158479200
158686800
159310200
169807900
156924500
157259500
158341800
157036800
156510900
155840400
156398000
157817900
160385200
174087000
190754300
158770900
158218800
159329500
161580300
159146700
164891900
201633400
159804500
159444900
159538100
159084800
158486900
163912700
202385100
158865000
159069900
158489900
158125600
161299900
179462400
219053400
159163700
159469200
157936500
159368100
158940200
164794700
225688100
159043600
159096600
163464000
159233200
156678900
168288100
159399800
159134600
156574800
158907400
158774100
158632600
158581300
159082400
158649300
158154900
158462500
158720000
158118600
156566000
157364300
171975300
159559800
169023500
160331700
166594800
162555600
157924100
157762400
159716900
159567900
158858600
158910600
160203300
170145600
161155300
159438600
169124000
169028600
163240500
159186800
158730600
158195700
157006100
157859000
159594200
163343300
157445100
158342100
159763500
158590200
158889200
158809600
158463100
157851300
158934900
158846300
159435400
158778600
157703100
158569400
159255200
158509800
160167900
160973700
158601500
159406600
158856200
176694200
196442900
159084800
159493600
162221600
158546000
159080900
186378600
182570300
159525500
157704400
159010700
170544100
160032900
201271800
190116500
159126600
159152700
158254800
158929600
158435000
186831100
202774800
158979800
159422700
159110000
157521000
157821000
201528000
179501100
159257700
158807400
158738300
157315300
158952500
158900100
159072400
160427700
168190600
159566900
158998500
158851100
156303200
158091700
157866300
164162600
164844800
159052100
158692900
158640100
158726700
158669400
158234800
167590700
158430600
159150200
157184600
158543900
159852200
159497700
157859200
158833700
158187700
158437100
159397000
160135000
158499600
157238400
158630800
158312300
159168000
180556500
159094400
158503600
157794200
159078800
158565100
157901400
159017100
158830400
156441800
156807900
161476500
156541500
159644900
166374800
160122000
169770900
160296800
157877300
158408600
158593200
157211500
162985700
157656300
159132000
158436200
159468100
160697800
156677400
158606600
164990000
159999400
164779500
158916500
159555100
157995900
168036800
162594000
159859200
168503600
158574500
158978600
167065200
159171800
159103400
162880900
158761200
158754400
157421200
158760700
158219000
158731500
159797300
159285200
160502800
159007700
158896900
160036000
161361600
159144400
160392800
159113800
158928700
158109600
163999600
156525200
157124900
163221800
172567900
159349800
157743100
157049800
157562600
158769800
157972200
159054700
158676000
159129400
158402800
156847600
158984200
158146200
164225700
163792900
157156300
156772900
156878600
167877900
159165400
157644300
168060700
158504300
210171100
187154500
202104800
216254800
190400600
203081700
295235000
290499200
302934700
298556700
207875700
165165300
193391300
201632500
193787300
180244200
190327700
202744400
180849800
168225700
167906200
166395200
203449600
205340900
161612600
170741400
166693300
179106400
163894600
165464500
162077700
174723200
216874700
172049200
181262600
168124200
172444700
198101200
166199000
179639300
162760300
180897400
168497100
165293600
169918600
163243400
168814600
173754800
177036400
165412900
163480900
167485900
174435100
161308300
173365800
165164100
169324600
176560200
181928800
172487600
160662100
161027000
159326800
161277400
159482300
159297100
171955800
170876700
161982100
165983900
167758600
163161900
163095800
159854100
174324300
165395100
166710400
170559700
161734600
161152200
160131500
158992000
159412700
159578700
191027400
159384000
160924800
161411800
162307800
182693400
173132900
164959900
159966700
157473900
160179500
159020300
163067100
159502900
159355500
159524700
161239500
158838500
158558000
158785500
160370700
159107500
159741200
159055900
159341900
159173100
159027900
158786900
158967600
159905100
160349400
158918700
159007500
160089300
159496300
159346500
167703700
168853000
159800900
159171600
159074900
161805500
159132300
159663400
159500700
159912900
159788600
158549800
161110900
159327900
159172700
159070300
158949400
158304400
159915400
159140300
159727700
161133600
158743300
157654700
185725400
190662300
160543000
159114300
159668400
159067000
160224800
178766000
204181900
159320700
160084700
158663200
158760500
161486900
204211400
185472800
160081300
159345700
159745300
159667700
158686300
191896900
182782100
159481100
159216600
159237600
159968000
159004800
190698000
198672600
159241500
159703400
159137500
158604300
160683500
159496700
159749300
162137800
160033500
160892900
160424800
159734900
159575400
166975800
181723100
160656700
159733100
159518800
158995100
159265200
159172000
173170600
166714000
159496200
159318300
167987300
160152000
159261800
162125400
159455000
163547900
167568500
158721800
158887900
158578600
158038900
159389700
193151500
158985300
159408400
159031700
158241100
159021700
159733200
158863100
159486700
159837800
162120900
159846900
171543400
180462200
160152800
160904100
157549500
164233600
158474800
159137400
159349900
159167400
158806800
157702200
160482700
162292800
159425600
159715800
158734700
158724000
185054500
206256000
159766500
160354300
163720900
159706600
159258600
201805300
173940400
158961100
159835400
159286500
158823200
159046400
192843800
174044300
159550600
159324800
157296000
158443000
159519500
192494800
200100000
160222800
159346800
159080700
159297600
158891900
180368900
179769600
159116900
159663000
163081900
159095300
159015600
173099100
159198600
159191800
159351700
160022300
159573700
159646700
158024300
159046300
159769700
159164400
160615700
159222200
163675000
165167700
158755700
170090300
159089300
159405600
159858900
158423600
157241600
158994500
158536300
159078800
158327900
159264200
158062100
160037600
161433800
172806500
159526600
167605200
160826700
158757900
159627900
161039700
159231600
167157800
157093600
159002200
159919300
159678800
159842800
159296100
161581600
160131500
159005400
159662600
158739400
158926800
159515400
159605000
168833600
159316500
159515200
165219200
159109700
159490500
159512000
159153200
159218500
159123800
159317800
169939100
159257100
159033300
159417300
169391600
159506300
161332500
159180400
162896900
159550600
170581100
173407500
157592700
158868300
161711000
158027500
158921200
158948700
161269200
158231300
159587000
157965000
161336900
159268900
159401000
156920300
157693700
160184600
159028200
158887200
158508300
165566300
158750500
159956200
159801400
159572000
160062900
165984000
156147400
157647300
159249800
159168100
162824900
163790100
159033300
173517100
159547900
157768700
159158600
157980000
156322900
157979200
159605500
158529300
158855700
159114600
158317500
158224500
158365000
159272700
159559900
159191000
162248600
161765900
159007000
159550500
159092300
159291000
157630300
156913100
159057300
160125300
158797100
159227300
158722400
158844900
158856000
158909600
158722900
158728800
157352300
167617300
158642300
158591200
158518900
159165800
159332900
157773900
160342400
159636600
159463500
160262500
159037900
159833300
158607600
157351300
159667000
159677000
158746500
160031800
160218200
159771600
159604600
159165200
157849800
160175600
159003000
159105200
159019900
159023800
159419600
160859400
165816500
160120800
159358200
159408500
159565800
158825500
158167300
159813500
159144600
164497900
165465300
159329000
158523000
159937500
158653100
163569500
159778700
158725400
158531000
157430400
157356900
158263200
159199800
169330400
156872600
160084300
159452700
159038800
159409200
158877500
160027500
158107200
158096900
157211800
160508800
159061900
159434600
159613400
159488500
163014600
160303400
162416100
159640300
158792100
162096500
159425100
179752500
165697500
159103900
161402500
160616000
158899500
158879500
164102900
162698000
170727600
159060700
161355500
160843200
159076000
157966000
159295000
159694100
159237300
159034500
160965900
161240900
159143600
158907700
159436600
158391700
158707000
159069400
159481700
170672600
159171600
159450400
166637700
159117800
158859500
159123300
159952000
157993400
159044400
158531600
159236700
158374400
158603900
159215800
159639600
160852300
158813200
158853900
158635700
158885600
158977500
158803800
159879900
158913100
159992300
159661000
159489700
162201700
157831400
159886600
158358700
157207100
184490900
213008800
162554400
159164000
159421700
158791900
158844900
176105200
212335600
159793800
159227100
159205700
158931400
158292700
192687800
194923500
159060900
160360600
158615300
156962700
158207200
162099100
198766600
159996100
170627000
159765900
158879100
159477100
164076800
214900400
159102400
160285100
158729900
159354000
159569100
158779300
159006100
158434100
159850000
159513900
161228300
170057600
159125500
159637800
158319500
158491700
157455400
161117900
158345000
159663800
158936100
158561100
158306200
158370800
159321800
159430500
158676100
158715300
158125900
158921400
158937400
159013500
159209700
159725800
167834000
171270200
159307900
159263800
160116200
157718200
169195800
158619600
158599400
158579500
158260700
156391000
157741200
169863300
159189300
159568200
158942300
157740300
157327400
157557700
158493100
158646700
159191700
159623200
158962100
158546400
158979700
159849400
159259100
159476700
158768000
159087300
179475700
164258000
172296500
226119700
159088500
160619000
159290800
158914700
170579000
200135600
204557200
158876600
159056300
158550700
159425400
159148300
203637000
178909200
159376200
162666600
163771800
159299400
158884400
179661100
214048600
159315100
156758100
159051200
158782700
170549300
172207500
233644200
159165300
159419300
159954600
169937300
158855100
158389100
159915400
170192200
162726300
158485300
158783900
157599100
159034700
159248300
159820300
159652800
158832200
159038900
158105800
158610300
159105000
158110900
158302100
158684200
159173100
157867400
159445600
158509100
159510300
158313900
157956300
158659700
158288600
157201600
158583000
158250100
157956400
158855700
158883300
162736600
159373400
161676500
159098500
159227800
159160300
158634800
158601900
158659200
159106000
159565400
158762300
159096500
159104300
159827700
159965700
159161600
158679800
158964700
163082500
159345200
159276200
158552500
158893100
159241400
161997100
174022900
159181000
159081900
159813500
158968200
159158100
162571000
157922700
159880900
159747800
160336400
159431300
159165500
158544600
158638500
158912200
158649000
159149900
157829600
159936600
159210900
158612500
156915700
157951600
157974600
158528000
157209200
157960400
159201500
158251200
162705800
158999900
167899000
161359900
158869800
159034600
158745000
158613500
159161300
157379700
157673100
159598300
159330300
160004700
157842200
157226500
157276600
162167800
167049200
158623300
159745300
158265800
157496900
156989600
170218600
166157000
159190000
159684100
160350700
158816700
158567100
159054900
159004400
158415000
161655000
158926200
160495100
158733200
158733300
158782400
159438700
158893600
158501400
158925300
159238700
159040100
160506400
158710900
158767400
159013500
165440200
158985700
159265100
159064000
156908700
159576400
159349600
164682900
165453900
157944500
157000000
168168900
160020200
158671200
160371600
158902400
159111400
158548400
158091700
158603400
160219000
158955500
164180300
158228000
166906000
158455300
157844100
167437700
159088400
158999000
161866000
157512400
170665300
158228800
158001700
158128200
158194600
158221900
160877300
159362400
158975200
168007300
159136300
158255900
158939000
160604300
159527300
158146300
158327100
157333400
158491500
158957600
159173500
160791600
161674900
159198900
159326500
159146100
159141200
160252200
159511800
160324300
158011700
157303000
159249500
159117300
158663300
158995500
158363200
158411600
158696700
158789900
160436300
169826600
157993600
169711200
158594900
159644700
158941500
169584100
160529900
160136800
159544300
159073400
161827700
161618100
167992500
159397200
159929100
158564800
159472500
158795400
159200700
158980100
159052200
156864200
160174100
158766600
159056400
172367300
165983900
159043200
160698000
158836700
158774900
159487100
159301400
159420200
177799000
159045600
159745600
160939200
158468500
157421400
157735700
167712600
169004700
157766900
159535700
168366900
159318100
159157900
158812100
159066900
159173900
159736100
158951600
158348400
170659900
160574600
159923900
169374600
159031000
159689400
159958000
158980600
158270600
161382700
158070300
157908600
158449100
158218400
157819700
168439000
200988800
159238400
160002500
170957600
157525000
156998100
169279300
192489800
157236700
163421900
168047400
158155600
157398200
182452200
216896900
159970400
159358000
159572600
158995500
157456700
181933900
193763000
159257200
159886800
160321500
159853600
159935800
174986000
195726300
160140100
159021300
170654700
159505700
181025600
173429400
157519800
167733300
156487300
158461500
158038600
157695900
159650400
169744200
169911700
161091600
159555700
158834500
160029100
159069200
159782400
156652000
167942500
160866400
158768900
157995500
158448300
155188700
158064900
159024200
158701200
157379700
156603000
157285500
157361700
159864400
159373500
159123100
158925000
159464800
159572300
159819300
159954800
158125100
158523900
158118400
158400800
158992500
159038100
158620400
161413000
178764700
160875100
158539700
158336300
165887100
159401000
158867200
158698500
159476900
159280300
157174900
157347800
158231500
159065600
158864700
159114800
158734400
202827400
192330500
158362900
158860000
159085500
158741900
158322600
179136500
199811600
160756600
164274900
160448300
170217400
159235000
178496000
186390200
159379600
159407600
164557500
157402700
158403100
178494000
223002000
171514900
159098200
159348900
159059600
158371200
222582700
192714900
160045500
159342800
157210900
169285700
160741500
160920700
159478900
158507500
158467200
157672500
170588800
160363100
159601300
158837700
158862000
158531900
157935500
158857300
159660900
158523000
155723800
169168300
159775500
159474400
158866600
159422200
170469000
158124800
160137500
159205900
159863800
159376300
159170900
159411800
162156700
159432400
160019400
159478200
159120200
160117200
166583300
162716300
159100500
159005000
159333000
158983700
159601100
159518900
158967600
159452100
159494400
170269700
160359700
158025600
158010600
158253400
159628700
159568300
159704900
159175100
158620700
158544000
157993200
157686600
158646100
161597200
159551200
167608700
159737500
165395500
160563700
158198700
158776200
158280900
159278300
159593500
158559200
167887500
159379500
156532700
159085200
158121900
157392700
159460100
159540500
157764300
156735100
157979400
158304300
158914200
158643300
158426600
157764700
155261700
158190100
158167500
158544100
159710400
160654600
160250800
160313400
158179200
169286800
158959300
163979300
164493600
160422500
159090000
157722800
168713200
159001200
159025500
158973500
159246800
159164400
158297100
160016400
158604700
168657900
159611400
159175100
158140500
156989300
158094500
159677100
159399300
158748900
157593200
164691800
173101400
158665800
158595500
158851600
157991300
159132700
163586100
158591400
159494100
159292800
158696200
158531100
158008300
156680400
156337000
158029400
158701800
158439600
157755900
157629700
157491100
160351600
159581900
160298300
170000200
156938600
157696500
159280100
158632500
158042500
160722300
160052500
159698800
158829100
160930400
160218300
159125000
157453700
158045900
159366200
159320200
158903500
158270000
157998300
156210600
156119900
156641500
158684500
159496900
159598900
157601800
157007800
159180000
159111900
161898200
159114800
158693800
158723800
158792700
158123000
158690600
167642400
158613800
159098800
159304500
159230600
166977800
164121200
159857500
157340500
160467100
159329800
159079900
159807800
159771600
159722000
159118400
159867400
156632600
158893500
160752500
159750900
157636900
159423600
167814900
157811700
158437600
161032000
158602700
158606700
158178900
158735700
158686500
158704500
158984300
158591300
162133300
159435800
159903000
158876700
159437700
159320900
159109800
158885900
159560600
158417700
158641700
157537100
158164400
157937600
159576800
159469300
158017600
159797500
159796000
159415900
159010600
159351300
158799900
159134500
157507300
158706600
156727200
157766400
158773800
170429200
158837800
159136500
161425100
158751800
158939800
159054300
158162600
159243400
158584700
157957700
158691600
160379500
158454000
158677000
161845800
164961600
159884600
160158300
166654300
159365900
168228000
160092500
159146500
159086500
158324200
156304900
156260500
164728500
161493700
160471500
158473100
158346900
158539200
157675500
218622800
159523300
168889400
159990000
160063700
160013700
158788900
209290900
163858800
163963000
158053600
171079500
159008400
161045500
200739500
159574400
158475900
157410000
157456800
159157000
159235100
211809600
161595800
158907800
158707200
157666700
159529500
158171300
206284700
160881900
159651100
159507600
157966500
159199300
159587500
159024700
159361700
168753900
159728900
159135200
159571800
160412800
157746000
158376600
158589100
158934800
159868800
157268700
159086500
159969500
159961600
158440600
157130900
157184500
157320600
156601100
159819100
158546600
159729100
159771600
159922200
158805600
158531200
158622700
158930900
160161700
171676200
169030200
159153900
164488300
165729500
158970300
159941200
170161400
159257700
159179400
159025400
158795000
157774600
156943400
158905200
159282400
159015100
159262100
159216200
170638600
159549800
159134200
157731100
157992500
157626600
156660800
156554700
156743800
157391000
157541000
159667400
158872700
213876400
159466900
170136800
159368500
159183500
162980700
158557300
222278800
172742600
159192900
164668200
158550300
157905500
160067800
210758200
159727500
159120400
158161200
158710400
159217100
158997900
217445500
165464100
160048400
159664600
172906300
159554000
172128600
209939800
159900900
165944000
164221400
160157000
179008400
161657300
159201700
162538300
164918300
159433600
159980200
160058700
158060900
157142500
156912300
157102800
156866600
158031600
157686700
157066500
157684700
165341200
162684000
176914500
161345100
157631000
170682100
158523900
159094000
160312200
158482800
159650500
159844400
162902200
159718700
162035900
165665100
160127300
159797900
158096500
158697600
158242500
158649400
159844300
159513800
159243800
158189400
158430200
160959400
160346900
159063700
158765300
160509200
161642300
159234100
159575500
160457800
158526000
159587800
159116500
159319800
159949900
161356500
160135400
159380400
159379600
158479600
157144100
157600100
158399400
157851500
157034600
158518800
157438700
158835800
169023500
159928500
168524800
159699100
158549100
158477300
159321600
159099500
159112900
157470300
157663700
166768700
170570200
158940400
159632500
158865800
158672800
159372300
159055500
160195700
158205800
157852500
164978400
160506800
159828200
159171900
163404300
159510700
159931600
158749800
160414300
160974900
159061700
158879900
157153200
167874700
157135800
157885800
159334300
158706600
159346300
159487800
159630500
159426200
157752700
160052700
158112400
156687100
158900200
158360300
159577700
159411400
157800600
160206600
167998800
160363500
159613400
162961900
159950300
159647900
158733800
168118400
168698700
157578700
160361100
158095900
158021300
158972600
159222000
159727900
159574200
158142100
158202300
158607200
157483200
160057900
159488700
159248000
157306800
158255100
159058700
159218500
164604200
158502200
157286200
161170500
157503300
158041500
157920100
158430700
158276500
158144800
157507400
158807100
157869400
159038500
159648100
168327400
157949700
157800500
158102000
159549700
159806100
157747900
155977400
156876400
160077200
158919500
160356200
159667600
171091800
158755900
159685200
158853900
159797100
159923600
158469800
158242500
157361700
158714500
169548500
159186100
160084700
157024400
159299700
159237500
158771100
159897900
159227700
158277600
157399100
157131100
157075500
158576900
159903000
157202000
158653800
157975400
157546600
157670200
163454800
162654800
161689000
159559500
158880800
159405900
158628100
159839000
159911900
158187000
157402200
157255100
160368000
158849800
157844900
157609900
157053800
155901000
159505500
166493200
162644000
160018200
159546400
159837000
160617400
159302100
157918600
159453000
157868500
156715300
157791100
158508300
158673700
159158100
159566200
159302900
159494300
159772900
158613900
170638400
158022800
158732800
159324300
158975600
159741100
157976000
158260800
158523100
158475300
158863800
158091500
158779900
159046900
157527000
160170100
158757400
171362900
158731100
157081000
158683800
162610100
158957400
159307700
158712400
159153600
158892600
159330000
167646500
159956800
158847800
158683300
158721800
158740900
159221100
211034100
159623900
158583100
158150000
158451900
157848900
159068600
189741700
174567700
159209800
159185600
158757600
160016000
159720700
191281600
194242400
159484400
158424500
159080600
159417700
159812800
206353400
159413400
159185200
159542800
162893800
159297100
158987700
203752100
173337200
158506700
164480900
158335400
158799800
157305400
155262400
160700300
158980100
159013400
158533500
157790400
157756300
159130700
158632900
158091000
159885600
159257900
159171200
159202600
159518100
165867100
166491300
162307300
159898000
159080900
158498600
158836800
159526800
158877200
158138200
158716800
158097800
157899500
159094800
159095100
160566000
164412200
169848300
167129900
161330800
158408100
157546100
157693300
159485600
158363600
158093000
160478300
158905800
159223200
160014800
158717100
159794700
159173900
160375900
160319700
158527600
158088400
160506600
169294400
168702000
159210100
159696600
159093500
158319300
159328600
159333600
158753700
159316100
195247400
169665300
158934300
158722800
158011200
158764900
158770600
203001100
186212700
160795300
161272000
158612200
159222300
158861600
200750300
180174700
159042200
159042500
160570300
159551600
158890200
194678200
172654800
159132700
158686300
159258900
161077400
162510900
187028600
173621500
159362000
159226100
159859400
159093600
158765900
158679200
159984100
167010400
163576300
159610700
159165700
158791300
168138900
174350200
164583400
160736400
166358800
158933600
161900500
174924500
163337500
161039200
167155300
183147500
159808800
168146100
160854300
178748900
171747400
165888400
159040300
158648900
159910400
159788400
159588900
160005200
159171400
159602300
159260000
159129900
160219200
159391600
158717300
159802500
160247700
158980900
159825100
170319200
167338100
158983200
163015500
173372200
167759500
169392600
162662200
159857700
160143700
158393000
161019300
159234100
159657600
168734600
161366600
160101800
160205700
160121300
159422400
171484400
158874400
160511200
160067200
157042700
161866100
158828900
158664800
161401100
164640800
159524200
159384700
159594200
169881700
159137000
159598400
176059200
170823300
170382000
159751100
159013100
159964400
159141700
160737800
169085700
170764700
158830700
171940100
170682500
162214900
161564000
164226700
172675300
160497500
159488600
158899100
158981900
173051800
164950300
172689700
167044800
163172900
160614800
159620300
159631900
159809400
160153300
160048000
160995100
159816500
160287900
160024000
158953600
159565200
160462800
159791700
159153000
159196600
168239700
159850000
167381000
163287500
158480600
159422200
162351300
177287700
161590400
167649100
169538100
160640700
160396600
162319100
174412000
172993100
176805100
182226600
166193100
170108000
160388200
168128300
159137800
159410800
179956000
171776400
161399300
159739100
160421800
169650600
164334400
164916100
160227200
164842900
160306600
162559500
159471500
160526500
160523900
162994900
161965000
170601800
179439200
170603000
160797500
170404600
159021800
179187000
167583800
161549200
160607500
166185100
194289300
159426000
163615100
171719400
159582200
159590600
159429600
166322600
169378300
166891700
160554600
160531600
161487800
163598200
159884200
175114100
165667700
169577000
161292300
164263200
159361600
159713600
167249900
160075100
161376900
160810600
159385100
170755600
158903500
160043800
160090100
168415100
161693800
160163600
162805400
162511800
170725100
159936700
159372400
176244500
164051200
160601400
159049800
160251500
161815300
162029900
159862800
164255100
160540100
160597100
159912300
160215800
159704500
159648000
160374000
160399000
175835700
177028000
181193000
165715200
167677100
160214000
159587600
159540500
160820700
161542400
159225900
161010900
160206500
161006800
169920600
160623300
164274700
162570200
175267100
158925400
159106200
159203500
159024200
159522400
160073100
168564600
170631200
160994000
171035300
159774600
159163300
160183500
172255200
164120400
159405300
160565800
160641600
160158900
160389500
160067200
160317100
165717300
159434000
169795900
159917300
159218000
159984800
160665800
163620100
186778900
190136000
159350800
164387100
175419400
164560300
159902800
182947800
187031900
163791400
160144900
159143100
167842200
202309100
192106100
179402700
159693500
166230700
165572300
184234900
160251000
220528500
186567100
181736600
165472300
169647300
159708000
170073900
226986100
163528600
162726200
171778100
159317500
166784600
159310700
170736500
165918000
159887600
168364400
159209200
159862200
159896200
165481700
167900300
158939500
164985300
159447000
159112200
159474500
159085300
159102600
164739900
172886500
165687600
160227300
159865100
159368000
160892500
160104500
171622300
159354300
170958700
160143000
166953900
159524200
161360700
160427900
160572900
159604400
169434900
165213400
159491100
159702000
165270400
171367500
160754600
161604200
169217700
163314700
170506900
169191200
160298500
169802800
161109600
162282700
158632800
159554000
164501400
166447300
164384400
159879200
159812900
161350000
159718700
160039100
160435900
189476100
184591600
172942700
160203900
169321300
160298000
176421400
196302300
179789600
160178500
173037800
159165700
163650700
160312200
210946200
180867100
159571800
160373400
168423000
159190000
160636400
202576400
171548200
167095500
167298900
160803200
160523100
159350500
220639800
190950600
161874600
161361000
163625900
159504600
163779000
162797500
159319300
159983900
163819500
159039700
159555100
160361800
160156400
167403200
170438600
163713000
166033400
178192100
159616400
165620500
160209500
160533200
160250800
159698400
170729300
159183200
170567400
161378800
159835500
160159700
163694500
179920600
164001200
162714300
164260800
160133600
170628800
164575000
160147200
159308700
158917400
158630100
158285200
158195000
160969900
159338300
159826800
159128300
158868400
163118700
164830600
158607100
158154300
158253400
163668800
159036500
158920100
159349600
158751600
159011200
159269600
159533900
159514900
159228300
169457800
159292300
157780900
157294200
157662300
160282500
164804300
169560700
158248700
157395100
157181900
158352800
159014700
164914900
158573800
159820100
159189700
159536400
158168400
158783400
159566300
160665500
158723000
158495100
158681100
159283500
170877500
171641600
160183300
159343700
159187400
158610800
159390100
159478100
159521900
168337500
161935800
160062500
159446700
159791900
159968500
158352100
157913200
158082000
159413600
158965700
159560000
159687500
159209600
158176500
166065800
160077700
158356000
167802100
157794700
160106700
160057900
159770700
159035000
161947400
159661000
159504500
159625500
159095800
157683200
157732700
161716200
171855700
165361000
159179500
158989500
158524900
158539700
159059700
158729800
166712900
159211400
158448700
157700000
168880500
158584900
159548200
161544100
167354200
158108700
159386700
159262900
159134700
159673500
159525000
157624500
158501900
158916800
165754700
160064000
159710100
159438900
158183000
156265100
158557400
159884800
158594800
159141800
157477800
158053800
157148200
158997200
159641800
166010300
159009100
160226600
163494900
159415100
159115300
157275100
157309800
158844900
158627600
157871300
159063600
159387900
159251300
159246500
159740400
159385500
169235000
158996500
159820300
158236400
157975500
156240800
158168100
160854100
159383900
158926500
157490200
157289300
156960500
159268900
161548200
159601900
158821800
159574500
158337200
159031400
159589600
157666000
157367000
157091700
157514800
158391000
158515200
169588700
157963800
160058000
158749700
159414300
159200300
158807600
158886000
158875000
159185200
170419800
158887000
158851700
165323400
159352600
159215900
158320300
157698000
159417400
159756100
162158300
159471500
159241500
159098400
158916700
157666500
157807900
158008100
157614300
163169300
163644900
159228700
159271500
159116200
159347200
158957600
157540100
158206900
159128700
159441200
160430900
159621200
159579600
159426800
158587400
158369800
158815700
157618400
158294700
157624800
158928000
159182700
158631400
158620500
158621200
167487400
158244200
160391800
158262800
158328300
158078400
157780400
160419600
159089400
157820900
158638600
159156200
159221300
158196900
168826300
157591900
171036400
196296300
159061100
159678400
158919500
158128500
167221200
178228300
203896000
158471900
158920800
163263500
164787900
168138700
197529100
187058100
159609900
159436800
159460600
159026600
158940000
179660300
199823900
159558700
159118300
159300300
159135800
159168800
201688700
191053900
159632100
158968300
158239600
158419400
170659200
159151300
159400400
157238400
158211100
157391900
157209200
157823800
158524700
157917800
157434800
158172300
158141700
159236400
158230500
159399300
158526600
158050100
157876500
157807000
158399900
159082200
170852600
157508700
157031800
159341200
158537800
162141200
166471100
163720900
156088900
158388400
158106000
157808300
159235800
160744600
158247900
156436300
158780100
159629400
159641900
159929400
158842500
157762200
157279200
157775700
155639200
157056800
168847800
157088600
158163300
158026700
159321000
157788500
159305000
160077600
159168900
159683000
158916900
158662000
171555900
157669700
157647200
158152000
175428900
185663700
160615100
159085600
157300700
157589600
160137200
186869200
194454800
158822100
170286000
159214100
158736000
160110900
195847200
207637500
160028300
158712500
159412700
159487000
158999600
190446200
171135300
157212500
165097600
158882000
160194200
158125400
191594500
172023700
159405300
159719600
160564900
169985500
166297700
159104300
160023200
158305100
159327200
159324400
158693300
158767400
159188700
159187500
162138800
160454000
160061700
166326600
166631600
159768700
159903900
158792000
159067500
159750600
158935900
160433600
160187000
158760000
159541300
158996800
159485400
159780400
163001200
160482200
160956000
158768700
158462000
157842900
157866100
157870200
157844500
158607000
157543000
157928900
159102100
162975700
166065800
158982200
159169400
166571900
164860200
159785200
159298200
169419700
158921400
159572300
158994700
158822500
159049000
160516500
166467500
159023900
159475900
159194500
158797400
159300000
158258400
157949100
159209900
159064300
159476600
159881300
159451400
159510200
169773000
156948700
167555100
159362900
159105500
159299300
158523400
159516400
165813300
159099400
159141500
160139800
159865500
158637300
159002100
159682200
159847200
158829200
159748800
159791000
159542400
159896500
159584600
158733400
163163800
159399500
161960300
164293000
157505200
158069100
166010000
159469700
158853200
157877700
159037400
160036700
159093200
159576500
159404300
159159800
159232200
158730400
157495500
159165400
158899400
159932000
159291500
160520600
158874100
175751700
171441500
159123400
158943000
159295800
159515600
158842400
159446100
159855700
161128400
159492900
158490200
158509900
159199500
159146300
158823600
159211400
159367900
171565800
158904800
160516900
159632700
160291400
158907900
158633400
159546200
159838300
158806100
158895900
169283800
158480900
158697400
159018800
158836200
159206000
158962400
158552400
158448100
157820500
159072400
158865100
158992400
158463300
159329800
159172400
158424400
158453400
159079400
158684500
159062500
165165400
164396600
159025400
158729000
169055700
169808400
158047500
157825900
158203800
158124200
158979400
158803200
158423200
158406600
159036800
158790700
159421900
158044200
158414500
159364700
158900800
157607400
158417300
158298600
159978300
158816200
158913200
158393500
159005700
159241700
168621800
161403300
158498100
158470600
159573800
159766400
158753800
158778900
156619900
169070500
158577000
159262300
158850100
159182800
158274100
158375900
157088400
157951200
156215900
158386400
158130000
159092900
158299600
158089700
157600900
157953700
158432600
155596600
158075300
158851100
158404300
157772700
158064800
159324900
159765300
159193900
159188300
157065600
158290100
159743500
159301400
157485300
158627000
157898200
157576800
157672600
158217300
160183400
159592800
162792500
158398700
158657500
157833900
168796700
157744200
157625200
157252500
160599300
158723200
158854200
165378600
159845200
158315200
159179600
159272700
170605400
159974000
161528500
157092700
166085300
158432600
160634700
164221900
159602900
160411300
157518400
158486200
158724900
158134900
168258100
159178600
158834000
157309900
159181900
159542800
172917100
213849100
160594600
158917900
158892000
160917000
164526500
185330200
190137900
159238800
159798000
159115500
159354600
159327800
166597400
198427400
160131100
158978700
159046200
158680600
158439600
163720700
189622200
158817700
157737900
158711800
171413600
159662400
159022900
207565800
159802000
158411500
159339200
158913600
159426800
166003900
173587400
159229900
158745000
158615100
159602600
159403700
159346800
159115400
158408000
159028200
158258600
164291300
165636900
159142100
159435800
158137100
158559200
159018700
159849000
158960300
159471600
158672800
157535900
166067600
158213600
158839400
158922500
160756100
170194000
159182400
160025800
160170200
170928300
158965300
164749800
159531100
158932200
158594400
162159300
159196300
159459600
159221300
159386400
159259400
159026900
159411800
159259300
157918300
158996900
159241000
159822300
158951300
158473700
157794700
157852300
161682700
158085500
160664400
160084800
158610300
157743400
157049100
157973700
223127200
162211700
169300700
158108700
158530200
160138300
168695400
218271200
159207100
164358400
164033600
158189800
159384100
158856100
204119000
162876500
165206600
160571700
159464000
158594600
158719500
230711200
162443500
170391800
160643000
170352900
159270300
186202400
199901600
169593700
165208200
164055400
159988800
159835000
166940200
159285400
159654800
158900000
159514600
159754800
159256400
161439100
168176500
157367100
158799000
159629400
158983600
160422400
157253100
159564800
158792900
166006300
159129100
157947900
157787900
159086400
158540400
160457000
158831600
159333600
158771000
158518100
166707200
158685600
158100300
160070400
160723900
159199200
159779900
159156500
166502600
160177600
158924500
159526700
158579300
157452300
161230600
157731000
159239500
170182800
157203600
158967000
159622000
158649900
161738800
159650800
158875100
158915900
158576300
156481600
157614600
158774500
158469600
158960200
157210000
157053200
158249600
159890800
158871400
160585300
158350400
162305800
163725100
157578500
158780700
156096200
159732400
159407200
159947000
158055200
167779400
167983600
160470200
160022900
159644800
159958900
159530100
161535500
158656200
161434300
157494300
155480100
157518700
157640500
158916000
160051100
159633300
159216600
158690400
158923300
159124900
157506600
156930100
157400600
157765100
158936800
158027400
169500200
158786600
158975100
157474800
157959200
157529600
162781800
159360500
158090500
156231200
157925000
169198000
157608800
158145400
158834800
159742800
157187700
159412100
158911000
157225200
160738500
160099800
159931800
159186700
159237400
166844100
160320000
158015900
159592900
159650300
160096200
159466000
158464200
158436500
158826200
158802900
160331400
159095200
158452900
170636100
159216300
158819800
159116400
159492400
167363900
158253300
157644400
157577500
159202200
158217100
161507100
163421000
157031900
161841300
164892000
159529100
158634200
164391200
158173200
159170300
158611200
167574800
158281100
168214700
158798500
158882600
157743900
159259800
158794100
158211000
157978400
157474200
158327200
157735600
158080400
157790500
159645200
157261400
158278700
157794300
158875800
160213200
158652700
158589000
158980500
159346000
160445700
163429800
157070600
158434700
158630500
158774100
158584500
158624900
159069100
158363800
158833500
158394100
160280700
157591600
158360100
159082800
158722500
159555300
159268200
159360800
158814500
156887900
159780500
161399200
159432200
159150000
158919500
157340100
158733300
160726600
159336500
159968900
158828200
158080100
158889100
159759000
166750600
162958700
161352300
160738500
158396300
166495400
157931100
159378500
157862900
158241600
158008100
158113100
158693300
159838000
159104200
159658200
163475100
160660000
158349300
157895600
158043200
171586600
157795200
162947500
159147000
159706400
157107400
159825600
160751400
158863900
159020300
159065100
159754400
157560700
157669900
157563200
163712500
158808100
159057900
159581800
158839900
158394500
156697100
158411000
159463800
159750700
158864800
159305600
158765300
159970700
159294200
159100900
159372400
158984700
160034200
158119500
158753800
158926900
158583600
175575600
193200100
159674400
158722600
159460000
160332900
158522100
172850100
187880000
158949800
158103100
159309300
159325900
159572400
174170800
189678300
159895900
159107100
159055200
158530500
159321400
181675500
212923600
159351900
156910300
157466500
158817700
158605900
179110300
238145600
159023000
159430000
158627000
156910700
159711500
159020400
159255100
158148700
158662700
158221300
159120100
158395100
160049100
158802200
159958200
158592700
158992600
164407700
158882800
158189300
170263100
160754800
169540100
159407600
158859600
158274700
158575800
159822800
158751500
158647300
169964200
159127300
159012100
159672300
159217800
