154919701
154573654
154842600
154323165
154805870
154015277
154993187
153915382
155601471
153837955
154388261
154034481
155304097
154419509
154541017
153917585
154017154
155323148
155134519
154917675
153886913
155190579
154876759
153583229
154826624
155490051
154618426
155293817
155578722
154423905
154589980
155514914
155629593
154698890
154958208
154240305
155082398
157323820
154314320
153779324
154641216
153804176
154408677
154546260
155109844
154752340
155992821
153282448
155829856
153654315
154762484
153940954
154048861
157640537
153429512
154750670
154163661
154084607
154373930
155136113
154320054
155889887
154444549
154803551
154542753
154319065
154496139
155505976
154746126
154212530
153857016
154929182
155959956
153783518
153672844
154034710
153760559
152992537
155972031
154783161
156178898
154428600
155961557
155195746
155038152
154201969
155933377
154356419
153779677
155098929
154247866
154730486
155494772
154097573
155381615
155136288
155568391
153297821
155668142
155283768
153425304
156159707
154770725
154039144
155746868
155144725
154530448
154710141
154863900
153939680
154881799
154700836
154396098
154387047
154281328
155348988
153612403
156302070
157634118
156729283
157481932
155734110
155730805
155127978
155026613
154438846
155058751
156699706
155563291
155576830
155065986
157196443
155352854
157185678
156332809
157167018
155687395
159398300
156544606
155714533
153664018
155064134
154008220
156578195
157400218
156890620
155282728
154534420
154701524
155456973
156237908
155434317
156671574
156168543
155237290
156168179
155591685
155866867
154388956
157536186
155168286
153745604
153892477
155103332
153886354
154471729
155076420
154513440
154191575
154495404
156840312
155379488
153201823
152977258
152975133
154316819
155931079
154328658
155269822
153667526
155017010
154447303
154704007
154965242
153333967
154414538
154746621
154262307
155454988
153087044
154430757
153903954
153056815
154481033
153141417
154846631
154291433
153221766
155856543
155650910
154914738
154912404
155014551
154834158
156054328
155052097
154005682
155320992
154029939
156461775
156804938
156056165
155159585
155180465
156610082
156970104
154932288
156575852
157519204
155464733
157116887
155506328
154685173
155823173
156128313
155925964
155703889
153955187
154880065
153315132
155851137
153771197
154049144
154026292
155137065
155279430
152829861
153463983
153797604
153333258
154473742
155100925
155644269
153288461
153526457
154391160
154472434
152994806
154212040
154221244
153728458
155873978
154565227
154559918
154375590
154220485
153666629
154316359
153218373
155244886
153388002
153860186
154386049
155243298
153458377
154520711
153448318
153080203
154101854
154201952
154386185
156222466
156763185
153631567
154379816
154153971
154021761
154299440
154452902
153858049
153271553
154966621
154889025
155231418
154569096
154287995
154131880
157722527
156026232
154298546
156537998
154176561
154245427
155148759
156126197
154741212
155007052
155627598
153970006
154303381
153593354
155142640
154609291
154128720
154043780
153315112
154169263
155304038
154464695
153682076
153028740
155269959
154921005
154695540
153946760
153228273
154933527
155446740
154060400
154262972
154558070
153744897
154377505
154823807
152800585
154171198
154548313
154866395
154894689
154761025
155460810
154388023
154780093
155931808
154469576
153927041
154251289
153964894
154575153
154100003
153696978
154494335
155127863
155154307
153749559
155073022
155597735
156092394
155766229
157597367
155609597
156676501
156046587
154804237
155154109
154841042
155458326
156459879
155596347
156045298
156562724
155884696
156834623
155318686
156234979
156451142
157629305
156518125
156036396
155995343
155694943
154640514
156551151
156831402
156725186
155016541
155376459
156255044
156482009
157349872
155227682
154726237
154108552
154276402
154204633
154915159
155379702
154260345
153940241
156569231
154529323
153934963
153350395
153975445
155268503
154608404
156204442
155516176
154583378
156388598
155689060
154236765
156961753
155781195
153622811
155206819
153729279
154781043
155588770
153398246
153274077
152899377
153205259
153948209
154855925
154716716
155209839
154302894
154844321
155194182
155134532
154523994
154710034
154772660
154657477
155060465
153424971
156855879
154140288
153877835
154558169
154288762
153809075
154197179
154290922
156614909
152860062
154486699
154281495
155028380
155049627
155958896
154384134
154074378
154640116
154714822
154974640
154651569
155592712
153875500
155191493
154738823
154531018
152938451
156864004
154860359
154987680
154462742
153890924
154521239
154330094
154996387
154843866
155700129
155624326
154864011
154646823
154642371
155031745
154303225
155073091
154117246
154561840
155033704
154802907
154357922
154596001
155720733
156135539
155716663
155025201
154317283
153878736
153941611
154260563
154147371
154403571
153746592
156044813
154061918
155127405
154608648
153885577
154173505
154744404
154286188
153391044
153818142
154764415
153426838
155362912
154126058
154515676
155462437
154843020
153857171
155300680
153267034
153223051
153656166
154582005
153669922
153993842
153900121
156271612
153512117
154277244
154630530
152879380
153972214
154269301
154712536
152891057
153984282
155120768
154164797
153246876
154207901
155744718
154279710
154580526
154901154
154690544
153701511
155361093
153009156
153452513
154333999
154407473
153973269
154992453
153232027
154733551
154670044
155554441
154575994
154283429
155260884
155232270
155967945
157229049
155083217
154332113
154402597
155428036
153487486
154083673
154721363
154742224
155459721
155044071
154659937
155433251
154741340
153808135
154381207
154929595
158027562
155191853
155567782
154302275
154633799
153480074
154767968
155992770
154992753
154511903
154370164
154674583
153995417
154192521
153320852
155501243
155315176
153994413
155711782
154631597
155153930
153429071
154164855
154336050
153716407
155859101
153923288
154570141
154924256
154904798
153966263
154735156
154489164
154520884
153907834
153518733
154268181
156016176
153793107
155204361
154470550
154384374
154873530
154485430
154056005
154897602
153998730
154966080
153440034
153319681
155064063
155574535
156449666
156035391
156360610
155104005
157452357
155053421
155385877
157337918
156252342
157489011
156195593
155150643
156070775
154351920
156240384
154714522
155442926
156660400
157752771
156718910
154767279
157114601
155373649
155461102
154674666
154638645
154384316
155322640
153607854
154245113
154777178
152866944
154647006
155031016
154556197
152933532
152051171
153421736
154647885
153488182
154362256
154058302
154033532
155123919
155622999
155436473
153751677
153012678
154271176
153542095
155745651
154795762
154847608
153973212
154048040
155103514
155238447
155245076
154144682
154978384
154894295
154834815
154434728
154305058
154068611
153750077
155117837
155250002
153859423
154804080
153719871
154699017
156913014
155686523
156228076
155217955
153986697
153567771
153648045
154709400
154783179
154420403
155438737
154653135
154913045
155780360
155080108
154199542
155116008
153872221
155487909
154489279
153910586
154802785
153107135
154866999
153272214
154967717
155183766
155750951
154255959
154607548
154777738
153605627
153821061
155564859
154727801
153747190
155296773
153038394
153883182
155695127
154365879
158882226
154901308
155675321
154662854
155985187
154097440
154796179
154394262
153263376
153512609
154297289
155340027
154009633
154441441
154813713
155654131
153911170
154391331
155007537
154634996
154769630
154660235
153757714
154667066
154627981
155782189
153857703
156381145
154053041
153569075
154159237
153614338
153103579
154020404
155906315
154831209
153310769
153665393
154905005
157226751
154265538
154527446
154484152
156114071
155264508
155006314
153697089
154483231
155028592
154933682
155079520
154159077
155114860
153807320
154420922
153652213
155544061
155433514
154660149
154202716
154404562
153747402
153651406
154326485
153509469
154498705
154353731
153263998
153500077
154447888
152347334
154543746
154421161
155131564
154864285
154303647
154920665
155078574
153611626
154278433
153822001
155238356
155498296
154311871
154020193
154036518
153695064
155664824
154952610
154407177
154364699
155357208
154050582
154114301
155227916
154511678
155579927
153969887
153879393
154896652
154231658
154809739
154332105
154593195
154813193
154140540
153998851
153397523
152812624
154552533
153654612
154844507
155105207
154874852
154845753
154204865
154424104
153561744
155068578
156140723
154494685
153195042
155336426
154121304
154210696
153725064
156070278
154490327
156020560
154965972
154686877
155438080
154863806
153672211
155555221
155392614
153896064
155312301
154678641
154435349
153146219
154279696
154210986
155317025
154555793
155678706
154632948
155528053
154665117
153530857
154763146
154577004
156421310
155241423
156108024
154228589
157034285
155407902
154902699
154852273
154741152
154551609
154965126
154410464
155146587
153557590
154308914
154735180
154401162
154929269
155788220
154513458
153832641
153401971
154797787
155231551
154273323
154382525
153934546
154570663
155281021
153691855
154422690
154587092
154673601
154564624
152627341
153768337
155499898
155081103
153795147
154027602
154567550
154695266
153050970
154077668
155360004
154282013
154020787
153918743
153582490
154755488
155493054
154706002
154006758
153614107
153477865
155511727
154947934
154155834
153538427
156646513
155592901
153826902
154299904
153921685
154816557
155019810
156992406
155444229
153603718
153516571
155001936
157116102
155637438
154375026
154906527
154903364
154259731
154452407
153358651
154233383
154902966
153746491
154154236
154039204
155983032
154752100
156677984
155232566
153305853
154681456
153632729
153288713
155065045
154399428
154982009
154240454
154727796
153795828
153528420
154540892
155803924
155172033
155294961
154647692
159005556
154451397
153996715
154407430
153656356
154950202
153952135
153413273
154071591
154429683
154330993
155430309
153928686
153503797
155636347
154594187
154622578
154242798
155689763
154246384
156277497
154384867
154659692
155175729
154816060
156327303
154757765
155894874
152981400
155010904
154046625
153357274
154929177
154892631
154324079
154917195
155167252
153703946
154166269
154215056
154425580
154468113
154617087
153708931
153246712
154702716
154681342
154374365
154737279
154940455
154536986
154371526
152840076
155865426
154054781
153810077
154003626
154785698
154254473
155354150
155001908
154401740
155066769
153683959
153792966
153876891
154611868
154515995
154612234
154337085
153646641
154426265
155075670
154381987
155663542
155432824
154142923
155698412
154150896
153810110
152480355
153679674
154119931
155983482
154946717
154571371
154483408
154949049
155450177
155296921
155350581
154216747
156638370
154159700
155055584
154156718
155631105
153859733
155049665
153048277
154624908
154718908
154709755
155351025
154341383
154572557
154245729
155060533
154450316
153635208
154491366
154962660
153564615
155425465
153954760
153297327
154382316
155711298
155582242
156072766
154628365
155811647
153936043
155227377
154524038
154551589
154989911
155392450
155660266
154811399
154549853
154210580
152742811
154674283
153913851
153594214
154813102
153176004
154617705
155152683
155148872
155001315
154200239
153799399
155388752
154929553
154368667
153889108
154320202
154198544
153971589
154013811
155463782
154077848
154168956
156035503
154226536
154381676
155145182
154517436
153936983
153775704
154146670
154848296
154869410
153900985
153444321
155868883
155343322
154484472
154005419
154444915
155425940
154022250
153514715
153658115
154287250
154576456
155012534
154912837
154630783
155030724
153162078
154668700
154911624
152881973
156891744
156350628
155286518
154539787
155131806
153656175
154924646
157501317
154606245
155091347
155647014
155096564
154651793
154622931
154274528
155210546
155237530
155391080
153245787
155204768
155509061
154298559
154659610
154387516
154090605
153716260
153600366
155363614
155892559
154895421
153712254
153190303
153884249
154615150
153563785
154346552
153803934
154176797
154662595
155243964
153810398
154225914
154059311
154603650
157657126
154060632
153375040
154501026
154498708
155208037
152616262
153825760
155476882
154052263
153467428
155570409
154372556
153494561
154399600
153780382
154244110
154369149
154423034
155210393
154867014
153341646
153986643
153648563
153730889
152981119
153860831
154036186
155895867
153800527
153881347
155080142
153897300
153244484
153922173
154330559
155776260
155039053
154279371
154235302
155193510
154869885
154429074
153732473
154298790
154019998
154411067
154509367
154144187
155034342
154461232
154861797
154137243
154567990
153531644
153932263
154209825
154065727
154451210
154620371
155350706
154726679
155518205
154364430
154612073
155127349
154150051
154109803
153932304
154137736
154647489
154412887
154115498
154157648
153878418
156582928
153855273
154138840
154333002
154116446
153842003
155626510
154758596
155341119
154272340
155485383
153811389
154182070
153874102
155132458
154271446
153647507
154824768
153319007
155559771
155775987
154667600
157104182
154072764
155111877
154726620
156584996
154937762
154489402
155670273
154362417
154729657
154088202
153361317
155047178
154226780
153606911
154398525
155300826
154974776
154511180
154066412
154141448
155556286
155446663
155357175
153844142
154105913
154632628
154084934
154030440
154142025
153997841
153491521
154398741
154562171
153539762
155028590
153708532
153427810
155464220
153965792
154051588
154938560
155209137
153019980
155032189
154534849
155431245
155052993
154122609
153271915
154566808
153785298
154127013
152941983
153242799
153885909
153805464
154031570
155092672
155377964
154391533
154872586
153867281
154138517
154785311
153815359
156025188
154822271
153426289
153664485
156351013
154870409
154823751
154527470
154019778
155214916
153945870
152913783
155207141
153120905
154290083
155019809
154845773
154009466
154574307
154542399
154255960
154336976
155518537
155059150
154589112
154512375
154728101
154872907
154372408
155475291
154987356
154200403
154286269
154145490
153591807
154548853
154147661
154323774
155013350
154661524
154082271
154984584
155584679
154426531
154598854
155657826
155228946
154289378
155760278
154974009
155600729
154547231
155522641
155430117
156316011
156616840
155715312
155677410
154192960
153262866
153938299
154519563
154606321
153990937
154155196
154977654
154811411
155301986
154468377
154122094
155346767
155209612
154492217
154926331
154661357
154437862
154457476
154824297
153998000
154323049
154075865
154088621
153394949
153883905
154835878
154099668
154881667
152912735
154745282
154412205
153993544
155272589
154163491
154635928
154422592
155155301
154234105
155379916
155285371
154752273
154509469
154898122
155316600
154968599
154863382
154406514
155463156
154513488
155416571
154125042
153613904
153730367
154624168
154378526
154263283
154272745
155444796
155828345
155607366
154234785
155428589
154635333
154810707
155156446
154072301
155479896
155146149
154771662
154633920
154743907
153770519
155156816
154295147
154779337
154781697
154636638
154920019
155717800
155089607
153438186
154802402
153977227
154655771
154065882
155647380
154038443
155191677
154861878
156493212
155967478
155015475
155184357
154134224
155044261
155394399
156335874
155061489
155253296
153265134
154681416
154401112
154720475
157987205
155317660
154883757
154309923
153292282
154304360
155342294
153700195
155159607
154497115
153821247
153954046
157082396
154865235
154160981
155334860
153851575
154108819
154134962
155288042
154478433
153959403
154031494
153960402
153429115
154743948
155281249
154191706
155361890
154285008
154041889
154799672
154836107
154680470
154394301
155101021
154439497
154385276
153225344
155336203
154695257
154158187
154686818
155565173
155500571
155893606
155229774
156023695
154763616
155505029
154303238
153679403
154942624
154569793
155182465
154977625
153402187
153833660
154472521
153908132
154965565
153219504
153898161
153901051
154086236
154720043
154835076
154589624
154903592
154555299
155009459
154414330
153629894
155235706
154382389
154598978
155651346
154928578
154572529
154073361
153936417
155226201
153471960
154581315
154659412
154878777
153685574
153673408
155348187
154240863
155405465
153344396
154694871
153815373
154354150
155762254
155355064
154080336
155687473
155142579
155319748
154090267
155420957
154400813
154779473
154379705
153478997
154633474
154229984
155183262
154671746
153365729
155479269
154242563
154220662
154189287
153225107
154464286
155140893
154216429
154241881
154866165
154209504
156200522
154197739
153559437
152919774
154570412
154662430
154156530
155189560
155385019
154781154
155390170
154310413
155068347
154629143
155952920
154621015
154299665
154996111
154541929
154794570
155082228
157641248
155149861
155326534
153956002
153928911
154483766
155522178
155391247
152357890
154428016
153942430
156156897
154762403
154655972
155218453
153555340
153616096
154295728
154535781
153837722
154083598
153549293
155655349
154354485
153638410
156127819
155247033
154634489
155631751
154770825
153984843
154762567
154523360
154239064
156803004
153576303
154265837
154288192
154271244
153460239
155929394
153409169
155519334
154297253
155717588
155031820
153854818
156201556
156148350
154227344
154099554
154727589
154743692
155332954
154899664
155353739
154200089
154887974
155744390
154178517
155938276
155176005
156304803
155064976
154396173
155126164
153556502
155087992
154677472
153822347
154274302
154338905
153526736
153709874
154316609
153071820
156072636
154461281
154625157
155260106
154711810
154439280
153748979
156352348
153330908
155442462
152738933
154756659
153680955
155450007
153435425
154435509
153440405
153956174
154864649
154442408
153338394
153239356
154686350
154882008
155057078
155131430
154473614
155543186
153791204
153414943
155121602
157421480
154060133
155520422
154672419
153855798
154687984
153979699
154988713
154223049
155004205
153552310
153642086
154043530
154681493
154396219
154835905
153996486
154349771
155322412
154650146
155183045
155143103
154712590
154913588
152922741
154372521
154160316
154732675
154275344
155407375
155991133
153722722
153823312
154892935
155123988
154257558
154070192
153910267
155074967
155725981
154002664
154499384
153604093
153628833
154593531
155112899
155349553
154894992
153260115
153641309
154773007
155150507
153781549
154189461
154880439
153278453
154573537
153486331
153946400
154666811
153830118
153110565
155837437
154760784
154810882
155294489
154669887
153868131
156027217
153773499
154978300
154074299
153605432
154383021
154280158
153665967
154421773
153495143
154373329
154535633
155237856
154009420
154607927
154824004
154588072
154276572
153819591
155144060
154496806
154307404
155619066
153919122
154762164
154505296
154577897
155381153
154600477
154543483
154117786
154593735
155609138
153881313
154786053
154534765
153924247
154148390
155197949
154931842
154729262
155377321
154585862
156421179
155001665
155998297
155300870
154380909
155770816
154484028
154227615
154839066
153916872
154841992
154421923
154053374
154343311
154637358
154982765
154011545
154455900
154051461
154058619
154375511
154897401
155187288
154691292
156463099
153615678
155181890
155821704
154459926
154307466
155181239
154778292
155680124
153815260
153172905
154356541
158411912
154351037
154475834
154432495
154320089
154473976
152864927
153787293
155214747
154402784
154533593
155535977
153122841
154622746
155379645
153741328
153765163
154232887
154759041
155184276
154737829
154181501
154624306
155232788
154855852
154276752
154920403
153919527
154545887
153501999
153948216
154348223
154537321
153813527
155376215
153902094
154375798
154317744
154836293
155202106
154291489
154870540
154139315
154256113
157769701
154745505
154743873
154561917
154075441
154463694
154678306
154891029
154268107
154908115
154044392
153973966
155023184
155010043
154281305
153816211
153281048
154486905
154735566
154390433
155521937
156117228
154143223
155052000
155155030
157937330
156156546
154564077
155590790
154483318
154159729
156496262
153915897
154696813
155356378
154307793
154774792
154152109
154307759
152985038
155795455
158490427
154519856
153362369
154513038
175419784
153714787
153917041
154423235
154687267
153918649
153319321
154353289
154093090
154843944
153960653
155081264
155086529
155271665
155074627
155384662
154107625
153924995
156407146
198846092
154149575
153611382
154244911
154535556
154948671
156223804
155230760
154395396
154588504
154141934
154563126
155129881
154966714
154346730
154805297
154190459
155347819
154380318
154748641
153254453
154078881
154769631
154131961
153719764
155167331
153758779
154655570
155087994
153383535
155239629
154884692
152789786
153873227
153957838
154544105
153741669
154634505
153921513
154045505
154634625
153695746
155359058
154391555
154880317
155438995
154233090
154954978
154975616
154512676
154328700
154655467
155573416
154664302
153871357
154012278
154603681
153188839
155233474
154246365
153253363
153934644
153914949
155597815
154350282
155111269
153973685
154404806
156174786
155841160
156471902
155753230
154740408
153715437
153981090
154745282
153779210
153971295
153734764
154193001
155012321
153914976
154996774
153640882
155571418
155931591
155456217
155291581
154714452
154325457
153173995
153992034
152634907
153767545
154579599
154864311
154542081
155141447
154253856
155996635
154274956
154770446
154915646
154330012
153902991
154408369
158810717
154817888
157277923
156536578
154709455
155652995
154460797
154026527
154380905
154245265
154284796
155883129
155351735
154265890
154864890
154347672
159333325
154365818
155262659
154764613
154786308
153884799
155115415
154373153
155369401
154257748
155251075
154689176
155506355
155459216
154611163
154834242
154081817
153135922
154858499
154546204
154780386
153534328
153571087
154261275
156562677
155031486
153929181
154552412
155436485
154569584
154032031
154570008
154516463
155556186
156073003
154106157
154628772
154656032
154315193
153978597
155078667
155509181
154931199
153289041
153798504
154045799
155418326
155684570
154980347
156513274
153460488
154420893
154884007
154386197
154469126
154765838
158128474
153647897
155475693
155023279
153537781
153359590
153960016
154292653
153763073
154011382
152814351
153343599
154128326
153571671
155186636
155524200
154788409
154250406
153676185
154215928
155463557
153995591
153079295
153069498
154872375
154147100
154709816
154261944
155839313
155106686
154460588
154037142
155623298
156130669
153873219
154490834
155083611
153418237
154502804
154434594
154324279
154618894
154605826
154737832
154594658
154057793
154178227
154836103
153513085
154158762
154101682
153519296
153936085
154353747
154076976
154414320
154708866
154189222
153994968
153727871
154028363
154294344
155369031
153498579
155096692
153898576
153898984
153635347
154005726
154854504
154011411
155585889
154213262
153399673
154893491
154960017
153697884
154880929
153610011
154446378
154351967
155992064
155333708
156222622
156878491
156238656
155981138
157630340
156478527
155822001
156321521
156227228
157149895
156745409
157063121
157198518
156671711
155887490
156360631
156465504
155035427
156588260
156790316
154733368
154124614
155646683
153956348
155397982
153578446
154965679
155358074
155488933
155341574
154378077
154386380
153686391
153768688
153848812
154676479
154045855
154670614
155305748
155040425
155520581
153256777
154355491
154468795
154904597
154230781
155171776
155341271
155423156
154882605
153499121
154174570
154977662
155460009
153549860
153586218
155514554
155206393
154763819
154711086
155050427
154684832
154105996
154055569
154707435
154493713
155160236
155748409
155991029
155724982
154174023
155596587
155945545
156022787
156439076
155661691
156442599
155959687
156142845
155312720
156699596
154223007
155896406
155425301
156131605
155004580
156542751
155841272
157103492
155201601
155833092
155158845
157257643
156859151
154888696
156039646
155214683
156969295
153838707
154735031
154621913
155087625
155495182
154418729
155089425
156311127
155207297
155470244
156307894
154453612
156464571
157062700
155958931
157210229
155356022
156399254
156945312
155361781
155888609
156944978
155874144
154848942
154122584
154878447
155530026
156784234
156002441
156485208
153749407
155874583
154931414
157448078
158381197
155842686
155045094
154726439
154731849
155135846
154808523
153930550
153355625
154694867
154163063
153824745
154222206
154950460
154676205
155056895
154413052
154534918
154650717
154945491
154868993
154919612
154601650
155908032
154509276
153219116
155386504
153318566
154831400
153907903
154307369
154095286
154222718
154404782
154343548
154261285
155235450
155535588
154204863
154957165
154084655
153900635
153183691
156040485
154124735
154648729
153840022
154433140
155336273
155322349
155707291
154634679
154879199
154480683
155105582
154489885
153623427
153688710
154572360
155393916
154474087
153297944
154071274
154838643
155672984
154071860
153749342
156665386
154125246
154278551
155736422
155673782
155511873
155852603
156219628
155435307
156083930
156819324
155638447
156915967
156696798
156348340
155548100
156431827
156237873
155707181
157519383
155612842
157162796
157228293
155740801
155515558
156643049
155818752
155971709
155200151
156491239
156101615
156099017
156915950
155974849
156520890
156532862
156936364
155616738
154438710
155620997
153923187
156305334
154772994
153378324
154606476
154806718
154968762
154702457
153631151
154889239
153643028
153824860
154628391
154803110
154609123
155100662
154432112
155954777
154633511
155227795
154606524
155165376
156146117
153933177
154881773
154007421
155487461
154361960
154365631
154979265
153074600
154560605
153373605
154628251
154969503
155435744
155128290
155391135
154643680
154318042
155030848
153970541
155859424
156001821
155738811
156291736
154796004
156433357
156741404
156388917
155418977
155667519
157261178
154994048
155839351
156409851
156692240
156869347
156593835
154499827
156214853
157539398
155307352
156404548
157291716
156844037
157057383
155706618
157129831
156815915
156331846
156081262
156872625
156164380
156495826
154859256
154490705
157247860
155977614
155826365
157104755
156049757
156222433
155983125
156106555
158611640
157591947
155987491
156819320
157437874
156219403
155808497
156440145
156302107
156198394
157168453
155999838
156040355
155342227
154790857
153148854
152858560
154769490
155520481
155201392
155785615
153809014
154412201
153945260
155895503
155513002
154038687
154569695
154348122
154171140
156151654
154656837
153371494
154033560
154484808
155911357
155023821
154303889
154560935
154440703
154877780
154762995
155696399
156318356
154540319
153234183
154870634
153715181
153596844
154710575
154293144
154828451
155011873
154838963
154462311
155489308
155465492
154019933
154529880
154875494
154856741
154425604
154815476
154826483
154858237
155579395
155359491
155234523
154937515
154531114
155327150
154783076
154149695
154441284
153072914
154471013
154998980
154109578
154814545
153891794
156372365
153361090
153587971
155112461
156428099
155050881
154506698
154593088
155842642
156026683
155250370
154956861
155274749
155805892
155183876
156053123
155533890
155884493
154966679
157122131
155765445
156263638
156243517
155636337
155664671
155725231
156786585
155841427
157404190
155709006
154737622
154898433
155310822
154638396
155582206
155230001
157023139
155549564
154967426
154503309
154305099
154352975
154832662
154226872
155527194
156174555
153982895
155648973
154678180
154349252
154247586
154781662
153601005
154811632
154825040
153868427
154299187
154430186
155314379
155851367
155961343
154739134
153520206
153793505
153969972
155991611
155825226
155083079
155701635
154426240
154830793
154708189
154493604
154566750
154111252
153880468
155042521
155545824
154444846
154669304
154909522
154505741
154496059
154728886
154519836
156248554
154777017
154452033
155080714
154798026
154196584
154139094
154018428
155463824
156845543
154176474
154465292
153454307
154527388
155004870
155189588
155656281
155236404
155804751
155574635
156214661
156441806
157086698
155362244
156629455
155930102
156105001
156742128
156020110
156453542
157912905
156314886
156616501
156949993
155420175
154658283
156640218
155655952
154849076
155663385
155405064
156117068
156945540
153649463
153120574
154682194
155964462
155580648
154809505
153641455
154967333
154323006
155056976
155298147
155357006
156183273
153101183
153872845
153560524
154042038
154670665
154549995
155265962
154804764
154848252
155186715
155204830
154076855
153515190
155414572
154497899
153710531
155165319
154015193
153864391
155539413
153297107
156084607
154240413
155860071
156230227
154580989
153627163
153637495
156270353
154461003
154009582
154762317
155136881
155143816
153778731
154119058
155597482
155637030
153383684
153058484
154514401
155745107
154604298
155240483
154909326
153766588
156304954
154564680
155105990
155089983
155409818
156691660
155053292
153707225
154562032
154311446
154551897
154750742
155168950
153935618
155613668
154118935
154879769
155371661
153657268
155544389
155399045
154456893
153745081
156630709
153604580
154001726
154729855
154777594
154033010
154317791
155946244
155307985
154179805
154094327
154660140
155938840
154642620
155218649
154902060
154260692
154853978
154962376
154004835
153616175
155782642
154417121
154307953
156077397
153886022
155467224
152961494
155213524
154479619
153478041
156911019
154831620
155475658
154969367
154926699
154218199
154577462
154834802
154896614
155699916
155052258
155086280
154196011
154401064
153792007
154896501
155327614
154950495
154585953
154538232
154912050
154739011
154035257
155708133
153972830
153501760
155039352
154968097
155343904
154092099
154462500
154198734
154042428
154113861
154223241
155332913
154735358
153803757
154333691
155091799
155393668
153488004
154194778
154873581
154544343
154792823
157098867
154961609
153579782
153367624
153702173
154836320
155255571
155154256
154313169
155095719
155424979
154044691
155156970
154691633
153365939
153566965
155497471
155159875
153635421
154655517
155715751
155888311
153351809
154442121
155634047
153535164
154354689
154606823
155057372
155271005
155040238
155413330
154454700
154801092
155486541
155696036
154975933
154874995
153711872
155817456
154816770
153889928
158158727
157945162
155325973
152909730
154829650
154608387
155937844
154308070
157340362
154612630
154239229
154390238
154379918
154783927
153901135
154387861
154191981
153501243
154053912
153938566
154721651
154323536
153834889
153298648
154525988
155031909
156273859
154825980
155334103
155460498
155759015
155532819
154746367
154447501
154379305
154259302
156188497
154484980
154107172
153137991
154942029
154029476
154820280
154969368
154258554
153983513
154449818
158031884
154424184
155080091
155349779
153323336
153887321
153834785
154498562
153464781
155392145
154832612
154346987
154053473
154785034
155636280
155385133
154427991
159326352
155106608
155443498
153292775
154631429
154745573
153989487
155909053
153653984
154272355
154980128
153954587
155394617
154575016
153541167
154470688
153812367
153842451
153831713
154443160
153668387
153419032
155254580
155880158
154575168
154394560
154382573
154397912
154507648
155677382
154130208
155701116
155274249
154619662
153220531
154583223
153598442
152877897
155103184
155910350
155449838
154280689
157210254
153430307
154706805
154610545
154094706
154853250
154070691
154846679
154285158
155032919
154145696
153770561
153090669
155631120
154043777
153383584
154652737
154238772
154832652
154121425
154165049
154356092
153939127
154728706
153756760
152809351
154626767
154810572
154538230
154331562
154127833
155370428
154980672
155608890
155395105
155694050
154731625
156330575
155408583
154436591
155867126
154702731
154694942
154990456
155153339
153781913
154910480
155353811
155334380
155372820
153709950
155069562
154747262
154623442
154228401
154800913
153678326
154435745
154225306
155390961
155488389
153358102
154195920
154098120
154127762
154760924
154107094
154937011
155290478
155120249
154314724
154615110
154464624
155388010
154351722
153378695
156089277
152618000
154475460
153436074
153154136
154194003
155301179
154465182
156773559
155320360
155949674
154760197
155210055
155705624
154991436
155554889
153742507
154489020
155143608
153959740
153932892
155516548
153924419
154803051
154406419
154912794
154419640
156146795
154984223
154608541
154488539
154218016
154319196
153985913
153940094
154081680
154813139
154240617
155227229
154499435
154631918
154918735
154484067
155076036
154804786
153758942
157325777
154576700
153485163
155279373
154399803
156268250
153355731
154542984
154155632
154726762
155102457
154730161
154720050
155142437
154760490
154847887
156520024
155099012
154318529
154174522
154081591
155527645
156580870
155100795
154191871
153280715
154941271
153018092
153621639
155532565
154658130
154379445
155100925
155029497
154435338
153328832
154295743
154762227
153977248
153565335
155725792
153914992
154893247
155876891
154534546
155403140
153241893
155268419
154492292
154694802
154678324
155003024
154480838
154174384
154755763
153953089
155261144
154840953
154213395
155648039
154806492
153897712
154869793
154858847
154912334
155092568
154914922
155544564
155339754
153819536
153661088
154540751
155348551
154180020
155297892
156320101
154687791
153868176
157698015
154215197
154560332
153926889
154914948
154619178
154000811
155090864
154513356
155329968
154569069
154917733
153647563
154322673
154551369
154746517
156828655
154518476
152889640
154374417
154350690
155496585
154178220
154506792
154947277
154720642
153755371
155859296
154647781
153628297
154001517
154765779
153504520
154017327
156305854
153999933
154516708
154932950
154387339
154441874
154968999
154665468
153751622
155260992
154096951
155427350
154049294
154791534
153297019
154398525
155582005
154520594
154580298
153963526
154349388
154199592
154655112
154502682
155389536
154243496
154408269
153668676
155173983
153723170
155681642
155267983
153616101
155416287
153784882
155515235
156038857
153894698
155053355
154697911
153298884
155055939
154519367
153030100
155013049
154975550
154037723
154099549
153483061
154241433
155438212
154312985
157258433
154911916
154711251
155184226
155231661
154314324
155234571
154358532
154585186
155927221
154923354
154587009
155597864
155552026
153556008
155210519
154172631
153500298
154878442
154795550
153287626
154729104
154185450
155265551
154944114
154275923
156272923
154976823
153789023
154906296
154532738
154547848
154536508
154851305
153730026
153203678
153825646
155009573
155026944
154264517
153941878
155493980
152383330
154979456
155174088
156005622
154020824
154122523
153200495
153797521
154057054
153839904
153581558
154534463
155832372
155378070
153194339
153361326
153748922
153128533
153890722
154479221
153798129
154618767
154802551
153240928
155058793
154961812
155423383
157945860
154824210
153821887
154344250
154413236
154299474
155552086
154803268
155841593
154046169
154810064
154741574
153706959
153557159
155260699
155053065
155065348
157137731
154555206
154982489
155374685
154856846
154878399
154267852
155664080
155110632
155469087
153967079
154342814
153711145
158621306
155771817
154947670
153521602
155951438
155721264
153792953
154093111
155332594
153569271
154719358
153732896
154802743
154803417
154570469
155362311
155080825
154281105
154075980
155038048
153777755
154439979
155938807
154602456
154592433
153886297
155316380
156337163
155038602
154440268
155204021
155996484
155194347
155095626
154654887
152874861
155679073
154053904
154961617
153189547
153394567
154107281
153840763
156082255
156334259
153443756
155785955
153548918
152391049
156037950
154750154
154215606
154842926
153169476
154788942
154931425
155657604
155134822
154845807
156149936
154588162
154564179
155370969
154822474
155008886
155824118
155138774
154436919
154293680
153854347
155030112
154239644
154731697
154239580
153502921
155217093
154603429
155391343
154660622
154886819
155670508
155233987
155974121
154628188
153903407
154957608
154343935
155089293
153550458
154420756
155012903
154340007
155036990
155295796
155722247
155278184
153562636
154233095
154685088
154231105
154186736
155141552
155177797
154028249
154861128
155292828
153821001
154942629
154214660
154292517
155697555
155291472
154796678
154035514
154946081
154237204
155030865
153608604
154061238
154386778
154905102
153976534
155559568
153600054
153694443
155044983
154571354
155478136
155265085
153679898
156336001
154540136
154988715
154202033
153517361
154614103
156033216
153881585
157116880
154932723
155455598
154292988
156384825
156033768
154236159
155175514
154433092
154463389
154381789
154825482
155642985
155492969
155338058
155541424
154937657
153030117
154534571
155075733
155574698
154532667
155121371
155285536
154280967
156239122
155046870
154610517
155000074
154045330
154985607
154916052
154759737
155170628
155177634
154535480
153377903
155521740
154752545
155645998
155555454
154681291
155528147
155779234
154610685
158282270
154580572
156047318
154345268
155394645
154856266
155413290
154040618
154937410
154466974
155593740
154452235
155103840
153590722
154572755
153347376
153987092
154284328
154196218
153827889
155562393
154654072
154779944
155391778
155242946
153729526
153977994
156618606
155342352
153824170
154429910
156109394
154570747
154962559
154180351
155662912
153785732
154057573
154843761
154263725
155384070
154023755
152786027
154540045
154884376
154491936
153811374
156215787
156850082
154504002
154960286
155820168
155420819
153986778
153711813
153934275
155841472
153967941
154669255
154312352
155207201
155901178
156114010
155230629
154695439
155006866
154304900
153648603
153493512
154571894
155206758
155150225
156099098
154119964
155690312
154016603
154289193
154164550
155120249
156674280
155234273
154695254
155308106
154913507
154273963
154645737
155406229
155260545
155130326
154186175
152773631
155122175
154371800
154393703
154758929
154302746
154561211
155334402
154565467
154092356
155007103
154337066
154497814
156102353
154834435
155105563
154671808
154633656
154848791
154011418
153660088
153830001
153658871
154460184
156398962
155019467
154299601
153234381
155755630
154349518
154586013
154960292
154438351
154951916
155992370
155218787
153605796
154397630
154177410
154477709
153465834
154402453
153668187
153809719
154644090
155213495
153237946
154718743
154587689
154131384
155653352
153766158
154994112
154845106
155246304
155267378
155395557
154307184
153277753
154251557
154654441
154435863
156854311
155791573
153952460
154739382
154882142
154938762
153801223
153143341
153199335
153968332
154280379
153762197
155904333
155068182
154964261
153682152
154274369
154801795
154313980
154011186
154446748
154518124
153294485
154081412
154033505
156597158
157199275
153502129
154511980
154133882
155191134
154494450
154609862
155641752
155037360
154180625
154015054
154325558
154954271
154729043
154427148
156171470
154120927
154592205
156707441
155096593
154712153
155846344
155056892
154732158
153916003
153879550
154607128
153992250
153736209
153551102
157145118
154635057
153789008
154174577
154846388
156259738
154882438
154694825
154270734
154992656
155246694
153804148
155028501
155107167
154617602
153684074
154459877
155007717
154397384
154226043
155053909
153596853
153840885
155155704
155589198
156033440
154419598
153959868
153703178
154412072
157017973
155370861
154728963
154814998
154375684
155360894
153873268
154714789
154719086
154609284
154420853
153415403
155147608
154324734
154568168
154701689
155097715
154948209
154764112
155736250
153524051
153374815
155425233
153855927
156589690
156083047
154599215
156110842
155238172
154708919
154137198
154445239
154592593
154787143
154517712
156183078
155473411
155182212
155411568
155103374
153601252
153803584
154094618
155246771
153259012
155279255
153951533
155729329
155507205
154443576
153973128
154314438
153601408
154827142
155825104
153995827
154772858
154315272
155231436
154881411
155701978
153576520
154352532
154316510
154263823
155346689
153958932
154369017
154940170
156447326
154146269
153941031
152918688
154177925
156007903
153382179
153697755
154765661
154480657
154906281
153847983
156156070
155525360
157548074
155511571
155815248
155087526
155186990
153951684
155796913
155070482
154491240
155976864
153814029
154902468
154258569
155999881
156601956
154003119
155292280
153122540
152828125
155803334
153929065
155124931
154224886
157058563
154461223
154149132
154488162
154438088
154338076
155155804
156194592
154491242
155230769
153824178
155178282
154569722
153769371
154902565
154370216
154043695
154396030
154707147
155552563
154265270
153362575
153625345
155329763
153103230
158680078
154698735
154457044
155722793
155314826
154749631
154786991
155585695
154412503
153788905
156058866
155628103
153750000
154317879
156447278
155777527
154887031
156550732
153959937
154793271
155266642
154015764
154520990
154905892
155481478
154278363
154125577
156552060
155486981
155106041
155675431
154851314
155350965
154732351
154016861
154757655
155335001
154536538
154168056
155067015
155323058
154675665
155716680
154875876
155547712
155522809
156074080
156017395
154053655
154974383
154912152
155514307
155088053
154778286
153576459
155347666
154429331
153427370
154591506
154261605
154674686
155272460
154881178
155016145
153994043
154768148
155042236
155633571
154167028
154668178
153123787
154805761
155331148
155604869
154037017
153991607
154229139
155688163
156667817
153402587
153935053
154705707
154146871
154494721
154987044
153947248
154232631
155670071
153615928
155555980
154689976
154667327
154530122
153597941
155849428
153727407
153902326
156016302
155173843
155478987
154873998
154100344
155560982
154467194
154101379
155336865
154999854
155860837
155519127
155166696
155556032
154994538
154015732
154733793
154962152
154445113
155809843
154682416
154237745
155759118
154970842
153793850
155964429
155021120
153596144
153909393
154703303
154996560
153978217
154326841
155270120
153382646
154722317
154652029
153508453
154196744
154024233
154243908
154427036
155509827
154921131
154559001
155260224
154515766
155176014
154457527
154243565
153922867
155193784
154154729
156576787
156012629
153974642
154022391
156152547
154626209
156404247
153961596
156108031
153877528
154735309
154184921
154756057
154618689
154586322
153907966
153445834
154070613
155095682
155156185
156441970
154167151
155373048
155553139
153657912
154595772
154716081
154272889
154296316
154317658
155089172
156130743
154455738
154033619
154594026
153955373
154351249
155195050
155528100
154610546
153943148
153885211
153785894
154608454
154788720
153985483
156879276
154888076
154659546
154596267
154217713
155313616
154309871
153598494
154967486
154421474
154107580
154415771
154020434
154973208
154297997
155049387
153687553
154868304
153989855
154102285
154171140
154093611
153953391
155132617
155062590
155231610
154563365
154760340
154702732
154643752
153324741
155404528
155154245
155211856
154562141
154226405
154368548
153473385
154987975
156574762
154008250
154860141
154990550
157289641
154476911
154938468
154401088
154989337
154756580
155063657
153990628
154221445
155341593
155239646
154911818
154380816
154393414
154138605
153511847
153669769
153125080
154831048
154285814
153991986
154639489
155261943
154977837
155166270
155188379
154920605
154787343
155660407
154911301
155018303
154926264
154626712
153835652
154920132
155689582
154956692
154346404
156817821
154747858
153612231
155402583
155435492
156133781
155224527
153616164
154517179
153781797
156018229
155099041
155645979
154558126
155553800
154446996
154402209
156666551
154424842
156511422
155365733
154078012
153446111
154331681
153278668
154128164
154691168
153790940
152668984
154411863
155598511
154475709
154185556
154716290
153872399
154389515
154808983
153941890
153656414
154290660
155974088
155435743
155839718
155706421
154262527
155297368
154325076
156163064
154568525
154779481
154055551
154434578
154837973
154686225
154611951
154519434
154681129
153344207
152546265
154572351
153701527
153240224
155144671
154182554
154680024
153911738
154398950
153732281
155850342
155087997
154884130
153864855
155608516
154775233
154629083
154655010
155939980
153837236
154888857
154662918
156038526
154436114
154417940
153658911
153786813
154459941
154709491
155410712
154018503
154604079
155141668
154833601
154421967
154621364
154276271
153351151
154434387
156669698
154876312
155687612
154557711
154864394
154644954
154122224
154288483
153701904
155213329
154402029
156178893
155623476
154030055
154047990
155007698
155632998
154402398
155932087
152938175
154575575
154707203
153662090
154751768
154816218
154285880
153497935
154495544
158078381
155150330
153985917
155023241
154054686
154527001
154234797
155047176
154938106
153970078
154265648
154553532
153692129
154099231
153969245
154802803
154414561
154881769
155748311
156236524
155289550
154400792
155023290
153902397
155557485
154852964
155539457
156846508
154823647
154477295
154453486
153321243
153644837
155049456
153728636
153281457
153798228
153629132
155407518
154886225
154432338
154549049
154289617
154353751
156584407
154183716
154560930
154360092
154573342
154192179
155154594
154949738
154838782
153796043
155450091
153308110
154816055
156575723
154189852
153340850
154288060
154734588
153939951
153703223
154783438
155132287
155013170
155092965
153674661
154165398
154603798
154870929
153202326
154475507
154451893
153739356
153906998
154971070
154135626
154490361
154736369
153348624
154077614
156170671
154464520
154714980
154496531
155241116
154209676
153785185
154399051
154920928
155129623
154592379
155231544
155033249
155215793
155185785
154701090
156421898
154934148
153979114
154911684
154015931
152738058
153812223
154035734
153603536
153936688
154629416
155187703
155781742
155114934
158415383
155285068
154753646
154689872
154264146
154308557
155002173
154662511
154684801
155051175
155095799
153407874
154490356
154606388
154843138
155552391
153965021
154767270
154569448
155232339
153126222
154605387
155926059
153160079
155676289
154584543
154527343
154510903
155041460
154639055
154592688
153563525
153460627
155579941
154942884
154463468
156265573
153093908
154518906
155011029
153887403
155127012
154518110
154443025
154378244
154704924
154364410
154476616
153559462
155035178
155400763
153259920
153679992
154850274
154818115
155438214
154658365
153364846
154161168
155151511
154675600
154670579
153935792
155868799
154747314
153643193
155977486
152816947
154257600
153383825
155011474
155779071
155810202
154454596
154582799
154242075
153883695
154426122
155014715
153367844
156284200
153780218
154729433
154821739
154460392
154653277
155073661
154195538
153911937
154031026
154005201
154872675
155193119
154924105
155466113
153974639
154126195
155378823
154583718
154497614
154245851
153219650
154007847
155001048
154441218
155132091
154686213
156603197
155074762
156054809
157061817
156670845
155370753
154014939
154133239
154342442
155868439
153702390
153214296
154281330
155479991
154556088
154885487
154327078
154497507
154189045
155684712
154236307
153695252
154290131
154855091
156352997
154906966
154426868
155123946
155679265
155234995
155925672
155502687
154203482
154776005
156209038
154797178
154197062
155377297
154545508
157302410
154325173
154706887
153975178
155674390
153987251
155190731
154323142
154016515
153536907
154364941
154782917
154884269
154062348
155369980
154055416
154837043
155448806
154952390
155191615
154745887
153838204
154195596
152637890
154747487
153661394
155512407
153523789
153277847
154032328
154352570
154298235
154746390
154847016
155617105
154979465
154406849
155714876
155516857
154097419
153627223
155015570
155215425
155232350
154742369
155341767
154917250
154631133
154353247
154383300
154694660
153562959
154451655
154634647
154912926
155435628
154223604
155176697
154018552
154290987
154317025
154514556
154684509
154334733
154939467
154945149
154074241
155548909
153269528
154721728
154684730
153254805
152938902
154870254
155436246
154478635
153899241
154804582
155553026
153085908
154578177
154720274
155090439
156471609
155583474
154305697
154772115
155590054
154909673
154040385
155317926
154667801
155186648
155091848
153513204
155781045
155780230
154721895
154424484
154327736
154548515
154019412
155633461
154425300
153903209
154785209
154475988
154382862
154856814
154715165
153419791
154536823
153864471
154518109
154070656
156037313
154892315
153715051
154293308
153452052
153652066
155407135
155730360
155298950
154571542
153657538
156161630
153900727
154167838
154862046
153699667
154142164
154382929
153653841
155164015
154590856
154052044
155655647
155142590
155525178
154924757
154974486
154981600
154168355
153829507
154717275
153693507
154350064
154471705
155267679
154879382
155054114
153745751
155005648
154923849
153234196
155811730
153858335
154441838
153803267
154195616
154645754
156168417
156190938
154657301
153078206
155284056
154157630
154912860
154948881
154553436
154897381
154644042
154270047
154420297
155036874
154498857
154495759
153370996
156405373
154592859
154237243
154440169
155218416
154938887
153829691
154283820
154369100
153961957
154891041
154381890
154234465
153950733
154126764
155707178
154550327
153811485
154410289
153583262
154714348
154349454
154855352
154554335
154145333
154143345
156293972
154554776
152874365
153505977
153476384
154508413
154751142
155414133
155137119
155526703
154693936
154538620
155765871
155504520
154157294
155085672
153692175
154728182
156008749
154395200
154682309
153901015
152529691
154415457
155129872
155235228
154634774
155268779
154614818
153595210
154624226
153965670
155527701
153069947
153692814
155393226
153315472
153698361
153627579
154128779
154444958
154186024
154008121
154480574
154634735
155090778
154745212
153822125
155275601
154753959
154979992
154472611
154255487
154411039
154518984
153774036
154785036
155467921
154310704
154701719
154655617
155192283
153935176
155049836
155312624
153965980
153700063
154966032
153288367
153742808
154844246
153896927
153639346
154491457
155356767
154651056
154178608
153212033
154831923
153938680
155527918
155209447
153920943
154604165
154721835
155154833
153950394
155190210
154106381
155116402
155461963
154855355
153469761
155929087
154666516
153937622
154146907
153820303
154861334
155126972
153681488
156010688
153506501
154743998
154588702
153729467
155768130
153989890
154292895
153566642
155890288
155613347
154198704
154346513
154372044
154746626
154031768
154428223
153224739
155168041
154668489
155381961
154088176
154294257
154095214
155749379
155103527
154198708
153888632
154600668
155484071
153599836
155579314
155169453
155364535
154800285
154586860
154195373
154871560
155280328
155050388
155105363
154535162
154585402
155362595
155148058
154685384
154483706
154246986
154438611
154394740
153471853
155210761
153280535
153232397
157627120
155290616
154704771
155635535
154924983
158158384
155681430
155642246
154688079
154067416
155740172
155531197
154359890
154445283
154344737
152916556
154789114
154138971
154730237
155379564
154965680
154407126
155868696
154962040
154631280
154842969
155345413
154559851
154722218
155922559
155182391
156143455
156741756
157167460
156618738
156156484
155945345
155498859
154414630
155082251
156602910
156735922
155054694
155882956
156536215
157415325
156151866
155346311
155848963
156815547
156584095
156364502
156502956
155155877
156098527
155441630
155830181
155113763
153899853
153813586
153803738
157899887
153858111
154250177
155279784
154906274
153978825
154317889
154000198
154197430
154136202
155315757
154246780
155807728
155795177
155653868
154765136
155413954
155211416
155166347
153512691
154290326
156260166
154842290
154494067
154185376
154579455
154623933
154381915
154481722
154426676
156305657
155060803
155372341
155003642
154423400
156771556
156182249
154682749
155654976
156141387
154855036
155648668
156231471
157089346
156991449
154313724
157779132
154740610
154686632
155792507
156343551
155963894
155970884
156296248
155094710
155100326
154673141
154246801
155761216
153859007
154949853
154571800
156121165
154614584
154180059
155197191
154528840
154192275
155565598
155621033
155350444
153108098
154654377
153485284
153559161
153433535
155327404
155998566
154513020
155034706
154911224
154984660
154810257
156605048
152789670
154590241
153694853
153949810
154072487
155092672
154915082
154456442
154638488
154380250
155181091
154875743
155152681
154325058
154174541
153974453
155869368
154440482
155341047
154730060
153492430
154624971
154434942
154379572
154131711
154591648
153595286
155385190
153511889
154935577
154910467
154840375
154760560
155835228
154652955
154138549
154916920
154569549
154091984
153784930
154649394
155171810
156037790
153993189
155490754
154475484
154729189
154594406
154842940
155207419
155246358
154321462
155214914
156097830
156372786
153862648
153977904
153955864
154873335
154649513
155572824
155191972
154878222
153762500
153515225
154578699
154627516
154661353
155606792
155511997
154425492
154530942
155154199
155034347
154872716
155801722
154101620
155593932
155495104
154046068
154681841
153860291
153570446
154532181
153952472
154235848
153968701
154960113
155915880
153479784
155771575
154258728
154206194
154043795
155883171
154805575
154351657
153861820
153881118
154621075
154766506
155379068
154900875
154300421
156035621
155862768
155742718
154672463
153705248
155935789
155241026
155838434
155581353
153747982
154364188
154202605
156098360
155090121
154522373
153620833
158976155
155097921
155054223
154009044
155110035
155064282
154022361
153904879
154108197
154719464
154877026
154746378
157700524
154268193
154921056
154379499
154879288
154091811
154285691
153649995
154926424
153776993
155115233
154147680
155267300
154947343
155069390
155139676
153229699
154417676
154526639
153340062
155283839
155286983
155531748
154925713
154562805
154009845
154053320
155981239
155575961
154629049
155069407
156419335
154079897
153966879
154273143
154593857
153892328
154736896
155402406
154525205
154567928
154596703
154469386
154796757
154348301
154078455
154035913
154191287
155429466
153988004
154253830
155333910
154862500
154032338
155367464
154463618
156546341
154592245
155706195
154985156
153743914
154592077
153516862
153767068
152999126
153793485
154546891
156182217
153696474
154264573
154298515
153408826
154095366
154740583
153951483
154616555
156273049
153952913
155906709
153664700
154802915
155264996
153961826
155499612
155453565
155743881
155221345
154152718
154743283
155163885
155117852
155414326
155176951
154714723
153933273
155050916
154368144
156124219
155049418
154408725
153474425
155195112
153463660
154088345
154236527
153873319
155474081
155451015
153701132
155152679
155489035
155955995
154458022
154406621
153625169
155056763
153747452
154770387
154207555
154421149
153952908
154525859
156017980
154594237
154150084
154270744
153792014
153806706
154809841
155346981
154869928
154484756
153609671
153637866
154839187
156276310
155556930
156790753
155777814
154895995
154491090
153938978
153383329
153236314
154798511
153679984
155867012
156212438
154281619
154576026
153372182
154346678
154716448
154481289
154445509
155270975
153959721
155467304
154455454
155811926
154307219
156927227
154504690
154850580
155094711
154713385
153913934
154502714
154926346
154410789
153892836
153585351
154135901
153982273
154597653
153880550
154372273
155056573
154196796
155354032
154901898
154995442
155431300
154036064
154224650
153566551
154452785
154043775
154434955
153848774
154252869
155314270
155157532
153980544
153869554
153842550
153575264
153803239
154370705
154811153
154971850
155116699
157808113
154822433
155481825
155107791
154910987
155590604
155860742
154843411
154150376
154616459
155624269
155900991
154331442
155278905
154379738
154712645
154478815
152992147
154660971
154521851
156146697
154394469
154271858
154481582
154590155
155601014
153586591
153846163
153786113
154295902
154567027
155029070
154852437
157073564
154617442
155884218
154305204
154434898
153520626
154868065
154231766
154793852
155205373
155703473
155058068
155109768
154924184
155379772
154509948
156064607
155253913
154496585
154543248
153643965
154141973
154534985
154631890
153443417
153041226
155365898
154537937
155041095
154658043
154412723
154838532
155532115
153801669
155054724
154068727
154075161
154252760
154184977
154331549
155986819
155299032
154359215
153572731
155172346
152460130
153974566
154439735
154887578
153426539
155444677
155679468
154799355
156001746
155045486
155215828
154520174
154870454
154477977
154516064
154587597
154228010
155151203
155538766
155255798
154801131
154152332
154860869
154813117
154946130
154775714
154431129
154499871
153614311
153636830
155485876
155251022
155672386
154625084
154742199
153864364
154356051
154172007
154919425
154776895
153552744
153459415
154608090
155312286
154418357
154058288
154864438
155887250
154603633
155398597
153883828
153536038
153964980
155504674
154934523
155452919
155374735
154726560
155563594
154028758
155418190
154515295
154898380
154190664
154060189
154378530
153868999
154261351
155166029
154826565
155182712
154835032
155108233
154101167
153461411
155608751
155067186
155091952
154958338
155714648
155478886
153231918
154014369
154873856
153694058
154486877
154644814
154834230
154371195
154488493
153789034
154216123
154970029
155771839
153938557
155859023
154395288
154241780
155276673
156216493
154421705
153323126
153752603
155061199
154646147
155074661
154553057
155087833
154544689
155404577
155069200
153741894
154190517
154429805
154484792
153181145
153508175
153536136
153337233
154238881
154394378
155720788
155875638
154755066
155020966
155657308
155436761
154807768
154466223
155242870
154978223
154420350
154657746
154721368
154071308
153919539
156596360
155167269
155179919
154955559
154957938
155218012
155013904
155064335
155031696
155529057
153861491
153140998
154319587
154878335
153274225
154893087
155643073
153579441
154955736
153877951
152975969
152983431
154239713
154483165
153672603
155197723
154571281
154046778
155285602
154574957
153770545
154586820
155466181
154496056
155174830
156349318
155467117
155209489
155250108
156438259
157140350
156745942
155714999
156693521
154963795
155956921
157086108
155144900
155658326
156877249
156045101
158353161
156417110
155885039
155479826
156250897
155897942
156322394
154894409
154323150
155079478
154805252
153762273
154570328
154326164
156219628
154441189
154131288
154244908
155658167
154927102
154104095
153188798
154998555
155793050
157812167
156223870
155523339
154550710
155778772
153757304
154174153
156085767
153693808
154607004
154263361
155398839
154985330
155215422
154010317
153330352
155584532
155078818
153930495
155040586
154883520
154722246
154109021
154954040
155210926
156367570
155830550
153737157
154626205
154298282
153330255
153910581
154919507
154617507
155984599
156813563
155209552
155644485
157155590
156999773
156431688
156570149
156609846
156830268
156736795
155742074
156666228
154927529
155830588
155496255
156767391
155292993
156101831
155434357
154380557
154348473
154186803
154440201
154414527
154214700
153535310
154543033
156349011
154782546
153426929
154104788
154473066
154555210
154929739
156744496
156054117
154016378
154718890
154131522
154935715
155948287
154012698
156402488
154927086
155071752
154877224
155297503
154716367
155355804
154827214
154365596
154471029
156162068
154472179
154382817
154889222
153673135
156205536
156827847
154621651
154411648
156188035
154310507
155283450
153924828
154556615
155033023
156505917
154061842
155294599
152957070
155042219
154261067
155034988
154439640
155396460
155547825
154428270
154630214
153766194
154920162
154638705
156268041
154584728
153711974
154197860
155610094
154580917
156124344
154952828
154173358
155170921
154535927
155455238
155076001
155613963
155256720
155471188
155265787
156425122
155548130
156047973
155494334
155549808
156357712
156169099
155255395
155551330
154682030
154689798
154675192
155708842
155537885
155734907
155991785
155129674
154477039
154504236
155931427
154541915
155517196
155590667
154629121
156220819
155420095
156646556
155647969
154915710
155676025
155051137
153596726
154397826
153578563
154586931
154082950
154834198
155234632
154683598
154320934
153407245
154924992
155077309
155372747
155140526
156177460
155836778
156307092
156017440
155385589
157829860
156914767
156091011
155001348
156113301
155094628
154973950
154930306
155382775
155220443
154384745
154825264
155181240
154462881
154831763
154174610
155317664
152959218
155172487
155427936
154696523
153994700
155656591
155175907
155380071
155936967
154637016
154297753
154428018
154745606
153344094
153519962
154597308
154293637
154385141
155006565
155020877
154485412
154474251
155476143
155062707
153319077
154702223
155979566
155855667
154827877
155381034
153837356
154773913
153817776
152739991
155078864
153773304
155708694
155309712
154454455
153936989
155558248
153502207
154853544
154916813
156085503
155194463
154240350
155807199
155814405
154209611
155818295
155306644
155459733
154258774
155214673
154764612
153147544
155309522
154842409
154159164
154424581
154012808
154353083
155789216
153786972
155800034
153481630
155473101
154703698
155571604
155055232
154856581
153255486
154029284
156084421
155672749
155072780
154672620
154139183
153649099
153951552
155244123
154746906
156012254
154444901
153895673
154410526
153944951
154429691
154994467
155606459
154668596
154283995
152988655
153880177
154501129
155471081
157570911
154655075
154440831
155273311
154491637
154420040
155097409
153050396
156418687
154823197
153249027
153404841
155060549
153833472
153324838
154732202
155731220
154813052
156179870
154817429
155144765
156030793
155274531
155602029
153652394
153654960
155348756
155055069
153775547
153753629
154195640
155724178
153871939
155340604
155406717
154797593
154944594
154782563
154792056
154567162
153996030
155273649
155429716
154563777
153968911
154554660
154256943
154747282
155873150
153675718
154010055
153410013
154265748
154667963
154663405
154930046
153601867
154460527
153677660
155726646
153937818
154221855
155030492
153952288
153712692
154460549
154176721
152996059
155101699
155790733
153317088
154888902
152926894
153973091
153284633
155033980
153474211
154609551
153645149
155064615
154579971
153830636
154612721
154302010
154790266
154992115
154123567
155054045
154538242
153716183
154648725
155108265
154051455
154468891
154559246
154644909
153851426
155363872
155537333
154265568
153424577
154120989
154366012
155151505
156497464
153641793
155180020
153699651
154968303
155860105
153825831
155159482
153657469
152946024
155927564
154783893
155476776
154199227
155182676
155339813
154482629
154404294
154286983
155626650
154076229
154580903
155037969
154349900
153831305
155818619
154611136
154980157
154325032
154179214
154626622
153685096
154395274
154831394
153512516
154194771
155970896
156632570
153629518
153973388
154747766
156292088
154285307
154533695
154431003
153506210
154945649
153715887
155254301
154760750
155851208
155573066
154746518
154832384
155755762
154629233
155353676
154345244
154253210
153794599
156554552
154313319
155720842
155051164
154949425
155653674
154435721
154662132
155153666
154385983
155053399
154769992
153716122
154498544
154341223
153788659
154728074
154622889
154933878
155501706
153665714
153398643
155129282
154682290
153938876
155135468
156115335
154143259
154512676
154864857
153723039
153267193
154452162
155012452
155061406
155202919
154321827
153573096
153796302
155515937
154444775
154989527
154486946
155255215
154199121
155757020
154857936
154057990
154450516
154956943
153644214
154814915
154859917
154233714
154184834
155716376
154579191
153676333
154280276
154165626
155846219
155681910
154208394
154507234
154690446
153871669
153336403
153803098
154899454
154510514
155777211
156197071
154922663
154027188
155581121
154927561
153961772
154333297
154166235
156066422
154338059
153635689
154866062
153859447
155222322
154877581
153569863
155958881
154455602
154682505
154904154
154085892
154928764
155471079
154506922
153322620
155288674
155208299
153693943
154886202
156046705
153886019
154657412
155797092
155279948
154405793
154741864
155089424
154794203
154326824
154011685
155334777
155240600
155184251
153255561
156108787
153406213
155169485
154194177
154710391
154904364
154770177
154297432
154128710
155320658
154076443
154013701
154879900
154669577
153674829
155208959
154568453
155482407
153386054
154735032
154956211
154597218
154836561
154764433
154236060
154855095
153699276
154767068
153774462
153628944
155628307
155891873
154345899
155686396
154416553
153886524
153502740
155491841
155158672
154296765
153914382
155281091
156174921
155917487
154703579
155233879
157242828
157122662
157356281
156200825
156477086
156009163
156492991
155554045
156152543
157375453
156079193
156449816
155939438
156143721
157365704
155449053
155335952
155974109
156064077
155830862
154943549
155455590
155957784
159198713
156369877
156401802
155591121
157173588
155615317
156199707
156172356
155452504
157098895
156103597
154948122
157264464
156442130
154733563
157735132
154875985
155112685
155863526
156989910
155460929
155050763
156565179
154693902
155889345
155061811
154113415
154033452
155735781
155876407
154682463
155664583
154841452
156005774
153054009
156387362
153452678
154291005
155122976
155190308
154048400
154010485
155170439
153424624
154633571
153991995
154520042
154810284
153436826
154621552
155941107
154097091
153851995
154298359
154716871
155250002
155227708
154253957
154286777
154850921
154742670
154639655
154969014
154528120
153771460
154015934
154678071
154263820
155792567
155149705
153736897
155622583
154808438
153622489
154185116
155131417
154171314
154708230
153691825
154656927
155614396
154861713
154652867
155377439
156117560
154492039
154856072
152792186
154472140
155452133
155232987
154586505
154824538
154233952
155516625
153689835
153917480
153268795
153718299
153827879
153873192
153886094
155055663
154175785
154064484
157886096
153770265
154594997
155144897
154757775
154641467
154824888
154427072
153671886
153734226
154673980
154998517
154775409
154294333
154988246
154358283
154669631
153485877
155752897
153907566
154628439
154154132
156960506
153935645
155098604
155183580
154279118
153296327
154531603
154038678
155616109
154832858
153669318
154931638
153615235
153920943
153686005
154382233
154586820
153223381
153504372
155087375
154047166
154368943
153140647
155556485
154729275
156222220
156119987
155329511
155322093
155443972
154251328
154201298
154848881
153952237
155247028
153757682
156121991
155243873
154307437
154176188
154858557
153933960
155157773
154624553
154778555
154798943
155164675
154802299
153388674
155150761
155130441
153839228
155868825
157228060
155715139
154415075
156838373
154741542
154922841
156530875
154469117
155337068
154708627
155967773
156064954
156210438
155239218
156541267
155077595
156485569
155228774
155607909
155601368
156422380
155461790
154169306
154517412
155322306
155579241
154868180
156637146
154697499
155824895
155678023
155392687
156240140
155758789
157385679
154615840
156633066
156238225
155224101
155877090
156658083
155510951
156460917
155889693
156894993
155089420
156914463
157902304
156123452
154875417
154912227
154718389
155564601
155390480
155184810
155103357
155984168
155824040
155639830
154726652
154784411
157674008
155617919
156200377
156116941
154920740
154766504
155718781
155327757
154914092
154650572
157179540
154951027
155720475
154860599
158098933
155781902
155375267
156217909
156779428
154859697
155506995
155618452
155797208
155818858
156741751
156022327
155470358
157060657
156423257
156167498
155610747
154024377
154504407
154488622
154378451
155452478
154326269
153629748
155140052
154595385
154601374
154380591
154345067
153585918
155086253
153960544
153980592
153071890
154592982
154057788
154266521
154712037
154874691
154459120
153626395
155189467
155517344
154788945
153340492
155041718
154301129
155261510
154831956
155153055
154806625
154139122
155118300
154605797
154576423
154460458
154904227
154996059
155092974
153864431
154569423
154468717
154063288
154189146
154713040
154817765
155107413
154718827
155055292
155118878
153266637
154732222
155584726
154701225
154730878
154661475
154558014
154554095
154441769
154808117
154726181
153755769
154522221
155604641
156026126
154151657
154607968
154456459
154490714
154530044
154649912
154265887
155436379
155239851
154954706
155112131
153761035
153862006
154070809
154241085
153829299
156954124
154598209
154815121
154863885
155157464
155579642
154048829
154222279
153228932
153840209
154146808
154274506
155162258
154743887
154259297
154015134
155754261
156588333
156636394
154240167
154984762
154378444
156097885
153799974
154252831
154550499
155408178
153947991
154884788
154518916
154362217
155873013
154731736
155667829
155041611
154829557
154713104
153827909
157050587
155508098
155462980
153778076
154396214
153922469
156360050
154019978
155225645
154771667
154321604
153642165
154487251
154361056
154261909
154256080
154198735
155049633
155900451
154164255
155285553
154177241
155535511
154262009
154691907
153622468
154294110
154504372
157121577
154343451
154674929
153550555
153727943
153898096
155077785
153660465
155355998
154593881
154340105
153618154
156144042
154175203
154490291
155363802
154209100
155699293
155579621
154491254
154387056
154454094
155357434
154828724
155025086
153723497
154274805
154300480
157080495
154958541
154714961
154010159
155638722
154585856
156496772
155788893
155773001
154103431
153394354
154509867
154423447
156499105
156431881
154980792
153712741
154177169
154251423
156096901
154518345
154708900
153944786
154212881
154622155
154943549
154066578
154665886
155076470
153877724
154136735
154256618
154124062
156014859
155037020
153806351
155538942
153866931
155657430
155436874
154935186
154594375
154318943
155476402
154721471
154826584
154553074
154974960
155127849
154496359
155108781
155166354
154374488
154481770
154608969
153436258
154603708
154428245
154554827
154906831
154807884
154518672
154592216
155042311
154438749
154588145
154670851
155928039
154919286
154944334
154817571
154167787
154777206
154426713
155280093
156687751
153860256
154546873
155383412
155871235
156479794
155020351
155744829
154666299
154595983
154678880
154763760
154400153
155399355
153767468
154206878
154440776
155123488
154993975
155078704
155379476
154848202
154361218
155874687
154234204
154576353
156310495
153479666
156395777
154997147
155675524
154862810
154922810
154959551
153474894
154452176
154521428
153614081
153570547
154424333
154735127
156924330
153464760
153253021
154011024
155852057
155113901
155381068
153248058
154562577
154303028
156105427
154336936
155226502
154062156
153731120
154712113
153235009
155709540
154057328
154399580
153739510
154408153
154791952
153915070
155358615
155269068
155524954
156081916
154468581
155408367
156122118
154696035
154716480
155255860
155119316
153922032
153708167
154696149
153864065
154900218
155873452
156182725
154427877
153784897
155770922
155167072
153625611
155041430
154040617
153579379
154668139
155415331
153687316
154509026
154853309
155143297
154771066
153654473
155159274
154197873
155323803
153624655
153392152
155350653
154352385
155075501
154200869
157296025
153776335
155768551
156308628
153971151
155250369
153547080
155789431
154527303
154327282
153727448
153940665
154544746
155255446
155245633
155268533
153880082
154026727
154868087
154741453
154669787
153661251
155359157
154313251
153757508
154045964
153521211
154939705
154067937
154661844
154124935
154126262
153532766
154029176
155034971
155800462
154958786
153760794
153824757
154584554
155293683
154379851
154789478
155631089
154850901
155327853
155988099
154579395
154605306
154554118
155796325
152730258
154253312
154443191
155179325
153419256
155045041
153808304
154752082
154218781
153551576
155094207
156112725
153806652
154689770
155147621
154944614
154782007
155049580
155161688
155302161
154073588
153971407
154759891
156115661
155888036
155560627
155548862
154367169
154384575
155643961
154868727
154770663
153773543
155397599
153379406
155387567
156765678
154635931
154556805
155283199
153610226
154368990
155227923
154283560
153727350
154451148
153725138
156174774
155783734
155832432
153683287
154999428
155295563
153624188
155665151
155276478
155218154
154818264
155189968
155383099
154572016
154786972
154891253
155555644
153415705
154720884
154119878
153903426
154162608
153537627
154237019
157338882
155258380
154666266
154393475
154926333
153955835
153542234
154367379
155838356
155870088
155605837
154913206
154469634
155471707
154288412
155236585
155019666
154499402
154297214
155584828
155551930
154641056
156054193
154995934
154234099
154667693
154389875
153418105
155212284
153972286
157942576
153772811
154453772
155547763
153786357
154089243
154988113
154213683
154680192
154591408
154825207
153576952
155871262
154654047
154734582
153655872
155430479
154504524
155065658
152544671
153033564
154184383
157701468
154393538
155237511
154725699
153625191
156135824
155398602
154862050
156097366
154550690
155412717
155994951
155640264
155323683
156311174
156457908
156340744
155404886
154950932
154723087
155768197
154858155
154971612
156260327
155367698
156910569
155846336
155032811
155434864
155346444
154483934
153953213
154166568
154212169
154959096
154592558
154629554
156093578
153598370
153478496
155629192
155325591
155545126
155506736
154958380
154964559
154987221
154736706
155958820
153979681
153979900
153824511
154359554
155826968
155039487
156492911
155334085
157074613
156232249
153931008
156281556
154134145
155339831
156049401
155994857
155192031
155590935
155811595
156461416
156476468
155021200
156723679
154050899
155225085
155176537
154285449
154072395
154281472
154371204
155582751
153695097
154749617
153875911
154022006
154860263
154923158
154149882
154068965
154839642
155122779
154272069
154362215
153992166
154743208
154884102
155503149
154934165
154605480
155874382
156253371
155929819
156207125
156451324
157146706
156416429
154122159
155085090
157223983
156905187
156196482
157381883
156406882
155359771
156217328
155955472
155249546
154382136
155920787
156664851
156024888
158166335
156432141
155994066
158153527
156419384
155138632
155372408
156479009
157915058
155062718
155880588
153153493
154561920
156484755
154924137
154710715
154804235
154765940
154257321
154904662
154944802
154564291
154036592
155599790
154130106
153970540
156006144
153871290
155293825
155141514
156210360
154768172
154239807
153296220
154657415
155384187
153282069
155151809
154543744
154931669
154695868
155148579
154543401
154565874
155314412
156180050
155465363
153232616
153308946
155215416
154405006
154732628
155161643
153806108
154731790
153770618
153903805
153679111
153333506
155077729
154288390
154991277
154921507
153504197
155267916
155722680
153993544
155095907
155341334
154201046
153863406
155525300
154735936
154645076
154610054
154666289
154276779
154395765
154342108
154053465
154958221
153949982
154336448
154275920
154476017
154178912
154239569
154195308
154908066
154669044
153896110
155052996
154826621
153946560
155948742
155047159
156489222
154967971
154764860
155473854
155221986
154540468
156489892
154143047
154416817
155146189
155601672
155771979
154740502
154611478
154551342
154567873
155034431
153066588
153420399
154699485
154620683
154080410
157924313
154936764
155397565
153067565
153746861
154355761
155358822
153951606
153609756
154735231
153382419
155600579
153938382
155571930
155893065
154220773
153076210
154667671
153818989
154477674
155760613
153589605
153703284
156653129
153983962
153543443
154537148
154585382
156986451
153881052
153985755
153499753
157232617
154470939
155529975
154389252
155951187
154915452
154676199
154825000
154544771
154351394
153624907
152922193
153607601
153873645
153491837
154151166
155176900
154224502
154608606
154597809
154994776
155008786
153398155
154577318
154277100
154076518
155230840
155162738
153464358
154653514
153307175
155223343
154481888
155519016
154913413
155865531
154831961
153721139
155698192
154588059
154412511
155181247
155562266
154991128
153776963
153999748
154750037
154948991
153756748
154572769
156819587
155404245
155162711
155229488
157988684
156746163
155528503
155193426
156050344
156394685
156483839
155998936
155853285
154368860
156893772
154474924
154413173
154460814
154702371
154285999
161033922
155524015
154065332
154740357
153864535
155210630
154283862
154900414
154507523
153878040
154881419
155175662
152685537
154762686
153154274
153122401
155782587
153998328
155520175
155201897
155034768
154964188
154331169
154516965
153958957
154821857
154905805
155135068
154483252
153734946
155679826
154861617
153799668
155948495
154362218
154882175
153822739
155385865
153962077
154280192
155394946
155896714
153863970
153550622
153783422
154751708
154110087
154826995
154019369
155147261
154996557
155049423
155271918
154647346
153758451
154965862
154619780
154738132
153999634
154202856
154941906
155248523
154865816
154375593
154736371
154494057
154802278
154955959
155334746
154807315
154317150
154545336
154131474
155354652
153571658
154447867
154358422
156027986
154451832
156455308
155803940
154572716
154270969
154165556
155407847
154040159
155600675
154739290
154616791
155896634
156070257
155951688
155367219
155265616
157788911
155454915
155393349
154264415
156066416
156426730
157494601
157611159
155842875
156209267
155338831
155497459
156643897
156297655
155065765
155980926
155532161
156231535
156127860
156322869
155044564
155931330
153824578
154894418
154191983
154593725
154816306
154921288
154765826
153600130
154533734
155515482
156651142
154867451
155565255
155884000
156546688
155589117
156114978
156453963
156664645
155098913
156230074
156239548
156488194
155680085
156015230
156639147
155645120
155332302
155471693
155802658
154494605
156231181
155060147
155968355
154300415
154906975
154893110
155343817
154021193
154823752
154579898
154578201
153584581
153971856
154373704
154514614
154101211
153780010
154009609
155014527
154845881
154466013
155060178
155116048
155008040
155244635
155019786
154300866
154495666
154941202
154464491
154932429
155182666
155509623
153708501
154498060
155313703
154789614
154202616
155553779
154064410
154161754
154691043
154329333
154565594
154501765
154937100
155854956
155922546
154371068
154963677
155531964
155456867
154543767
155293863
155421667
153804849
153561639
154536216
154326392
155521118
155055543
155098326
154491601
154396092
153810683
154356688
154839697
153952957
153927174
155193652
153779014
153744131
154568382
155506778
154935829
154983054
154512658
153340517
154877666
154656530
154127676
154413792
154312433
155131275
155051053
153522727
154799605
154046837
153592704
154646232
154822848
154964608
153266992
154504360
154309450
153522948
154005916
154326759
153760416
154401207
156452161
154306916
155105656
155328815
154766983
154912694
153390525
154034473
154655419
155000152
154603081
154962636
153439823
155059214
154200681
155557990
155931354
153693763
155408193
154265937
154194459
154837696
154392402
153673153
156607365
154882302
155357615
155106806
155043816
155153820
154957801
154936552
154027568
155520571
155497039
154991140
154218874
153985836
153850090
153816746
154733316
154250000
154932245
154971236
153525048
154178669
155418954
153651819
154086746
155103050
156054678
155154390
155007327
154525788
155169509
154503157
155258280
155224248
155032086
155164688
153791147
156005911
153982527
154508255
154278811
154221897
154080127
155245457
153526611
153655780
156112255
153527413
154260721
156277471
154403566
154888143
154994754
153879163
154988291
155158199
155026137
155001063
155996793
156585923
154828828
153917667
154161640
154918137
154660848
154600149
154920135
154870472
152964260
154697130
156013487
155057049
153384443
153704456
155880662
153631783
154331620
153646371
154399731
155122260
154922079
154206395
154921318
156291276
153986728
155312075
155208187
154154971
154812315
154968597
153659781
154815370
154219806
153968644
155390213
154283534
155256551
154580587
154548291
154421464
155159424
155888837
154699670
154187313
155363315
154394999
153471544
154269883
154254886
153344783
156194064
154107231
155199497
153438026
154418640
154170563
156568355
154832784
154831591
155915544
154118952
153333396
153973017
155017426
154397359
153503261
154705874
155630532
154890697
155338056
154827164
154098695
153654987
154950043
154292342
154459480
153302055
153702880
155270944
153398445
154376996
154511530
154708306
156333922
155258452
154964294
155060124
156101364
153845510
153395135
154333648
155639350
154795131
154032623
153745161
155404883
154939236
153424598
156208336
155002363
155195150
153790553
153228887
154429601
153891996
154343582
155647206
156701521
153910896
153856401
153974708
153443370
154417522
155162994
153553387
154754139
153957349
153101104
154065683
154822492
156032694
154324636
154576691
155332723
153720449
155059301
154057104
153141369
155380559
154038181
155635890
155161750
155591266
154945086
154063829
154282315
154973209
153546016
153767008
154234198
154286454
154224072
154191975
153941630
154595042
153949456
155356520
154323244
154885491
154483032
153970700
153753647
154585220
155015913
154981959
154777611
155541638
155109793
154504563
154920494
156063228
154596820
154537216
154435048
154075584
154957808
153281421
156153994
153673945
155058554
154789788
155778129
154101335
154231602
157257008
155076752
154289374
155824476
155134192
155214119
155802947
155160612
154073968
154306360
154583367
154696447
154122104
155438355
156176702
156372945
153571098
155246726
155782562
154384388
155341357
153861036
155139924
153986421
154420364
154727133
154423424
155071862
154972481
155790542
154669404
154639440
154638780
154125734
154444117
153569078
153195373
154164358
155342016
155035566
155054253
155303892
153254726
154113830
154346438
153661592
153424463
154372282
155113208
155836677
153844029
155634336
154225217
154315722
154302913
153309202
153933834
154434638
154786818
154981140
154309685
154509183
153213302
153804099
154627452
153847771
154586979
153963774
155223198
155995332
156543083
155619657
153898941
155653153
154362881
155464851
156531113
154798831
155174454
153655840
152816991
154416261
155111329
154740141
154664343
153596184
154664444
153853986
155477466
156059118
154455505
153766764
155045101
153274306
154365741
155113809
153984905
153422052
154291250
154092645
154181238
154271481
154628189
153481532
154684441
155466371
155303012
153923267
155131440
153790750
155602031
155210916
156854920
155351596
154773845
154619499
156025749
154723559
154694316
155321206
153647428
154696293
152925113
153960834
155365213
155948279
154698858
155013080
155434042
154954790
154755140
154289836
153551158
154800436
154431719
153513834
154622913
155471039
154605172
154623999
154354500
154883536
154678504
154381737
154258186
153997518
154770158
155098714
154711162
155204175
154303106
155846219
155307885
154831529
155454235
155440437
155515113
154187207
153802231
154767555
154703539
154771240
153746352
154490943
154587529
154883605
154073525
156921337
153706020
155627316
154143521
154288239
155981905
155925070
154808150
154334907
154120703
154102275
154241552
154497770
154869708
154617312
154875956
153332447
154954053
153314001
156031310
153754837
154423370
155017949
154615614
154487685
153995263
153087038
154348943
153571601
154730162
154714341
154316576
155091752
153851048
154746773
156887588
155358957
154975574
154777246
154638423
152655721
153045247
154331678
154904491
155126738
153312990
154564172
155688105
153964157
154004328
154286538
154439877
154816365
154005599
155828822
153684866
155010626
153877292
154530741
155128486
154533293
154578049
154424467
155668233
154982091
153197991
154440054
154041928
154109325
155353695
154946619
155929230
154999634
153991065
154391227
154390059
156498889
154378982
153227576
154696856
154510420
155003696
154618166
155359124
156150247
153769523
153282914
154737670
156693673
153981977
153159340
155205476
154423229
154964033
154490512
153386836
154733286
154540274
154125683
155054615
154906017
154466041
153328414
155411216
154747056
155503257
154319323
155354902
154415159
154509698
154600384
154164945
154753763
152995922
153373403
154711989
155269824
154813182
154278508
154203787
154151129
153161568
154376873
154683730
153651942
154793351
154950747
153342458
154545647
154342803
155798114
154870933
155431055
155737284
154673060
155092517
154864981
153611124
154324334
154747830
154722336
154259219
154792750
154600887
154975540
153293483
153684600
153060907
154706587
155448501
154904474
154387316
155792943
154417838
155177032
155637460
154270463
155377189
155000685
154392182
154215102
153733068
154501983
153979346
155473671
154356827
154438951
153099651
154070198
154957006
154941866
154991380
154916176
154802256
155621641
157742601
154783543
154296375
154952437
154014918
155932327
154383179
154680917
154304004
154133205
153788158
154257422
155453293
154735509
154490487
155157131
154175162
155562996
153990322
154381189
155203285
155535643
154178683
154815266
155930702
154074298
157363860
153946054
155824125
155672385
154606458
154844173
154703850
154509439
153790498
154427973
154613023
154925672
155701719
154452901
155033740
154632557
154411715
154031931
154548956
154800204
155312701
154884148
154315600
154511328
154031398
153945603
155475094
153926588
154177554
154278995
155790694
155514107
155062444
154491335
154927873
153791498
153670780
153276962
154729387
154851961
155041154
154316397
155240572
155157162
155083789
154518709
154501537
153433469
154208010
155862740
155327088
153962013
154660770
154763460
154782753
154864767
155465102
154447202
153318549
154524974
153771255
156182561
153829083
155049982
154534412
154308376
153837504
152899275
154631248
155213213
156157053
154996697
155877323
155237841
154680112
154755675
154306046
154456907
155260234
154383806
154762660
155365987
153634797
153788216
155138851
153477838
154230449
154515696
155927417
154417144
154530652
153815630
154143339
154675315
154793534
155245669
153342259
153941220
154937258
154455010
154433257
155039818
155215589
154705516
155606542
155839943
155118970
154617563
155377529
153545772
155881193
154536996
154801849
155278378
154138143
153925262
154775521
154137211
155225018
154639285
154308926
154316515
154444503
153833608
154715217
155195872
153927396
155371081
154127255
154907958
154504486
155198941
154642477
153850894
154913073
153727135
154414525
153073818
153454144
156124969
154255037
155435163
154849173
154987473
154910619
154527614
154222371
154189503
154903679
155530100
153810504
154732404
153676296
154082428
155186600
154773113
154223321
152227551
154447641
154988583
154560563
154148151
155052176
156347261
154934834
154891314
155482881
155972422
154698842
153603041
155355401
154039183
155344565
154724951
155260418
154433264
154796119
155103123
154633802
155932580
153942395
154033177
155119702
154449690
154553557
154717173
154011164
154726557
154529948
155429087
153714753
154675513
155582957
154465416
155443147
153986809
153987815
154687339
155844347
154804452
153396238
153860531
155177470
154526452
154586069
155243167
154968891
155089550
154194244
153919091
154803338
155281796
153763183
154177873
154021639
154227578
154078241
157468146
154290579
154177393
154611556
153315448
155095024
154284993
154457338
155538871
154969504
154751594
155108870
154487786
155065951
153981762
154370377
153546522
154624607
153830097
154751931
154770749
152821488
154370612
155326753
153832782
155284843
154949953
153973858
154199223
154378209
154132620
154490786
153945352
155329311
153641145
153084286
153925962
153817942
154694839
156140977
153331358
155364776
153549731
153243516
153599499
153504718
153756785
156029057
155012015
154313400
154479728
155194068
154519267
155280238
154116692
154207739
155008389
154069794
156124758
156740701
154333633
154822641
154327462
154340117
154435199
155457763
155643589
154278297
153506383
154378526
155439298
154697870
156128470
153793757
154384206
154778567
154166053
153853746
153901564
154410323
153902677
156418360
155419172
155983596
154865578
155157148
154733478
154443773
154871237
155575490
155065001
155108054
153889338
155168222
155837739
154359313
155004507
154617131
153124336
155184217
153803180
155523353
154582345
154867802
155193830
154783187
154855266
154042975
154247908
155034516
153831701
154038976
153766106
155559382
154341807
154231773
153645392
153366464
154571768
155575538
154602030
155009310
154023027
155158531
153082980
155024653
153722477
153413175
154985154
154345249
154469467
154520814
155342923
153917265
154315062
155098605
154238140
155286106
154572519
154198095
153940573
154007802
155171609
155454396
154420405
154351055
153547667
155609845
154541473
154925378
155423489
154131687
154841878
153625278
153838909
153237195
154659505
154612997
154634553
153381071
154638090
154218196
153535937
154434839
154768890
154256292
154202226
154484590
154941571
155030116
154600186
154448898
153952676
154160635
155260697
154816247
154160849
155437778
153322954
155405788
153711026
154625393
154943899
155938926
153739898
154542780
154181472
157785581
154710551
154524185
154529604
154505387
154304975
154328980
153878601
153466310
155590479
155574876
154627463
154066036
153902137
154323381
153681447
154789601
154415870
154710190
154472463
155098804
154704250
154895091
155178650
153198855
153775876
154561897
154234342
154555859
154068553
154910671
154143691
153716296
155557916
155241653
155750403
153823750
153581557
153973740
153109734
155330700
153886959
153874269
154223208
156359017
154922692
153988445
157600499
154751199
154166240
156937028
154065621
153999895
155675779
154757589
154882931
155972800
154926940
154679059
154648784
153790171
154338342
153761890
153906392
154528045
156410571
154374061
153833469
155404883
153076453
154660553
155227912
154640807
155147946
153467439
154670215
154815061
154949850
154951880
155286372
154703863
154847266
156186876
153814559
153595853
153849220
153587107
154720772
154157007
155883109
153600298
154478964
155454530
154594092
155517702
155490566
153130063
154343854
154393995
154440083
155491232
155942603
155706417
154293061
154333509
154735577
154353770
154276070
154515035
153637366
155053636
154390747
157880187
154900036
156012556
154379638
153387948
154149387
154729325
154707384
154907413
154840501
155083260
155135236
156029401
155449526
154564458
155384759
154375631
155397499
155075524
154030803
154969798
154698992
154254778
153118125
154035768
154143137
156017915
154047917
154061089
155202981
154184547
154751461
155853331
155338672
155709516
154009228
154587486
154750700
153987902
155795576
153575236
153594474
154024770
155975486
153440162
154455483
154875738
154578953
153852334
153710399
154792728
155462200
154498219
155002591
154452639
153504774
155099267
154027183
155385225
153680019
156007594
156495456
156305587
154247922
154344624
154890737
154880719
154358899
156848888
154690389
154152273
155156212
155726490
155976176
155860588
154003801
154556550
154033510
155468904
155201601
154159708
154759278
154459420
155345291
155969390
155581748
154599578
155422798
155687117
155040657
154118308
154558710
154760651
154619404
154457804
155298006
154563129
154077915
155559951
154381057
155269355
154326549
155933921
155213594
155462721
153307781
154441153
154578714
153642013
155206942
155168164
155432458
154869435
155205250
154637420
155261730
154679439
154979520
154256710
154178161
154547968
154757585
158302157
155409688
155275288
156516219
155940765
158745726
154986797
155588534
154980517
154992946
155407808
155079230
156158808
156248890
156050073
154828443
154565049
158236361
155926081
155121307
156101254
157623633
156095513
155709946
155835099
158352825
155725092
156761366
156076469
154578354
155467219
155344898
154624863
154803720
154447206
154242167
155481851
154327694
155552453
157635899
154133219
155160984
154703722
155634928
154390168
154714167
154674604
154861695
154326897
154423662
154481573
155370150
154019408
154296492
154288361
155694107
155583061
154243864
154214205
153210378
153968323
155369586
153629892
154962413
154278385
153849658
154728714
155696226
155315158
154616600
155058807
155313251
154358443
154341521
153565669
155530435
154024627
154839320
154929078
154174969
155677423
155297278
155709421
154529351
153602476
155948988
155820627
153962072
154179064
156349236
154287445
154025874
155416990
155570428
154705704
154482192
154618432
153267066
154356116
155135161
155613941
154372777
154956081
155887660
156169839
155055786
155768153
156414859
155756447
155525934
155895140
155027972
154336885
153611012
155981448
154703493
153598876
154495100
155382323
154480489
155053194
154995070
155245492
155508973
155123413
155390573
155593232
155490151
156099470
156905304
155950882
154502647
156834653
155383566
156823085
156402438
156158996
154325846
154127512
154801862
153698907
154209562
154247385
155483666
154950322
153889534
153737361
155470541
153363895
154272176
154530544
154109944
155526913
154318331
153931587
153620655
154822466
154406658
153950634
154502399
154353782
154580971
154901642
154919425
155384978
156249108
154233431
155248183
154908301
153998819
154817772
155008322
154208308
154515094
153994102
155127603
154774495
153687709
153799190
154961112
154330735
153373499
154404132
154707318
155009598
154385731
154591026
154103488
155561684
155138470
154989923
154369539
153702798
155197378
155218875
153210418
153275084
155156281
155808689
153574132
154868744
154161214
154917537
154304005
154252748
154604965
154408951
155115546
154192939
154703826
154457389
153992124
153979763
154457841
154474164
153431987
155591826
155393920
156389179
156183879
155938190
157622056
154478618
155336454
154973806
157395640
156850120
156255248
156124800
154979448
155415670
156775780
157112551
158302109
156880216
156334364
155436662
157289981
155597654
154959608
155935518
154818731
155206033
156362957
156473469
154828174
155830373
154141133
155012708
153348243
154920632
154089480
153990829
155279556
154840235
154619341
155230100
153916264
155184468
154745464
154241283
154859583
154649454
154299815
153768177
154443391
153900947
153459570
154455733
154052954
154258331
154639419
154317251
154810564
153750179
153854109
154116359
154016867
154568762
154438141
154815725
155289170
155431193
154770616
154774968
154753518
154811646
154546065
155481210
154550257
154680299
155504215
154241158
154697969
153852758
154437727
154057004
155126660
155651723
156129069
153794286
153572162
153969205
154409032
153991772
154443380
156226984
154276710
154913382
154748903
154215908
154233969
153553506
153822271
155052049
154245707
156399388
154569775
154682802
154397608
153425693
152567302
155206252
155933275
155540522
155270791
154833971
154305426
153562496
154945674
155327487
154962210
153581598
155590968
155884830
155548378
154571346
155368041
155540591
153858309
154219765
153171728
153242843
155602409
153762911
154308943
154537944
156180913
153812761
154611104
153107789
154380960
152986680
155362877
154880946
154500083
153707707
153860784
154898566
154335234
155847704
154577005
155604449
154597286
154407476
154145985
156171007
155231785
155287275
154070856
153219164
154068094
154486406
155422021
155275284
155636858
154628762
154295393
153335603
155431730
155011430
154762504
154882506
153997267
154864263
154123764
153441807
154626929
155501429
153556507
153902494
153807519
155115599
155630547
153288378
156054785
154567574
154701701
153297731
154811239
155158703
153734337
155005126
154562520
152830164
153562893
153316657
154916914
154691018
154724078
154040102
154592602
154304279
155319267
154727899
155311501
153916210
153272148
155244897
153835367
154699015
155596145
154036033
153195314
154338526
155166579
155348170
154051603
155011854
155284479
154272499
156211750
155078499
154938857
154462459
154911444
153837181
154476750
154927166
154182320
155180540
155841175
154597009
154273714
155297146
154197072
155544278
154758528
154718141
154969719
154483281
156370041
154920499
155681457
153849636
153953345
154249650
154507988
153772129
152546618
154332420
154935302
154610447
155833337
154467720
154811392
154722745
154775560
154264744
155951981
154669697
154969606
155250577
153792717
154330734
155318055
154701080
154247406
153446066
154465646
153831995
154051299
154165880
154141015
154490587
154952414
155643488
154987517
153982578
156061245
155572387
155308298
154785778
154035366
153856302
155176836
154798666
155783704
154228099
154356454
156477743
154052398
154395404
154036674
153625435
153836303
153076720
154623524
155221030
154361370
155242184
154836705
153809159
153469783
154200815
155573669
154604364
153383940
152941322
153830135
152819761
155048574
154651155
154532838
153792407
154260908
155227415
154107843
154369823
156151465
154679748
153402295
155586534
155867417
154436458
154763328
153903223
154436828
154451070
152960226
154588205
154690049
155707703
154562109
154971297
154962662
153280572
154174543
154944044
157942472
153103502
156388259
154013456
156607162
154227635
155352601
155450791
155311213
156590493
156684295
155566284
154719088
156339423
155165269
155569570
156698762
155360680
154101281
156133239
155290572
155230807
154180664
158688356
155171044
154467721
156094061
155798921
154589602
155295714
155898773
155680260
154798741
154253470
155308644
154137795
155155681
156234376
154471877
156078839
155926832
157589857
155486692
155867408
155272080
158241924
156756297
156264261
156451839
154718957
153907921
154447536
154155541
152855439
153637644
155082750
154165557
154720093
154735447
156008936
153495973
155263885
154786083
154346810
154665071
154124460
153753434
153949544
155268867
153873395
154068686
154920289
156145201
154797085
154337882
154204520
155508036
153381545
155591530
154645473
155323167
155883569
154885501
155028669
154935761
154499332
154520630
154774516
154223506
154159177
155172502
154415287
154204010
155527015
154412632
153206505
153954648
155578209
154401925
155118734
154647334
154974349
155977747
154963797
154785863
153727850
154500234
154564502
154727341
155451995
153163238
154076031
154947351
154158471
153613800
153989701
154288383
154231747
155221695
154605660
156287933
154931419
156112137
156266320
157699903
157024569
156152168
157620747
155238163
156514231
156045824
154892367
155573939
155358799
154720735
155312802
153481451
154081523
154455578
154348287
154828838
156492331
154478587
155495092
154713746
154814752
153769344
157503568
154012438
155698742
154181716
154492053
154570629
154770426
153889463
153791018
156514078
153895209
154716611
154587319
155439317
155030305
153838752
155834516
154488947
154646197
154221699
154003353
153904063
154334517
155947526
154462876
154329449
154880035
154671587
154366740
153110240
154910542
154424956
155528379
154597091
154193008
154774523
154685253
155930314
154404308
153579567
154014526
155254112
155643325
153813768
155195536
154225152
154338706
153564699
154304481
154310377
154621284
155152065
154127463
154852104
154895727
153843006
155214883
154395928
152825045
153901043
153714975
155612435
154282072
153921036
155165318
153708513
154237655
156394903
154794109
154661059
154124400
154938911
157373949
154909734
155233445
156320523
154930020
156125387
154321110
154297503
154914252
154516793
155944862
155317042
154614967
155297700
153780760
153787110
154808208
155258856
154760176
154923202
154376445
154779512
155066803
154764372
154496770
154422763
154591010
155008977
154709906
154386351
154653658
156334251
156182092
155288383
154893801
156944214
155742589
155118351
154804477
154261992
154250715
156772364
153489394
153596362
154388421
155725194
153934586
154377416
155112846
154528290
156414765
155332311
155203172
