1424083013
1398788123
1501977965
1503017705
1480256215
1531004497
1393808136
1508181125
1422127732
1442142982
1493145216
1478282214
1474854585
1493988004
1466802029
1373461608
1413134457
1446077157
1477799531
1579219548
1499442121
1526799619
1534687708
1428245432
1415281516
1580845223
1466317328
1478477842
1515795043
1586799513
1455665425
1549988892
1535308351
1466131297
958915324
942762255
1048635406
1068444757
1019169523
1010568991
1000181030
1020798227
1025703444
1001725186
992115398
989824599
989726210
971412700
1030751164
1066020444
1021757797
1044736821
973825215
1070148189
991740587
997373448
980879760
1041438842
1004031347
1505685763
1452431538
1543294749
1452210900
1573852580
1518203032
1506235161
1406335948
1503219047
1484040696
1530674804
1536022135
1479761430
1441282639
1342856091
1012946561
902872298
1008039102
952644376
1042087170
966080807
1029433932
1027200301
1017018046
1015495791
994465777
1033801585
998170351
1034803518
963001405
1048945980
1045870405
976062771
982899216
970329386
973420757
965627700
1048782921
1043669137
992464943
1046648585
976450300
1058915642
985430315
996405238
962839059
1012985987
1020587996
1098588496
1002129209
1099545176
982330674
1007747595
1059537942
944585760
1084720044
1055117210
1062259862
1071262406
1080178510
1031288554
1038202386
1066975198
1000068699
927778498
982403925
1022163909
1013892130
1071460378
1027972008
1044573776
1420314305
1495042712
1461266050
1482708659
1613351800
1658543413
1468328828
1504134690
1459862287
1494789085
1374457007
1577230625
1426036138
1410760286
1435203874
1472668238
1416036225
1186775715
1401036268
1458505304
1502349167
1458937932
1459421095
1462854957
1436409326
1534160680
1473485695
1461739816
1531220931
1475135732
1407035054
1483148453
1478195410
1506367341
1502106728
1446108556
1385786463
1393368809
1476558746
1395911184
1417771857
1466331833
1459390175
1465861423
1435874996
1528339258
1572082486
1482015829
1381862845
1546461552
1464045902
1531028675
1539586532
1397518376
1455982787
1471205333
1509069875
1488509074
1464295716
1431060093
1445451744
1555080337
1532869559
1418861679
1534906086
1506390691
1485771583
1464968511
1270810668
1497982608
1494998100
1525012976
1529203213
1419418972
1454312879
1523121990
1544312073
1361536766
1458247132
1479674685
1571522683
1467039631
1394479152
1538114990
1400490491
1098096811
903383596
1006156079
985775361
994348774
1008515502
1053705016
1013894588
957671539
1051304100
1060217488
1054196969
999999918
1013398569
1013625224
1043009097
975512001
1006163218
957277457
975618583
1064392069
1007490916
1030229140
992686529
1111416870
993555235
975572274
990467970
1490488565
1486165685
1235711584
1030665911
1067445307
992201191
1009062015
996637286
995018653
1038322973
991773548
1009624503
1022384301
973175759
959826542
1006480308
953003725
955061546
1008539617
995119951
1006753498
1039362207
940692360
1442365262
1416031052
1481917887
1384573383
1444448923
1634819735
1443034904
1449604289
1568341067
1403837201
1411108833
1440314872
1388832746
1479977199
1374436464
1387966689
1341795907
1381257654
1528150018
1545147856
1660282406
1575347696
1457950078
1499248433
1449076374
1496466467
1496165695
1524010717
1461823630
1434056081
1406310074
1414337523
1494773987
1477143035
1475712331
1257569044
1499262694
1495604593
1472898388
1498420305
1545846316
1523407283
1436172782
1461360708
1486059470
1512364447
1411521689
1466233122
1444150316
1519033581
1223163304
1336134242
1412711898
1443511464
1476477530
1378818047
1464580326
1416189568
1419902724
1382958184
1558006539
1437832002
1399342241
1507663325
1491280972
1519887166
1440147869
1479224966
1523572488
1549806576
1539604436
1451304467
1209295246
1582163831
1557055740
1475587210
1510460265
1430748773
1433952793
1503897236
1420202508
1480831988
1433899604
1477247092
1401426146
1426698489
1547623462
1490745535
950720670
1016918886
979489195
1030841937
1002991595
988947366
988448411
1059258231
1008688144
994326769
1001346598
1010709919
1005454959
1033208810
1018069805
980623637
993987291
1016932806
993305541
965541668
1035475470
982104926
997970212
1021333573
995052298
1046201647
1048045869
1481430717
1534652777
1477683393
1453292531
1457287674
1490413584
1454801243
1473895748
1473544777
1584984091
1442742936
1525770574
1476012299
1572842968
1537765792
1483265574
1088508080
1445396116
1494393551
1633867036
1382085677
1526282969
1471031534
1585631134
1526785130
1540977186
1471548702
1407688536
1429197154
1483137312
1414752481
1629379477
1558903002
1473509060
1449354816
1553933647
1548362967
1488818047
1554078869
1551713474
1476976178
1536047081
1387524525
1505625044
1466400813
1425395136
1413847858
1414166646
1517632422
1448829782
1501628026
1495906641
1467982801
1548657563
1497166161
1474645049
1501658882
1467496772
1496840115
1439577614
1430212475
1461332922
1515470465
1356618747
1491106364
1507553020
1572018386
1332070707
1026293632
966271016
1042419844
964573600
1028220654
997635793
1057774304
1031819183
1001032646
1000126825
1043320002
1015268138
998358611
997723226
958714351
976865036
1015977909
1038803446
981761722
982063959
992091912
1047934792
1004281866
1508608228
1540194181
1463153327
1348271914
1425276524
1462076906
1496348973
1498766294
1417157125
1477329182
1529840434
1525441285
1510863000
1520867443
1203186782
1557687103
1532210635
1515457049
1588444231
1433813928
1453955201
1499081875
1475427206
1540449122
1519795899
1450128907
1452009584
1448914723
1516393040
1489450497
1471315358
1550419838
1529661578
1388704860
1524328700
1496784765
1464181439
1493401981
1493197305
1619632902
1496692222
1519741067
1533126738
1559995949
1217841396
1422225846
1399737769
1337953656
1482742833
1447287888
1451430612
1527994930
1406132887
1444799087
1509910935
1592882956
1503784516
1474472042
1480779424
1503615584
1418088458
1473859536
1478298803
1476059455
1464857492
1393130962
1361680414
1445269179
1468635903
1603541077
1540494952
1510451973
1439764020
1527642715
1494581015
1445825186
1490689064
1408677432
1506133392
1595608927
1444064243
1549243910
1565220425
1432264033
1396437075
1458864698
1351831928
1395873232
1479920470
1506244360
1471274465
1502685698
1452502299
1370135238
1449252243
1532690777
1587438454
1463221762
1502171535
1478907105
1483767953
1446648858
1395529432
1378395184
1311558050
1431425005
1443047202
1448590336
1436917511
1465829003
1511268127
1500352383
1369980311
1497176870
1494491548
1526043851
1496737486
1504763539
1438543925
1387788254
1360853395
1586455655
1277938838
1340728487
1432366373
1528124199
1537519293
1539763084
1479589939
1521814735
1563167735
1560379253
1493534017
1531847233
1520726728
1501573625
1481992447
1496229275
1491932971
1281060651
1019700858
964520816
1069215379
1026605560
933822072
1407481826
1517832684
1478239272
1493041011
1393191142
1532435166
1514403991
1395044384
1391396577
1428754087
1455081533
1400204887
1548694625
1388589462
1503967804
1403213562
1488890075
1353013194
1486494836
1444203921
1444402656
1451052033
1552852794
1385662057
1476426347
1482333071
1504882999
1464886814
1465358919
1431572426
1502180295
1402739897
1514352213
1547576884
1587300664
1476921001
1472401188
1430824373
1608493282
1505014853
1529613576
1401426584
1474738104
1461605537
1461994584
1464568244
1479039033
1473792858
1488663897
1511734902
1351716843
1514927425
1446170824
1427487462
1484504721
1471998283
1499893027
1497220039
1506028108
1426475582
1462431061
1463229257
1210807156
1361921048
1326576275
1502238802
1494753521
1411073994
1548599667
1435863005
1444158322
1514068848
1607249346
1438875276
1412659567
1491469220
1429036786
1490965482
1526298149
1422384898
1539754325
1400248861
1009050640
1078093584
1065188459
993843895
1027470329
1040231771
1064258360
1041057546
1062389746
1035077107
968563080
1005076068
1023715265
965073319
1018644199
1026144537
1037002077
1026176672
983046913
954085547
1036777072
1054393309
1013341334
962972313
1003847995
1093684764
1022284032
933331223
1465725534
1627807082
1531281017
1471440624
1476832070
1479449028
1498496632
1444272070
1440130379
1382289004
1402281783
1456456710
1484689347
1388830956
1447255495
1448929472
1322126092
1496189880
1466463807
1526813720
1549844744
1426644843
1532415540
1388952917
1497500523
1385971216
1493771142
1512538457
1463572958
1472759694
1439797811
1485834528
1479208729
1285758646
1419241435
1440188979
1481832601
1477973960
1553372119
1628143412
1478334001
1544880894
1581548337
1505722357
1458754695
1645048354
1344872418
1487410435
1525076237
1379061860
1526283996
1526253822
1256835502
1348627986
1410005545
1452123535
1473901681
1488027795
1487105213
1523248537
1450910685
1394335222
1507565375
1464099182
1371623300
1455357057
1617672302
1492013049
1322246406
1599274911
1536422626
1381471032
1526496655
1463089775
1519582238
1407429012
1591115507
1435379810
1511795226
1447374829
1458218027
1466285430
1385221513
1484292017
1475349088
974706982
1365284001
1293130358
1385293405
1392129143
1381365159
1397850696
1404550072
1505122048
1487296328
1407339397
1508284755
1494786779
1349367159
1471674799
1399797133
1448721591
1385435151
1422874971
1435098993
1437779332
1434192237
1568941291
1082670344
1450912203
1384360226
1456661788
1408953686
1491900801
1468499789
1477729378
1603814987
1452992937
1491902581
1555637314
1442130638
1522509462
1510535278
1466442171
1509634386
1545816428
1500587174
1452225758
1478564309
1469250837
1333648702
1322503663
1399317915
1533252456
1509248044
1442073617
1610724900
1433084352
1427569492
1496007689
1549857999
1528724916
1546178483
1478114098
1424523052
1461612790
1437964262
1403410110
995240508
990713378
951565853
1025720281
1010326838
1056030629
915432632
981295471
950961346
987597540
1036062592
1027735454
1040287101
1012507750
1079498633
988611686
1066263599
989844651
1025382353
1019510381
991876186
934190637
985432447
1005409017
1027056063
1045866957
1410204817
1472305479
1406098969
1543766718
1552906865
1502771783
1555118806
1481064788
1354576816
1502900185
1473300937
1501239633
1458645333
1548718786
1503756999
1491304262
1462715943
1497123175
1508460312
1421041393
1478825461
1511478373
1421809946
1460112436
1476568584
1511022451
1435283340
1343619431
1397793321
1447288042
1506178699
1528198695
1479025444
1542209011
1443422140
1448630664
1445499290
1364665407
1383578473
1486154093
1492502387
1523915430
1497387482
1491045995
1495669035
1484882072
1511213112
1441314903
1555351300
1411697199
1379248089
1515381112
1481889600
1477559816
1597696894
1490904869
1533263364
1247885730
1550409588
1496302968
1470776671
1447681374
1451075725
1497233124
1517680981
1544884009
1403373355
1590756950
1404622964
1468242588
1442916612
1534187587
1472216947
1127313545
1384924048
1374443296
1422621129
1364687347
1424036895
1454754247
1423449763
1468193296
1460403583
1536974342
1556817040
1472672976
1451616459
1496268742
1389689202
1394801237
1500014163
1440211368
1439688903
1469145961
1517839981
1296442230
1530227303
1453215856
1512977101
1516330039
1481022584
1507052787
1421790261
1393030629
1498296034
1496049601
1554930958
1480589570
1462065138
1470782969
1435953611
1086777190
1529839758
1425817070
1441156288
1369126131
1466404498
1412633119
1520697675
1499523179
1500357669
1421856683
1450778560
1473080628
1503958379
1471000613
1473783066
1481706786
1431529866
1440448120
1500534722
1425194087
1366978032
1383513354
1368638306
1453907008
1446230487
1451451482
1420749285
1510718421
1517647458
1509523669
1482259429
1512673842
1564094155
1445769271
1453321652
1493934983
1497305147
1426123131
1583261910
1456681308
1382777865
1525775178
1605562465
1586480433
1629453191
1601211366
1560744652
1500055905
1526829453
1536382804
1561377800
1428720083
1579586705
1554756020
1136315889
1048852896
1152243992
1165909963
1098001848
1121460568
1143090849
1122972503
1148017908
1113664534
1146373555
1074519909
1125678471
1123069772
1136401963
1190026686
1178509124
1096465816
1070692045
1202277011
1135901870
1172459004
1242080552
1175857388
1118430669
1174394888
1157173749
1153547800
1139518870
1160358272
1176940705
1138766042
1206101736
1115855003
1200432888
1121525384
1154098889
1170772409
1224596955
1210173292
1242542926
1218552226
1153492323
1139738420
1100579235
1137651387
1219657753
1113097146
1146630790
1134713378
1135170796
1236862855
1158431562
1295457714
1452286445
1502087436
1538877046
1425812011
1502236091
1535535655
1510790372
1455980857
1558283485
1528813381
1593167945
1533627124
1504209518
1612864769
1474330388
1532474878
1519895198
1536260476
1507190366
1589158004
1535080745
1560775841
1535946413
1528263415
1450452881
1450458533
1568793680
1516974959
1532262043
1439782499
1542037714
1621076766
1614502527
1430803632
1449285930
1503689974
1570553250
1542510691
1459486797
1670272184
1574974226
1507852188
1543493426
1483171579
1590197186
1370891152
1120504552
1155262309
1109036036
1187209071
1144025769
1133252365
1171623340
1158740785
1095609464
1239181511
1178717822
1144290591
1100283871
1143778219
1140430375
1187829926
1167963033
1180528236
1123932137
1160250302
1158878630
1100245653
1113652084
1160865723
1119685519
1159319703
1208550517
1130627140
1148060517
1129159181
1116552963
1139308218
1122141727
1155156091
1191358588
1147114059
1133809917
1097720663
1188317432
1235883113
1131122756
1092360582
1166935450
1132657761
1156658041
1142199891
1073018878
1076446856
1145888992
1115895478
1172469205
1178188597
1136081050
1182796107
1098500706
1112354004
1155279764
1154507005
1113951359
1144329274
1214764853
1244815465
1137832234
1113632488
1176740279
1190894403
1164019804
1127226069
1198359451
1114970696
1174955615
1102662587
1105656732
1184662012
1067178822
1512002361
1564329968
1484755703
1594949073
1591277696
1488312048
1528416270
1562739128
1500816636
1502171464
1660023168
1559036460
1620097880
1537220757
1617512279
1486361871
1499652979
1520152689
1488600898
1474568742
1407385185
1553596859
1536242116
1475667592
1456509013
1480412138
1500871699
1445602999
1503815424
1615520640
1565072861
1541118351
1501288384
1421174778
1617600811
1600592103
1563311409
1538033622
1457469438
1536238495
1456598515
1480975480
1590449066
1533416303
1473327856
1474113975
1559590829
1617761067
1534271470
1556738252
1473704834
1512892099
1421296245
1569025382
1572197101
1602836749
1478970524
1538395024
1477879737
1567396467
1620481851
1448121827
1596085380
1588303623
1532312826
1566682401
1425684059
1583702124
1452285470
1486585806
1474792274
1507313866
1655847027
1560206976
1573714699
1477516521
1653519977
1483473684
1461990330
1567235791
1420057171
1665676630
1477304473
1526855407
1519914010
1561922323
1622222946
1454655495
1535906133
1490500013
1562824255
1500631355
1502952508
1523373592
1563384033
1561637627
1543096051
1560999086
1558504794
1590864589
1558393286
1593470474
1529900443
1530253596
1524744646
1425024796
1579427409
1521560412
1563116827
1414115753
1532361957
1562162274
1511907434
1569004323
1479860488
1556431226
1592384122
1544770767
1498822886
1446808346
1506178999
1532142620
1610526619
1459605036
1606657141
1419321640
1536405289
1627295113
1556810764
1582291630
1595947277
1497934771
1421699780
1561969265
1584224042
1398340982
1730244118
1526665395
1507327393
1480862683
1445874208
1532313023
1480850201
1531403512
1528021002
1450830991
1475564942
1466738472
1487995771
1549153758
1515442605
1552761627
1625317024
1401921680
1476875780
1572149174
1507358643
1557131271
1425983113
1280992438
1470379924
1362085670
1495515926
1387556683
1468688386
1400265703
1468581388
1563295705
1535532564
1426711612
1481229072
1610325474
1491545158
1563465356
1468297895
1485524663
1473562152
1522248200
1557249388
1505994003
1555450367
1557256000
1557091295
1554037917
1521264580
1482052339
1488560020
1534089523
1497957240
1585655669
1373425860
1475913178
1508413106
1504961738
1485052212
1593703914
1449827616
1466241555
1556454261
1512618610
1480840541
1506075110
1525071013
1517160246
1556181637
1557867997
1558453861
1422984234
1525214779
1537651378
1446296351
1533568533
1472846321
1544411482
1529317077
1538220795
1538090775
1590437181
1476235024
1562045995
1587154426
1473012864
1451128589
1509825463
1482202238
1515249024
1477082641
1420422564
1557225369
1538375246
1534814266
1583118380
1557964135
1480111000
1502609588
1487641125
1526663101
1515624366
1554327177
1457540313
1542614849
1505692225
1563214880
1557173614
1515348290
1511478630
1544979510
1530054494
1506196254
1530276994
1574347888
1507062406
1208251914
1164979971
1174968743
1165091809
1158246999
1191715950
1097127011
1159370666
1151993900
1155717813
1182340652
1146988945
1113057050
1112524865
1147961389
1134559050
1194227552
1337164159
1260085004
1169050171
1197318328
1229269440
1111924515
1151855081
1129424898
1183202627
1090434014
1137203155
1052309857
1204835307
1267661982
1096586766
1166702888
1133462056
1177445937
1200255331
1182381278
1172005943
1169490674
1178031203
1187153907
1203487744
1096715828
1122790278
1130854164
1152173875
1182811266
1113421432
1150975186
1114677681
1177405613
1134816297
1097864198
1146099100
1182819122
1176789158
1152713748
1161435717
1174760550
1123947678
1115931590
1121637284
1107854520
1153977185
1240416350
1143285116
1198910340
1171771033
1160864890
1160156510
1163750746
1153076416
1145771272
1154560832
1226793358
1095399954
1162086306
1094086782
1159899829
1109454786
1158333201
1181970117
1176158713
1097726187
1157651384
1181737786
1136471216
1168410856
1184070832
1179835208
1178456411
1199807604
1125686058
1153972355
1173817356
1139870498
1118680561
1169632071
1199242611
1144654914
1161014573
1224032244
1094199888
1189771149
1099821925
1240412418
1162596425
1185578494
1217266180
1140181494
1207265524
1445627091
1511211162
1621149049
1521126498
1566613494
1569409189
1299227101
1160489655
1179581373
1245181029
1115666873
1165216459
1176201547
1122597077
1160079705
1156918536
1199251816
1143405384
1147866197
1184708409
1197159458
1136993902
1168792944
1223451582
1167657086
1174750432
1159112011
1132512109
1316421108
1460673130
1598446003
1602812405
1566305462
1535473210
1484732799
1564533550
1523753566
1593150941
1635968457
1647018449
1602314475
1575704264
1594597428
1488005980
1483019369
1631248931
1603613539
1564487112
1660399407
1516859773
1686348596
1591196536
1541872611
1566066002
1571315303
1649867258
1562962268
1549010472
1574360026
1579031488
1657938274
1465734252
1620283512
1514717008
1622846325
1651848467
1539635429
1576521565
1608535597
1729772165
1576400476
1595513947
1574746360
1651168390
1538222736
1606748716
1482541089
1545270654
1572843262
1528176258
1486081616
1588910485
1522035283
1623817894
1624045424
1632500610
1481021382
1630091149
1533637582
1616885465
1579590477
1634030644
1526732284
1465037064
1528967370
1591963303
1482280364
1497105842
1642359211
1512707889
1554727961
1565370631
1536365348
1471125273
1646771740
1543868511
1550542687
1646827740
1509739182
1600465353
1568827540
1570379397
1591526729
1617215332
1537682225
1491544471
1578710739
1542738541
1567126058
1594078983
1595553355
1499164167
1621778782
1540236843
1454849807
1483233017
1565188572
1609921747
1598790480
1570345616
1643758208
1643039001
1574470048
1513900907
1507967551
1651907604
1564083348
1640549261
1627736321
1518190746
1577902489
1541271574
1431482871
1514619491
1486654522
1486577513
1595241572
1512871419
1557145410
1576939349
1498400867
1601517970
1638395615
1571586312
1504326354
1591673016
1540165128
1544620968
1619754156
1552539600
1516455374
1599140047
1623712732
1538581315
1529922737
1703862612
1496546703
1556098063
1610362933
1481860430
1479954500
1599968152
1594251595
1571865421
1461138996
1570715095
1630755577
1631366986
1562532139
1577539712
1567629115
1505392022
1454428497
1617676683
1551392549
1595808681
1655507915
1533591260
1635352569
1572429258
1457871197
1573015380
1478794251
1456952620
1574364856
1617693707
1574372814
1623400837
1678807282
1519868772
1570542459
1501403960
1512418132
1455154540
1535343109
1488740364
1538343931
1656940330
1516235276
1540550380
1565992280
1536968525
1511459668
1561445306
1488645800
1518066724
1576963697
1564373322
1602736817
1482336615
1504079022
1453065978
1463721610
1593663349
1616542633
1539481356
1548736088
1485286633
1649013523
1654891838
1542621814
1595735203
1632163838
1534659201
1571866513
1539263445
1539260537
1543465538
1541622745
1514757972
1492876560
1645988776
1577201677
1568246551
1578376281
1565422964
1501206508
1624847635
1565148709
1586913142
1682780424
1645627529
1444457493
1618891116
1562643832
1507939630
1630948898
1508408697
1491239394
1596266753
1463127150
1515653969
1641135937
1549040547
1510050249
1578964489
1509830022
1547363834
1474085570
1602096293
1532328585
1567979464
1453057596
1532540915
1566524065
1663615533
1517087554
1592442276
1595405830
1540124606
1590733406
1542261554
1581842350
1555070628
1591840499
1618294673
1421555406
1570935233
1429094079
1599728173
1596919216
1529735024
1563071922
1596558176
1461016481
1537544644
1656583550
1570485248
1509668822
1563963053
1594069322
1503584779
1592860580
1433126455
1448787157
1458054062
1489939261
1447999313
1475601329
1426250947
1572687503
1504615768
1580010567
1471991139
1450857870
1539527602
1560737172
1526788427
1514336548
1555312449
1507720992
1525777653
1451629178
1560226115
1591446675
1471245519
1504667266
1514897120
1514736903
1593094322
1512689137
1508332650
1572459645
1533435312
1500408817
1554923159
1534892647
1596072774
1446141175
1505989508
1511987492
1457312954
1532212661
1612823405
1582453342
1474484800
1595254041
1588655880
1503114626
1571373108
1538190978
1559004545
1593286452
1615866510
1538889407
1527447636
1455007537
1490089582
1542334860
1615447809
1589392664
1531539707
1532347196
1602422851
1512263881
1559083686
1538898664
1572519016
1531714327
1597921181
1567726551
1571237822
1476340975
1571252334
1586399063
1547251246
1574426230
1429457156
1457591935
1519160782
1541339261
1453501542
1535387414
1554969001
1516953074
1483090513
1514651891
1568310454
1533063750
1503760587
1429840215
1593259070
1594986013
1481569302
1532911299
1447803501
1611245328
1567817859
1625270125
1448472795
1553947806
1534518844
1502981214
1518772890
1576245575
1600862178
1574757479
1539022335
1427671816
1566775398
1566520627
1529692929
1506808990
1530005412
1567676030
1539757965
1459961271
1594821244
1618481800
1615086624
1489938874
1531223089
1587895249
1482298386
1558695614
1503978258
1467742516
1443307248
1472302895
1630269976
1428183921
1482632422
1480726080
1516431850
1564075338
1508328133
1447373545
1554530491
1502217897
1511607851
1506657644
1537962578
1455216460
1656164914
1503690659
1497492979
1452755858
1572493266
1621080028
1475650948
1517896454
1555049740
1480938800
1510757411
1526333128
1511716442
1557505615
1563930995
1586528220
1562856221
1539402632
1512918751
1476920410
1523753539
1460383368
1515247405
1460315130
1627939327
1495799786
1566424937
1541192538
1599470980
1578991536
1492653434
1534710025
1470805450
1560139612
1486016994
1564689088
1502098442
1533847905
1532437084
1534573262
1566116106
1561490221
1607350346
1477806190
1447335560
1467521856
1503257739
1616425673
1582046097
1584601680
1534054255
1533257542
1559752966
1614259184
1532716251
1569041203
1502928404
1562491790
1529690577
1570678280
1444431336
1506834014
1494869644
1449641373
1622241888
1457558114
1470604759
1540205401
1571712859
1585707700
1510083836
1512467674
1567812982
1450195175
1581357992
1514149140
1506110612
1623092487
1392406856
1572223625
1590983967
1539504707
1530899649
1523769300
1570640021
1644235953
1513856331
1602729177
1571596472
1448870641
1566731251
1456704729
1568312869
1421371863
1534771671
1587374241
1486940643
1459896318
1501281181
1447884735
1590130509
1593022879
1507314549
1486439601
1537953874
1478732479
1615656734
1612550445
1539219007
1551351044
1419057890
1500623430
1475418609
1537511555
1551660148
1513193703
1397944464
1505450939
1523150785
1527870507
1593253293
1522385754
1496225531
1513343730
1564378098
1584841254
1505266097
1528772660
1515395167
1513742342
1603032177
1533405219
1500222768
1463963448
1664304619
1508237756
1555368056
1500108153
1533996250
1560873813
1594730090
1478973375
1478945240
1510087201
1447036235
1496721611
1400211194
1566559517
1587867094
1537558427
1497194643
1564397765
1538007051
1566142826
1526765208
1472645979
1484452852
1518747997
1510227711
1531784634
1555282635
1591193363
1447182788
1581343596
1618684898
1447462926
1553396290
1444742524
1558687908
1502074475
1560878824
1534973674
1550544869
1559974904
1455065428
1531258670
1675797536
1611373087
1647199807
1586897567
1555066589
1512105462
1478344914
1588689304
1559478434
1559652182
1509736863
1566799232
1494440855
1531582945
1500424348
1589016460
1465114019
1506153134
1504544661
1525296384
1503852298
1530217702
1488769780
1558431434
1480292349
1598028429
1505006504
1555163296
1538506574
1558039570
1505781922
1540121316
1471709900
1502084536
1528604823
1602132158
1520693153
1561566282
1505985897
1528454696
1507379824
1515656966
1564826378
1513935025
1469677246
1492121053
1394793387
1592820142
1558458938
1539564488
1497747281
1591377283
1462441260
1592344936
1615801469
1508993658
1446225420
1515338710
1598504115
1503659026
1457442399
1562835332
1625683611
1507151384
1458623505
1420039099
1501279012
1587766959
1570524558
1476968006
1424722667
1473742066
1599658388
1565318429
1678226605
1416925212
1648976867
1594734552
1463332015
1452805909
1476433304
1615283427
1509132791
1511168719
1556068018
1596052298
1485432454
1683021677
1504907618
1532135318
1525952848
1585703388
1615642114
1600875626
1648750367
1425539407
1504613482
1507047487
1498808413
1492077977
1567351779
1511508907
1574689734
1483558439
1529703005
1480176907
1624331914
1526035001
1605547650
1482001048
1563123049
1551843155
1517584705
1487731249
1532477825
1541051536
1486996994
1533634090
1582078461
1484307816
1545125980
1505654894
1483081291
1579202547
1482176881
1361113275
1648538796
1507441270
1584090628
1535292004
1517009103
1451531691
1507326853
1556637707
1516712107
1477579816
1528036615
1426275764
1472995934
1488242487
1507684035
1556677395
1583567148
1483519339
1590202569
1541747837
1504893843
1620086498
1511884125
1484042202
1527226845
1535470549
1454459900
1428601984
1572749678
1513940684
1557378586
1508969997
1402551132
1339854439
1526620858
1684170131
1469665007
1534539783
1525711921
1514516831
1509267471
1337762636
1536381787
1458888290
1503550756
1537322993
1470208232
1549220460
1532724083
1551032216
1431368354
1675534612
1591793310
1506082847
1502476408
1510277595
1535820535
1609559561
1484457001
1502116859
1583567384
1607943522
1476500616
1487365414
1558767395
1484809908
1434015786
1498165573
1521648161
1528947283
1477025982
1552248888
1508413060
1551992658
1467478844
1597761597
1614213431
1582494306
1398033011
1470245391
1541806068
1585390940
1577468880
1530607066
1536743509
1516735917
1611289905
1576018428
1449024602
1535759216
1453902506
1509540670
1504383426
1541615989
1523717702
1433270962
1564943350
1537422238
1577353253
1532508936
1562489926
1418305941
1533576426
1532556032
1688066592
1512601689
1457752001
1588280272
1539638886
1480456211
1555728702
1538783351
1476095443
1577235425
1476443669
1543893852
1615710401
1513094454
1504922645
1572341492
1589518875
1558715812
1505547436
1579300264
1611464393
1457973888
1480456870
1367691447
1612006076
1588533041
1515140142
1511156957
1479712661
1449840978
1416672841
1129955424
1162142047
1100632773
1114163930
1158867111
1152274780
1115788039
1157857082
1201531376
1157925372
1174859258
1121599113
1184510657
1164966963
1292152549
1278666035
1145002373
1212875805
1162803362
1057123067
1102773870
1201253835
1156136550
1204894490
1177885699
1151024849
1120306665
1117457306
1095406532
1091491978
1201152765
1055511593
1136381633
1136072587
1187510552
1131639370
1170761736
1134158842
1136035443
1193633809
1132859044
1156711737
1227035409
1011390535
1142874643
1168028428
1195468419
1186926421
1155134153
1206354215
1139525663
1141150364
1214682222
1187667833
1211974371
1153553915
1113034661
1137873292
1197940977
1216738627
1183372655
1343239022
1487262420
1489035145
1446809725
1535217567
1562273766
1565775606
1534474018
1532784728
1675347507
1587710390
1607302931
1576822630
1495902531
1627293151
1539495004
1594909197
1596982325
1538789631
1623472166
1475100377
1571589224
1474986377
1618759470
1695324158
1618502368
1517126911
1606706169
1636314786
1598709941
1619586685
1649571326
1625220525
1549916339
1572760264
1654302732
1577265239
1507901814
1567689834
1588939430
1567484830
1508169414
1388773319
1675696328
1599822175
1628215525
1561709558
1647147711
1637929082
1570476056
1555588187
1591180086
1506646679
1539034695
1543323678
1533709156
1556823506
1601498947
1541500144
1515372095
1611522398
1598431874
1571472774
1483039316
1514814026
1569353033
1648963973
1545661308
1449771505
1533809360
1566534977
1624265228
1567510584
1591814713
1535425069
1516447683
1681377112
1528450511
1558842474
1519594555
1593470949
1679450130
1595415541
1597725488
1596158820
1534047414
1518729247
1515746067
1479122153
1481519734
1626448444
1598160369
1517088347
1515900739
1505334916
1599202019
1611132767
1576380541
1600405850
1534222167
1546930613
1616949320
1568716715
1593678299
1567495227
1558124786
1483926006
1502176894
1612599045
1530677924
1653669121
1487644385
1501699149
1528428150
1460600546
1480580286
1484778430
1690752165
1550107407
1622410168
1571115880
1488207314
1625101023
1560576022
1512556046
1592321239
1515704764
1481653866
1562561205
1511686363
1565832837
1501106692
1564091780
1535980085
1594820055
1647971530
1574929344
1560761212
1591828186
1651775816
1554027698
1543523351
1483207345
1564611009
1534916415
1532596407
1428386895
1558805621
1534088027
1545245481
1549532123
1691326837
1562963930
1565475128
1599943586
1481364635
1506496772
1570220997
1597529877
1594762438
1591390705
1597701745
1655530979
1341109910
1415564946
1515986745
1520066728
1639982190
1519418470
1490560494
1540853935
1448118343
1518010152
1509059897
1543422191
1519196618
1675119627
1506287427
1626090913
1454955409
1489404311
1517403534
1555974340
1572337536
1491145203
1688117275
1427496101
1507729826
1570507226
1454791332
1599587930
1565737372
1482697920
1530477618
1650404443
1599288591
1538908650
1510836731
1483131817
1624828969
1281540036
1168064977
1122966972
1096127370
1200725194
1258350826
1204552857
1156371209
1230149808
1167200196
1131143876
1246614148
1194419475
1180566801
1159779931
1120483726
1124297949
1139259935
1197826109
1199698382
1235741565
1140567588
1146510409
1163415156
1234588404
1138031548
1123293137
1182544111
1265974949
1228590320
1179302902
1097675732
1142187027
1239708299
1153228513
1181846757
1188931316
1178478823
1149038678
1117958837
1144031163
1177892649
1148973836
1182944572
1232058604
1206725669
1114137683
1118571866
1147520680
1150342881
1141303539
1185430904
1139439136
1141010773
1137951924
1186446462
1105508243
1201011833
1195984377
1212193255
1202819685
1172115947
1094585090
1166060053
1189436053
1164366111
1186933039
1225126109
1200767288
1165477297
1135029205
1090825523
1223675668
1248199244
1221921532
1099530805
1185203594
1207315927
1142201878
1255184957
1161172534
1137127998
1163332648
1075874657
1241714964
1200182250
1202813515
1187362369
1157331601
1253982764
1180403663
1207553775
1198109812
1194764913
1148851906
1156437353
1120776850
1236997511
1136283499
1203299857
1219685266
1116699444
1181159046
1150714401
1205843156
1185954646
1282321094
1268132100
1221296999
1220924333
1138542200
1221619991
1162735991
1174019749
1203049478
1158269297
1259904054
1151481859
1126890599
1199433715
1238463367
1138167479
1184968642
1231301792
1111538605
1211787402
1185650824
1237419312
1204865236
1205862003
1176557082
1217340144
1180518042
1184562674
1238483695
1138174981
1183272837
1228082162
1155131487
1243213325
1169187071
1202879908
1169283235
1157624518
1205016444
1159146580
1181604788
1161547019
1215538919
1219121129
1139049649
1185954076
1160630377
1158769290
1086018780
1225377025
1197412724
1146145040
1185013238
1571501586
1509073761
1480408748
1470849892
1543902462
1530601640
1609589101
1503055283
1539044589
1484374983
1678307432
1562976018
1523609262
1504760244
1554321691
1538740240
1528171137
1450219240
1507924208
1508079393
1566921599
1507196284
1533654592
1495123990
1598074214
1486032556
1447454567
1534766165
1527434875
1610830146
1259672892
1119112831
1166478449
1104286049
1153381903
1117538731
1134907160
1138205239
1186669432
1182846381
1207450511
1140800444
1108261440
1161976923
1073911431
1119892246
1073269975
1199360263
1238966274
1117057481
1173169920
1144747585
1095536684
1094030139
1186458241
1168810707
1165559361
1072312540
1134052661
1113030762
1133958527
1078294257
1128009223
1076810277
1157842159
1123032506
1162070446
1123070793
1181440577
1128663130
1184281554
1133856740
1113499379
1185278977
1160061727
1196094720
1185179815
1183208619
1051579523
1158682691
1114622221
1222832615
1153105967
1096492673
1149927837
1161587535
1181342006
1232109265
1133422529
1160171398
1053335630
1165409165
1191228929
1145738983
1184234540
1180228060
1113813808
1144486624
1166771771
1152900529
1221688143
1502012665
1541642532
1420711414
1456261436
1472010623
1563910186
1631807979
1506620387
1673219289
1552783409
1555334417
1423879549
1521658858
1539273881
1517995083
1565303044
1448931645
1507837768
1563896882
1504023889
1501831655
1523897930
1563174755
1480097180
1590311137
1540054636
1593578230
1562111888
1505837925
1543892538
1557276117
1498952658
1597822769
1537411472
1486345686
1589015349
1517923254
1506711411
1451773188
1464756362
1559988237
1621041529
1504105688
1481148274
1451013123
1474765217
1589264226
1514287234
1553767789
1524842367
1474438969
1597524366
1421137954
1498628633
1563364329
1479471728
1560041506
1537330627
1474650200
1475693064
1535664255
1559271955
1613972524
1566335101
1553385071
1477634979
1590210618
1621474181
1550784429
1581904829
1524888761
1529556898
1504948420
1424345963
1480360883
1437747772
1447733710
1497622057
1483037564
1542774177
1615648219
1416447679
1471229519
1351064957
1212429116
1182322431
1094147353
1178478617
1134340609
1178895620
1166191826
1142495211
1159742398
1203422897
1136411525
1138168841
1167547744
1135709800
1135208132
1177645390
1159275396
1197262477
1204673465
1195190100
1165236515
1247700848
1195713719
1164695492
1152046661
1161849320
1182501269
1138115446
1208512362
1051465735
1162534421
1161048964
1219315639
1152651010
1085676170
1142968402
1172060741
1155691422
1178301757
1120325899
1176988332
1139260817
1203525913
1177316619
1165814272
1103393610
1240718881
1230399138
1161400706
1156957382
1114311701
1154495781
1157046887
1116165259
1091236148
1217386698
1099794437
1176093184
1201020884
1155585121
1199374429
1130068231
1154290112
1125752531
1136035887
1205230740
1213768777
1148658877
1183028466
1128005113
1176867011
1157750128
1189043642
1218055463
1218129589
1142185505
1205546953
1190808953
1139680851
1160766511
1162633667
1175819064
1162165690
1177289301
1146873351
1136682254
1137739905
1225118992
1143514771
1184345575
1148467037
1119706353
1160478096
1163726746
1176347883
1092406489
1203472563
1122467733
1187582195
1201371121
1139814291
1100585311
1159479851
1158479730
1146470488
1208286033
1155724130
1175077561
1156298022
1156940960
1154954282
1122603159
1194333354
1130705769
1178276703
1172523969
1163172383
1226608377
1154826396
1201773104
1135605239
1173306485
1213068077
1501843071
1509315973
1550028083
1492473331
1511008515
1601648473
1503602715
1440948497
1498449565
1558761764
1576331218
1444847895
1476076653
1593439733
1554740180
1538504352
1481476671
1477618357
1532447000
1413513757
1457815871
1528365479
1479768837
1584582354
1496279748
1529798586
1526344500
1596173360
1531633468
1577211254
1593642684
1508151915
1535957866
1493323734
1556553145
1533128004
1649904413
1446589452
1479328258
1502943740
1481970658
1529298584
1526126423
1498927665
1529490377
1611360467
1531750802
1551557180
1533825575
1105737731
1155143656
1443801070
1532856381
1488677695
1576060110
1524193336
1518571335
1595055253
1663348244
1615343319
1567251930
1519709586
1552629160
1585705104
1563564396
1565571648
1529791595
1631704901
1567529806
1428614779
1549079028
1601488322
1668113991
1616301194
1522206262
1512216744
1530277628
1517385749
1556670123
1604939111
1604793007
1660593713
1598502816
1572268011
1611496428
1592461369
1639361101
1552793763
1470865931
1552468182
1537013632
1454344233
1554995132
1503549765
1439519358
1516831830
1548466671
1527660255
1481539762
1594276878
1632281810
1576205209
1486599347
1558997068
1690722358
1512702028
1524987025
1497920042
1522925000
1609899443
1537673608
1542333516
1579327355
1568624369
1469994261
1596174233
1544685080
1527592033
1628661340
1568333372
1570574756
1574248789
1623746966
1616264160
1625129968
1578907642
1652897111
1561679275
1603491800
1575901307
1575794219
1572532147
1432834041
1628100916
1514088172
1520414360
1539357787
1523013055
1541025111
1575784717
1567692771
1547837816
1551968549
1557712319
1572922545
1572353482
1508752440
1595438480
1570518211
1489565017
1596575842
1481884055
1617315588
1186224561
1182682048
1120587800
1115510339
1180715259
1169732440
1161231621
1157825875
1226998699
1140217057
1167541777
1223252694
1178655667
1143804061
1163959231
1166005921
1204796431
1141417722
1153153868
1286917524
1229221714
1138958133
1160957566
1266412258
1124409616
1178041483
1181099416
1112499740
1098793629
1145414524
1167736938
1130681425
1145333144
1138554769
1166416921
1089874719
1184280968
1139910266
1121146604
1159888698
1164382861
1134668281
1157297183
1262734222
1254347960
1233188231
1178833588
1158755603
1158816631
1165128776
1189205640
1127501263
1144506401
1308493852
1144261894
1220077138
1200051589
1204305554
1224001399
1158181311
1187729615
1114414657
1229168044
1203727053
1215368989
1162812404
1181735957
1203862485
1164154563
1167513420
1545041324
1586900616
1607718295
1686351012
1608533401
1469233966
1710029166
1527528532
1464539795
1560795000
1617621155
1616616714
1568532340
1482727297
1558615296
1575497951
1515004431
1543496305
1565930916
1567409784
1574207363
1581536475
1450762901
1563735903
1587861715
1653429715
1597221262
1543788826
1471652053
1139743698
1242769387
1163967980
1224417599
1162809345
1140061374
1179351957
1077883907
1163889859
1147197140
1185069693
1105697519
1206314017
1140152401
1183552884
1185082959
1175727577
1131295019
1124351907
1156159400
1164108891
1198393634
1200778992
1202697595
1156226887
1172110836
1156717238
1098909431
1121986598
1206088348
1180077380
1124503026
1167013247
1207709156
1200979793
1179382437
1183587956
1200069860
1158346416
1228015106
1211000345
1206033576
1173145556
1137429520
1198598037
1155822070
1123375421
1073154819
1202821346
1158647998
1118965651
1156795989
1167957356
1194725797
1156802353
1185016461
1185730746
1138630201
1198819163
1119816202
1094390798
1161349374
1217456008
1138143672
1205736019
1147796628
1181643757
1178984328
1161625703
1151284669
1161640470
1182790161
1273019753
1240487293
1231252531
1210528768
1173292255
1177772128
1220690142
1185009337
1161776483
1159471761
1253316327
1165633289
1144261936
1227532249
1159273362
1128993596
1220608631
1119119186
1128288002
1239489909
1160260146
1241821406
1201459410
1167580260
1123524462
1114115778
1095643437
1175144867
1212030144
1141695727
1196235949
1156643796
1202295738
1154569424
1184187227
1138211249
1183415949
1303908338
1160897529
1140101412
1215972470
1192702031
1179691054
1216379797
1161728170
1208120259
1204246700
1179710526
1228262506
1198136745
1184619417
1172828750
1174834840
1099019737
1253662775
1122738917
1132186587
1245830911
1161599735
1196741986
1172449151
1098261598
1179030308
1179151026
1222691897
1208517007
1200863774
1180258310
1309660536
1432803218
1511653092
1514835080
1497864934
1656422049
1571987555
1583682760
1601666638
1566299306
1595785630
1651714052
1592195460
1480059298
1553530468
1538953598
1541493316
1486674067
1589199596
1593991687
1396959640
1545659480
1556919461
1460052770
1587378163
1536892995
1464290861
1492869918
1535031527
1481280512
1443059233
1530583270
1571065487
1539351581
1509896705
1477921522
1376608254
1181619342
1100140149
1143354317
1119091541
1097873427
1152608407
1142056172
1184214752
1201974070
1162690739
1115383826
1189596298
1104546489
1157159694
1161704649
1101988237
1183736100
1139263704
1121228362
1175545740
1147423963
1223078013
1096286100
1126121709
1199468821
1114287829
1247521603
1245419829
1138399749
1083638524
1052329174
1150596504
1192147283
1193344148
1121836477
1184420233
1172711450
1097865858
1163498424
1116314936
1079675999
1196112572
1230685586
1157549725
1183038756
1161849098
1239161514
1176338505
1183408708
1124182707
1209975188
1080393345
1197835131
1140857289
1136424467
1201350196
1130160452
1166848673
1139802555
1067233295
1120692293
1148828567
1179645105
1119813303
1113497220
1153759594
1134397033
1188582159
1206937194
1136237552
1144971858
1165369410
1160707669
1093479625
1178008911
1117098585
1155249181
1099015077
1166077365
1117285444
1180536847
1169545227
1097530041
1234244954
1094121802
1158405686
1068717890
1116075924
1114780922
1107729037
1159604702
1115082984
1124216787
1158766417
1119204238
1183791490
1168486849
1149390745
1175095758
1134209553
1117995776
1179660639
1135465698
1161497411
1105598338
1230772285
1159100324
1137109616
1179819421
1142515091
1178757353
1199658564
1133667410
1379217332
1625048312
1616782198
1586521516
1569931926
1527263616
1609744292
1452336750
1515406177
1530702757
1461688016
1380417768
1543293598
1535875915
1566860221
1533344053
1501423249
1563407299
1480872842
1543274385
1510166658
1508504115
1517254347
1477162711
1516662324
1599082782
1562594425
1513513442
1657159592
1598277846
1528991184
1449441031
1482811190
1567833641
1486627495
1561221690
1490856163
1555575890
1557800102
1564450362
1527920767
1536805821
1571166531
1464721534
1446459148
1495969641
1440029484
1474569261
1471946549
1532953167
1525653904
1505125425
1480245670
1475618466
1501985248
1566555703
1508800386
1480643739
1438770870
1553985265
1494656666
1441001337
1512589406
1580777741
1601432994
1594540935
1633913976
1561298819
1505796360
1541260032
1471504154
1480157739
1522186666
1597425367
1669856444
1541324886
1672570726
1524533791
1570473101
1561537913
1564141845
1503963236
1543058219
1646038580
1571563726
1618993771
1597340984
1662805125
1605773721
1627801960
1526939823
1594012503
1507581513
1588367517
1538886468
1595912678
1592227102
1619739252
1496323307
1560669100
1512442988
1594509516
1582129348
1571201846
1484522351
1534548761
1360207586
1599635043
1569600757
1545814240
1563952292
1468648470
1564138420
1458201785
1569285849
1516688789
1508106447
1568183282
1597717382
1615519783
1633239702
1540030077
1563517424
1574615498
1573817600
1450519678
1473911828
1645459718
1565751156
1596969596
1570447088
1678304258
1461753181
1544287310
1567741459
1517474322
1589233505
1619080551
1536656098
1488097308
1621485015
1519376259
1624482741
1587722854
1626288089
1531580778
1520982246
1466468541
1506301554
1490721995
1432873936
1569082988
1529618615
1533834101
1434683792
1518154770
1479060847
1631351352
1565397123
1504283569
1590085758
1625610573
1553541215
1515860923
1565863007
1536978112
1567341720
1488956455
1545107003
1460755874
1491099037
1538928646
1582767238
1571233018
1450375851
1633044000
1525721212
1599788795
1494438631
1617831736
1554214139
1660582214
1596302405
1593692141
1476445061
1566182988
1503272403
1531713087
1512320041
1523246870
1547973792
1574919259
1507659154
1572231703
1499941264
1452834682
1607949172
1518191914
1302420835
1190588201
1183951519
1138991242
1125317205
1203572990
1182417232
1296594864
1178186576
1198423123
1161673105
1180476994
1137107012
1140667785
1124308745
1204242337
1141997429
1181910677
1157983109
1232399467
1171631157
1223597805
1209527631
1122581349
1171451255
1171069633
1169675840
1200506188
1203653204
1244039055
1177806607
1262741109
1182965750
1196630654
1114926902
1246998443
1180313531
1198931235
1094444858
1162033661
1241461253
1455017934
1604059902
1723965857
1537660056
1485326455
1513942972
1426169251
1655687190
1568673117
1623980783
1655288726
1604434067
1600305794
1685561261
1542031643
1736625056
1578721914
1552806094
1625315193
1647288691
1485557205
1482026034
1605095579
1454588095
1585677618
1576746079
1611488368
1500357444
1531448598
1486886915
1485531212
1587056277
1569311083
1556685247
1645152487
1544724550
1490191693
1641818442
1589279948
1587740264
1607193992
1489275972
1577088672
1489682375
1517652398
1661211377
1527536737
1630106006
1626536444
1698689932
1599295875
1610428775
1576843371
1530505536
1583975170
1525451889
1632496311
1496907955
1546627712
1553035143
1464728006
1606938163
1488331236
1574061639
1553742339
1647057652
1522726937
1496142661
1575100848
1605171707
1549793214
1495021238
1676137469
1640545762
1603395242
1572222606
1631505414
1481518915
1611492690
1532927301
1680197294
1624702928
1551224009
1596691535
1602979029
1558100808
1507101267
1518946593
1575533688
1597662451
1525919752
1551467345
1618921563
1612637716
1630991601
1521487450
1652059300
1599791232
1595785150
1626449506
1642335953
1534729408
1531568075
1525751829
1510241492
1580903223
1619697838
1596331937
1513147610
1434642488
1604885196
1510569269
1493246072
1532559323
1598558838
1630683400
1571678015
1520977210
1481090015
1534770235
1541121844
1429987805
1540491311
1487940214
1492763619
1602541427
1497311840
1573062457
1618856118
1562644664
1517275491
1555910696
1418527899
1513606369
1666222420
1564604366
1376555640
1121031344
1149572624
1187063811
1113202945
1103305722
1211786299
1104087178
1127713425
1183570552
1074299971
1159844675
1222083298
1074126175
1204607014
1175049488
1180805928
1178023286
1162249135
1135729761
1355180710
1528665604
1532944440
1510674768
1535368369
1589419945
1401751344
1421319237
1458751900
1645010502
1481771988
1513675571
1568211734
1484538348
1533416202
1457141280
1479884047
1538731566
1535674364
1443180081
1540088117
1507966563
1512537527
1556135884
1586683671
1556012319
1474756745
1561381885
1582959999
1547469042
1418829126
1561421878
1538024074
1536088967
1512102970
1558282746
1508681883
1535630603
1543024539
1621344509
1590024568
1595011746
1528219376
1585055365
1503922211
1450783203
1515916557
1504573280
1491871424
1587262535
1513854902
1398478340
1453506788
1562037637
1562426445
1594819637
1509543620
1562837235
1557973310
1450661616
1533127113
1508513685
1505338390
1537302882
1523683671
1563434359
1574486472
1626092362
1480185935
1513693437
1481592117
1540745194
1504088082
1512793365
1529099490
1551157185
1532924858
1508023949
1481894223
1573738066
1475479232
1376424232
1532012283
1451159111
1480821709
1582314789
1577387885
1522838773
1563883556
1580539936
1540064248
1485300937
1449297491
1608202142
1479118502
1472707500
1629813461
1554745752
1481161259
1426815162
1448993654
1619191739
1527401004
1533266800
1591896324
1538518326
1503892846
1452481143
1492210314
1479946598
1453019667
1543030478
1469174692
1514767885
1500374026
1603361768
1446833424
1527117929
1581380405
1477211437
1486304327
1481068077
1535866099
1478021520
1588456204
1594228204
1513957316
1531019967
1564473846
1548454166
1469905919
1552715579
1607704907
1509082099
1530264403
1483340914
1483212499
1607634258
1545142165
1396954397
1545249737
1582648609
1476969719
1574735245
1549242958
1627377492
1665062050
1567595408
1606120726
1488096373
1529655075
1545050484
1567258046
1509325157
1581206094
1546696956
1568246729
1457165281
1480072740
1613982891
1508315431
1512725747
1489034167
1491061025
1658520364
1571373527
1484156622
1502950710
1513373016
1562233944
1538696872
1495348754
1501448232
1566221204
1551254006
1541646691
1618342895
1492288992
1572946281
1479284716
1491017534
1538945009
1508317158
1565464436
1622254633
1541758218
1575067444
1593798542
1536580814
1518393226
1577959819
1526626577
1547638211
1492503956
1511791534
1591757948
1457485363
1606565114
1398743772
1585136980
1520827367
1683301524
1492673445
1434001807
1658933343
1546060848
1558091586
1581260982
1517786048
1633573019
1519697149
1563461102
1511370314
1573712826
1562192656
1519825729
1619692589
1540881476
1619803364
1520300683
1516198596
1587785604
1517914949
1573761612
1596178843
1517581256
1611633381
1518029692
1503200022
1422607031
1511573386
1626493390
1509892610
1626436966
1537660388
1489447674
1557883120
1624732667
1598556335
1594729622
1633296209
1513292413
1574373625
1700088309
1602776305
1570870292
1576374141
1639697790
1686824640
1571048504
1627649173
1654326513
1547482298
1486401980
1535109839
1502464583
1450940055
1510763703
1578005010
1680504163
1608835846
1511840630
1542101992
1577821045
1706610538
1559956129
1583022367
1622272495
1515025282
1595587260
1485576292
1594658397
1536221024
1658842563
1503036298
1624005436
1491310357
1499720154
1514472840
1566748789
1618534428
1482363218
1511990421
1513251509
1510392659
1569844522
1560348933
1567223858
1562994321
1540988929
1553447456
1620977294
1615224206
1617952205
1633794265
1401208115
1413907945
1475578668
1486240694
1494206783
1644912706
1435990939
1691037406
1524408679
1569891392
1534545995
1608944271
1485344024
1621657219
1511537202
1585032236
1484919792
1469224736
1531676569
1432245110
1585575558
1620361967
1684170640
1659151038
1483038171
1595955308
1546665374
1579647733
1613750118
1481983402
1512192088
1616443960
1624321037
1651977134
1551783755
1594420512
1488840066
1499369068
1591006784
1543653844
1565315233
1702248369
1512102430
1543497575
1625631842
1522436151
1595114794
1544392353
1626260464
1568830057
1488532957
1588573687
1538551864
1661827348
1585648517
1689602980
1480987644
1570539939
1542554714
1603029244
1522712921
1484700064
1600195096
1628315742
1517863741
1563089787
1541311267
1574281837
1547081765
1532284207
1543476511
1511085279
1548005356
1507302034
1621930242
1539003541
1483191445
1510542002
1538828071
1474926700
1596850389
1592191170
1608723763
1626939613
1541125175
1574592350
1582659522
1535231662
1627486769
1549361526
1514317196
1604957852
1534087514
1515386712
1573987318
1490562520
1540829785
1600730624
1648422994
1513496082
1434735028
1491605219
1629988503
1591011339
1543964933
1586646734
1593540710
1564879938
1529135185
1567415118
1576704121
1604907374
1607422165
1597254597
1573691604
1545869860
1601459746
1542382850
1592118582
1577245337
1432026887
1635718779
1578687989
1591212956
1590436731
1630702793
1502051137
1543080405
1641129753
1589033986
1563530344
1561323201
1595001212
1455771683
1494542986
1516969941
1450224071
1534133475
1510871675
1474291308
1600212943
1528571069
1538731033
1431549621
1605211750
1568141356
1624656812
1580478922
1508080321
1538702948
1620729443
1596529702
1563341329
1533059069
1511738076
1604684091
1572791509
1505745787
1438279369
1561629555
1498721023
1538284625
1551659821
1590664164
1399200077
1449645963
1537773732
1450735185
1480239489
1452845613
1497371590
1518828075
1576305682
1427229318
1348540022
1634682488
1427487235
1502740002
1557224237
1608084815
1566886830
1611665418
1558674801
1475231666
1532201483
1532239502
1537418997
1561654529
1479461409
1424329835
1465123410
1527726238
1586922999
1559496029
1532726728
1500584164
1586694033
1398537828
1503419270
1581499937
1591324208
1517294821
1574370318
1558459282
1531048382
1560745433
1433406630
1588969901
1530679550
1510327137
1539089729
1475673804
1571587180
1535983560
1451181362
1419804542
1528980823
1500318110
1479067881
1487162187
1443562245
1460478420
1610412961
1510921737
1507464367
1528377934
1589745251
1565449329
1516822316
1587216216
1366192074
1484505460
1473873338
1560324360
1542017596
1536957940
1628540904
1481757736
1586044345
1479460939
1478253464
1503612877
1468629351
1455349617
1515834592
1457038231
1560654676
1476188140
1536674814
1480083894
1503539413
1431226136
1516920665
1536941528
1486421582
1508049987
1585435061
1498331102
1592664430
1562189272
1601058798
1564617259
1427199451
1550186919
1618813129
1471849425
1466561613
1477108404
1479372511
1079921845
1129884993
1156495336
1161057461
1062281398
1209377924
1143576411
1154560105
1225384021
1153439581
1111408939
1155026456
1221545107
1594376187
1502649614
1508630401
1531318803
1617417427
1502328574
1577987281
1420234089
1578284782
1523778438
1615020127
1515588917
1552876771
1508035939
1505460760
1475636431
1510706552
1564874139
1531796259
1474151428
1505660477
1536290498
1537245607
1499457740
1535475668
1619030194
1542408912
1449818527
1567523078
1484031568
1509188161
1612652824
1541174907
1455842878
1566579740
1590905104
1503391595
1484744934
1597499859
1490179342
1566756534
1608278508
1573515547
1550430810
1609599609
1572867622
1543148160
1513853955
1507864098
1618262134
1593376042
1595185462
1647784280
1609242946
1631966865
1540448081
1635828326
1534166560
1481793934
1542196868
1541482286
1568562365
1646992535
1623874806
1595961010
1482584206
1507920165
1518965389
1564535755
1508553087
1620070840
1495345842
1556630144
1543172496
1560749881
1605029842
1622504468
1508786657
1547092873
1622607491
1477134539
1484732177
1528648306
1551109545
1426754591
1536174201
1673140977
1509036691
1565331581
1615740132
1526045226
1594786771
1541824425
1595192713
1602271673
1595923986
1601355884
1488927765
1565827706
1532659442
1676064823
1592923967
1582591668
1616365873
1455543054
1549753122
1595418284
1605372187
1591618554
1568799239
1657346987
1571139974
1600326770
1576019363
1571913502
1543608588
1576252167
1543453151
1625401088
1568191160
1545695066
1453914021
1535565821
1510719575
1567162343
1618153066
1535643891
1601237383
1486208412
1612657795
1600169916
1471291158
1396636675
1565504237
1690468873
1636070819
1552915446
1478270493
1618408465
1621474758
1510439009
1592314966
1618396042
1632025764
1543619811
1550012689
1616759893
1555786282
1580987238
1605060006
1636192174
1513736315
1502133475
1652204733
1487000443
1515689347
1456309493
1684282061
1530078999
1573763042
1628500413
1513572249
1597302809
1366731114
1568735141
1568713558
1629042251
1476218687
1623250696
1599387090
1538125601
1571671689
1510449251
1507809462
1605593603
1538275602
1494973126
1570258412
1526004691
1452413614
1554008845
1597414020
1497901761
1601739795
1590667443
1624316236
1566296735
1633628028
1480513874
1544659364
1419922043
1538406040
1465115552
1176723682
1107561777
1139174332
1168037151
1167052356
1163354928
1137746369
1161211060
1142424027
1197815923
1178482115
1160495132
1162082420
1154234968
1158586601
1107410173
1139132894
1221216860
1200694739
1180714692
1139112947
1445611057
1625878458
1654141204
1518977954
1540754522
1604374745
1560312113
1561377133
1598316913
1566512112
1513281264
1544450610
1510295713
1635737693
1484416897
1588966871
1606230577
1507242391
1542755200
1622614684
1541236038
1584033207
1557981910
1562766545
1474538364
1236761885
1178042775
1147950135
1220168698
1163316063
1223871764
1200679844
1153782347
1222668119
1188994401
1178909127
1186720581
1148380173
1221872678
1204875908
1233438593
1139508587
1202252901
1138826711
1226778947
1139601247
1245213004
1188997026
1162644228
1181589978
1162945703
1206728683
1200151753
1102448874
1139967577
1200971465
1179519102
1157247353
1214377722
1188567083
1241705656
1193892951
1148176718
1221070057
1161210507
1167292366
1222985207
1180725128
1143185768
1182705900
1167869656
1161823460
1195825846
1202917114
1182472768
1173192058
1136730359
1233156833
1101614326
1167863010
1175596946
1164973104
1178806186
1181472264
1147101173
1218810357
1178969747
1227351597
1165007000
1183401513
1225316822
1163437242
1184042704
1205243257
1124041458
1194192733
1252213954
1121445374
1179195283
1216933338
1270031564
1180390402
1153330103
1165959108
1186422374
1160950904
1130776756
1160714156
1099947052
1163123934
1096435513
1142227035
1160617569
1159379888
1108673251
1119325228
1236378549
1265879488
1160364020
1223500223
1264057199
1121466336
1259967725
1211819802
1207998307
1232939375
1206527395
1191062727
1144264515
1207615511
1155167694
1202461513
1136744581
1177850405
1186048272
1159040491
1311606998
1171566836
1176025878
1074628235
1160134745
1212460203
1126931527
1084713233
1132549953
1162607736
1214784951
1542160616
1531203464
1722481259
1623913594
1543191334
1573156524
1567585958
1633064111
1518173751
1510548462
1538551132
1649244060
1580438727
1505984256
1546125548
1593526402
1568857773
1586702554
1534433166
1503108917
1222258759
1185693312
1239800203
1214725061
1206364706
1153405905
1185103616
1169422624
1141255175
1200835729
1209487633
1203756721
1180169718
1251182539
1152419283
1212762492
1179245258
1133669836
1272961944
1205161346
1195743664
1201560351
1215742650
1252151817
1172213138
1228849489
1245863068
1231566333
1138860436
1202091824
1234202993
1169079077
1182259928
1256044440
1181394692
1183356221
1131321163
1175469871
1097870938
1228881263
1268698151
1202015630
1190747813
1144841236
1232858630
1183014212
1142958071
1216639408
1184653028
1188394337
1138934118
1181639429
1280616368
1517031534
1513660385
1546287268
1545971180
1570280405
1501334224
1568634462
1607357624
1595019414
1574639034
1491700949
1509203848
1540348818
1620437503
1552041944
1683961684
1518598606
1498609349
1571451197
1507267172
1522071869
1571467449
1654275518
1522329594
1600788257
1626743230
1566873911
1603664176
1572457104
1636420512
1576095602
1572244108
1514156107
1495473549
1484534115
1622051287
1600465807
1518660806
1635958141
1523355544
1633712975
1569667909
1610941877
1537093321
1562278250
1539824410
1659797371
1587367900
1574689491
1497575256
1602695231
1529559655
1454153870
1636809636
1594819685
1156326464
1205526241
1104491052
1181991898
1375682638
1573258599
1565407446
1641739197
1649969584
1510590276
1453033624
1683900695
1481109420
1564186373
1625202541
1546557942
1603091615
1530387710
1597056591
1620799974
1576048760
1537139646
1651331943
1631273058
1565196429
1556401609
1592594521
1617807263
1646398471
1693274818
1507378461
1481637523
1580052947
1572607979
1477927393
1594804703
1548087556
1617460940
1583717274
1561048670
1482070478
1534715930
1558061939
1620072074
1577328611
1617322682
1550770362
1430604029
1563150573
1394286251
1591610798
1547253727
1592646854
1594803025
1512062000
1532714938
1598013649
1214911965
1335183920
1548274314
1674649120
1519123064
1464258610
1544033268
1518695384
1615090205
1568009166
1575278502
1624062008
1571845861
1596540728
1564933414
1503753868
1513884683
1592762398
1602176657
1238218145
1161371972
1160448932
1122650290
1180063118
1155708461
1143020520
1162284658
1186300640
1180065513
1184343334
1171458546
1244569005
1165449105
1236706775
1179713634
1212194667
1118942311
1174512536
1184716842
1201780275
1201723223
1184038647
1183537028
1190402183
1138717793
1163506100
1061682893
1143152872
1226669937
1199500148
1113173343
1090793100
1096710068
1115369919
1229499508
1159157509
1121933185
1178697527
1259701431
1133916246
1161946715
1221971468
1205266180
1137106666
1244103388
1229177704
1127096877
1160213585
1211580993
1224902241
1221762055
1194447213
1243763120
1160398931
1147650471
1199925263
1222541074
1231579987
1100507993
1181220961
1182358839
1191721606
1135358935
1117926704
1204844134
1200903376
1223785189
1131191720
1155647075
1234213305
1142557115
1138850000
1222102921
1151252093
1147790318
1179247284
1161992200
1203358442
1078601911
1201238525
1166980686
1171508533
1192658073
1159738922
1165957688
1124232472
1182005441
1149830816
1206307663
1158102985
1113851679
1140878437
1198002692
1207149439
1166206017
1194206853
1173750311
1224976964
1268867779
1171074804
1168095636
1182703112
1186697851
1247763818
1146205244
1189069203
1193353158
1304003253
1561258023
1567814356
1494205498
1625481052
1548665207
1599937302
1484133196
1574544083
1612367435
1580533611
1496583962
1576931459
1754226069
1601159426
1463538941
1606474960
1548417136
1549512898
1547152184
1621643228
1593644966
1521130171
1597013767
1526264581
1544234313
1537415454
1568798548
1660084782
1611425093
1599624764
1632409124
1588909323
1536669528
1596357320
1431046373
1214065664
1148775694
1134659057
1184082423
1154836602
1208089938
1255184834
1489305365
1521919417
1593984376
1623432253
1587155153
1559986563
1594613957
1563952183
1547669871
1456209496
1602533298
1437043555
1578242060
1537375676
1212976143
1533700904
1475674605
1591367474
1529978415
1558439464
1430049917
1499680334
1496678903
1530136742
1586713864
1495673517
1463803725
1473520687
1471606172
1637743442
1488106387
1552673308
1443083014
1675626057
1523048911
1594283084
1615781226
1491747214
1584488440
1527083409
1602409581
1540095811
1496679544
1596439942
1587467753
1524677016
1579836920
1561060820
1565417043
1505233917
1525683988
1502968729
1527180929
1506511217
1467799914
1526665208
1620756752
1503399177
1506381750
1582981384
1504427499
1530460810
1558598003
1557380997
1498666715
1624909505
1560452925
1476350360
1473121105
1533421681
1480833088
1614697187
1702176318
1547274209
1500444870
1559951827
1579235097
1497734483
1580796398
1587624682
1632940232
1591136556
1551864846
1532596575
1532054531
1615212083
1534164765
1609545659
1476966172
1510468002
1471731841
1524230225
1602575278
1530243623
1531643334
1549527068
1563064212
1528236836
1557014423
1468092918
1533103426
1590266399
1549344869
1443844324
1537322248
1528673242
1609859107
1529505993
1597111964
1528995393
1621563111
1524237935
1578505385
1537460398
1503403779
1490062016
1631966158
1632691799
1606840880
1595887008
1641304744
1535888091
1568028905
1641508501
1612655748
1627723584
1551301715
1503797017
1553871106
1474781042
1609827512
1468822324
1527597574
1502709485
1445653667
1556433634
1615085638
1559818005
1590661705
1468924373
1561724309
1467623347
1439744178
1425627448
1562851534
1530042040
1590229007
1551407257
1473873203
1605392692
1527242487
1497453976
1497682583
1533270679
1450946426
1507903186
1564223310
1587737793
1537497252
1619319682
1524720890
1573906966
1588833580
1579785230
1556958059
1530211633
1526725830
1648506891
1269781014
1520902268
1466169592
1473788040
1598625296
1510424702
1569549033
1678664028
1574415555
1473368315
1544247849
1471853582
1589604376
1587796724
1592504872
1567165906
1472628066
1564583062
1571468458
1535356636
1533404244
1513706681
1532673612
1593819649
1530187585
1514165468
1570239361
1528264543
1558694287
1448162943
1524366160
1559006778
1655359082
1506560104
1571385585
1500017016
1502538400
1482961929
1456829022
1393867256
1566509904
1502194364
1479961180
1430696743
1537593608
1549935294
1475163669
1523481731
1513392838
1564113675
1419255384
1502174062
1610433900
1444807329
1457798854
1597348683
1595050541
1455697535
1508651645
1525366662
1566442591
1589887282
1615339686
1560812657
1536278483
1591001522
1449292751
1506612578
1446924322
1535160684
1549764557
1503208416
1425142785
1500908799
1459008250
1474980738
1395048611
1503982555
1426412466
1584394868
1501525284
1564513276
1481835976
1568935830
1510427949
1363698966
1502683702
1462881737
1510315695
1503181125
1580821189
1499993886
1508328930
1579871397
1592526624
1537844583
1557739021
1507880119
1553101172
1536143277
1592314621
1498186872
1593247473
1490954396
1583630656
1534829124
1582557356
1477514718
1474488219
1452073672
1630915813
1424871788
1485613793
1559148818
1564110274
1590769439
1428196343
1474919307
1560727872
1599584559
1559898431
1337038346
1136837501
1182469165
1138574000
1160224913
1135624000
1090496736
1133894143
1112608847
1114467463
1144308226
1163613577
1096679348
1089228051
1115860774
1197078218
1118647341
1119764085
1205340267
1159734355
1138351816
1119856981
1200267829
1205729479
1190872731
1142903151
1165195966
1158624043
1154787307
1134087042
1168389368
1207914668
1130443401
1120731463
1118390179
1133552794
1199125126
1155462180
1195444254
1166151701
1218535864
1250164601
1119691454
1116363873
1129694380
1187397451
1225545351
1101015698
1112853319
1179043645
1178010277
1161631768
1116722411
1422169096
1521287579
1470027328
1551089315
1569477928
1531295640
1483196516
1480227708
1470960518
1530331669
1500497272
1630137149
1513734221
1547307723
1514735554
1566214714
1518237629
1427336246
1524979977
1596565190
1544035807
1599596440
1584818320
1588491048
1643548946
1549408205
1573469310
1486453170
1530441604
1511969374
1505120493
1664490827
1465845890
1560434866
1580441624
1508856324
1611292873
1479886153
1485978967
1534496247
1529085375
1463596879
1472084149
1502576720
1604749108
1519702185
1536732970
1596321882
1556264894
1584704208
1471962656
1528582704
1550421335
1583302021
1546432581
1426005786
1676292698
1420382644
1167546818
1207688350
1142595359
1200588220
1178364708
1198595435
1203673746
1168812554
1140598743
1184423140
1151526526
1152039075
1196943925
1116847087
1156270726
1126537317
1179625497
1156139821
1166421370
1239412552
1118832414
1185584005
1252983761
1107870298
1115350947
1103404308
1140662031
1182259270
1114165308
1080909809
1113510577
1183353548
1160795666
1118060199
1177148334
1116709722
1116997545
1143311161
1165376620
1202040116
1187186998
1154634324
1159242625
1205620099
1138428995
1158159353
1140723274
1138757968
1074762958
1057803458
1113865679
1129090239
1157755724
1144686905
1153505240
1176412988
1151772508
1105284461
1116074264
1124815940
1081363812
1200129185
1138048853
1203230644
1157167328
1221355860
1114994401
1121339320
1143144025
1119047376
1109015417
1133875019
1159108285
1184760400
1120081519
1195360173
1153392144
1121018778
1124104665
1189079248
1162148836
1141683762
1138419434
1201077590
1141759182
1112289105
1159706756
1185191406
1187951210
1166772842
1114564454
1177845514
1224013634
1154600395
1153655337
1225324393
1135448670
1143240068
1240539773
1160353395
1110403211
1081412865
1156809012
1156287532
1183205266
1161747332
1118158250
1176215344
1202436914
1158772316
1137292307
1162642080
1154743931
1150075449
1155268805
1140439963
1166490970
1132872239
1092055090
1227742782
1137380447
1204528287
1177306364
1154322147
1162699592
1167010309
1155667158
1205401417
1181104805
1136663419
1133886748
1199434292
1231207175
1163646134
1183563416
1478719555
1512322326
1504768903
1436736842
1427115193
1544395653
1506336885
1552199781
1594040195
1432497050
1516701591
1533447549
1505541707
1538473280
1454697627
1480631481
1546254108
1567170170
1544391537
1404241748
1563643059
1466115138
1394517638
1622004299
1512769605
1516435565
1531512527
1624138226
1532375031
1494290373
1510866744
1542010037
1563528483
1458494566
1552561806
1567348547
1521908785
1597229453
1489949538
1485696800
1568514651
1619053656
1481442551
1568878157
1552087493
1558112213
1558821462
1456718059
1542793663
1422777725
1655925037
1607971678
1474757878
1567035426
1617451127
1512534568
1549691087
1566089031
1562086069
1570565260
1566777234
1513548467
1491655647
1489244731
1460334910
1543235349
1499607022
1571255750
1585049476
1518456281
1508311543
1574106054
1452898534
1567039860
1463085742
1426414055
1564911566
1567001979
1460247346
1524494127
1540808132
1573441944
1602970436
1543658598
1516285854
1497004294
1621321098
1482597937
1543599623
1462352057
1429410992
1535802137
1513779562
1592857813
1528704346
1484943913
1529023292
1414773246
1595610447
1488795724
1564384403
1518252540
1510858353
1504978890
1463489198
1559342298
1419159947
1552127060
1453453630
1504788622
1480571264
1407478934
1572896762
1428740584
1517318018
1515448595
1510143081
1446515380
1666097270
1645801335
1479417648
1571199163
1542726511
1626486883
1541548086
1430478640
1574980501
1604875108
1540931733
1481708488
1569818263
1450622481
1455412686
1597515219
1590796331
1489613778
1598006624
1406629832
1509715758
1482699686
1586293188
1524248734
1433061549
1481902264
1624191301
1390204880
1504730417
1654885464
1533102517
1501778583
1566377274
1326657912
1201820230
1163120576
1134921810
1178732123
1181127343
1137655252
1161775190
1062929684
1114806689
1130930933
1214641177
1058432536
1140114479
1488346688
1470629852
1454945535
1555510235
1512022341
1552770375
1636251721
1491500156
1603438863
1596517414
1581060576
1657788027
1597384330
1561798741
1545712729
1562778390
1617609500
1562550821
1454995467
1607791797
1538784893
1591440696
1491553509
1509463655
1545322159
1655144174
1518538739
1580556403
1608984723
1463972503
1623104701
1545227834
1597997960
1649721998
1543024679
1628125250
1540571965
1593894090
1594906520
1525411875
1563212348
1546436142
1510890549
1544053328
1551114589
1509770728
1661872658
1576005489
1605379379
1587616219
1603668548
1537593550
1579346738
1694050068
1628798939
1662559695
1566935443
1516449603
1541821977
1596005531
1344113450
1542809808
1652826268
1545587679
1617045803
1657610509
1634232150
1632337182
1571031316
1534331489
1568268909
1547033413
1555610829
1564535347
1606069577
1520394659
1582626828
1569291461
1507634324
1631345668
1569407918
1467121644
1512346604
1651900425
1572002973
1594988822
1550671491
1592633395
1576325946
1595533671
1499793229
1560869900
1627828240
1552506187
1471387378
1518103503
1589249814
1553071744
1522555552
1592681116
1605209252
1653144906
1527363282
1529198900
1514243044
1510772553
1503963318
1589801821
1544507651
1590171999
1516736126
1556368784
1520268794
1620282052
1634701751
1548664157
1425224473
1502610069
1575876478
1515867730
1621175332
1487475704
1448409400
1592932704
1570906029
1562076237
1535614151
1487548431
1532291204
1579159230
1467079024
1641214508
1580685414
1540611241
1567987696
1535563651
1565138108
1509957902
1507130119
1581890116
1575253111
1654012364
1538181186
1573430466
1538511835
1588448451
1254842396
1181885851
1137952288
1183410538
1218884017
1157556837
1160207507
1190136114
1207701544
1182958005
1205323675
1168371734
1209972150
1210648081
1242568286
1546725314
1556396046
1530927097
1433781799
1506311050
1518691380
1532089947
1453963616
1501326103
1527776938
1397035211
1500434613
1647367352
1552629708
1590494088
1522247652
1454373654
1530733898
1537361369
1685569560
1531446975
1573665419
1555168816
1535692683
1473723317
1594362404
1559928294
1534433044
1507357497
1511171301
1568769488
1501538945
1560708085
1516002366
1451441365
1479610455
1529854448
1564859429
1531953333
1508556914
1563293941
1478254070
1532312534
1582763221
1485236073
1554424916
1473008844
1426170399
1521366005
1595329953
1624513948
1539443038
1534501931
1535230320
1625564800
1536501641
1484829358
1529548116
1489359385
1512264375
1506984066
1606082722
1537251309
1586455689
1605872528
1643922420
1537528871
1601446426
1428441885
1457869492
1564365085
1450980347
1633547185
1520352956
1423943649
1485741433
1507316146
1481338301
1542835106
1618039495
1519256533
1595932244
1516921774
1454368501
1399696547
1619009596
1535340401
1478090119
1536873108
1456708623
1583611069
1505442254
1594136994
1449978844
1532253300
1456938941
1443536576
1511600325
1496748192
1507360344
1625440925
1532504300
1481111953
1478376192
1526295076
1571516435
1516489466
1482877363
1544145960
1567228656
1626144892
1512840732
1565059887
1568399600
1583841979
1512074138
1506258386
1589688402
1449439140
1610309460
1512391895
1507291086
1502080046
1533691863
1545902390
1540740865
1428106874
1457576571
1589679183
1540693548
1588803654
1510187725
1487966505
1508064994
1451074335
1538426373
1528412208
1557731538
1502173878
1591289204
1554440657
1602189489
1601056320
1531606721
1476709638
1487844351
1512761224
1483223788
1518674894
1601312581
1631952057
1594866330
1586157502
1462362001
1482084378
1332270312
1503767375
1556991552
1461930379
1538886497
1491797618
1568207982
1609713113
1545532840
1567671692
1566685506
1539265748
1516583983
1550667140
1477931013
1540965730
1481464269
1494993116
1582941080
1540601204
1574371719
1545015971
1626299366
1403587813
1535260079
1591278010
1569572861
1561865943
1535489548
1486458667
1572698625
1533097411
1583222594
1505569205
1456863508
1589442469
1566381162
1596226192
1461545446
1486831011
1515578563
1488757195
1512146702
1592335650
1568806921
1541023044
1493049168
1559951318
1530012030
1548409042
1516852224
1557215736
1509520493
1485414537
1582378849
1566166304
1631030901
1496316642
1437254501
1620048814
1626017719
1552871865
1482889408
1575724383
1483855560
1489731818
1542524447
1552235566
1507896801
1512175743
1571927865
1510983284
1485112442
1511231601
1522097026
1405713228
1439499193
1482442238
1483409292
1548814259
1604162477
1484417004
1563522253
1550628612
1519180265
1595950153
1573397821
1506454713
1559445258
1546310797
1464802445
1574509764
1618172652
1524015658
1539778880
1599352715
1507493640
1481908124
1561067136
1547862698
1545307250
1516507164
1559622522
1582006211
1510422292
1447999675
1685741066
1455466153
1655307498
1508008434
1578926075
1508048498
1492859617
1552191877
1539353369
1481306535
1577414543
1426635744
1487386282
1515075563
1486983785
1584650172
1433876259
1489307035
1618345755
1541893687
1573200054
1451105955
1533011623
1623273365
1579758224
1490968704
1571884969
1565107142
1426737836
1498569594
1482165565
1575879176
1506913495
1505833258
1541628148
1546382229
1485076293
1480560891
1588784190
1572174309
1567176144
1516147164
1477895341
1474026838
1535084713
1541571013
1530871587
1619278312
1499064526
1541371309
1386565816
1463401711
1636689897
1437312950
1588802765
1572123239
1514315375
1430374096
1574583644
1736343219
1644662683
1571481473
1540430141
1561739841
1526842743
1598357056
1540019747
1614993160
1619791758
1481523749
1503442575
1514628297
1593326846
1623652763
1539643858
1600284144
1659234318
1541238394
1520496011
1574156957
1622246557
1565696058
1565253935
1489911243
1579850105
1481733010
1544298946
1550598459
1505089758
1422525908
1454591452
1703016103
1602321546
1553737323
1622046451
1598057846
1556192342
1587736201
1536007066
1528936559
1483823427
1489371468
1593740808
1592276564
1599718722
1620510078
1511545464
1428960257
1569981416
1619930864
1656353623
1598216125
1568229381
1511141956
1548016640
1574704062
1629158849
1539116274
1683730343
1513742393
1474160099
1477746312
1636412464
1512356444
1542475892
1606685409
1543677068
1571300646
1534995532
1539730667
1573644436
1543589142
1510863664
1539604880
1593685142
1632432069
1524554368
1570005884
1629295137
1694629757
1572917973
1604147378
1490696031
1562536481
1512514856
1507930421
1595054457
1676104255
1511733787
1572947921
1571010357
1566796403
1562043094
1475225474
1510835261
1506459049
1599408260
1454055632
1509633799
1513865904
1690496398
1539845240
1577924635
1592620666
1508622959
1547590679
1539907427
1594189809
1575619747
1539076405
1626698837
1556263357
1566174033
1483883285
1535523646
1509200420
1591335936
1620589513
1595771995
1528214338
1487385681
1543647468
1573243533
1512925573
1554713122
1563535365
1583136014
1579909374
1536723455
1532774333
1572379030
1481801541
1573440573
1577510059
1478824856
1569034406
1595463918
1515685249
1562574743
1562217057
1513016112
1539052380
1567887504
1564201946
1618381657
1571730199
1541576095
1672851329
1464849717
1482952924
1537704364
1601847655
1422472323
1480081878
1512657462
1508221265
1476711535
1592084561
1531075729
1531203978
1593978996
1618332166
1569339932
1513129828
1569975492
1560476550
1570783365
1543042905
1616763075
1531527270
1683011467
1589216918
1531859062
1542516670
1578356357
1616612238
1506837553
1554300880
1466878914
1628042443
1508646924
1566067001
1469096885
1447227673
1600023111
1591140210
1591999787
1539356346
1585134264
1425242630
1536332653
1520215455
1565919347
1625772394
1539526830
1556019834
1605530107
1555424046
1631265360
1569650404
1574352603
1540825371
1514840073
1561971864
1448683620
1486532585
1584228189
1509044747
1519630865
1482596841
1535286645
1539613193
1490206185
1512599566
1506088412
1680658674
1628223042
1558282753
1567259344
1521606217
1566844752
1487186016
1424078340
1490322054
1513034283
1514014795
1528925321
1588330401
1536143261
1708721015
1453141658
1565772457
1564677883
1483583448
1481960962
1510125078
1561339092
1425785531
1476722253
1591569283
1446439998
1562268233
1587914210
1513586098
1635684669
1569873448
1492791698
1586797206
1485793178
1499617993
1459725918
1596600510
1481924512
1508001560
1506700089
1513970372
1569777103
1561860075
1453304279
1594429588
1582889018
1525943499
1450324134
1567562984
1539901868
1511389509
1533786834
1564264190
1535390404
1560975388
1531543985
1598554588
1473992024
1610129884
1511774740
1365685942
1620021670
1552829950
1423250014
1491044957
1564697943
1562672344
1488158356
1476643499
1581229033
1517321744
1503166255
1554591154
1458870369
1486787949
1426350283
1538378927
1569134470
1569275483
1513683249
1534280206
1483535136
1562519573
1494542880
1499777615
1481634877
1599526997
1453876196
1424584866
1520479525
1503791502
1569715903
1553932213
1632789090
1511758364
1565017610
1571213829
1538703978
1574924525
1502799524
1562396515
1567534815
1558694354
1508002326
1588410401
1612985622
1560763274
1594448888
1543677987
1508844603
1461085003
1561419337
1573086529
1559394950
1684508575
1479716590
1534551661
1594138504
1574244872
1482289988
1517445540
1576333564
1499845987
1551302307
1564021406
1523336229
1591089041
1653260264
1559463123
1628262069
1559133729
1552278180
1650764146
1544770609
1542526928
1569014057
1544278918
1560378823
1624447965
1631335662
1652816051
1542634221
1596370189
1494978650
1592933366
1511247552
1628816702
1566740519
1518281363
1517376682
1591668442
1581160380
1582043925
1498796319
1507239762
1541288730
1562064828
1537043954
1509263330
1479475456
1599859364
1668636002
1637561512
1631887865
1564054518
1538159870
1554172597
1482641953
1582984216
1561546908
1477650793
1622396034
1542794455
1533403158
1550664403
1615547103
1562844806
1510248038
1624991048
1481717783
1655247917
1508425824
1566159548
1528907185
1571071799
1459361758
1511673310
1455985929
1507162799
1593452487
1555458918
1563433438
1482284272
1558228013
1509476834
1538892514
1591777589
1593930407
1539770522
1540708780
1519244374
1568597510
1434623279
1552803145
1513139504
1542763653
1509424405
1540357862
1603279799
1515817286
1509546293
1565024234
1570144953
1483575329
1613441030
1509370385
1562801058
1617307212
1571789524
1520283491
1528842507
1618605424
1563325260
1589666402
1638944210
1549387699
1524905061
1518516920
1532276492
1532612047
1557794454
1602091496
1495044308
1627748897
1577475435
1512617672
1542136898
1534891605
1557884175
1514901383
1590045848
1569084196
1572480663
1518377034
1226959022
1062862020
1157830865
1182557351
1106776007
1103443485
1217483377
1105089509
1164881740
1186882230
1189440822
1117165853
1169441249
1085828017
1098750360
1169305565
1491024854
1578349549
1432051943
1532946432
1527952951
1634607580
1536208033
1480636749
1606749007
1534496578
1555242280
1527862356
1505219826
1495683923
1507290833
1565976599
1528610010
1475885690
1514286422
1491865759
1502957409
1526548357
1565765178
1592230301
1555481029
1524806979
1524834196
1558061527
1445613328
1504383516
1528766073
1618362681
1505798701
1482479068
1473858131
1501689142
1642986899
1562412592
1538918986
1622779636
1543932732
1529700851
1531857348
1489030334
1590037026
1461061547
1566151007
1486686932
1510390941
1557880416
1499835014
1508612485
1565525050
1511861702
1539484058
1487304720
1522984094
1539532494
1530384315
1534914924
1480570132
1479173006
1553939016
1573832757
1584630437
1479976117
1535960676
1449477227
1533796134
1423869358
1561827580
1569879095
1503584128
1609053803
1511512672
1418242302
1476135353
1457326323
1630621994
1501385509
1481341318
1506492918
1605782505
1507955045
1559089284
1449942479
1589078838
1507564220
1525108711
1560623531
1513969114
1526177537
1588516953
1419103019
1630758279
1622521703
1605690154
1534853923
1447866107
1566961687
1497573480
1528473813
1497954687
1487045211
1583662801
1481067224
1556535995
1635514708
1634901523
1529146793
1584172542
1532585499
1484040490
1455414410
1585571046
1584897597
1487577310
1500742245
1500558497
1530559195
1536768223
1448729793
1405106684
1563429441
1393864623
1553396203
1547308213
1583609751
1527003845
1672610624
1563028431
1475459347
1564091936
1609511196
1486014518
1511642660
1506338351
1563767564
1536826625
1567463941
1502155394
1586964998
1542715188
1623388067
1482572919
1480181067
1530449468
1431990930
1533255185
1537066216
1620004538
1562787061
1447833785
1606926452
1515365167
1501532324
1486502042
1444493973
1508938518
1481821737
1633827038
1588263763
1478428404
1454888335
1526061246
1533072669
1532324311
1533788372
1556194836
1506685421
1425908716
1555879823
1593041112
1446073238
1538393369
1503424758
1429526071
1552892758
1587212924
1479617474
1555451150
1479711919
1414758439
1559923928
1535708357
1473856783
1506000355
1506624815
1471758544
1479657266
1540516001
1509421148
1482616806
1514726946
1528876932
1621548612
1533206451
1448270784
1556940045
1505165000
1543852245
1507720896
1557239255
1556600653
1561513633
1554675757
1485325880
1596703984
1584714916
1536375585
1531003102
1527310332
1507407668
1447857842
1482042169
1548761987
1564341832
1454845472
1492433658
1565329374
1556602087
1339522649
1477096812
1559194921
1596688313
1537057640
1504261948
1476244722
1502459695
1588838529
1557735187
1506164945
1565152849
1568655849
1481585093
1549249361
1558899304
1458306649
1588260227
1567693752
1491472307
1487892694
1573812804
1529295549
1501428098
1529468479
1541386844
1499732261
1584861026
1563161795
1629705632
1422029230
1480575044
1567257569
1556571082
1481484803
1498680345
1533823109
1549013070
1560216354
1519867783
1508165157
1503423563
1461334292
1536190642
1583204308
1398356695
1504367665
1389373154
1476645343
1509153175
1531285726
1635454365
1444640514
1528615989
1581360141
1506043092
1472544387
1448081890
1532997602
1573726979
1565648663
1531225647
1560262519
1651899285
1618359137
1534637591
1560370223
1531559510
1460436047
1579227302
1568554319
1568279056
1531666466
1622844735
1452462756
1559812189
1563303573
1574047307
1644254995
1554951993
1564265256
1600209045
1571605012
1483678418
1505247276
1574891666
1502857260
1535482534
1557941964
1511400170
1530473982
1541576947
1508929405
1527263052
1509345937
1495774638
1506883236
1478576535
1453096184
1530876439
1481116384
1557584728
1558049590
1533076579
1565333809
1531181921
1537996439
1564434596
1561035249
1617231809
1526473290
1511791733
1562615770
1486846202
1527247762
1561371942
1507278295
1596809933
1560016612
1398629953
1446381012
1516409182
1650800009
1501169341
1499219089
1556822893
1512622887
1561919237
1475482439
1592660405
1614438220
1506142311
1425850533
1481452976
1470698295
1502923233
1505746660
1465662644
1441677338
1416565361
1589126775
1582666760
1586782401
1533168218
1458267498
1609137510
1587450490
1567282657
1489313695
1589387477
1532213947
1565428369
1482041988
1477591395
1567084587
1592774067
1393777462
1447945447
1481943632
1520973487
1545405685
1610283257
1507169614
1513730920
1663243143
1532014016
1528023531
1450865487
1482783637
1374368551
1666582829
1507099675
1534007473
1594672578
1532480162
1524820479
1548630864
1606464581
1449968005
1534574419
1617822687
1549826596
1450681420
1478397029
1588715054
1600667417
1562632930
1511478683
1418504449
1628839223
1560963196
1531616751
1532150213
1446170641
1623525142
1452989576
1535104592
1597185959
1685116303
1477568329
1426380737
1440876022
1475735661
1544768573
1503213511
1586015654
1569656957
1562276167
1448584678
1474441198
1561245677
1391253339
1595877080
1420214574
1596163715
1566948637
1448989671
1425148432
1507282878
1500906458
1474211021
1554694451
1530741886
1390139988
1480903824
1540562953
1450799272
1526074390
1492986576
1509345608
1485894026
1562108831
1486662911
1505475838
1355504979
1565436407
1500977363
1099962418
1123943517
1190938460
1161020007
1157961504
1206127994
1135057994
1112880171
1247015924
1135420873
1123809916
1156035249
1073069946
1188650725
1181045205
1135426869
1115914671
1123235059
1140004631
1075175744
1183356947
1236061223
1093751515
1186689715
1168475351
1093283069
1239750446
1168199134
1161705443
1141072198
1118384165
1154674420
1215760187
1206000583
1154640726
1220009990
1161728878
1193472391
1255648485
1469830874
1575970113
1560415991
1503804908
1507568992
1516106724
1516278684
1456111219
1527384364
1366306224
1531298845
1459976764
1594559757
1455736550
1483681328
1503390219
1502050831
1501906249
1512760647
1508953847
1560804549
1577001887
1501611569
1615281061
1567997610
1438714649
1506655722
1542199624
1482617286
1531734188
1545105429
1558937297
1483401143
1565566189
1568519734
1600491711
1610778745
1535161155
1509662835
1507978139
1554837743
1577728792
1562253349
1535731944
1464892925
1571974746
1539811878
1520768462
1563038074
1576291794
1540006275
1616687965
1483154942
1545757997
1488629615
1502570630
1482911894
1567981350
1428340134
1511938784
1422454352
1618866908
1555702273
1529995604
1510937803
1644501228
1512329934
1528113608
1543139695
1498994888
1531368824
1453941770
1530395708
1620287593
1503323979
1592150370
1507566374
1627341537
1591535819
1534086247
1519568205
1569318939
1560328063
1559720366
1576653615
1481444575
1517663684
1547432594
1539620346
1559031038
1511040646
1505804821
1514004636
1537969111
1526372670
1557508921
1575943244
1596799925
1429932527
1619062838
1447985148
1527401908
1506776843
1478696025
1575475367
1603650283
1556560270
1543348884
1557468695
1567467852
1533726139
1722403660
1610383699
1454362920
1439057339
1541206449
1508835932
1510521898
1568001495
1610771082
1640967812
1444224665
1541021664
1443963863
1428224446
1572764462
1557533713
1602695767
1514047930
1579728993
1560919914
1543603890
1515921103
1521849613
1565209788
1503155758
1538062075
1586187845
1643270573
1647857312
1618212778
1517999372
1618603093
1617892914
1599699809
1563357741
1513197104
1563326668
1501746491
1577282226
1589457621
1592777974
1650035501
1485214622
1563251098
1592943962
1528292596
1557152398
1564676878
1500514658
1567464536
1597390591
1567436985
1545649035
1550717013
1495496798
1537056370
1459532932
1537364677
1620721407
1565965271
1503946129
1562790589
1590354081
1572893001
1571680321
1567148559
1465273006
1539667531
1542461303
1481422948
1647287728
1585933983
1618953884
1632693193
1604691225
1553545614
1491541294
1632127594
1593458587
1654885019
1509092543
1616456758
1549073471
1573665160
1566809153
1505389455
1570307678
1483257559
1569998098
1596975323
1539659024
1609183085
1569154959
1622201573
1569426380
1541855638
1451364702
1607177189
1509414423
1594848204
1532547432
1512886396
1538862868
1567014809
1465515860
1599987277
1483320270
1499824996
1509018183
1539826710
1604515053
1559845302
1486724981
1598052942
1555509811
1621000188
1571592212
1525841959
1591318613
1617909871
1620404931
1569784968
1625294577
1540577381
1544928525
1623066096
1510984472
1563255021
1566758949
1565869776
1680765685
1569846712
1489294429
1624208154
1567129974
1576616762
1567859201
1511725343
1610063775
1596639350
1534677772
1529986110
1537962495
1508489848
1626230127
1563411694
1467602982
1565571404
1639907518
1535705613
1561738600
1531787403
1595947227
1568070641
1565322325
1482549237
1604563316
1504081158
1594868147
1547976657
1515080173
1627588471
1543138116
1597475873
1537667585
1540510225
1513976543
1208463330
1577010595
1517830799
1608562245
1430568840
1681225224
1601745701
1453682017
1600773211
1479584643
1450911608
1570397031
1531488665
1566547585
1548775656
1591513862
1508776582
1482573167
1679121304
1575711255
1485802693
1541850708
1540335959
1510876641
1657681467
1507997373
1549136430
1575709950
1593426914
1629605036
1611720575
1480697676
1619013471
1490970171
1570438477
1548738876
1455631339
1566522033
1541913878
1544303716
1498376272
1569544553
1625725220
1543854991
1605821824
1546170291
1618249089
1654170589
1495237391
1551888753
1492962447
1645159029
1486691389
1709455560
1498217847
1622593552
1541613073
1753196743
1466930268
1540961246
1542442800
1548802635
1639370344
1507512198
1538614394
1554937847
1519887773
1596124133
1577473532
1627784689
1569857160
1567154283
1601685960
1625077300
1506635407
1510136300
1542499734
1483038202
1540380281
1507169920
1583665204
1534802512
1560797313
1511200066
1596031972
1502632559
1592589960
1550920163
1595617332
1542556450
1604536143
1511647831
1548660141
1531206201
1562181986
1562543090
1575424635
1474386208
1531898702
1567028092
1456209363
1480659125
1571734279
1615524720
1596977161
1590899797
1630401691
1513430893
1544881768
1542883558
1548388378
1519142370
1657866267
1609831931
1560274288
1537416859
1591838002
1544040557
1510652162
1511402916
1457017940
1472067159
1566061988
1685648188
1587292792
1681732653
1579831449
1626934816
1593286953
1627765936
1488986744
1504829032
1567115074
1545827814
1536701483
1475821914
1542985872
1564116938
1464297637
1578575009
1499666720
1457946854
1540963101
1566062245
1656345037
1565769055
1592744761
1567771400
1595642484
1479118969
1582108892
1591500815
1480410789
1427448563
1588767160
1539158906
1587750902
1584570012
1483519356
1617516182
1533185639
1638320083
1500276628
1560415374
1498806683
1528474972
1549180209
1448188260
1559657210
1630667360
1540919867
1534610245
1585561708
1533801628
1504108579
1560538687
1477718442
1471249017
1498340715
1655908789
1665125864
1566517476
1616407552
1537340508
1555093263
1499990478
1585231626
1541605391
1616209797
1474816478
1470057804
1560384137
1450782177
1581340834
1528375430
1590562282
1529649017
1528046303
1529081658
1557768634
1521046379
1580766097
1544613131
1584724504
1591213629
1520265248
1533462710
1526648952
1565041891
1686074748
1617438440
1608121174
1533765994
1588863917
1489795818
1565693894
1589214867
1504543901
1527197434
1596158092
1500773153
1465715153
1556370909
1476301418
1506277894
1562714714
1500078196
1536431521
1444754855
1474516078
1555179705
1568987552
1534758478
1527864884
1531839445
1501795417
1619871290
1644041651
1576687424
1511074482
1505826951
1569237467
1600031427
1456057020
1593362321
1656928507
1590169573
1521845214
1474875220
1588766996
1563778614
1527685587
1587771454
1603608858
1618401768
1474085910
1543171655
1587168059
1535084661
1609974946
1591859222
1538462713
1647822332
1481281921
1620172088
1526734956
1540125667
1506056349
1533694974
1654662068
1476125751
1617075665
1519631194
1591371176
1568283743
1555165233
1589422285
1573861103
1532809629
1510843794
1469113393
1561398231
1672787679
1588989217
1423387187
1609528789
1472414360
1522458542
1525509675
1563046311
1522883384
1540611999
1556975699
1657412746
1516267332
1629783705
1489880248
1560706645
1638614356
1640870412
1595776900
1486940377
1541900195
1564447805
1549732726
1598676734
1583372262
1603174089
1426256496
1492884719
1604586739
1552588137
1600231063
1573139181
1569705336
1659529942
1455889500
1551075033
1644862040
1570079119
1565715816
1579018652
1511906089
1583808439
1623321230
1547980390
1507339480
1571651120
1547823951
1479931649
1505459792
1563353224
1575367923
1589436859
1549624946
1431633542
1498872012
1563838157
1488561765
1615209714
1488800836
1536262529
1610117955
1602576814
1494245131
1512632544
1513022370
1574898752
1520100913
1480365587
1573179401
1560853910
1541739026
1477257769
1603579911
1568718938
1571148287
1508809867
1523280747
1495062622
1665319775
1570796932
1603219019
1522884906
1515025248
1574959597
1580179916
1603417124
1629158537
1518724338
1650488591
1562175746
1522206077
1600352099
1603004634
1567100466
1480357191
1491370138
1536827973
1559167651
1593312169
1546575757
1658238076
1458062043
1574574806
1486578976
1535878731
1564884655
1599272166
1516978197
1425849135
1567176330
1749074192
1467075961
1524855882
1618497770
1483637464
1596819945
1532403101
1483325795
1564544569
1629742655
1537184032
1684326336
1501317023
1521386573
1490444057
1547928225
1586985754
1675992495
1564247568
1558693041
1608178223
1510464010
1626656590
1540177645
1506030901
1532268008
1431913130
1544093887
1513599344
1509596363
1600146716
1547298291
1610115337
1484115678
1626287011
1540682319
1518289949
1594424747
1600385891
1597967276
1645216154
1564525993
1549993510
1448147735
1513628482
1619568567
1571506547
1507269593
1593921493
1597754816
1616677904
1488517206
1458912729
1526878598
1561809366
1542542085
1546011373
1567046339
1429579287
1581223440
1566985211
1562407385
1533500966
1512782096
1598310123
1687578368
1573245689
1562884510
1477290093
1561559985
1538135091
1571590513
1589457905
1178834431
1235592983
1209137208
1180917406
1133565944
1191086543
1161518585
1205030079
1119624465
1114921588
1096231622
1133840456
1162609351
1160271887
1119779360
1170570200
1176003271
1153077193
1286277351
1654924095
1518254515
1543620585
1483151870
1566387700
1484680539
1487509538
1454111415
1468152279
1653064269
1563748259
1493903147
1545780074
1492816627
1596778495
1535450391
1494046951
1632401140
1509975241
1628962668
1551076365
1594848348
1575518900
1508645286
1543353383
1569964548
1477314078
1486198305
1565623275
1428380297
1573359606
1467817071
1483254217
1517349148
1615653445
1536181413
1549351607
1521659842
1498975226
1605313474
1520522490
1561670830
1575978529
1482734506
1498964777
1460291070
1490855492
1509597193
1425451256
1516104354
1554864270
1575754113
1436130790
1489292305
1630092871
1512712463
1516294070
1542331995
1488445453
1594036177
1571958900
1576108160
1572734666
1542004435
1404787260
1513423390
1489643017
1545918411
1524122208
1573821836
1542098969
1527034307
1550170679
1598840887
1617803513
1492905843
1556201485
1520546535
1592148202
1575703450
1435248726
1507114699
1580749304
1455915983
1590680113
1592135034
1514369585
1602810029
1515268228
1602654817
1736880783
1540949514
1625614848
1631505080
1496520365
1606828967
1573037604
1489676495
1574624703
1432324602
1511531450
1476246909
1548985771
1511313377
1538366832
1487915393
1542351299
1538836057
1547789324
1427450902
1460974448
1570889274
1623778004
1619093717
1490747638
1461457303
1458377712
1594164644
1535355866
1548903117
1513578002
1575999716
1429024071
1506871134
1576751434
1572909864
1632407804
1543995096
1484355844
1545336178
1567477092
1490904788
1486327646
1592394575
1540845630
1572921172
1466483650
1512354341
1533280256
1541708359
1528929951
1459477285
1250880153
1151949369
1487522309
1611133858
1600613010
1539606883
1454201844
1601232263
1513299798
1657118209
1564479312
1523178388
1577380557
1593680014
1617117722
1537278797
1541976939
1630024680
1628531425
1538680599
1527137306
1492381229
1621547480
1600493265
1644307716
1647411038
1546304544
1609559207
1574359947
1616756826
1624835214
1516736844
1504222998
1560247981
1555833606
1628571607
1542802423
1621265809
1608810145
1512770088
1594796202
1619769845
1549687943
1633337968
1590899246
1596274255
1626918284
1563752420
1597479183
1573611833
1604377853
1634662501
1542159204
1615749478
1547654127
1398049454
1638346419
1535661169
1634807714
1541489177
1572836691
1533205071
1623173978
1537737039
1598629286
1563876627
1453401081
1588543766
1492291177
1506784794
1459517646
1622511209
1541530856
1490834236
1484653376
1595719001
1569999818
1594137821
1636498324
1655408469
1510830524
1490505309
1569030067
1487889528
1616839771
1650616186
1538469369
1538217516
1507977743
1599877434
1601541163
1543950020
1656241847
1572404939
1587015436
1694718728
1517813281
1591051818
1507762754
1586713123
1536410637
1526927661
1540720890
1590407378
1591704965
1598424384
1570987743
1524139757
1604329174
1574345551
1597297472
1601355667
1624665926
1605694066
1533258888
1547960929
1509394472
1574886561
1567242228
1437265684
1546022154
1535825363
1507968040
1628782456
1628935187
1558281371
1572229341
1540835237
1599765440
1622307501
1541730396
1541652914
1533909789
1563065458
1540114970
1503945257
1422995036
1512620587
1517977350
1587987398
1512480779
1489208999
1574561881
1536291737
1536538723
1601164225
1568301578
1453300264
1554082817
1449337453
1529791458
1623564655
1533918619
1569204574
1520156859
1553315560
1545522997
1583510108
1609208460
1543033903
1601697228
1431137178
1558879087
1605343633
1601174372
1573364874
1554316945
1508875828
1539385178
1578227592
1543333292
1545495192
1556047247
1548618185
1516332830
1542572815
1578953158
1482669324
1656373058
1577907822
1568428872
1630766359
1600530185
1546376492
1556881604
1602464105
1542522883
1577214881
1465501097
1552605121
1541681150
1484463029
1626567479
1487328257
1584532014
1569185499
1517462309
1603771351
1540440828
1684324282
1597364848
1571421732
1543922380
1631632259
1469657171
1496448598
1643664561
1539930043
1603348585
1605662518
1522495118
1501722054
1537207867
1522952425
1628468261
1507607439
1547743904
1546341434
1498789995
1545493775
1551766672
1576136598
1569263692
1638166731
1602764344
1594081508
1558482718
1660193751
1595797598
1561164787
1481512872
1571323858
1545453946
1519837286
1631769257
1494417965
1521985914
1545892143
1580435748
1540194941
1542822304
1656359860
1547020812
1578966606
1536883865
1601597229
1543875975
1480069574
1555517244
1516929379
1546700596
1623770964
1608145570
1546526108
1563842018
1536586835
1489731115
1566851813
1595373425
1638218977
1517644745
1601570374
1517606775
1528852578
1519316045
1538931743
1605076685
1485638807
1581597711
1573596078
1586594884
1489416172
1552430766
1552808808
1516934346
1592582443
1496192937
1492683950
1627936560
1553397199
1618487287
1566228653
1505015277
1609406246
1588855726
1512213980
1624895335
1545769358
1572839769
1484591824
1569018271
1545873840
1684466934
1490997445
1523370630
1654110824
1712059243
1635784515
1644235999
1577540690
1612641143
1578832277
1579313660
1515111467
1548139429
1553201832
1566571638
1308566146
1541894445
1466790620
1605173832
1537375829
1636070484
1487906189
1540616033
1559539848
1536895475
1537042976
1568925900
1570100727
1589463273
1585730642
1629533824
1534237478
1539704943
1682629019
1540271986
1600828488
1536422998
1568854251
1562756337
1687078486
1637144666
1591046742
1510888008
1486618770
1614950081
1493028081
1592743299
1597491501
1540231183
1482281727
1510353299
1629342870
1486445306
1536124404
1669023257
1518967614
1590301367
1592262848
1594073096
1595056079
1593929398
1569891965
1517981530
1482625419
1508284231
1603028204
1485124345
1580473856
1512471747
1485906938
1569296401
1508665545
1457246062
1457284393
1552706761
1539788995
1519274215
1544050276
1532384601
1484013047
1658172471
1547368539
1567071636
1600783407
1649926336
1614910938
1547515044
1542417286
1596498981
1686179769
1546558001
1599752831
1529358598
1567008475
1523387477
1608420642
1554112488
1596006683
1566092347
1648504376
1626498815
1514691754
1591023923
1540125123
1589246938
1479269158
1576790533
1485282911
1627102852
1538968262
1439808500
1528442478
1592791907
1574497745
1650622194
1531510741
1636457226
1587542566
1610745154
1570731682
1502025051
1426256887
1699278992
1490034136
1552168191
1571302326
1540305597
1512183988
1681653028
1484869452
1486040397
1599378729
1452761795
1625122642
1547658287
1569643211
1529814666
1577642665
1540133499
1530949778
1508223305
1572550602
1445155172
1645946289
1464593341
1542753101
1553226418
1573609005
1545607900
1559425035
1598529740
1519131895
1646338976
1592832502
1562176372
1451564584
1537565593
1551124443
1620703603
1509628208
1547476110
1511092528
1597816577
1567982663
1537507643
1510892883
1543033606
1545324975
1677075523
1607554681
1561006694
1246003948
1620223859
1549533739
1543893456
1600720793
1559148384
1562909181
1569031922
1564045700
1426296011
1568465155
1509354725
1646872957
1585741859
1592918602
1538237682
1509379741
1612048859
1505054548
1527223943
1598770124
1593572105
1659571744
1557287763
1593822480
1667617880
1689768197
1618549517
1648980676
1626940582
1549793657
1561619536
1681405074
1619742966
1565138668
1460899156
1622575894
1503941217
1573091449
1511154289
1504209641
1511217478
1550769383
1655282235
1490571132
1625337160
1534609462
1477918632
1537395923
1573451361
1678116906
1624952047
1428443611
1593786513
1620616096
1600508479
1510288187
1563281580
1542973896
1459216103
1605804701
1613592965
1580790753
1545431959
1543068118
1547648955
1623769720
1532884873
1536221934
1538030908
1484128582
1626224562
1567889837
1572913238
1545058887
1536266119
1599884332
1606388657
1577527917
1593205463
1488055728
1534870831
1598562545
1679897075
1566211154
1616728147
1590325657
1546288853
1600084509
1545462752
1452671432
1573254026
1481201229
1419075552
1597847197
1517893184
1598731202
1534985160
1679285378
1533836358
1606723391
1548062466
1540297636
1559850665
1571377066
1557383237
1526101818
1557052647
1524488984
1512034727
1623436461
1524638547
1464194374
1731604407
1507852021
1542541468
1596422269
1512523404
1539460027
1570843917
1596173090
1540664308
1517998956
1593521470
1612551853
1593990821
1572877356
1484757433
1597589387
1565171606
1569744107
1578629684
1483320251
1648456596
1571811872
1433929609
1601391091
1658717339
1513896276
1575806562
1517421618
1506597607
1592294542
1592331300
1568149549
1514776783
1487845657
1636340932
1561702911
1558514069
1607364882
1466731567
1630010639
1492657126
1363699664
1440699520
1390338785
1493655927
1629299935
1657747444
1541293210
1489466469
1577979957
1479084351
1523512853
1508069551
1594260328
1511952695
1543265373
1576819885
1558917993
1537896432
1594989483
1573928122
1573464798
1593216753
1570006898
1542863978
1665924496
1565967047
1517601889
1483828645
1596252622
1625023542
1540663874
1548281047
1546306363
1538671048
1602158633
1623458435
1624219531
1592103621
1623538476
1632389504
1628896163
1495696883
1592076521
1493812776
1578366295
1571880804
1567207174
1532837393
1479978075
1577320517
1577400494
1577924931
1575433136
1510108696
1571563731
1570857649
1549075922
1568389609
1517311092
1597702205
1492526147
1537793915
1542401681
1604730184
1535854286
1624418632
1598576050
1546997449
1533143793
1567589049
1623354945
1423741890
1606391978
1579878281
1436125196
1575809330
1459259311
1652355577
1595215392
1599279486
1508566451
1485037683
1612670986
1604582841
1512609453
1549795867
1447043759
1535475869
1487001008
1676949015
1516857294
1581350476
1478351218
1564231159
1638010928
1541424583
1569863143
1539452588
1521338555
1635828784
1579955820
1602110194
1482164379
1437605169
1527320838
1538030829
1511878609
1512118259
1559235534
1491975389
1597284938
1544291129
1536779046
1617077366
1560438481
1624542742
1565917902
1571744330
1567872818
1490314758
1621026084
1594336695
1528420909
1567317879
1623718233
1532814732
1541475713
1621784108
1521674630
1520161852
1569287671
1548219457
1537815663
1451173292
1572194343
1182724563
1139101216
1181900264
1158426449
1267769968
1099042016
1036424584
1235318997
1221290790
1100308680
1220052567
1591002501
1505348923
1476374793
1588934319
1568635176
1550486618
1489818564
1528249257
1508843718
1537889181
1620442063
1498939360
1445684337
1561735597
1638229830
1552449441
1456680187
1561134057
1537961069
1485047481
1612700371
1507489135
1565052487
1590852233
1451952741
1562278904
1552903052
1534782207
1470507200
1563445802
1418329133
1586208978
1553381250
1405264676
1570170664
1529970263
1512373384
1441689121
1558226359
1617687116
1588096725
1556347342
1492117320
1536512785
1587876923
1506544573
1522348040
1532877430
1543705858
1523212191
1533539097
1581439190
1620448295
1545342377
1566476661
1472683975
1605853574
1470947123
1563151414
1592922633
1502242898
1453845693
1446792941
1536201007
1540566165
1478309052
1499361720
1577533291
1425533989
1536170804
1562937445
1421860775
1505196750
1504473158
1507710238
1450518730
1510835826
1506186137
1583388272
1559008862
1440020659
1394898621
1473965948
1537757011
1591221095
1533102880
1564687825
1513378349
1569116465
1454493515
1479226860
1607445818
1579759204
1506349372
1535152939
1508222549
1482835588
1463180130
1534667901
1565695966
1483197711
1560932484
1627089098
1449316783
1483874554
1603208398
1540192563
1514403070
1564475224
1559449981
1527180778
1507946693
1536253342
1576105375
1506014203
1480207926
1480747132
1523367670
1614119677
1510923469
1554323324
1504242345
1561017199
1561696695
1511055729
1563780437
1538814990
1591456462
1516736438
1524535252
1505961702
1502098252
1505479900
1480742203
1534060517
1458575575
1562342412
1532443767
1471132075
1486566390
1503654954
1470134419
1622729493
1552085290
1537003406
1568021782
1426739111
1449638378
1507097154
1433222213
1472325795
1650089794
1524008397
1427582424
1506975294
1473897040
1423347749
1502722550
1539561785
1502801807
1476837532
1526772784
1450648125
1612789541
1538430073
1510966576
1512636115
1462179347
1589726154
1563252550
1631760741
1486309748
1552281911
1543448357
1580297241
1562839284
1616300640
1538084160
1516620870
1599877562
1574719806
1500267669
1235463834
1136436715
1055825229
1197211375
1255855382
1176821399
1116320523
1161706530
1176222315
1096949911
1242998980
1150456372
1202483096
1171576428
1076687827
1206121450
1089754084
1186711486
1138712792
1162869904
1199621879
1137511209
1272067837
1591425337
1597853681
1458732697
1483800447
1526423325
1510604502
1611457124
1541723843
1594148226
1507982502
1505451808
1628694312
1511857913
1515130017
1576242039
1512856733
1552717919
1542737584
1546602728
1595506008
1535096535
1518819040
1512001514
1601045844
1566042052
1589387741
1549653223
1483885589
1576650435
1574900939
1597128930
1545611064
1512070703
1528274405
1601442041
1457051940
1572568395
1567871425
1550377530
1634121033
1670182762
1574041958
1509424549
1546862920
1572949127
1482748506
1707900370
1544591006
1455948099
1563849775
1543101003
1621208712
1533519278
1571714284
1596634415
1553462561
1545376895
1447288041
1461474660
1565339084
1603721179
1595625518
1540764622
1509599812
1577929594
1506659444
1583074439
1574201984
1601554882
1598005042
1548726554
1575494296
1498763392
1596194223
1538801735
1595263686
1532408924
1621124318
1572470291
1694407455
1661805078
1438210765
1539264385
1591904493
1596751856
1504725373
1507107152
1538761134
1527022744
1488627672
1515497801
1616956127
1593572799
1534221737
1650130532
1510661350
1594861724
1561927926
1547582349
1555331289
1563276361
1543456031
1626177200
1553670228
1586144112
1471899289
1567709116
1621796754
1629868341
1566078133
1565640101
1540514259
1589718018
1621488716
1456415224
1570729362
1549680024
1540995988
1600928725
1598832202
1536521565
1564594174
1544993029
1542606521
1507955465
1556400463
1038366512
1201005543
1141604206
1206914986
1183121166
1136765144
1204490380
1185391281
1159173746
1163343284
1351963133
1481107696
1619426957
1540348583
1456010721
1424443201
1482014522
1530360659
1480890664
1508323422
1452482441
1530848826
1608988334
1511713148
1560259571
1432260259
1542293533
1492836657
1500085873
1482484244
1477541377
1641493871
1579217255
1481302101
1530319395
1562581087
1420366187
1501860093
1470454638
1479909776
1568299813
1563632831
1570058299
1526528018
1498619868
1620466686
1454014760
1502389073
1416833744
1514746983
1592582664
1475508914
1502331302
1468441570
1444949885
1563885000
1487459326
1532949766
1653212027
1527575300
1588056599
1475004662
1507835697
1507945576
1596442983
1501677224
1453387873
1534722487
1559959088
1533850254
1514652504
1565449250
1509691650
1453924767
1448102175
1453374011
1532929653
1501919124
1563201344
1565994231
1483991562
1550178321
1481600262
1556350234
1585295253
1501909785
1623017873
1560703162
1575270312
1478086310
1340424227
1162287089
1116230243
1520714264
1472129755
1504004325
1508132232
1568355942
1570773096
1499704314
1587791437
1528147471
1508535017
1423078036
1508287629
1619873396
1538901958
1530283727
1505815168
1568283149
1506166654
1406606899
1505319656
1496112614
1533468115
1487674878
1561868796
1472196993
1548296376
1508238402
1554556766
1558329518
1619514493
1534394511
1517545785
1423492238
1524577683
1520582435
1450152391
1553884723
1553172191
1449225512
1504907590
1583988256
1449862271
1397860108
1620005074
1507507182
1507879498
1549522776
1539499372
1593661445
1620023106
1450079156
1611227279
1473409907
1510069220
1453085425
1537907389
1588540882
1538686575
1486280443
1469876542
1582386061
1532346216
1541268510
1595455262
1561300829
1474318465
1552904490
1502810052
1562159554
1383719387
1123706484
1177213968
1251131310
1218302509
1231154181
1328947652
1478587686
1464280381
1561563366
1591606381
1539208051
1507499323
1587012751
1560970404
1575884664
1504779002
1542775157
1486716063
1575615224
1531561000
1447009419
1610036836
1504075329
1576365400
1586662023
1478732461
1473790465
1569916871
1477919785
1500941285
1479179312
1481479214
1544266847
1509358846
1524843355
1526035786
1559247817
1506570394
1429557763
1531111225
1645123818
1450449413
1565111281
1554664615
1457780901
1540825243
1563446850
1533953750
1447306045
1484840755
1531380182
1523546798
1482429349
1507713540
1519570860
1490791077
1445055472
1426054294
1598924455
1505936244
1395264670
1485577869
1480002501
1561541872
1536889059
1587708302
1459721542
1588244011
1419978770
1537198688
1546948263
1543440630
1560282525
1509358413
1531489912
1533655711
1509874054
1566138016
1505046219
1602805079
1530344647
1598631356
1442899260
1510514335
1516859438
1589699151
1487805182
1533247743
1546393129
1449573577
1605379465
1558652290
1597491611
1490902110
1484793135
1505393886
1539559794
1679072544
1512004776
1474551654
1503654011
1539701126
1440854610
1616779879
1562362597
1500322120
1461245123
1556977774
1506266880
1465561680
1530777994
1548113596
1457674416
1587324347
1457840677
1506158468
1558319555
1453136276
1482664442
1542398760
1459962177
1426303829
1559624156
1567691215
1528013580
1486481835
1530936019
1416115257
1478380108
1510712780
1533589014
1449895295
1426209246
1477020871
1503982871
1560836257
1521348822
1493923100
1619756659
1452433387
1526474774
1548712950
1419394147
1500847674
1569796123
1530473377
1430425014
1623928138
1443571917
1671731150
1558898316
1575095235
1426986754
1406165169
1495436852
1586492218
1527214555
1473545702
1532840004
1511153754
1413213307
1478674915
1467537431
1613938350
1460986420
1551697314
1586063313
1344754971
1116305782
1137200211
1134281411
1094904132
1207160889
1156426824
1179077578
1167235975
1095120664
1191510018
1116547133
1174983960
1124384102
1202755896
1124493525
1142911670
1054423571
1187538373
1176658672
1142925383
1204507550
1118246515
1116310893
1228258262
1094514285
1226914826
1113700627
1063518974
1145323181
1144557935
1142182193
1164904205
1195778072
1155418334
1115017857
1127652260
1098638157
1160300439
1135463140
1184676588
1158583046
1140185716
1184410475
1141327885
1164583834
1167325794
1095761495
1147733809
1134535933
1198544916
1125292703
1139705306
1186601979
1069886656
1174467517
1097243707
1115399070
1167844440
1164360712
1175894812
1158283652
1145412719
1165290426
1164497330
1119269853
1136852696
1197548435
1149486972
1176405550
1239965823
1058157629
1186303940
1182836556
1115038127
