570959065
535349244
567897995
561348656
540611421
536120664
546266467
519669134
551978318
560447497
600039574
629893452
568323614
567117607
563193359
595807153
594878152
528425112
555496190
563489053
591759279
591710384
510379556
581034592
553918926
633012071
624799674
592638668
568596210
591371700
528785225
560619069
504055866
459266562
502363758
489597402
611633990
560430662
599349953
560223987
533514927
574303094
561366686
535025831
564113459
634381436
497186480
606780470
593784565
538825779
578527774
551302137
500391204
499341610
545584745
585544176
590954761
554546204
577454831
559967164
570826000
518187660
620004620
650911385
645314872
629806364
590436928
620043553
599410887
579793179
491603673
582587561
591600168
557103725
558689386
554524537
590826672
600252080
559753978
635490746
588424399
631545551
556276424
642613079
557373031
560122782
522562233
474105484
520161522
492816675
561436358
524446308
558985761
522835548
568979072
559333614
612913904
590956385
525249497
625056150
557645548
632339405
578341732
589234497
585106737
566182412
532993667
557991783
586733647
591770865
586921286
566313760
628104704
547650183
573478124
554922154
583985013
588357567
607369008
663844443
526736549
610553235
561223720
459084263
596268419
601606381
566151303
594189218
534959844
562095074
579777484
598417307
563242350
599093070
601275685
653056352
561982749
613620164
559137145
603582614
486695369
568016688
527579610
580140212
563146137
627685218
553443823
584952900
562351932
670507821
663598487
567125226
573719510
629438090
602393687
580740355
632647137
563212475
602014380
562766584
578055350
584641831
546673457
561693583
601543070
596495544
576114637
638114081
566536122
635706895
532996236
527756436
541378542
566398999
599228264
529630297
564937833
494623010
584223135
583373347
610521128
560545269
600689571
605542002
600617112
573222334
533003520
633847260
530825342
489015064
457827759
603021825
566630911
534775303
561483038
545830420
563138151
578232041
571817921
567038149
603701423
563867970
607725025
563895651
604981856
636092400
571172738
501245423
475171846
527375031
499923350
532537366
553445635
589248289
553722316
568920172
554655081
601159400
511701996
596869419
607058167
606052425
671360490
529284006
611630340
555288046
595027938
585835776
504150355
479277325
504630976
491698420
545919150
590312698
562939094
573471831
561572047
579792392
520294150
605198691
528720461
602530796
528958960
645146944
599331988
568405141
627557832
565727294
350681553
336536622
368638347
355691056
373409631
371344122
374262340
327972312
351539823
373043582
369356415
348640684
390032037
325766455
343163897
416881442
348731682
331171107
421978263
371718441
310150674
442005972
351312090
429068559
373715177
326847899
376149801
353427072
370453410
554456789
588905198
561816026
555150542
526936753
559964411
551595872
511339025
583618565
564740630
611556059
597801856
596672046
565323419
558467810
554818096
558673786
454867406
585955231
559826274
556015873
570150879
555245807
613513339
512023878
613607939
524963126
579167362
572336906
591498796
632996725
558702881
626897604
559429509
588434648
526993936
557432295
595240982
555860701
598063019
566883122
560862041
648003963
555788904
631209581
523550475
601381202
621267472
528506691
530749009
511128375
507336867
582123515
531417522
598519705
527877048
567249959
559645250
573030051
565387714
538366999
591782629
570196095
637824786
528872964
642733609
572620529
590128959
460812852
350797630
332021922
342765383
346635232
358215298
352982083
349801929
353374698
327876439
348021760
380116796
369408145
348497895
372915722
365401166
341134136
342358999
348490295
348713043
379079465
328037945
348046909
389406561
353673090
348563815
382015869
353169870
408963154
356209881
353758823
356627371
564495513
598797247
595989661
578465800
597788122
590693850
549896031
595062700
582373456
616196283
602706545
567310687
647758022
530971591
645556414
564592156
478900957
508039051
524703791
566505069
560164700
603269259
529016331
607277504
553896596
631527061
662158744
561532127
681586135
647481770
580834076
591369930
533785882
503156338
525340497
592880680
556744320
533385547
522827625
595741056
543201110
589458912
622112141
560580871
635363652
558891196
599465186
522376215
625631693
514161363
553725117
592821276
555444135
566564038
553800874
577302568
570486971
560957059
616887135
521111389
619704442
521606728
598090473
516015621
625086069
579111394
556890580
552907487
573256572
587634876
601909844
542357987
551687089
555569046
665409847
623912109
560533788
630328198
553826197
650663301
465672658
535270295
523467255
557154815
591828297
554592117
561157617
556125577
599774167
541504224
544570947
542702615
575200095
599723689
562200174
689656478
590068905
616222316
463051517
554290899
586806111
557287338
552684810
571496322
553756631
601353986
539434023
619110403
637583739
558803732
635398958
552529176
566148653
549533112
596855083
610335643
530245795
597232315
599545453
573533814
577842790
493722438
568048800
598606133
565442615
595141777
637781942
630177712
572960135
594886076
537401874
465115456
486365282
529779798
554463972
555710142
560900029
522020195
576638626
525495441
579023136
543182398
573852496
522848737
632382925
636384640
595549067
597938195
551215958
566733369
557867291
499013368
526673970
540695170
566393079
565657863
594903534
605619872
565558402
543987187
581285496
577610194
577367687
586629568
603266717
633862454
566724137
567161698
602163761
573642372
345486527
328130084
369912840
344165967
344143906
328532911
371102271
364097629
361546532
365657873
355864109
358787232
323697554
364693228
435012388
347967596
344349351
455334999
323947793
347845154
438911263
343496038
393132031
330891877
385617834
329920478
324951114
365102680
349302355
344635400
324250626
343563678
324536523
364912477
382429621
360211618
337879238
365732056
324675395
344207604
403169903
304431942
344275470
404121493
329798994
385136194
438747757
349209384
453865673
350060988
327470135
401668487
570143862
530158675
575225209
594897054
578905331
584310340
566246124
635660814
594016505
646568305
598761591
612976269
569814265
536793140
445508354
583660925
534965205
567720797
567093181
560893838
507344431
564930866
596302991
549711204
592161129
598071625
573568128
586606606
599996663
609427989
593270484
639409722
494515696
531078659
568099393
561147478
619691586
584038738
556900173
575915724
563179109
635164441
596842965
602896373
563485428
576086548
595244292
601876807
476978183
515443721
537524763
524502824
531902200
527476484
601136085
594140130
588191027
548420484
624005547
674386679
593236054
580324590
615842324
603849506
561047002
534006774
478174452
504456301
561616247
510272101
558793428
572865327
562757805
597151883
531820194
562246988
554947532
555172552
549689263
561048066
593496956
594912638
667673336
669275278
565119342
593900487
567274620
547879217
521528348
559632949
555070034
568252858
604132529
542894481
567090946
523265736
621410517
587240925
570586911
592300458
555703382
546015379
564540710
518212321
497149366
492066339
510837250
558662517
546045077
562244940
531635634
570167903
563747926
596288872
588206954
583867037
500689654
635777136
628626647
608497651
585171095
599347097
598223491
566759224
311204569
339932713
331694009
350168710
331166083
335610145
348017340
345211047
345181435
349136927
324265176
344658530
377882176
344336186
344365548
369910542
321724657
339852037
371472931
344211512
344529378
392857629
350727182
364524172
421050463
373719714
326740228
420405408
349781669
389835916
347374912
369972723
385033980
527053603
559454646
587000083
560422849
530582022
585843745
605894501
544319228
603286024
560558568
624981091
611418161
581616160
646831897
560354757
590644945
587782239
533083377
515536026
534611473
533956409
599348368
559880727
584350083
529246617
617745375
551132406
601853679
596255053
594865221
599878996
565554709
630124641
566129860
575220904
526540753
541611826
500441373
482330746
536517689
582164955
599711167
561910756
584473883
560794554
585395027
583373957
614776014
690072057
599152742
640166362
562844483
654931724
559247440
536831807
566009025
345341031
344746864
329013163
364216064
343825314
333560846
344253004
323585549
324011298
363324443
336664638
318361664
397370080
347847934
384989610
351137227
347321778
400579410
356355256
327281549
400983313
349022802
363401678
393257857
309297351
324921639
561120248
554239048
561919842
554115671
596374320
574032307
516235309
563452325
522570557
589152070
523052989
566683149
560776027
600720305
587594145
594277284
549529847
528875052
586917973
557197571
623503132
555162736
566163868
555195672
505272521
508450879
573731284
571219677
556097107
602771246
562345823
595503305
524763188
590760614
528203478
351347804
374839406
348444447
348069905
340235181
348423743
349179804
421968753
346435830
340597755
390763566
328518830
348670906
443468105
327609893
351157328
441506825
348568042
386538742
371567450
367438217
398684674
333263720
327810345
567552086
527891178
649431493
595585446
593986163
547512240
592465336
648288729
536048217
617751590
565314087
645777971
576501240
556295333
504623498
567541547
568159772
562720609
572500302
561189897
614732777
548963135
528965872
567872565
557439443
652226087
600694440
680169966
557974477
655428951
527518661
525010228
585975489
563534282
554688924
543137465
544227491
597759340
553710520
607341849
522802045
606321029
556114391
606076430
587826841
590134589
519492954
474158234
462370385
551175551
550684187
588476234
561915903
527017034
559261284
542934203
513844267
601440043
588461638
527691717
555760594
566698238
524561614
632957331
563178302
580415713
547912372
310974526
312050024
337645264
345075822
356740103
373049217
371279900
394207407
328041117
368517027
383603225
369574630
389090895
360590490
364322069
360498366
403556104
369535659
394227198
388351111
348478977
453573895
353722033
348858705
424842582
353161148
394038507
375637098
373814641
401532070
448037289
469394888
564838421
547542322
560412988
556641268
569136183
493666277
572710578
541201478
536938371
567908453
581539290
602270089
560437616
593122930
559857480
624576011
504356488
565852494
563979206
529188789
610261209
597543228
618215285
484708092
593996745
656054335
565745568
725242376
581467441
628296456
630457074
600690039
310310712
365351765
365783693
328761468
367427700
344894299
333791238
344874937
365125064
385964387
317826355
356843119
374700078
344461863
350642529
394027272
324250910
348890624
367232686
344575005
405034909
370290128
362185384
373671596
350591902
383588779
589670648
581862623
603442030
570669219
514060648
555569378
581411727
587881989
549644658
589349964
550701246
585002960
551705285
582370544
621797723
588354269
582248517
554325960
613181770
518028077
582559302
629786933
616177146
614910009
589402734
552872013
550812066
553306289
581959691
550134844
650035118
555156386
552016701
582373497
618462896
582678767
557409321
582907458
584727687
580949592
596106919
584843751
584037730
593364639
551173532
619109071
585544320
617476836
587409449
553448464
581188568
552029380
581468902
621395893
555553883
581088902
656345236
578696819
554238784
584037580
585613003
591107429
569838569
432530434
405712580
432990768
405179889
408508087
387191125
407019278
412324138
428421819
405512972
411627805
429311656
421976914
386067837
383222704
415587299
406749043
387459067
412707273
385579403
429528722
405695532
442446616
382684979
414170140
416802899
383941826
421754320
383324922
432395507
437316097
406606965
420527732
405238793
439323667
405710265
410387061
436800429
360260020
393229824
405915473
415490271
455035594
598265414
585722435
594578386
615497634
546210207
572241392
610551133
647728645
602343009
556056923
646656236
554345026
582587275
573669085
586755103
573478627
570211386
617317166
586619205
555176425
623582301
590143510
621606946
609013452
586178132
588605814
552567580
558091412
547019874
552756222
571752030
550563249
614715708
549547974
555727632
651594624
550594679
555776157
549239201
611561293
567515379
587887424
619825129
578392338
615867743
618505833
589674717
576744435
573097611
615364698
587521026
557853934
615557720
586343421
578896872
551675319
620942548
620096192
582303036
515574946
542970553
532849616
547508499
581207629
534525264
624357300
583817962
612220938
618986277
584895623
583853542
548489587
616399698
518939438
580792413
622254001
585678798
548424690
549939935
551743575
621868640
619245641
616044238
551588822
585927102
548873019
515578718
581623441
584103266
579796439
617810746
546639833
581364468
580592879
582495599
585489109
614238135
582986211
549344559
554384643
573855681
554968259
614083394
548704092
591253910
580664038
585121129
547714493
551046927
614086088
549974713
548003134
584599977
545944970
583301853
614147283
588177335
578694646
616489442
584045210
581010367
614704403
581866443
585192819
581969475
577487551
550259788
581918588
583907891
583900002
581847481
581704175
579214330
556490928
581511022
589535255
586914756
615635916
588193873
582185773
588565250
552057483
591927695
627055394
582443890
622971146
551492843
559415032
556218409
582477964
628733571
580049512
590097081
592080854
580857115
625754582
550798365
589660066
552140913
567069574
537976035
534941673
606518454
567648600
586824922
570584960
578450250
575918245
500414004
576185973
531347006
539151709
535783737
540573958
576846148
577921266
609945144
612852968
602770694
571440700
612065975
546570635
543748080
545031817
569737695
573077891
603629087
605968236
610369174
547176915
609483290
548825163
579190149
581737800
536505270
606997546
604400242
577064077
582268672
531063597
581141486
582452038
577662604
611741707
565303943
609725940
580614368
607980424
576826089
572881178
645947212
612256962
577474281
578680691
607533660
579099113
540746341
561966759
565004095
581313918
552392603
580660645
589364392
582318301
553702434
553653625
581504638
617615851
645969515
618380904
582256616
581613558
616949386
586277546
594535546
584634675
647095096
555255473
514380558
584377574
585137583
583182838
614837090
581287629
625986892
586884910
548476921
618476742
547413788
583713735
548442021
617046242
619320881
580951815
580688623
558084826
592083241
620616907
617714628
584432970
618353326
553109921
583083005
586618249
582784606
547294747
586501646
619485634
614171792
618823136
579102967
616854047
583767426
580404375
620248984
646680210
620709361
580271099
580449062
582705356
580059389
554563899
550993707
614192130
584102707
616336570
590826751
618282541
619527592
622843959
583348819
625029799
616120957
585432009
560744616
615632641
556670419
616767369
584839685
594916221
581563444
621573075
584620356
550063373
599618294
649988504
559045313
588552882
547000628
560902361
616471063
590546421
565032499
577669089
606031789
570524332
611108611
572476070
581210007
509913980
573471388
578854891
570830912
597307228
601134719
605807811
574565859
578317325
576811736
579957578
572293572
605961232
580950879
582882455
544253889
611834586
572287471
537448637
544361839
576193079
513688510
615357792
610091837
650537998
582394164
586409192
604087078
602646779
577267428
577475835
577394847
571962316
577746574
548741052
575361204
574297559
563895833
579438686
582510171
575819193
605521736
572338429
611834286
576929727
580813464
617878755
605209466
576708015
575464986
538518842
612370191
616735073
614603194
587151678
584236467
543561929
554136875
613345361
631068524
582273213
613985550
580903274
645935018
555215188
584931546
547867516
589324567
547637487
550771898
546058066
582181063
582314208
578499503
584837535
583669105
552358025
580457927
653218680
650709028
547934647
585049385
618433633
614257205
583363861
577164994
577550817
588279625
583753342
585102367
584412851
617315772
612921101
620195788
617306644
614605115
583246848
583845350
581351538
618475391
580694789
552204169
579856137
583082208
580943213
579411359
550380590
547411560
616415489
551909257
543890665
616655708
578059255
615450979
579931899
619182596
616225862
547391803
548519093
581141383
619046709
617568031
587056563
627451709
582273693
588268900
621395303
592424784
592597513
539866080
393383635
405375860
441982972
427865938
404687037
438269591
426654834
439914991
381840898
408933234
405378130
404415021
392541020
405607752
458475199
381855315
404682636
420007361
427733167
387563436
415775169
398248599
400526224
416308606
511834851
565976404
579373778
574184951
577247975
550336480
567161868
573937451
567493813
464998611
567753335
573774293
610079297
576569052
584712326
544867502
571785720
641702996
546420362
612797316
579917181
573814542
574679231
569015990
579194026
577654754
577501191
614223952
610627565
551234736
548917463
584891311
537403359
570420129
608798785
577307968
546520796
600103668
611451077
648587920
573829033
574155521
567192948
546849031
614910246
540137932
609099510
605921120
544736580
576502843
547183756
582292486
542199057
609050394
568296835
434795152
564881892
569601876
543740374
590020893
524513891
547141859
623125321
582284535
584968448
617825640
619873965
619017677
548706924
600069492
583834074
554128716
585232942
566923235
588506306
582068906
584218374
613700549
619737347
584572785
582504284
618122190
580818929
618084534
583453809
617272366
531773461
583401770
621533316
588164242
613611011
622435024
551251032
583427787
552976340
553815908
546269703
556606472
586068199
616477350
623947997
584790216
547251198
589380771
585662709
623791462
617156351
549457067
584266081
617218547
618325127
588899569
583772132
554098089
579600804
586811677
586410826
582576741
550905137
549882067
586588799
583580526
582325167
585666550
581432086
584177158
548080823
588918876
622476584
588430936
589104110
616693220
590271786
583362610
588273201
592069540
549579295
626768884
585623618
594808392
635286651
550627121
560550803
584159491
658929706
559336554
582096063
619953535
581388859
561218107
558605381
617334807
594363823
617168711
621576572
579201615
607540004
578996562
567368333
619404064
546576736
553392110
548430936
506301512
583786718
567031823
572341237
540439793
617587209
585088179
582902197
593256348
618752271
603923490
546533140
617069487
618701918
624063379
582989815
580368802
570584931
614644328
580048252
584154405
554972179
546779257
606328251
552532923
579726428
581789315
569493721
550771907
586710121
609882391
616570026
550873465
618426825
575847514
544545307
608650679
550465060
586959210
542287962
619768806
545837366
517363177
579717028
618055171
587060096
612035811
544968537
582104798
477382148
575219026
550776205
600545271
542749116
610785378
613737214
574523477
580224688
578193351
547176387
576225770
612738341
579242648
575912436
612186446
576144237
552854363
580315061
576809652
611176538
611667545
581044615
579166241
608873561
546839797
544345887
610537420
576170591
580138254
581481776
544421253
581241272
577397152
547690125
577922985
580261682
612295911
576652455
606128633
582427669
545446352
580382302
617679766
578703655
612414612
545830940
476945749
580315456
583596593
610927070
580236724
610295635
614679978
544525539
574807838
545993871
609927283
545331634
576099677
578687297
588155978
575337766
544190913
541704394
577609009
544023061
580905242
544636393
575511081
580301066
574315882
585639328
579909417
615350856
578617956
589193488
589311213
582504203
549114100
618114034
589091981
557705416
577891752
585690155
580456802
582835961
585634353
542650875
589719904
576513753
582625417
586798209
577631167
585325242
579165558
623699973
579710665
530069771
599603842
562417556
570709257
561814699
581971014
535420534
575732797
569813568
562080550
541865296
564913706
560908404
567170962
537167573
506378748
541088814
573168547
641649806
532084239
565308009
574998255
576542134
540558217
576815108
567805514
539280212
573814810
573505760
570004944
573515762
593365198
575696246
642725214
579170665
533900174
573195538
598708557
572141238
541823991
564698147
615640500
577480435
539786724
570338507
596920261
544222301
540379881
576022110
603389660
541869624
505199412
539609686
572161605
573736611
578879169
604049212
600843044
577553166
570689750
614259376
584292335
547942747
622120531
586742245
584158330
552731517
550147099
551651997
548286831
556179253
622397634
581819120
621155639
583575260
588985334
586572828
619111483
652144321
586307622
551114678
619939908
614944558
620843272
619552950
583216405
586800906
583818195
587990668
583615855
587253575
589328056
548327366
584456676
544915192
584650549
586709097
616941748
587024726
620141355
584457012
588007996
615417094
587299912
617518305
551802872
586250895
582244909
586670973
585750023
620292990
621608238
549502136
556639469
617555724
619602935
554434197
581872112
620078749
548611316
549218096
580797571
619225287
583688490
583178296
584922607
547745157
624551814
617388170
551876384
560954862
585753159
622085583
581658770
553941990
552232064
521535285
595869402
580413054
576823310
548189696
562726272
554774075
586482826
593350283
618249221
530749860
547128868
622010950
590945448
614650712
597050113
585956410
612236961
543539664
541608692
611483487
567163916
586398836
613851594
550068167
617996756
573455098
553268099
610421520
566447542
577848932
586929044
585368928
590364640
585177471
551773378
570234534
620894139
553722422
585438833
588829731
616411379
588799887
603374332
615801376
610406302
583529650
588401522
547149680
581098613
583457734
577759045
581602712
542608230
549194262
585531803
609471672
550982930
582781698
590301231
608307648
542006220
575529256
549419273
586640582
580435992
582705279
581041416
585677127
652127955
585978352
582007235
612639894
635657045
565262188
553027229
537874768
578539293
583126951
591149171
591697211
584929508
585341452
586213680
553314906
585992460
583172705
590603779
587910118
553050675
582000840
519440094
621103132
582126656
588304457
588407977
588057386
585195729
618329588
586401205
582090520
601872883
585274824
617119494
585329330
616769837
589629321
584280700
582611673
553821996
582469496
625854562
579689806
626745140
586447970
615983764
593671013
558783114
553200839
621978529
584668892
592698460
587592987
550396624
593732773
615981429
654144327
652026790
520095780
624504416
613566867
587887720
621222457
584404582
587263945
582032405
621223054
553868965
548216457
618869126
581803991
591413787
585277894
582998426
621107665
590120850
590311544
585889365
589600735
589223615
626204709
589333179
621487665
625210311
601479970
548714332
560705818
619946515
628497221
596314352
549183279
599613567
549511599
626717531
624051050
583219482
591847599
626851069
581954229
587683098
570554066
578348122
570747791
553814970
610492345
581793870
611879417
516320931
616609253
541085100
578291751
606874565
567932689
617964132
586220516
585418070
590599332
584535111
593415250
575873970
618554580
587760152
618014188
558686135
545831214
577984617
542129800
548218359
580456489
625720104
483859318
580705065
580080779
589728128
543895642
579333220
572090310
586548202
589364754
604486172
583256782
587968858
551550201
577801134
574454330
545478329
587840612
618904535
579287698
551521031
579441878
585613237
584308250
624893038
617255067
614561387
571443417
565282278
539734387
551816928
563904680
613953929
618776898
583371017
587724146
580452707
549802716
550078416
581532819
550425218
547879540
553116714
579360159
584236094
619582985
549349049
584145286
612291963
583618443
584504207
582951198
585520475
614071049
590220683
619733874
580452365
618470729
581619927
582287933
552670288
547300344
583931365
616747494
584053520
579804680
616432758
544217162
625689243
582278454
582691564
558265527
619292391
616813247
584048083
614915606
554097437
621063556
548059784
555014913
546976518
587646794
648966660
547380137
518400881
579662325
619213877
580885998
586140506
587432330
548440976
581540673
579674646
616891895
584124447
546867332
583798923
581533075
618496734
587328470
587383355
584022491
587172859
589612921
582281025
556487726
616610610
587634905
587589574
550550561
557142910
618557698
586203334
559428029
648100739
561763446
583298776
624198526
619336436
581604766
622001780
585962994
582082742
591901086
616988799
548380367
602870274
542096591
575236165
598498388
607731260
572153817
577900805
577071197
571774515
577292900
600301358
602640146
606569222
573703352
578279803
575458776
511539185
580261220
569163226
569953408
609814486
620065360
582651910
607258422
606363252
568975304
575563999
544727536
609672011
578862891
578008254
588271019
546076363
581274094
572284281
535794591
574228070
610476974
579258862
568596634
577008134
580955721
605549919
611408783
570543131
614132434
548581427
542508739
543767663
573074059
613057860
543231330
611384335
582294896
575565685
580109305
571705593
511068262
401106308
411139829
380061016
372736710
404410853
405400906
406043764
408681867
405866684
409714526
381627628
409980649
427997547
404527952
409996791
383266759
409930402
405847709
428387235
409113720
405512795
409894151
403812703
405269230
385330907
407947721
410028864
404992995
386328947
404387708
428273570
409853818
404737260
408050752
405217112
404273034
408826190
382314380
414403535
404400273
408024823
437978103
403729395
385459689
404566060
403922130
339525046
404336966
431227950
359204557
427914477
431838325
404599756
409608535
430832125
377733952
417453342
382661968
409305068
386866234
386240251
411582110
405107243
408809584
381578075
409138414
410145599
407893744
408462388
404310790
416301002
405943796
427991619
409098552
431329511
386633279
382256360
433007609
381554407
431167358
409451307
405292487
409641372
428380757
404650713
408714644
381208180
415295113
428796093
385101277
408297928
381433528
406944267
404974719
410318056
427056720
381664105
408747660
428825292
413005850
386111647
404551468
408003899
407928811
430957407
411663187
427460828
415031600
404530454
412494051
413422186
408881835
411522324
382787218
371659217
408010269
410457293
439971409
432046963
394152660
429984382
441951409
431097094
384216759
389464625
428212607
440609913
405180767
412400826
404485425
382266987
438529989
358610152
369862607
405789007
404606783
417941123
426654573
386228222
395790017
416707952
426736740
394467974
403867389
419312344
422940579
425813935
399062449
381811310
425680306
358537325
400097110
394694156
426977964
395282391
377977321
370780530
371166858
404133246
398468175
357252511
425273833
400403995
401968562
402816829
405157401
374067133
371526541
404799548
403488174
407647695
428683297
403122362
406713329
398435824
403368153
421321346
421102928
425995747
421417100
406147419
403053713
417416024
403265951
381415742
407279069
381158203
385242183
356958930
395062318
428557610
395015299
402147339
403027043
405619555
400329177
393913621
402624259
403185572
362730556
379484225
399031546
378297795
397857822
419767374
422435195
402331841
407242096
402750878
405303807
426585870
376321280
421371345
403126281
405459084
382849898
402681541
407748565
402699887
425949283
423472350
399373646
439459125
557842996
554073903
552292826
557035751
568912166
582725116
582139801
554974590
589403912
583596776
552069387
582578659
589881726
586712728
581110955
553970204
586142321
583009183
619248834
582477718
587797589
583420519
588968427
549964004
619461437
617585067
581640328
586133342
626832943
612856632
585853986
615255805
604069994
585701076
585193604
587207404
584849774
525313783
613129035
592397631
580945609
592459390
581430796
582505273
628524276
590138341
585910555
583815278
582562416
588448169
589731329
580945113
586068367
615010386
585332836
584048654
582238434
585237580
547292749
583628564
618131088
548647418
586142809
584421637
552229275
582878416
552981478
584894329
583093158
620260092
582268436
589929130
586255252
619598352
586699372
588890781
596262219
586721392
555008376
621096782
652993501
594315109
588826186
624770244
591596480
583558903
598620924
588948973
585876729
624045109
582353458
609424179
624288482
648441290
557844669
616607631
590045702
621030032
569019734
575974224
570568022
630828567
543080961
612199850
580807832
580842651
583065425
606644969
611945017
573681061
566924952
585880545
518462749
585171773
553019679
583787698
616682541
540925247
614404675
622670472
554749970
555635319
576816718
585125368
605841640
580153748
579417702
552066600
623676200
584321986
581096280
516611476
576921034
542003816
566492342
585109259
552366630
539620650
578445324
515647926
588431479
540437032
585440604
570197719
583223519
586135733
578293740
619668319
544553543
618372249
551630954
617866280
620361595
579510362
577654554
554504210
581041125
587177719
613353108
582780418
580292717
585021363
582837144
549727672
549110306
615492393
558287698
582572184
615729796
586771951
582752499
620426948
514201495
584902634
516690282
580782395
585013089
582660354
551489507
583714382
588214747
583739986
582250470
564404831
583081658
621503228
584024856
580469427
603757722
616685258
618379448
574743974
588660711
586275542
583749769
620276119
619503631
585343760
554632359
583746138
623515872
582403722
613320366
585856640
580901805
582893026
616918756
583175325
596644035
545748613
584448629
618055231
613540891
587744396
579026638
615295533
582951957
577833881
585576789
613582594
617308131
550276728
614062405
553872466
623233238
585936274
584081974
621688890
553246805
624376811
622465581
617178214
588164184
595574131
614673278
556913021
584387335
588725455
591253258
584085010
631140449
586555432
621039218
626085840
583530492
591666751
593024323
583867513
580658702
599040779
576530563
601702260
569691384
570186420
578133918
574505398
575221769
542536063
604635651
604062903
568165579
565032921
546731829
573763290
575638952
509714994
580697997
579879014
564342986
546861487
548625793
575908497
581534648
542057075
609114751
536508822
612321712
608336088
544286316
580427125
578454460
618340846
582727567
542549183
577023867
598073898
542535129
543474983
519676952
540232009
578464590
548095914
575239605
610256309
568812405
609439835
581793507
608204967
576744392
575249459
543834316
575619482
544085798
586861875
543563601
544098856
564532989
559102417
569736267
576742333
581993694
595167388
589164875
583451843
617780341
582096158
553767383
584722991
579348947
587944831
585330230
582311780
586262485
548815363
587219235
583533275
555873952
615794098
620140921
617706805
548486705
585789632
589991052
585283889
584773441
615257807
584341881
582639713
587511688
619174548
585221509
587759972
612895161
588535926
610722497
657656461
584611492
549590749
593240347
587689252
653244819
593791767
615928518
580988510
586384441
582216622
620164376
586374402
580629089
585849400
548516057
584279167
613580650
590598683
583654210
547510476
585955823
550441271
519012539
581022879
618686828
550710119
583461337
553277148
581748833
553609990
587848211
586252421
586053145
589412015
630005392
620624283
592298900
588673378
581727524
627128747
622542338
591212733
639512441
550228133
594495842
587525777
585692856
626996932
615425321
583170789
590647724
614803452
627707856
617499347
626922727
552888283
568920347
577469579
538950475
579397173
573786871
613580001
609779673
515700708
588013734
607751098
580043724
573983099
566652581
616099632
585375545
618277630
583296813
583295147
582626564
540835865
614076173
586587771
619470360
556510686
580048313
612703050
574269996
579322072
613941921
589940848
618384863
583221903
582125599
590713491
538972414
574146849
585286674
617053292
616528235
532238761
584623550
622242884
546840878
545638446
600162814
621383811
619741932
646259305
618903528
513753227
550685019
550422552
586542267
585684803
577761259
583253000
609382889
354032355
366490893
390589650
427182105
434838207
400690388
396780968
384115267
430147744
456900376
429536417
433421909
406282861
383184306
433205362
406390911
387343287
407205109
406288043
436941087
383780902
387220089
406786525
432609353
451520059
406719785
409558954
406256826
433753899
405633997
406538210
412118438
406778947
411757935
429222754
433096754
384156573
406258791
411147949
429058458
433955242
383108941
406238056
432662576
406361797
409448867
406349889
411215525
406390978
429723711
433871935
383554608
454494025
406427718
406302052
410635516
424605840
404797209
440616658
385060729
405980084
407410008
434011811
413519936
410322535
408947198
406268646
412467605
405526791
386593330
383137002
406901037
414243410
429359621
410280445
406376809
433086308
382689424
404964573
387369031
382659274
386828068
405947995
406309884
432063994
405075611
431274403
406394276
382539400
410435405
407015908
409975578
406453222
408479135
405495916
406439294
409879376
428095534
413105074
430402381
428758371
410638701
382474030
410034154
414069705
409454541
412963169
359527385
411276602
389766191
409916112
392224438
406520547
414080025
363701942
410681282
390403728
382919595
417931653
405842195
469389389
617383436
598529722
611932163
622190218
553067566
578704577
622990033
583471027
586904622
588886875
579690081
593501654
581724126
549988533
571899022
610660816
608398269
569888654
582669110
581049934
586336651
579419440
575693049
552539382
570035298
575074238
540001636
589423803
587511533
516823369
582898130
587988970
609870282
577010597
618005389
587844880
591337378
584779298
580274520
574174888
581355791
575205682
586849427
628679695
549167919
550995280
583034868
554088721
576309551
573768828
614233422
618836607
614497536
609175474
584794037
618692819
577138051
580194656
618657573
584418986
622785689
542395698
624677541
577986732
616910132
560868376
618874414
617296262
577180894
571539280
596529132
541616210
542800623
513508935
549177953
533224814
582984290
551365365
648441526
585982423
582758696
642106343
586286244
579034057
622611751
583335630
547333854
581671270
580442544
549007018
550001511
584686572
620035683
548506047
619278889
580043730
550583713
616476407
579487960
586800910
583081652
618809201
548198761
585633355
582824615
546161524
585362172
582255268
551003220
584065917
612932688
607680662
586331817
620498077
619474294
616277109
588361022
585083079
623247772
551738258
581931712
584217300
582751413
584098673
617481847
548630384
584503340
581263190
622245450
579925317
583333660
617585643
581314318
617835333
585278550
645616839
548121869
578510095
550770905
581474193
588919281
581152681
616548458
585526097
581182631
617889502
551460538
620917930
590525103
615937321
620086597
616563397
591550816
598971662
614104025
591036493
595262882
581965795
590733069
583398264
627352088
586426150
622867136
623723554
585778561
624728222
588457062
619812834
457108264
371583491
401261663
425138951
394531374
405099227
441016174
403956583
381270976
374507032
453943557
402794650
427478494
374560831
425286666
423949221
372267481
421162423
395033375
403445491
378455156
426602062
424755047
402950872
404748202
404581836
384842853
401433594
372833549
404431660
427380357
431166632
404925647
404248004
408462134
400961525
379179703
380823302
395201885
360192961
404756625
377388458
404403250
454434811
426730628
475638511
582066903
580262063
481516428
373705966
405596344
395543695
381921836
381407317
380338289
428778874
395866543
425124747
404386860
432033507
427559961
397781890
406295113
396191709
400924760
404882600
382265914
407921959
381236110
403233770
381518704
399089225
429892916
404063476
381451478
381660558
404209721
408857250
448068493
382884865
424588378
376245793
395362940
536759572
512666075
525811646
497169527
570656833
587269798
594397387
586511646
626594751
591967764
553392466
624650612
555983454
590515586
587130326
592167199
623016490
587237059
591083671
586566918
591520156
590009396
590545399
592756766
621098243
623069420
589512614
587568036
590065775
518227558
623747662
558216691
585439608
590349047
584403267
590349904
592432387
619529371
625906067
585543908
563119122
591924948
590170696
623022866
594926241
630696167
622099820
629876572
592006706
554798957
556341544
593689165
553374932
590410373
586146286
630349350
562513542
618998217
621775843
592284151
623966151
627229538
655179323
592076156
554642361
585896711
559166092
552447183
635797479
588536343
658967793
590384826
625652860
627909481
587460066
591499720
557985147
595444807
603414146
590765539
634682456
634969355
588677036
602636551
591115051
632408422
560424897
587809748
594905797
559175498
622006378
591378790
621917536
559452935
638611163
554889714
656640416
536970103
586977997
576988226
583471912
584762124
582781227
620375366
622347001
591239865
584470774
575816052
574964539
579999523
588032575
591585110
655776942
556170774
555065191
582504215
589233797
622692421
627591449
593479478
590958889
619922863
608989355
587137066
586800443
588803494
591698424
620157642
585576105
587561139
582142644
582732201
610582648
621727257
604875153
574842345
557643549
592961151
584973897
579636617
542059406
583013557
594058900
588462441
581834458
621058587
589148032
590378557
589336017
556848044
586686472
581537739
543889612
557982380
586203819
585866963
540188704
573519111
619234596
617059942
548652277
584269571
619480949
581851589
596034249
579594166
564437959
619503548
548176186
616199276
582130966
588419606
618576949
587226654
619354359
581195405
552967580
585362332
615840442
592036752
582221906
586840357
584227267
581775328
587277507
584582400
615506912
547989722
612662109
583159960
580459849
587932955
538241808
599967406
618975222
618915656
597091989
556797244
581097246
623464591
621006897
587768440
584789244
585548957
553395016
582845096
583056391
547450530
552245827
616609577
612902521
586631222
619704616
584049948
618233834
549437074
617763917
547129887
619553410
616687280
614636532
650762973
579630028
557313257
615738920
589304257
583292446
547271993
625667223
618955714
586691361
594608698
581979760
593163741
583442183
619586582
593817615
581091172
592504782
586481820
555401757
590030962
582078143
585603941
583604379
587643352
590672157
583612015
556309096
548864527
588866857
538138724
570315440
606836945
568425563
612095354
607367474
585735750
541807421
601054399
576744835
565500816
600687128
573439583
574239286
610132773
610820234
617324291
548607775
634124640
614779607
585593768
579595154
582468598
573788932
578123588
571239854
610197003
609561145
580203083
582256544
616382303
549131153
585541689
541441233
606961622
564259937
614159920
612254204
572810824
578344689
580241623
584249601
536980516
536742255
541972196
611350847
580755898
537906068
546435643
544692679
580780717
579505175
611247400
581041872
578812495
606557570
532854190
398890588
372976645
428990114
406828827
433492118
383696019
383764584
410459582
429974708
432967363
406432273
436613605
428491982
382848669
412224094
384158600
433985540
406277828
434022268
428402918
407399285
387126639
405749687
410714404
404938597
428722817
408875384
383617722
410888313
433063662
433060000
405967178
383419735
424009493
382475899
410086412
405593586
406196532
430713178
406693306
440360768
382935930
429526349
434508028
427542836
409640099
405717730
410796060
427851866
429185372
409390319
406111385
425758983
435571860
387740872
405091042
360351858
432804922
434420144
432631445
437608134
406369256
414119439
430113520
410554747
429135325
437855599
405970319
383802691
412274376
428522973
433436690
428747405
410401445
429522708
431043654
432261247
405945377
409522084
359426729
360673475
410589447
429572468
409086401
406186634
383977259
412383657
383371776
410327960
405035651
383185953
387069059
405882307
433074004
428720393
359519166
415954765
406406623
399038892
390378586
409655615
365549703
406146357
432887918
413609785
411595561
435603521
405574530
415688225
406143140
432835214
415184822
405453921
418907385
405843759
393295343
407157153
432648960
437718469
406577199
415456717
405652655
417193647
406454352
429608558
438099285
406103708
414716840
454841475
418187196
406397437
382774119
396942932
384735280
433454050
398576782
373288554
406817480
376615136
403114422
404943097
418545347
413020698
403581024
404726036
430065577
384853447
405168718
418940637
408370400
422243659
403390397
394497351
424721207
407949379
384134890
409204883
429713283
407287074
407832741
407214675
431512038
397035151
427250298
407111159
410554093
384161786
384620850
437479646
430032721
403150979
431337943
417798447
419020266
382313622
403978664
407325975
389069827
384351479
426956922
429737021
406322395
409856570
406048395
377259834
406686568
396335506
382034999
407003236
384699131
407774250
420115374
382824196
432467553
436857924
430097045
401740536
429772713
399131643
403151906
430534393
433749723
410596884
428075007
406396272
407479738
425796650
408472126
383512622
408590736
406862186
411692218
428605371
407362346
428506861
396156093
450800395
370042946
438535609
402979966
394309948
425805985
405496153
434425785
406470998
406891089
387520863
429154088
387704826
382079430
431138062
386908123
406570008
411521848
406110282
404445464
388233865
409562828
409734575
406713086
433908946
405629581
382392048
459994034
405465024
387292429
406824584
405428651
387917908
429645188
409297085
406855126
432844843
427814732
405967297
411896706
405615904
408147126
405811239
429028190
409076281
383336403
410106015
382515924
429199714
411066654
452192983
408967064
383476305
411037373
438705161
403564193
407676906
413089493
410012754
406288177
435363640
414520980
407244611
433380322
407454602
433206542
433848790
429745931
410522162
406507179
391570836
405834922
408444798
428259934
405516847
433123742
406008442
414281564
383148221
405553424
410136452
383420942
409057086
405981903
382895613
410917592
429586111
409308122
406923661
411441439
405482996
409919945
412410831
382713964
386685303
389286804
358921487
371737928
405412330
414651977
410141886
405983743
409380709
436377714
409772211
435080627
405775925
415702220
406317189
410152973
417350516
409942913
413809369
382841767
389893219
387566081
432733726
415743176
428990267
419541669
407061218
386910468
438932194
406525316
393869253
406717378
418444714
428943976
411047504
405119137
382516098
418055605
382734868
383754434
440622067
406633343
441821317
405598390
390181286
398812947
394479284
428157118
398194998
404983840
399623116
396010178
414575123
403674706
426395471
384651210
382798146
429124426
396918031
411896917
422164963
401852855
395312207
393708104
386951428
407993131
409475437
383540402
454482785
407631153
429610633
432092310
418578413
380521039
430276172
434205509
430973510
407826914
413044582
434035218
403329774
384137646
417202254
408836710
404888704
403513108
407113492
411371949
429906449
402949867
408059737
382980237
432503975
449062365
613068506
536414325
547960784
583431051
580397629
610368749
613617720
586670626
608618500
580400769
537040525
584262408
588294313
546946409
617460385
610406647
551230650
616591223
584717118
586982475
578738609
578664241
630188497
565869306
583192846
584038869
584675262
553555406
583892447
592527778
587265866
652367628
583967050
581918546
620547240
588633107
584652541
552822699
584072125
587582629
652888414
584201826
585527754
581651164
583385536
584149331
581436209
595535325
514822360
618511585
583319083
625130578
585262292
550916679
585996689
583170998
552769012
586409549
583343771
512247746
589876747
585079091
623277938
551198410
552190507
550081600
652388305
581944876
624930968
620893869
580288894
625768147
583716502
585260411
553972312
580747222
585876105
581304808
621750784
553508677
582601830
656128507
615830176
618474362
620414613
584629608
618646020
617798994
580797759
585466149
650697718
592014991
551631419
653077179
588358139
552241513
628010115
620291533
586379127
563106928
549177511
561417068
581032122
624384031
595013308
549307935
589969526
616791393
558654634
587428320
618566759
588266236
613954552
655081700
591815129
549653141
619478927
564162020
579593677
570863173
575749205
581337921
610730677
582250697
548211559
576227379
611137793
574579700
572195573
570492927
585070859
552620113
585183759
625417936
618853895
576722388
609650455
551015456
587223046
624883463
619579827
546644794
573174400
579956682
577157916
581232635
587599140
583661228
435500056
406575559
410738519
405586160
400583253
430202563
397026340
427848755
406629663
383227406
406975613
373550531
405400747
456163246
411841728
406518995
423728733
407830635
420961524
405918123
407118974
435001404
406874367
408797873
406793639
431168810
402808226
384187231
407506085
387313712
406396811
364431858
429963120
379277166
429900929
402897907
423242331
602334333
584001302
580797617
620838970
590894676
580086197
549414012
580401908
584437633
550844269
547401301
586645208
580488602
613230411
619185602
547697367
653379770
583021451
551849294
649478276
548489233
586408068
581796739
584141032
582441774
547604348
618807518
613079854
583717352
548324390
582098968
512934786
614701949
620248135
580523540
556374476
579676800
660936436
548331092
617214594
594294193
618729419
584192239
581953712
583878782
584991390
583059756
649624623
584027285
545953816
551782157
578947879
583990417
550379316
612365055
615649498
584534266
585526042
613849111
611495924
550598381
579373198
583487476
552055650
546905795
583769075
515813363
550189314
586771599
592672404
586876316
559367638
590864819
528961830
603882284
586433269
599715256
594473203
557868425
590994669
580866868
631005003
581789931
592889496
598131594
582571846
589172849
547291859
556478023
652280234
615982014
626885523
592626354
584950878
617707092
596168147
581737070
531317382
543144613
573010789
613266925
608403995
575541798
605979392
604270356
569979764
570458468
596397771
579324030
543381006
582496184
579659461
609283966
606092143
568283478
578099227
546481284
546167919
547672725
538358727
543423495
571475676
581017894
540829452
611856271
581748274
547007878
590386596
586255208
604554825
607184324
533249941
612280837
613619500
602627206
541190396
580005492
581434442
603888316
603896340
582840602
578177591
613392228
541294567
639865398
579333502
573347129
577445922
547370403
577696510
576081067
601588661
517255111
397732664
409888078
387842222
394246749
414139454
399460012
394328077
383353659
428966313
410824422
406812663
406428340
411666756
383553424
411340104
428614820
411772886
405351646
406278173
433233246
429261992
411235874
430008620
435195911
403213307
359890641
411410045
405396539
410715825
381365321
406079543
438444846
382722659
409833630
406233292
428691992
409362026
405862649
409201910
428268537
383535270
412633060
406139614
408274223
382454017
404959664
435935865
406061773
432822463
428690579
386680550
406770853
428966092
409233942
405218746
433393368
406091269
403705338
414440213
431371822
409719063
405451306
436112859
414041190
405519069
410364902
406634856
433948701
414484343
410176349
383335402
429561673
410379849
429816536
386775776
382849154
429584270
432056511
405516476
409571333
429664527
387844578
405484793
428867625
409729099
406906369
411754647
381847575
406066117
408901996
433927741
517785572
550824028
585154072
586810934
581498605
584967226
580946573
586617044
582466500
553723844
619845543
628042740
591665552
584296739
590998743
621133759
623546916
601957321
580775398
599798523
589124732
583659766
589744433
583745027
594001538
590797351
582232898
556475018
612937765
588536272
588807189
584868269
627629458
613761222
579662164
536425142
612003837
611902353
568293205
587136980
576943376
585589410
618895477
606124700
581123291
573535116
537045992
611769535
584881271
553775121
547729653
585890703
619805221
605687105
613531879
552737114
584366268
590226346
618617531
612942181
540262894
515570443
581110735
584708628
586022150
612584355
583289320
586103497
612153711
611125966
569897077
553913750
551807071
576962308
615254328
585250801
588285923
545271532
607288641
609048559
583724283
588159890
610293107
615281073
611530214
580846924
586697090
552182724
549913086
578811593
572463072
565772475
562114248
613448522
583367599
510568461
612145945
542394219
580739155
582390872
576319815
580267674
544576002
613826701
542704343
612720684
580731939
575894729
579529731
544144409
581182009
581220694
577047298
545946815
576653031
547011746
613253899
551784403
580657079
580580510
615838663
544084805
582014137
579398833
582905131
628216128
610352670
580663698
606356750
614866798
580746214
616069156
581923775
615031300
544909480
549329793
579984028
581454416
577939928
550130936
612676346
579821940
550689215
577151756
580937264
645433043
579039266
580332651
577403707
549243924
575551797
581510693
614581100
643464379
548008936
610882189
582339120
580823147
575105192
613832845
579995368
585937437
581845491
617615864
564052926
581409328
595740444
550038146
584365411
584224913
588775459
623015333
579223144
616141656
591760171
543997737
587548314
577695100
585675451
548277823
582869171
548023704
542582312
584898093
612042059
591422125
579357697
563915284
535173022
595634333
539475893
599084179
609722942
569312961
606920655
537841155
629399962
538430270
565585484
563498815
601115156
566840801
577423028
574856417
607327242
573934976
529519078
539892354
508850862
582380101
578493541
538417508
604466175
569265961
541224023
537670699
608336621
578173864
537971293
579054092
574843038
578971116
570036805
600832304
569322907
572070968
573160048
598068604
575131026
512080256
574519700
574169159
596316489
578298683
543210966
540788461
570137304
576018679
569408684
572513374
616195780
579504931
576397800
572513066
598852221
511971031
584545566
599387044
610238627
617202733
614744151
585883710
620246788
585698911
549052170
582956804
621488670
548066465
620896906
552212190
547910639
620977445
584686583
584973819
585994482
549021149
583813050
618708847
616198278
551990715
613774686
582600221
547785032
619309636
578483784
580972220
583497258
612513541
619429277
578153615
590801972
654646617
544129174
578068006
587686585
551230424
584109586
586178556
583211498
578280280
614745837
585866378
617841748
615541686
584665914
651720901
617715578
582694842
587648510
545830710
590319945
579506872
615383641
585907053
581919077
583062322
615165784
577725325
582962654
614371580
618861630
516162408
581866466
582014102
583309486
590931037
581720387
587467493
616991501
585360208
596387426
580751202
632150686
590785743
581015871
626381643
585641974
586408668
517806969
584564142
560469488
514457942
619888441
579501238
591731234
623623326
548926347
593031770
583683489
598330669
614921193
596327572
605141788
564548305
578115904
574212862
545826783
540191253
608395952
574361998
569212334
572588415
597108211
562348239
575693293
609338362
547034592
608327891
580406781
576760717
599748115
512144271
580100909
611563358
550714479
570410882
575510393
598943593
579326433
573087998
610960607
544798993
581184364
611104350
549694852
573849377
571151128
563421007
578668778
579451087
603188954
613086925
610542266
551544111
576463389
537562443
571220081
609971990
580652525
608719181
545257304
607817810
578999053
577432992
579447475
576691604
610783404
569654726
488476299
378670636
395413419
407433636
407158464
389069154
406339827
412031459
405383439
406384136
411295010
405655950
410427217
406166785
406458958
408457709
407108748
410943171
430433601
383312635
386313816
407030052
411516394
452354703
410600564
382248854
406437162
433209230
405744167
410265625
406073427
406372639
410815894
406645533
385831051
405665014
384885569
411151626
410226872
419169411
409809791
411396445
385811026
406659170
433532639
360518568
410010014
406456438
431861976
386461958
430090797
387343400
388371229
401211593
408763491
417037200
433251031
408703930
405470601
420884904
406501585
391906528
383080195
410005404
408192017
428834997
409256554
408707427
433796687
383599142
405066566
410240189
405605760
409644870
383052432
406183555
411636294
409394084
410200582
405943054
410983406
405436395
383145131
434823499
406514042
409427031
405466592
405896755
386915487
408434586
410799626
382651810
405823118
409741517
409682307
436083950
406096617
433268974
433734834
406402133
433995235
412552225
413721492
411974133
405788430
417630901
406258148
433274020
418885639
433222273
410935647
428689156
420744943
429399206
419026662
407021810
411863920
409312382
427902667
431356714
406050946
414913267
433227011
383594589
416824200
428929479
412795261
382189110
406230243
417675006
431996344
393167508
383260396
393137135
435763450
382434308
520851142
603613915
577640271
540055942
572404202
581487936
576942535
622552637
579604422
608110689
551185751
536847342
574821265
604820421
589333286
554554427
583425771
584950556
589338808
572538974
580940879
516726669
592982181
588037465
554180422
580056960
547491192
575334858
580120689
580891437
592662513
586368609
579215847
549792558
588783019
574251392
584012712
577909025
550626481
585421873
602308411
550179779
552252942
650250162
580761342
570521176
581623790
619705419
549994891
544067248
582918999
579429154
619239335
580398173
585128722
550166522
578219423
602051245
558342944
571427923
619165343
566548178
545614147
581141068
584444291
589978254
611454280
583384569
611598780
549077495
582468949
581371111
591947815
582286752
648029734
620232050
579573257
587047112
582012812
587448680
586695773
581347651
587969497
582316162
552037496
585365600
578643067
624783555
546036972
583225350
579726878
622218539
583263120
546988094
617535734
614758074
581573178
572429393
589636176
587800807
548696731
624875669
550476880
617500070
584058228
545476137
623446456
551251249
619602517
618416166
616395141
552155689
551402460
546103229
586480252
549138861
582184475
614068083
617184679
582204461
582163568
583737963
645427644
544863289
586985802
580690653
622670649
579226650
597439453
584113754
590610842
616984712
583036018
589865477
622275527
626187569
624150060
581384522
591369475
660828998
614924642
554784856
581053291
630086193
590214437
580713190
585650015
580470033
588974323
620287717
547235816
519569044
547488563
595785907
612763690
573443379
533526622
570315860
538616471
533198189
613479413
537652509
548958222
510269467
570453661
507011442
600978197
598650357
531199548
574950813
641014523
580801988
546932185
608316561
578916347
537053771
545570049
583955757
543381718
582160593
600888655
547744745
571103081
510955152
572126870
575474981
586664821
616729582
580076717
583065125
574099866
607848596
531591276
580155721
577531535
537372342
572638935
576970395
584451689
607953373
571843142
623924805
612754533
580468956
542949829
547098904
616133684
643135089
544224839
646444523
578968492
578040963
571947927
576160917
561645931
565206281
614359575
586172494
552960845
588878848
553988486
585271198
585061929
562857587
590590542
549684225
591152278
623252646
585891034
588628455
548583504
588491879
618122799
587394211
588087002
555085565
587730088
584977903
586480337
619929203
616205297
587732880
621990992
587510966
621736268
617485462
621709878
587798715
590555959
589887725
620780291
616059297
597085342
590843962
586975563
589368558
587413537
586036287
595255889
588469121
588511094
589709670
583334457
621882734
586612848
552058400
554128380
583989011
589187700
621732301
585675206
587318250
618028919
566114351
594720590
625606179
588951156
590021093
587934980
554179489
620115594
624705932
555497657
594247997
622641947
558168892
591798083
589557135
563873270
584530329
557773138
553774754
631917217
558376432
654838220
588559909
624503194
591681398
593619886
584979489
627129298
592244950
585226475
564302037
553626635
584990405
631284167
584824259
589435765
570386102
586526060
575737222
582684916
579671391
586147332
651257328
521958971
580738146
578823943
610662927
584187958
574525389
587001274
621070896
622582005
583566493
555276278
610935510
578981315
551805733
591046264
554647613
623743659
581672236
542755501
614189940
615921293
586625611
596457854
549984436
581842965
552454539
552812206
577507478
577240094
579581741
586882282
584284901
575017679
618502109
624109522
547892567
615702864
540389028
585164204
588363890
551037800
554673394
611878870
587386254
620963941
550425650
592696724
558488592
586063343
618413786
366351026
397520236
437265981
376712281
372752070
404834916
406184115
410920023
409515607
406159014
411085100
406706106
415549745
406112550
433348665
383624236
406344120
410325566
405333165
412334054
406253170
406567731
436964839
452165847
410707969
405537520
410334798
382450608
382355103
410031948
406077100
386719668
407056963
406290238
389486559
428712359
409789218
429302082
405650352
409290001
382344559
408282491
405525583
383437626
437154890
385858417
388451588
406398449
382608076
410590952
405706048
387241926
382802085
405248810
415841007
404349977
403707700
437058517
410962416
382500997
406961564
386278360
393925572
432998344
408679270
406746679
434590299
429390888
459636091
405849661
411172869
406674645
406512810
410699381
452260424
432097285
404869643
409373563
405335742
383572620
444722857
552536878
389128140
405963367
410533296
405585812
406954627
410147414
382169461
389795431
428865506
383381923
442279162
406193964
409326735
405912486
405770703
409411629
406222508
435644541
406133360
408658113
408096359
406480950
408833732
366211361
364707173
434709372
405951897
440839371
405861732
409431015
412616793
405767860
439097046
428472197
423311033
429361956
410815380
387975776
406258070
399906198
406557438
437252258
410246431
382734460
417054671
405540774
391303243
452914370
382788806
415569791
405724146
415320958
405725944
419742299
405032864
408402616
418798680
395543004
379064178
425916669
394731716
408684691
396135411
382219114
428388740
398175890
411337718
430282265
407210446
423856559
403167909
406030031
373263826
400676695
394630822
404207689
407570121
406986903
386904284
406993751
430530269
407351682
410391556
380115995
418616614
387226014
406643874
438684012
385052927
430306692
448633351
405733543
428570587
426017092
422824034
408695688
423105834
362599473
430308528
421148608
383906139
402236114
409838167
405840569
410024950
406471397
424759456
424992690
396594929
433003322
430425794
408564169
423298487
403471537
430072690
430302116
412052819
405115979
409998276
380369105
395950211
412059887
430093984
435703857
406263317
403365175
410476104
402400945
431968481
430639845
408914096
407237927
387890736
430088956
380783188
382648283
403465106
426122265
395626095
565588099
578742614
548950934
599341291
588252713
582872379
553814059
582517206
551984874
549920815
613737015
582214580
613558228
518745981
579977048
620840571
550388868
581532809
583965065
580407832
556087036
582361791
580199876
585680638
580503726
581503087
580226077
614666383
550422537
649062491
585267239
579450889
580960427
553173120
580261876
587162152
605329095
557153368
551492238
580568348
583909666
584189468
557002799
615510612
585305727
580452679
585246324
619936904
548982940
564262269
618347934
547564474
519474233
580411422
519089009
547726750
586284527
552917508
580164820
548093142
579710415
581277769
612179744
616426405
584089699
615914435
583519263
582034198
585853153
583373094
587548749
585747426
615156277
591695231
584458669
622514902
588410992
579206324
593103821
585148472
585209986
599503428
611715063
591292207
553527353
586677235
588385337
615469524
621716789
590359426
619427740
628241508
579610415
627240311
585423921
503568232
604133962
598879074
454439582
394148714
402350940
401769404
397382283
405201151
424510110
358406483
398010384
372272647
406219879
393629560
398487321
369674757
393435381
426967578
420686895
426779444
426101538
380277755
403026561
401616323
383106712
416784914
401452261
402787721
380128674
433695532
378820486
430007298
401422006
374136025
405403517
395499530
401210817
403474326
400941723
401942803
448628149
406345622
402663688
430386309
381791618
427538286
409581270
352336739
403495826
374031504
371194916
428548172
403415381
404203335
399467219
421003800
403113007
424770610
430030442
402210490
377338767
378042163
393491990
426297845
403076909
408312928
402605593
397331175
429862104
401031130
425233439
403324642
402115466
403287947
425472972
383332931
403674710
400980207
357067490
395112865
429544845
421118348
408851352
390889818
382249791
433080592
423975641
373603130
380942420
408105756
409412876
382882716
404469945
386827685
382453822
409418523
427755772
406774780
386841492
408799834
384730084
404694767
406172007
432031831
428504421
408897374
382576746
404930996
408926425
430944002
385108568
383449364
432109014
428857050
405410085
432534526
405888681
387843014
408869606
428815843
434442685
428539723
423777283
428741228
408924446
405823136
429348242
363265731
452136594
409919882
428605386
381540849
456992948
407657322
409152766
382737745
387258608
408485538
398264940
405123358
463259328
385841101
428129738
359006756
385783111
405016592
385600757
428206575
407969482
409938242
404795555
409456188
386154576
406116480
413319431
429674374
408992102
406006580
432562073
428901340
454127868
409651516
405695035
432142561
427440010
409921243
405366376
384666704
408965549
404277763
455932927
428303707
409692771
404762039
404494524
410688897
428514525
409640292
405198648
427966271
409311841
405223327
410915463
406815919
432051098
411427290
385013082
407475943
410958101
432586560
434792263
405216216
420702209
404584968
408593509
417370732
381422182
397270057
381173149
413203918
414066030
409589452
420035329
406423214
423854968
405324511
386771276
389254683
405584441
427007843
382886287
409560180
409919234
427946771
410765432
382752557
419493546
428703178
382461219
422049854
405630102
434322046
372255721
395611779
427177446
372376980
405455006
396371890
398590841
426548129
400088080
381684730
402902723
405773201
377690002
372031455
430611927
441520814
400341881
415265538
397229268
400928822
377371792
449668033
379547418
404942400
379830090
402352875
449972744
394130313
401407028
380195831
403142714
407148524
380463444
429606218
402148239
374281578
407385855
397644682
401077542
403990229
401824363
378303307
402103186
453081547
403084753
410594825
404856990
404814274
441439069
376262696
422937477
422507657
397563206
401897228
402209812
404281327
398875224
402829993
403073031
403474320
338445392
425963103
399616371
405236575
416730720
402459184
403107930
386340115
403768529
421642643
404455617
424666048
402879226
402847101
376903760
384004896
379784504
384009000
404343544
353683361
411331112
401456146
414349831
536527603
547968617
587163231
548852292
621848815
623300173
582427952
590645972
582552596
619089226
583934677
585187700
586841337
615642995
584029788
583398979
581231251
622153480
583876764
552664507
579944885
585517485
585520757
580960069
584987103
546990767
589695033
586210876
547878303
551282496
582852227
586571172
582366106
606719751
586045538
518308015
578651442
593417379
582757068
619171671
588000177
586200437
617478258
557957963
621410317
584999371
592339715
617964303
557029793
585348414
615342563
587800792
584157337
586236505
546709781
623439831
584542576
581113805
615737276
579450103
616704653
618817651
546776359
584887318
580919297
550446389
618747126
617002666
591061434
617031235
590073072
587874675
521628991
606941944
548951253
626557622
586244608
588931829
562612963
546969297
587981639
583624917
627292128
559436541
647081038
558423716
516529450
586214436
585552918
552200888
588693826
581956299
595881452
582096596
557340133
575908627
574269504
579012605
568153046
585204638
578120371
618165158
581528782
538751457
585714617
570397544
535330763
538978619
619225847
586453287
582506872
619312935
618464150
571143912
546702469
549675475
588583423
591389699
616601617
584575882
568572113
549376719
613758102
583431769
587553034
579191028
552548816
583575090
617858845
580167499
602867926
585270369
587038509
577688824
578121387
550066061
588878249
611601324
580217359
576982838
583183879
551836588
544440411
616886698
622459727
581429450
550600277
549706850
619970953
610574167
575406003
559945643
540593670
571246064
615387523
556196772
617915599
590753228
554073135
584792255
586656644
551346800
556698160
588584146
581294610
618342888
587064081
584435523
581879812
617100884
620850895
581484912
623963679
586001774
615480262
586837636
615819085
583971865
589013915
649112086
589039359
583886585
554379387
584262148
621096845
587655833
617505163
591266462
580184348
594041391
557781168
552903068
594033775
551265468
624189423
591527111
553434571
585786931
550666065
587579675
588317523
616665368
587246064
618958862
587510317
620236703
616997791
552413998
617505073
587159408
585515945
551186154
622586158
581318935
600018759
587746736
614629756
587555524
583028908
584424118
587420662
585125255
656973592
550694675
625264163
586982591
594128740
583878252
583356764
626045960
588360365
625519189
627085876
550999894
561089250
589358198
591981497
599554528
616583896
590951023
623148648
547659150
628482295
584635087
624155120
586814383
605723731
578711723
574080318
582980821
539120091
553745039
578187207
618991223
582884078
570864794
590083684
573417953
569793878
582108115
585707293
590157182
588295998
623548928
588424114
573079741
553452708
591245558
550497990
558261987
582195708
584022525
573305762
550344047
581436224
582526879
588878891
581721751
587416703
588012010
581314310
610517903
605232398
588497560
551528206
609466616
618300703
588716838
586342487
611505551
571487038
616969501
588420166
619107978
584703258
583041026
616624321
585366528
620378079
621574602
578823537
555081262
647635055
540846309
617853509
570594979
582569107
587202537
581601864
621883258
614921177
551195370
586307057
580252021
550673410
584081439
621784367
620006627
614164502
587531471
547028670
552392836
582826172
583587145
586144660
584211542
619197793
588322359
580915523
584138715
549067240
550512857
614235893
550525131
616355040
545684193
618591870
583667099
583310855
584071120
543569727
583674435
586805014
587609543
514476165
619795061
583734005
580437174
549139836
614260629
581578373
584731948
582180924
583549324
580292873
581482587
580940628
583108272
585069041
580184376
585771329
580248411
548895449
582262472
514005747
582202921
580643860
615405497
580401724
583641847
616810358
580525820
589113740
579284458
590007557
582333667
584838818
556421376
547616611
591937405
615721632
584876663
551796645
621494202
488003766
579595762
590032304
583360465
584817279
567433580
614532140
590673959
588713550
582117073
631749749
587333814
628340141
594598011
549993464
581865782
532962215
608921196
569087375
576269791
573468086
576012425
540431825
575087172
572449346
530881069
579189595
567229208
563092431
572516093
603245400
546436435
575525673
577669645
576713593
563795093
575244296
579831328
574906331
579500685
637782625
608808027
538606047
574098079
539543763
579989380
586561122
579534781
619821451
620058607
608559775
541118354
569105923
612355758
577593172
540947642
543716580
578457510
582339415
575326450
540251464
538373286
612850251
545285462
605810941
577876466
576286543
613042470
611655814
579404615
581152874
543436792
575420970
585394294
584990416
572358940
608200799
550642365
583813896
582079435
584893813
550164236
584768664
585773812
617244822
555882439
589869609
612677050
583399927
548030445
584020777
579873148
554770972
551236742
581731048
617349001
579721786
549101989
583370918
547848405
579348638
584718517
582381970
580568761
585082389
552488969
581955731
583192584
549527478
584929023
581115715
555558977
540198925
587412418
519032231
618296364
590055545
550356440
622391302
618254447
583985229
580748345
581502388
553818357
552620670
615598245
586234013
549021457
587173847
614824404
579450454
583366588
579297164
582493353
614627739
613999620
548421324
578689347
582451797
581275269
550820529
550862885
615516877
584715085
584630745
588895053
585576151
588055574
584778504
518354294
587977762
582194579
596605136
585832998
594792375
555822674
581996941
590385993
616509450
588305353
596925748
547620852
588499065
546099803
595517618
621064525
579166121
625795979
631052037
582254770
616067717
564351359
541700903
530975474
572653234
538495493
581799540
572750133
579685047
587342592
567156867
604788669
570708150
564240727
575594327
572186867
546598781
643390348
576850304
617497468
603236350
580148639
547339085
577059079
584291483
602380568
578442242
569207148
578429214
538175592
577512863
590995118
614660562
581960124
586089071
571076953
608449436
567588288
546395544
645915662
566588177
613598408
582197464
579774543
573179795
566034833
576943074
577702625
549796537
571608260
612162292
574629593
579962554
589874868
578213829
579651635
627886593
570725131
543927024
508177869
564542199
585660712
578839602
581246821
554228880
551882164
583260252
621706740
582180150
586313214
619734136
616401770
586846576
585262127
619714740
553623388
581404231
588385858
583373339
587719590
588243072
581614061
517248520
581570816
619080990
582159480
650190544
581500665
582088896
551186434
581508456
620297627
585921612
583948693
549649991
548606844
584776248
578340427
592702742
584867397
585428253
592339353
587660057
587438233
551045604
579762239
584586266
616978738
587653224
554399584
616643281
618509572
550110947
554876713
586752051
581540333
589102680
583611768
627596972
618136835
580491793
615742277
580868803
583421497
649808520
583835169
551244057
548072958
554557400
581719212
628676504
585407360
617423157
594670966
584962875
591095504
554165502
553090225
594793313
584274106
560393446
583778205
651082472
630488160
581845995
588628431
588400412
620596184
589427292
584137725
591063006
597072285
582010874
597499294
549339538
612340756
572141226
544703709
544989945
570947003
580432059
577771888
585224463
583766078
576072252
613904603
540844372
572297967
571203553
619048624
620678356
584643533
549948089
619443165
574783711
579880106
584586655
589659853
624884643
582957145
610955468
504323251
581151428
615522968
585165854
637354127
580376193
618219988
619115047
617229528
542977296
568532813
618277551
587853701
607878022
545389913
581917454
621294776
576869789
609927817
578302813
583544015
585322281
578541176
584899525
581894048
549283028
581518331
553870836
583253105
576909614
574266747
589785882
550740590
549307097
657840887
588473355
617578195
639073499
618390476
590533106
586362294
583168250
587882504
550596764
586252027
552982003
582003547
520302800
582742687
554094593
620998525
589327821
586765873
550112376
552603777
585144343
587807594
618093040
550034346
554944073
616265707
554602186
581835745
624703240
557979535
583680895
588134539
547346819
623915441
558586733
582978063
620313212
555100559
665988203
586344202
619476701
633298816
551531969
621744368
623231279
584636227
620087612
549149070
558651129
559285035
582150413
552260252
554041742
589067713
622424164
583527226
587014359
551624958
586592170
583607077
587696891
585372897
581949579
586886604
582597745
559349085
585600107
619742463
585969003
623740141
593595162
555838949
589390506
591032031
590731450
596480393
551158401
562515422
662964689
585651597
567122672
618201418
525102035
622573510
581570869
627806654
549769978
624281849
600506533
583321096
587598070
535069957
582143409
543458250
579928922
544795220
615444340
580439022
619022858
590017897
655208460
574613636
541122088
573195556
553603569
587729090
622250381
618840445
620168752
610744071
582045789
619483420
591452968
593011398
588138016
519396085
576367883
580561832
581309829
586983990
589710999
583465564
585155640
618513708
582583935
511919416
573810861
579362653
585327596
582284211
573211508
585438533
590434293
544712664
582902452
573176073
552250198
590126813
517587220
579836137
612649380
590448363
620182213
550167930
554802128
580781344
582654099
578846081
508017617
588273649
536630384
617253865
553037351
621486567
590775111
584806302
615677709
591446508
582996143
587828461
550874002
559473045
623278273
583168301
620181277
617272303
652347973
551309963
622014869
589170965
585053098
586279277
620820282
583065732
582852411
583355045
587137442
554818414
548738696
520051726
615410148
589916609
582268692
585687756
555059726
587079954
583110684
595072305
552107931
588248816
655103659
586030369
619995928
592857909
551751532
584882486
588136830
585286199
618359535
549719509
589998047
555425450
588332298
587310141
547009852
586956532
621099842
550308717
587040752
581425938
587181555
584851538
582045931
554996037
615571331
589880884
618995368
550593730
589056907
587387983
590383830
582389728
591816228
552382278
559481854
587707320
586986190
563583207
581454981
595860180
552237129
588606515
594272574
584606966
562990654
556803778
622274287
587485544
586867407
593445721
549176649
593079514
597636145
583237401
592830485
600861779
592639875
577525747
571752852
590301567
608278557
603500964
583905218
575951736
550981603
570273016
606835654
572954377
583625847
620012983
582854704
585234212
620389757
574417817
581762229
585370298
589090934
587673044
586411769
580254201
571185396
549301457
611150422
586259688
592745543
581530452
559573281
586123826
580566785
585088216
602473930
584792989
625979616
544176662
583572672
583944170
586275583
580511398
575964230
608217862
553084581
585506961
614366047
618384398
546147679
618937325
618568048
592163883
618848012
545056190
542829546
564671577
616027825
620064999
585011285
591321620
549879157
551621100
586001836
548697267
584373289
614620918
619432259
586396639
548969068
585803674
580911719
552708559
548065577
621669667
584115173
583575074
618730516
582407258
618455947
617261334
549610785
586985925
580356656
593507590
549320357
581436311
622454449
614127202
586080405
620439762
554036664
544775714
528764680
589719747
621444675
616826972
620860361
583045332
585200636
549378384
553782356
652968648
614496073
587712820
618572048
581901637
585836440
614675192
619882522
587318728
583606026
554384619
615733137
617981999
552209285
616780068
620116598
615076327
550891562
619091241
514203670
618744188
581130681
593489273
583708341
590201816
615802421
624004111
599896339
587070349
589261635
551609512
554756166
592946435
581990144
587732910
589606492
625687781
593321329
580037452
591615408
618818524
581424982
657460276
548971290
586593296
592372140
583215405
618593173
569524542
613022945
607968085
574665698
612395399
579803211
620947969
582635182
575664235
544556871
603842473
605287034
574571084
583612728
583990223
584323969
585799191
586860561
573027529
647087739
582852581
620436045
595160043
617406794
580131534
571448577
583585298
610801335
618237697
588009369
616531949
615995360
549747211
612898895
612285285
574967133
583125990
587011429
571202303
617333583
622983049
582610130
577826091
573326346
548300417
623083787
584354861
578744903
550194039
543765057
549657974
600705482
589062470
549746042
597505966
538187756
566868390
571337564
548965433
591018442
619214472
589664825
583884389
588445479
591444526
588457136
586618800
618916272
590558119
593741761
582299072
590730060
621594542
586375364
621900826
620746744
589788041
555717870
618981425
620181993
586103534
619457528
622163064
584806853
655289521
582902736
555104998
586246984
654786139
591849288
555000367
556956029
580316444
565339266
588268016
580864803
590495280
621491009
621905055
590653946
552826547
627754841
555024667
616993711
586156547
618488881
626257998
522958610
581968583
623669394
617490495
622317411
587209000
584231337
619231272
626009438
560754886
625515190
586195672
591583677
584094401
556776723
590128202
587490894
624759997
588762204
629157486
590855363
586284836
597109533
617738226
558190351
553467785
595507554
552551782
626924141
630129723
588386917
592215347
593820428
585106690
594483774
623815230
584296699
625396610
587167456
623494809
599238931
583603119
623690421
570261247
551396090
609309880
549074644
545423185
619153622
616405831
586318430
580360866
581746131
545213008
604937114
570591459
556956625
623078002
621212119
586470133
590832937
576862699
576529350
550830087
589805472
588147151
591754115
616015546
576579097
581587160
612880374
589487853
590379430
551005462
587150735
584772999
620148445
612074642
574084779
582914165
624915943
544742132
576826187
584807224
623159725
616362840
578622856
575528955
585822588
586883559
581120220
590196355
613932580
555317498
620644158
584704626
562630420
558194016
579987785
552872793
544670648
549735280
585502003
557843128
574294524
616353702
554873304
588171603
619793277
584171879
613897496
585683586
585825520
613972030
586310398
582537235
584955230
550736001
613989997
554364570
580894101
553683742
584853230
582894252
619924876
549986341
584622035
545928923
553463674
618559264
547565596
586313016
616911870
615871651
623014891
582172129
552472929
547265806
587390048
580736495
587624081
653924356
582042509
625424537
555057415
615002904
554125325
620727284
585107120
585453707
583375730
586662434
550243927
585704172
513984425
618854780
553409008
582848967
553730502
583475815
553291613
615259045
586983774
550420786
582751591
587744113
613690818
549688170
552756405
579439837
618105161
581822232
628731763
585786173
553612796
582813936
623086054
663106250
589317165
619392681
526103007
583909391
562362510
581844359
590077575
554995955
587857795
590577465
580562359
656959609
619815932
582965376
595655849
580404217
588752812
591714187
582493203
585203154
570317370
580585958
603351024
576231189
545420384
550078848
581077367
579969962
583141699
540303500
609377541
573245434
533832625
554071241
552789169
582133966
617692983
584620627
613956336
570719851
585765054
618928829
584976736
521780427
615614485
579502327
576677234
548306681
576513010
618273418
551252914
611885649
583260273
581982216
610981699
548360377
574775803
583349341
616787069
537427633
560461096
620253889
581467789
609356652
573335957
548382535
589908366
583556823
579544703
581917310
578307927
588441034
580788477
587854214
615317563
610545491
573762957
531739328
583772760
552377669
581632572
582621707
615304121
619570293
583750338
583130469
583804550
550388641
550509500
584975774
580607842
551742697
583297866
550885944
617009373
598860370
586485910
546229556
617889493
582627842
551081957
552003102
610512405
551738666
614843538
582271251
581236084
588355244
551334827
614494416
553191535
549737134
585020455
541840824
587970332
584830911
579584374
632059967
581191506
583881204
584603154
586485899
615222020
581647036
551511207
619307817
583542649
581841975
581115352
619122891
584391387
580368986
583273339
582239580
548327582
585193028
579632803
583405943
547971533
587479396
614060671
620733031
548580278
582006691
551308905
584805467
592541735
548645951
617944915
588284492
592803624
656015464
617954469
586996949
593055850
581809175
629569477
623720057
551486351
592528466
581122185
626581768
556072945
556186356
552263906
613360260
621454836
548862144
527172410
561968394
547765480
579293503
564873601
574748406
565423059
572177706
569530200
577519441
592814707
575196034
575427384
575586054
573814823
599714129
597221229
548747090
576983096
575411913
544826697
613489308
577614671
600964973
578901296
619027183
578091507
583054603
570562437
579546057
603730390
610749613
577543550
647524843
611814856
584978605
613493611
584772490
571749766
537034781
579859887
609415002
541775952
534094969
550024864
583294735
545075864
573489123
568830205
545051430
578985683
614465011
607677059
608169653
580522118
609921066
576558661
615597062
576963766
610568067
569768192
512396773
577813591
616121518
574935680
546695620
618982933
582791029
588535266
547593656
622257419
586267845
580903552
586745821
547719800
621891963
617934196
580124205
586577512
580672204
583709178
587251020
616645145
585719620
549830220
556868083
588456344
580250656
584693920
583252642
551857987
546311314
585999067
583925911
546450234
584788253
583187000
552250846
579368854
647468401
577147906
622090333
590739393
584770930
585865820
585393087
549836039
551365682
584834885
583218657
616292630
581124286
583257510
612489779
616134881
549277568
581181442
584816631
547080317
551131316
649790299
613182047
586575765
579722125
581884270
547259283
615047839
588131711
611168746
585319458
578895294
586434989
582904017
619187572
593858047
618261734
587077612
582329715
558805362
585177758
580127003
596213995
580175875
619653607
624473255
579666121
593397974
620647782
581858896
549689609
580933811
583123087
583699530
586035904
584227783
580526722
559594942
580833413
543563170
568574203
574950276
575903830
568540501
578318518
538128008
580018857
577121386
567070779
607233939
532792176
568990114
568188883
540020330
545778104
576618792
609011313
613043245
568247684
537064310
608263261
579729634
576180450
619346629
640012232
570933373
573222308
570150772
614161102
583169663
611273509
630856118
549468295
583464803
573085338
536560290
608929526
577212505
578498385
574673791
543985311
548469132
574272518
576745244
566779958
580395934
615364768
574897758
509498479
608117106
582654894
543902813
581833909
580643536
544536361
579266027
567075425
488926474
583882295
618211702
579882924
620320115
546017962
592361689
548564268
580612100
515508358
618146866
551535269
580697204
580782560
617578915
579316755
586556866
578537395
586278933
584272176
580224382
618400082
581798841
555822888
581846356
579073828
551963954
548374974
584577754
547957036
586462157
585169098
579519572
583929711
579620109
585307485
574081107
622612760
616052653
547454675
626542255
585612767
580002803
549735595
584003513
582179925
550371076
583777084
584419994
582256780
587033487
580382790
548473240
580730309
547815325
586754638
582412187
618154968
580715950
551224294
616694164
645736350
580472999
581167786
585867045
554566874
585260479
553287992
584562454
601110822
549591986
555977432
620499128
584026691
593325082
549840971
594796223
583770341
585807771
557843136
583272241
554900491
546310137
526581639
619263141
583008045
589904177
548323714
585651083
586742503
582658232
559960734
582603922
596232889
580998028
576600343
570617191
572452225
611360373
599070577
645852200
574967723
544283848
575695711
566441027
576744139
599243074
529756281
572321276
602685208
541322976
611177983
574404315
612445820
534879635
609177287
614458827
544001517
580899793
605526494
574509998
566643412
578881691
540474200
577940364
611656821
544313600
580848523
582655083
579089723
571376062
533679060
606554601
578442727
574985627
602860307
576240061
587555302
540303001
611920248
571115060
577518495
616013715
574333956
547424177
543238508
575810381
578568130
579080067
579506957
574309735
581514402
576441017
585746952
561327553
568058663
550160027
621287146
552593660
553425481
616254902
585728273
519993736
584641483
583461202
583203224
553316801
585367435
622704037
562003985
583952539
552989558
579528797
587633018
552389518
548803957
615891902
615281385
584709929
547960710
649842115
617875134
582885720
621508507
585021317
584818397
551639275
551602289
618546462
589964354
586280827
545945939
588612943
584967076
619709013
595848525
554141986
652943101
591963798
583506299
589149350
620081251
547771501
552823660
584499603
587392227
553198487
613548429
586111471
580978761
554817428
621263987
615816789
585183346
550509003
583538543
517957853
586297264
652426967
547465265
587667066
580957084
627942234
586451261
626689783
592768199
581388556
557102441
584197528
589386602
589547924
586068909
625709996
551718488
593714353
624179319
583385718
626829478
586103762
657309797
624211294
583198546
597360324
623166689
581140952
588989129
580756296
561954999
555037455
606058044
573692702
570294846
579340875
573186391
585874553
610809704
615082601
582332309
537112987
582980792
573782780
565829509
547579317
616249159
622387611
584398145
549633181
585498337
571749827
584390622
622119230
584536930
590352265
616675546
583271579
503815917
581315865
576243792
583851916
555246445
548251077
384628480
405907208
387058440
428209633
396678853
432336779
395960505
384146976
430465928
409768075
426964301
395891198
433221033
384250588
434217538
410038675
401689608
404292446
418934384
429467756
406882122
434437809
409786304
399576624
410268812
382923072
427999727
430219264
407686591
407401241
429517703
434339789
430803008
404616716
403505487
422857016
420811585
494881668
530907896
512437161
559488746
573322347
582230094
590321273
587217681
617869104
582705633
583867378
585790554
581795848
621150234
585738838
580263698
602274805
548566235
552851722
620597494
581867679
517020808
582853684
550887758
581208269
585725080
618793356
614961802
616902873
615627417
585720486
594308240
547687553
552567388
579789983
615273698
588362114
613097537
583237886
546548224
616826033
583308032
582553820
618825300
556152069
550258943
580887537
620572783
586651483
621097383
618627425
512005278
582772170
615721467
547476149
583252338
613315995
620591788
582418677
617096507
583505867
578834922
580790155
616019595
581756394
583374593
613136035
586233702
584725012
583030875
583948588
553004765
605915763
586212547
586856777
551381537
586098276
563935113
580764156
620162369
518624494
588393278
593985842
547061999
585263068
617000146
587339445
560101327
582652353
625771192
579270474
584116165
621815756
583151838
589192627
586773948
595575492
551840316
565866969
537316846
566907475
581491411
534855747
616714486
540896511
613433835
607126872
533658093
575299261
570741954
563370544
575834146
638825445
615461696
581692903
577350787
586055513
563436931
617674573
546014844
580311274
614377211
540235904
576002661
603926222
613804859
572798776
612487285
613650229
548565327
645958453
549998369
570176767
579089530
600745102
575772131
579441761
535965741
605020948
580446049
548367954
569186460
605865685
611478447
578662486
582327653
574468100
542530157
543212590
576829812
576293566
611317171
577621148
542734146
571048455
584022747
566689836
545418336
579229167
603726324
582454967
549712031
614975967
587700283
618011533
546942323
650567217
577931484
617802060
584954549
615440985
616223453
614505167
584118567
581925447
615413347
587824021
585361801
584439956
587854860
615142379
551342661
616938135
478499360
427719146
431061156
404594153
408743091
427437986
427327051
409196096
405534313
385257900
429124636
427050525
440336635
405527975
409132914
403700336
400229310
388207935
427622544
410689306
403859920
409450337
435078497
405147950
437543515
406859515
413409363
381585724
412536023
406694295
381515358
431178186
405247894
408510500
404983918
405337654
387140444
405734725
430826268
427755573
405433090
431198183
404945622
385660651
404594638
432728049
427257995
427573233
385133080
404833731
432480397
404084771
431662131
425208459
450591664
431689248
403692004
431426082
427714805
389898766
408036734
403501044
409179240
389844538
408201542
414199078
404644638
438620794
405839200
435987803
437331516
431743385
412718122
403796104
419091265
405123739
386062018
388465641
404616944
416946124
428657282
408410759
435809775
404252121
414244786
428543953
441224507
404913003
409454706
384893756
405027824
423287689
404963723
391645748
428095561
404981369
439855839
405211524
408005156
395208000
421220625
422096556
372358967
390510860
372698552
399810435
423673630
400006376
426304202
401987987
424650768
421050346
372238573
386564941
417999654
399445964
392815710
420134792
400955325
375363536
429887885
380698373
382023656
401653672
424918492
429217925
393574984
376741967
403744649
403002653
410879617
402885853
361532431
379502437
374901440
404605068
376199765
398926747
403767407
377287961
402059894
426242849
408909840
405475896
403473828
408132294
358809049
431245190
405207573
393959043
384423461
415985799
401688871
426175958
405404609
402026507
371167994
426087955
402761788
429982199
403851458
395436437
427985544
394020567
401736669
379304276
401831775
384780266
379154816
406664281
402084563
397814802
406197495
401993883
381471677
380366166
430109814
379637348
378398396
401262602
400928655
398847485
440642959
608651486
551692621
535249395
616287507
553088531
582358350
552230613
580003078
587371115
578466369
586001554
548619154
614932569
616925500
612691953
622379016
586284074
584072087
586545950
553255933
583937277
584577844
581329255
585131575
614174264
515090468
587147063
614437200
585554526
584578263
584508994
620343810
546925068
614558457
546906508
617208666
580988554
584146951
540497618
586969730
587798965
615163910
561073082
592479451
589287256
588779854
589364738
551555148
583344013
589663109
587623422
616190982
619398380
586141918
580586704
551307623
546900780
586277344
586442125
583143433
583387895
582697868
619081066
580658275
615089812
584404876
580586848
654585941
580013975
584965530
583637319
591096593
623175016
579945832
591478420
583499104
591610061
622994901
581751690
593345248
550491300
591665956
618415674
615804272
600400069
619533877
621579867
597765657
580646773
587499565
623837305
547248432
595091647
615305260
562978360
586103614
566611142
572072378
566697373
542932554
565028664
581223621
539947228
617541943
574802496
566200031
577870316
601163684
565524283
575492579
507804887
543880793
575192213
556356757
618167311
602752059
543959175
548607899
583054440
615789700
608831182
576144921
541179242
576494807
610600654
613137666
584499814
579382395
582743254
585536586
583001323
539923568
568171641
540158023
578352458
613842066
572427491
613268775
552733997
543218938
574260826
500149117
580313024
647673970
611035921
549008273
606448897
613711413
579523026
546643867
580463156
581042239
609203289
572557846
547556736
564350709
583145398
622824210
550636330
590601005
549258602
555053974
621702458
616508839
588427798
619712336
556940872
585908094
619995451
551885275
548710995
582978086
585153456
581664853
589837386
585441085
549879724
655823926
548650148
583895441
616707613
618846782
553482384
619312637
553257742
583284769
587706469
583760798
562961940
618828467
587202119
576446933
559492701
634563892
552170188
592436053
621252440
593204041
590543038
585417107
549285542
589018375
548927452
620619593
549710986
620064609
620866217
584415997
590167545
618917735
583159825
620736078
615779203
585677755
588237440
614308099
523455411
619063922
584580649
581945304
587439737
589805115
614451751
592787282
583401179
590220217
617335614
590389083
594324662
652697422
588509707
556141213
586495261
628531000
581808764
598610221
558469278
586029632
595335348
585451419
590865510
555184161
585873211
621169196
457397345
415679156
406681557
434508637
387732613
404361351
454950464
394241480
424112931
405002440
371977237
414018423
396249193
404516613
406406036
376835097
385650906
409022732
406670468
426263120
424790023
384142093
419056727
424812146
395643477
401729922
430839492
406880441
386158898
430005130
407737953
430754457
409734572
380821620
350971607
406129186
384739428
410837047
430323353
406812584
412152622
408332569
382955255
407287213
394764157
385632127
407491197
378789699
409187798
408071325
423807974
428793833
624261430
586799435
581297354
613357697
569157548
584402238
618433833
573731559
608707782
614507348
625875415
577258444
573405075
609310377
554085591
554699052
577794911
618603560
590285312
584389028
582952032
586949927
615188337
612240807
601972727
524183984
522882870
527291010
616418363
572247399
575378139
584893954
549882772
548789250
550160828
616565306
550845714
585477536
583986705
553131583
590941470
613317972
584490644
614596550
584660777
583693000
583146089
584893952
582208522
549994151
580028346
583438351
616311425
581695060
604205212
585427065
617188371
583364688
547208025
555033732
546921830
525300393
581720709
590928678
582783628
577284984
542328066
623466867
587313407
585663182
555427165
589223091
548288117
629846471
544713587
551791434
586013244
583002556
583623186
616531697
582563900
584713766
579602381
581864106
646516766
550082533
584413929
645910872
585934692
580300002
549846228
581712703
579964202
616327658
613806604
621924783
616329346
583472297
583087296
586959836
557945506
584125461
577553115
584630564
562176118
591034810
581911436
594567302
555237432
592086175
627981380
580194759
556688956
583586356
619717236
558312255
613961274
600311825
550987654
584038606
591022768
546532998
591341149
548188699
573761606
566256186
604058487
620012882
563462597
584307731
608375106
512483945
611393361
563873356
580675318
600884681
565076660
575257101
572574792
576902358
574610514
545969660
610230147
567299516
577338012
546459881
614442853
581294010
574787423
611327421
600953138
550350312
605989236
577592295
577679127
612895027
583667666
552770426
610044474
606145517
531909327
578631735
542753607
609279075
605314326
646966798
550420992
574948493
572163156
537838613
575762994
614479460
572543558
550512233
574850091
611773316
579472086
609601686
580638997
612502960
573716699
634153261
412097039
442241447
399815893
428746480
404810824
413246496
405744990
385870204
381664178
404934977
414557007
405516619
408845544
407551291
404513186
409103778
427863263
390145231
405827165
386041529
403607832
382232300
432330623
404659398
386391368
382264111
428321547
431469261
427464185
408276159
404744061
382414282
386277551
404937540
386053386
404241479
404779764
545745902
547561367
546105690
614168028
581006627
586247396
581976862
582312368
584394617
615460313
585007168
571957914
558521161
619171992
617264741
654825054
584410357
583294401
584569197
579983528
623907081
580897277
588681592
617698633
615682556
584743383
618900805
581224579
616774807
581877514
584772196
586281438
613740856
582432970
580503231
649198754
579889406
578794243
586341287
614710270
549407367
585120323
577880826
550739308
586281734
550899434
584385104
550922948
615309510
593975109
623409126
581636803
594701493
583587521
588753318
553648497
579647783
556963205
580388766
593343309
584817877
584342124
616308510
580498442
586034636
619186940
580601974
597522524
615509633
576973639
534392397
539443159
570281127
568498877
544769169
575989963
611982513
576284054
602980056
607886179
532914007
566812939
533824759
606250181
574317489
613094181
514076993
544254285
610866117
602683864
512144889
582939688
577833071
615339660
571928298
608992457
574678573
541527963
574436892
580548790
579907225
584598007
546844358
584568319
537384237
607404845
604568765
577329998
579155713
566611818
582672435
545996424
577349746
539414695
569381665
546165885
580718605
579919419
543616908
578875588
606641004
577854010
612051618
581693551
578263268
610535976
574147878
564693063
569677414
579564476
586172352
581904522
587570472
617222306
579569033
550184746
548099677
550905691
614494389
553935853
550206129
580040765
585290456
582078227
584663210
545612803
616947895
618745518
581313233
553287722
547020174
622667038
587507797
612897028
552451730
580166914
582552779
584692697
614809177
551581422
550086596
592886020
579966174
521029807
575696178
623769409
549797836
582091963
597569045
591223573
582068787
622760926
618319370
619105642
583423905
580853183
590551926
547411369
617106883
547972031
584742117
556395836
581073263
585732528
515626716
552562748
517076641
584204888
549838016
580421297
583505513
581289522
615587773
583120251
615128801
584473486
615811631
563142105
583719555
586032092
583398542
588719471
598915724
546747990
588732893
616196552
625154806
594314223
548104381
590371659
585294466
621758418
588477951
580604165
559114281
587364079
551423756
589028879
614148906
592053368
580552378
597756046
593870979
568051222
608941505
604900621
600951500
574155204
609087579
575304685
538774599
578221111
604304838
572923049
635710195
605132369
575179312
545217778
577039832
578100846
511293153
574798310
566405172
577789339
613116514
581605560
581401960
572374665
573050111
535968095
543900333
542988136
644291983
644321414
619730243
614109629
550247083
569748928
606818534
572485128
579553434
582277789
566269216
612865640
580819886
609233762
547038647
568324015
581337348
579931501
576277080
574480234
509635031
607595927
543109837
578558886
614211222
611517168
613083136
568658902
528437594
574958188
620504901
519863386
619864065
584035075
552813076
583111948
587075566
582149814
550657736
621165616
551030710
549867701
584823804
553651278
621582261
614230506
583305582
582728897
551599659
582151681
618535338
551348284
581466838
586226459
583601615
617184226
552849936
549165227
586542092
647278222
589203021
593733303
583579284
588047387
581172056
620653713
586344092
553826961
619531582
591999333
590544903
516895625
589347277
553716853
615114112
584868617
580741706
586202394
590933870
580783756
589426259
548186524
586655381
551843515
615348993
583643561
550102945
582499242
615555562
584958105
620322680
583013557
551709835
547038370
586782612
617162025
586558064
624120144
584309049
589350335
620763112
620005713
593971039
583139045
598025866
585520806
592086249
629082399
582775254
554821572
586621455
588224466
560256895
583063558
557650034
584360282
589804818
588127660
614728150
589639560
615525694
598598622
588059558
572290501
579400091
601036909
580294096
576701432
581568094
613561677
547448839
583432787
574157350
611192961
538295359
565251521
584635338
584214797
584858475
619015077
583963077
615118444
574435332
583305750
623712773
618012568
589153392
578435964
607673273
580033991
544068402
618532198
587540068
650294799
545853736
582293918
619135615
578600358
573126623
547902459
584296055
580536614
610348369
584436435
586315197
543677442
581243070
603993302
550828708
620095864
545751216
580779154
580109722
548818880
580932960
615169137
588509098
613290353
609894174
592030120
506624964
526024793
556084550
604937236
649157480
583277389
621373524
543747887
583538563
545869567
583952300
581841292
551570373
585506877
550932966
581966952
580313794
592889301
583728519
614239081
583535168
548031826
618353897
616947388
547022293
587435105
549214452
616394491
583000649
612937481
583940854
580354316
619860316
584154579
579618412
590012636
578940446
581903100
570289594
590059550
582709699
582149564
582245915
588226384
581886012
547955052
549900627
584502132
552393831
550045772
581030443
551119999
584332959
513009864
618157057
577409466
600867971
584376258
552528757
549442430
615740002
584598910
580431903
585044346
581005521
579068413
553471781
581130398
618222962
588747720
615983159
584420657
588495168
590033920
550660305
627037258
618221072
588496886
558826317
612862641
592857918
583561599
590728929
595837167
579454495
525481023
584609254
554664001
590261838
550151264
585299201
617242109
556443420
592108224
582111369
560287703
582581375
548141052
567647173
576560949
575464694
602597557
577444931
572316345
547843119
508377229
539534194
605144313
537632346
534273485
562339029
574939198
571411977
576663607
576100531
577441181
641952857
599758961
612832356
614865015
579411876
580434966
570068938
605217232
574351787
509047821
576071541
544685934
577564024
578884288
545755069
583284082
604703007
543379610
566272453
576997079
611511548
599835803
576184049
615803137
544406271
605792010
535639263
609896078
544660795
615045149
576311166
610766920
575433597
543639975
546709086
578048081
578295072
574184085
570835189
459213324
593953243
611611184
620163641
614575160
586111748
586313146
519515199
589139087
582568099
590843265
582685528
622868163
550456669
593358947
551622553
583943241
623445110
584321345
620924519
619942164
586073917
619192305
623804514
614482478
587901490
584457652
551864482
621404031
583204312
556356477
616323511
588485324
585761883
557643398
590072467
581602483
543901973
592792975
553466217
620083710
585570941
617483369
587562030
620494988
518433580
518329842
552133824
550700776
519698528
616119924
585544311
622137156
583098108
619121275
582796847
620620682
586643195
583858282
619054670
616638394
583523926
552370893
579228069
582374210
581387824
585220068
620322022
613576619
585667808
554233162
589164277
581383819
621030125
617353660
555920340
558927252
582044120
592107320
586188766
592571402
587731742
582163054
601720298
586601325
589463094
553662794
552318155
587261248
580209326
555259320
590154005
549038177
631001646
551273804
558277001
566008816
582003550
505155651
639967734
580020561
545528723
583937351
547104972
578182628
545938467
610210011
508951881
566469371
558021394
554574821
550285836
618468226
619490132
584308121
572035610
552441433
586546835
584401349
656135110
580642088
549506959
571873774
582369346
578484223
550136066
558752238
546506043
547819001
582729456
611132311
512546305
536107938
617061063
619802371
609559568
583712048
622584697
585783361
574933126
572534733
592652440
548472557
618826821
613504495
582858969
544220738
616018722
619534146
623259150
547360920
577715861
568867053
559679235
552801773
560889725
587544896
563554374
590484480
590156272
581298268
552823227
582587243
624440505
548654764
590018230
584090710
615870699
620048879
618101655
583918364
587002123
613027362
621134578
651433986
547514682
551638171
617906360
590308563
587154329
618138556
585620534
582672995
586493784
582706010
588267708
586808968
581175777
552313661
582345138
557392099
584675688
585038967
582415779
624525377
586797957
586295833
619655134
586580123
549972774
585378483
