990213207871
1018696010220
1074942920149
959024957430
948012468867
896507962566
760991623341
705858337632
661637162555
565129995977
944965729992
922891354869
565775567148
542307276085
612373538644
1041848720634
1061077574208
1263840604244
1018067111384
670679301088
1006559547722
581249440689
575276044429
1068330624015
1174715365322
1039662147046
663415977701
860697879269
976495503017
1081385601630
787686515834
724307346575
1013772666664
1058847806765
1118961379396
1092258773790
1127002905178
1105066474304
1002806956169
920392338550
949981997655
1247108942524
777637108977
832507914491
1200762148327
959704858651
919465574918
1017833980858
960979561907
886236856028
852588821836
901709835123
868614012332
907408879352
903138062883
913184785783
795799998502
1126150408686
915728152455
881729975957
891834958849
1095722374560
1121824828373
999512649459
1028605508080
1476923793251
618216948961
587692906774
1116213639032
1224088146133
792182950062
622480446311
605027967318
1168265803255
724282632077
1022113651504
882824901479
637146193759
735687327075
764373733292
725442859466
1096983054321
569798792222
897535323540
1081047301339
1117093560031
1049574305580
1091040686296
1101725382715
1115032771686
1111960119815
1088915043543
707325470915
1039626064712
673307489591
658258817788
1003343501154
988434914626
987886106924
1185422004913
920792449818
594312135105
746999285549
580072949655
1047811440676
1120582224879
1176063578099
1068584363525
855489464990
839865004847
962798433232
910554418948
755731134554
768113582400
958266235078
754232332220
734260036373
959621565454
941610270084
1032295619153
829244911015
1037932270267
1049029064728
1033667528212
1085587129264
1012293268368
865623450168
649434342012
859888979508
545977706847
985999423235
646840719193
906330251986
1094538013856
1080871617715
1072334309703
925217134713
950948117237
1113995551361
686242275151
932329137122
1061281146055
1039194855388
982409601642
1106375306457
1140397170786
633411477148
712311604762
791899200863
565442401918
584827859341
841230239755
956936170924
932692264971
746192620334
642102765193
684158116274
640922370868
863022716894
947780536172
1095645412135
1081790471170
1116959810015
582699805334
1058104699588
1045897284825
1067050754699
1041121029211
1038793285330
912775204239
852175455902
905743961312
1009669447345
811072761977
550576940752
726920113184
1024847176521
1147238746348
1110105343260
729444157379
575406848376
579828601960
557707631389
577790601201
550004064480
578955816316
594295585732
563849446652
615260051548
590591695157
1596454334869
812412161874
998183286665
1083258075504
1057036620954
1010904564023
1045897475499
922371561589
928404000037
927655442917
921730548780
923942798352
821862919043
575261734179
559992187527
562885700552
576765621939
568607779407
954598480567
1123081286041
958191115314
869462783722
944383344785
945904011047
932545459429
935376649306
904931476791
927991282008
986651731224
2061410735245
943357655585
955624340570
931147555044
924998034123
954709150521
940525756487
923862223498
1694477812352
1008963418229
1033378610190
974653574591
1002489190663
979679484008
620711736957
939628984877
1071181015874
1019206676173
766030781036
634927882949
958308709751
959686447561
631342267055
934162860514
992256695769
893459193894
709279392439
721031249129
651019179499
996336526034
810983246511
572323053530
833956184118
1004073808355
1212159381106
963422004843
598341920008
519156070304
815521661199
922134523749
675002589988
523949059306
900205376865
684091415132
515495486299
580619478992
554542121009
799762322633
895538282006
531327116721
556250837710
500378934598
1109298945786
733036987504
611132869943
714650857399
848749818440
632108963194
929316214272
550950370231
513103750587
527255410134
874596413668
935366320005
949565643072
936294508359
934091299977
923055724964
972427093523
863245074387
836129990358
853590415197
662168112436
1116966812989
952943876980
951366262511
925948701141
927666313132
925453446452
911486428737
934271683366
915141823668
936374133248
915286134771
942439048137
819362402264
657580328064
822535854089
521411893258
532001441567
738384234010
1019604238627
877603056621
667844536876
932180059004
1121220297950
1646779336614
1626239291699
1444959394522
497003320713
716514284039
508492257687
527678504536
515590525532
827708621074
848243210029
898705383440
844635557686
938071594363
899362152682
971284372816
915557954697
1051548398802
1153395594197
1090433126859
1097242145896
1119198303936
1100896586695
1154741481453
1027731955352
745580401885
533807368165
800566291366
1010919085722
1043393085870
1036561299980
1072026295596
1048620623076
1023655130825
767990431525
1052030249422
1292937297627
1173334725125
1030428321305
930068529391
925060811048
916990470831
931786780787
1014625034865
646411165015
579994627284
960012095407
721688722976
1118769914255
1207349863607
945163956339
930246241106
736147759509
908690768060
867437588785
852181042612
847876730517
862258729349
855603125852
826635923644
857978423124
613572476690
713891517181
1022474198589
983554810685
958812214988
888612039715
884748608894
1071595713261
1153554874466
913263871956
655624922201
603219498948
836237820592
894675007189
757792243766
501448182152
499573148957
500891882295
487760639308
495234701187
531465754843
602521802882
828847820662
660716777410
881991280238
817429727783
856381367647
681925247450
705564579516
886874137094
849116871682
861944288080
626172699421
930058964779
767270579012
837852343752
854967177659
866782277476
853683766781
1006584607674
947978215810
893401461155
909036349371
797058880881
865331424274
853335860377
856860450651
907085644659
948081578077
918699480994
919216106415
958846788616
626913875096
847629921607
703946185414
827017722862
846462452734
1332646188104
838035669867
515159513619
517825777203
518695929779
845475178367
901024706472
927271091799
977551408836
1017699819825
1045943248693
976753896764
882063247456
900804957028
864136837594
961715666470
1464820353979
1156997462948
1085337691152
660022514144
1024080285754
1020147812637
1027050847143
1001295901064
1016090855409
998686296238
1049694340262
1001025163217
1015678126951
1016632133073
1048705641205
1033547923278
1063148413951
994183270318
928564340160
951484112174
1023357685973
570290111052
564671575792
580174914147
581894684827
592926784429
565220688762
574697417085
587869467647
586405901511
548510817906
675314840308
1148976504668
1053219091216
1061687321271
1197887099947
1205092136958
1276581051312
956823598609
1335247263076
648133609549
557860523861
747288098461
1016422428687
1050279353324
1042082371669
1053035978435
1109045020930
1075783205839
1103099575769
1064785884511
1056806282883
1101424277573
852543926462
872717774462
630452017232
491316101338
539974099001
906720823248
1110989299926
631063745066
850373003148
1104963424426
1094659312694
1100686186810
1091666479013
1002237828411
902192100782
748699977992
933800304322
937672165240
954543249583
925355919238
934336736039
925482706352
886392084057
992763592100
955648000093
1055538260213
1104995677325
1109680549882
1503555975406
1158470291415
1720940140470
1678618683864
1684032721211
873648646522
1242848428869
974204377664
915120764939
1068059814938
780605001539
984164294796
1115745619801
1174050772167
1166543261629
1060573792121
1014275889125
605143388166
521098624133
496123183127
522668358588
741717363079
955155124525
932999971201
922974660014
922572066077
938341648233
923393059724
609744989250
1020370940179
683259936232
576158133320
1107560762180
971034265178
955387273571
986944043378
1027436301849
1010864926304
1005591043525
1036009427575
992276089613
999493262576
1056387756990
1020642985609
1056198113429
1032668383329
834962643364
806126576336
520825811954
515685707882
638060500834
711249291363
610335961222
1161002911233
1253004755700
1258169690938
1177173841640
1138243917231
637389510220
884363211524
885570444373
1006154265167
1004394614553
936711389725
552075608817
542500860723
873766599051
607625457030
650121690262
947515293197
920740020174
760470108805
535210006436
516847943422
703357304099
910392814473
905653963622
1520526214795
1691422114750
1770481413778
1155712978168
843552080489
519619051579
520621964861
538673534823
836135705688
604028649037
1029789985873
1051909305285
847592051671
1060560011210
1074055487339
847866469128
516955270720
697271751108
921639637197
920298267886
896625486592
916983811722
953729423807
925394644836
932319826195
923198418277
907251409274
825200878647
885550003356
1187383787312
1146199345378
1110435558535
1054531221864
899937359274
566904567393
739777832355
1061970718119
1014725347457
862673179773
905292647779
1031853303338
1027156027103
1045756013395
708748626115
895534182072
1213092701687
1059648196628
764932307684
1107723897703
975286169032
935076765374
674676762201
813367279655
923156804988
1019876040524
1827162190506
2140624600944
1047547872461
1049697911855
1129087815975
1106779063584
1058379793300
857950842213
769491689663
956075814015
716176347415
665882525550
907266975382
886751264616
732011180531
670827850121
863517456693
994644748840
993756210182
954474635240
938354468739
940773159448
947111685099
936989072282
1111978785488
1118807098375
584889242876
508747386913
946522555544
913510132560
1120584779558
1091587578151
1077896236568
1155146403657
1122510329003
1111742144093
1139414747502
1086791918527
1107190814738
1107198983118
1130516146690
888062876809
613091389180
580325225374
563394596074
599767297862
1171934623020
614293652979
1039377698012
942726888602
889449389733
863371087809
831299358246
836254023232
864165805603
724872288371
530017818421
569096423638
919199958213
937050984446
926604542670
936375559294
726679335344
858598688895
880296372180
861048979645
976147212356
1002530578576
907682369770
891969879249
921795952700
694172908213
883383762460
870979863818
907856420932
995658126176
868994744662
882280255533
869421526234
995012986868
1086757035099
1113306514974
1201286404514
1048708978970
822421842233
980474166862
742678821636
552676693748
580106520202
553453596696
806059519622
869977060479
877808952287
845532730079
674947071670
504742838300
512166631355
671927875020
889454939871
850128119345
545892955930
556132974624
534315100207
559659607525
743129568183
1054071250266
831891383703
575478889682
993528880767
997169580197
915365636764
869378927203
850865207264
931237222127
1066249146292
574100966667
595213037987
707793393162
580622921947
1006099080062
587201159336
595638096878
568636604560
638948492685
1179571127251
1200467901432
1199024415341
923313977510
895886463583
1195972691404
899180554313
811763411982
873801732005
880477575402
1160023208494
1208452206131
1201820422717
1072365898491
912367524024
1128967266198
1206013626300
1001332868126
932166764748
941569369239
824988071108
874684580153
571936967284
574734536900
730689566110
868862528212
980514841666
976344491432
918571273245
902043524277
930236166523
982666684023
967867985575
1007895171970
899427696617
788784699822
801741944510
529336076842
507877994177
594495483533
518162455452
1063994312840
804772318310
953202725665
1044106213543
860788642196
915323281015
952953462020
803881139524
532770785608
661315735948
586819283141
614464912391
1096926658959
1093633769448
1051250011045
991358085331
942216820880
1014056059799
843110999510
793836524400
551166682113
981649021694
1000481268496
930641555543
1050203840111
1043774682922
1060941674641
1033085083955
884346852352
561680416667
1511022561743
1372044526197
817399370264
856312283348
849646433151
930796293506
1527272869000
749803477115
1020894427482
858945465656
865247612701
883456511526
867379310641
879961033879
841053522307
866285660673
908578125791
975025608357
932591023662
932386724203
924561479551
643887500105
518132212771
506272893523
673768861704
899249202630
819503904842
844156799763
674582448772
529415515543
670957765422
677080320798
740660527039
818782654512
915634711450
1147191046854
931836093270
551922081247
534452094512
550871642515
532187954577
542514320005
544066704371
847688116378
965476145800
947570404629
973659877589
979926846813
1054821354333
1042814887538
738735682294
971972680802
1116701083131
1093540938744
1216643379560
1212377004741
1133583986303
1103412906028
1070022555510
1096378141122
1080095986261
1082770970363
1100240545124
1112139984850
834304810947
1056466392212
864299543918
1079057715006
850229353628
861315072896
745752461500
876221246876
849540183055
514481465372
528665848008
654445171158
769398455519
953388294838
978728389789
943466498753
968424307016
917097285584
851704627402
834288129059
832648834763
904660244946
595342425045
622988839930
949806190434
1072788633016
1137365309803
961166097677
1123613806336
984287217844
804575560199
720803517335
853463055602
874186675703
868187349551
695360147612
530155056179
774069785606
878979194801
912255118414
941541380099
919021849159
921162220750
953320644052
939970006632
928668703212
1696242729221
1723589464203
1347508633049
872632395549
889789946475
795778521051
518977399031
502857801617
516377489472
814627725686
853039478535
899374562793
876837938831
890488404437
845377909609
992590591392
947627668178
966969106324
915897026484
937440797800
952618509709
918280523000
885010481348
954626074301
923268522920
911876619383
977226183418
824126568343
774399017241
612480615478
619831134673
929677559155
926724296499
910576200583
1013794209029
883197696027
1014589791333
1029586798265
1047368935750
1156203141453
1133492502254
1154559347857
1084602181651
1044250916744
1068966531515
1047363106642
1107110664696
564391404705
573229984675
565773906069
875759214107
1001903686607
1028257928959
1044039536511
1060285565155
584322654748
962460897445
902109429295
1121827755462
1160235117978
1108715301525
1127413259867
1091401417336
1108411505142
1108158181536
1137237942146
1155071972944
1125547737666
568575033413
599473099013
981173769902
1008812937042
1016258633038
995212966900
725803149690
577916156494
564363913284
979757321948
1020196689291
993667103010
1212052000141
1119508202304
906780976383
583313594177
712423710097
1266032277438
1202374451154
917305335372
1031309788797
888839964123
1144807954578
984285397441
889947966585
908373321119
920276973864
916850360591
882195536299
838439976310
745396695677
803593403202
929560221096
911780397421
950553034893
954012453296
609254654726
662336070865
944140500678
795380325335
655017425929
805211021576
922774187285
687108654549
608430907563
612052788300
509962366089
825139469806
936117296204
947241095394
886141248121
853291396008
722359381731
1008180892329
1076408496057
1058499037430
937255617430
770673337459
1055539329263
1007253929994
543387435216
547299335977
540427011646
977701009175
975649888496
956540947893
951384885544
957787292609
962195250634
824039801181
957989563505
807445480971
781116993850
770155135485
945268100250
844463590476
809644400272
517889624537
686238075483
998038451695
988496136183
998526495711
984144987608
784814362486
934770761095
937945163681
922712227712
959110020872
994552092604
1005538746788
952761160889
977826673180
982486022978
867958108806
597683142635
684992143650
931744220619
1024970337483
993708956639
864211455200
550657757092
925713038871
1009346956451
1007463582372
1005749490038
670916296335
538626644851
783701014942
813658149579
972406315561
1001779815986
976507727938
982688048106
850935521998
518963569045
532508093651
858913825027
831838258617
894698741588
829018827664
521602422997
520046948796
524475050936
508370355906
984394754910
1025508720559
1007292045995
979623372516
970325026075
956616637621
794290817059
947956973177
938848687350
966341206626
852015760889
1301006233778
1142692259486
1107451141895
933865450305
747328323203
1466656726883
868549911431
974046356824
1524681010086
1667518436715
1177485992215
974652407895
759813918539
944568351897
748272441594
806976980656
852999049002
973517405878
835777251109
677949253988
973502248441
945547796299
935038766867
972655031935
980959719896
989904406503
854779390356
954880417369
927972301039
927998549179
921982916167
890769779698
919233687175
935880668761
933633657922
881164403716
910819063170
955767503940
981872301982
955680321835
961605285782
939709054553
936885142599
593768228864
545644715237
745509402272
938436138329
969223186589
943069568874
969743109315
927197772478
730331787094
977169120897
974395654891
1004815215316
1022630106819
983859920907
954262220447
720392939127
892691630849
859557347874
760232817012
975736053603
986395185222
751833899312
1153590905336
1122503822574
1003454064844
1134367753487
1105209007809
1106471970981
1153500125437
825523994084
1125361503276
1132480907345
840260162396
1125705941466
1163972776099
1207221077709
1110322552595
1087677238665
1104717641784
1069022053466
1118408574022
1132920399030
1109635901492
1100140217207
1140730563933
1144363310300
1140539579890
934602441980
773126257793
1103830839519
1103970146757
1132626399252
1166998461077
1169664162393
1168448970350
1195818675105
807387951198
915849143174
556555240242
582511642128
577599882438
701810679965
1200112223249
777688627051
607424858352
1017772487142
1092644140467
1119856763050
1049964862118
1069382050719
977348589482
741582726488
993582965967
1031580824634
912797313738
762747511220
898325263886
793613895746
933103522791
998353213960
690189880931
676965840322
669434011100
732942808563
683722968523
654239894924
672969132054
971887807105
1146618752471
1069252251946
984298287623
971405759766
1069262570852
1085068168899
1102032636872
792234878923
622817368873
1053921767281
914639379774
1173343510928
1186267928019
1195953874768
1171148875075
1160801037655
1146870867509
1112734846629
1119331354925
1127127248899
1132052262441
1117590205490
1104657659833
1068691397963
1079834751496
1108903551579
1136266095985
1126304182698
1117303364024
1025579003373
851561462377
848580366435
1076202669418
1087530064580
1045852714699
564067682549
575601378695
567757958707
896480653003
1039506748036
1100210003541
1098806924436
1113514990549
1130559922066
700176103627
1055761914480
1060809461105
1187897334483
1120020984103
1081588541929
1097288480942
1091841104870
1072437451590
1069371335227
1067928008040
1065221009955
955010458195
582957555694
571404175739
1029406647813
1110297289054
1086150032735
1119847278024
573397188560
740170287228
1095277384890
1153141103965
1116797455946
1202412888735
1146971214339
1106826139713
970123770674
976117911106
843410144101
627581331431
633366615711
712027278407
1175212369626
640619436410
622068228933
1268878611281
1815818523550
1609175965988
1078911140976
1099570917283
1080217631579
1086583526537
1135587724842
1133169005634
1081692788640
1057410015071
1146526723506
1119005412782
1114767741700
1108332878624
580231399982
605625008333
570664631436
554790081122
975859172451
1027067604626
1113927622052
920626287558
1050144840458
1082116423763
1063327701472
1064880281627
1192856891622
1125761636094
1153472390338
1128764187678
1169284545510
1185276902664
1107908723992
1114135373682
1013530329212
1168954307308
1165404070492
1159872111588
1115059512246
1073131137001
1048427416569
1049582699085
1126390602511
1098364309558
1065177592489
1072879010929
1076585030586
982676675245
1021448500311
1105642409968
959847260876
1002911440952
1052049694033
959570391332
990543720159
954042356246
986866630970
976053765159
997239044198
1026341099687
1015922969617
1021459565010
1050974326026
1038810130386
1023974932976
725720913656
550006977619
545177008825
805226452678
966079422640
973133794375
648798920577
523767093157
589254687212
540693717460
755364422090
949456797070
937102157442
876479559484
1017099123418
953790303376
686310175902
980711786958
691855492108
1007210268823
1052763670236
921923409264
765333224463
1197351758084
952070274685
1100367938716
1132246150188
973973102962
595024455061
587493489403
850440009448
1062857095877
832820596018
939758630347
944265952985
886513266034
1197044298993
690004210470
894722915207
1021496871580
977646467738
927000072765
1113040171640
1130513589091
1539037532779
997366090263
1140300642596
992214251979
1114326347177
1030781033993
1041254696371
760681804150
754215334899
529030412657
792408423275
959932534638
655651078310
513390802598
535016788485
844681989695
1055727512898
811978071252
961485485153
969295956572
959495040886
882049840355
933986886095
809635581784
961266383164
964292693744
979590453964
814687528359
732191590212
999531064362
980353182772
660356680321
551295448652
535830088992
546491965783
1012538657930
987541718053
1004064061126
996009433467
989873721268
963658598958
983944446805
986463537312
1147020054876
1156223532257
1112826710465
1103407248937
1162720367035
1135650759713
1085755219595
1100221217859
1071752339593
1088888230672
1057060652294
1140330143905
1192000708884
887995966356
1155705836960
1136724211585
1152581154800
805072579321
671881244975
641522124318
669771984594
1048120433644
1111154730258
1141447223106
1161260482584
1102292818218
1118542631656
1115192747610
1150207602256
1137556890990
1083492435885
1036375548940
1059849435297
1027546387054
949195283063
863678682977
1003217991227
994411609238
988630504230
803135994481
1225584926993
817517170867
613237300928
596622543539
859536613363
561148367368
763756202403
1092953860278
942285638273
619392562341
1050253271394
1074192250697
1036634762526
1126235103324
1100380382711
1123132246403
1104833986288
1101291773385
1124009900252
1126067241620
952631905836
1126615662540
1114160764246
1166498811660
1120545625217
1102280021055
1136775788978
736611825395
1100632388108
1118041601741
1125544147183
800902052713
582794223786
960201987698
1083630874454
1121303109426
1073210277329
1128302255509
1105670027021
1123231101972
1112278358868
1112963770339
1146932781050
1080530058390
1092984993467
1135056534252
1102640236576
1079419290896
1032599316732
997538602145
1016522936162
1025204506005
989134484865
1002963161978
1034801859334
1032073600957
1043980467489
1043093284715
1000452206249
791231444520
740736765930
800573889657
806111092250
1036852472321
945992721143
933700007238
923259798338
938829180626
2524403445875
2135095905726
1098663870721
851799214801
1006587984935
992335751661
1025013634356
997153323779
1143410576053
1109593391000
1123195611264
1111616728621
1058182210069
658959915391
1085340697493
1202251387397
1181559414903
1147468827571
841186960892
660853707996
892494654117
1179851625223
1182659709538
1221485291529
995802506597
982904589966
1183920520587
802704139216
902618140386
954784544724
986216108226
750910738706
1166433349943
838065982985
671302097590
1115245826199
1127485712827
1101616425841
1090625914439
1073199203727
1038230999038
766455923542
804849581406
1049031399555
828412274252
651865249537
718111650951
896325789169
718430804575
607251996664
748168751970
1116087696863
1118533344766
1080397910572
1113751804313
1072120503136
1083074169255
1091042367693
1104488034611
1119392168444
1184260959406
926979455216
914236546339
1863825929737
1749885812637
3519343313062
3008532938747
3283130681147
2384062237068
1110325950587
1137404739469
1103355974140
1113865124752
1130486418897
1128081383541
1173535911450
1214726798071
1074604423153
1134336738051
1128268813067
1129019276789
1092191666037
1095498612942
1055739085672
1057828531849
1112710115273
1086318985857
1146962451867
1073161866758
1116455450288
1034486149783
1031461572974
997819030661
1029165123836
1018413846083
971438625242
977822677542
980264390119
1011646014699
1039534718151
1052216708236
1028847253861
1199473296982
1154535965521
1152297781009
1138212654579
1128341924885
1156214135078
1133448367769
1140255696505
1103303845367
1134085180022
1112368165265
980824171445
973842482310
844289328493
1077921992721
890039263116
900627677940
961730342898
913772762251
910380784532
651206605666
582895698008
912805251878
851099868908
694716308060
955665724867
989808453031
942203339197
858788569062
901410069205
807808018922
1015711490980
967112058361
984450991611
947472524408
962959446984
953713541438
984713636356
973738378340
986433142976
948699542741
614143147655
1024602705741
840276218074
531355223636
521880108636
729110721795
799905000274
528632734036
565230988720
975500784405
935530959506
975981455610
941416043927
987538944077
978323569761
965200997427
1038426482943
804250135031
890171554725
808127928542
656432882783
531076974306
529721670282
517538555130
532566847270
526644674799
974910147915
972737275881
990562816818
1003708375689
1074773245339
1014321158727
1012127434302
974343413746
974972210985
951063579265
966461909825
945268917636
525488236462
548682568620
618620074918
517470716282
567048222199
1003472505938
985852122010
680962101404
897666280928
934222342393
966422426675
947057987919
887906175747
901334337119
914352758625
916029180884
987778487810
986484150373
964011036900
965729730483
770286285383
999070929552
1013621617868
968321131038
982639762369
970111851206
1000855962784
1000780503037
787354525927
849594661613
837085235714
899471778895
949535570386
905042198417
717131699113
976140390659
943724458521
959251505312
953786256843
976146877864
973106999880
968462721103
968949344212
969738936060
994164348072
971835336471
958975662470
513179648567
496951617852
757911765491
907107167494
905696313978
935274118826
944424367079
915427771482
872636777275
901177043129
910831458679
845758615128
865101037895
788348631187
886183812883
919330109426
932570814577
886489088347
807544197400
876849544045
847332294578
919994648507
913427385960
922950947303
814828848251
971796539547
978203509222
955697070586
1004758481125
981353408286
1006089299068
981979483177
993341087873
990964465717
1033100395734
974926079864
661209554694
510694856678
542938090868
541582398071
520059899719
535010779901
919326961663
1098874099541
718371682970
1076180801587
939767756959
952653244996
960640386471
1050613910069
1030131682976
802657360265
621233413866
609887472833
962552016761
670501960183
828299762233
591032427593
536110823227
1056816603265
1083433681892
1041631164829
1048965149842
705938066349
609333419391
603797840229
631799637289
635019042839
637410737594
630083074459
886459885941
1032335058706
738196788329
971401287420
978780288403
1033037105914
1073360321406
1041600596743
1032082703670
884993081240
677119170770
623439902471
944681746870
765580266802
847033178484
917890273804
930009470687
864525285946
970809982104
933790050138
970263781068
1026977854714
1039451311307
999005725646
911703582159
580827640962
601113251024
902578477472
749039506091
918269463515
987768825741
925966362764
845029053927
511199191746
533463186769
513429679083
508007866231
509266681827
873064227212
749896646034
918747024139
886259228873
872572968076
892321829257
903394296792
1048974451987
1051084898236
1128228303824
1023298134817
1094501333560
1190970852218
1277372746683
1229373029347
1195957198296
611066085705
624498865756
1027292642655
1144358288146
1056384594323
1015819230307
1011236677943
1058532837124
1047794423855
1022941731891
604391169682
591951514025
1076846388711
1094600928886
1172526655219
1058049469227
885727488826
902186284600
975947288050
974046084059
985241652755
949486904961
948447993359
979776248164
969285462272
825055877620
922664770282
957494517306
954267599988
944011576811
529763130544
527670357628
609260365117
536392229832
601788000481
730043792048
891307688377
765376492539
528185813132
904820800071
968836710805
997205881911
974641794943
661311496456
992244931563
1054075988736
1007266029632
1026625521330
987373384237
990720158291
707410707608
915707478777
978522495617
1021696240287
1014552755539
1005822292872
1007505343693
1004705906789
980869373936
1026111324456
1038085076002
907646415583
999724536168
1054859646273
608562727592
663663637494
957014035355
660133139655
956985160149
1001189457506
980319313207
987652484818
1007237985353
909384455041
935963276971
996418413059
1045453323133
1010852176809
1044558978531
983100258975
1030574638703
1008834158026
961291866082
961182672186
937373593265
964930064792
971982992734
969257686845
972393192902
931056250359
1076352502303
1147035079777
1206015866219
1175892700103
1173813525245
829448455241
935872887202
870698511948
871108851264
1072434372441
1095933704536
950331120704
1176865865976
1122514491757
1172103512117
1061360721284
1073595349763
926401142487
939558788738
585817701131
1101947404613
587060126502
1040435628295
1136155986226
1152206940520
1033629300815
1034921833639
1017797549012
1037358523776
1044765835733
1077105853137
1031821876347
989188799837
1015781173071
1062388840069
1029537364048
639884634378
1045322885989
1009434017569
824317630335
820175025365
653861393131
571498998492
986635951561
1065327971748
1062596856548
1081657786236
1099477071171
1101464267045
1058143539298
1043034305441
1029250979670
1011432124176
572217072642
671480095627
573893977006
562385366866
556458070800
565322787090
570159243866
719669536780
1005901123644
1024171548834
1014553364215
1034763264904
1051541532166
1035727647190
1016390090310
1116390201455
1101481768337
1128423634209
1111295207739
1097468858933
1073237797637
1040506105716
1049222483235
674931717133
560317019155
1008777402813
1057395461202
1073229512451
1048553379154
1086370675575
1136419138100
1189208304202
1147940958743
1044274473054
956880881025
1001779789169
1037278887158
1017819419045
979969192225
1017555452876
1001771050499
996522173952
1028536840011
1034101631096
990647403118
996807009054
1048749953287
1022867686208
1077355964105
1139161871524
1156067365654
1189060182815
1215402976016
980379961413
651957140347
764720760808
859738047563
965296622124
1018672324372
897156329818
637076693332
757525216077
599370540475
818203803553
870058556951
943770056715
872312913638
882926785241
969449820959
782420734775
942801093744
974390175795
966215873111
1033296600398
1026761790955
829165615321
928327039145
633393180446
588505206052
615258647503
588125422420
888070986194
761553481712
808691989955
800496582459
860163282929
916420520701
902810373369
889882302221
901554589134
889853368063
913296488781
955757739306
921105834463
890759615458
770825535480
523887137714
868558293255
872111562600
900535291694
909720066559
871100318300
578266351789
884543648838
903524275875
908929933405
914675458287
896384840172
893900093662
890341484663
881319582283
925978574309
940245857557
923478601224
931407906978
935400214964
857791734676
502291450740
701194898372
875208585599
874770371231
893751839722
913998134948
901411899260
904376554856
914572060023
940115417197
1012254588769
997587102573
1004344003091
969943010025
933711841676
890644063357
911228551024
905278968617
768143711416
695085189417
525448161335
833735172399
901109896540
908380134935
972697028446
970151495601
691943947473
640486123943
1025470703739
1056539977734
986383025955
944237048278
544559054735
724409529142
960097370171
930535859989
904944286031
903614464529
655955052282
585117710150
1019108554383
666816838000
543412044092
920866115835
982209717744
884219929564
999400347183
996725449503
592661150076
523391094211
520033432427
534927520689
860689747668
1150933163400
1059230853223
1195094361645
727485852454
878188085035
972133779104
1069660793562
1029118022349
961720270841
1169917950514
876449322174
1144327090099
692017763149
737486396405
1012608614747
1055632331949
688896192489
1074960099948
1153141897788
847851042561
922695018581
1010647403457
594442634111
586886612007
593696303617
838954436819
1144177220355
658386790785
1061159747760
1013039371832
1004907371688
1043946158905
1024751361652
692003509782
729236803802
1030394302696
1006071806767
1043289638261
1044221837590
1158345078654
1176614047255
1161694091163
1150248589645
1136831907926
1146974489060
1121753372011
1132816895473
1063492170221
574161298287
601169780373
587522089200
1030244983131
1120503271041
1094998761442
1100683026311
1090414758107
1144369801671
1141051337472
1155201802569
1147208027497
1145020381496
1174453780520
917189828552
780596277228
999068907476
1019852753231
1000885321116
1066561476233
1027135549341
666101821088
874210956998
1126266701926
1128247705630
1022149059499
574440910854
870750580890
1026211665667
1005994523283
1007536568027
1032918424132
988723952388
1034266937344
955649790118
970646932725
983782436831
1015895455732
1005027318852
865377153263
974926903985
689745824592
671967292798
672338873400
660467506857
991552302221
854899405248
678174010461
650246189868
670624746772
689141655957
667839461084
699588808972
751457305481
1211033986012
1223958035975
1263791158583
944768858300
813423053541
867369727049
1078157256521
1165167937124
1241155769033
1187839070876
1200267967169
1159248813774
1191000982491
1062827300878
1131846688645
1044843340938
1028407865263
1071480777729
1090408694328
1062182746448
1185946581118
1187533730760
1219161230492
1154663372939
1085297687679
1135011079033
747841544187
641354895208
646027731299
1068130147745
1142007274784
1117580749256
1083708944839
1076658859305
1112779593466
1137067079906
1119988115248
1134384353668
1121355085450
1129529340722
1158428445047
1211289807401
1245486056170
1184519193065
1157494634995
1122342593122
1126502341220
1138679047700
1091570919143
1162844903207
1110277928561
1120664990615
1146961803221
1141590329103
1093325644549
1078882040035
1064331917771
810943909890
548666263092
1169935660923
1032640158193
1013249493348
1019207279498
982569514383
1063036116949
1097502947773
703984923796
577984305768
586670741019
589003894443
593989760165
1081594871588
1096736326863
1083653997925
1076446261127
1068041453178
1077474364718
750019130694
739453182565
1070102162671
1070236115022
1063277975830
1040337549549
1056617729855
1085419073988
1124104224882
1097213246056
1092160435297
970835007491
1091558335401
1080104880866
1106270240881
1154890870853
1174414511048
756312670963
568235753567
577408878980
560835609978
695119284329
728798062775
987843003553
840238189263
1047808299141
950237105126
701825249848
582038866696
859431885320
888968910024
769773511298
498856164382
766286707350
890985150547
902574203019
909737664398
924107827042
889912143906
911731498199
815417427683
696063377112
891065848252
871975062715
966154868207
974212185886
1001618761453
1011743750058
1033968780412
1055616309653
1057832197991
1063136650973
1067142519376
781913158719
790252668314
1063994364200
1163215348925
1140203532851
1141397574137
1099141815799
966455185329
1101142193052
1127497377711
1111072335288
874757818348
590246959709
589040733068
580720622851
592688683560
900994173841
1001631734090
1021766376595
1069547715294
1108749242837
1105021191344
1137618745260
1074156620362
1066457265288
1056575897040
1092641729016
1120430896293
1119677701214
1002688834709
1034433066841
1010625889660
991234999998
945412052769
1003266980050
667903168581
526485258967
993657190209
1034855106321
1057687085852
1007378840433
973032747043
951367199923
979964148499
976340870814
985484325584
907925628331
899574577651
930313908530
950014851929
967940229157
1015442517238
707158287911
950574257644
1001145726838
1029148716423
1028971734960
1010387507410
772172720153
535171029772
947018157206
958645123404
933223131123
931783569417
921880388217
929779614728
901726414641
752042606073
939052572649
958102224543
935733624176
814626723908
941144406206
969956380943
816211466581
827428735515
1042223853864
803493179495
548426071364
849153195622
833400700295
842769869944
817082489951
909130712837
885624469799
915038142534
1132889743171
1104268987551
655835840755
934332463028
1015845131412
1041634396951
1007973141102
1109514509635
1127394592741
709490892610
879686469666
1045923324874
1077334439019
1065154030977
1056482807355
880260023251
916398444127
1117163626513
1122779296494
1104188081110
1116449883052
1062936452903
1055421758217
749793603549
905171735532
1019751339553
727571783459
1060186045595
1058016317003
1042122155446
1060526110010
1023758786264
1028667640290
1003009007676
1019134103038
1049456035830
1066264798740
1201587044519
1220182190190
1158090886918
1189525910963
1168859020922
1170692471437
1202977126452
1238764176471
1180245129606
1169815704647
1165557397178
851654528303
993759386548
640286997402
862824848012
1137303031125
1150541389724
1094308606556
1094968726455
1128104557622
1156639164619
1164081163371
1095290761740
1182115851256
1087809774522
1105594088572
1189399127146
1110341168500
1130256205169
1112101172896
1125488834037
1104603837644
687128056998
556030313691
966696186492
1051758017354
1012122490668
1048919236911
1020414687957
936920936115
1007685072747
1171882145028
684440102118
676681798878
692712563766
1132731486035
1161430510040
674265958928
691247483377
690945343934
2041602566645
2083558873613
1381525440668
1567903195288
1200451573209
615903704469
955670027645
1829669335811
1443456428974
1056636960091
1107400464844
1055716621180
1062290816239
1046417327404
1038135298287
1044068304749
1002606703693
1035503298476
1056696648645
1035269315278
1080676239105
1079725349098
1008042752402
958590368616
677668296302
667646812010
672379853242
667459223198
655352115217
661686891097
680617813544
676076178018
1033806967994
1154640066207
1118783150655
1141220568059
727563570561
589763830464
588692774248
584472109622
578531637775
580552892508
581118774866
588348801423
727715032359
1113172605792
1109077986546
1128329695488
1091899409384
753255579890
792430787526
1050295137223
1069831706877
1067920606701
1074739133274
696324421291
568402305410
596600517722
596950197262
1083754989062
1061283872498
1096071512430
1074730038471
1058287478300
1062524111696
1118040239935
1083504272067
1079986538153
1066772537127
2092628176500
2543473259207
945437387967
992918800764
930328328638
948428201812
944602724248
934003534444
930580133221
961993440563
915381802265
948991415588
920329204124
945149060219
930926831517
961678755376
2048046674594
1003857353447
1020977089607
1010628245399
1018732657636
992724800278
1068078385481
982149939357
615595641082
754679581339
513337212934
518474837299
527822384263
791028380719
1214256769756
1267526821119
1079863657111
1248355539150
1084760766797
982537616379
790236047066
771436524901
565816539732
833575538111
670840099742
511879443192
751899338404
957187428460
595177221834
704279845981
859801809775
813360877849
989401279103
941282816365
738417453723
703616428033
956724311201
1006100661849
1017794412547
942855122405
1015243599324
1027638330657
985911973787
902138268946
1007254506310
1080089838037
731530047835
585530762329
599526086677
763640935968
972851461832
995261964088
992092976846
952920418140
974258969716
953105523844
877391262480
878119132698
897777026072
901560582359
1015302576415
911528770819
866522435182
976135363039
943292214776
971666240011
586526083239
512071542955
639912938284
736454462167
605126481589
966040193894
917939951668
897651447048
934096490568
905299355567
917213068227
531297221760
528612361681
496727752231
730513185446
901002047254
972915265748
939098066745
887188902957
920858617699
898843146200
633665305516
631453479527
619667869367
629601566361
633568825592
607377022113
672901863709
1090948998390
1140514816522
1122581703414
1074808285080
1061282155036
722057505101
1073981502998
1093560451024
1073648773554
1148761093475
1074108531562
1120076468771
1078787036684
1066984888541
1141514053808
1088010830830
932056507252
577193464031
777073730566
603402063662
575372055546
586158472326
784528324079
1091371337262
1059749216236
1101722214717
986549393563
895884740974
529342135805
523592061021
510786512918
508187911143
518263678856
508126423530
617971114957
1050193469226
966967055847
1055811895197
1184537366934
902733886500
658439820510
831718482867
707424673890
599515910452
744102901778
876531674766
937408370624
1128058496805
1061233961427
622880820555
699910523989
810526709804
929739132738
538723638104
899712059276
730718992815
977912961365
987124600059
887797406283
895029085745
743204133872
950589441836
527578019932
689424747335
888548390400
986027743782
956851942274
768373568610
641244186791
921918891598
887979659244
928137099962
929706398983
914490791175
946137542083
895432248307
938648229993
918018551622
906051947399
887279660998
922836525964
901791773112
748232423236
891348886366
843193636232
1002820433535
1046473030476
1045814380148
1020438918715
939864632388
517176421427
531915453191
708712969087
1014947219975
989861845452
989925964354
993416594198
981657766965
968737524752
979718991807
969125696654
1085675831589
988784831741
980481609418
989644643329
1014365588487
723714486298
751918448043
863627842381
994409627926
1062693467525
1091802814636
1052423091651
866037127684
888949743247
694155656701
564892704198
1084355061791
1124315038615
830244549110
579303288198
1037346624533
1114573873064
1089368541046
1111709368797
1064601587007
1088521910175
992720280511
996659876986
1006131905287
1038850506113
1018007912177
1048402225836
1060410656216
1086397285190
927462845711
922387275098
939425096863
1017227761040
984864858880
1490311122703
955431758155
1099301210602
1034231442882
1128014561200
791289376331
1006763737123
581853275437
1130306091646
2324103767794
1382845000148
856275575892
794398413333
930692624961
752103279411
1116517591789
1134168882310
711284196415
693057208915
682450908260
680170480012
1020356090021
2886425054986
1387944355454
1013683113538
1055386051379
1051240519909
1111928903092
1156263452796
1126794343335
1148192493916
994000733078
583561816029
694040811274
1046571864826
1206275656028
1023133744631
1199586929678
1191485215298
1181300175744
1161729209589
1143032883462
1143553211600
1169162298314
1138801743737
1133871018768
1142922829451
1121979006129
1113580755735
1150535579075
1115409113556
1111206656765
1129284732875
1159106302209
1142595332167
775752425954
902761735554
646161919614
1339488268683
687697582017
677990020379
1108408852223
1173270429919
948104106143
661758131043
678358747364
674033113743
669319342433
679270677791
661011417841
661529030036
650849681823
808029912433
1141887737118
1068515358318
955996243750
754824605432
1028131003275
970215100162
919235873944
929447684828
1012113761560
902269018877
954900209076
911647021097
946256116986
956383879029
925193766838
899875210764
979905263362
932002806870
925876364776
950774149452
700187637592
507861283423
782058346742
875427824037
920767934284
906013810466
887897565186
877845627924
890192095278
816198592665
851430371717
824406195467
799603052920
632004723319
495173647915
564488513983
834122024366
865351594333
938085364510
919885456355
930614273080
903540625960
581330827826
571181452168
577028827304
793755320202
856048406176
856247438866
915611852176
825670192387
866898581526
805690157097
796088651784
1017033140818
1033940779242
1017947221083
946539311322
1070700035369
1180082248314
1187142837046
849733287219
951882829568
1972264158967
1875165314890
1029346806702
1048750597787
988364079577
966013053329
1056803697769
984346495318
945335920381
967843049260
976249325964
926391321284
964331232102
940636875744
806489662245
519575908791
519926601173
526343471793
727921520887
952279543515
938910736450
949911835536
937426088998
979033329019
639451533984
539087434147
536302107648
518790775781
547936724296
754129235055
913233039468
961709431575
936798812950
966577357975
982785270167
856973655415
518583239962
539579739091
529248222012
808326200561
980256134820
991620121476
793181265983
1006624726265
985006389967
1023621418078
992425059510
1006115726437
1007587879520
1056552317419
1043877231489
969907198963
1010237820705
671921475452
901753852241
1000031232296
979661910011
617809138758
548730705174
530720235501
519574785540
537074632675
757811489351
1038440945637
809925265888
623264278712
885627179007
939499995171
948228283940
990999390886
1022483745360
1041004705924
691405264182
808458103520
1012889842258
973273891013
962314208722
972406750780
989439407497
976479870300
1113866704526
1026370482340
784449467850
589327800904
959950668187
1130361648906
846915911627
851586085210
833378110350
753765179030
829651504988
855372287687
823836881722
635929664156
968494883795
956679798425
793095705015
905399172541
755329766706
621113734778
1137035143204
1114830117695
918885542072
782250823312
1125799939965
1159476090661
1056728296029
819268943648
898878386051
1128643357215
1128074822225
1183808763870
1232014856526
1104294265394
927857989442
575792659041
573459888144
648605887372
710307551747
1026415868874
2258648980390
3547767534178
2362033436107
1172745544663
1111674178201
559730452781
586914375300
585227954894
570836993925
585890989894
572201815489
700868438853
1100777625484
1095486391235
1707481150781
3203426384499
1032423858064
906926605054
980765171035
1187859536683
1119045566548
740576785192
647600423614
682658292593
717055942338
673307338106
652484806957
654130644858
672055474530
724514248888
688793821178
1038763094053
1050603469423
1071681088224
1064247242931
1118243944839
1000111972723
1032984697675
957454056833
958854982419
1118704635993
1068597914081
1069654265016
650154196220
694306006383
982670187573
716224727407
1121500849089
1096512809724
1063446716354
995640888870
1159110248642
973309438685
981321763847
977326293675
905437286399
858633706804
774390331408
792975182695
520531480651
862220544424
1157457903134
1151537919817
701872815473
509557332761
971805384489
897734732691
1188836398416
794329408637
632866377589
1007721451521
1217222054634
1172664660515
1000918499416
1106707871271
1143966297310
1223778330243
1131810587788
975754637271
943103038079
1095960903161
673947050803
679638864934
932670767963
927394457194
633588310238
1007110886555
941866226751
999733631891
899056166431
971630639950
538536330363
522686915341
523904208271
521636256745
624883592762
914495761220
944932628244
936279502318
917111327091
913387191066
914773388879
676370276185
679546639994
962704120290
954736653678
971187854253
951959239763
958896767705
945163065438
941626588629
962066491721
954329939011
976404201685
930906928512
972658994965
994092815583
1010239920598
1000188026320
1035611800607
968924710674
955031939517
949120533225
964457089290
1003773031021
978057500876
969004197454
935875678010
986500765890
1078774412876
1180777679282
1168787492133
1057156095718
1003069486056
921749632034
951271082475
675452953872
682074214900
933344746875
1123219468311
1072322015896
1059865370204
1085754417675
1095560709964
1092878447814
1024583985784
1066005379790
1124683660467
1087794533966
1054477794115
614153218908
583960268283
635691360495
703710443193
678524930290
696070049997
691309537687
693492069088
701230700259
1101107723849
1153988794802
1143505729582
1129627930803
1108011280580
1155358215059
865832935527
597849549227
591865893390
1230708604127
756002335784
703073695321
1242371139002
792725579517
844499289918
1189927135346
1257653271116
1031454807905
735018528995
964197025838
613746431513
639881633692
651652685004
996788617823
897364102737
1129143517071
1137356775143
1150285339746
1133383442696
1052716788492
1178161431564
1190693761658
1167886999620
1114609831128
1190475731793
1168650411107
1164667351874
1179441899027
1162418820500
1140203234537
1149586635387
1120961085361
1188485639189
761550622195
1028581453456
688873492594
680353912974
671643610399
948124356767
1220206439367
1206322903002
982616584565
882261440284
1214757283172
1172831548732
1159962815107
1216026164258
892063112969
664373216565
656546898995
678165329086
689858975562
663271398688
662209399693
656649240008
674359965293
675266772950
671886122370
668837008464
668851163093
667119763218
929456023666
1085398926621
958929839105
980731656766
826115858587
808904356195
662479495187
962948900395
982743528944
991563752481
954236997807
894597929000
527028532071
534100303446
523404996624
517859099053
985425117619
994219648379
1003349222985
891920251963
893604051559
854094317280
568418735907
969483567487
952159664713
954240542054
934051140278
932373365589
943355941509
931018862341
939770717524
882852484742
914938445673
922042968861
890293954231
929106980120
931950132412
856543517742
935627996732
803169253092
546444620073
902372290590
893717873467
885919694553
903629680674
896125058810
768054075489
508096114857
606275788516
662359685655
587134564107
504888895293
644541544077
919404378864
1062962635157
1358786255403
1258849142793
1088033130236
899167295258
872336402664
1000575425750
1091067425680
715603439731
1095979640594
1108714600106
1109491607108
1105681607064
606968385543
991916052614
1028366856254
1027667527773
1063456968686
1059035834272
1090759528377
1117148248995
1039484319633
989219594612
1022140914300
1062238066523
1009437183724
1065858398103
1155012485018
1187034269921
1149279522574
1195867123419
1177401792717
1170741910699
1188177646226
1166900616714
1171555699338
1144059819546
1196779161665
1150713991822
1141070056095
1151167009154
1145583815748
1087193485970
1140346839080
1102621781895
1136021149041
1163181098214
1179271282246
1140259402485
1127961523414
1043730093904
545727642429
542167853945
565886586915
728139483978
778998699563
942400493888
919418584621
1040789465540
1082756751119
1130890455506
811299000048
699923522394
520979821957
516687043234
725858906029
962980596563
973919717714
1064102627073
988185419891
977331290275
960280764008
935411955726
923090681402
926662242951
909894108038
935895008998
965671233832
985735705081
962304076306
875857092402
952274721351
1020269874424
601568800088
546021678333
709395398892
946253402411
918926404366
843806394326
1043637389730
766242100045
577137662022
1159011392836
1152942481932
1118049500416
927091867134
825695053689
794698399660
1123498292547
1120826118636
978132499867
821655060450
1085146845657
1157525235151
1121131320832
1150991635312
1155233073209
932784419056
660701107117
1032019476531
885953220374
1223979167276
1179908128596
1238113485716
1222806899930
1181994658749
1210509434485
1158392409865
1163794674733
1208842407300
1150390110452
1188984760880
1176076553433
1156434343395
1039819407639
1077013957310
1148497920322
1643039951537
652046490709
642688193712
649118347764
660449624815
666142507716
661349394522
669673566254
659249510327
631223105406
669000566922
664543571883
778619260852
1146235139765
1157025204658
1142967207061
1120937054222
1045574856836
582308306719
567526529213
578938511344
586063712347
576804592343
588487567711
588727197315
583858990001
580784675097
593560893650
581743630739
578611321758
568520820818
586002583174
851072021771
643243862713
729878137233
1557759381380
1073207082161
1092382752042
1111939489746
1114538775212
1103356371792
1123275428789
1147330089657
1087658980297
1039121914075
1043585098255
1105613367694
1196892975815
1180705856483
1117359344155
1071737218638
1064798287453
1132502626703
1072693331381
1059761531777
653485834364
1078135347976
1091642381841
1138209680606
1107601135092
1101443084299
1064021809662
712820673833
1089840852337
1024777618748
1043539316127
899129311951
572654587343
596977502893
928670861576
1060265438144
1068869161212
940033209318
820466827200
1028892150154
1159785207540
1217746089438
1203075535649
1148262321881
1220044477310
1261390844737
1220063635749
1152013136056
1195262631939
1134752791350
644895167217
999366837700
1236516769628
1225926539296
1110518440639
1214588443031
1160719618030
1154965290088
1146881012521
1126641295512
1148061760614
1118167086491
1119059563840
1158166557322
1154833562081
1082780333325
1116075651206
1106396699814
1050602016967
1067128230039
1116980101449
1113766835306
1116286206751
1117090837986
1146262416462
1103872360762
1329047333930
1131659874569
1077429789285
1106024057520
1115526960041
1103159603192
1087226722585
1079194809562
1122084124583
1093827610440
1170005078126
976122245010
589608145034
893614604714
1022535260461
971196204617
1011310791997
1124614910298
818384184746
1060031553769
1104995528940
888101684561
648336088259
979251470309
659093547263
997220615218
1123598120028
1087665420762
911375709636
905126691226
893882358740
935654507401
990662104082
923852137140
995876400878
785400413103
837551529712
1027286487809
998880752967
1044436742500
1007021571071
1009574969924
813539530170
972999404183
989001776929
975970520487
629968094965
910412728841
1021327157167
893482433699
593933538267
665524347309
980357553145
969150083479
931469228394
994132284578
991830992711
593854648854
949638507580
1033702777042
1091016835618
1166636078351
1044588671743
1007285745427
588141316521
587492732203
624373638245
596714042502
1050362820724
573283942214
583316727126
597740070713
879228216013
1081832044499
1109721015581
1048281678193
1107585104741
1121447636037
1123130094439
1027236814114
1006534456554
1058483806217
1066604301642
1105565958647
2243615362355
1055588282383
1018953111032
1111345101837
1121575727618
1095120721630
920622988113
1015606593080
1068246799585
1042607636516
1054499335055
1075768812273
1066263415154
1069037491931
1199609345941
1253178959979
1204794896099
1158333578708
1120537207565
769253935637
1218210059431
1217958367846
1170356789612
1172301523366
1164477740559
1155083470444
1233454032443
1203890931591
1183333699503
609330429597
1104744480381
1091010201261
1066252541208
1024025731188
1012359095083
988530918422
1004182952559
978983909826
1009326953987
1027506151345
608267736473
671810875212
1049033122669
793050032860
566921879180
549411474043
562313140394
970813010516
1045321505121
1062229754733
1058724680198
1080569629043
1004404068816
999025093271
993422041676
762203783448
811428618795
998611143561
1152772811331
1161013895781
1121663286842
1081203280976
1054190626579
945564253200
668308385366
1025520880448
953164525773
927511232448
886083979643
873512487187
924581146242
903222536935
1129474149518
1156085647865
1217331366714
1043754457985
1128656387478
616399157307
785164321838
1196240948241
1129241555917
597317572331
1165092644201
1146633743956
1152187661545
807820763966
1126946471033
1143045776248
1165995688422
1149083812797
1135318534477
723373566438
717672592994
582956453877
591106313204
579901574374
958096086202
1066273260867
1044006716903
741874405424
1080974913762
1077001110945
1102116229490
1102011571388
1093987031333
1106761491921
1003230590012
587442296171
740553828213
758146589376
583602769847
585007624361
582873841433
634481608116
1147648223363
1154182968820
1155564081992
1122503545954
588694997778
585210462621
593881777722
571491799447
595164596041
904428991343
574542807811
591381723771
598459078755
660552020181
973565926634
942411606608
938815678225
924215448875
2814056676026
1932864024390
950158217366
1071825624466
910707776438
1167540019656
1193706008363
1115581101176
1128310746516
1099312678281
1105327488829
1178532211033
1146552819966
1157132931133
1121432301946
1134131119861
1045623668592
1102276046671
1108991319542
1075992868169
1053487440529
1062801272820
1066857287704
1103147065145
1091595427713
1132123242649
1109911624805
1160485160299
1166855998182
1178062494764
1157994134679
2362828964778
896759087507
617476734728
1169284979427
1025923723973
1076028341118
1072318992166
1158910443166
1239558835031
932374206450
590137096410
1187120454148
1018193724101
823164621413
843890486476
827155513693
519939910822
510250115043
549571597329
912792601254
688054578566
886330178051
944217799695
626341410170
907764248590
717382714756
795746040588
784328579095
933390345455
940305767411
951495112565
904155522052
904959455925
901194739126
930784767980
956381826683
898565984498
897294769790
892179932967
866904861946
598719247602
957133314115
984275735587
929793046685
977660137493
990568553190
926298882551
921718632088
1001445305024
966134888265
848249777285
927888135889
572059101988
979076121036
962034185322
954812303688
928280712573
942511698535
911934792298
976311930125
937988192566
932437461201
934336227377
591096140877
527422126029
852657190704
992747071621
1013348867171
972058380992
951664758800
955182358483
936023870910
961781665230
969730498581
1030790041988
924917728290
964248208388
961800685046
872940221809
941568762784
686742628342
744950882533
988535597877
983412772557
929032673639
960923547061
945307670520
964761621898
971320491477
609729449758
624481001014
984365240018
950250051387
877269295256
973614801882
942372207581
688477627319
831416860217
986564602286
1015012010993
979606260955
887295768624
520801219544
533052310652
685104425409
532882030531
530030691321
715810241149
952329016566
694538060364
523527081489
532325489119
543043617945
529586615570
744189180803
528432846520
791437406014
943365618620
872737492840
848214688949
948857292595
901686786379
905264203860
977089074940
1289557340455
1171024139228
1157534872017
823834195074
1194538923245
1190804701952
891353624153
1031775440288
1158344909303
1279872458532
1812058628886
1155291287324
1180826083060
1150239428007
918609281871
839125829594
1162644354848
1097900129217
1105586080379
573927720697
572628214952
584318978036
1063825851403
643550949488
868538468583
991680528499
971634044040
952288268060
952171465379
981020791116
980296206643
1017242198485
939087900825
964585393913
992101145910
737532857401
695044455908
989021196836
1003040525611
1003679125996
897349555193
889470413312
898421318495
890830129587
887317050712
886270359334
892534799931
907389058552
904233852515
947185399277
917181064596
918997633835
900650886524
892531142874
948428188173
935402450475
935451766028
877341488354
529348603068
527829436823
540426824269
516822849365
818395320994
1117551556255
1068582170856
1031702728312
1000937379581
970873035872
990946316520
997497493748
1036535672463
990697711166
1021102267946
1062274465996
1164402770449
805640333922
555238058670
837922846303
1006444170029
996541837497
1055039315847
1147797982917
1142594488532
1142617336048
1087164284932
1032386380716
1079813194311
659813900369
606453785249
588242688526
565858436466
572700196542
565312265033
749238922663
700188270967
1006197851100
1092216000321
998209045009
889256881177
984081522588
991638565430
982237223700
960290756680
941954394747
583481025505
650255935679
520288607809
499656394243
656810391645
682728710504
649609040124
573521190564
766599327018
560856272629
923647804796
899340345890
891844471372
680691806181
519751153402
575776285330
754180449028
821496253669
946254569812
978945743610
731326856141
821055290068
759170595652
977645595673
964275470169
964536178680
938260263684
974433095351
963520947918
683084525201
558528950791
801607628031
955367754826
1017787508491
1074820373727
1107852927087
1047115962648
1068128330101
944157537673
1010528345596
539707835803
889135852950
975312508658
1010379792503
932341900344
948407335894
970213871162
948916115365
939198364652
971424618203
974511399796
874849652437
943110029178
924486069835
949015857487
928392097085
959155490901
962624865566
1119661079930
1063683575496
1086369771078
1145174064038
1151326211594
1189215365139
511788461943
532313882338
758943196361
1032059140096
1001453413010
990644684675
1014889823451
773036233890
860151116093
1073281133994
984397070505
1007672033306
1032351723581
552753187683
850742232390
1199826299126
1092086288076
996626963720
1002272931774
1015151524983
1000904603599
1066061300282
1040761778679
767443031381
968689276457
1019233915502
1054825753009
1030549756261
1046355313776
1001864046809
1018937270798
1021492936174
655212781185
531069508124
832393279261
1018271720095
977877687436
590181012929
625693992243
1097293609701
1109298658551
1157688967784
730183471101
590062103519
599988742019
584967799538
581531105438
1020505168829
693444335591
1831635493000
1188137103637
1112586961224
1173680747728
1191999395348
714089115826
768860325320
1021257810483
1013984116748
1033998754285
1148823288342
1299759285422
604221780878
730033648816
1042146054880
1038012945163
1044340648625
1086174161011
1036827639361
1049817322268
915884505368
566203030519
567489590564
561163990861
574632660018
948710516892
1012648358490
1039349942118
1070167502907
1023008247177
655019562467
865414184042
1004310210768
1052008133930
1119469825983
1104975652453
1175264667228
1159656867032
1113866450142
1031231803759
1039276362658
1048640186425
1030024430462
1031216997439
1035240201793
1034100799981
1035969005592
1129142097536
1076344303745
1101178084723
1116680448920
1097192325136
1127696615347
1134389508771
1126880163845
671380661665
1091596971888
1093588205072
1146228238068
1068637772932
1134690106685
1076006641975
1067925589598
1020589461765
1015675782699
989106363955
1030647492334
1117616333536
1075733752224
1040507880749
1078419405651
562346720184
591451104106
586975520372
870226579496
1114688849336
1020518313481
585795273540
568510277154
593034072166
567599323375
567496176213
577338729093
989222183248
1092894349393
1135683135865
1180242527467
2241495047478
1037852599144
970563326360
1190791518515
1200922023844
1216648080842
1174812302532
1099767481912
1116153343476
826672641871
905812455372
1175421126558
1095308685964
1102162410508
823853361241
596842743826
831097998645
1122036047536
1100902479939
1071448527960
1058159548562
1074789045542
1025760398237
901501810639
648737834098
1153954282001
1152127776740
1159147338087
997244679355
709267971748
1144039791944
1161949274911
1155645045289
1136130591786
653924649336
624398979139
580877355791
655733722353
575627741440
613405195213
648146895116
643393085650
649757847288
767190923237
1036867528307
1016099845878
910004725136
881233137738
579716965126
870829654107
1123893316526
1138356916994
1123859886757
1116514832360
1156681070591
1109513912779
1051041993227
1146179339263
1092778652480
1167966094494
1171568508174
1136276831942
1134304636733
644539114461
575108824607
1067855785848
1150491426437
1191922293850
1143852717618
1157105215293
1203578334839
1137600275955
1100660186057
1114345606070
962840186168
992370660385
978721713787
1074594280060
1058875241032
1084916841285
974478328274
676941938675
916509053442
1011151893355
999763262374
1021892824466
1005092903818
764797089699
784550063607
720989082706
610684412988
910509562795
939485740303
1044668683947
1005464824272
1037476925661
700352834887
527173508010
891753643521
991798089096
997486312425
947283587343
884588811805
970568499373
958199643768
974660326889
978139394591
868694534206
919714901732
919111791860
881876605631
909251893647
912423635941
718590003964
741895771139
809325514221
723348930598
881902184139
873123998870
911635429014
508035121580
527814900021
604892441837
859670070283
908407555334
886933335247
940875551596
907791072085
918980338000
748890528321
910779237782
778940327029
536884396238
924334681788
1083067052065
1162515397683
843798127899
972431250181
756101750004
781869354583
785358330634
842206274630
1082130856031
1111879022182
1090345366590
1056878093179
983975440910
973485531998
964368095660
1084690726051
1140567367586
1111799194853
1210052590347
1153553033935
707380469599
709135991015
918803103761
1220219567796
1238424026321
1196433418433
1087226496009
585672808844
598952123071
586353129303
591791286135
606790564804
756784475190
1106567047171
1116707045385
1064285162394
1044112025269
1006861434132
1011970900082
1029067420077
1050187226621
1102149884015
1028986150433
1013494785045
1025594495355
1004109285693
1115269114312
1061718047835
1086710603862
1062432868937
1050460060308
971319110425
568342509459
581062833867
651747720418
867987036572
682856777361
680300876219
1111345167904
1125000527088
780248898243
653901221654
643971266039
771806453582
1124716727772
763716751284
883064814632
1103577132071
1143504589313
813132352205
1092451620767
1111474109310
1136387275550
1126493399975
1144718927520
1170512431130
1123770239704
1128943644354
1148359869740
1162975848276
1143781115230
1145168582675
1126440923992
1158725542572
1122863531159
1049829834593
892591584134
810816948811
901399063988
912938638003
876006675431
1777152660685
814094248106
842178014120
516812144646
812451515191
776927031396
659366650382
751719524049
940701113504
702197512723
920115772970
628426767241
942329360417
954106559139
952476882836
849935575927
981803416000
864837567327
905469870635
905291612257
888034599136
653104211441
618308626945
994608482914
990837134197
896955415435
591919512487
988198642509
968724841001
1012655492320
844643214389
975527595123
964674818156
953097660662
944499844677
935093374926
908907965528
888939861378
892944212117
829920249147
666636506810
521265071125
662691358233
826195248225
913198618336
955189924376
935761799226
924258785515
688479599625
974664114662
979201387487
1022418660454
661688063260
538512490752
626030879926
980283911491
974833715696
1001277209010
960157044143
574501750300
1005201603055
984930808244
973756122459
999279275503
924108773974
936437993960
920219293080
909465120053
782933049801
612200990925
931317531852
912409487075
899676003791
924963011187
879881274306
583399061917
523945253308
515509016813
948560360706
941043762799
903237513130
779213699904
867455324413
1000035391360
1029277833522
979302751070
962963266775
976464460114
1004542383723
993419274402
967311482591
980504938056
961528913902
944911180682
972049990619
942302718489
961201705537
933319575069
863473958375
558414025315
642271349103
887023736203
882912056103
876019764904
885873025790
885969017021
1182220789236
1126598939448
890489668723
953981493254
1149546025336
1330044165420
684647898468
615068763615
808097712459
1199052813127
1171783699047
1190358740809
1181616774605
1168222798659
819358501551
2492996531115
2021021613608
988921164738
786477593066
667891086677
651885035038
754215552079
1164130839928
691289206651
660598242287
862967709318
544974748271
524214354681
723637257829
524213134164
511446779055
514810225971
519334254539
782752953131
953408075082
943763665509
911221509635
905818658290
928703279692
923042860868
887983079115
972373517991
964442153726
959482584817
960534246908
951032956956
745308247273
883558812607
525469431188
534431039574
525714595273
526000472661
521926887727
609465888440
968486306562
880524913116
1005557408561
1003728458372
963331580012
888910740501
519186649100
523679066645
635686513068
947433903710
974605558549
966503707900
652397374368
975649565021
990835320977
1052515106371
1028935914027
774932364788
791308457984
751211482308
1047509325236
891551645115
908472064910
956504381981
902564600581
694576176809
1008086256061
662695015487
722325211047
1002732913030
993297204346
1054961475005
929249257168
580991089106
983555891948
883856726868
520514206661
519826904665
533465684918
524600153872
552088962060
548519137899
527035749218
794274236309
905944297430
966244740926
888205989835
804184165547
784344565837
916504359046
881016425466
818307720997
758608579916
970361882646
944258395779
930843343723
928021982679
976870710844
1023901666568
1029762265128
838964594108
917328646506
881572982376
781889827441
764079271117
921615767062
924669831228
907448298380
908225895600
910292688304
815916689867
834776009982
856740447281
818412431557
928543413423
862686552124
802952252158
835290259785
992544015520
963219886963
823540664880
897092237008
924309976508
732074097724
914415766297
850703121148
518807768166
840111799454
643210318538
528035221694
690658610893
573017746745
900119720313
944154374998
991578323784
967051184385
989999628671
946163493499
1063669375515
973343026213
973124347203
1002437092823
988781915237
949944001684
931510755128
921828157797
985881150006
854406870256
714646055717
931753047668
694340614997
928494417429
981185706909
900862037891
906645662915
905370504883
915841493912
919578484724
951380490303
947082125492
928959990580
925604498451
918752359427
941569776297
947544437208
974333601192
998348332030
964815065941
992437964098
549663965813
527738379645
537932556490
814130885948
755142558510
671351337675
702767397073
906954246842
561638729118
592927662848
563764969801
718296511093
924977615659
945031919444
882184431664
894887832473
974311530269
807312771812
541143208217
541055809536
608869796094
768488060089
1041989015122
968945835566
764412467553
939220722531
540585568910
868458091792
997471510132
953758681192
1000909193963
988542690476
692937632274
523401738788
724031202281
955224851719
1034448665586
1023756349653
1021071696759
1011673030472
985885047756
719573013705
652674299658
771681236127
1044103367656
1032693864442
1007325373283
787819685439
747760342508
1170955275497
666364598795
515791109465
509126929696
527292632526
524075874210
686351002006
640428328134
623280949379
500530711777
506282356923
669589106134
883962964612
846923322463
585659153543
960347983672
930744574845
927925960967
902568187491
741403843895
913626775799
945140837261
896696933703
648416687820
622063743055
884619592666
1002219026428
661458575376
993222863242
975849843756
851246582291
514987076313
944895144163
1056995843716
972316406244
941078404905
1048859595990
1078059647400
1062583077004
1140240454343
1222907199986
1143058072469
1095700370962
1092367027224
1075199985008
1064316842079
1039016807466
1052178460294
2351328184929
3268419883545
1270405929653
1124853068934
1115919636638
1111106245715
1168049459209
1167700362243
1137312071347
1123308819752
1124129822507
1023239243354
1329670928648
963667394316
913243536569
942194703500
1074882907934
1029254421489
566986515974
558885300415
534321890545
549890418455
847087290856
969729348091
959182875406
619810331746
635186664739
627563218906
918238541241
809166373147
851879718293
988278477378
1005055883901
1052336339362
1049038599523
1137819443804
1129589072346
1095720488933
1014948769708
1004220970001
970407594178
947324821028
759848295566
852689120536
937684805825
559525618272
536210233167
879551859684
1029787144475
1135022558796
1131844486426
1144202694022
1123071188007
896920456860
873396451563
888075013714
915307133202
928984581047
1076796975124
1497488396061
543653991024
897085522024
615831381119
670032468887
621615077613
885483416029
768942512748
984189966806
945965547628
676175786636
814167938180
949742046376
907936630630
907261775106
898189731516
813882594214
525469958620
536143927678
526237542173
508896192986
592057629498
693114215309
612146627405
737331599296
519117522590
531962625158
590600474543
737088142946
970591511818
934852906293
973132689509
955478593251
945821701762
777096564754
621746907587
534083833552
537819727672
939210592619
969403811398
779774598326
537649178602
516598720059
537196065493
515140027588
672234501087
607771785593
535462123227
517598714809
589745120624
704400894739
575625896598
827554792625
761961576115
697193555178
988386952538
959598771188
951172258631
942539651615
638879841547
604965530162
924087434393
558686659576
991502472463
957930459505
932286591955
731277890398
610552792627
943143286479
911066065955
542266050443
523148582782
532202729512
535443597259
644526905780
697530775036
590919021308
877357954766
530767195771
951453386654
693251795527
617407710417
838259416416
1005417165920
960570659427
849153488969
963679415985
987074128998
880264307882
991546977502
834756504087
527815271411
533152725589
515628173239
705464947638
772911008502
922356646181
841066898977
661739107817
1083886616531
1083813226208
891505787382
732922640483
1031510575812
1048701710664
747150474620
578920868838
525546636347
509031959056
526624149078
610089936547
1003999190092
974532868515
678330012757
517890674321
659215782615
949273384465
992737301152
950991806416
973497005835
974271776461
1004112436007
817118515423
596332272661
1105789665575
1150036971696
1116222292260
1155044823455
1194384723464
1196629406494
1227472048519
1094591752026
950412736920
981153991329
1034238819194
1267628032561
1079686009714
678372594274
685471131558
691355434229
690465858830
826125190990
937928526725
939652134461
622286946382
636059445530
811685886605
991727020734
970781923683
942860302322
841185586496
755358346859
530879134037
810041160523
971551330479
926491555727
962840963848
1002413319024
1038255174127
1038338940331
1054254624770
1068685509782
822930794222
604805722668
627435398369
619159901593
946698199328
1023200589567
641706889116
901192225497
672134879417
641377477849
948989866459
961935278657
981573992911
947673847468
959981940022
1005554268374
1000282643987
1034965791800
569430493455
530157287282
555182764264
823502504073
765153403102
558258981833
537484716085
578901768003
957110164516
999289704792
978108594362
976484984744
883020179863
535987951885
847976802961
978624052142
713100992904
657644803842
996558902449
1011144314942
957319549522
746382451123
1018543980002
795168793787
787888703663
968199521235
538199856585
870348796074
964166169259
737535884278
942725837712
985597947738
1004695424548
988603893012
990300007180
977774524425
991952220957
521613995177
898156270361
950051640738
967662813245
1006181683236
1007648682785
811118240516
965510328961
942477859885
950668412646
981680635085
886797360487
861765972317
915978162483
959928849209
983432785617
771615243844
758635529264
911807741069
919741190052
922017754713
930547399169
934332370522
908058479619
810523437572
1183733779022
898453355035
883922605573
788352778549
538127072188
915222286339
941570893213
912548453327
696998419546
829681312444
1003809730945
980287717038
608351926450
546325699598
563955966188
765888309282
517713105050
563005259369
846219051673
916654282648
974748585005
984450402810
977249616141
992571954518
1001646572705
880907718752
585024836957
585463923370
600324503555
581852910436
943712597908
1021954915616
998477348828
999160575063
1008851208118
985028192111
961772811718
771539620686
837220604730
767080417544
562805826170
993281640961
945159822143
638388078010
868813984483
735772378112
590961745529
600650184173
833828701507
964762899775
1029375460883
973652532378
996803304903
896480300793
1008378554268
947446987747
944662094216
941706610160
945605966588
982468050174
992512329950
725892971882
531462093130
555591666904
1024939025691
854882066750
527411776526
1149851244261
1127076962248
846505795075
579547788379
594050011060
574911295576
573471829731
577531773105
872159782867
824733714806
1015821747332
1011736717470
1122153015816
1093585557524
1089887667422
679420211331
590087371755
788705025057
1037559393987
1003040259697
970897784735
975277157037
1050767155836
1091478301700
1083502961044
1081674809875
992846171309
1031949306785
1060752369981
1097319634864
1101938637197
1103897212755
982956937153
971553584262
965130203228
958113946690
961031532020
1011424261050
731997168174
829349663455
857163666339
809334765981
860273424635
845699788747
875519314565
943667986421
897728875470
911159937922
901040263964
913635159367
930275458291
880452003746
928283548251
748868119868
805705145399
908421882193
940222672754
684810659042
904097588910
805283549420
570677842662
969741181831
774305984243
940671009270
1001399946591
979827397607
652986236090
909351637684
1100734478358
1125468399673
1049486229500
1027279716794
990661811458
1070655640377
1056368484373
1082624703084
706495908440
911352649125
1146760501412
1158546062934
1099358460428
1139175018510
1084872415788
1153441849369
1094951852776
628380914473
571753208771
593259490373
601401609889
617866224839
997496669417
783609548196
946728922938
673980166737
549268093991
540502409577
638225887147
770805070954
522618884108
545529151478
527072742129
532241462064
524969917125
715692741120
967849547559
941678144809
908725926687
962399255256
940309228229
941460298534
938251336146
945185153082
926269357040
952684552448
945142195647
844260088730
931918077771
910371796797
916372830029
903537955641
938265680679
953627652269
968878872221
992994052192
1025169751109
878317898177
536357668710
770350513942
945534551728
656524628914
639654990878
644937015437
800336138384
1074588040353
989957774709
1030601361635
929707141439
702937154126
1105382689178
1122544441248
1042378001435
935548109725
1000839460726
958774213683
944440742233
1003540609457
948281463815
987898251214
953734728019
940925695288
1170499148170
935607279735
669565626019
630429549292
815201220125
985356986296
619650526206
583108250370
925422588412
1075746855120
584039653014
958953266337
880591022310
732829586998
543960254082
840881711365
948119874105
1018868779102
697811734255
627553401566
995661298112
671180238881
708364038710
873951607094
987308996476
849596724831
703598050585
639391645625
964131711735
579618825403
517323443322
822664812313
599827214725
992436412963
590361484380
537012890834
685725349267
1005214525496
883421211205
529729097883
811318268572
564456196666
523098799912
533546960114
640227228466
984327961716
1022932356936
1005611985075
792682954844
917793840790
867522928283
522972216280
522098243771
835305507340
942939572853
972830804399
595294496927
685709938889
887771514982
912902514546
887077726885
885861779768
898685794900
774084051264
537432986768
534954544177
531218871027
616414330509
986631476010
926841140452
640256647270
632841164988
626474458247
875799244854
520504910064
522449134090
533004603715
614303622814
894051563630
832303829739
1112013302988
1001421236992
904199801206
984270287804
538000069614
992106096253
992339821371
1045460070855
1075622942045
976925400755
959761290244
976635162616
1006615444526
908623090356
912155257527
926301425810
1001143348346
1038164102337
1081244227962
1067668272470
1093160782218
949256472036
927196452767
986096343820
992159680933
706131271384
602216125935
631968457611
806961817320
923870199956
939382222823
920664090657
889823278317
1073590372683
1048246412923
1062216936746
1090501495742
1150498917832
1132659052800
871357076168
907825964481
1050459198383
1117601303561
1158999323395
1195031677707
1204707198421
1105520418381
1129840150861
1065923897484
978012994654
719417212408
850674893413
1070341362283
1094235540134
1053208608394
1072782470655
1074611363971
1065969497700
2710233256535
1525242885437
968019401996
2192642951313
924321088551
1883977793499
2284856263021
1065114813870
1029391959362
987165982297
1124348084342
1065696344636
1053907225743
1080125049000
1023505630235
1068042976644
1064199956006
1058137886254
1003709684173
1045684373471
1052457611061
1035929010003
1065691102010
1042158001823
1056818248744
1044120924388
1010523428492
1043031040512
1017546317866
1052399868580
1065945267513
1003951989884
994650422645
1016966266133
940365503623
580302036801
1018719103381
977726741248
985056505217
993781719259
990199694920
973054330548
1043831804837
1023880576910
1082864349458
1013789264547
1009224434916
560760358101
669856144416
982867842177
993714267185
1029313900044
999564935601
1068028403636
1108091538686
1039864466364
1070914634478
1079846749534
1092886200823
1049722361377
1036508197632
1078715488176
1096703593094
1096543486490
639628307248
642276320177
652728184875
657153923417
670917958778
650576973572
644391067400
653184949315
665719378577
657967337086
657087243153
1020489753995
777210317876
826608596686
1301615113232
1107750787386
955106529390
1167985390356
1221279663890
1213324118092
1211127899192
1171166901753
1167887744380
1032409910167
1147640492101
1231174353090
1525204400370
602802368162
579769671885
591595499003
895859820186
1002653367621
1027079265712
999417245076
1026262406621
1001650408882
1023596207875
1025123209977
995856707616
1019622519597
1021192305384
1037686562964
1019501458000
1007480616686
999468708184
1003895677868
974791185185
1006916285060
1032667767562
1068538823750
1064100675114
1018910492391
1060617792084
1060684262155
1020653437587
1010102872950
1030576878131
1046546904621
830293545353
799113428707
997970809617
1029279563547
1009436332788
1009658121437
1012009113734
1060520005200
1062811020507
1064879007735
1031860104301
1006312356177
858514943014
572617061013
1150239500711
626539168479
583860690398
919763889736
999740396250
1033637972667
1033273441263
985014613620
935108567656
964213625803
548951162328
529047696468
637426317322
726465416844
1099678553873
1131957360221
1138803738925
889150939767
677666717701
659948389371
892830764603
1159036641500
1156274816551
1174799460774
1117237452043
683079225406
679413965228
662012119841
875963718364
1130444269585
1163303816944
1118194109972
1100991463017
1097444538890
1122270120672
1130316944979
1174529181361
1104828214451
1177994970423
1146735455401
656897636276
656572007195
895568262128
1000631953586
1103183479635
912180044507
1034261683653
841174999407
850448099587
747100638207
703899863504
499150886316
768651892212
826247963736
825742120571
554870117801
909010894639
910498780071
956573651052
669553027639
917309182410
842007386477
919346766961
655021080468
917750892137
878654914311
892040841468
886179784962
973812875971
944063762456
902336816640
917201290113
873618073192
992129971216
909944712502
920953508702
917461067778
917913097305
947079745124
915818006756
892742089251
922473546837
950568540237
898542385690
922033063907
886314310503
891516506961
649805284710
899090202881
519849552024
753064681883
959474178457
956416748700
827716630468
522787460780
918830748565
964650808556
957824021678
1031861548309
990636709731
1031375670011
1021825160395
992701193303
988295984720
974287491201
943906249906
969121046905
908507680348
931461126602
889539288858
996507434539
995616247321
987806841392
857383580028
793116535144
850690843607
1068601780197
985556065781
964573798058
1038323636543
970586429673
1007045865076
953050158840
996099699759
1031470917162
991708707205
1030349918744
956679064376
897130104732
632739865576
545420783174
537624071237
550066816162
537445545815
916975964706
968006824250
930457213986
761856733218
908420598385
909608987628
683666703575
729770234094
811512256400
1044046603984
1063008834396
852405039925
911746176271
590427322265
949646479200
709856284612
520028146255
807084598005
603008401336
708144848042
932725902625
500987804071
729664866331
856930201151
858575028862
876422657459
833553225161
837216168872
888727819416
909692334525
1026190223562
1695359179706
1431423219453
573724233408
985768412815
802272375900
967725846819
796610487412
912827195844
941985541172
922162213461
779857336227
950772059511
935368482248
934822823443
559175010442
945765055812
961077122520
924860595325
805496227691
914555624682
946763245897
982443792068
942309228639
948483901442
1033453128330
1045106731357
963704727425
990748621688
984009511647
813480115119
911393800922
915390650415
908707926554
913795353159
926908100960
984414513434
587846683152
917963192339
959625235801
926139741949
921967292009
965318641030
937536138212
1003796841123
1028482101436
752483973952
524372770800
542979730604
542049965038
551472409884
531545038937
805113251630
703246878073
589211258695
1098909791752
1119021814705
662363727365
1127599545301
1166638957323
1143351256433
1112780205470
1092462835612
1130948052583
1045099020244
1086802106330
1066097681569
1136953061226
1067878847931
1108203149916
1052071238116
677121195757
1143602257692
1086086523970
1081269799761
1037126976456
986237859852
1014522852479
957382593796
1000863937539
981496648141
986182090249
1074266384365
1099441255464
1136200587176
1048839727150
1081611491380
1081166951724
1124971725073
1126735822450
1128327586995
1100942262837
1156358631867
1094561934833
1084634999947
1130550513920
1107272285346
966813268123
850680071444
839538643010
828692721498
901195418829
904119526755
916579630859
881528312061
908179699330
807819081463
942617892226
760440765247
803814345058
766423313719
750619959743
761755503186
939853608424
935791976382
880259304964
873621774591
953162547576
974338239674
866445068758
960786084956
965736557589
801897428733
984643770281
1015883416335
983842935091
946659177483
941953408919
980360471068
994426046322
1022896604583
1002679229527
986624686448
981316065434
990846723447
958159170213
976649333116
976889285027
937329610982
979185435636
949739768897
932077170873
922689456820
539659749883
855781838498
904568303692
905022166117
905646615681
957881138201
952204135625
1008039153047
929358968445
918404864282
811135368814
754334654279
881935463237
911793672058
931820997104
912556475969
907910768360
913599011255
934004647854
853877119758
705323529496
708186645080
885038366382
1060758778138
980183014222
907721119008
897515067187
779297032755
915020816428
910996383590
1033165937923
1052806927902
894581241047
1014369033274
796911123737
766448114416
703248961772
889820528598
926543881947
928034060129
933937699051
905142211719
534753022433
523774181439
1000725874478
931546807134
894913711567
886266389591
883736104804
909690754442
801318351862
986647125332
987403590156
886432490586
853041717130
857404302210
1014298332921
980511234897
991532684620
836302623404
778068724840
1087809794555
1202742449832
1222297250318
1218253817192
958049618214
940164390684
911965339579
862429289971
701892336044
743668732970
915807655328
815357599283
809114450162
792741098963
678242903414
950095588527
782681665655
1670796290624
1574364468881
794436664355
908010759128
1139485669811
1085179280235
1081641134853
1103309285437
780779316364
720254971885
632434900396
917949362403
603140220404
597378333417
592908356439
865092431684
970297825084
610115628540
614045930107
600014754715
596552284368
609571999228
597834582058
690645621635
597662029445
626923785509
985270785543
673445714888
968440893806
1006473835589
707962106996
891830539931
850880575709
937730757820
934758297278
890398641776
897726518851
887344632630
888345692828
796598962553
933954330692
937234602468
923831312356
906395211931
911244301640
734842573407
530143072471
513516610605
527310478609
521860502597
519737537477
926200748476
916900733472
1000008202520
1109795300379
1062330631941
911501720994
707442238617
607993163300
808442558251
639712068755
543027201375
551609392569
971051097158
979011173085
967444570927
853931610885
925054717370
520240317650
529187975874
634965602101
532410504558
532768779164
808224341219
998087762279
977711762348
552312879131
771204599093
576323485856
541871364723
537398391226
530651571163
535463594383
739786055976
607787030686
627225309746
848034380257
973681236498
969006710861
941473881996
538258636806
889119629876
534288944645
523190258930
532146334022
804088390438
929006335217
568275353184
535622919379
581196638223
822621874191
644693481687
851032970223
978855509855
761854339097
519722140900
746573729290
886166612423
882358362644
921426203708
769221168200
517195181774
523665977460
647178584904
1167375495293
830177293903
865883875374
1078453958717
812213916884
1156239968789
1117851240997
1019863629713
861981530205
966054418207
939788361903
670590620262
650773330231
650334785521
1075643134259
1151279569158
1114884819459
1116223091591
1101787617235
1087732940926
1179580631079
1072208609051
1123700593526
1006211342727
1021421810923
1441984128528
822197567353
1108941467930
918782670116
1248417520788
905712142268
678927909702
675047358090
693099375842
679620213894
675147867085
682288393487
687781154889
688551832910
672734123431
959654808067
683389261491
649027990988
657395638648
672173401351
722402330256
667936028665
665014684616
723972472129
1032656449490
651433194573
675171593679
679728111739
668111447187
686747868659
665939736242
671108460424
696269204856
694538115264
699727530703
978515611676
1000792656549
1031711311704
707446643657
592397214258
1013304961136
1067304850555
1003026092249
983322864673
983497177546
992264413654
1030052009010
1144550019679
1120632736810
1131805055832
1083616411063
1110293048230
1123481738976
1083549395380
1135944227534
1042280151221
914296446092
549573029042
576304844994
561502284718
563977244245
574013476787
1121466637312
1026579232905
997359105217
1054147089475
1048914994701
1044714307045
1083366532582
1499820056605
669279853398
584379717316
723927036249
1140092121422
1089984421295
1134864971305
1089867208478
753481741907
850027039709
916289888110
743968624635
1208079197806
940472060809
902417642577
921844679396
953932773764
901503634699
794714716510
511200540190
517591750493
556072407637
931884653546
619603749610
629067623967
928364411205
966168154696
849534385429
912230055656
782193214147
707091536093
911450821310
899296724705
928559814099
789384478189
907052675302
651957774823
749313031929
797868562082
718869804347
544065121915
929858952352
934515551265
925139816027
884652779397
857136090100
914915356759
906960418331
1001124341350
985061983204
991896452153
890608125828
980559145691
809391733158
560348976576
541511775935
818176139706
1021928000758
1183474147049
1128468946433
1090948160008
1123645300257
1033538048879
1052450778536
1030054675496
1026092299493
1043298085995
1040599832176
1026707024860
1052747840487
1052336817618
1046645053051
1046395819157
1079204120037
1171828545964
1159062274862
1149976761126
1125081265371
992776873964
1000025904475
1026690946005
950647692241
656755864329
943228839491
727191447266
979005330184
950794210417
996994297736
1016032836575
999059458189
1008869103053
1021768867715
953947037856
539862370224
545688040120
844548092729
1040323430164
1077075907567
1029036897686
1091531270463
1062266755614
989660255446
964341150101
973081396423
938430481364
979334901815
1515437096920
2470369592048
1080226463758
1222273104961
635471935764
1045907687024
1066251303170
845975016986
1048611359166
710436133828
579035992438
948034591002
848290517573
889280745485
892279187351
965308199716
822903484999
897500698605
834626933769
536940430476
518527647471
512342816814
863748976424
860998263660
600860956414
879466132679
908621687759
979687002354
612551149320
733459253799
513293372510
537441747258
680824103584
896639696800
958272147782
938985838270
913723268134
957748569448
982630825730
922893168413
780114559540
991390741049
792881109165
570457318565
572338908108
721771614067
643413829741
513824503461
1090655418371
955008743119
965465432215
1029635670308
1029999510518
1017200786002
1002146844133
964916558960
934998764887
607748257286
537648547775
749257884767
611366206664
885054726097
955717471646
918184732149
839332438762
970654990407
963629931023
1001589865659
714814754877
787377829067
996657413209
960067048507
951385361946
948719239530
955396506848
1001977747852
1014237754427
998095508282
1021725727015
998900895355
1012706269485
1030547250166
722678814324
585367051228
778423668777
629407005177
1036903802729
748092191183
961902658086
850339549664
934487034644
930646436369
598249668790
521389325179
548403022260
529381830526
817616046459
986635793498
1019699488075
1033089341652
1008325533906
1049131801497
981907667028
1029148500955
1019357373310
1000882439984
1011401064359
657628192548
962706948046
970387915138
980772339327
855243939403
711862424673
981285046646
948658796116
931919730546
790425847884
753517199284
504293901580
517671104750
870094224520
763548069589
873103859097
712861233642
799691747551
807619229437
895940493859
887654063136
840186594636
859871614331
852097411486
852996551252
729059743526
525700152376
1260803009215
778732447445
1082686971667
1232097884320
1073552298026
1130598347771
1056794493247
1099298065271
926807580715
906741799167
994545081621
1146761135291
1043939542592
938629390022
891977254650
930677386406
560824867039
790078928917
910789749824
978791575385
884379435400
987515936657
980651460824
835001867443
525475241967
865505141825
995426992110
828378902277
520388240191
529932759247
541852998719
659089089490
525677329303
543616112652
912771077902
773310215030
509962121630
514758863572
513274660799
639496176462
718559651481
834516768474
937529990610
953446179147
946662239332
956136550167
973188230471
974501761950
966694031338
1050000721048
681851941932
1065950322375
1081727920983
1037693542624
1044385182154
933953278849
935194944077
956941789930
989003893784
975507733390
910785870148
867867001684
662136310791
1137508551035
1098507854541
1058780336183
1077861527059
1108278777006
1138035875008
1155993122713
842531089080
1115493653918
1075687010154
1046571168089
1076424539526
859799144520
574168948935
693467825227
707566681298
998255751890
977709826515
994455761328
998305024127
1103343114112
1072151599966
1089310070216
1112760845270
1122712614671
1072697073328
1098018641115
1170377610348
1165047530421
1179379491258
1176321831414
1206965961692
1143678838799
1147304140468
894923936524
1060991089945
1200615535193
1162794844762
1161302395259
1114943731937
1169846383060
1202977449428
1161501685121
1087152157545
1113676942872
1488806315703
1186083489473
1091879328789
1038659416193
776566406561
872434676262
726275042814
1046004105303
1176628431054
1171440650355
1157981309652
1176351636084
1172698038939
1171223997331
1104259608025
1172944392490
1195046140855
901768894706
637279854916
641685485924
645172224685
760995725761
743992359072
916590667663
1091850650716
1152883364964
1165080409054
1110485251173
1139975649919
1094136023920
952664011785
1010398521777
1120044269708
1158316906470
1159636140290
1205871632077
1119296754527
1089051683070
1083702026625
1022271887757
588244105790
1102749405600
1139137121989
1159399469884
1118929358094
1053329386110
806753559234
748042048785
501171354513
736536932546
1047101727838
1092155100480
953028349293
672847951042
930870378354
902153195161
947636224878
1160698388722
1179548817821
1094822145890
1050694519639
972553203853
651747916095
660581651420
657938032546
965660587174
686684275125
917759375090
1089589844394
851688067704
567129287607
826507403260
555346067466
987067810787
1120163183194
2751840456876
1355270231234
1022465666362
1023130287781
1000226536698
1078027108161
906796447874
1115005156298
1233064948736
1172776852067
613298150240
782717657859
886439317554
1046038910725
1171598029962
670303628408
991867450049
931476403601
982926037424
1106208717169
976573342580
585460487712
954990242006
916374381894
1056621345701
967133539665
1001099669491
865338273155
889308953311
560453264781
637080992987
1002038327762
1034653925537
1034310010686
644889967069
890521316015
826186088470
523828151349
937326563636
1137375843855
1095169128093
958362408774
679188891536
1031434860098
693959662096
1130640421470
954855052565
1080891758157
525043405667
640551909511
740554982767
1036774649690
903261501088
1000202378022
861764393630
576352705348
758497078828
674929460655
881955425433
962425481873
1076184750620
1150595026680
1114247294327
952874142961
795709812770
981954078367
988778976172
696076564110
878681036676
1167913825763
626769601480
562561315472
975477630254
865095206456
517196501546
543234652793
1050424556044
1075972577872
978682857360
935622771578
1047564452912
893483291887
844615775600
931163239802
1001050918799
1025048472173
929744838672
517171826414
1029146275532
919432844943
800463030755
848334992655
1083865553220
1160844051194
912333148118
950348411656
895695899835
854917697455
703874396250
1099003490075
1057384062960
931867004942
887388114018
952058806612
676432453131
938995852995
998510804059
1113406637732
707226758455
940268162589
1144356852730
1022654118537
1081861270040
1035672318957
997115252205
1180288661488
1160335499083
1033478364848
984534496716
929371731961
1072590522960
897275316503
581104376856
1068838607457
923599799428
582529527849
1159089950579
1075078743652
1094563182349
989593074436
1010270640190
1016324032940
1150879897247
1086337497837
600822375215
919483769871
932397453162
1120857479161
498572095739
1150176649393
851060454345
526223026637
1037564764379
970740923932
666126660219
1108029179080
936464222834
528634203919
901895589235
942078737311
974181458734
984306332646
888150762704
972222570241
940318875981
557954706905
939189940242
724289773443
1116394993609
960085744150
936690650126
1033855254949
1129590027584
973649673129
541773066008
867432533465
1146552552415
1102572689200
1035022336060
911802601556
1167250556239
3525285075675
1048928925731
961683099832
1068773349379
851789244446
624083104937
941569376264
1030596647370
1006274242976
1061566486230
945656823154
587151920091
940429139748
1091252568007
826604828077
886300072469
965790965008
1157763189821
1074323855156
879809619973
880955879800
980111345864
868539639824
1199440285170
850907909524
978273121257
885975870488
1639327551353
1037741833038
928114785842
992422453536
755658342240
776797047073
1096262798452
1015515429690
652242802888
969932442774
688679480884
792808165310
1046397423633
868736142561
1058735993896
956817162119
955250438833
959345551454
700548409132
1109052553100
550079922185
1143381555540
1167107078264
851677509025
672868782920
860148700397
857032785019
953341288978
917257562991
564829579305
676889763738
913692953847
864197395594
1073325739617
935497007602
793749050563
1073489076877
1087025075195
841080721515
1058896283895
777269032726
814045366959
1026028308801
966764385789
862106341490
891178696528
988172791070
1466240183706
959198002341
757471510752
1117912220763
785084217185
897812276625
659714201991
803403521101
1146604239120
951586640751
1092095501593
609478471508
658792356835
701618280702
1066191205741
530544433482
1011899398033
1125803191924
529604095520
1068129244100
953509977141
561972920168
1175151343266
1039048807454
857963007332
641084952640
942901949955
1175647304365
904602926038
992913130376
545059844610
500678176816
938467521278
992041632171
674703583540
982609455578
1259129610112
703725627094
551663951247
790052889037
988401923292
602837685195
1055964633586
912994759187
1083773718917
1064240291690
761426568708
826069791798
778268507815
912866313495
1201481189779
887175786144
972791157335
573583181976
938622207664
604731216713
917200455904
974342968483
933820314101
914808001622
737136966117
532295574324
925041672599
915844149705
692768315708
672532662076
884991003355
519153580145
849596120537
922158145160
1045544850531
820165586592
790160273079
760191047759
1073548078653
1125867377921
867380157215
933740265547
648036929738
950114957816
603754607863
1019105392659
593389885992
1073441670320
1220638859444
902406889795
708983272871
936099567141
1024317833142
529642836660
615820945015
1099750236560
1151771232432
996958140115
1120968258548
597114381101
1177835643831
1101190208887
960649578520
991910177351
1009020549490
1049925144042
1198001994092
1012307558438
596602501312
869415866157
944727165523
542647583337
518478136541
921198743198
929063414183
1132162731376
945006881018
858569635798
1038251815930
574240060988
754090388428
891617993720
668023765877
728595708860
1032063884795
1001281942836
1100042396897
888101221967
978125210798
997660938650
945492530088
993001749533
776490242278
966294278834
607465647550
1015111959433
759719653484
682837114058
909893513844
583514395967
718524721705
582911007816
992302606828
946242044419
611797760269
1056864577015
573366503173
882291836451
494752304560
607228686953
969009022485
534610525925
1005303323566
975786822086
1099805795759
962051098535
831758683525
942411688577
732695362018
927086618342
531912901336
1182578547451
1083917300411
1137643604000
1052168308316
846632934076
970251542979
922843520006
701289054637
651695968694
998010880578
639137236052
1158795568088
516311545992
1044034445940
999687340871
1134592287322
873631495399
1027329828584
721541363298
1179941175247
518168964816
887225930241
955178154451
924321440498
1072675466874
529298805662
908448023573
1121467221158
810508922914
1156563018664
1110576282822
514441605937
980437941479
1165419095356
560778498123
684740101231
1057862379298
877842727597
762480287384
788689597135
921427929855
984146011536
770700808464
751484295119
784333049795
952383532078
1121754498322
912708006565
798675838690
904439324677
597353638145
1190738407531
973193465619
898917220979
1010777217028
652614399366
527400531784
1081988004631
822579979546
1052673320090
1127190719606
979869459705
852562583983
607448949834
908717423293
889190654814
1107137585000
1001622756286
1224289763985
699401366795
925076769837
603984795948
1153574727746
642342070428
1077635060975
998820289830
808156345998
943827050254
694883729122
892716641803
1087998175562
896583876266
1018741263038
1157524316110
1078980664106
1107035132556
959623143776
1060509498984
941665734718
555720188494
1149453187234
615272327296
700031371704
850092075421
1042694555862
1147569313687
1069288088878
1032269852980
906215826918
849577129581
834831299925
1143848674894
755219056749
527259161415
1010699449854
662947922461
1101422047954
1159469997407
726713384825
968599388198
1140543248415
1036111264051
1002969421520
633297301096
1026479540118
691229601386
1068902005302
1243133837941
880703073297
976341018116
935816920971
909230809217
971560927124
828928707591
1147766703694
579359671326
583015574844
1066158497036
1087433966334
832550390099
803873650734
939908045512
1123559469760
624192293009
896397024477
1004258153810
847847853039
1043651503535
729202238568
935708885476
1061191940792
1130925571285
563974959671
945055344034
998179206455
899495381681
571969143601
754616215308
1124180458410
944538978645
1081255791725
974731014869
990114181069
1210915765743
1140597255127
1053448858355
657815019189
980676311647
987385865828
541870957164
1181135434679
952426197852
710083933026
928702844804
532673497661
1034946895114
1042334451295
764618470146
852753502940
1010964981493
946355038549
910844789890
1184195910543
573062714640
1120367705999
1055779684759
916484109031
918326345534
986570637266
601210686261
589241134855
1034053611914
1105297159846
1135603462822
1091207364460
1200661850938
985483046158
1058288140039
1120900314476
605253673745
939872760639
528857264395
836096712488
1035165577206
922733269282
1034311235931
941755502946
1147270438455
875501658972
2336282456240
522201884411
683961387117
954084304034
748965192652
522817290491
989156371497
880480603113
568020949716
872646775039
1023135776654
1020055592995
706029560008
610361126690
899138380503
1131208618598
1104572482725
964792359042
1047721134272
909047258042
1046152979835
671972252054
1049688197303
523794418390
1013756013572
897139080912
843799064670
954724051440
1003881382887
591109962396
978889348538
1097189464172
705673666488
967970982951
1188283692330
954633588566
868147125491
1206716266526
1200389204918
1104239720434
964452321186
690245100645
937341485325
1160188239589
1082106501890
804249320499
527374309225
754159892250
1022340593994
964185743993
912837049364
993088679263
1059073930105
1010488938998
1052568224246
929787239855
1091344806761
1737092099128
1153837993398
669243120466
933945191498
1007654039369
670561560796
1090710419946
817517713367
802347178856
943349207355
559262456553
794202929140
992256728117
958215216334
535308116940
1095779271718
979743686896
923024288284
512885785587
1201027321095
1044087271029
1012826651464
999236318601
1158688333986
591829913751
1118812819966
782041683142
522219712117
1111649414883
971270727183
1003446071855
531881838302
1029820231457
554882470893
1033911068461
1004519645332
876864846810
1069238792578
935164958888
571424095157
1162087143731
1016798587827
928016479856
1158346409773
1272942407301
507757771853
1120337766173
1060346324035
511626906441
1089881286914
1121656745839
533070717502
994806927602
872351307417
942312311279
983679414885
1180070452763
949094258443
1046796372732
929897541093
763789422653
919040729214
977184784531
585325940848
702760650653
649960311648
989200324127
867631038352
1066265672226
917374085527
896047944820
903826194693
1001012136511
535847146213
523412073080
1329990277214
537678077123
1052278589569
799739108068
1017986296384
980468944995
542559862230
1080360951261
979162844575
946473279485
1012263697489
951624226967
520872645423
780007957433
1027947780124
1200043927659
1124685182041
532368867856
910149153806
564931349908
970712879697
1173721344257
1050375412269
845809274485
1030440904502
1093863791840
1066975372731
578597610111
1188245478034
901653640879
1140889011548
1139498851289
1151573547844
911698011706
593705288140
769353599270
630158162549
1013667935575
928420709318
1108781205005
1064565292545
585100561469
1110588583702
919854701993
1063696103377
863294823036
1028707656406
565539999398
1029256993189
964679421761
1192404031997
1013446900136
973440977267
1054714678794
971698646440
1007212230139
1044246118636
1048968426301
1223104454446
986368379375
734605558742
992866448225
956627385338
1147319754909
604688608103
631920749553
948815592384
938306233583
925431954092
984873445741
536875542791
889687474698
991717329427
552225186661
903651751660
921951055057
930956925066
948531794308
1112262736383
864835494938
1009684680820
1064480457867
606824495681
846897930448
621645749164
715522401398
1009843764543
1032804789461
1532058050298
958931503629
752938890418
531126996262
911201500625
1148963503643
1169031698875
1008990233644
1148648378319
920274829009
1490046663734
954128180108
577818352123
766411205654
2786266304519
1117576865834
944763281518
676674412381
792211756725
1096066048649
923978173437
982369050143
1030257477314
942694841667
1106387042244
612074127890
1105124996428
1152509364536
980909201232
1072961203042
781807602850
938369729181
966905558782
991080909433
954544019556
1144396110263
1146527320339
931919097863
1091712087455
825140674106
920964457438
949714544993
549184425426
916967024625
940960910025
1040649031490
1023079179865
667601344298
967991460310
1143269232195
912019692768
929851503396
592749987683
926138869595
555944851338
1025192001400
1264291556957
571547482308
639264527841
1107490557848
909398469165
914305207364
966500537913
1057012531941
975826607104
945248742120
923328780296
999567734239
694960341152
1014768861847
982747496293
1147305724976
932465183409
807272317190
545602050772
691794832577
953202370986
976280940557
597423438901
513847889236
1096938065971
1609256623710
1014479478805
931585225465
865856515264
1022318030904
1112359324374
584078850404
1165516194183
829929149495
902620495347
915688144977
1087621033793
1212503395335
641091212256
882860126552
915380053726
939819051719
689477499078
1356460417232
999283664298
918562197289
962542910131
1004959944083
1043764886512
564945403263
942609759065
997638437164
745330746392
1501210001115
764259865166
964258486325
926651624038
509792695918
650314926073
986717373448
1031928504404
993495070668
992216585253
534043958127
707166520142
1206435855408
915094163958
603216112452
606047847637
772887328695
979936149679
973289224701
1004283483467
729772178700
1174748716683
818516674873
1026672343616
574529623180
955579398216
886701572429
753369903545
955829572132
519424424856
1007936707643
843559256265
535606506940
892973736861
1115834661083
844506405753
877742776782
1217019286065
899694842045
973081377183
740412930652
567128639591
1142953824592
990977606399
544046135088
926890255635
568109862392
838930377334
940567497046
1020552113922
874149312136
996688247242
1135366345325
743912624324
1030080924591
926045878398
716895922497
1007460149736
725023442554
883256989847
847567060955
836205557243
1009519354957
1153259604239
891867807625
977785494929
913257858300
1812969973233
1005385772336
527103036102
665239769543
933465795778
3279931386394
1186538037780
1159374455691
819307698452
851662416608
588666996968
805162999470
813326249504
1014799594856
691076911150
996604679787
921991040088
829615321320
1122821724028
1224406889038
721569398550
638666452151
1165766804117
626016055739
1019978487755
1189537923609
988674606035
873425574572
1105948258483
1000778545128
1043265158195
680455102377
1166226486000
953843542451
1128409080137
760773736720
935876199358
1044906930426
1068143372719
900217136473
1132799553231
993914088573
525055612226
1173723779575
1129911868961
961808919960
853286319665
624550963385
1033005245102
2076654377162
894935382013
651660175849
918337296614
768170528608
1007641864934
987693130048
678179246858
910429684308
945532659011
1168405198091
854963351949
1068379771377
1094834327427
928616494985
569100341941
952709972821
1032875435374
960188331414
1112440719057
590630562470
955739042939
1037901782484
961896348378
1027483241967
1052994737955
1176451041427
757403256969
988047097144
980855409592
669681937867
996100381569
946695471170
767067151688
571125143200
880282935326
885601767031
619092796969
934040017025
579486605754
632663080840
892554761958
582355497407
969358197116
983994498852
845320749911
1195512152716
941152732436
991108061488
1163190107707
693592855405
619522541673
1144706646570
973735761628
535057580836
1184687322709
876025103767
590259662149
523243536234
1106730125127
982051627587
697086338176
992654141549
779226890766
1119138429206
870844555955
670914741365
985203031632
935454742678
915433613750
1153910725131
743995535857
769251115609
907460155135
1202875578930
1710548481746
670752009695
1030810902071
923378522251
958202863075
779154662210
758802636821
1026773728952
1109306564112
1080491323976
1156627358505
584628466060
695829202324
862315113925
885351472195
1023882012318
942389864058
945870631123
833936628583
1215974793068
1516228944199
1125032639224
727398976699
539219550205
937153372996
1049158473225
937816341257
1128969390027
1063848733628
824986297899
1171167531418
784242601449
1013968324375
1056021418563
905808638687
580059462513
1087920643430
908065264955
1117870959012
1100985488138
839289906384
1144120045124
1076353682603
1101682315734
920410579143
942963079487
1088893763108
1680621874320
928749814669
958731561764
1170310292883
1103642225625
674835418350
1119626044333
767954473123
1015443489930
898480611379
920859142482
1007388646754
656273171818
559169964805
829151536178
609801726351
1045018142365
771471151292
804707312653
806906076236
1080243936921
765785218306
1093174317520
1000445012361
969599459530
950898703725
825601173169
930361617118
680297584091
1024804627156
792603220277
991689992394
900892261786
1139754618078
643437354451
1094884188563
917049597900
1177040170013
1006850759090
1127451383880
575191861910
1021137787772
844246834064
523261448700
893928314748
913854943236
1052423796791
585582180387
648417101987
931796993635
964413548078
972531465382
748719397129
994653741795
538160818589
998674777642
865481156476
841826881464
1115999673568
1016483053133
585847486453
1068941081205
950767862087
770475916265
646452270917
741725054810
1028470344205
1069630817971
1054143653298
978268324246
517542263208
927473329204
1003863289081
888974538450
682893117297
970049980754
1008217141789
1079972323110
930850616912
826581442761
815686332188
1102322294882
893644650636
884629577259
893789202829
1080387822990
1063364988227
1232666524491
980410702475
647571255410
807746775193
547709217481
1063392224385
990598142153
1102021063445
620882185202
589721402480
1031658882341
948262113747
961833236417
951393937663
1006327598681
815160002502
852212144927
977613481201
1041050346515
1115425017369
941714719030
528979409113
1015251746765
1166871013555
596268636661
990717613177
795902246095
898862812768
899436724889
943206650061
914993046279
1109399908232
1117253270378
926429231346
1105820148481
881623222718
919106584122
537167344958
675176089654
995823062594
1079170717673
665427249526
1061300173676
919268109346
496395320838
660965685961
907296469032
1002202089121
951071981676
1662087162893
1129318691192
969423823988
939427210389
561991556678
905402965448
1040776678682
1113165740550
649371164805
1068302218160
1066498500825
1074854593568
1244522288421
985564535118
1113086221008
1020615233234
985011380955
897477607393
541166042231
942498668093
1048389323362
833527681901
1061491951903
600217195098
1196659894882
938019672691
1002396645737
950679323292
987294404470
1103867602436
954366520868
891473377629
986630281718
978923791918
1231984611436
621252039376
761734168175
992743103993
1060764261568
1020705546339
1571093649104
977863136587
980646290556
1112121161267
1055349241493
1173050742822
974464142392
502575991147
1098749781620
979824477309
1103023388467
594880579027
1105663324449
956496304618
1079465234413
519320054782
1042009536292
1159898027901
579216013291
1147602980522
576873686355
1117013356196
516596067360
510314431937
897160513179
874706492083
939584329029
886488480713
661936266884
959006767593
1184914517379
992466003013
1143889774922
1038582904821
630053927109
995049045007
1018007653625
950605821437
633320898063
655344355863
1111512651842
773971196197
1040065822564
1038648477431
945368194358
1076025775377
818262805322
856316731163
915874221151
1115541801126
945263256798
834264809431
693270169008
932131097987
1017971330168
1021367131740
793012578651
944363168031
903572992458
1226335509101
814580315424
1170298089424
516188182014
1033744786736
822010428782
730446723113
530942770007
948606095472
960403914336
968818932284
938112518869
981373179146
579871332014
918868521608
1239252382100
523047408147
793591580524
996820615451
840231307716
1004381797130
1526048237097
1007816646252
887863515071
923046104567
643654974359
1248858619480
687764003133
990027663934
1898409453700
1695048924846
673593044288
563478205330
508621838148
1044804245151
537500632808
1000187274659
976041299858
902448439231
1044286343022
913303475463
964490766350
682551134816
1132530476829
564209121594
976454420374
955507003782
1029468074030
997413608776
930714820839
841150773901
768763587259
1036727210155
1155487606349
822862529851
584487681819
857554907519
843251728316
1030799622083
1118283094303
907127177785
727667254038
894619833424
754009402926
1220040893404
1014553457090
570477104291
943644364237
853634378056
548126946141
960338826835
862699287381
1073465349903
934888799351
1203394353727
831468062462
979374943194
724138493029
1016148755776
1045545346611
999020303408
991740976659
681758945983
1171530500028
987928960533
1206063972362
1119287921609
875905704544
889155918759
1144540032787
918001935611
1181963292180
993939976936
546047127355
878266335532
1118471343317
916563836306
787379393834
1218903967287
854732907882
707976365878
926356379840
1067152123783
591548892597
951474115019
986050981197
1000338017427
947732430771
976259950204
1444643444929
1143474367515
1084085794516
941663605586
653551917389
585002853836
848006943332
995501017931
1098030645793
601672899380
859794493246
567878573527
961153205952
811368872498
1015919232331
1067481675989
865356716251
895773269141
900989366172
947202476964
962827487493
1161116354953
564013591765
918724337907
1063079415909
944169042844
529744940177
1055994337168
896988623465
2006499027301
742678461043
1095503879959
1196968349288
1114068742317
934407701382
519812570322
1137693141007
627271109099
1056660231820
1233547962805
536400316565
1058588438045
1155299826341
1117289218588
1182092534417
596092534303
533045253969
943155787072
931012888091
989467916661
1014552192839
614067494325
664308865013
868979697429
1025394288708
1044329712140
1122253382129
1187300151566
639978129120
1035862637386
1077065950025
521181862940
1152674417144
1301468056793
859550334616
1037100172470
922963755691
975415413359
901745653058
958045063179
1033309073313
689650714099
651082236621
1049805313500
1023398475684
1108443951483
835261468728
521472671105
1145402962122
1109267532300
977451841963
1001476958510
980953939603
984387979700
886250208651
883835520360
510941657236
1062446238223
1180631846753
896454263065
626243988979
979087986380
512027334623
1026952845742
889498817164
1108139344072
958390307470
784539741479
719470842680
549192941972
1119077361516
672672807818
1156070354915
860709427526
613831017143
1156565241233
838398814248
1060766678875
1140717539521
922328140990
522728766274
627507530608
850787186077
894955735288
830875638949
961388491829
1060981882815
647872389512
610023893101
817188705060
1124299361989
883957186263
659019309969
984167312287
669399072528
701680277004
907318452656
930142545569
981757419566
1137927342948
1128784764124
1104552174080
924391622974
810458423836
1074407242370
1031842929778
950491005898
587943299729
517773184755
1027510377564
1292929764679
1105526914819
723189741943
965856793486
881514268606
1055851102245
749110477124
984546361416
766014527400
934842602614
968533065313
949233194376
808869325263
926888829167
993571500578
652942338725
947541503490
525866979804
1020720646969
1169230788758
883455378347
683324025546
894742846065
1105905305081
1126468277933
1057232958052
1186350341269
1103439922339
1191572351078
1021589295757
972423084014
1116533375630
1077713514636
539474986437
1110793613896
648684721961
755910851350
964774621060
852984165634
972560807853
1173265027514
957061596443
583586501221
871953733320
1062651688853
1168798147382
1066570127604
1022122733251
1115061763238
1052853382733
1083973081698
1077367123969
1120718510695
1119793533694
1259975183428
974634012072
602253773461
898233820777
976644412660
977341464763
1018219778261
1117394177148
982954872373
1002851772363
1101409483241
1058377475819
1023484397570
688605620288
1136485685945
917132183490
1127293375794
816140914165
526928714157
1136744250983
892063351508
897797350060
1060815288134
1012154481043
508991655089
1155661479686
2611896128938
529330059616
656293048956
681548205195
805627519088
514846688591
1095384941333
1070180255826
1025711936039
1015864012498
1202046469896
911842748714
674473705111
660452269720
750564997909
1145218816757
940123822532
1049373053983
527688188677
1146898749297
932001840547
1028852329092
761576338569
569932659446
1148312438303
970514101976
965050354486
990877131745
527943399931
1128370086226
1065044681268
588354145588
1050195868483
913668850741
673763577674
999895743937
505833252046
1129310227222
1050968233789
949586247289
1132425776463
1141538949151
1091889334696
1141886142059
1048714879096
807454894108
970277881432
800952439904
1023251808536
596299941865
891871042946
976111973122
780752281752
969869845470
1090210987854
1024837576696
507925625168
1238991708683
925961194645
1006434728005
958299845593
1039546205564
743106311549
540213136850
976847649791
1097579975218
660635582771
1211486498658
728913163612
1080100729291
994334821272
963773287026
542159359550
1115143145676
951492234239
592326137335
1176454966877
1071870420788
1159504027772
614952846762
849116523785
1112171604191
947941519077
1001787868408
1006658140606
1036239390717
904178030904
995784188666
599361817683
1032067152387
961848166589
681938997549
1017077633655
951157106933
799065276555
1092450332910
1014238305106
1091314548346
786933973929
884657393610
1033619394542
563166507881
908475764246
959036443981
969059419300
813888002668
816748721800
746446776076
1064471599007
896683695170
870231681551
850996051253
703050387813
882170559647
731904260968
1025695037604
1127881125180
1171032153810
919297552822
655438658685
716213249608
746955952229
1085884713411
568246548390
504313248480
1062067631902
526614029380
2241846114757
1083439956864
1521461275545
1473930137598
1003962943443
518744602059
1032865857784
812373609579
773962742892
976622893453
1029541893673
1114650896037
1122112440159
971391740975
609175512161
578264435096
1123449442414
1196327079510
1086027784751
1107864336628
732778124077
566873161280
594982820531
943864391031
1187648601462
1055189748332
976220741545
1102237319818
889864593480
1230435467682
751841926469
650015675146
1011525608433
671523230615
731157663965
1170734007258
1123925305466
1124004528142
1140580500367
949875078267
1092495196151
947383341670
545305045861
974628406551
1130026377731
999639879757
593538419355
1207702399004
667454360712
1044222944688
934313770128
994571765855
1114878545566
671168191067
1068374687804
987550663170
944149348869
905444084248
1065126093832
522469741777
747834935443
933345210911
969257737486
747156023551
573810786946
983518286524
1075401761452
637300322658
938910512275
800507441277
962962222652
911700874472
1021645107505
991408631264
1150832931344
934160078307
959951243979
1001818280785
937476412819
1032586205923
1160092267522
1164369569798
1054862770757
1189428580899
1005955302111
1162064590935
537037692195
637886383620
525405643060
531762369848
920655012868
1011435900743
1092124900147
993871381538
886086775514
947257910509
1381344041732
1205184334093
972562657014
568208172946
1029734254626
1110615510369
757978866045
1101052955629
811727646749
515181458637
1016037487641
979444835977
725712121522
552109233607
901802353483
1125267918297
662302163384
1090148400193
1828871994189
1194945539667
1090693157052
1122612482035
1109938957321
906964479308
1009573083484
1097771109599
1039701212573
617123969145
957545951270
517947857878
710660456799
660246772071
963791725736
1106943696067
709074699866
901327757648
1147092655983
807974201519
918851459505
1016003601087
911961994746
670598695714
1081360587619
986786529881
1208811157808
593655309314
1168353284033
933060158385
588874491039
930407126895
923930524357
561191304034
661147903117
707621176150
1192347500663
1055071077452
1070304983337
997360205235
916006863577
836836438871
512766549399
897699098565
912250247062
730356609015
1103505402846
859880861798
935110033498
548364816493
1191198174416
969859517520
1056778334560
888662332729
811170462594
907840876966
541462776486
870092450675
982824633321
1108644818664
1046617100641
1029058360502
687519225214
1058410892284
1005753318538
849345796973
922515004350
1050883516126
530315930281
1018903716585
1086543037517
690545393513
897684257519
901237783495
581742531785
3072729933029
1102697251567
890205060524
1034445684701
1119579085522
1141297395192
1076664919297
1099622770303
643091233148
989071887230
847924974431
765313281431
953272147709
528930918141
990801495982
1005882856117
1113034606833
883089022959
985748326368
1022926543982
570308137078
1000896812990
1078203672190
1122829454308
884374342565
805252770582
572480882906
1048026625251
1832578968780
978412942039
814499897293
1093251255964
1093475804536
953117083731
927771905207
1024161716715
1030992468254
525120845768
1065439065381
1183774290320
1042393235560
905326034549
852030068708
855517816573
842366524309
539773873913
831851867800
885898185031
974523630237
971788461504
533692349912
1081509549374
1050619489026
1030223910359
658168441371
1118524887207
1088308119060
639389852474
921830472994
752693740375
659893860572
977883374619
863010646103
1039684442609
1169744064291
1137737116460
965027944536
629136703310
1128653781943
1029351674402
544805835165
971451847807
948372940117
1168038837543
1007700866655
633120582869
1157890117177
908561078122
1077273621596
977973179056
872734072052
974386511099
934181944009
1130843925523
622538466055
686898802206
694328883432
657164482920
1178394537670
543586935872
1001588039045
996414954852
1083631744742
993824002483
1020363567059
737379399105
926528814482
1127719796482
1696772774551
559607515813
1004570222842
890832174990
1174100298244
805999299279
771930600670
1048825492658
1069875777594
734777087520
979779681034
902842722681
593971928324
1432042175753
823575016940
534036483494
902198632180
1063221932502
962867055123
949933012197
827496123958
548045733183
780493385228
955444687239
842151423333
984588440523
1039411589411
1082918767750
987115877227
1126864517680
1017418116803
1139139963417
718370046577
679355771198
931506745962
1101804127474
581458074146
1051355878414
1038978781192
1158568505763
884426248503
968859646468
500441820239
631630773049
847372741562
928361775105
1060007188249
1005697803058
794793456097
985911205338
957584192034
589794353156
1013974492312
871104594182
806891354835
808700056360
1111837685658
1050832907454
1129469708277
580553866017
661437405049
914587842751
910613392196
925485676355
1032355281060
934584803471
979167697313
932030445894
625501258407
913338823773
808319447482
499187831693
1125325478734
992406751614
864160831591
928474433951
703306938276
1041441371650
657363050281
1057049037333
909512790500
774285028342
1171940734503
1050054089478
609040020649
856076146185
988915091764
1019306120408
1001083886958
1159367021225
870015239857
558163156078
993355294336
1097264322016
923918921526
631111799188
1157011749447
520634783237
1142292955540
962183358079
720760231653
1032538311915
1078687511982
999990419379
739631917482
1043294126154
937676692701
1019895349001
1092311429246
1020845273690
1112679619322
944320431107
518894200683
908689017699
1019358557974
1027305084134
554623652211
608043482614
1123498498500
863505367122
1095838808570
1110091953754
959692708179
873900298581
925542405495
706552607965
1116742236846
1099191793699
1092742087950
936332931498
1101770983636
955120966040
1004048138711
531053337501
927494820029
534591548729
936980391737
840175461476
917832360231
722190737555
1030713154985
970986478342
924947762052
945106314569
526808901481
973961072248
1204275356762
1018368247476
1045863875053
850676209799
671943476840
821180566992
946041300916
851557189154
961308724773
2492929735339
577460666267
1023796419683
888943289455
934083174844
1082391690556
948098264118
575351410460
1006893026455
580729907809
877371356697
565504396035
673920152366
1157104159706
887596652321
597676955489
903281322904
751617186342
1116533045279
879946328403
956287450956
932457487435
1121270079165
791655843080
828350661628
932278008290
1136587853598
1080063096104
520553860501
795058296746
1161702231574
661441837424
1138549212017
998375909154
1117537223522
764922555554
905016296704
972112210459
1138638297846
809422738078
1094427053676
1120142535305
923127883591
1062720816358
965592140354
1150327395037
588337446376
876343928119
971995433693
565407386017
891980907816
678122130627
1046740927759
571946200931
970421335787
890866073290
1105265451333
921739425295
519505340096
1057116566803
516750211104
953909577320
594565930080
1074266240641
1114465303791
948214319953
1094875749203
763278640727
911276692839
583975205773
746175878347
1154902021326
901078860263
1155415739530
928082319589
727338732071
935294479309
868560661137
1072428771255
915477327007
713100404496
901454062792
1217709111553
1003125921573
1067381271467
911545785826
1051819224243
1151390292111
908373061748
1038509570277
886373237922
1097504793843
970472865627
712153665546
511051672631
1061525442118
920069542403
1006250757953
997285221244
691168967760
1047329303361
1164547065658
657476367462
885653317069
916661845167
1149318305582
1269818123001
581021908122
882079477993
1138385645554
940780524475
749655757203
574905641313
1253569465187
1083070645527
952279314905
937612279524
901592570349
586156866082
1059456316504
955875239324
747943301212
1068828554054
972971381231
971175584092
507593589184
1155162664201
837186002888
1104833857544
1135947438091
566602075260
845414597012
827884111726
914404161003
966351550150
983702691468
2047982531348
650792336964
1137140556077
782142444160
669320052768
1027808430859
1100515102638
974015392940
909768808540
875436941383
1093914141164
803659050962
930623238731
812227725861
1113995657017
1163951002261
1031676201846
671692704385
1196273558141
723617148583
813457003798
939067193178
688261100627
572931834962
994313184761
1029207914034
1002702819762
1040552444115
574163840203
794275512449
1006598043074
981796416605
1109807057689
980107044036
824568562254
1122838974787
644269898509
988495424633
963087969498
900117781651
904990570963
982799708590
873655541525
1172540929224
2091956975586
1072304121244
610814709668
536804627848
644637072720
908777455722
709296689700
935462836752
1027257608758
1079047756251
524101577543
1090899288383
787662264125
678976958221
1140680019938
554297327486
990358276859
1096713575735
771637229718
957243506583
949325451893
1172194403011
494727023455
932671881911
557340283683
1088102417447
711757387580
947603832102
1081615314246
1108398409742
1024083735387
644260569101
838032336007
986219734530
998257463716
948898693419
1003609382749
2269528110428
858765391730
876603291468
970840780064
1003234107863
906756868335
796521267247
567155924945
1134248644262
913566151997
1100842280644
587053301544
715453825201
899395594844
974842525685
1123073370034
1062500894416
587808081007
1073848698867
1008315998521
1126146609827
949637728540
1002985706440
1130654328461
1134447225763
905120952258
654759849281
952413078845
1066516160336
999532634495
966162681389
536027812752
640122257596
538589274356
1099588110987
1019423867500
599665392720
636457434299
719578933693
1012587730207
1155627697073
991601733486
917532456988
590752097944
577278241024
1118363266673
1123286866818
572263231254
918051552396
973758626021
953630455161
697293243684
866623802487
930323131276
668759484489
1091829941154
766327914423
856596545832
1163161423072
1087453752816
1043980530553
618366808795
1124428600982
911385244562
1017264065830
1042433380889
1156630646442
924639928306
1105066185376
1107744283468
582610020812
1072693370802
850425766022
1056886162494
555687780280
1114173971580
886204809235
927274311941
984454995957
1147377725826
879304393757
1081917549198
1115346369327
856240576828
517440417911
685402716501
1133687257063
717925046162
617748893596
1085683332851
1119939282492
1019773758157
1052604529262
974788435436
735761808944
576667257420
520195179651
971764537724
939294602338
521212220581
844414344846
500207944347
1019020692110
1075203824731
1053079775236
832808842973
517088904621
876502045265
890072299589
1194925688568
641399633526
919336585039
915949995951
1132063743991
684454020445
535040591833
827386091795
1175204742660
1076837931481
703440406248
667676510787
579645343419
549617672660
717408058158
550519641673
1266475127197
930726095150
974469669369
1076700248470
848226713102
1102443378854
770229502410
1085008441786
586806361131
910791004569
665875032567
560404001358
935981079205
1134726980774
548920167341
1001848128101
580356732890
833729663638
1116823932400
948736365614
1004139382943
981302650783
1148040295252
1051641075824
628623050006
1045772783253
635383939116
811056143175
917976818877
519956482214
945324500537
699712358824
575424648888
726317289193
919797383727
902224287840
956954022337
824311612615
1003208197946
1122390725414
573794002132
930910059408
1142937696489
974889865148
583072736011
653932466133
839694054756
994712065024
1072067563133
1039865957945
575960454794
997661269176
592593120663
906846791952
959315980412
748080251379
662092146249
1005168661337
963147353434
1049263716024
1001337955472
900690107185
777553730589
1049233113613
537367485208
961061427919
1133193629341
1002435917603
902623236484
853308140477
975056787386
692831599290
888046284118
924182211345
1001032459566
1075061949307
663069658941
584830590153
959742203348
837915622037
858643475284
635152103455
1095943452235
892205201435
905751201644
1022687391237
1279264998564
661045465187
589898828594
1110756996903
943454465535
944352061983
686024485553
1111998369797
1063917322064
990019776709
886875972195
1074993486790
1220650321455
801681014745
950170303959
1093104362055
783452895083
1154493526422
1033227538692
1161479217588
1021938803775
1154988915877
1066499846199
863666849763
981496150331
1037076594197
639612591939
677748340821
1006755180953
956744798389
1092934561355
749865231945
545560263658
892567887694
1058103387878
960049758130
983099125670
1022023849207
975661374402
1050553472646
1218244849031
957158258665
1100576448118
519606913050
1126787548127
907940181530
940735991640
1178883282729
1013187832308
708126639859
1065406667917
712892546028
1091854511829
530833643118
1130841572585
612190739407
598039760160
578587028803
608127320846
905505294966
538053915329
901240684120
986002176597
953764591348
1190973473219
987922251907
986777769942
992680003241
1026414704307
905869436760
990817493180
1156033379773
1176995437819
1044671917871
992584421318
922434630953
531564531998
1048609157946
996783385807
619458393942
651485919849
1046121869232
829277536713
957962430607
922062667893
939740061969
934422507622
967247749394
1011605450083
685941983139
1189794454552
932559252112
652506374759
1029582069524
972936842226
809879323943
1038140854650
952763501408
882943133587
2366202135946
895573018597
617500698699
925278397538
679536510962
866848216841
1049117332449
1084934743738
890382393013
1092632016658
935965118470
973545477386
738249958596
1008535364944
981205520470
1214758005687
973806089487
987015193389
866044434491
514724662290
540339459381
881261289971
1113799923344
1213562916567
975072194511
1085611991743
907488260133
1029457111362
1119352155607
1111414667253
1173141582733
915191946662
977028101002
608941551183
802924350411
2151733790775
1222190613547
1162730340362
613921969960
649508281059
661857198995
942517540648
823799947403
737309003576
1085355779354
1128015422529
1003570155544
723889767883
586565674382
1011093469937
899240909185
912608354704
1150891176807
705158289757
1172304640961
631773978622
1084319880182
1139781697082
656675842363
965395957685
999176363126
707252610168
515278440962
965428395245
1054198205259
1103687717738
523537022030
736444002170
1070540476066
586504748491
857078296291
1109842363892
834956213379
1078315932013
941310827577
872380683536
946762883516
988686145844
599191589226
686315894320
1004873056543
810952431908
1044487184905
850293466323
968053330371
920711619674
947773981316
655595847547
1007434472044
1345087461030
1202795419533
1126053545427
1009171679546
924773273277
906415425161
1071026038171
654760881327
656549915429
1134675053026
1048977555072
1064344566138
1074856433370
738664118977
964369845724
612947242183
1085419017407
635521991357
910435636428
1158743255104
907746354845
989333562804
768447355140
946976337512
977797663996
528239352413
634703483338
1038436718227
818887732373
1163623591138
693135404242
550897909771
1179771339572
982686989105
911495203415
1044453649695
889906277950
1059768563068
984433869130
904727900297
1076519994030
580396413722
1007430223213
575017753745
915346696330
1169544719288
885250071851
1071405954743
1063009478623
966618650139
587461297725
929534926556
921890199250
993688440952
520097757028
927986962429
729875950407
792638297278
986501107959
1041824364675
675851404846
791286141201
1123742735674
1021687503145
1062820710950
905327351330
1116135821172
641994748285
767891272848
834541433312
1065946285886
1086865119310
955792779428
932784079857
849929578085
910470653035
677438205853
860613362129
929159302002
622036891427
871116889663
551227531137
973233467594
741434206411
671333966932
1133088283091
887965212393
587512161735
1002678762661
1197442138660
598944446704
1334500163793
818137428782
791148463824
942023850036
954168974046
914626125071
859455651904
1071803508949
1017753349768
1144906975670
1011030140038
980501025760
888533470628
722341273910
745265009513
985158437463
1150568212978
1121896476527
668632724218
590040141915
872960716414
714466020006
962600387308
805056588530
579794669384
960737809378
1062549020997
846017084535
1012458708529
890625956302
967764894213
533814264522
947166140523
1104078779796
525271291094
788323438451
1128497664512
963574840012
1128611996227
959812133876
966218286793
806044797719
1137036115780
666495424052
1153230680874
1133740414972
898604954588
1126717666206
508344701387
1128630846823
809094876767
980627823257
957012492344
507437639944
1089562877278
1153941718493
1126958895066
660206257230
694356814356
1086756633988
1054423240803
1212710189788
778596376920
1027742907715
1135052404543
677990517251
853981473927
874771371100
1068184253777
861043282955
1083016276521
1147109039685
512981818768
969106230629
622815738956
591408174721
968394466614
910954248555
907983652671
1006303936622
671687886591
982563960052
1188886589835
1136164643535
731662770563
1026309159407
822320884689
518534991505
955761463678
823793906242
970943783638
