1544136980
1666778645
1819558625
1808992172
1758458946
1659601098
1668840223
1754795628
1702577416
1751741752
1663625363
1809039213
1717570870
1704827319
1634613022
1756516975
1709443466
1206738159
1498786500
1458351100
1468123282
1461619347
1640334146
1645445883
1603197797
1493902385
1766244345
1655773654
1764442109
1706683615
1518808306
981597647
1324569242
1676954315
1547631324
1728694797
1592898150
1669673271
1428980941
1693599054
1669996373
1756495282
1822182959
1704224473
1661051186
1798154074
1786038243
1817724740
1768908244
1807422488
1755767821
1765782025
1349632205
866723102
1040147126
938591512
866101365
967703012
939631094
984113955
972491011
985431316
950355981
948026754
972712621
1027672999
1038098171
1042063808
967824906
1042020616
1063360701
1016993696
1013347101
983567499
1103721438
1719107183
1717994546
1718299315
1687402889
1827912938
1604449505
1640277630
1727144441
1682693515
1372909563
1567529424
1622921213
1710210658
1755471496
1710582063
1669635301
1785284466
1744901739
1745803740
1704197686
1753545869
1808625014
1758446280
1756155879
1731528179
1560598171
1455498844
1461622660
1613498843
1601253988
1693125943
1707547035
1594064728
1677172925
1718246918
1670424657
1724825882
1723233596
1697611980
1676736109
1733392889
1670642072
1692434164
1508559889
1469063361
1621670495
1809508749
1803177528
1669667429
1762490226
1707614055
1659698576
1795247094
1792579655
1579371604
1639113330
1752321106
1719095498
1757817377
1788397672
1687987037
1438116501
1521177887
1643925872
1510453951
1736419600
1801069583
1777289715
1713671668
1672589714
1757545340
1616539753
1751290126
1748711309
1815584572
1755040389
1727303112
1768686297
1722260730
1713827288
1394964617
1816787337
1808738997
1628934892
1708472357
1661530000
1752722442
1671361762
1638624470
1685192122
1711204122
1773147682
1375587880
1079968150
1000174723
992141521
988575210
1036721754
1038093831
1039212391
967669865
1073748664
1063915379
1027653846
960830945
975420730
1035469247
1051955226
1026459677
1028838806
1056170005
1006217129
1009124247
1042089714
989490509
1017887059
948163588
952371193
1037097377
953873853
1093059418
1059133642
1011134937
943109936
1025981711
952334064
943434429
988722491
922464621
936963055
884325313
953483290
971498039
1008725150
1012801106
1043187107
1038698424
1036388658
1059013774
1036407034
1033589604
1010676614
1025202896
1025918057
974535773
1000260917
1025701470
1034481798
987486596
1038292874
1037265963
1034439772
997917423
1040655704
1013657359
976458664
1066092703
1013685601
1018124622
1609484700
1645570538
1665128095
1722336873
1680924156
1619730299
1651196143
1694481491
1741906046
1683032912
1684243227
1683921935
1647391895
1784776905
1684158748
1686869875
1703810464
1675727992
1776952040
1665653049
1733926771
1729812691
1762806157
1815010153
1731234334
1140547831
999870352
949350956
1078750400
1026388131
1097912761
1128736013
1772915000
1689224585
1615144612
1677275156
1668351496
1398614517
1420709858
1391686318
1469997379
1390313006
1713938082
1716454298
1690921358
1637685119
1738456714
1735810561
1643740771
1672379584
1549009482
1675937790
1320807021
1064013132
992094597
1066411730
1047959243
985392251
1023692477
983214900
981005569
1067935606
1049033382
1427080905
1408329112
1446907943
1453495228
1514884274
1573055255
1639620292
1566525047
1581001214
1710790999
1719570075
1772820806
1792421570
1756901473
1798862327
1708881983
1727671506
1766074275
1680462037
1768201810
1701572482
1651428744
1397999157
1382297265
1717377736
1596439523
1681331684
1759970729
1688511909
1684915586
1758333144
1814445925
1720398283
1677545171
1633420243
1676495774
1625054994
1041210648
993072706
986501670
1032825271
1045985886
988999177
1089872105
1045223121
989672681
1636026592
1641840563
1724466821
1677722229
1640995983
1549309568
1545590176
1634529428
1671382403
1694197204
1697437601
1675811138
1732892699
1630975009
1652000434
1336532552
1057900134
980687241
1015870458
1016511494
1034991053
1035719744
1031245112
985943200
1065235683
1049146012
1033806141
1056392342
1000114056
1262674464
1680533037
1733509607
1765968582
1831461059
1692541176
1650649822
1584006292
1719541101
1686535127
1697887121
1682958243
1716378449
1678103797
1638435543
1737305306
1643061080
1724677755
1684382926
1734271349
1562933218
1485260266
1455651566
1442958643
1467521953
1479571805
1451215032
1397862839
1527184964
1670455028
1649332952
1689562582
1675734321
1767958044
1677693668
1719148374
1633285977
1716322796
1736211014
1695561213
1764209256
1638549034
1689909024
1687654323
1372915981
1659517066
1679931825
1773976517
1681140385
1694157194
1722269826
1679970684
1763607821
1822168931
1689976800
1733462283
1640235938
1729844365
1811511980
1203718813
1436348464
1459490618
1504166496
1480124600
1378760468
1479669815
1437719393
1582660772
1700478450
1716350868
1724020674
1718520486
1705922924
1807544508
1788378384
1671089618
1715811796
1766766312
1627959594
1727154038
1668459344
1732373130
1215092481
1661350376
1799862970
1579533090
1707224344
1713476148
1617585361
1699978339
1697281207
1754786346
1710738216
1761658473
1703647742
1757303872
1846310310
1705762910
1644449243
1711157633
1763405800
1769131271
1649791782
1775833149
1767671129
1727307336
1700432135
1638987525
1559602685
1786206073
1794722556
1709400775
1671246886
1790943305
1745370995
1617378728
1793991788
1754724638
1754703362
1776913663
1618526738
1757131834
1854458641
1679758358
1249313597
1591515511
1737959220
1704477131
1633873494
1709953027
1712582404
1743924896
1791258916
1744686176
1707857225
1667769298
1726749147
1766630847
1722894548
1761883304
1766936059
1547489657
1572573016
1513259367
1585586000
1597366861
1625796784
1672482247
1674233064
1715920660
1761441986
1746805053
1778259054
1677870609
1688616584
1765579398
1735818996
1224228358
1644153273
1710340719
1665286777
1706737468
1754635846
1789968043
1720352555
1762061289
1813246224
1769746697
1721670762
1798863563
1621694720
1447107642
1404388706
1410139796
1469166075
1456349971
1531457373
1546005715
1769328146
1741781710
1727588089
1733254587
1680976048
1672159993
1730124511
1763953463
1641701194
1643003912
1673559466
1644058640
1721793596
1728436352
1682304366
1557912837
1674566571
1759683596
1677384904
1720435931
1755192202
1794844525
1713619442
1753958386
1718834659
1805051055
1752424748
1797400224
1719575850
1713178338
1494164289
1425189353
1430970195
1430888269
1557378661
1627971432
1650928744
1673086507
1718966926
1725124892
1685422591
1651712624
1761004606
1683053222
1691733668
1738883108
1732525564
1772323386
1648511241
1538595898
1802601458
1804838675
1794697405
1714114698
1803099960
1746637674
1628548950
1803931299
1710467790
1708699256
1748925732
1706505510
1272660500
1686947104
1802241172
1805245459
1766410923
1801995873
1794095168
1699727114
1613593520
1702615087
1710636931
1805270418
1848365720
1646664165
1800967251
1645078870
1693273573
1685856342
1775051600
1531348984
1677779672
1725903177
1640447028
1642602557
1776853658
1732180378
1682076463
1649766506
1690626604
1779190792
1712212966
1751014967
1709876213
1657179723
1788320850
1797668862
1717170586
1769854644
1780399307
1716219735
1715949666
1709328237
1711891561
1749966070
1660651894
1774162368
1762953361
1785015876
1669316651
1755023482
1750345095
1643722143
1711787429
1759186652
1760879518
1654931428
1557306009
1747291849
1746799673
1761395356
1669805460
1717158249
1738841976
1787606468
1747206159
1703160045
1731981377
1801235751
1803886651
1712878936
1761868644
1466284109
1585057248
1582315326
1592176087
1657668809
1629198981
1720916406
1727782900
1548212959
1723035378
1727956938
1741453718
1751950443
1719005233
1736054863
1687577006
1550893427
1588177698
1687083088
1724245687
1723432582
1755680301
1633014114
1755979152
1722489345
1721758690
1653737731
1755619010
1690736650
1679405613
1742443307
1732040582
1637887908
1684479906
1640291567
1678580020
1772874802
1719438692
1719615667
1758581902
1676477405
1733239685
1685973764
1680681360
1690874189
1677108872
1674829325
1683885721
1606903177
1604817962
1704133031
1763626268
1664045867
1709611846
1715434748
1664920303
1717115157
1677406171
1372689174
1712386274
1674931742
1661099717
1627939224
1761088361
1751043289
1851659133
1712850540
1704869623
1703398783
1660873274
1676298330
1669532616
1669157250
1702606772
1804107744
1703910312
1809726965
1805229040
1662006251
1705615403
1784189309
1744834116
1579620923
1725162364
1696681934
1800629701
1744468160
1725605408
1014936948
1007594041
996713035
1018456709
974790182
1018158063
1028850708
918955440
1073778160
1026730864
1031053598
1018743407
990200051
1066932423
990422463
1041656885
990026210
1015368451
1079840323
1033773884
990945013
1055703423
1022185558
1029148054
973565735
1025588638
1020567877
1057545046
977418132
979476725
1068791220
1005532429
1103524884
1053872797
1030477380
1031510265
1021212201
1029252122
974605677
859950345
1025329587
1014583939
1042681045
1017287414
937565949
992986850
1048998204
1032762643
1002191178
999243414
1021291608
995837349
1035952499
1103906277
1093257258
1576189895
1248666147
889533072
913589994
1028384921
986399874
944551417
993775280
976979894
933607510
949683012
1060448484
1018541349
1010836943
1044115198
1001736532
1050245365
1002566248
1058359727
1023370793
1079722759
1028349277
998137817
1021338881
1072948729
1070093370
1068177116
998819740
1046074952
1053793170
1036566922
1032193596
1079264616
1052891849
1081848233
1078076098
997042626
1089237683
1038401080
935318131
951179488
1012763301
978384121
1005562228
971444341
1012015393
967529122
982599291
1042660821
1069751959
1048136093
982915602
1034328601
1024353008
1054875088
1026854708
996481455
1023892303
1042220184
990590565
1045765800
993806643
990710923
943627293
1041972591
1009722294
1106888176
1026931339
1072081508
1008064248
1028511702
1052834485
1082381602
1081583088
1593160821
1708178737
1576676390
1705895502
1797087590
1683910494
1669759175
1724865195
1749479700
1751824851
1794842171
1759265185
1721543521
1816249848
1760606822
1631852215
1723145080
1697478085
1443760812
1413234039
1421076925
1451055047
1443764212
1670236042
1552365433
1573264272
1646437974
1655312649
1595086766
1739354463
1765459083
1715702190
1672279861
1758967795
1675982321
1759317040
1742784919
1770279371
1766865388
1772579710
1766191249
1637885373
1769265687
1704209067
1721991625
1777269668
1635749787
1679249292
1668564263
1731528399
1815095169
1696218930
1718582923
1645482025
1200713625
1560260715
1511271011
1613077114
1603357082
1729939944
1780873193
1727767132
1656558579
1677559294
1715088421
1641539628
1845420951
1631491054
1685909586
1726000534
1808511063
1644762120
1722721711
1779409925
1640115939
1665962244
1738678263
1686642410
1733750375
1727557631
1724184026
1757215168
1646241158
1630507840
1732182278
1685891225
1674018497
1640862360
1680203652
1726372835
1097265463
987618796
961410759
1017056337
1072780165
954756802
1063960441
1032692764
986609459
1010466551
976658032
1028292384
1053134878
974623653
1054842160
1037310332
949134042
1016997118
1041990539
1019261025
1010033186
1038556560
959985232
1009983924
1048320622
1019106891
973997563
1749001679
1804350514
1721648503
1795032350
1760571202
1696933468
1814039350
1764663341
1664230267
1708963902
1708048109
1710612975
1317479650
1457183396
1473301055
1449304976
1507563099
1472568946
1431753350
1366369827
1549474715
1629717044
1789004682
1714607384
1854440698
1706843694
1709212977
1719086964
1748697421
1749389119
1767736171
1665866439
1800444791
1662352992
1749936880
1819422303
1256697095
1706843694
1854440698
1008064248
1704827319
1697281207
1803931299
967824906
1827912938
1054842160
1027653846
1382297265
952334064
1140547831
1785015876
1677779672
1749966070
1627959594
1728694797
1046074952
1025588638
1603197797
1761004606
1758967795
1479571805
1757215168
1582315326
1727767132
1022185558
1056392342
1640995983
1765579398
1000174723
1010676614
1682076463
1700432135
1702606772
1682693515
981597647
1755023482
1707224344
1729812691
1726749147
1718834659
1048320622
1712850540
1708472357
1640291567
1775833149
1712386274
918955440
1722269826
1007594041
1650649822
1677545171
1724865195
1696681934
1660873274
1764442109
1674931742
1716350868
973997563
1026931339
1732182278
1751741752
1677275156
1669316651
1562933218
1639113330
949350956
1699727114
1106888176
1016511494
1756901473
1731528399
1794095168
1731981377
1704869623
1066092703
1032692764
1732040582
1011134937
1031245112
1731528179
1679758358
1016997118
1773147682
1712386274
1758446280
1700478450
1726000534
1013347101
1676736109
1617378728
988575210
1581001214
1621670495
1815584572
1794722556
1650649822
1769265687
1767958044
1032193596
1063915379
1604449505
1059013774
1667769298
1068177116
980687241
1057900134
1674566571
1709400775
961410759
913589994
1811511980
1458351100
1755023482
979476725
1703910312
1023692477
1708963902
949683012
993806643
1656558579
1752424748
1651196143
1772579710
1045765800
1715702190
1708963902
1733392889
1566525047
1723035378
1684479906
1021212201
1729939944
1630975009
1567529424
1696218930
1068177116
1659601098
986609459
1472568946
1042660821
1643925872
1636026592
1410139796
1106888176
990200051
1717170586
1721543521
1655312649
988722491
1794697405
1712386274
1047959243
1755192202
1621694720
1792421570
1544136980
1789968043
1035719744
1042020616
1716322796
1706683615
1745370995
1420709858
937565949
960830945
1629717044
1763953463
1805270418
1787606468
1579620923
1731981377
1679249292
1708048109
975420730
986609459
1584006292
1711891561
1391686318
1033806141
1717158249
1660651894
967529122
1593160821
1727303112
1629717044
1706505510
1697611980
1797668862
1729939944
1035719744
1549009482
1719615667
1582660772
949683012
1763607821
1755619010
1704209067
1603197797
1680203652
1637685119
1037097377
1668459344
1038098171
1593160821
1724245687
1757303872
1746637674
1007594041
1684243227
1032762643
1668351496
1764663341
1683885721
1684382926
1729812691
1650928744
1033589604
1713938082
1038556560
1640447028
1018158063
1618526738
1772820806
1007594041
1707547035
1664920303
1635749787
1032825271
1814039350
1079722759
1725903177
1721758690
1677406171
1636026592
1763405800
1618526738
1712850540
1617585361
1508559889
1685909586
1687654323
1694157194
1638624470
1682304366
1732040582
1010676614
975420730
1020567877
1710612975
1657668809
1772323386
1738841976
1028838806
1715949666
935318131
1765459083
1649766506
1677722229
1757817377
1081848233
1704224473
1447107642
1633285977
1722489345
1640277630
1031245112
1675982321
1724865195
1709400775
1025202896
1002566248
1097912761
1510453951
1629198981
1067935606
1068791220
1710467790
1372915981
1655312649
1759265185
1669635301
1677108872
1680976048
1601253988
1724245687
986501670
1682304366
1413234039
1480124600
1390313006
1669667429
1016997118
1815095169
1688616584
1760606822
1792421570
1676495774
1028850708
1715702190
1012015393
1751043289
988575210
1672159993
1659601098
1041972591
1060448484
1601253988
1794095168
1715088421
1026388131
1035469247
1037097377
1715434748
1034328601
1710340719
1726372835
1708881983
1557912837
1745803740
1790943305
1676298330
1097912761
1690921358
1018743407
1661099717
1047959243
1718299315
1493902385
949683012
1786038243
1711787429
1766936059
1773976517
1659601098
1729939944
990710923
1686642410
1712582404
1777269668
1054875088
1715088421
935318131
1552365433
1009983924
979476725
1018743407
975420730
1696681934
1686535127
1708178737
1788378384
1720398283
1631491054
1699978339
1573264272
1716219735
1755471496
1760571202
1031053598
1722489345
981005569
1727588089
1072081508
984113955
1679931825
1720352555
1808625014
1797087590
1764663341
1744468160
1750345095
1677406171
951179488
1022185558
866723102
1438116501
1655773654
1687577006
1103906277
1710790999
1036407034
1801069583
1012801106
998137817
1000114056
1053872797
1638624470
990026210
1675727992
1640277630
1800629701
1018456709
1654931428
1044115198
1665286777
1672379584
1720352555
992986850
988999177
889533072
1023692477
1728436352
1728694797
985431316
1680533037
1724677755
1803886651
1644449243
1028292384
1677722229
1618526738
1702606772
1034328601
1794722556
1616539753
1718246918
1026730864
1686947104
1734271349
1700478450
1689562582
1549309568
1710467790
1436348464
1746637674
939631094
1027653846
1692434164
1013657359
987486596
1531457373
1819422303
976658032
935318131
1511271011
1741453718
1674018497
1711891561
1795247094
1378760468
1677406171
1727782900
1794722556
1045985886
1686869875
1767671129
1619730299
1000174723
1140547831
1793991788
1789968043
1759970729
993072706
1684382926
990945013
1789004682
933607510
1715088421
1030477380
1032193596
1717158249
1673086507
1761658473
1732892699
1794844525
950355981
993775280
1421076925
1715920660
1710582063
1755767821
1378760468
1640277630
1427080905
1671089618
1770279371
1317479650
1719107183
1683053222
986501670
1021291608
1795032350
1005532429
1799862970
1082381602
971444341
1753545869
1724466821
1742443307
1668564263
1449304976
1646664165
1027653846
983567499
1804107744
1093059418
1784189309
1716454298
1480124600
1704197686
1631491054
1711204122
998137817
1451055047
1513259367
1682304366
1069751959
1068791220
936963055
1671361762
1016993696
1034481798
1687987037
1073748664
1788320850
1742443307
1677172925
1048320622
1661350376
1770279371
1809039213
1262674464
1792579655
1005562228
1595086766
1053134878
1012801106
1732180378
1831461059
1727144441
1038292874
1706683615
1712582404
1372915981
1557378661
1390313006
1023692477
1749001679
944551417
1597366861
1766191249
1032762643
1727671506
1659698576
1677779672
1792579655
1680462037
1012763301
1320807021
1068791220
1059013774
1248666147
1669805460
1695561213
1684158748
1676298330
1672159993
1803886651
1785284466
986501670
1579371604
1372915981
1761004606
1546005715
974535773
1766074275
1645078870
1679931825
1691733668
1752424748
1709400775
1652000434
1745803740
1669759175
1787606468
974790182
1021291608
1472568946
1803177528
1802241172
1621694720
1010836943
1479571805
1667769298
1702615087
1024353008
1708178737
1754724638
1731528399
1010676614
1038093831
1514884274
974605677
1751014967
1672159993
1708178737
1690736650
1097912761
1498786500
1725124892
1026931339
1730124511
1758967795
1755680301
1711157633
986609459
971498039
1695561213
988575210
1747291849
1025981711
1001736532
1719438692
1615144612
1078076098
1059133642
977418132
975420730
1686947104
1072081508
1040655704
922464621
975420730
1641840563
1397999157
1687402889
1703647742
1721543521
1425189353
1049033382
1668351496
1718246918
1720916406
1680681360
976658032
1732525564
1721670762
1651428744
985943200
1585586000
1749389119
1679931825
1719575850
1576189895
1704197686
1677384904
1642602557
1690921358
1042681045
1755680301
1042660821
1634529428
1680533037
1686535127
1709443466
1394964617
1059013774
1747206159
1651196143
1671361762
1682958243
1010033186
1846310310
1651196143
937565949
918955440
1048998204
1547631324
1710210658
1408329112
1763626268
1029148054
1710340719
1716378449
1056392342
1784776905
1741453718
1621670495
1772820806
1262674464
1455498844
999870352
1430888269
1025588638
1017287414
1738841976
1733239685
1560260715
1579620923
1733509607
1786038243
1673086507
1027672999
937565949
1775833149
1758446280
1585057248
1033773884
1527184964
1720916406
996713035
1040655704
1002191178
1410139796
1705762910
1055703423
1027653846
1679758358
1755979152
1721758690
1014936948
979476725
981597647
1582315326
943627293
1054875088
1706843694
1683910494
1811511980
1706505510
1727956938
1753958386
1638987525
1065235683
1032825271
1651428744
1545590176
1005532429
1514884274
1678103797
1744901739
1682958243
1059013774
1026854708
1741906046
982915602
1752722442
1713938082
1723035378
1717377736
985392251
1645482025
1744686176
1725605408
1776853658
1682076463
949134042
1727956938
1631491054
995837349
1749001679
1797087590
1703398783
1643740771
1224228358
1627939224
1722260730
982599291
1715920660
1704869623
1746799673
1037310332
1748697421
1649766506
1822182959
1815010153
1719438692
1687654323
1802601458
1646241158
1684915586
988722491
1697281207
1684382926
1766074275
1020567877
1457183396
1613498843
1732525564
954756802
1706505510
1759265185
1579533090
1731981377
1815095169
1772874802
1675734321
1768201810
1072780165
1643061080
974623653
1759186652
1018158063
1722894548
1762490226
1518808306
987486596
1846310310
1709953027
1000260917
1729939944
1082381602
1446907943
1048320622
1755767821
913589994
1674931742
1622921213
1582660772
1769265687
1706683615
1000114056
982915602
1079264616
1603357082
948026754
1721991625
1717994546
972491011
1032762643
1722489345
1766936059
983567499
939631094
1640447028
1442958643
1041972591
1785015876
1758333144
1042220184
1709328237
1672379584
1428980941
1734271349
1660873274
1727154038
1709876213
1641840563
1726749147
1707547035
1719107183
1009983924
1689224585
1072780165
990200051
1021338881
1754795628
1716350868
1671089618
1727144441
1669996373
1594064728
1754635846
1081848233
1597366861
1748697421
1640235938
1759317040
992141521
1710612975
1025981711
1045985886
1747291849
1640115939
1704224473
1670455028
1848365720
1713178338
1770279371
1661530000
1805229040
1784189309
1638549034
1560260715
1677722229
1018124622
967824906
1684243227
1722269826
1733462283
1677406171
1028850708
1034328601
1436348464
1702606772
1514884274
1408329112
1727144441
1663625363
1766865388
1808738997
1703398783
1593160821
1103524884
1727557631
1043187107
1742784919
1704869623
1708963902
1638987525
1703810464
1747291849
1685891225
1627971432
1073778160
1455651566
1032825271
983214900
1680976048
1479669815
1798154074
1079968150
1854440698
993775280
1721648503
982599291
1722721711
1764442109
1798154074
1038556560
1703160045
967529122
1677779672
998137817
1669805460
1640862360
1772820806
1455498844
1036566922
953873853
913589994
1676298330
1675727992
1041210648
1584006292
1660651894
1749936880
1010033186
1723145080
975420730
1081583088
1073748664
1048998204
1678580020
933607510
1549474715
1018541349
1739354463
1711204122
1737305306
1051955226
1751014967
1647391895
1683910494
1639113330
943434429
1652000434
1705895502
1024353008
1712386274
1073778160
961410759
1518808306
1766630847
1736211014
1672279861
1732525564
1678103797
996481455
1761868644
1761883304
1079722759
953873853
1727303112
1428980941
1719438692
1710340719
1000114056
1009722294
1043187107
995837349
1746637674
1056170005
1057545046
1733462283
1797087590
1472568946
1640334146
1677275156
1747206159
1727307336
1668459344
951179488
1679931825
1749479700
1677870609
1638549034
1479669815
1738456714
1046074952
1032825271
1649791782
1041210648
1719148374
1650928744
1669635301
1673086507
1685422591
943627293
1036721754
1546005715
1777269668
1640277630
1089237683
1628548950
986501670
1010033186
1097265463
953873853
1697611980
1754786346
982915602
1708472357
1721991625
1671382403
1704869623
974623653
1674931742
1732373130
1035719744
1732892699
1665286777
1705895502
1714607384
992141521
1617378728
1002191178
1072948729
1461619347
1745803740
866723102
1049033382
1042220184
1760606822
1375587880
1035952499
1809039213
1068177116
1709400775
1022185558
1804350514
1757131834
1670424657
859950345
1780399307
952371193
1759186652
974535773
1032193596
1688616584
1063960441
1723035378
1456349971
1560598171
971498039
1036388658
1689976800
1664230267
979476725
1023370793
1013685601
967703012
1025918057
987486596
1621670495
967669865
1784776905
1410139796
1677108872
1675811138
977418132
1045223121
1752424748
1712582404
1057900134
1708699256
1677693668
988999177
1677172925
1557912837
1795032350
1557378661
1560260715
1014583939
949683012
1675982321
1673086507
1741453718
933607510
1064013132
1711787429
1041656885
1759970729
992141521
1724677755
1022185558
1802601458
1549009482
1733750375
1722894548
1668351496
1788320850
1769265687
1680462037
1655312649
981597647
1720435931
953483290
1734271349
1710582063
1557912837
1469063361
1733509607
1716454298
1664230267
1643722143
1665653049
1675734321
1630975009
950355981
1545590176
1728436352
1013657359
1057545046
1628548950
1769328146
1627959594
1001736532
1641701194
988999177
1016511494
1691733668
1010836943
1702615087
1656558579
1736211014
1026459677
1679758358
933607510
1618526738
1717115157
1674233064
1703160045
1028349277
1681331684
1549009482
990710923
1498786500
1594064728
1560260715
1641701194
1708881983
1700432135
1650928744
1009983924
1066092703
1069751959
1705895502
1025918057
1573264272
1010836943
1687083088
1663625363
1795032350
1754786346
1531348984
1025918057
1707614055
1758446280
1013685601
1630507840
944551417
1016993696
1549474715
1643925872
960830945
1058359727
1601253988
1763405800
1727557631
1581001214
974535773
1687402889
1504166496
1679758358
1704133031
1009983924
1792579655
1705895502
1640115939
1709443466
1633014114
913589994
1683910494
1653737731
1807544508
1079264616
1049146012
1816787337
1725124892
1760571202
1025918057
1732040582
1800967251
1606903177
1748697421
1707614055
1659517066
1690626604
1800444791
1664230267
1669532616
1805270418
1715811796
1056170005
1697437601
1703910312
1767736171
1723145080
1764442109
1705615403
1721793596
988575210
1079968150
1732525564
1682693515
1514884274
1014936948
1469063361
1033773884
1751014967
1687402889
1756155879
1128736013
1531457373
1677406171
1697611980
999870352
1718582923
1766936059
985943200
1718966926
1018456709
1665286777
1803099960
1747206159
1815010153
1712386274
1764442109
1776952040
1018456709
1676298330
950355981
1028511702
1072081508
1767958044
1664920303
1814039350
1026730864
1674566571
1064013132
1691733668
1797400224
1815010153
1681331684
1059133642
1730124511
1248666147
1770279371
1651196143
1687987037
1052891849
1649766506
1039212391
939631094
1272660500
1560598171
1723145080
1719148374
1845420951
1689909024
1785015876
1688616584
959985232
1669667429
1710582063
1677545171
1709212977
1763953463
1755767821
1721648503
1461619347
1443760812
1800967251
1042681045
1725162364
1717170586
1670642072
1649766506
1704133031
1805229040
1741781710
1372915981
944551417
1455498844
1028292384
1391686318
1655773654
953483290
1458351100
1679970684
1048136093
952334064
1757303872
1063360701
1639620292
1780399307
1696933468
1741781710
1008064248
1015870458
1007594041
1769131271
1019106891
1064013132
1715088421
1766244345
1256697095
1485260266
1797400224
1751950443
1018456709
1427080905
973565735
1755680301
1073748664
1042089714
1049033382
1763626268
1549309568
1029148054
1028384921
1735810561
1451215032
1749479700
1845420951
1677545171
1617378728
998819740
1683885721
1494164289
1758967795
1733239685
1703810464
1215092481
1797668862
1758967795
1708699256
1058359727
1645482025
1711204122
1710738216
1704197686
1019261025
1747291849
981597647
1661051186
1732373130
1428980941
1677693668
1707547035
1711787429
1677693668
1472568946
1790943305
986609459
1560598171
1808992172
1617378728
1615144612
1667769298
1008064248
1727154038
1676954315
1792421570
1766244345
1715434748
859950345
1680462037
988999177
1694157194
1722721711
1428980941
1672279861
998819740
1683921935
866101365
1480124600
1710467790
976658032
1707614055
1009124247
1794844525
1324569242
1046074952
1508559889
1644449243
1200713625
1737305306
1550893427
981005569
1763626268
1766410923
1017887059
1713619442
1756495282
1644058640
1711891561
984113955
1653737731
1717994546
1749479700
992094597
974605677
1727557631
1572573016
1651428744
990945013
1722489345
1704827319
1712878936
1721991625
1676736109
1036721754
1719005233
1683910494
1431753350
1719438692
1724865195
1727588089
1713178338
1660651894
1669532616
1628548950
1753958386
1677722229
1039212391
949350956
1758458946
1582315326
997917423
1774162368
1026459677
1428980941
1703810464
1679931825
1689976800
1772323386
1733750375
1689976800
1699727114
1684479906
1706843694
1619730299
1713938082
1642602557
1724825882
1635749787
1072948729
1584006292
1421076925
1656558579
967824906
1538595898
1633285977
1579533090
1320807021
1777269668
1028384921
1675727992
1034439772
1531457373
1461622660
1480124600
1804838675
1702615087
1786206073
1028838806
1757303872
1008725150
1794697405
1451055047
1671382403
1815095169
1649332952
1397862839
1686535127
997042626
1010836943
1588177698
1845420951
1722269826
1010033186
1749479700
1451055047
1617585361
1397999157
1518808306
1421076925
1758581902
1005532429
1704209067
1372915981
1053134878
1668564263
1735810561
1664045867
1724466821
1203718813
1755619010
1603197797
1674931742
1773147682
1430970195
1776853658
1664045867
1684479906
1631852215
1690736650
1766410923
1082381602
972491011
1041990539
1772820806
1719615667
1001736532
1645570538
1581001214
1627959594
1557306009
1727144441
1645570538
1714114698
1684158748
1019106891
1028349277
1547489657
1710612975
1672279861
1020567877
972491011
972491011
1648511241
1026388131
1817724740
1629717044
1708048109
1014936948
1594064728
1028384921
1023892303
1016993696
1672482247
1002566248
1647391895
1200713625
1651428744
1713619442
1443764212
1640995983
1685422591
1738456714
1613593520
1750345095
1021338881
1692541176
973565735
1765782025
1742784919
1467521953
1713671668
935318131
1805270418
1020567877
1467521953
1809726965
1045765800
1769131271
1718966926
1609484700
1677870609
1513259367
1633873494
1466284109
951179488
1631852215
1513259367
1677384904
1560260715
1508559889
1710210658
1705762910
1686642410
1056392342
1785284466
1778259054
1772874802
1048320622
1689224585
1703910312
1657668809
1804107744
1394964617
1733926771
1635749787
1366369827
1479571805
1724825882
1480124600
1643003912
1724677755
1097912761
1703160045
1079264616
1032692764
1601253988
1763607821
1045985886
1742784919
1671382403
1527184964
1706737468
1670424657
1394964617
1595086766
1397999157
1646437974
967703012
1717115157
1763405800
952334064
1026388131
1437719393
1038556560
1736211014
1780873193
1644762120
1728694797
999870352
1766766312
1604449505
1713671668
1733254587
1038292874
1769854644
1727956938
1669667429
1749389119
1672589714
1017056337
1756516975
1408329112
1746805053
1033589604
1622921213
1498786500
1708472357
1694481491
1719575850
1759683596
1493902385
992094597
1733392889
1034991053
1768908244
1711891561
1773976517
1732040582
1712878936
986399874
1787606468
1785015876
1704477131
1761658473
1696218930
1712212966
1709443466
1557378661
1789004682
1036388658
1397862839
1732525564
990200051
1372689174
1697611980
859950345
1678103797
1662006251
1638435543
1026388131
1042220184
1680924156
1680924156
1036407034
1733462283
1719095498
1716322796
1819558625
1822182959
1224228358
1761441986
1033589604
977418132
1667769298
1765782025
1659698576
1766244345
943627293
1772915000
1649791782
1014583939
1467521953
972491011
1757215168
1081583088
1397999157
1615144612
1025918057
1518808306
1784776905
1672379584
1715920660
1749966070
1036388658
1732180378
993775280
1079264616
1727767132
1769746697
1720916406
998137817
1662352992
1760571202
1752722442
990422463
1009124247
1683032912
1078076098
1744468160
1661051186
1685192122
1715811796
1579533090
1722269826
1675811138
1665653049
1562933218
1507563099
1694481491
1775833149
1663625363
1640277630
1808738997
1638624470
1706505510
972712621
1808992172
1759317040
1766191249
1725162364
1633014114
1634613022
1045765800
1772915000
1048320622
1751014967
1040147126
1709328237
1791258916
1021212201
1480124600
1772323386
1058359727
1686642410
1069751959
1775833149
1680533037
866723102
1703398783
1751014967
1572573016
1372909563
1763405800
1661051186
1413234039
1755680301
1763405800
1761395356
1466284109
1744686176
1089237683
1645482025
1042220184
1053793170
1665866439
913589994
1702577416
1430970195
1685909586
1028850708
980687241
1757817377
1072948729
1708472357
1140547831
1778259054
1645445883
1697478085
1592898150
1766630847
1749001679
1761883304
1805245459
1758446280
967703012
1021291608
1697887121
1646241158
1613077114
1723432582
1801235751
1723145080
1040147126
1677693668
1675982321
1651428744
1786206073
986399874
1021212201
1759317040
1762953361
1751741752
1751950443
1621670495
1719148374
1756901473
1742784919
1763626268
1707224344
1021212201
1713619442
1678103797
1719541101
1397999157
1805245459
1645078870
1764209256
1659698576
1805245459
1625054994
1748697421
1637885373
1059013774
1622921213
1801995873
933607510
1742443307
1079968150
1685973764
1638987525
1804107744
1588177698
1002566248
1018124622
1721543521
1052834485
975420730
1677693668
1757131834
1661099717
1640862360
1072780165
1657668809
1721670762
944551417
1442958643
1013347101
951179488
976979894
1779409925
1604817962
1468123282
1761883304
1378760468
1846310310
1622921213
1016511494
1798154074
1582660772
1438116501
1798862327
1249313597
1687987037
951179488
1744468160
1759317040
1736211014
1719095498
1680976048
1687402889
1701572482
1079264616
1697437601
1807544508
1797668862
1047959243
1665962244
1637887908
1431753350
1687402889
1816249848
1693599054
1024353008
1674829325
1668351496
1738841976
1560260715
1717994546
1702577416
1026854708
1685973764
1808511063
1674233064
1789004682
1738678263
1802241172
978384121
1716322796
1103906277
1765459083
1767736171
1687577006
1005562228
1027672999
1064013132
1005562228
1656558579
1808738997
1042220184
1749001679
1736211014
1798863563
1668351496
1272660500
949683012
1766766312
1659517066
1026854708
1256697095
1733392889
1672482247
1715811796
1765782025
1732040582
1713476148
1692434164
1455498844
1755471496
1719570075
1674829325
1712582404
1531457373
1785284466
1633420243
1055703423
1006217129
1767671129
1760879518
1712850540
1737959220
1511271011
1615144612
1585057248
1527184964
1639620292
1521177887
1557378661
1680681360
1704224473
1546005715
1628548950
943109936
1732180378
1725162364
1324569242
1694157194
939631094
1736419600
1032762643
1762953361
1798863563
1713938082
1766074275
1719005233
1720916406
1016993696
1027653846
1731234334
1722894548
1028838806
1801995873
974605677
1744686176
1674233064
1000114056
1033589604
1789004682
1675937790
1674018497
979476725
1809508749
1025202896
1846310310
1215092481
1079722759
1686535127
1256697095
1660873274
1372689174
1677172925
1019106891
1723035378
997917423
1018124622
1686947104
1677779672
1078076098
1721991625
1756901473
1034439772
1756495282
1559602685
1677779672
1708699256
1596439523
1710340719
1625054994
1375587880
948026754
1262674464
1732040582
1660873274
1018541349
1679931825
1027672999
1622921213
1684158748
1688511909
1765459083
1765782025
1746805053
1719086964
1079264616
943434429
1709443466
1040147126
1761658473
952334064
1002566248
959985232
1762953361
1694197204
1676736109
1461622660
1635749787
967669865
984113955
1457183396
1627971432
1767958044
1033806141
1049146012
1742784919
1034481798
1597366861
1717158249
1070093370
1042681045
1717170586
1736211014
1760571202
1784189309
1382297265
1058359727
1025588638
1739354463
1851659133
1676954315
1712850540
1709443466
1769328146
1787606468
1063915379
1809039213
1769131271
1005532429
1776952040
1800629701
1681331684
998819740
1766766312
1693125943
1697478085
1708699256
1737305306
1831461059
1713178338
1804107744
1651428744
1669673271
1669316651
1831461059
989490509
1714607384
1819558625
990026210
1661350376
1762806157
1557378661
1016993696
1634613022
1727956938
1050245365
1712878936
1719148374
1751290126
1789004682
1652000434
1531457373
993072706
1803177528
975420730
1776913663
1756516975
1755023482
1038401080
1000114056
1498786500
1674566571
1001736532
1768686297
1742443307
1697887121
1036388658
996481455
1702577416
1622921213
1689224585
1809508749
1034439772
1420709858
943434429
1576189895
1685891225
1633873494
1643925872
1761883304
1667769298
1425189353
1531457373
1609484700
1634613022
1704869623
985431316
1794095168
1097265463
1808625014
1410139796
1759265185
1018541349
1671246886
1032825271
1713619442
1681140385
1724865195
1048320622
1733254587
1677545171
1724825882
1028838806
1394964617
997042626
1645445883
1678580020
1770279371
1789968043
1761883304
1438116501
974535773
1391686318
1710612975
1649766506
1453495228
1711891561
1081583088
1669532616
1562933218
1665286777
1034481798
1042020616
1097265463
1767671129
1679405613
1690626604
1743924896
1768686297
1618526738
1049146012
1592176087
1715920660
1678580020
990945013
1045985886
1704869623
1669673271
981005569
1804838675
938591512
1683921935
1010676614
1772323386
1566525047
1764442109
1761658473
1697281207
1549474715
1203718813
1040147126
1710340719
1457183396
973565735
1752722442
1733239685
1674931742
1680924156
1637887908
1692541176
1637885373
884325313
1815584572
1640115939
1038556560
976458664
1025981711
1718520486
1591515511
1745803740
1688616584
1808738997
1469063361
1817724740
1078076098
1751290126
1584006292
1687577006
1718299315
1031510265
1595086766
1637887908
1455651566
1572573016
1038556560
1668564263
1710612975
1366369827
1710582063
1507563099
1050245365
1757131834
1751824851
1748711309
1642602557
1027672999
1336532552
1727782900
1617378728
1688616584
1756901473
1455651566
1582315326
1727303112
1710210658
1557912837
1751290126
1722721711
1848365720
967669865
1727588089
1705762910
1726000534
1737305306
1038698424
1010676614
1723233596
1789004682
998819740
1317479650
1769265687
1675982321
1128736013
967669865
1042089714
1758333144
1704827319
1035952499
1684158748
1710210658
1761441986
1456349971
1803931299
1573055255
1703810464
1715702190
1723035378
1053134878
1041656885
1744834116
1408329112
1816787337
1019261025
1690921358
1725903177
986399874
1732040582
1668840223
1727956938
1081848233
1661051186
1443760812
1671382403
1800967251
1749389119
1851659133
1706505510
989672681
1685909586
1747291849
1676736109
1047959243
1538595898
1625054994
1479669815
1755979152
1704827319
1738883108
1031245112
1690626604
1032193596
1714114698
1640115939
1640115939
1683032912
1805229040
1670642072
1731528179
1744901739
954756802
1720352555
1480124600
1727782900
1601253988
959985232
1035469247
1669805460
1766766312
1780873193
1762490226
1727588089
1644153273
1349632205
1627971432
1772323386
1128736013
1382297265
1708048109
1640115939
1601253988
1676477405
1710340719
1640277630
1674931742
1637685119
1549309568
1616539753
1733750375
1031053598
1784776905
1644762120
1748925732
1637887908
1724865195
1349632205
1673559466
1788320850
1050245365
1011134937
1639113330
1751824851
1761883304
971444341
1009722294
985943200
1764209256
1674829325
1021212201
1728436352
1800967251
988999177
1780399307
1378760468
1023892303
1066932423
1431753350
1752321106
1081848233
1745803740
989672681
1019106891
1803099960
889533072
1757545340
1727956938
1672589714
1799862970
1851659133
1719575850
1018124622
1693599054
1696218930
1012015393
1693599054
1430970195
1718246918
1014936948
1711204122
1715088421
1694197204
1044115198
985431316
1672589714
1762806157
1767736171
1704224473
1717158249
1037097377
1721670762
1081848233
1716350868
1596439523
1560260715
1770279371
1603357082
1613593520
1613498843
1646664165
1738841976
1662352992
1717570870
1693273573
1545590176
1042660821
1676477405
1754703362
1042089714
1640334146
1036407034
1248666147
1766936059
1799862970
1688616584
1769854644
1640291567
1668459344
1038098171
1710612975
1803177528
1613498843
1732373130
1680681360
1025981711
1730124511
1070093370
1854440698
1741453718
987618796
1827912938
1548212959
1689909024
1649332952
1689909024
1560598171
1768201810
1682076463
1676736109
1712878936
1762806157
1659698576
1754635846
1638624470
1704197686
1761868644
1719148374
1079264616
1803886651
1039212391
1683885721
1669157250
1044115198
1621670495
1731234334
1021291608
1724865195
1709953027
1757817377
1721543521
1493902385
1609484700
1769265687
1082381602
987486596
1645482025
1633873494
1093257258
1814039350
1648511241
1032762643
884325313
1710738216
1736419600
1735810561
1711204122
1026459677
1028292384
1616539753
1709953027
996713035
1052834485
1002191178
1772579710
1404388706
1057900134
948026754
1671382403
1041656885
1731528399
1613593520
1737305306
1630975009
1724677755
1643722143
1789968043
1705895502
949134042
1768908244
971498039
1683032912
1710582063
983214900
1025918057
1680203652
1031510265
1798862327
1031053598
1733750375
1724245687
1103524884
1082381602
1617378728
1203718813
1039212391
976979894
1438116501
1777289715
1750345095
1763626268
1784776905
1066932423
1508559889
1710582063
1702577416
1081848233
1040655704
1738456714
1726372835
995837349
1456349971
1690874189
1723432582
1059013774
1015870458
1808992172
989490509
1093257258
1628548950
1659601098
1068177116
1719575850
1097265463
1718299315
1759683596
1726749147
1703398783
1787606468
985392251
1709400775
1728694797
1012763301
976658032
1809508749
1752424748
1766074275
1659517066
1629198981
1773976517
948026754
1040147126
1508559889
1669805460
1816787337
967824906
1679405613
1677172925
1804350514
1744686176
1011134937
1669996373
1674233064
1763953463
1022185558
1643925872
1661099717
1689224585
973997563
1772874802
1711787429
961410759
1815010153
1805270418
1060448484
1053872797
1013657359
1224228358
1788397672
1694481491
1644058640
1708699256
1067935606
1744901739
1029148054
1732373130
1637885373
1572573016
1797668862
971444341
992986850
1819422303
1039212391
1671361762
1784189309
1761088361
1677693668
1699727114
1813246224
1443764212
1722336873
1727671506
1738883108
1473301055
1651428744
997917423
1800444791
1547489657
976979894
1718299315
1775051600
1724466821
1756155879
990590565
1797668862
1791258916
1717994546
953483290
1754786346
1756495282
1479571805
1617378728
1819558625
1777289715
1754795628
1638435543
1009124247
1714114698
1756155879
1140547831
973997563
1078750400
992094597
1716350868
1704197686
1009124247
1018541349
1068791220
1634613022
1013347101
1645570538
936963055
1759186652
1752321106
1665866439
1684243227
859950345
1705762910
1040147126
1799862970
1037265963
1591515511
1473301055
1816249848
1759265185
1616539753
1722721711
1762061289
1749479700
1676954315
1675811138
1803099960
982599291
1736419600
1674829325
1398614517
1719541101
1469166075
1317479650
1695561213
1677870609
1023892303
1461619347
1725903177
1751290126
1749936880
1727307336
1693599054
1716219735
1637887908
1675727992
1766074275
1040147126
1719148374
1034481798
1430888269
1746799673
1053793170
938591512
1665653049
1579620923
1661051186
960830945
1700432135
1701572482
1065235683
1032692764
1391686318
1822168931
1674566571
1637885373
1627971432
1521177887
1633285977
1547631324
1804838675
1025701470
1680976048
1678580020
1633873494
987486596
1567529424
1559602685
1807544508
1682304366
1712386274
1712582404
1669532616
1053134878
1579533090
1731528179
1051955226
1057900134
985392251
1007594041
1744834116
1768201810
1709611846
1613077114
1738883108
1093257258
1686535127
1591515511
1640235938
1657668809
1647391895
1761868644
1671361762
1754786346
995837349
1643740771
1775833149
990422463
987618796
1724184026
1683910494
1801069583
1680976048
1791258916
1020567877
1705922924
1706843694
1005532429
1801235751
1631852215
1690626604
1758458946
1642602557
1803886651
990710923
1661350376
961410759
1677172925
972712621
1597366861
1324569242
1625796784
1049146012
1461622660
1803099960
1705615403
1733750375
995837349
1797087590
1677172925
866101365
1655312649
1017887059
1063360701
1755192202
990710923
1078750400
1673559466
1724825882
1716454298
1704869623
1709328237
1705895502
1485260266
1776952040
1732180378
1766191249
1052834485
1106888176
953873853
1640291567
950355981
1671246886
1625796784
1693273573
1630507840
1668840223
1731528399
1008064248
1808511063
1037265963
1447107642
1646241158
1816249848
1037265963
1702577416
1683032912
1788320850
1800629701
1603357082
1727307336
1803886651
1560598171
1736419600
1669532616
1724677755
1023692477
1759970729
1391686318
1755192202
1625796784
1776853658
1766410923
1458351100
1644058640
977418132
1320807021
1684158748
1097265463
1674018497
1766936059
1715811796
1640995983
1831461059
1724865195
1809508749
1702615087
1751290126
1028850708
1719086964
1685973764
1760571202
1026854708
1684243227
1038093831
1436348464
1713938082
1727588089
1669667429
866723102
1025981711
1815584572
939631094
989672681
1717170586
1349632205
977418132
1349632205
1706843694
1671246886
1718966926
1023692477
1758458946
1680203652
1710738216
1038292874
1746805053
1028511702
1718582923
1649791782
1682076463
971498039
1645570538
1717170586
1765579398
1596439523
1713178338
1733254587
1604449505
1808992172
1072948729
1638624470
1762806157
1028850708
1410139796
1696933468
1743924896
918955440
1603197797
1717158249
1073778160
1690921358
1511271011
859950345
1097265463
1670236042
1042020616
1686642410
1745803740
1691733668
1746637674
967529122
1394964617
1029148054
1437719393
1664045867
1398614517
1028511702
1457183396
1065235683
1693599054
1672379584
1790943305
1769746697
1045985886
1686535127
1560260715
1025202896
1036407034
1646437974
1809726965
1727671506
1746799673
1697887121
1807544508
1636026592
1819422303
1576676390
1680681360
1684158748
1724020674
1776853658
1012801106
992094597
1718299315
1787606468
1689562582
1603357082
984113955
1504166496
1678580020
1831461059
1745370995
1089872105
1000174723
889533072
1592898150
1013685601
1700432135
954756802
1018541349
1023892303
1687577006
1002566248
1511271011
1695561213
1787606468
1785015876
1724020674
1700478450
1579620923
1675734321
1069751959
1033589604
1727588089
974790182
1726749147
1324569242
1033773884
1050245365
1720435931
1674829325
1731981377
1643722143
1041990539
1585057248
981005569
1493902385
1718299315
1559602685
1618526738
1066411730
1093059418
1641840563
1012763301
1737959220
1761088361
1715702190
1627971432
1079840323
1751014967
1677108872
1709212977
1038698424
1760606822
1662006251
1469997379
1033806141
1814039350
1643003912
1674931742
1704477131
1780399307
1795247094
1012015393
1103721438
1006217129
1033773884
1531348984
1713476148
1661350376
1547631324
1633014114
1013685601
1709953027
1735810561
993806643
1521177887
1706683615
943109936
1010466551
1724466821
1002191178
1800444791
1708699256
971498039
1800629701
1018743407
1727144441
1644058640
1684479906
1631491054
1707224344
1638549034
1689224585
1661099717
1742443307
1680681360
1765968582
1073778160
1640291567
1754724638
1677559294
1641701194
1643003912
1044115198
1438116501
1662352992
1809726965
1727557631
1755192202
1710636931
1629717044
1028838806
1627939224
1025701470
1026854708
1009983924
977418132
1669805460
1805245459
1707857225
1002566248
1054875088
1689909024
1710790999
1851659133
1619730299
1717994546
1706843694
949134042
1752424748
1690626604
1732892699
1749936880
988999177
1025202896
1317479650
1591515511
1751950443
1759186652
1034328601
1788397672
1721648503
1744834116
978384121
1616539753
1765459083
1042089714
993072706
1718966926
1428980941
1762061289
1009983924
1800444791
1757545340
1649332952
1200713625
1048136093
1002191178
1397862839
1794842171
988999177
1397999157
1036566922
1546005715
1710790999
1684382926
1727154038
1557912837
949350956
1000260917
1710467790
1777269668
1019261025
1669635301
1045985886
1650649822
1028292384
1093059418
1748925732
1645445883
1758967795
985392251
1751043289
1079840323
978384121
1662352992
1548212959
1788378384
1588177698
1770279371
1665866439
1736054863
1654931428
1780873193
1719005233
1713827288
1256697095
1644762120
1639620292
1427080905
1760879518
1685909586
1025918057
1093059418
1727307336
1708178737
1669157250
1819422303
1772323386
1604449505
1726749147
1694157194
1032762643
1458351100
1776853658
1408329112
1773976517
1449304976
1746637674
1766865388
1680462037
1681140385
953873853
1068177116
1761658473
1713619442
1687402889
1722489345
943434429
1724677755
1663625363
1757131834
1672589714
1673559466
1800967251
1754724638
1070093370
988575210
1679249292
1713827288
1773147682
922464621
1023692477
1728436352
1453495228
1706737468
1677870609
1761395356
1531348984
1767958044
1592898150
1494164289
1758333144
1012801106
1645445883
1694197204
1469997379
1815095169
1805051055
1051955226
1621694720
1041972591
1128736013
918955440
1106888176
1738678263
1770279371
1722894548
1702577416
982599291
1617585361
1665866439
1057900134
1724825882
1041972591
1036721754
986399874
1854458641
1011134937
1731528179
1725162364
1078750400
1751043289
1682693515
1763953463
1468123282
1717994546
1749001679
1646437974
1549009482
1023370793
1410139796
1738883108
1729844365
993806643
1754635846
1664920303
1665962244
1029148054
974605677
1803177528
1446907943
1815010153
1057545046
1249313597
1655773654
1451055047
1807422488
1701572482
1748925732
1727144441
1748925732
1724245687
1606903177
1719615667
1732182278
1427080905
1674566571
1025918057
1755471496
1366369827
1760879518
1762806157
1670642072
1079968150
1735810561
1664045867
1766410923
1582660772
1507563099
1010466551
1054842160
1628934892
1690736650
1757215168
1702577416
1659517066
1671246886
1063360701
1786038243
985943200
1545590176
1809039213
1021291608
1784189309
1579620923
1592176087
1733926771
1066092703
1689976800
1757131834
1716219735
1699978339
1750345095
1713476148
884325313
1683053222
1640115939
978384121
1669316651
1719575850
1792421570
1680533037
1699727114
1761868644
1755619010
959985232
990422463
1743924896
1791258916
1775051600
1651712624
1669673271
1715702190
1800967251
1639113330
1755767821
1638435543
1557912837
1679405613
1045223121
1053134878
1479669815
1713178338
1752321106
1716378449
1687083088
1762490226
1660873274
1710340719
1798863563
1544136980
1031510265
1665653049
1060448484
1724184026
1717570870
1018456709
1682958243
1696933468
1808511063
1034481798
1696218930
1472568946
1768201810
1579620923
1640995983
1656558579
1683885721
1547489657
1007594041
1693599054
1715949666
1683053222
1743924896
1811511980
1848365720
1078076098
1639620292
1372909563
1673559466
1807422488
1023692477
1455651566
1721793596
1691733668
1703160045
1048136093
1729844365
1633014114
1697887121
1613498843
1628934892
1398614517
1815095169
1636026592
1656558579
1078076098
1045765800
1552365433
1754635846
1045985886
1735818996
1750345095
1033773884
1683910494
1809039213
1725124892
1716322796
1733462283
1767671129
1652000434
1718834659
1068177116
1070093370
1053134878
1549474715
1775051600
1684915586
1670455028
1382297265
1808738997
1072780165
1025981711
1455651566
1764442109
1025701470
1711157633
949134042
1625796784
1317479650
1709876213
1613593520
1013347101
866101365
1640862360
1702577416
1719086964
1774162368
1734271349
974790182
1443760812
1668840223
1815584572
1103721438
1067935606
1721991625
1000260917
1659698576
1451055047
1625796784
1717377736
1727154038
1089872105
1756516975
1035469247
1772579710
1715702190
1665286777
1675811138
1054842160
1689224585
1701572482
1723233596
1640235938
1725124892
1718520486
1720398283
1712212966
1644153273
1621694720
1755680301
1644153273
1680533037
989672681
971498039
1733239685
986501670
1801235751
1713671668
1033773884
1732180378
1827912938
986501670
1008064248
1649332952
1023370793
1733509607
1845420951
1643722143
1679249292
1042063808
1758458946
1710790999
889533072
1052834485
1030477380
976458664
1018541349
1034991053
979476725
1248666147
1707614055
986399874
1677172925
1679405613
1738841976
1679249292
1029252122
1755979152
1754703362
1719541101
1638987525
1807422488
1648511241
1718299315
1802241172
954756802
1762490226
1755979152
1710467790
1674566571
1677559294
1657668809
1447107642
1803931299
1720435931
1037265963
1037097377
1669532616
1773976517
1848365720
1029252122
1025918057
1052891849
1725124892
1674566571
1206738159
1711787429
974790182
1046074952
1479669815
1762061289
1686947104
1026730864
1797087590
1753545869
1425189353
1732180378
1456349971
1713827288
1140547831
1753545869
1766865388
1794697405
1685973764
1710636931
1710210658
1036566922
1049146012
1757303872
1802601458
1663625363
1065235683
1680924156
1661099717
1637885373
1687083088
943434429
1666778645
1031510265
973997563
1466284109
1768201810
1675811138
1672589714
1680924156
1016511494
1758333144
1646437974
1706843694
1547631324
1788378384
1468123282
974790182
1641701194
1633014114
977418132
1792579655
1675937790
1453495228
1653737731
1665286777
1012015393
1722269826
1738883108
1756516975
1697887121
1665866439
1038698424
1585586000
1317479650
1726749147
985943200
1689562582
1103906277
1761883304
1678580020
1729939944
1723233596
1686869875
1056170005
1016511494
1037097377
866723102
1709953027
1640235938
1713827288
1718966926
1701572482
935318131
1721648503
1643003912
1625054994
1467521953
1762061289
1579371604
1764663341
1765579398
1762953361
1394964617
1719615667
1814039350
1643722143
1759970729
1819558625
1398614517
1800629701
1527184964
1720916406
1798863563
1719107183
1041990539
990422463
1021212201
1670236042
1749001679
1646664165
1727671506
1754703362
1262674464
1029252122
1738456714
1656558579
1761004606
1694481491
985392251
1694481491
1687083088
1056392342
1669532616
1728436352
1727767132
1036721754
1803931299
1716454298
1808992172
1715949666
944551417
952334064
889533072
1641701194
1023370793
1014583939
1072948729
1707857225
1784776905
866101365
1059013774
1754635846
1719107183
1661530000
1686869875
1545590176
950355981
1028349277
1741781710
1041656885
1795032350
1022185558
1634613022
949683012
1021338881
1684479906
1741781710
1822168931
1372909563
1724245687
1572573016
1717570870
1548212959
1748711309
1051955226
1647391895
997042626
1714607384
1716454298
952334064
1716378449
1777269668
1727671506
1661051186
1485260266
1649766506
1801235751
1726000534
1759265185
1559602685
1447107642
1069751959
1751043289
1677779672
1016997118
1641539628
1576189895
1079840323
1801995873
1042063808
1012015393
1718582923
1404388706
1827912938
1538595898
1581001214
1038093831
1262674464
1758581902
1408329112
1765579398
1705615403
1719005233
1755767821
1025701470
1640447028
1761004606
1041972591
995837349
1708178737
1766766312
992094597
1594064728
1776913663
1032193596
1106888176
1627959594
1436348464
1711157633
1751741752
1461622660
1758446280
1028850708
1041210648
1647391895
1755619010
986501670
1827912938
1557378661
1661051186
1676495774
1685856342
973565735
1814445925
1019106891
938591512
1023892303
1763626268
1788397672
1724020674
1404388706
1015870458
1723035378
1097912761
1588177698
952371193
1786038243
1753545869
1063360701
1720352555
1680976048
1687654323
1846310310
1674233064
1640235938
1779409925
960830945
1664230267
1700432135
1730124511
983214900
1704827319
1798862327
1754724638
1719005233
1744468160
1722260730
1761088361
1794842171
1845420951
1733392889
1028349277
1727767132
1714607384
1043187107
1715811796
1008064248
1069751959
1504166496
1025981711
1756516975
1755680301
1690736650
1701572482
981597647
1549009482
1758967795
1616539753
1669759175
971444341
1493902385
1697611980
1804350514
1722894548
1643722143
1678580020
972491011
1716378449
1017887059
1631491054
1593160821
992094597
859950345
1765459083
1652000434
1635749787
1015368451
1808625014
1018541349
1372909563
1013657359
982599291
1773976517
1641701194
1592176087
1048136093
982915602
1048320622
1761883304
1725162364
985392251
1816787337
1030477380
1772820806
1795247094
1060448484
1005532429
1751741752
1514884274
1732892699
1670236042
1727588089
1494164289
950355981
1752424748
1031245112
1676298330
1479571805
1038401080
1664920303
1072948729
1719086964
952371193
1802601458
1721648503
1789968043
1759317040
1679758358
1709953027
1669157250
1846310310
1640291567
1729939944
1731981377
1696933468
1696681934
1065235683
1800967251
1754795628
1690626604
1707614055
1735818996
1669157250
1459490618
1430888269
1642602557
1793991788
1685192122
1768686297
1709328237
1404388706
1709876213
1794844525
1805229040
1645078870
1669667429
1665128095
1722336873
918955440
1038401080
1020567877
1000174723
1751824851
1034328601
1021291608
1427080905
1661099717
1712582404
1724020674
1758446280
1731234334
1712582404
1777289715
1786038243
1737959220
1741906046
1768686297
948163588
1063915379
1716378449
1469063361
1336532552
1755040389
1224228358
974535773
1786038243
1668459344
1699978339
1649766506
1788397672
967824906
1756495282
1646241158
1038401080
1724245687
1733462283
1665962244
1792579655
1772820806
1451055047
1421076925
1718582923
866101365
1672482247
1725605408
1718834659
1032825271
1633420243
1687654323
1684158748
1756495282
1794697405
1673559466
1754724638
1723035378
1786206073
1394964617
1811511980
1655773654
1649332952
1027653846
985431316
1669996373
1722721711
1773976517
1000174723
1776952040
1573264272
1718834659
1718582923
1708963902
1748711309
1727303112
976979894
1466284109
1690874189
1668459344
1808992172
971498039
1670236042
1639113330
1736419600
1732180378
1031245112
1504166496
1748711309
1669157250
1009722294
1081848233
1705895502
1576676390
1668351496
922464621
999870352
1021212201
1637685119
1766936059
1772915000
950355981
1822168931
985943200
1633420243
1732892699
1802601458
1595086766
1456349971
978384121
1012801106
1573264272
1707224344
1736419600
1057545046
1803931299
1807422488
1713178338
1420709858
1722336873
1058359727
1643003912
1052891849
1026854708
1372909563
1689224585
1662352992
1009124247
1021212201
1683885721
1716219735
1734271349
1690921358
1717115157
948026754
1603357082
1716322796
1034991053
1668459344
1633285977
1749966070
1026388131
1625796784
997917423
1052891849
1665128095
992094597
1766936059
1706843694
1002191178
1037097377
1692434164
1794844525
1573264272
1655312649
1079968150
1731528179
1025202896
1026388131
1751741752
1671089618
1016993696
1566525047
1215092481
1665128095
1772820806
1015368451
1603357082
1443760812
1744901739
1805245459
1761658473
1652000434
1774162368
1736054863
1677406171
1366369827
1694197204
1803931299
1643740771
937565949
1716350868
1025981711
1766191249
1699727114
1013685601
866723102
1012015393
1725605408
1759186652
1697887121
1019106891
1547631324
1718299315
1703160045
1666778645
1747206159
1717115157
1058359727
1036721754
1697281207
1719095498
1762953361
1005532429
1057545046
1449304976
974605677
1727588089
1000260917
1722721711
1710582063
1769854644
1000114056
1093059418
1700432135
1638987525
1443760812
1028838806
1641701194
992986850
1777289715
1727767132
976458664
1773147682
976979894
987618796
1714607384
1576189895
1766244345
1479669815
1754786346
1680976048
1674233064
1709876213
1079840323
1720435931
1025701470
1845420951
1718520486
1756495282
1430970195
1669673271
1562933218
1747291849
1716378449
1378760468
990026210
1714114698
1459490618
1753958386
1005532429
1453495228
1854440698
1028349277
1709611846
1680462037
1630507840
1675734321
1755619010
990422463
866723102
1404388706
1767671129
1019261025
1748711309
1755040389
1067935606
1447107642
1788320850
1798862327
1756155879
1010836943
1466284109
1687987037
1661530000
1021338881
1703160045
1795247094
1657179723
1731234334
1669316651
1725605408
1756495282
1018456709
1000260917
1768908244
1017056337
1724020674
1446907943
1683053222
1677108872
1601253988
1761441986
1732373130
1710636931
983214900
1054842160
1103906277
1727154038
1036721754
1036388658
1854440698
1689562582
1721793596
1630507840
1724865195
1513259367
1854458641
1804838675
1676495774
1628548950
1461619347
1679405613
987618796
1766865388
1507563099
1800629701
1759265185
949683012
1025329587
1064013132
1719095498
1729812691
1688511909
1081583088
1576189895
1437719393
1391686318
1762953361
1721543521
1067935606
1581001214
1659601098
1713476148
936963055
1726372835
1766936059
1617585361
1633014114
1413234039
988999177
1674018497
1032825271
1778259054
1019261025
1817724740
1705615403
1613498843
1731528399
1705762910
1647391895
1609484700
1729844365
1038698424
1854458641
1606903177
1743924896
1036566922
1566525047
1036407034
1037310332
1713671668
1692541176
1711204122
990422463
998137817
1802601458
1700478450
984113955
954756802
1078750400
981005569
939631094
1816249848
1736054863
1430970195
1546005715
1428980941
990590565
1002566248
1672159993
1045765800
1619730299
1621670495
1723432582
1735818996
1689909024
1458351100
1762061289
1479669815
1038556560
1709876213
1665128095
1761441986
1637685119
1669673271
1769131271
1723432582
1079722759
1725124892
1469166075
1722894548
1557306009
1052834485
998819740
1000174723
1741906046
1063360701
1710738216
1676954315
1708048109
1023370793
1795032350
1579533090
1557306009
1736419600
1549309568
1619730299
1633873494
1733509607
1774162368
1803931299
1437719393
1805051055
1758967795
1798863563
1032692764
1741781710
1764442109
1040655704
1775833149
1685909586
1724245687
1690736650
1738678263
1715702190
1644153273
1720398283
1643740771
1801995873
1761004606
1665866439
1026854708
1749389119
1042020616
1715434748
1459490618
943109936
1755040389
1761868644
973997563
1050245365
1720398283
1704133031
990590565
1749966070
1727144441
1562933218
1757131834
1675982321
1594064728
1710790999
1684243227
1472568946
1015870458
1683053222
918955440
1677275156
1757303872
1719107183
1016511494
1719148374
1807422488
1675982321
1670236042
1703647742
1794697405
1596439523
1048998204
1751290126
1710738216
1664920303
1200713625
938591512
1822168931
1765579398
1755023482
1749966070
1754786346
1807422488
1650649822
1527184964
1707857225
1671246886
1585057248
1747206159
1776913663
1643061080
1758581902
1629717044
1469166075
1029252122
1579533090
1779409925
1382297265
1567529424
1028511702
1557378661
1404388706
1592898150
1425189353
1791258916
1706505510
1819422303
1720352555
1797400224
949134042
1717158249
1803931299
1479571805
1372689174
1548212959
1756155879
977418132
1724184026
1716378449
1549474715
1760879518
1674018497
1809039213
1680462037
1366369827
1760879518
943109936
1772874802
1562933218
1042660821
1772579710
1759186652
1805245459
1442958643
936963055
1768908244
1804350514
1686869875
1686947104
1704477131
1709876213
1730124511
1735810561
1514884274
1716378449
1822182959
1798154074
1704224473
985431316
1103721438
1754703362
1604817962
949134042
1654931428
1665962244
1755619010
1808738997
1635749787
1531457373
974623653
1677870609
1686947104
1336532552
1680533037
1710790999
1723233596
1712850540
1749389119
1709953027
1694157194
1717115157
1721670762
1140547831
1716219735
1692434164
1068177116
974605677
1729812691
1733239685
1031510265
1708963902
1644449243
1680681360
1451215032
996713035
1710790999
1700478450
937565949
1738678263
1775051600
1816787337
999243414
1761004606
1651712624
1645482025
1657668809
1797668862
1538595898
1033589604
1447107642
1633420243
1717377736
981597647
1053872797
1727782900
1805245459
1716219735
990200051
1046074952
1591515511
1336532552
1037265963
1042660821
1712582404
1027672999
1708881983
1627939224
1655312649
1015870458
1679405613
1733509607
1038401080
1017287414
1002191178
1056170005
1093059418
1669996373
1413234039
974605677
1679249292
1684915586
1627959594
1703910312
1055703423
1317479650
1708963902
1744834116
1082381602
1713671668
1644449243
1718966926
1579371604
1754635846
1689562582
1716350868
1677275156
1705922924
1038093831
1715920660
1059133642
1727767132
1690921358
1703398783
1786206073
1718582923
1546005715
1708472357
1719086964
1727303112
1631852215
1677693668
1798863563
974790182
1008725150
1784189309
1711157633
974535773
1759317040
1382297265
1613077114
1425189353
1514884274
866101365
1670236042
1016997118
1025202896
1682076463
967824906
1648511241
1034439772
1640334146
1727767132
1025588638
967824906
1754795628
1759683596
1009124247
1048136093
1438116501
1645078870
1693273573
1093059418
1674566571
1755979152
1719615667
1744834116
1724184026
1704827319
953873853
1644449243
1713619442
1633873494
1372909563
1349632205
1725903177
1719541101
1643722143
1437719393
1754703362
1795247094
1066411730
1009722294
1089237683
1712878936
1719570075
859950345
1768201810
1696218930
1008725150
1573055255
1041972591
948026754
1025202896
1754795628
1848365720
1047959243
1735818996
1044115198
1751043289
985392251
1001736532
990945013
985943200
1683032912
935318131
1803099960
1010466551
1655773654
1079840323
993775280
1743924896
1576189895
1754786346
1676477405
1573055255
1697611980
1438116501
1762806157
996481455
1609484700
1056392342
1788397672
1775051600
1651712624
1639113330
1760879518
1749479700
1762061289
938591512
1772915000
1103524884
1689562582
1685891225
1057545046
1731234334
1761395356
1636026592
1106888176
1054875088
1761088361
1644058640
1703647742
1544136980
1695561213
981005569
1738841976
1661530000
1677108872
1815010153
980687241
1017887059
1714607384
1664045867
1764209256
1048136093
1049146012
1808625014
1025329587
1676298330
1768908244
1804838675
1763607821
1036388658
1461619347
1684479906
1643003912
1437719393
1635749787
1683921935
1566525047
1715088421
1621694720
948163588
1645078870
1469166075
1458351100
1049146012
1560598171
1674018497
1025329587
1822182959
1582315326
1807544508
1048998204
1054842160
959985232
1677172925
1453495228
1767671129
989490509
1006217129
1054842160
1657179723
1763405800
982915602
1469063361
1761395356
1675727992
1697281207
1785015876
1638435543
1140547831
1705922924
1766630847
1458351100
1447107642
1627971432
1724466821
1770279371
1722260730
1045223121
1638624470
1007594041
1643061080
1034439772
1641539628
1603197797
1689909024
1053793170
1687577006
948163588
1760606822
1079722759
1727303112
1661350376
1025701470
1779190792
1421076925
1774162368
1643925872
1767736171
1026730864
1794722556
1082381602
1760606822
1761658473
1034328601
1017887059
1057900134
1717158249
1686869875
992986850
1715088421
1498786500
1721543521
1093257258
1685856342
1468123282
1727307336
1669635301
1726372835
1775051600
1459490618
1813246224
1668351496
1651196143
1709328237
1420709858
967529122
1766630847
1756495282
1744468160
974623653
1081583088
1668840223
1690874189
1785284466
1650649822
1673086507
1055703423
1713476148
1750345095
1717377736
1043187107
1673559466
1681331684
1200713625
1732892699
1643740771
1042020616
1848365720
1694197204
1677870609
1008725150
1735810561
1005532429
987618796
1413234039
1687987037
1710636931
1795032350
1473301055
1615144612
1746799673
1443764212
1660873274
1713827288
1324569242
1707857225
1730124511
1200713625
1630975009
1708178737
1763607821
1683053222
1794722556
1748697421
1042681045
1724184026
1683053222
1041990539
1272660500
1731981377
1066411730
1045223121
1756901473
1408329112
1052834485
1028292384
997917423
1759186652
988722491
1676477405
1803099960
1067935606
1103721438
1766074275
1473301055
1013657359
1775833149
1811511980
1513259367
1479571805
1719570075
1511271011
1700432135
1645078870
1790943305
1675982321
1762490226
1797087590
1720398283
1494164289
1442958643
1507563099
1772323386
1579371604
1550893427
1722260730
993806643
983214900
1048320622
1037265963
1683032912
1813246224
1467521953
982599291
1628934892
1727307336
1603197797
935318131
1777289715
1320807021
1677722229
1720916406
1621694720
1398614517
1081583088
1692541176
1798154074
1682076463
1719570075
1723145080
1715811796
1723233596
1767958044
1669759175
1064013132
1736419600
1676495774
1758333144
1785015876
1640291567
1768908244
1036566922
1761088361
1442958643
1494164289
1845420951
1805051055
1724184026
1707857225
1046074952
1510453951
1073778160
1659698576
1638549034
1021291608
939631094
1031510265
1662006251
1677722229
1751014967
1755040389
1721758690
1748711309
1772579710
1591515511
1037265963
1703910312
1518808306
1026730864
1592898150
1079968150
1766630847
1679758358
1755040389
1717115157
1021338881
1827912938
1699978339
935318131
1511271011
1010676614
973565735
1718582923
1573055255
1032762643
922464621
1720352555
1048320622
1678103797
1009722294
1012763301
1557306009
1592898150
983214900
866723102
1664920303
1726000534
1066932423
1690921358
1792579655
1708881983
1747291849
1584006292
1801069583
1657179723
1755471496
953483290
1697478085
1006217129
1705922924
996713035
949683012
1699978339
974790182
1372689174
1822168931
1644449243
974623653
1015368451
1772915000
1461622660
1775833149
1762806157
1719095498
1372915981
1716378449
989490509
1641539628
1034481798
1504166496
1629198981
1081583088
1430888269
1033806141
1040655704
1732182278
1764663341
990590565
1644762120
984113955
1718520486
1640447028
1640277630
1036407034
1717570870
1665653049
1685891225
1676954315
1428980941
1557306009
1675937790
1757215168
1727956938
1637685119
1798154074
1760879518
1788378384
1013347101
971444341
1097912761
1733926771
1780399307
1738678263
1665962244
1718246918
922464621
1646664165
1721758690
1708472357
1042220184
1679970684
1518808306
1545590176
1741453718
1657668809
1023892303
1609484700
1714114698
1732180378
1625054994
973565735
1651196143
992986850
1025329587
1661350376
1013347101
1763626268
1758333144
1572573016
1723233596
1042089714
951179488
1679970684
1425189353
1595086766
1669667429
1026931339
1759683596
1717570870
1718246918
1716219735
972491011
1035469247
1047959243
1627939224
1798862327
1809039213
1750345095
1649332952
1597366861
1672159993
1719570075
1769328146
1697437601
1715920660
1466284109
1684479906
1046074952
1747291849
1041972591
1437719393
1633420243
1696933468
1751824851
1741453718
1677172925
1789968043
1785015876
961410759
1042020616
1089872105
1696933468
1336532552
1691733668
1627939224
1684243227
1762490226
1032193596
1604817962
1711204122
1640115939
1760571202
1682304366
1714114698
1643925872
1007594041
1760571202
1651196143
1010033186
1103524884
1670236042
1038098171
1451215032
1028850708
1045985886
1072948729
1031245112
1758446280
1630507840
1777289715
1754724638
1717158249
1703160045
1661350376
1816249848
1630507840
1028292384
1763626268
1744901739
1248666147
993072706
1692541176
1707547035
1042063808
1018541349
1680203652
1016997118
1784189309
1089237683
1627971432
1732892699
1375587880
1103906277
1648511241
1742443307
1679249292
1805051055
1628548950
1713938082
983567499
1754703362
1630975009
1029252122
1761883304
1756901473
1689909024
976979894
1793991788
1769328146
1814445925
1689224585
1827912938
1008725150
1703647742
1018456709
866101365
1654931428
1056170005
1726749147
1557306009
1787606468
1604817962
1794722556
1013347101
1751824851
1089872105
1685856342
1816249848
1035719744
1018743407
1436348464
1687987037
1687654323
1430888269
1719615667
1752722442
1032825271
1549009482
1711157633
990200051
1038093831
1805229040
1508559889
986609459
1772874802
1016993696
1794722556
1767671129
1792421570
1640291567
1719095498
971444341
1072081508
1737959220
1557306009
1641539628
1045223121
1035719744
1757545340
1702615087
1661530000
1033806141
1670642072
990026210
998819740
1754635846
1769328146
1707857225
1065235683
943627293
1670236042
1643061080
1666778645
1017887059
1728694797
1063915379
1703647742
1640995983
1028838806
1717115157
1754724638
988999177
997042626
1689909024
1693125943
1644058640
967669865
1657179723
1669316651
1420709858
1638549034
1042020616
1019106891
1819558625
1738456714
1017887059
1013685601
1049033382
1846310310
952371193
1712212966
1717570870
1710636931
1719086964
967669865
1687083088
1688511909
1262674464
1573055255
949134042
1622921213
1751043289
1705615403
1559602685
1797400224
1617378728
1727144441
1009124247
1685856342
1027653846
1665128095
1674931742
1710790999
1693125943
950355981
1643925872
1721670762
1696681934
1044115198
1585057248
1697437601
1606903177
1018743407
1627939224
1649766506
1703810464
1052834485
949134042
1019106891
1672379584
1031053598
974535773
1055703423
1461622660
1718299315
951179488
967529122
1063360701
1012015393
1634529428
1631852215
1751950443
1801995873
1709611846
1766766312
1776952040
976658032
1372915981
1672279861
1755767821
1700478450
1037310332
974623653
1627959594
1746799673
1727303112
1744901739
1711157633
1703398783
1644153273
1762806157
1751824851
1089237683
1724825882
1809508749
1748711309
1682076463
943627293
1628548950
1446907943
1669996373
1686642410
1711787429
1761441986
1815584572
1040655704
1761004606
1437719393
1033806141
1755192202
1637887908
1649791782
866101365
1694157194
1679931825
1375587880
1680924156
1646437974
1769746697
1682958243
996481455
1336532552
1012763301
1710210658
1644153273
1638549034
1768201810
1576189895
1814445925
1732892699
1804107744
1063960441
1017287414
1719541101
1763405800
1641539628
1677559294
1708472357
1548212959
1638549034
1798154074
1097265463
1854458641
1025701470
1685192122
1757545340
1042681045
1762953361
1052834485
1016511494
1717170586
1660873274
1811511980
1762953361
1106888176
1017056337
1679931825
1779409925
1831461059
1794095168
1721793596
1040147126
1017887059
1721758690
1640291567
1576676390
1729844365
1633420243
1672482247
1066092703
1054875088
1757545340
985431316
1744834116
1063960441
1060448484
1103524884
1749966070
1059133642
1758581902
1689976800
922464621
1644762120
1521177887
952371193
951179488
1397999157
1458351100
1693273573
1775051600
1063915379
1797087590
1042660821
1708881983
1772874802
1629717044
1761441986
992141521
1652000434
1645078870
1754795628
1717994546
1041990539
1684915586
1670455028
1050245365
1651196143
1715434748
1675811138
1018124622
1742443307
1391686318
1727782900
1425189353
1724466821
1756516975
985431316
1023370793
992986850
1721543521
1014936948
1758967795
1064013132
1723035378
1758446280
1741453718
1006217129
1767671129
1669759175
1576676390
1718520486
1645570538
1469063361
1767958044
1494164289
1710210658
1010676614
1023892303
1651712624
1031245112
1054842160
1671089618
981597647
1709876213
995837349
972712621
1706683615
884325313
1685192122
1805051055
1725903177
1721648503
1042020616
1446907943
990945013
1527184964
1375587880
1657668809
1056170005
1694197204
1733254587
1804350514
1749479700
1794095168
1538595898
1431753350
1677559294
1725605408
1036388658
1521177887
1637887908
1765968582
1320807021
1779409925
1682693515
1792421570
1038698424
1615144612
1737959220
1722489345
1827912938
1727144441
1585586000
1431753350
1717377736
1716322796
953483290
1804107744
1443764212
1443764212
1040655704
1613593520
1693273573
980687241
1669673271
1687654323
1713938082
983214900
1726749147
1687654323
1604449505
1692541176
943109936
1015368451
1712850540
1604817962
1597366861
1457183396
1659601098
1070093370
1680462037
1767671129
1751290126
1020567877
1751741752
1082381602
1042063808
1719086964
1630507840
1695561213
1733462283
1079840323
1753958386
1579620923
1034328601
1677384904
1644153273
948163588
1469063361
1640447028
1747206159
1713827288
1722894548
1725162364
1741453718
1671361762
1549474715
1473301055
949350956
1814445925
1701572482
976658032
1566525047
1714114698
1547631324
1697437601
996713035
1765782025
1752321106
1676736109
1002566248
1072081508
978384121
1657668809
1679970684
1754786346
1053872797
1653737731
1732525564
1724020674
1716454298
1638987525
1068791220
1060448484
1717570870
1719095498
1761441986
981005569
1808625014
1745370995
1640862360
1665128095
1744468160
1707547035
1545590176
1057900134
1674829325
1045223121
971444341
1723233596
1037097377
1018158063
1557912837
1014936948
1766244345
1042089714
1567529424
1078750400
1640447028
918955440
1755471496
1427080905
1692434164
1559602685
1757817377
1679249292
987486596
1793991788
1677275156
1018158063
1767958044
1552365433
1644449243
1581001214
1779190792
1719095498
993072706
1592898150
1722260730
1803886651
1035952499
1710612975
1766410923
1746637674
1016993696
1804838675
1778259054
913589994
1741906046
1018743407
1025981711
1531348984
981597647
1038093831
1686642410
1678103797
1715949666
1637887908
982599291
1726372835
1722336873
1805229040
1685856342
937565949
1816787337
1633873494
1720398283
1851659133
1372689174
1813246224
1733509607
1375587880
1717170586
1457183396
1670424657
976458664
1706737468
1686947104
1031510265
1068791220
1010836943
1682958243
1018124622
1059013774
1034328601
1772915000
1680203652
1688511909
973565735
1685856342
1703647742
1709400775
1712212966
1846310310
1769746697
1702606772
884325313
1797668862
1769131271
1809726965
1793991788
1272660500
1468123282
1024353008
1801995873
996481455
1566525047
1066411730
1686535127
1645570538
1646437974
990590565
1070093370
1039212391
1700432135
1785284466
990945013
1762490226
1097912761
1794095168
1029148054
1741781710
1203718813
1718834659
1089872105
1769854644
1025329587
1728694797
1494164289
1731528399
1647391895
1703398783
1672589714
1777269668
1629198981
1854440698
1690874189
1719005233
1764209256
1669805460
1794697405
1685856342
1010033186
1011134937
1772579710
1765579398
1451215032
1438116501
1521177887
1679758358
1738678263
1033806141
1026730864
1203718813
1672159993
1633285977
1650649822
1722336873
1690736650
1809726965
1066411730
1790943305
1755040389
1671246886
1724245687
1751043289
1579371604
1685973764
1018456709
1613077114
1733392889
1548212959
1805051055
1776913663
1664230267
1449304976
1722721711
1613498843
1765459083
993072706
1708963902
1641539628
1640291567
1670455028
1097912761
1816249848
1668564263
1436348464
1690874189
1652000434
1646664165
1072780165
1036388658
1073778160
1455651566
1224228358
1749389119
1757817377
1041656885
980687241
1724466821
1613593520
1697437601
1028384921
1640334146
1644449243
1670424657
1063960441
1584006292
1527184964
1761004606
1390313006
1072948729
1036407034
983567499
1800444791
1677108872
1579371604
1063360701
1041990539
1723145080
1731528179
938591512
1676954315
1742784919
1803177528
1670455028
1776952040
1029252122
1753958386
1801995873
1809508749
1103721438
1804350514
1567529424
1627939224
1683910494
1755680301
1634613022
1791258916
987618796
1053793170
1731528179
1708048109
1684158748
1766244345
1651428744
1643740771
959985232
1766074275
1715920660
1679970684
1788320850
1766865388
1057545046
1720352555
1712878936
1036388658
967824906
1531348984
1686535127
1765579398
1673086507
1816249848
1744834116
1729844365
989490509
1051955226
1747206159
1012763301
1642602557
976658032
1693273573
1741781710
1801069583
1746637674
1548212959
1808511063
1679970684
1813246224
1633014114
1738841976
1664045867
1727956938
1704477131
1480124600
978384121
993775280
1779190792
1728436352
1073778160
1579533090
1807422488
1026931339
990026210
1579371604
1671361762
1696218930
1644058640
1715949666
1038401080
1544136980
1685973764
1397862839
1011134937
1718834659
1443760812
1649791782
1051955226
1633420243
1718834659
1756155879
1685891225
1662352992
996713035
1461622660
1724184026
1382297265
1052891849
1645570538
983567499
1455651566
1592176087
1493902385
1480124600
1030477380
1588177698
1760879518
1000260917
1801235751
1794842171
992141521
1649791782
1685973764
1769131271
1667769298
1682076463
1128736013
999870352
1790943305
1764209256
990026210
1018456709
1408329112
1798862327
1018541349
1045765800
1644153273
1017887059
1079840323
1685422591
1719107183
1028511702
1669635301
1714607384
1780399307
1755192202
1683885721
1725903177
1042089714
1659698576
1670455028
1755680301
1694197204
1752424748
998137817
1728694797
1710738216
1320807021
1015368451
1677275156
1707224344
1676736109
1659517066
974623653
1677559294
989672681
1498786500
1749936880
1772915000
938591512
1684382926
1761088361
1687083088
1668564263
1688511909
1032193596
967529122
1010466551
1653737731
1719148374
1510453951
1732040582
1634529428
1028349277
1706737468
1668564263
1089872105
1757545340
1672279861
1662352992
1128736013
1710738216
1016997118
1780873193
1722269826
1677406171
1709212977
1696218930
990422463
1631491054
1727557631
1669157250
1028838806
980687241
986501670
976979894
996481455
1766410923
1675727992
1673559466
1011134937
1552365433
1710467790
1753545869
1640862360
1670642072
1625054994
1023692477
997917423
1443760812
1662006251
1044115198
972491011
995837349
1706737468
1634613022
1757303872
1755979152
1638435543
1648511241
1757215168
1455498844
1746799673
1712878936
1763607821
1728436352
1010466551
1649791782
1349632205
1739354463
1679405613
1549309568
1708699256
1455498844
1603357082
1615144612
1256697095
1822168931
1683921935
1680533037
1729844365
1619730299
1736211014
1758458946
1798154074
1603197797
1038093831
1633285977
1746637674
1015368451
990590565
1666778645
1708699256
1617378728
1741906046
1767736171
1675734321
1457183396
1485260266
1685192122
967529122
1683910494
1693125943
1455651566
1763953463
1026931339
1680681360
1461619347
1031053598
1802241172
1794844525
1621694720
1644762120
1054875088
1093257258
1677559294
1732182278
1800967251
1592898150
976979894
997917423
1324569242
1681140385
913589994
1527184964
1721991625
1766410923
1606903177
1772579710
1758458946
1772579710
1025588638
1045765800
1644449243
1685192122
1649791782
1699978339
1022185558
1729812691
1037097377
1761441986
1045765800
1678103797
1809726965
1372689174
1682304366
1683885721
1703810464
1677722229
1692434164
1050245365
992141521
1629717044
1790943305
1708963902
1809039213
1702615087
1670455028
1625054994
1779190792
1055703423
976658032
1749936880
1430970195
1772915000
1672482247
1593160821
1746805053
1673086507
1762061289
943434429
1803177528
972712621
1631852215
1576189895
1037310332
1721670762
1103524884
1684915586
1794722556
1629198981
943434429
1324569242
1070093370
1017056337
1625796784
1662006251
1588177698
1788378384
1680203652
1552365433
988722491
1596439523
1705922924
1745803740
1603357082
1038556560
1815584572
1800629701
1758458946
1048136093
1028511702
1078076098
1684479906
1665286777
1671361762
1065235683
1215092481
1651712624
967529122
1646241158
1744468160
1705762910
1723432582
1617585361
1848365720
1792421570
1757215168
1645078870
1023892303
1751824851
1014936948
952334064
953483290
1724825882
961410759
1603357082
985392251
1041656885
1801069583
1640334146
1664045867
1732373130
1702606772
1694157194
1765782025
1720352555
1809726965
1761868644
1249313597
1661350376
1272660500
1479571805
1809508749
1397862839
1725124892
1547489657
1705895502
1026459677
1660651894
1766191249
1709212977
1702615087
1717377736
1066932423
1103906277
1634529428
1722489345
1670642072
1584006292
1008725150
943434429
1803099960
1631491054
1017287414
1009722294
1066932423
1707614055
1421076925
1054875088
1777269668
1671382403
1797668862
1704869623
1726000534
1552365433
1594064728
1640277630
1582315326
1692434164
1721793596
1739354463
1573264272
1735818996
1773147682
1722894548
1042681045
1727303112
1848365720
1021338881
1732182278
1685422591
1744468160
1775051600
1745370995
1727557631
1684915586
1677384904
1675937790
1759683596
1726000534
1753958386
1017056337
1676736109
938591512
1549474715
1008725150
983567499
1473301055
1638987525
1677870609
1729939944
1063915379
1746805053
1682693515
1033806141
997042626
1741453718
1682693515
1668459344
1042089714
1755040389
1066411730
1560598171
1546005715
1710612975
1069751959
1751741752
1709611846
1712850540
973997563
1720398283
1461622660
1668351496
1712212966
1754795628
1372915981
1655312649
943109936
1709212977
1705762910
1756155879
976458664
1760606822
1552365433
1805051055
997042626
1733926771
1674233064
1066411730
1751950443
1814445925
1792421570
1759970729
1733750375
1215092481
1017056337
1665128095
1544136980
1055703423
1709443466
1601253988
1748711309
1797668862
1596439523
1819558625
1721758690
999243414
1741906046
1766191249
1106888176
986399874
1643003912
1629198981
1249313597
1707614055
1256697095
1798862327
1761658473
1063960441
1372909563
1754795628
1636026592
967703012
1012015393
1645445883
1593160821
1751824851
1769131271
1028850708
1559602685
1817724740
1014583939
1573055255
1784189309
1572573016
1774162368
1711157633
1747206159
1731528179
1704133031
1029252122
1736054863
1550893427
1733509607
1813246224
1643061080
1638549034
1451055047
1683885721
1718520486
1685856342
1063915379
1702606772
973997563
1009722294
1059133642
1713827288
1690626604
1592176087
1549309568
1672482247
1034991053
1683921935
1666778645
1024353008
1420709858
1042220184
1079968150
1249313597
1786206073
1671089618
1677406171
1051955226
1717570870
1724865195
1752722442
1769746697
1763405800
1640447028
1733750375
1682693515
1801995873
1719570075
1768686297
1780399307
1681140385
1680462037
936963055
1453495228
1052891849
1677384904
1819422303
1727557631
1717115157
1753545869
976458664
1093257258
1704133031
1585586000
1738678263
949134042
1685909586
1664920303
1472568946
1709328237
1685891225
1725605408
1688511909
1397862839
1702606772
1718582923
1645570538
1757817377
1630975009
1802241172
1755619010
1744901739
1638549034
952371193
1103721438
1457183396
1694481491
1709400775
1703647742
1687654323
1203718813
1041210648
1733392889
1700478450
1684382926
1637885373
1846310310
1755023482
1048998204
1819422303
1769746697
1224228358
1719615667
1766244345
954756802
1703910312
1711157633
1725903177
1420709858
1036566922
1637685119
1663625363
1737305306
1721648503
1755192202
1703647742
1653737731
1081848233
1717115157
1449304976
1548212959
1780873193
1734271349
918955440
1766074275
1764663341
1708048109
1036721754
1693125943
1097265463
1672279861
1704224473
1700432135
1690921358
1545590176
1714607384
1763953463
1390313006
1034439772
1704133031
1751043289
1573055255
1794842171
1646241158
1017287414
1697478085
1817724740
1663625363
1639620292
1039212391
1736054863
1585057248
1033806141
1766630847
1037310332
1639620292
1030477380
1033589604
1677559294
1634529428
1691733668
1801995873
1831461059
1719005233
1640995983
1453495228
1727956938
1031053598
1745370995
1008064248
1737959220
1717170586
1027672999
1667769298
1776913663
1727671506
1773147682
972712621
1713671668
1792579655
1802241172
943434429
1079722759
1548212959
1559602685
1013685601
1759683596
1005562228
1681140385
1660873274
1749936880
1714607384
1724466821
1669667429
889533072
1752424748
1018743407
1779190792
1036721754
1456349971
1617585361
1669157250
1562933218
1665962244
1043187107
1616539753
1646664165
1669157250
1720435931
1031053598
1650928744
1732892699
1093059418
1798863563
1106888176
1579371604
983567499
1809039213
1677545171
1646241158
1732525564
1469997379
1800444791
1743924896
1765782025
1017287414
1730124511
1805270418
1035719744
948163588
1710636931
1014583939
1772874802
1638435543
952371193
987486596
1763607821
1054875088
990710923
1066092703
944551417
1742443307
1713827288
1591515511
1034481798
1720916406
987618796
1685891225
1777289715
1695561213
1479669815
1072780165
1704133031
1026931339
1795247094
1673086507
1688511909
1059013774
1661051186
1549009482
1712386274
1690921358
1634529428
1582315326
1718966926
1604817962
1745370995
1804838675
1068791220
1034991053
1762953361
1703160045
1704209067
1758967795
1042660821
1639620292
1431753350
1669316651
1068791220
1662006251
1745803740
1713827288
1709443466
1567529424
1720352555
1557912837
1628548950
1035719744
1661099717
997917423
1798863563
1060448484
1072081508
1705922924
943627293
1814445925
1788397672
1049033382
1755767821
1749001679
1788397672
1034439772
1719438692
1757215168
1777269668
1513259367
1704133031
1008064248
1854440698
1557378661
1755979152
889533072
1727154038
1677384904
1375587880
1729812691
1655773654
1633873494
983567499
1748925732
1038098171
1720435931
1808511063
1719095498
1732180378
1585057248
1752321106
1001736532
1552365433
1752722442
1431753350
1079722759
1000260917
1052891849
1002566248
1768908244
1576676390
1798862327
1717994546
1633014114
1769854644
983567499
1060448484
1469063361
1028292384
954756802
1391686318
1026459677
1049033382
1485260266
1704197686
967703012
1779409925
1621694720
1710636931
1767958044
1702615087
1584006292
1716454298
1715434748
1531348984
1681140385
1410139796
1755023482
975420730
1789004682
1776853658
1659517066
1640995983
1754635846
996481455
1427080905
1468123282
1466284109
1726000534
1813246224
1697478085
1640447028
1678580020
1597366861
1634613022
933607510
1765968582
1009722294
1738883108
1766766312
1657179723
999243414
1772579710
1722336873
1451055047
1521177887
1008064248
1064013132
1078750400
1469166075
1717570870
1427080905
943109936
1775833149
1776853658
1026388131
1669532616
1715434748
1675727992
1066932423
939631094
1453495228
1690736650
1854458641
913589994
997042626
1742443307
1674018497
1641539628
1026459677
986399874
1646437974
1567529424
1808738997
1721543521
1469063361
1459490618
1663625363
953483290
1643722143
996713035
1631491054
1755040389
1716322796
1034481798
1731981377
1772323386
1794722556
1017056337
1073748664
1018124622
980687241
1404388706
1375587880
1788378384
1767736171
1634529428
1677275156
1854440698
1616539753
1639620292
1206738159
1680681360
1809508749
1508559889
1711891561
1052891849
1765968582
1749966070
1762490226
1455498844
1668564263
950355981
1713671668
1640334146
990710923
967703012
1670424657
1662352992
1042681045
1768201810
1630975009
976458664
943627293
1751290126
1538595898
1042681045
1671246886
1685909586
1631491054
1712386274
1773147682
992986850
972712621
1507563099
1034991053
1721758690
1733239685
1079840323
1694197204
1640235938
1638624470
1679249292
1819558625
1538595898
1769854644
1769131271
1066932423
1592176087
1397999157
1681140385
1778259054
1035719744
1733750375
933607510
1708048109
1722260730
1469166075
1668564263
1748697421
1761868644
1442958643
1032193596
1803886651
1719570075
993072706
974605677
1729939944
1627959594
1697281207
1013685601
1054875088
1059133642
1038093831
1794697405
1803177528
1007594041
1705922924
1428980941
1716219735
1674829325
1679970684
1685192122
1630507840
1693273573
1103721438
990710923
999870352
1704224473
1510453951
1804107744
1769854644
1579620923
1794095168
1665962244
1073748664
1669759175
1317479650
1705922924
1794844525
1709328237
1733926771
1634529428
1665286777
1619730299
1719148374
1675734321
1547489657
1262674464
1755192202
1799862970
977418132
1751950443
1754703362
1320807021
1797400224
971444341
1727671506
1741906046
1670424657
1723145080
1404388706
1738678263
1738883108
1755979152
1704477131
1697437601
1659601098
1033589604
1057545046
1642602557
1724825882
1032762643
1785284466
1779190792
1666778645
1788397672
990200051
1507563099
1038556560
1697478085
1036407034
1103524884
1469997379
1638624470
1737305306
1215092481
1725903177
1721758690
1053872797
1637885373
1715702190
1677779672
974623653
1851659133
990200051
1015870458
1699727114
1664920303
1854458641
944551417
1613498843
1671361762
1696681934
1670424657
1694157194
1676477405
1651712624
1010836943
1019261025
1203718813
1817724740
1037097377
1089872105
1759970729
1753545869
1582660772
1045223121
1755471496
1709400775
1725605408
1716454298
1697478085
1739354463
999243414
1831461059
1683921935
944551417
1035469247
1715088421
1759683596
1768686297
1706737468
998137817
1042063808
1436348464
1026854708
1684243227
1038292874
967703012
1677545171
1049033382
1594064728
1744468160
1672482247
1727154038
1723035378
1596439523
1049033382
1618526738
1633285977
1719575850
1037310332
1679758358
1680924156
1668459344
1715949666
998137817
1679970684
1795247094
960830945
1582660772
1026730864
1758333144
1675811138
1042681045
1421076925
1066411730
1755023482
1671382403
1661530000
1009983924
985943200
1831461059
1048998204
1001736532
1707224344
1799862970
1761395356
1752722442
1757215168
1727588089
1420709858
1593160821
1042660821
1596439523
1675727992
1684243227
1058359727
1447107642
1748697421
1769328146
1078076098
989490509
1430888269
1485260266
1103721438
1637685119
1706843694
952334064
1727557631
1710467790
1200713625
1372689174
1038292874
960830945
1759317040
1704827319
1738678263
1550893427
1793991788
1813246224
1659517066
1510453951
1546005715
1690874189
1669532616
1461619347
998819740
1336532552
1677870609
1642602557
1051955226
1038292874
1722269826
1053872797
1019106891
1854458641
1668840223
1063915379
1780873193
1025329587
1744834116
1733254587
1710636931
1513259367
1717158249
1758581902
1027672999
1670236042
1549009482
1807422488
990710923
1585057248
1764663341
1067935606
1686535127
1256697095
1038698424
1675937790
1808511063
1759265185
1681140385
1749966070
1721991625
1552365433
1000260917
1768201810
1641840563
1025701470
1018124622
1797400224
967703012
1742784919
1735810561
1023370793
1722336873
1547631324
1549309568
1372909563
1719575850
1713476148
993775280
990026210
1041990539
1773976517
1778259054
1042089714
1710467790
1646241158
1753958386
1592176087
1058359727
1378760468
1733462283
1041210648
1140547831
1758333144
1451055047
1725903177
1766865388
1498786500
1697887121
1206738159
1795032350
1741906046
993775280
1469166075
1780873193
1029148054
1710738216
1804107744
1224228358
1455498844
1025588638
1719107183
1034991053
1655773654
981005569
1398614517
1761395356
1063915379
1769854644
1601253988
1366369827
1030477380
1710582063
1672379584
1789968043
1710340719
1009983924
1807544508
1814039350
1708472357
1549474715
1815095169
1682958243
1016997118
1001736532
1627971432
1726372835
1015870458
1765782025
1680533037
1755471496
1467521953
1072780165
1047959243
1670455028
1800967251
1585586000
1692541176
1443764212
1027672999
1633420243
1719570075
1674566571
1704209067
1727671506
1665286777
1030477380
1397862839
1657179723
1755979152
1643003912
1615144612
982915602
1681331684
1744686176
1737959220
1686869875
1705762910
1769746697
1732182278
1693273573
1442958643
1627939224
1665128095
1689976800
1024353008
999243414
1457183396
1215092481
1676495774
1672589714
1803099960
1729844365
1613498843
1657179723
1436348464
1635749787
1026931339
953873853
1721670762
1643925872
1043187107
1009124247
1651712624
1791258916
1641840563
1761658473
1072081508
1717377736
1044115198
1766191249
1680924156
1035952499
1763953463
979476725
1690874189
1800444791
1708881983
1776952040
1637685119
1727671506
1693125943
1639113330
1249313597
1613077114
1721648503
1469997379
1021338881
1606903177
1028838806
1711204122
1018158063
1593160821
1651196143
1032692764
1780873193
1684479906
1000174723
1704477131
1028511702
1759317040
1103906277
1048136093
1815010153
1677384904
1026730864
1654931428
1677722229
1021291608
1573264272
1446907943
1398614517
1718246918
1731234334
1798863563
1027653846
1764442109
1644058640
1053872797
1680203652
1766191249
1038098171
1722269826
980687241
1765459083
1640862360
1629198981
1794842171
1822168931
1128736013
1680462037
1757545340
1660873274
1697611980
1822168931
1643061080
1689976800
1668840223
982599291
1645078870
1640277630
1802601458
974790182
1504166496
1629717044
1702606772
1779409925
1654931428
1815010153
948163588
1538595898
938591512
1719438692
1791258916
1766936059
1802601458
1045223121
1413234039
1732373130
1504166496
1012801106
1736054863
1851659133
1703810464
1793991788
1010836943
1808511063
1753958386
1676954315
1028292384
1800629701
1032193596
1744834116
1572573016
1446907943
1699978339
1696681934
982599291
1674829325
1801069583
1808738997
1671089618
1687083088
1753545869
1665866439
1366369827
1469166075
1705615403
988575210
1633014114
1215092481
1391686318
1013347101
1430970195
1721793596
1741906046
1677693668
1025588638
1686869875
988575210
1791258916
1724020674
1753545869
989490509
1014583939
1029148054
1719086964
1636026592
1678580020
1722336873
1671382403
1514884274
1646664165
1643740771
1808625014
943109936
1661530000
1014583939
986609459
1510453951
1754786346
972712621
1766410923
1822182959
1629198981
1710210658
1550893427
993072706
1671089618
1676298330
1713178338
1669635301
1557378661
1755680301
1067935606
1784776905
997917423
1761088361
1513259367
1521177887
1788397672
1723145080
1544136980
1057545046
1719615667
989672681
1776853658
1756901473
993775280
1050245365
1732182278
1662006251
1776913663
1690626604
1744686176
1665653049
1596439523
1020567877
1010466551
990026210
1018158063
1404388706
1664045867
1745370995
1029252122
954756802
982915602
1727782900
1760571202
1675727992
1756155879
1585586000
918955440
1701572482
1455651566
1654931428
884325313
1472568946
1010466551
1059133642
1644762120
1011134937
1550893427
1446907943
1752321106
1677108872
1725124892
1804350514
1036566922
1713476148
1785284466
1676298330
1390313006
1693599054
992986850
1795247094
1637887908
1650649822
1014583939
1030477380
1696681934
987618796
1708178737
1756901473
1709328237
1819558625
1805270418
1774162368
1049146012
1719541101
1736054863
1366369827
1690736650
1719005233
1028292384
1725162364
952334064
1641840563
1697478085
1665866439
1024353008
1032762643
1709953027
1738883108
1025588638
1595086766
1709953027
1633873494
1042063808
1431753350
1733509607
1472568946
1758581902
1630975009
1390313006
972712621
1550893427
1017287414
1684382926
1707224344
1485260266
1707857225
1710612975
1677545171
1703160045
1768908244
1349632205
1754724638
1715811796
1805270418
1613498843
1504166496
1262674464
1669673271
1713619442
1613077114
953873853
1644762120
1809726965
1559602685
1010466551
1066092703
1758446280
1479571805
937565949
1759317040
1718520486
1022185558
1546005715
1079264616
1639620292
1031245112
985943200
1643722143
971498039
1669805460
1751950443
1661530000
1054842160
1072081508
935318131
1633285977
1851659133
1757303872
1758581902
1690626604
1032692764
1256697095
1272660500
1751741752
1788378384
1802241172
1817724740
1755471496
1613077114
1805051055
1661530000
1706737468
1128736013
1755471496
1688511909
1544136980
1660651894
1724677755
1730124511
1703910312
1675982321
986609459
984113955
1669759175
1719438692
884325313
1669316651
1053872797
1648511241
1378760468
1687654323
1660651894
1032692764
1684158748
1704224473
1716322796
1093257258
1708881983
1721758690
1811511980
1630507840
1719570075
990945013
997042626
1708048109
1751043289
1669157250
1669635301
1776853658
1854440698
1025329587
1685422591
1681140385
1706683615
1572573016
1375587880
1028349277
1822182959
1772820806
1814039350
1719575850
1507563099
1766191249
1683885721
1708472357
1697887121
1591515511
1041972591
1797400224
1655312649
1709443466
1794844525
1742784919
1805229040
1665962244
1676495774
1758458946
1765968582
1573055255
1066932423
988575210
1726749147
1681331684
1000114056
1224228358
1712850540
1709611846
1751950443
992141521
1643740771
1025202896
1683921935
1706683615
1803177528
1581001214
1010466551
1675937790
1710738216
1035952499
1733254587
1814445925
1597366861
1713476148
1081583088
1749479700
1724677755
1815095169
959985232
1738456714
1710467790
1696933468
1005562228
1026388131
1017287414
1766766312
1756516975
1733254587
1637885373
1754703362
1038292874
1640995983
936963055
1814039350
1013657359
1069751959
1641701194
1637885373
1021338881
1641840563
1576676390
1082381602
993775280
1398614517
1468123282
1759683596
1766865388
1023370793
1751824851
1006217129
1604449505
1430888269
993806643
1807544508
1748711309
1813246224
1582660772
1042063808
1827912938
1769131271
1682958243
1748697421
1650928744
1672379584
1669996373
1763607821
1769328146
1272660500
1709212977
1078076098
1442958643
1817724740
1722721711
1755767821
1618526738
1048998204
1694157194
1010836943
1733254587
1592176087
1697437601
1089237683
1025588638
1609484700
1669996373
1773147682
1725162364
1697611980
1651712624
1031510265
1032692764
1206738159
1041210648
1053134878
1761088361
1768908244
1704827319
1751290126
1704197686
1015368451
986609459
1510453951
1566525047
1751014967
1800629701
1699727114
1737305306
1724466821
1653737731
1729844365
1718966926
1752424748
1808511063
1628934892
1788378384
1682693515
1715920660
1704209067
1045985886
1744686176
1653737731
1562933218
1737959220
1031053598
999870352
866101365
1443760812
992094597
1799862970
1801235751
1732182278
1651428744
1549309568
1645482025
1776913663
1677108872
1676736109
1687402889
1674829325
1053793170
1735818996
1054842160
1794095168
1669635301
1675937790
1765459083
1056170005
1735810561
1041656885
1682958243
1631852215
1685422591
1676495774
1469166075
1079840323
1715920660
1762061289
1777289715
1010033186
1692434164
973997563
1449304976
1467521953
1704197686
936963055
1743924896
922464621
1020567877
1705895502
1761395356
1711787429
1443764212
987486596
1397862839
1719541101
1019261025
1675734321
1722260730
1072780165
996481455
978384121
1035469247
1042020616
1672379584
987618796
1794842171
953483290
1801235751
884325313
1028384921
1713671668
1682304366
1764663341
1685973764
1508559889
1794844525
1769328146
1745370995
1010033186
1769746697
1683053222
1557306009
1808992172
1687083088
1046074952
1800444791
1378760468
1576676390
1036407034
1613593520
1723233596
1053793170
1669316651
1733392889
1672159993
1683032912
1685422591
1672159993
1794842171
1670455028
1649332952
1040655704
1643061080
1719541101
1703398783
1031053598
1451215032
1017056337
1687402889
1696681934
1012763301
1662006251
983214900
1037265963
1733462283
1654931428
1748925732
1680203652
1646664165
1752321106
1666778645
1768686297
949350956
1019261025
999243414
1697281207
1711891561
1726372835
1018743407
1485260266
1421076925
1628934892
1064013132
1604817962
1777289715
1676477405
1026459677
1723432582
990945013
1035952499
1645482025
1668564263
922464621
1754724638
1224228358
1672379584
1715434748
948026754
1595086766
1038098171
1703910312
1549309568
1672279861
1692541176
1664920303
1037310332
1707857225
1033773884
1544136980
1038401080
1581001214
1704209067
1689976800
1679931825
952371193
1643925872
1622921213
1739354463
1787606468
1757215168
976458664
936963055
1687083088
1761004606
1693125943
1034991053
1685891225
1684243227
1089872105
1674018497
1716350868
1547489657
1068791220
1760606822
1048998204
1808738997
1654931428
1689562582
1785284466
1068177116
1573264272
1442958643
1650928744
1695561213
1728694797
1683921935
1757817377
1625054994
1769265687
1013685601
913589994
1467521953
1035469247
1504166496
1005562228
1805245459
1756901473
1014936948
1594064728
1707547035
1447107642
1531457373
1473301055
1033589604
1063960441
1804350514
1707547035
1808625014
1816787337
948163588
1786206073
1718520486
859950345
1467521953
1683032912
1026459677
1675811138
1320807021
992986850
1805245459
1684915586
1789968043
1262674464
1722260730
948163588
1699727114
1498786500
1715949666
1811511980
1693599054
1272660500
967669865
1638435543
1617585361
1413234039
1688511909
1621670495
996713035
1808511063
1736054863
1641539628
1606903177
1066092703
1659698576
1799862970
1604817962
1670642072
1685422591
1749936880
1641840563
1733926771
1026931339
974623653
1617585361
1805051055
960830945
1757817377
1709611846
1716219735
937565949
1006217129
989672681
1012801106
1582660772
1588177698
1659698576
1677779672
1750345095
1744901739
1047959243
1677693668
1710210658
986501670
1749479700
1699978339
1249313597
1026459677
1669996373
1759683596
989672681
1052834485
1665653049
1621670495
1009983924
1764663341
1072081508
1720435931
1788320850
1779190792
1038698424
1685856342
1459490618
980687241
1733254587
1666778645
1103906277
1684915586
1755619010
1704827319
990590565
1766410923
1606903177
1035952499
1248666147
1712878936
1676298330
1718246918
1066092703
1766630847
1723233596
1035469247
1248666147
1774162368
1644058640
1717994546
1625796784
1798862327
1709212977
1803886651
1410139796
1779409925
996713035
1097912761
1582660772
988722491
990590565
1655773654
1709212977
1025202896
1795032350
1807544508
1002191178
1685909586
1425189353
961410759
1631852215
1469997379
1686642410
1646664165
1766630847
1382297265
1024353008
1015870458
1808992172
1673559466
1687987037
1677108872
1705762910
1697281207
988722491
1677545171
1761395356
1063960441
1603197797
1531348984
1704477131
990422463
1029148054
1042220184
967529122
1034439772
1709328237
1801235751
1015368451
1746805053
1703810464
1672279861
1671089618
1634529428
1677384904
1705615403
1708178737
1650649822
1640235938
1704209067
1729812691
1043187107
1249313597
1686947104
1645482025
1248666147
1664230267
1382297265
1724825882
1709611846
1720435931
948026754
1786206073
1794697405
1707547035
1804350514
1650928744
1720916406
1073748664
952371193
1707857225
1759265185
1073748664
1688616584
1718834659
1678103797
1785284466
1675734321
1033773884
1473301055
1746805053
1521177887
1797087590
1687577006
1638435543
1674233064
1700478450
1815584572
1652000434
1767736171
1738883108
1073748664
1715434748
1078750400
1784189309
1430888269
1815584572
1675937790
1349632205
1038698424
992094597
960830945
1560598171
1065235683
1366369827
1727307336
1629198981
1666778645
1449304976
1640334146
1036566922
1721991625
1006217129
1591515511
1757817377
998819740
1749936880
1336532552
1816787337
1585586000
1788378384
1394964617
1053134878
999243414
1760571202
1034481798
1807544508
933607510
1711891561
1732373130
1320807021
1684382926
1056392342
1759970729
988722491
1779409925
1780399307
1668351496
1017056337
1625054994
971444341
1103721438
982915602
1715949666
1592898150
1748925732
1028349277
1660651894
967669865
1035952499
1664230267
1686947104
1677559294
1055703423
1034439772
1669759175
1511271011
1711204122
1715434748
1669673271
1650928744
1772820806
1640862360
1069751959
1518808306
1430888269
1748925732
1647391895
1815010153
1324569242
990590565
1705615403
1764663341
1702577416
943627293
1676477405
1081583088
1704209067
1641539628
984113955
981005569
1757545340
1057900134
990026210
1028384921
1668840223
1727782900
1696933468
1746805053
1410139796
1028384921
967703012
1682693515
1758581902
1349632205
1765579398
1714114698
1727154038
1582315326
1766865388
993806643
1103524884
1079968150
1014936948
1707224344
1815095169
1430970195
1769265687
1453495228
1027653846
1761868644
1773976517
1093257258
984113955
1664230267
1089237683
1604449505
1737305306
1733926771
1449304976
1739354463
1041656885
1793991788
1047959243
1735818996
1704477131
1531348984
1397999157
1749966070
1711787429
1822182959
1738456714
959985232
1628934892
1749389119
1661099717
1042063808
1627959594
1649332952
1766766312
1716350868
1005562228
1719438692
1759970729
1089872105
1715811796
1621694720
1613077114
1702606772
1038401080
1749001679
1681331684
943627293
1451215032
1769265687
1547631324
1060448484
1727307336
1733239685
1703810464
1785015876
1797400224
1765968582
1789004682
1757131834
1038292874
1604449505
1664230267
1669996373
1726000534
1805270418
1687577006
1721793596
1585057248
1697887121
1013347101
1706683615
1727767132
1757303872
1609484700
949350956
1724184026
976658032
1752321106
1028384921
1693125943
1723432582
1067935606
1671089618
1663625363
1721793596
1466284109
989672681
1635749787
1733926771
1009722294
1514884274
1778259054
1676495774
1425189353
1677779672
1709611846
1739354463
1696218930
1801069583
1640235938
1567529424
948026754
1372909563
1729844365
1731528399
1697437601
1731528179
1640447028
1738841976
1694481491
1639113330
1078750400
973565735
1731981377
1585586000
1761395356
1706737468
1547631324
1443764212
1712212966
1720435931
1511271011
1708881983
1511271011
1685909586
1744686176
1854458641
1772874802
1420709858
1709876213
1044115198
1508559889
1659601098
1786038243
1794842171
1621670495
1733509607
974535773
1675982321
1079722759
1713178338
1679405613
1682304366
1706505510
1018158063
1766244345
1677384904
1655773654
1668840223
1677275156
1711787429
1776952040
1671382403
1727782900
1741781710
974605677
1538595898
1390313006
1206738159
1765579398
1073748664
1594064728
1640862360
1035469247
1764209256
1765968582
1008725150
988722491
1685192122
1790943305
1718246918
1719107183
1588177698
986399874
1845420951
1059133642
1645445883
1648511241
1619730299
1073778160
1056392342
993806643
1720398283
1792579655
949350956
1641701194
1731234334
1649791782
1746805053
1745803740
1039212391
1669667429
1815095169
1645445883
1063360701
1056392342
1732525564
1776952040
1709611846
1547489657
1708963902
1762490226
1822168931
989490509
1128736013
1708881983
1026854708
1779190792
1005562228
1729812691
1704209067
1661099717
1013657359
1025329587
1203718813
1753958386
1030477380
1028511702
1763953463
1685192122
1688616584
1053793170
1636026592
1657179723
1689909024
1686869875
1764209256
1690736650
1733750375
1694197204
1013657359
973565735
1794697405
1680976048
1738456714
1627959594
1725605408
1660651894
1645570538
1731234334
1760606822
1755040389
1765968582
1646437974
1431753350
884325313
1724184026
1037310332
972491011
1518808306
1038098171
1718582923
1665653049
1038093831
1713938082
1814445925
1469997379
1676477405
1721670762
1667769298
1722489345
1672589714
1752722442
1704133031
1021338881
1735818996
1023370793
1049146012
1689224585
1784776905
1206738159
1676954315
1468123282
1727307336
1721543521
999870352
1461619347
1550893427
1390313006
1757131834
1647391895
1786038243
1721670762
1786206073
1805229040
1576189895
1674018497
1749389119
1767736171
1769328146
1706505510
1001736532
1758581902
1053134878
1707224344
1792579655
1493902385
1717377736
1672159993
1038292874
993806643
1639113330
1816249848
1819422303
1713938082
1763607821
1012015393
1804838675
1704224473
1579533090
1669667429
1707614055
1672482247
1712212966
1038098171
1200713625
1203718813
1723432582
1719438692
1822182959
1679249292
954756802
1745370995
1206738159
1728436352
1687577006
1712212966
1595086766
1687987037
1038698424
1043187107
1776913663
1640334146
1018158063
1712582404
1690874189
1788320850
1056392342
1670642072
1469997379
1606903177
1712212966
1041990539
1733392889
1713476148
999870352
1725162364
1531457373
1680203652
1755023482
1643003912
1673086507
1759186652
1617585361
1456349971
961410759
1713619442
1037265963
1248666147
993806643
1000114056
1451215032
1736211014
1079264616
1066411730
1443764212
986609459
1669805460
1649332952
1510453951
1819422303
1803931299
1317479650
1734271349
1756516975
1456349971
959985232
1089237683
1576676390
985431316
1682958243
1692541176
1749001679
1795032350
1638987525
1731528399
1581001214
1010676614
1041656885
1671246886
1050245365
1562933218
1764442109
1790943305
1628934892
1613593520
1712878936
1039212391
1573264272
1763953463
990200051
1041210648
1693125943
1659601098
1694481491
1045223121
1680924156
1728694797
1802241172
1093257258
1451215032
1731981377
1699727114
1696933468
1682076463
1461622660
1015870458
1547489657
1756495282
1023892303
1016993696
1056170005
1706505510
1615144612
979476725
1696218930
949350956
1053793170
999243414
937565949
1579533090
1372689174
889533072
1012763301
1012801106
1724020674
1681331684
1809726965
1016997118
1691733668
1722336873
1735818996
1689562582
1656558579
1736211014
1734271349
1041210648
1764209256
1802241172
1070093370
1732525564
1645445883
1000174723
1733239685
1560260715
1719005233
1722269826
1413234039
1746799673
1768686297
1801069583
1493902385
1459490618
1628934892
1494164289
1643061080
1041972591
1669673271
1677559294
998137817
1722894548
1808625014
1063960441
1729939944
992141521
1778259054
1772915000
1746799673
1795247094
1659517066
1763405800
1000174723
1458351100
1459490618
1016511494
1686642410
1493902385
1748697421
1803177528
1726372835
1206738159
1670424657
1669759175
1604817962
