1031559563
1005199692
1018449540
1007398432
1048786760
1030144871
1015208091
1093580181
1044505922
1028739671
1029463826
1140800244
1070538145
1049913633
1071270601
1064605857
1129915073
1125754737
984652998
1023201238
944820072
1071761965
1061018206
1092979165
1065991696
1018815802
1023811978
1045497159
1007259524
1039198811
1021583373
1098098339
1077273559
1000116362
1041092461
1018934154
983783589
991877381
1117492343
998318254
1061628549
1153791807
1034205365
1030762181
986943754
1061537281
1139678841
1042821311
1077509003
1052240798
1121509733
1059658418
1043627183
1077088262
1079588168
1056038743
1063696633
1050958802
1013096004
994888541
1043638225
1067434954
977235507
1029499403
1107840426
1035103624
1022282338
1023654344
1020495618
994998216
1030332051
1129083217
1096959918
1052267064
1002997031
991387770
1040209752
1050819471
1138896052
1082186284
1051680759
885727345
614311702
614945407
671146931
680830327
607666402
658288885
633345980
646511092
611296001
588310967
591830481
616290092
618659706
652756473
684376054
615598204
591064118
603615405
654553587
670181437
591430357
627617169
640129832
651208240
663523490
641844481
653550156
633690076
642195640
676534166
641250618
1058426438
985049720
1019304066
1119679923
997627242
1000888535
1055385908
1067491834
998992088
1093230300
969310760
1033111907
999946242
1036403378
1083302107
1057676161
1130438349
1015796537
999763555
1030720600
1050549670
1066947279
1156269227
1092186348
1101360916
991472419
1109086521
1070339206
1081291343
1013196696
1006755600
1023118403
1019303001
1007685182
1118542641
1021798222
964616842
1022260740
1103113120
1057005924
1045437608
1015528579
1081040503
1039908616
1082123721
1052117031
960939750
1036989938
1009660445
1017990426
901303219
996261972
1097114092
1041889917
1002362339
1018726330
1058516382
1064211502
1093927466
1053650106
1016863555
1045947190
971743609
1092655294
1012491527
950377719
996147300
1029509071
998556547
1078468639
1060224372
984181864
1043051917
1035533835
1083183461
1012993569
1092594251
1099972199
1043488690
1090156091
1013535863
1079296530
982543350
1116955590
844109171
982882142
1013824899
962246439
961625678
1106062344
1075190619
1116150541
1055688483
1030191739
1065834706
1022396601
1097677030
995598649
1081981813
1058751332
1038503826
1107936992
964903508
974138157
647280474
681100576
598165213
616002626
616235704
639616929
635776227
640224232
627823500
627684212
636211250
616532132
615182048
627734325
653167081
616710467
679085521
615577310
678105808
675195306
651528826
712805519
643369635
1060999953
999896059
1020510349
1097776628
1038844044
1052848106
997857887
1088686305
1011037760
1008818892
1032286591
1014014113
1091376215
1072777044
1022759863
1087548260
948220268
1036122812
997921033
1023999041
1078836348
992067251
1054880968
1026387462
1015054202
1051859441
1006471531
1043911799
1027991742
1060029164
1038268669
1059919007
1051881998
925805487
1085310088
1006547618
1082973202
1110530079
1081231565
986851326
1061037034
1005282284
1061431952
1007814969
1135198333
1041392899
1048510479
1006048176
1096375958
835848082
1075082961
964281646
1024207139
1049121515
1117889270
1102308149
1037992324
997796843
1103318402
1042537445
1065606263
1114121670
1043435056
969268956
1014068099
851957483
1039949224
1040108119
1038180303
1055063203
1012391455
1029653395
1099439642
1087198564
1042949176
1012489529
1017823572
1033528276
1150548107
1051076315
1169019534
1080383435
987756318
995216024
995813354
1086660558
1040497714
1076478722
1107588141
1050172276
1087892089
1056932706
996088021
1022129867
1131670513
1108014044
1073346475
1013262574
1099083108
1066918054
1039245310
1012508955
1035457534
1004415774
1027292264
1053376596
1099051325
1033450800
1111130449
1113640221
1053845152
1099661128
1072332830
1088930679
1012174026
986957991
856991097
1037459535
1062762055
1001311493
1125586961
1036561658
968141820
1076970230
1051541060
1042977940
1044467792
1109007961
1074962308
1041203402
1040392565
974399622
766011920
676471435
648837490
651855466
598865555
616401876
603730085
633576499
650889771
632921548
644672918
663781559
656525483
620155750
608611591
642395950
698840567
638653181
671694248
671064582
656334560
633676791
613956975
647235582
625689872
600248721
656233228
630112747
1071712957
1017417525
979363204
941624860
1005700712
1086993952
1073744513
1007528218
1117164727
1028341176
1050044271
1061055854
1148791535
1065829911
1014755816
1079880634
851729628
1036828766
1023331264
1131757948
1060361001
1061163267
1003600727
1093181644
1002062940
1035716612
1143444358
979843616
1036098322
1123726852
990827024
1039497152
1047889400
1036718726
1018720876
1042469770
969957145
1059546655
946493869
983061459
1041489642
1012155239
1099748651
999172189
1043874918
1102264990
1097715247
1065301718
1003402052
966676751
1080267181
1101557100
961640672
1057028214
1000112150
1028847702
1050042546
1026788142
991380214
1028857503
1003033832
1017786373
1084738935
1076058322
1073014843
1082028665
1038744661
1023949474
1055358222
1089975102
1055694643
1085853349
775979240
1059706520
1000424319
1002777247
1054502668
1059846654
1058158760
1102354095
1039330318
1016878763
1043914958
1015089466
1073461244
1122944412
1111155939
975872313
1020844989
977208034
1073368107
997421043
1054051433
1001425035
1069982984
1059130423
999271654
1039484324
1015702658
1034778332
1041332625
1024575152
1003341500
1014350466
1037906508
1078908618
1088577447
954490032
1053107991
992536889
1027221316
1032771359
1025095110
1031884939
1085410250
1110142043
1075498654
1095530135
1027277503
1019538375
1102082496
1043797012
989379468
591970872
568620258
628831087
712238218
629809318
682832979
635461597
681131225
603218516
600515320
658841481
673223127
648500119
657658587
603980970
632572912
611957336
644624161
668547932
660549637
662583152
588779295
632753609
633635213
692768448
694887461
701615421
659165532
658620897
697209239
1026178360
1042226122
1008642682
1029998331
1001302865
1064080862
1000998539
1023864191
998206115
1077418779
1013057616
1107596909
1065739747
1019170820
1054447099
1085586354
1035051928
959821297
1038980831
611467400
657874028
635980310
601336483
636558512
638811206
636532273
597507084
644570230
616144169
612297124
632535687
645117512
643511240
636671074
614487698
645428432
619540300
680701398
632961603
653637320
633857698
664088677
632265230
624514210
660321909
1025867062
1094722914
1035656638
985917988
1000878096
984721229
1084649287
1009982415
1058144769
1004731074
1074188728
962195309
1059411683
1025300924
1165083870
1055026689
1122372506
1063044128
1059602649
879644993
1107960236
1036737788
1047900532
958125138
1002109394
1000303252
1031167970
1013148296
1012497434
1036925040
1033407469
1125727431
1112383855
1072770511
1115927664
988947674
989493397
1107535077
1000827690
1065890966
952377321
1018288590
997376358
1077487247
927381871
1023948686
1003431393
1038754883
986073441
1133665531
1015333670
1017502599
1164021842
1099595461
1020278562
979833379
1010599194
957253328
1017427632
1015678376
1044623784
970689467
1041350383
1095467468
1044066923
1077578401
1015463203
1156090459
1025113935
1028034440
1019231064
1014765455
1048700705
1048639260
895438103
598899699
668907687
682015945
625245689
622604381
630378880
664425042
663558988
630712206
681668751
627721715
616134836
669313814
645876560
665979656
603524515
686587625
699474697
690548457
623626963
643217412
642015996
640134988
654677165
652824817
951154247
980715638
1002107987
1059034279
1015346421
1008518302
1153939146
994638958
1026449506
1129152764
1011028880
1082073071
1012740950
1026185214
1047432579
1064187905
891361300
595255400
639044010
660789820
643236984
1055752019
1041452463
1023598210
1082878888
1035683584
984664307
1013564145
1035618561
1078599654
1004159076
1050309982
1033649094
1017411644
1046000275
1020850391
1022378707
982174892
979197150
978532588
983290409
1032442352
1053019338
1034656211
1107832413
1000625291
1074585433
1070121673
978517976
1008673692
1128528950
1011148144
1026035058
932344486
632058320
641744852
588378201
646532537
610105639
634983734
633929007
649548391
663631352
639255075
639737271
622894734
579528209
605687518
604100992
685267397
602977540
603015419
592061155
671681857
674871198
615293229
603149640
662139767
653913612
666206248
653222124
630005550
972816555
1041100726
968736463
1020445543
982352344
962346372
1059489399
1127255579
1036013654
1067642351
1107273404
1093331405
1051251100
998305274
1032613975
990718154
1087748796
1022769395
838890822
1024747274
974251781
1093021908
1116750169
979535631
1003384576
1086814723
1033475318
1007459693
1067264809
1089804378
1030949416
1019444998
1036694269
1043972354
1055871974
1101187135
927672512
1068420932
1053120651
983253057
1096795659
1001511509
1135512351
1047057873
991621000
1014659509
1069409515
1050573878
1144367810
1035148297
1056708192
1129646093
1048439294
1106040002
1098599790
798612611
943630390
996651911
1115904683
960815668
984600908
999017918
1041561454
1036266023
983525805
1071810548
1091518515
1113479867
1023423344
1045354353
1017634623
1034819955
1028302756
1033427854
1005460808
1000164999
1073219794
962440596
1077829906
1033885364
1035779265
1186488018
1068372557
1025155153
972674741
1018287148
1049383601
1058815368
1075520108
1011141843
1012218253
1053132991
979403215
1044378065
1099379563
1025761960
981748469
1003321043
1037518298
1057705875
1155038263
1028772181
1051039895
1005701028
1050254529
1084944756
1114815835
895227959
602208869
669909337
614299852
635661284
609001628
696377583
999321449
1074284664
1051144809
1072700214
1057588949
1110492971
1063639252
1132594793
1055811724
1068385168
1042951325
1017344035
1071137407
1027807492
1099376507
999353283
1020164936
1047245920
1111354681
1050036803
1018372221
1104564129
1006346007
1032123423
993978491
1092235880
1046104289
1103459557
986534956
996165538
694988962
1078113382
1019067612
1036922847
1066316400
1089220714
1097651462
1068742577
997323869
999813903
1050454441
1014813036
1073261477
1068905031
1050208706
1019790086
965460405
603458268
594147465
592160343
603411554
618002261
620509994
650874184
683071034
578078992
611519502
646384547
673561183
615609348
627704385
615323725
634565750
690369620
651959327
639300005
662214659
642068634
628047403
615195385
616617180
639042729
591799962
611152715
710416841
663326843
615639318
614504926
630239248
649682544
582496585
701883095
642748761
644105839
611012964
650767388
635442933
626397037
565992684
623433422
613592799
599519566
609261652
713883008
609187467
667587253
620309371
645391976
612353718
614314856
671350155
647177446
633165312
620912765
639352761
649772390
613301578
632124078
676804740
618562130
968079965
1077290509
1022248490
1058607800
1114669397
1112163944
1087320916
1035093037
1072773456
985196230
1088994552
1031506483
1016455858
995400010
1091545353
1071541091
1008029745
888605435
1072056568
1027839256
1039098476
1077158159
1066629910
1047213485
1070346410
1077781752
1047275238
1061894912
1035506887
1079598497
1151967403
1007922222
1048034609
1126037029
1088301636
1038783179
980925833
1103316966
1072184759
1050008173
1031811746
1065068537
1068639204
1070684585
1090157486
1053180176
1084189284
1025764229
1084133753
1039238976
1028588617
590178403
644253521
664004679
1102480814
1061144138
1007415441
616068603
1060122826
1024288614
1022201249
656202679
1099490900
1047998211
638682302
1018320333
595333502
634717662
641472125
1023787643
1005261073
1022274997
1017445108
639261767
1012185096
1001380741
893351277
627569307
1048197737
1069705397
1016000932
1076152110
1127052008
613796541
1012193194
653269885
1036325816
1015754054
618722995
1139408883
1166340656
1041150236
999904301
1068473834
675310332
1129118453
590778817
1101545782
983318692
1095620382
612632254
1099783729
712833230
1152721993
1035718369
615746893
1043684550
1073189858
1020528652
1055748247
627271289
911471245
1059549613
1092695619
1035459113
670752293
1075210905
611265336
1015439331
1042282026
1074591699
1066000451
1064276911
1063419163
588786698
1015288386
1088123678
1023279912
1020379396
1003450115
982870315
1061121415
1071264527
1036103144
644519726
1054538621
1017433523
572812550
1077525731
611147355
651046022
1110255786
1032045630
1054509573
1108012756
1068698052
1007841849
1028663007
1054530740
1101861755
1073337926
1061656088
1078597875
1054938243
1119171403
990743916
1015248710
648360624
1048642435
1048616274
694987647
620086738
669116148
684069831
669218222
951099713
1077907725
1055019068
1017197673
1012537656
982521168
926465814
962309807
1081860180
1075592299
1028355480
1067394746
1073364959
630335055
1036639754
1033799710
1012182722
979821986
1067534097
1000139991
1022285629
1053996576
945958745
1090129773
1099414880
1097031371
960797857
623248788
1098042807
1050520630
680789896
1055750870
1072479869
1060402119
1003404517
635942967
1023638355
1027410715
626252845
998316958
1054953106
1055410142
997723554
1019138801
1060346677
650709509
1105270602
1019688493
1060192640
943388789
1080568303
1111251489
997518213
903647488
965367173
1030836926
602791677
1079240070
956688680
1006550084
1065420283
1066776128
1037001627
1073240785
1077367391
1015513158
1085693452
700114073
981426662
1066942725
980783712
1039486300
986773883
990262727
1099064300
1099352403
983608050
1140743371
1058908969
1030077059
1050095360
1053002256
1085826631
970295595
1022288307
1001098484
1129816223
1018745273
1085658587
1084807862
1038368825
1134269520
1039455990
1016558613
615757435
1087658730
629802109
1087033748
670974419
978621788
1077794761
607611521
929004745
1014006041
1031409092
1050150218
650791624
638949285
1071629128
982901398
1003824371
1144065017
982440785
1060055706
994424077
997343238
851583054
1047624468
1039280513
1000452186
632018686
1102254564
608061665
575462404
1073321781
1043800254
633316025
1026058020
982913124
680704778
1001483769
1075588600
1005236093
1075067626
997354490
1110641892
1025202527
997991957
1017431642
766365266
1113602066
1016199008
651509257
985912983
1037022209
644053485
1106633173
608806163
1096478851
697922009
602663342
623731366
1034615508
709781639
680983192
697474136
1002112896
1027295764
1065072700
988920629
1017655416
646827817
1037542513
1029595944
616292971
654922942
1064254981
1026471078
1164925920
1012510228
674806937
996838091
1038453059
975874659
1076246550
620065663
1053123496
1058517411
632467612
1014833531
1024874426
998994035
641319132
1094301599
1051123203
1111219581
1077109591
990062336
996087154
1024573359
1046063590
998296144
1000136571
597336432
1099156590
1000404730
1027866707
983750314
634528176
978697678
948504719
1090072520
1088548032
1093256934
1080135683
624963638
641875682
996142764
1037151178
1149967748
1036674032
603131450
1052316727
645806932
1039520397
991611254
1059621697
711385684
974189950
1041519889
641569796
1112397078
650118530
1083290929
1105725914
629678872
1047398773
1003017760
1100446588
1000852950
1047179102
1020387424
1122927487
1025138739
1155989610
627373278
1055570720
1082152256
1074381782
682376487
881908436
631380240
947480643
1024022458
1154615818
1044588158
669650678
1052164346
1023192659
984260556
627281315
1075457426
696460209
611963061
1013579429
1037712699
1023457428
1075376172
1067487313
1050281747
673275316
955999266
1029794369
1050423303
1048951354
1046051381
1028028734
628220132
1017439914
1093192934
1050603713
1061404377
673070879
581635177
1016644494
671018719
971800320
960831252
1023200840
1015707927
927529628
1028719672
1082199692
644222946
1002282208
1082165516
970547952
639774152
603345682
1089038671
1114914098
1033492258
1061563540
657485523
611420928
983033552
1017262228
1024424974
597849582
974295906
1020709687
1116035514
648769667
1088893862
1036975922
1026211457
1092299355
1082116364
658648897
1015682801
994696437
1012172186
669895213
1055772029
1040046702
1050986609
603103000
670839436
1073069095
1087455160
1116097042
1006527450
1103424078
983362795
1111770426
1092291007
627410527
1107670330
1057025621
1078917599
972018636
1033992793
1077205979
617839587
901111323
997901391
1017400933
1077282424
1023790332
1003329872
608817690
1039222231
1025130816
579033466
1072933186
1041365390
1018440472
1001256718
1071226874
615224332
632156209
652541847
1037977884
1047286566
959792711
1055835957
1053216308
638914769
629793385
977187724
1023979328
769797171
1070755056
631844100
999951051
1029016599
648600095
999011548
621236145
1040814990
1047379817
1089403655
1023741770
1001858999
1050344474
1015102010
1023562703
1072197402
1018074572
682033370
608623211
1029887354
1042968013
1029471926
645999869
1097792099
1004893225
615244832
591496580
589363654
1141947093
1115256777
1126864461
656611628
1055744424
982732202
634454653
1068483098
638901664
671362719
1020484226
1078774160
1059870288
1036410176
995955145
1081126757
1053173231
598491274
981918176
653245901
642877200
651936067
1117090868
1006509064
994826620
635320144
1025977406
1094909663
1053187501
1017522561
646168657
1018577611
1031496242
1035124128
1057043589
986378101
663118518
602589735
1099093155
982066325
608402707
1027114247
1073435608
1071232171
1118097074
602244706
639840504
1021206433
609400762
1078538412
1130211959
1075173035
646835477
644302860
1126088427
989567712
1005969002
991375046
1091562128
1052310561
1072850481
982782392
1076713145
1053112712
1033464271
1088344282
1024711409
999343951
1032522526
627927612
1014776238
646073750
1121941756
670804136
1014375941
1043940808
1130733042
600028037
1153661756
1018382958
1014808550
958622108
1057746713
1049334467
1006515953
979205929
635588334
1066502132
1022305595
1055225635
999789863
1037556013
660212873
1103424142
801606146
1127652962
1029552215
1022777119
1035544408
1093590382
1077564266
1040515315
1053129741
1022314834
644235390
951559973
1099813544
1073092519
1008216302
964866565
991523666
1041405026
633656649
1005042088
1035752563
641112281
1066348046
1003240882
1024019700
1050337582
641724408
1018892350
1055584438
1018746985
1131578312
1067883034
634250010
1018793693
650461513
609705891
583272789
643054749
615760065
1087760595
1054525756
972548235
628153051
1092400128
633311764
1107624408
1054830137
1039253483
1013566920
1041659693
1125913759
1040799055
650828764
669600853
1110621506
652409938
1063128449
1000890806
1041211688
663193490
1027288536
614280665
1055063358
1059577863
1082071769
978512493
610855674
1019398873
1007503962
1007465179
1085514890
1057744046
1044500922
1113827825
1070630321
1089670666
684548436
1080013488
1003541357
1084777239
979071420
969781643
1099164061
1073297079
1012251451
1033047818
1131647133
999143457
1020251770
656116847
1115589109
660202146
1045468922
1118649016
1009497650
610061297
1116621956
995690294
1030586160
1018307613
1032249996
653059898
1044534261
1041586033
603607060
1048521504
634863735
1042996274
629516687
1015800122
1038053056
1045461294
1086792104
995600299
668762809
979819132
1058265648
1015089196
641849374
1080202440
577732209
676206922
1017727792
1070417742
999314976
1052952747
1003507182
1006554298
636174512
1068802941
1116045859
960630177
1018968172
639815034
701374144
1026207888
1058044285
1011134333
644317306
973642693
1089805838
1074872334
1093381415
648246273
649290733
1072616286
997470667
961669758
568785057
638374667
1089160260
991745492
1007304568
1079106514
772039095
1042442082
599062765
1018745170
1005998560
977205334
1028882791
655366867
995399890
649539875
1068501337
964649399
1153982705
982010927
1068461751
1101048648
1088503008
1058174994
1071800442
961598723
1043981352
1153941025
613927540
1019474002
635662868
631187832
1051066447
964515557
1120754695
1048127423
650681135
1025790635
616259276
599872614
1036059888
1077357099
1037958391
1075044102
1038953760
987122631
1059531836
701433678
1099528925
601380992
952898077
1091636428
1019704250
615241086
633062203
597519729
1002355146
1078883746
852709148
1025823829
1025152703
649371706
1074301943
1051256450
1111104536
1051618422
1092318867
1035562437
1106325663
1015072241
1013564181
1085623008
1082745531
1110613437
896074174
1073680570
638729434
1057321681
1073427010
1112416516
1059586892
1029522049
657640019
658385008
681036760
1039952260
1136565058
1023414007
975471295
788959936
1003164756
1031864453
1043953914
623964700
1068453705
1114782419
1003571486
1031573151
663293792
1074317519
629704418
643862884
985085686
1058121802
658257157
1092744311
1056976069
1072387668
1000776069
641945092
1044217302
623358768
969277151
961283483
590995766
1073507040
1108056426
1005903027
629243434
1038185165
1011158295
643248203
657365419
629639846
613915838
1014772797
1058210155
1036938891
969101336
1039031146
679919634
632431381
611463182
1031903837
1002696276
1041381149
1018413669
1060941676
1039537168
983922391
1039348708
1032749842
1051108419
1004745890
1113413927
1059932600
599548664
1035699723
1092635770
1019325298
615644103
613928899
1044105203
950483813
1053479255
977200615
1064407347
1016889358
1102729625
1007873987
1093770903
1039971136
617881553
591310813
642195816
1080283869
1099154649
961792894
1135889575
674611596
615214410
1011560033
1039692485
632596595
1050476556
1098497408
1039773958
1050563133
1044651351
1123215052
609074797
958120790
1077160407
677527275
999309677
1108047716
1116418836
1107420347
1029608867
1045490210
1065515949
1080067436
1000700399
1040535327
1123334245
676366433
1054974311
653437528
1043146876
1051923090
969264231
1098347861
1012385435
1039541104
1063352829
1013146940
603019211
1048883939
1050923248
1030916926
1038833723
684199527
974121253
1010242797
984401960
1032781110
661864757
1081363213
1141378860
1041486392
649150301
1022453549
1036240219
1065927777
1008610834
1047476036
1023540183
1074300908
615220445
1044527572
1020545295
652485311
618997924
974274157
635645638
1007621396
979816333
634891280
1020518980
998032401
629938640
1033952782
1036133484
1026212307
603066416
1046015125
1075125850
603262289
1025137998
1034758238
663198525
1071463666
1059529751
1055497439
1064540176
631740623
1030491571
995439366
1061495722
655956084
1015352086
632621013
1013229837
1073520584
1005708447
675944410
997505121
1028884783
1156324596
986731178
1068444794
1086834819
1012403494
1073405423
1012570676
1041617087
1018422551
1032639062
1097754900
1057085847
1007241153
625212105
638965882
1097780989
1058634254
1058537181
968079451
1101301929
639773682
600995550
1006251144
646154301
603093728
1065703783
608723817
1034855507
1012935665
999098632
1113660421
1015049777
1110982127
995367399
603083543
636261183
1050894018
1068486866
614818593
646176183
1086755315
984649626
1038795656
1069193767
1114009356
989081406
1048661565
680120357
1093460070
1060758561
1062355425
886036748
1041483599
654539602
1062888091
946350085
1067005421
1049749318
1106538570
1141041528
1026984851
1053198508
1042980117
1135232575
1046037536
632172166
986849591
964900884
1107129333
1017435556
1083998564
1087257513
1025129667
1097140377
1043049344
587961440
656476158
991041351
1070264825
1076388255
998958514
1031552274
1052240704
619282546
676725270
1072849760
1067701508
1059639201
615229178
1099828161
1151876400
1049953012
589600163
663179520
974996566
1002986571
1115008109
1072779636
1050384345
999023373
627402194
662105033
1018295474
691683348
1096898396
631713249
1143254430
1035781699
1108439335
954657173
671676909
613126420
953706664
990779897
1164365487
1005485815
972775016
1019291270
775078146
1144077910
608557312
1069292280
602939689
1075645733
1047307787
1014881946
1098574791
1026444935
1035681736
641295450
1066665809
1005430003
1000053935
651292065
1097977151
1070692859
1066155369
1053093047
615126356
1019014278
1077679985
591695024
872872243
634587308
979424592
997398425
1018307415
1003389823
1070087550
1033452741
1027929742
643904236
1036535987
616184449
685996369
1048580061
1068769340
1037506882
1051961264
997374939
1055791918
1079481852
621840400
1108070587
1030181706
950499393
1095585952
1038036072
1025175599
1061066659
1022102652
880891488
1047403534
1039535194
639098449
1086476263
1077102766
631904643
1001767642
845380391
660356184
646867450
603108799
1003027788
602615665
1066210452
996939594
591414194
1090248689
614670562
1042994331
1021773495
1040017373
1097773570
1032665750
1067687520
1012517824
655502661
1048745576
1063618155
647166258
946036508
1045415697
1070104275
1026030518
566706107
711981948
608797760
645618872
880272981
1075104470
1044014657
662275136
1122586588
1096764676
1043677475
1014182459
1051113330
663889238
591554296
1035013412
1071806047
1039285623
1003408975
949851031
660439275
1093635951
887657243
1056931475
1037520723
1112477461
613189897
1042828734
1075252789
602583485
1053038153
666025757
1116170486
1012719666
1113689500
621950919
1047135458
1055673431
660011893
1081359294
644315256
1097392503
663102164
1114910440
1072792870
615877364
1003376117
1015763570
1058507646
1042996019
994717170
979346291
1024456714
1117662601
977400711
603331508
1013022796
663413457
1070416430
998614611
1048571999
1167434040
1143507252
1072827592
1068330877
992022582
1005786010
1023146911
615800289
1042994745
968961554
657510344
976228499
984651754
1035892893
1031697770
1038740446
1067558685
1073333176
1101353456
979823215
1015490490
1012456467
1082195222
1173279380
678208735
1053438341
1030337348
1037994159
974131060
973905472
1072845779
1051017207
1077552391
1019438355
969997722
662015657
1038972444
1035101331
1133364584
773027484
972744399
1078039676
1014975553
1032351687
1035123540
1117033398
611646695
978005159
1035552714
1027304776
1087721849
1041135747
1000025892
1041465773
620265209
1055832713
1051611435
1000969498
594317112
1015203934
635091439
644091408
1059123498
633220877
1005572366
1015161985
1079041830
651552425
1156304276
1084743405
1035548058
616204867
1032169124
1022417748
1015485863
979432785
658115153
632231018
1050325876
998192498
1031155964
652457638
1016373046
1061077018
1046128978
639233888
1093293480
660409989
1007948951
1019210353
659840861
984636013
676217724
1007742638
1108051344
591234822
1042060397
1085491884
650530450
1073992519
1097004275
627333137
651385241
618901254
627462786
1088486545
641193267
953244269
642570506
979244572
973153887
1079500374
1025133340
1015073916
1133117318
1000314674
1001496472
1059397151
983853130
643103887
1005884921
1028788645
798817812
929828713
984641997
1021751953
639355311
614216664
612492154
1078097281
633315092
1085874831
663256549
1043852427
1048496356
685753400
587907595
1079674600
991386740
1038272816
615248487
1105321614
951817871
1089947222
1053212103
950999296
1073496923
1130238058
959108702
1064813266
1059187766
675396599
603031437
1016882511
614916321
965307026
961600704
1081340154
1019152890
1077633908
1116973356
962272291
1028880015
645057611
1014652977
1077233356
995043427
662920418
1014692589
665433805
1028881281
1026290839
1084270031
1055853980
1028363954
1035314287
1055449360
610727218
1122205449
697205514
1000839187
1031016861
645001594
1022556532
682578860
1057758419
1082261447
676156109
997391812
843435820
1056035175
1049169208
1058744263
1012227497
1032201821
1068812202
1055879607
641687300
613660901
944821371
1102437415
1077819509
1099569668
592579320
1156259186
1048551877
618258531
1070145042
638756173
616106949
680459901
1041136631
700505508
1017576323
977107425
1037824467
662341483
1055891816
650393989
591686405
960784317
651581216
1116044508
1152241358
1031881530
1012520122
1013125790
1058213526
981212672
1031068822
650259938
616222318
1048560576
1099640081
1089051136
1048676221
980233590
1082879250
1098955646
614477309
1002596793
1047299746
1156415154
1033261240
1050759649
603048236
1072968889
1048758228
1032601120
1036265781
1119422526
611093202
925914158
1078609056
1073264479
1036963803
661969258
1082185336
1071822541
1003199806
1016894847
961866473
673079213
1025124398
1093316002
1093391168
1064267317
1126287006
615751699
1007607205
1049671164
627319598
1091615329
1001455981
1038676019
636280802
658141616
969269413
994035195
1042950102
1071504172
1059927039
1003135003
1153222515
1017537417
1132357351
1033357342
663022349
1027315512
1081694319
1057052660
995548421
1029539713
1018741642
1008536945
1038911745
1006899694
995171468
641633690
627353094
1016350546
1107660822
615979250
646920858
607894198
991459389
961595036
1152570971
1035671324
635109744
1015545824
1008197136
1029540448
1111327749
1014068608
696733131
964308086
1072094427
1024270710
984913708
1035666762
1165230307
1091481224
1029685875
625426829
1015225517
1087052557
1042204504
629827074
615208098
1058447196
836819406
1073433809
982504695
984664664
1058494499
1017621146
1108113068
1000687342
1040551275
1049099965
1098677768
1043925828
1036610931
1030094283
646891128
1033486569
1036746987
1012179135
962361442
1025087814
1042475278
1059569397
1116222177
1130419173
927401032
635502209
610565849
988427449
968122227
979360491
985993330
991221714
1028885182
984642728
1020316685
1090929093
1017395349
959634040
1033531227
1061158650
1044669303
893112843
615755265
1023254470
886752769
1000364693
1078580801
1005215952
632068084
1038823651
1088269244
908879168
1029501958
1061325737
1041408597
995321585
590847388
999481788
1022282687
988955428
1023896906
1089559454
1039149135
1043674555
1039004098
1033598426
974157380
1155781758
602758219
1132726884
1010805600
1001045875
968212564
1047953914
669750446
1084409557
1073033951
610985526
664418741
994085508
613917065
681521401
1000869000
1106163771
1055024997
1075110591
1070937239
624082455
1014051563
688559602
652474016
1018307992
1080174743
1050095845
999778612
1006357177
1074419064
1077880858
994951324
694366432
1095627058
1111266991
1015272136
646165587
608586305
1013276233
605340064
1041791228
1097776527
1063837152
1045161192
1045531238
1030786470
1077853685
680809468
573724294
613861413
1118253212
632950001
1055752073
600391688
598488879
1053220045
1070823573
1039896085
661548891
620974753
698727057
1070549897
632583392
1004926169
626094965
611229236
997819066
992186577
633509829
888702387
1055822468
1037969257
591268517
672116398
1091629093
1050679139
895313638
1019002903
1051037112
1080376574
691054412
1030780648
613899961
1011155087
635359526
977193672
1032098580
1014908377
1043342543
1093532132
665153709
1098159510
603290908
1052200393
1058966815
980743304
1043493777
1057075730
1097871235
652836563
661936037
592985466
1090117225
632934245
999280841
1072846484
600000985
1013079682
837473486
1026749480
964799780
994347001
927590634
1031757090
986534485
1017448690
1104271763
962160248
1127757878
618318144
979820604
1083048232
1032489454
1024373391
1014779323
1013111157
1019314337
1012514127
1052019678
1074159411
1151631058
1004962964
596391286
633536455
874987345
635531565
636290700
690139787
1069152787
998461821
1051211431
694938258
673130065
1023496378
1047944115
1099478726
1089276769
664560538
1097764166
1110577216
631603773
1017329486
1018765459
1154038942
1018821348
977668368
1035342567
1007412685
1014021976
1052147449
1020620060
1129477288
999813731
971289181
1101650538
1032311409
1103079871
1036985371
1052626358
611936233
1154385016
1013258537
1096564452
1056788857
997883647
1096628584
997942538
634993398
1101430264
610152337
984014041
1036291670
1001345681
613325131
1005708540
1074839102
1018788776
962977903
1027695701
1154009670
641432907
1073494488
1013058790
1041460121
996391582
1065608703
632891198
1072165538
623119211
1020870028
1012504561
1185388726
615205116
646163213
635907887
1001308347
627336319
842671802
662112794
1023974681
684626030
1029513537
983695056
1135343054
853781032
1003335465
762585134
1054893876
640361291
639908781
1044520491
1068480937
1012505628
646877691
1044438869
1057009365
1037289149
978498518
1007552478
602732160
615725983
985570804
653567271
615852917
1099454712
1097515339
670428927
1037212475
1116943542
1012478320
1002112640
1036084559
1060081686
1111308566
961303670
1053166397
1051249467
1125872609
1116900999
996591768
1006378116
1015656592
1084256242
1089216244
1101400049
996244808
658454531
1023861360
1000120843
1117618515
1012146849
1101671070
598483068
1023913392
1039979817
1064199168
1102422797
636165708
1047265123
1039114887
1035498652
669679576
630155010
1071191767
1053498464
1009062904
812223516
1001377814
591437466
600625118
960779010
642692027
1014218099
1070171288
682941966
647604297
1045926254
1022790453
658371598
1030847118
947966463
1113755623
632575413
682658088
641615861
592446575
994913909
1077569811
1025791540
1051934831
976199435
1056901972
894158005
984058960
653697491
1079756812
641461473
1079678192
1000857461
1031613272
1075050634
1067194565
1099000877
990890579
1032442706
1061187776
1107946663
1035659307
1099306358
995731653
1015782959
1007966660
699531633
1034728810
1023351668
1000976238
1043567011
1051154539
1034850116
1086886022
1108332544
1104709666
1048729765
1003343787
1129275871
1058557942
638682757
1051100458
631720756
1082127699
1028940830
680438250
610807308
643162963
837250142
1022791220
1043933393
1061909320
1035484772
949232009
676183296
1014708676
894640297
1003392541
1023996650
1048721498
1019425582
663644228
998914326
1012667515
685276775
999051451
1035576949
1087559984
672917220
1057740250
1003331678
1107645273
608663053
1084088985
1052313181
1039099472
1073279413
1017923891
1037475166
1013906730
633817063
1012175875
632570719
1059740672
580632807
1052925437
1032474755
627337541
1042768728
1018698880
1093171530
1045444313
955125043
1035163361
1103896559
1055426561
1103339461
1080439550
997843468
615673351
1008813364
1101853638
1098607459
702070571
1007405300
1059105255
1092757028
663220976
962290469
1026509603
982996501
1023650216
1011157376
1014779988
1055425623
977199450
661828714
945660139
654277495
1061095346
631983359
1041137829
620186327
985038629
1063757762
663210575
1074737423
1082995876
981770620
1126042673
1024003413
594588440
1087977459
1036963347
1024628482
642843700
1127893688
1142532913
1032553577
1164740860
1108106540
612560828
1103423871
1093047537
1053183198
759581571
1074521436
695811344
1065922444
1088868108
1053206113
1055312754
1065897655
1081950294
1039396034
1028478388
992360485
1035511977
1102385593
616777834
706550430
1097665066
1012808295
1102603287
1028851311
983251072
1117293984
1150226078
1045216108
1000520256
995819423
681444063
1002749467
636191302
1072318737
615216010
1011600729
1078939650
1079145497
627421840
1128684588
1029912394
1012177920
1039973437
1075585216
959171017
1007455511
614928343
969928793
669065610
1019482911
614036912
1102430204
620137566
1131308939
1025449199
1013430079
999986165
1086266812
1056054871
1068446221
653378693
794420253
991377587
1066055991
1051125608
1017936010
620734345
1008595078
997858334
610913315
970376977
1015373285
652016701
645263669
1086117496
1050224959
1140109664
1086850190
676922861
632866092
642507816
1043958047
963583851
1082990155
1129196415
983253586
1081224300
644294507
1071245901
1013489207
587968574
645504431
962393437
1088340397
1166765765
1007462428
1078481458
1023988310
1096696396
1012343830
1050195671
930895521
1056201906
1042524864
1041954765
699150276
1059563188
1074448049
633309483
657346122
603032401
1091521777
627322970
654319505
689671269
611949785
638681695
1015844078
1050030366
1042281228
1022134242
587920587
1043681033
1028341850
648210868
643069632
982587701
1072396613
1038809787
1088192857
1042846430
1129754431
1002077448
1073443407
644450143
1000334130
981846062
1035860997
1022183200
674076476
978403735
1015471183
1097813145
1082973075
1083227337
1072285485
1000885147
1082262445
656313687
1017825938
985064714
638791122
1031469107
1036749449
986551667
792358033
1014610906
1038806723
1065948296
1007751790
1041510570
1028432559
1018857998
1087909463
933434010
1039273969
650347157
1041155136
1079673121
1033862131
1051036617
1029366139
660281504
1085431662
1033162575
615123815
1012519185
1048795956
1055071446
1061006284
962248174
650636999
984599564
643023672
1044040942
1116028200
658708889
1020522037
1112974746
587917917
959361710
1017443154
985056103
1089235098
1050406186
967102188
632289670
1036770843
976543049
1043075466
639444131
897704184
1072746491
1043858989
663495064
684893156
994852843
1011046564
1049997670
1001242286
1097117832
1035247688
1008662635
1079671352
1027309574
1052308644
876231294
1097837204
1131883336
653116309
1017795299
1055092066
639837863
946620002
608691374
1112311579
969255320
653222165
1061233195
1121606581
651522823
1000118138
1047278065
968866219
1052524277
1004664594
1085489010
1072368684
1073822022
1072026791
1055754805
1023853660
615234817
1089908262
1085745642
997536929
999015807
946403460
643135322
1000883232
991400184
649358203
999296091
986699235
1033665409
1080433524
1027860057
1066226509
1036962361
1058732191
1036208946
1058831753
1071944456
1019613673
962044546
1002324623
991528494
1014778166
1041643154
1103423443
611843300
851677075
624178208
1017432807
668314235
1047965004
1079611043
1046292680
1031632635
632310903
997368026
1023122942
676195367
999006923
1135574013
1077543340
990963118
1032872704
1014082792
1050800505
1041180940
613922133
701347618
1049849091
619533990
989410059
948851542
646227323
1052114101
673157500
1000999645
1037026801
1020294307
1107950084
1028793900
1145795935
1085638284
1071873672
1033656884
710419818
1068721442
1045588135
1034701559
999338085
603401676
988998802
639141083
1076042134
656899681
977242948
1011055400
1072852039
1007429273
1129072226
1087248836
1099841056
1028774875
644852150
1028262689
1004657251
1061882242
603025442
1148732307
1067316944
1053162908
1114831821
1051585057
641446799
997405983
1018942604
1029452004
1053059624
1020242441
1031178324
1079676624
984660008
1044868929
598206679
1130536932
1058891806
683696122
1026465527
635083326
568281437
1025486263
944665001
900707418
1092735075
974752865
633178928
649260326
627789309
1184323034
1051707857
1041506221
682721449
926956676
999239527
1024963141
1019299891
1045512994
1087279775
1062526253
667941350
1008141155
659300802
1055947107
1083005546
1050647968
1000060820
1065898766
633258315
729130778
602617898
683822795
1097806897
1041378378
998152653
641760654
1109175196
1127281205
1057738752
1035715510
1030291082
1093112919
1057172522
1014047687
630057667
652447751
979842758
966604614
699095157
1092833576
1101385657
600206302
1023948880
1041435916
670948966
657137535
638995983
1121147133
1062914214
1072300504
1067636614
639781865
645447881
611910215
1051146520
1020872040
603154601
603271325
1020731518
1004355640
656152027
1026147763
646147782
1057716084
1023211676
1036659522
668471109
1156360835
1018513916
713419291
1035561411
646114831
1024103729
1102449768
999756605
651328611
635303096
1081433616
961743262
1125972548
603189964
1106158433
601315698
974236076
1015509793
1032230653
1017461726
1055974769
1085859130
1045494402
968354997
1035179749
670096537
1007766424
1019235116
642916929
1071753310
1032145472
1074693121
615007262
946835204
1073432620
968141472
669274573
608499741
680683740
1023170003
1114356051
1017571126
1093106306
1026207557
1071345780
1103575459
1051740009
972726711
1090079698
1012729632
1087526549
1071275807
657879783
1076132622
611588063
1057699825
1065980918
642875631
1017439198
1017765194
648436147
1053225808
982820551
1077925837
1043291378
602812810
638682455
646173359
1053322857
648650674
1040093359
1061073084
648173850
619876712
1045691196
1013269610
851721779
1047304729
1097855788
961415498
642342806
1003341153
614924996
1117479969
636244815
1026320630
674701553
1008864906
1051172960
831812215
614909073
1023669141
1055422888
1107735488
1092196691
1041393528
991909253
1036151868
1124582044
1020475171
984550656
975936492
999818741
1153772029
664043724
1101631749
676414791
611602373
1108518977
650500791
1026417592
611008133
1057667674
1111354532
663551865
1047255529
1099997839
1077530233
1061297581
1084227833
1112340995
1000116337
1079429906
1032085413
642096589
620009829
1017417656
1071882796
998308110
1087149354
1098031162
588304197
999106228
1077220588
1179304110
1024149450
662437544
1040251521
690704493
984675853
598478348
676097002
1059893296
1107947979
1071645157
1140592171
1051909058
1005708611
671359806
1022288137
1003280439
1067008770
629871873
1023974991
1026338674
1077894882
667601920
996198701
1155872394
751448288
1084528194
993637634
1035696934
1026423302
1073465612
1067251784
1107452155
978511143
1019836564
1022406944
1053804707
1107286264
976751101
984595113
1060188260
964975007
1017436739
1012504846
598465872
615784482
1007903678
1097766715
851619837
604402620
1025789810
1018744183
1044616533
1085300741
1084231964
968735180
1000250266
614937182
1079675481
1097234126
1041224026
644830829
1114174876
1065682052
1041140932
1079679538
1078798488
645877218
1023227430
1039376024
603060665
982220430
979283847
1059480831
1051748883
1116037774
1015716398
1056995946
633230093
1097784346
1077713753
986010168
636020191
1090249048
998997291
1042996584
1036758716
1005225644
1041248219
638563331
614114719
1038793308
615210385
1043682480
1019085255
1043522899
1015697792
668682489
600519912
1055625148
986944865
1104513144
633092136
1057751260
1154753894
1029668626
1018350625
1123729602
1103464819
1077210177
1043010964
1099616023
1115732336
1074341189
1019057045
1096965644
1011105867
680800141
632909502
964703472
1047767286
1070412651
1047267331
635618674
1059146414
1024894727
1015326421
663681662
663625230
1000277004
1170018422
1003360716
1054435219
632560430
983273477
1045416596
567731238
615328728
632843046
1091633767
1041432428
1092325291
1099774420
1013398902
1048707845
1030793991
639723533
1038923737
1094775570
1069562641
1027269621
650528826
1059519075
627311594
597154536
1079573251
1002105710
1072892125
1030057274
1035169186
984644278
652820508
609663473
1032400648
638682253
1014818038
1093182227
1030758707
1008678221
579385905
1099846013
1045432023
1029537481
1060018527
1081136790
976410833
1039259341
1005643255
1067538549
1022857577
998744461
983085874
663432717
1100042130
1061100844
1044024455
998377109
1036912373
1078558395
1053714960
1078926456
673016293
629965259
1007360437
998582795
1031085880
1070713494
1073207744
1087311048
1110297233
1114879746
1038320894
1043942421
1102045306
639769938
627256559
837885559
1025333130
1051220515
986937435
1015362636
639161622
1116360414
691864122
1036767019
663042499
593439950
1077502572
614981683
629571758
632275747
1011064922
635081256
1078839053
1125869053
1113899211
982964937
1014459891
1077862878
1022302504
1087954348
1099705954
984997408
632576626
1005138276
1053141074
995925682
581383483
1015542258
962697880
1013949747
1093085577
1082214604
782913597
674587154
1015500805
1084787897
1050041512
1000147229
675766368
1144465573
1013522092
622942732
619297282
638908668
1020873002
995290432
1103384944
641048531
622371121
1036963490
1124096050
1011070113
1063732859
1061785345
1015364706
1030209523
1059736847
1058714481
1072110999
1031724663
1112495006
1036124472
1043631336
1019278844
639774603
615212416
1003579109
1066553978
1051266097
1047450020
1129982485
1128945498
694654262
680788289
681329104
633132859
1015463452
1011121842
1125854331
1041332836
625894824
1024595676
1054553636
631817537
655067661
1036425927
991803605
646906687
982186427
1027837632
1025922243
642054358
1031914612
632341748
952117205
984105879
1039532370
1064247047
1000986196
979815836
1103358474
604576944
651774681
999492261
1043510691
1099479288
972210344
1012509762
1071834398
1115091860
998423304
613775929
1079297832
674891887
987241783
1057065307
1082095619
1097829768
1050924085
1032705728
1030274968
1042898035
653970558
616323260
613421532
982271387
1129389588
669562683
1083127423
955736844
623478231
1022661051
1023868831
1011973041
1058602025
598422906
1066013873
1052785674
1044609743
670798356
613926061
1005825307
990815021
1072848943
1024161616
997891135
1030778446
1058823638
1012505345
1051294587
1015714842
839549072
1053231681
1008666353
1093998701
1028778361
984767541
1017820749
1113469898
1004308186
655984018
1027320095
996629335
1005749096
1089694095
620098809
1071864878
1041376398
1123533247
1013009220
1109526950
1034794311
1107700020
588237926
1047271172
1071702148
1075774095
632645036
969515602
1128391066
1027218076
1110523347
1114802221
996141282
599747222
712152499
1116026208
1023379503
1003038543
1003643181
1087338642
1045344272
652681686
1035789982
1102135324
619368172
1035132548
641884901
1072229470
965568043
996339775
997877710
1033935579
1003398405
649410437
1058211630
1031922829
1052319515
631695740
992732014
1013970202
1037921957
635089057
662517356
1121461411
1000203112
1069372351
986262444
604285798
1047943062
654084251
618209283
1059969380
1036962629
1005708594
1072447900
663216399
677874014
1008669755
1043219459
636147628
631942151
1048070657
602794528
1023156856
1079816448
641997057
1063685087
986934665
1003598712
994989388
1022745238
1068636535
1021425946
1028212040
1015137687
968496513
1072847246
979558270
1002926349
1154431207
639332518
1015772547
1034704578
588367181
1048012633
1048778551
1042134900
1043908187
1134706617
1003049867
1012217760
1038208960
983631958
1057634906
591616415
1075147138
1013716919
1069471989
1039187382
1042648349
1001405831
1028863814
1130034207
1017082747
1002019863
1084837565
1139049932
1064268385
1057732282
1047200187
996126667
1094243289
584534519
1057996942
1157860267
1053849598
694657984
1037854210
1079912723
1018624395
996453998
1004472510
1070523612
654290529
630569042
984618295
1061610596
1064771208
1116273343
979358315
611053475
1013574146
1036773552
1030362406
1110349964
1020518400
1048312818
1002112304
1011156542
997347830
927347738
1076637526
1078999952
593284036
1021996983
1111257175
1013144983
1066024357
986910170
1045884860
1063718928
983417119
983239289
627391278
1043473799
1081351103
671216830
1141750674
1020862948
1062981457
1015636079
1084680495
1003397016
602849581
1087789126
1036963994
990725683
596472742
957518212
1033603565
993965302
1078929110
979353499
674546349
1071317706
1052443120
998403973
1028184845
1065951985
655936091
1058698533
645048697
1044537327
651091698
690805448
1051387554
1047165440
1065264971
1053175642
1025212971
1125885992
1061509861
1125530953
644981452
1065975139
1099260055
640722227
613024485
1073176798
928299424
985098199
1119299795
663360042
865698615
985827752
1035735598
1065578655
603639158
1006461269
642212281
635471597
994907891
650930759
1000951233
1083913287
601568449
1006477769
1036110910
624514971
1101445984
1092282411
671725792
1014729968
1116776988
1034808645
649964336
700013786
1098825070
1038305458
1058602297
652780490
1050618964
1077872858
1013615809
1022268156
1070043147
628002274
1085314594
1015704906
985375872
1001203563
1113858276
1001312818
712939219
1115417050
1016884191
1053174257
1039212433
1039317965
1055193658
1102305080
1004520561
1080347426
1080411647
642995869
998666671
1086999237
1008350762
1077652850
1036743301
1005285285
671061445
1050611934
660151262
1033626236
630003128
643546438
1048711829
1016885871
1003340245
1128619092
997304582
1026395408
1093310375
1039084667
1038794826
661818093
1017874299
942879487
670871752
969699715
1064115155
1097320950
1061646104
1071827617
627628826
996160247
1008756343
999078979
1103473313
983466706
1006328476
998491381
613709481
650858043
1017975454
950263314
1010880408
1128997600
1068449199
616272001
1012508871
1050884664
895219525
1043734357
1088042335
1047294552
1024837982
1123148271
1028881797
1039943349
611372014
1012314966
1038256740
656970178
1025302215
1020820729
641666634
1026232803
1051641194
1072070254
915281727
1090249708
701384979
1052543543
1008714472
1107945700
1005318250
970645123
985184920
1099211784
1038682435
1043934104
1011047561
1093359906
655978410
613927204
1103423324
995493990
1020987891
656034645
1087104400
1049363748
1017455861
1076754784
654352723
600140378
1156385793
1095573044
645712491
601976571
999942563
1071906500
962178658
1033476275
1082121004
983681476
979996366
1068238125
1018806196
1046722417
1025120384
1017151623
1144321721
1061520922
672656222
1052303720
1092284094
1064275128
1038124245
1061129224
1025126410
994781798
1039533334
989388884
980853476
669785801
611824556
600359688
1008797888
1041196971
964398379
1022674465
1041287591
997327584
1060620486
1101324969
1036378177
1028057857
1087432461
632796375
641819742
1059646595
1118977544
677927294
1050082916
1017512156
1092700908
965023375
1111408470
598139504
1039268475
1033575579
1077350983
1036952019
1078744432
663367818
1059664188
595990970
968077118
1028096958
1106167563
612861396
1032689291
1023984525
654246270
635093953
1022786156
637419163
679431423
673783360
1126698850
615679558
1100021377
1125858765
1078218394
1007574608
1061080886
995423981
1013249017
694616526
1068454976
1087931236
1053954327
1017808753
1055972524
979407376
1069964661
1042519107
1096393305
1025847306
1140218072
1064651775
1065042818
989740894
1059057391
1028529347
1039147008
1023446983
1038789912
1050556524
1041139979
1019248136
652851442
1081567319
1051078358
990086114
633365739
653462900
1059615371
613154373
1083767416
1051716117
1004269653
1017411301
971664989
970725184
1082018967
1027318357
1058648109
1107944232
1038001795
687793195
1051424195
1073533320
1027841629
996241370
1061201577
1028061185
1097539693
633518087
986852887
958828985
632409957
1085961889
887287215
959964391
985969356
636263356
1058874329
578162842
1007807413
1050536218
680633286
1019163679
1012504308
1014774919
1018397271
677478050
990800620
1000502360
1133714382
1026831759
639046543
1013186083
1033509192
1111399948
591524280
1139899582
991480271
1064257507
997419698
610787081
620237797
670885107
1089028701
996102639
1018742832
1093093098
1057679855
609918753
1056557575
1110634083
633214069
685969296
1014035730
650475533
627351167
619798030
961602499
1044016966
1013555320
673996976
994508455
1082175379
1100231622
1022163416
1092439613
995065757
1035131269
1084879288
1154097702
1058463751
1055110738
998312867
640648532
978503221
1074356306
1149614160
1103141530
1097796648
1117146852
694634387
1031367954
1032379410
645051526
1047700904
1091144955
1089549954
668965342
985987669
1039983776
613926558
1004419005
627165172
622581619
991495285
1116570972
1055747485
978839969
647903864
1003033124
1036740578
1068791974
999000760
618606539
655934992
1058205213
997338629
1107904104
663152456
1099736493
984792236
635401907
1022393112
1045795982
1064226014
999174244
1020161307
671363505
1031563883
642774866
1005448938
1058259696
1050071143
1031584045
1099170260
639771640
1134592812
1044544429
636094548
1102400690
1035656635
1090249777
1042886165
1099232037
1102419231
1086422075
1069621049
1032936992
1168933734
615752768
1077476518
1013189608
1059248272
1155277019
1039536605
676162554
1059753160
1056859199
1056095117
979151892
855077424
1050060488
1026433793
1154175508
627339309
703922766
1015711922
1130402755
1023474822
1092032072
690206797
1018562588
1033681122
1114590840
943993856
969250167
1017422742
1042359008
1014782013
1013302306
1071854367
1083131870
1058546212
648156081
615892690
1116987918
612251541
627310677
895192259
1018864923
1006620953
1103245209
580332864
1041229322
1097768578
989445226
643006347
1009982885
635434658
1065647756
1107704219
1019648384
591387851
646377329
1061623185
608245867
1012187852
1062363546
996016735
617137311
1110627336
1040215114
1076775423
1073937658
1052299367
1049229585
1018755777
1129256555
1059672703
1048510402
1063542211
1127363659
1083305416
1066848464
1096952539
1043529998
980823178
983559770
627345838
1031592153
680553847
627586458
983244231
1022792114
697264733
1026432530
1068836839
1130306806
979327088
591419591
1039323038
851666536
602190140
668507660
643968505
591812575
610675326
834207753
985921053
998786400
1036698230
1097073105
615630562
703080079
1102376695
890210953
1073320122
616235254
1025894164
1050104623
971946051
712561568
1014536466
855799922
1025990879
1022278800
1063762212
995259531
638938129
1000749691
665851010
1063741387
642905672
1091574109
1004442476
632191928
653324558
1084588461
615753646
658487001
1026272537
676388588
1057123864
1043086424
1155641364
632706413
999249523
612970268
1084756385
628814385
991380705
1007442180
643431244
1012912741
1064580584
984646724
1000114566
990688646
1032822226
951200195
1051786399
628665123
1107763625
1021163348
1061067352
1066062768
668277408
1048807595
983259058
609166839
1073429582
1086950122
1119913883
641490210
1091632281
1023975337
1075412941
1009830471
1019324864
1061619946
1002417720
1057068178
1079310612
1022813637
667177568
1096919475
639391091
999347641
1050167047
983043984
1005708321
1073329207
1042757810
1072181351
1143733957
979391272
1116502576
1038723250
1049969827
1027279848
1039278238
1067657540
611084743
1072264630
1035703386
1073315201
615842795
1093307999
1081161781
615198089
1013821714
629738793
1027891493
1101593050
1021576006
1068949826
1028336085
1022241219
663336299
1035386178
646607794
1077710745
1033564961
1126012966
1002457849
1035553844
1102413366
651563305
638841362
1022333330
1058661911
1059356072
578558379
591711385
1019097622
1036897208
1139326046
1052907104
1118797248
1070627220
637106783
1035802798
851595992
980288530
1044405655
1018451801
677738278
1060067495
1123988361
1061109240
999833101
974317918
895320239
616258995
1000117437
996222756
666731215
996543474
1022382691
1162210228
1010386308
1082188494
1033470817
1006661931
642301562
1027252120
1039966072
1116928249
660404562
590670846
1022414652
638596526
1053410030
1107687380
1068459880
999186475
1091620997
962182772
1111262654
679145921
1060289263
983073227
658335946
952273462
1065814614
1051928409
1013192360
1085476561
1055920528
603233149
639828781
1013735099
1117843951
1064036384
1035748720
969259080
1077870209
1056831109
1002813682
650478911
1046091192
1117080854
1068895196
608837525
969411473
1036140839
1020339337
1025144714
1054692620
851790160
1071841540
1110821265
926559787
616192765
1066996260
696494478
1050539752
680418085
1093297697
593683439
1047013149
998247060
1048769073
1054211018
635578137
1048730688
1043959201
1003346505
1121789171
1055810751
609536621
1011049182
635096828
658293603
1077903209
1041513653
962069428
1041397023
1059853473
658017506
627378022
1114502124
1043895503
838834690
1111182660
950823487
1088688413
1040902229
1053675885
595566286
960881945
1043088134
1051925262
1051134811
591477871
1070059163
999394766
1023513784
1073790597
1064024621
1042994893
1036182864
654227617
1002069047
999767261
1050962638
995799728
625237704
663589791
1050067247
982289142
1078980688
1065899253
591541545
1077411853
939395545
1047431764
1013684990
642152597
609797627
1035533776
1009848573
1015918087
1068448229
1059268355
1048332047
680483065
1022787510
603670306
1028038866
1006755574
1092303536
1055087450
1099479945
1008553750
618237582
610719297
645645776
690162921
1110630557
997829021
1020414477
1032861236
1020871082
732279759
1014562671
1018643863
962223674
1033390610
1024630773
1020279233
613927872
1061682065
985158654
1029627781
1074608828
1075322901
652859109
1058317418
966757452
675489959
1070610232
611106752
632977936
617009627
1005299760
1015589742
987008890
892640298
657805510
1032219864
1066990352
964356113
1036761043
1092719769
939835595
612922926
623820960
1053030117
1035111884
633610380
1036082705
607492192
1059629713
1023640287
1093010356
643654450
1008932385
1078331041
983106732
999012161
633912936
984604257
1065170823
1022294460
1060237314
1028353067
1103750697
1008652065
1045403529
1047129353
1163223243
1093290582
954353149
631837090
611682898
1038017400
1001356684
1097090615
1025156447
1035195369
1088761862
1011091465
1011043341
639770363
861127073
1041142624
961592782
1154068393
1117393197
1031848383
1000129385
1036552824
1048539433
992263566
1081332409
687463527
1161040147
1029656326
615203263
1015748514
1028878819
657452979
1048597951
885998744
625435512
1057071343
615859692
984622200
1060031719
968325735
1131427066
1006118725
1071065942
1025229141
1095741054
1061116172
982165868
1077166107
625556376
624892237
975095204
1058778533
1039280995
1073391869
1081314058
1125739226
1117244837
1008435194
612026177
1032686901
973307922
1043957952
1129240361
1093568728
1078662754
1170588434
1130164207
671355042
653204835
1091797113
1023300356
1067589167
1059632732
611928128
1075532953
649219821
1088408384
1014081142
663264663
1028047661
982349693
631702144
1017897506
1043006244
1066594341
1044404013
662964869
1021490355
1092349936
616348754
633997825
1056766146
1030198198
1015397877
1040389005
632719156
1045947106
1029765312
1020530851
1018338217
627445900
1053792088
1079362143
1122656038
618266250
1024113327
643772088
1048995068
1004381981
1137347630
982118950
1043970398
1012301776
1002186513
1035712476
668107527
589214204
640525319
1025791087
1091893670
629561949
1015596753
836167352
636226262
652863899
1012169797
1014040666
1025543914
1058395729
614878503
1005708478
989185247
1015727433
591728793
1050073932
1022279711
1061736140
1033793661
1038935255
1132279853
1074527338
636182369
643995049
645028847
1084793920
671202095
1019984690
1078393683
1122536035
594169856
1041455055
619081528
991633063
661770127
1041346465
645143465
631972610
962195895
974651025
1132070508
1017500808
598641508
990513666
680386797
987215613
1039528797
1102188262
1030767374
652659145
1036066558
1050829534
931104536
974177846
1005708354
1139637367
646842459
1060321709
1050644203
644635701
963100134
1089920229
1061436922
1025164942
1042995188
1113707045
1078702498
620033140
1125715170
591456342
1038482880
1053530126
1075577033
1013169950
1040121405
891690249
1069899655
1061085736
1068852585
997758880
1052060195
1099162203
969855544
1043960391
1007568082
974466573
991560277
1015096846
1097851401
1058216963
603011999
1027195682
1135421771
1011409182
1067208162
857641160
1055898486
712024783
1084737137
663239312
1054547612
615758086
1001306556
1117043527
632201519
995641916
676198009
1065763755
1078180443
1087957820
851697538
927554606
1059096601
1022299929
1034987642
1156375863
633318803
606243664
1066646040
1038086540
696641466
1070407688
1127487155
983266120
660049492
991309510
949723819
639315589
996100217
982451878
1035093734
670788356
1035515858
1050092833
644309057
950623955
1043108702
1014276459
1099497468
673610508
974356847
1058209208
591108091
1055436134
1010679101
616654085
603300363
1058380618
1020489586
850123014
636204107
1126485006
1051106104
1051672782
642870337
1071418798
711533392
1042382131
679597826
1012505546
995162739
1007835445
599889337
1033458186
1027262108
666133916
1160524908
1055802816
1040173770
1061582859
1041176399
1023839837
678577800
1096807608
652826488
1055909659
712306668
1093279711
1041143056
962348616
640971449
665754121
599934587
1013540206
644211562
1041414295
1014677244
1042999900
1023656921
1075185547
1038237884
1107987168
1088847095
996030352
1006184496
1140890319
1015616985
1073302082
1043949836
1053170633
971553053
1111253994
986044955
1041744603
994879393
1050081992
1107963121
1114621953
1022277579
1020868470
633245367
1080653409
1048700657
1046041459
638308395
991167053
1030162781
1017382024
1074026593
1071977400
1025311775
1036220675
1006280747
979375631
1042568780
629909223
614913359
1101487564
663229221
1096311585
1018360544
1012225664
635964400
643116599
1125865033
979524073
607163059
641483958
1106167193
977206107
980751024
1059956848
998100273
914520883
1003487511
657836165
1088980752
1077576343
632358583
1008514802
1054078651
711833089
941919247
1045778605
1046005646
618225095
1043233013
895161702
1001442094
1039066828
636177220
1060015125
978942118
626714867
1015129801
604954341
692366714
969468426
944272307
1001313834
1006198183
1107686540
965156826
1130979480
965415273
1059679997
615271408
644746956
1131992401
698687388
1103437434
1065473072
1125819156
999805828
941594210
1071685785
611327162
997567405
1055748914
1059025565
614932042
1002151486
1103546761
999328861
1098444946
1010888581
1015361477
1001434084
1033507643
635746487
887936939
670760113
1041428692
642861552
567276471
1099721552
1030992799
1097843872
1081255588
987355143
1077320488
1035098781
1077354743
1085464767
982828284
986398094
1075583793
997861145
1065136633
653261143
991465960
1040496597
1000115749
1033308518
1018161106
1093490007
1048791149
616036249
1006588948
1114855970
1054557379
643740330
1008672947
1071381479
1036797128
1059656585
1043027574
1029809279
641954591
674850084
1108819148
1061078550
1036753308
602820281
602595396
1053927129
1092789172
1011042558
987522457
602688371
644572166
646766587
1040288144
650532639
679018486
962286508
1014702537
613463356
1099481190
1056002621
1059698406
1079985663
614112510
1053177507
712680207
1043918617
641161283
615222398
979381750
1023884517
998229434
658697518
1113725550
611111156
624276777
1090161575
591575662
1102458286
962165399
591658506
632203718
1023684782
1013850551
1095994168
1023945227
676266455
960509195
1030054639
1012287567
1001283695
999846405
668650682
883124332
685386274
1097760183
1013790731
1054520191
1041260702
1044634678
1101980414
1112221528
1036829260
632174008
779498851
942399593
1008028420
605798968
947190544
601481683
1092872304
984674074
621563573
607350207
1084239232
1061113659
653255314
596779596
1031245360
1103006764
995243114
629988798
972699946
575137222
988585718
1003393879
1034780276
638682624
1027855986
1089131657
1008570266
1033478876
693402371
1037392318
652744112
1020656345
1079174193
999126987
1035054305
1065929503
649349390
668203653
1061073966
1030303710
1077558973
1062941735
1078057967
1040488058
1135447610
641700725
1135401585
1065350795
646910791
1081196780
1010115600
602637540
616007942
1017472506
1003401987
851747639
1077398185
1097758709
999333097
1035502132
690357190
1038786363
614868260
1000907986
1000889012
1041301864
1013036750
1065223759
1056377450
1011044610
1018308031
1067612347
1085209297
616283916
612369828
1164489561
1059592353
1059937589
1149312407
1029535043
623197631
1099759466
619161358
1119644755
1065476163
624705515
1093812082
690188841
1028620208
1046021497
1016687334
1025852454
671035548
1099542961
629692939
991769432
1150869744
1001605642
986926585
1077992621
674371277
992430606
1031358066
1107655192
1106155980
1007526966
986142297
1048533178
603628047
1088094124
709115960
965134553
629664070
598478577
1006429521
1067348167
1058840039
1109910801
1038006965
676178333
1074283104
1082579843
1071034677
1130504315
1054655570
995342879
1026188945
1003747521
979373724
1039529623
1071578965
651535276
1061108221
1003289613
937893202
634031918
1111447183
1078679492
627527762
1032270632
603472770
1087109749
646854816
635704613
1108079627
630984691
598933396
1077606604
1018836551
1040186971
979487569
1051888802
1084207259
1075085272
960107454
1045451281
1035724229
1073306478
1032586874
986939337
1043023640
639081310
1011045183
1085026175
991872144
1020869727
1091625541
627675723
677276921
1041546564
1054108389
996148604
648468278
1133341021
997253959
1003369417
1114124387
1022410870
1083361278
646178561
614053270
1159221131
628274192
1093371105
1001513465
1065835699
1052219314
1103230861
570976619
931835342
1071844160
647830592
1053167340
614097965
1041557730
1116042275
1077574612
697627792
1088670962
1065744045
970137413
1073455044
1066756969
1095484827
639669472
614810213
658780868
1069775351
1034040643
1006030772
614802144
1020270484
1036838096
1035525941
1043588082
1036625428
643037695
1123763332
1061222400
1065899912
1038863990
1154033753
1010733699
1060417527
1073440453
1049184802
1034320345
1077782497
1038242328
613259964
652225409
1049256765
1070442664
1001138486
1139740443
1043654582
984628938
629485939
638931724
998872821
627330248
1023964730
891933685
1063017932
1036653832
1051458424
1053776546
1087061205
1108082075
1122733451
1107856424
984867357
1142330601
1047279796
600092205
670738521
712340809
1017481255
1019325061
618426719
1073585886
1137497647
1059759454
998278377
1051234738
1053106786
1048056542
1034167772
1020356624
671099805
1034294691
1055749821
1027850257
1059497314
680792851
1015354582
614117496
1001470928
627325220
614808270
681940784
608268862
623217336
983168126
985179837
1081016847
591403409
991582967
1003384624
1041383598
1043745604
565811310
1044350865
1055418554
1082080763
633452223
644241594
633462761
973579016
1043004269
603662443
1041526109
1031544392
1135131622
1007475697
616070745
1101218568
619975033
1077184483
1068753425
1065909623
587899742
601246850
622465905
1038859039
1039283035
1071554164
1082254697
648877227
1015181953
1059974524
961074023
980169834
1043500985
1021728488
1028825775
1005364392
625800955
1021707746
919660662
603176317
683592570
638682132
969285481
608115223
628780686
1088961501
1039049279
1066268493
1100710603
655998513
633550557
1078390858
649128353
1015094217
1015347309
1077618614
1038783547
1048741413
984155787
1023435312
667378284
1089070935
1064271930
962369560
1039839187
1122065848
999534700
984830912
611912328
927476326
610381214
1065183461
1000904685
975643900
1117969155
1087632595
682514150
1078620928
996218508
1044120559
622652573
1100875318
978501822
1055431026
639853846
1138323634
840920540
655911799
650950056
1101465997
1019024017
643346773
603703392
1059308188
629361646
1090249502
1089108795
1068469576
1013087134
1084966223
1130807611
688160741
1004701220
1020124218
1070854833
1067512418
1035976313
982309160
1078962395
1067001467
1049394384
662612680
613928173
968481564
1036339280
1088681023
1030775205
1108067340
1034819508
648283744
644677080
644793861
1036733331
1002968245
1014482945
990840814
1073722282
1063985425
1039438947
1007323712
1035808523
673197650
1042219373
1047345934
1109747754
641395824
1071814406
1087164868
1132435484
1047317605
1132848447
1017368684
1022035510
1013073886
964266785
695199490
611020350
1036881876
639523077
1013358473
1003979597
608766553
678287820
1073611260
701481657
1057448833
638682963
1100487364
1103518050
618276775
1059750531
1091210025
1025791977
1040966915
1036567781
614332064
1077620121
1025242012
1112352357
1054051804
1089061375
1088796798
632448407
605607526
968085129
1043066506
1006417590
1095084726
1020583047
995101517
1093081278
983261382
630467729
680806190
667042227
980719779
641708397
986673004
1093321196
1093412080
698340240
1050305086
1098232833
997382768
1065745628
1009161744
1054492083
1098287818
1104967342
1028796235
1057969032
1108115896
1067089588
1019115847
613925265
1028344665
694602797
1082148595
1106150791
997867601
720481262
591639898
1133535360
974149960
1043019218
1036049484
1032529692
712468537
1034983166
1019324533
1055768148
587951764
633322854
1014774817
968094966
622336172
1059133573
986935704
1096119813
1088709521
681164763
1005539245
1109197852
1090356657
1030143924
1023396437
1072015956
664790589
652413752
1009888955
1012203805
1008317664
1016110893
1068614592
1001329122
1039237884
1092564832
1066004371
1116124532
1041556764
1006866137
1071327504
1021290071
1060099601
633313479
1028014277
1036588450
999323268
642863380
670145720
1053843319
627300263
1097803712
591409875
1093072470
1034904350
1082596451
1052972825
698775962
1074952381
1077648423
672309492
1028808755
1034821353
1044477625
936273514
1059733342
1017815402
1059724257
629720166
1082239173
623015591
1089042245
1066821659
1029284235
979817445
1065902013
633205450
1001639172
1028886611
1035629946
991964994
710248955
1052993907
1043964260
635199657
1070132651
1019512818
618188847
695547819
1123048968
657406181
1013246763
1000644367
660689829
603320901
972096877
964843438
1117259896
1068465438
1018929635
633502345
1014740487
1036009722
1068777119
655863063
1065655965
984468204
1033848694
972676349
680859303
1031815457
1033736533
627314127
1035737530
1013929535
635142280
1057217990
1023221559
578411323
1015707307
1066870696
1015353856
1038980444
639793322
1070417867
1093107447
1067531493
1003412977
1131810239
1050483675
1085562915
974321850
664311798
1083030318
1035142433
1019324711
1052722010
1092924579
635086368
1061070493
1046101667
1114816681
630227711
1023973237
987669037
1005272381
1103276044
668535651
1082954683
1056423045
650443698
1050094818
678113939
984688917
1025170395
1107813673
1025717383
1033471752
1017738551
1075591281
1099795386
657444196
978506099
983530770
1067382789
587940650
1059789907
1021831937
1031022656
693745334
613966702
1019410738
1077570344
1097824159
991574599
1050094310
1015669165
1106007845
1107976149
585297249
613924119
1080820099
588271064
646428375
1000421303
613572157
650877234
1015320318
693003146
629809438
1030810013
1040510265
1080397644
1103422716
983439401
1034744999
1019494231
642480761
981046711
632185778
1041384202
1023331821
681417641
1012361138
1000357201
1036854813
1030120291
1038137309
1059781213
1018743841
599781546
1053184113
1021810479
627641473
1123421319
1076870883
1061535386
994670056
1006444400
1020520708
713460068
1032138213
1085527867
1059204025
1093087240
684773231
1018308594
1043017416
1097442815
991936968
1050464288
1006716389
591185094
1112134755
1036149385
1155556631
599291568
1033756715
1102226479
650533164
982677128
1043791070
995716445
1087714949
598721554
1068735034
614110356
1109016934
995025809
1047939963
1066934940
1058937891
1022793865
1088720241
990731985
1038635135
1020760875
1129250600
1026374276
608857015
1039175618
1089962492
1119753251
1067296093
668911796
1061544754
1000721871
632369179
1035966053
608385840
1007705779
632565802
1031291813
988007169
968608700
1097647468
979709045
649306448
615218658
597921984
1024767146
1058622937
1087810791
1059898454
1073754043
1041444188
1019920073
1036478715
641661886
1008698009
1090249235
603048903
644930665
1099897844
1067505210
1023184592
1027918903
977824533
1018502864
1005251340
671173879
1012460133
1043959923
1117810884
1027457684
1048848315
1040447167
636306935
825618010
1000882360
1118310542
1043012509
638898964
1018912447
644281115
1047292483
642926942
1099536050
1000845090
978097426
1023390651
957350354
1014820692
1067143216
1076945784
1053082374
1051935259
613531173
641695912
979676216
1035139617
614793523
614932811
1043683565
1107701542
663301010
1018432679
1017696839
770707829
1093099620
1084983279
986940329
1089856966
1041854121
1013048640
1117398722
1163824260
566346009
999194793
1022788678
686560223
686757943
981639922
1077360141
1059602606
984587945
625026589
610900171
1066532026
898312918
899806130
1071790745
1050089069
1053185932
1034417542
965241142
636183632
1036490870
922572226
665593831
1110608508
1043627803
1049810311
1095436039
641575126
1060257799
955364459
1050272535
649319435
1055100588
1058324377
1028066245
1043958526
962203074
961026288
597615264
603565911
628441846
992082724
899257229
1010443102
663938943
1039125139
590950342
1013867645
1038260456
1025789972
1042506884
631867803
1030265245
1070680821
1063189525
1099724882
1002101832
1085921127
678756604
598948873
690129992
1043679673
641604092
1002113365
1023705173
889108090
997083869
1058851831
989374673
1015299959
1016892592
632742471
924396612
1043484877
1029567872
614803075
985351320
646847260
1018307746
661871589
1083016597
1050095081
610229906
652913129
658307912
1072847825
633014807
1050576805
659174142
849401994
1030957879
1117900927
1061112546
989477802
629972548
1022540305
996158247
615217564
1042926738
978507949
1075239079
659558833
1050729524
649392260
1074988494
1073399451
981076829
941851645
1143757681
1131853770
1102407395
1139189202
642879627
1086766413
1023307625
696369052
1047980061
1050615231
1058864058
1017830333
615233106
1012521602
1002816959
1081767070
995125455
603124708
1042578635
1065876509
640863911
613288728
681582840
661862587
1073350505
1077748691
1005708517
1075574383
613991878
712103467
1012970280
652139040
962455000
1107700686
1094423788
1015359122
1050623767
1012501986
1043564323
616161865
989433061
1085155587
1077585235
1108062790
1032623462
1085115623
962318757
999304046
613086249
1093962369
1061944301
1050260482
1082232069
980542813
615659129
614961131
1051483211
653314571
1007785705
1108705348
1002080379
1033003995
1006943197
1024671807
615191726
1041424522
1057077413
1077960672
995472428
992132891
1117211785
1093515765
1068000560
888090361
1035136949
1098094509
1147777683
599957578
1033196434
1022253362
1062603491
1129229716
1066981406
1065854538
617934226
1035745082
628521817
1151057969
602508201
1072557737
1040470887
1089007747
651599114
1059996685
696154162
1092145056
649246958
1097889515
1017434902
1012511056
1080479217
1035706100
638395728
1075596966
663249152
651529988
665829555
1033229766
649393437
1055108858
630092247
642967888
996181793
1075192893
1077176025
1028040152
957707064
1122972759
1111263024
999353001
1072846872
1006536732
1063726322
1095914171
1098794169
1129871192
1061762948
600920305
1019272236
1118533459
1006393915
979944382
611126597
1000233680
1043518174
1041500317
632486912
1000887843
641535022
1165989565
1056088367
1009933163
1134111349
657581776
1084337280
1114718255
1039285317
1061099735
979306886
631726688
997675466
1008460892
1013107601
1089079634
1031575086
998307565
1125766887
1088732286
1059112190
1069048834
1064834976
1024348020
1064263716
956432687
1063748004
967215837
1035602830
1027317115
997408150
1001126536
994742830
1073131314
588092821
960925948
651407463
619868801
1099673595
1090297294
999898776
1000296210
1003333741
1065319703
1031214133
1018827457
1098916183
1000398152
1048435088
1014072924
1055854744
1028371137
992492635
632507870
710878168
1082244406
1065902324
1064203584
998805811
956866602
1028011400
984704958
998215356
1077123888
701320516
1061105829
1107680575
983135244
613203266
994629037
856502016
1023662012
683395015
1077883411
969048004
649588934
962199007
1038844470
927213376
671305222
984639472
998305568
936656853
980811547
1041594334
1002111958
1029971816
1133003868
1111945314
1033512373
981523582
1083756975
1084904889
1061103754
1008790537
1070297338
1037547477
1018308420
1090199309
1023615979
620332121
1033542226
670928353
627361195
984314202
1115934939
1102756042
1050354067
1053165430
1114251936
606113609
1097057985
610644365
1026938638
991426620
629456539
634823703
1092709264
1036753999
1092953806
1076422546
1077280290
1075231757
1051163373
633050165
1039415847
1099739385
996152381
1005248394
1089266435
661822343
1000169440
1087820810
982485787
1035151296
972928838
1017818252
1027954056
1003433125
1085597153
1035769079
588570793
1017442571
1098706848
672835072
682611735
1075226100
603543750
1049985055
1022275645
997153189
1043665086
1058218392
964015831
989397207
981786789
978754547
599489835
995553254
926018477
641672853
1070229014
1064358519
690069505
635279013
1043675270
1034832072
1108003069
648482446
1093281758
1048629604
991832214
1077325900
999206569
1071291366
601928704
635085175
681611903
926846210
566151965
1017037880
638984145
1088423203
1057079141
695734473
1036158977
1001894103
647333620
970104326
1017713269
1014438190
1012689255
1102404886
610744726
588111578
616175884
1045505170
1048022442
1070414331
1093216343
681484706
1030680079
1000254549
1065786074
1046128071
668870721
615057276
611941932
667736302
665696701
692344330
1013218237
629887567
590895793
644265785
712244341
1013158523
926215058
632547762
1048479358
1050095471
652841952
613045690
1036156678
1070314185
635389924
1033710873
646161659
1134944670
679695130
1059687182
1054355718
591564813
1038803492
1043042562
1077369402
1006502635
1014718018
1150443245
1029650467
1000802390
1075509274
943892060
1041529121
1052301178
634093231
1110721399
1042315544
650524088
615870631
676317494
1087357544
1018461524
1014057674
1125850412
1102275610
1050096337
1036768445
1019324590
1035709347
1032726287
1061366087
1101568734
645089006
641797424
587215008
641742218
999925316
651134944
1095592929
1070255024
663277353
642029518
638336579
1013014919
636824710
1003521378
1108059627
603120478
606437493
1025288465
644226047
1036920720
597953484
999795017
1047302441
1043827842
1007674168
645338274
1051278269
1043874812
1007934954
672958176
1060124607
696214885
1103323359
1009527477
671461480
1071878628
999292593
1028799652
625685847
1144263046
1015722410
622240411
1074328678
595784654
984213035
1015262530
895243627
644151881
1057564136
1024057625
1072947537
985946729
640181401
1129934803
1010980533
1110383490
1073857452
1018780193
1030689402
1002529475
1051094543
1059556307
1041569477
988230371
1040347937
1135514496
994944192
663082331
1044568547
967788539
1071849169
962189210
1146679274
1083448997
669733410
1033500014
1071660105
1046918930
980903875
1016897298
984684413
1059695604
1079759987
1104218645
1014751964
652967058
663798559
1010314965
979809929
580871081
1034844696
1086899275
1023877228
1117698692
1125830426
694730047
680836651
1104944716
1030223864
999881007
1102374967
1012210735
630970392
999269079
1018944360
619899017
1028887424
1059833887
1150535461
1072850210
1006689018
1038817622
1040604495
635785327
1018106900
984694956
1066705246
1086611558
1015176269
1033548634
1033413697
665802791
1109472489
609227061
1081346393
1000176977
1013444539
652832994
1108970018
1049273750
1091588971
1023840905
1000095006
1065956385
1022413992
1000944227
974009491
1020469641
1001740118
638959131
1050251026
1097920411
1026787828
1132216118
663318432
676531979
1031103532
670769938
645216921
1072783696
979454479
1041023933
982934358
999222870
1095566687
992056009
1023974872
635714805
1035134652
590739883
1034828646
1041972324
616124538
1036983910
713043133
1049614407
1041907263
1066993238
1005673782
623178503
1038870281
1051919539
603041296
1054738931
1073424475
1020500525
1022940343
1067418320
1073440056
1025868043
1072845247
999974962
1012507000
1093152474
1077589905
1107957821
1044442398
1149741379
1054572995
633778323
1008024930
986469815
985147887
1027307772
644270617
1022401064
643584265
1007378203
1131822948
986863097
1093885028
1060356763
1031656297
1076509906
991440998
1021095502
1091604435
1012902507
989254125
627342585
1053383937
1027634555
982408723
1044454206
1033558241
1036359192
1083190864
635259340
624368086
1081552163
1044531578
633298660
613921360
651130098
1026213103
619457372
1003327891
1077241426
978275330
680764228
1083634939
1005332670
1080944754
1083038240
632767645
667292755
608332911
629849806
1129627525
1083154262
1076488926
653171471
1019592164
1096131572
1045480918
968780382
634194574
1032288590
1051053578
1036962110
591734808
985504914
1036444580
1059337409
1023846965
1078294125
611720133
1040031834
1093841742
1055275227
1093334269
1082157074
1129973746
614187377
1069444724
639336613
668818679
1037682296
1019883156
1013177148
638530556
1055817482
974204463
1051914645
602747740
591757604
1104449097
653783881
1039282346
1048148253
652869724
1099480710
1061087790
1016462907
1067573755
1116708587
602762022
1000219146
970990631
1055440588
1018308816
685036606
1004099186
1037503540
1007513299
1013211862
967483868
1072342359
1022362825
1103490590
1077586774
600065652
1039198976
1039464600
992900554
1027863941
974263079
1097041255
1022316647
1019513762
1078649923
1080698564
1107722226
963378824
1068867453
998267194
632399470
1064182081
1075724907
1040227512
1129619108
1075338442
1022298386
854402042
1036765141
1025186132
635441881
1042995844
1107949277
983292717
1038832895
1077602110
633285341
615937069
617544251
996516476
1053886260
1103682223
1094585461
989335911
1059985690
1103422768
603219635
1082784420
1066304280
1030133406
1076197609
1041386612
999340505
1080382173
1056278797
997610636
1010515560
1036907577
934528060
1001310665
1050334126
991380097
1042545039
1077638479
1140344625
698986815
642865599
985618361
998261680
590812874
1052004438
1099523810
603204362
1125800297
968058925
652428064
1053152503
960231645
979181732
598072352
629422516
1029525094
1023974787
1068745506
1087582321
635347533
1050179883
1023072558
1035693614
1090231566
1044515531
1010200387
1059767510
1017960532
684465770
1050076788
932664756
1047947734
1124339340
1035634806
1050501382
1055871615
1051526790
627359941
962210635
1021678109
1027297021
980880686
1083261369
631886211
1043763311
646043802
650537496
1047945708
638867164
1012516570
589878038
966177123
1116068764
853168372
1053376586
616212779
613926713
597710338
1125878633
1050860332
1053708251
1043505989
1014132986
1082085706
1025412898
613406520
979345004
1028833682
1028841582
1050763193
663858124
1046013961
1000552141
615905706
1007482275
1020222573
1030214236
670911092
991121975
680338281
1132597017
592853782
1129284198
1065841680
624856477
663203214
611917333
1026012661
1026525524
1087884088
1100951743
1011101173
1050093251
653391832
658581847
1067482908
618003957
1061064878
668767989
1085404227
1084248953
660179794
1024526275
1059166756
652904372
1072830206
1038877503
1085788477
999273920
1035930614
1077306235
602611515
629067832
608653317
591585489
591395733
1076326028
1030321400
1052288472
1005372506
591036639
1101513963
639656976
1064975785
1071808909
661446041
1033484150
583868602
1012505948
1003938898
642425202
1009767759
974218553
1061093108
1018347947
958330478
1039290754
1013201598
1002267990
961507976
1087690726
1038788719
696029626
1067667801
1070155435
610865733
1030243389
651596161
1014786205
663272559
1026169595
1093132511
1001308950
1015810130
1012512467
1135519407
984712799
1025790832
1126109424
989463422
1018981992
1049053722
1020523809
1029162364
671361047
1043869713
1022341300
615887045
655900265
1064262268
578207718
991672119
1086713098
642948358
1109702772
591400164
1060454425
983787753
1028814023
1079670662
1099574713
1087862294
1082098682
1033502893
1027969619
1042704998
1007328090
634648992
1093427358
682698363
634411736
1059174300
1028410969
1099385542
1055840194
591408516
1016986874
1058752451
1055791134
999004112
646311125
1092310682
1107068679
1035400164
1033528758
996269038
1051917524
1042575419
1005115899
614104897
1075153929
686232531
656100969
1055103584
1019468904
1125731210
591609858
643331275
1037192612
627331847
629760485
656043565
1125785604
1036816911
1023361640
1065900829
1050319576
1057040722
1070734049
1000861721
997797914
1072336822
1019337988
1016822693
1026210923
1001475777
838668306
980424871
968052597
1051930886
1014806390
666424142
682651255
1002365353
603149322
978897969
638969957
1023925825
989119659
1064943388
634480196
629777823
1002160287
602720665
653211585
1055331930
1013562853
1083381047
1070501716
1038300867
622824329
851932368
615201092
999936534
597549874
666488019
632534425
995667484
1038787497
1057071026
707696571
1012507167
1020529041
1106777317
658075225
1053259461
1019565846
660328973
1033462346
1080362237
1072851179
652298815
1039598820
1018323325
1117171997
1017600906
996755315
651638456
1084460625
1012180916
1017667734
614745545
1070364495
614066714
1059661423
1078949749
633282236
961593628
614009096
1155354224
1029515936
1012859529
1003007042
1107664917
616015743
630137577
650535327
1051830385
1000470092
1044182056
595039526
1042665029
1061184418
1025164190
683088363
999666196
1131859320
681658791
1022293135
592197534
610759155
620444114
982369621
663188003
986931296
1147117727
1084601976
1039162616
1019358185
1013573111
1020868690
1086011638
694626318
889773440
1061700210
1063048065
641366446
1035616197
1019372581
1013897503
1060383041
644249891
1067732667
1079829285
1143906422
1064678575
1013132648
1019240101
1074763148
1043408713
1042036099
638893685
996735195
970473791
1062730051
1065891024
1017551499
1036875309
1087186184
1082386711
1047335757
1088593494
1077463439
660300726
1015404027
890512071
646886618
1021896481
1107593853
1000329793
1038801121
1095604496
1035540619
945256176
633486952
641677566
1055138122
1028785735
1083062575
1053585261
1063753456
1102330565
636045023
1067028735
1054779985
615864856
657977371
616529492
681724298
1075581506
1027311698
1022281877
631756643
991689418
635310117
671353919
1103423591
1056019752
1019331270
1024981750
638920674
682518118
1051346674
667529054
991884379
994235828
1087506270
1007289894
962172087
968101630
1107705260
1094012124
1058577392
639772723
618068969
614783361
963799904
1020437683
602601594
1107697529
1041476634
615225824
961956551
1061095993
1020491561
636193209
635853543
895177985
1036787514
1046108428
619847662
999718429
1026102255
1037615466
1034236998
998047576
803715540
1014829234
1069843904
658618181
1099747720
1003401394
1101367483
1034521059
1043958820
1035115636
649374395
1050096210
1139537168
1108024880
838255908
1009314589
972762825
661043872
1057658691
1087604551
638626446
637965529
1020458459
1039250816
651195359
942609630
665726788
964477718
678671370
1023975108
629631729
650565922
1097818925
1077890999
694677266
1050268442
1057372305
652435808
1042556192
1101748107
997802320
1038149576
1107563270
610967678
1028359544
639772122
615170122
599663184
1053287723
1061282787
625002726
1047069233
1017642892
1114081797
1040412974
667858626
627357705
651798229
869225796
1011048157
614807469
608478248
1020023112
1129537757
701467833
1068962368
638947559
964736582
1002618857
1078134589
1013033039
698371822
1071148485
1036455625
1053340202
1007912990
819196759
957261470
1142981266
1081283214
1040065627
1047949879
1067938320
999862780
648329700
986899841
1103423086
1051091623
614457111
1093349685
997664565
1013116762
1017438239
1036957356
653285025
633411942
1072848696
588172108
1056944618
567483919
1065255895
1018377267
611791782
1074266493
767967935
1002090319
1107542057
1014331249
1065901152
1033488601
633290552
1077483797
1035073557
1039988475
1070342108
1039356849
1014772586
972787342
1122764055
1050210816
633321162
1062229235
1071447066
998237632
1034898000
1059952804
670655115
1078233181
647617767
635848293
627344023
1003027003
631794046
1082318453
1059817061
603056051
1124810447
1078456504
674732878
683175089
1025790246
1042863536
599225786
684287901
1037537217
1022624717
1077029503
1099600504
1035761529
1072509219
1014781310
1043922044
713237928
650435565
1026198611
1035135250
995003511
1067554402
1011158660
1050942564
1048821362
1154082831
1050586477
633319950
1011155995
619826009
1074935824
615564825
602604376
1000122914
1040296304
619922781
1019207516
992536699
1093651748
1019762014
647020640
1007658987
1154878156
670823838
638698907
1064450634
1036775883
1080255046
996154848
1007882532
1071867464
1013156549
1068450787
1002112210
695338383
1111246370
1027505350
599395505
1082206208
1061083117
1094675589
602867415
1065821657
1066465164
979497689
1055530801
610524333
600685011
620542769
1096984217
1031150629
1113624311
681111423
1055783288
663205036
1024214205
1013237346
927741383
1015699782
1078969024
979224254
943195074
1107703520
1007823476
1039077473
1077267143
1025834756
602908578
1054269701
682178346
969240602
1061831718
627293682
654301606
1019736476
1050362147
1031972284
981934988
1043541428
957844133
1029536607
1102370087
997779838
1000924325
1017841994
1095096604
1031899204
665060422
1023082812
1012760411
1057766339
1036384065
1023824078
1085442201
1072797925
1112710359
1043960776
701519251
638351297
1111279847
1013644874
676445738
998311201
1053915394
1000835160
1073473599
1128155565
1016760563
630219157
1050286445
843967209
1099472583
627475738
1030184410
1012445358
1042605279
639364581
650526557
1156268491
1023419134
1090755047
1153972163
1003010498
1041392458
1018121938
1029497409
1019077127
960062896
999879105
1028031683
1070415987
989239932
622300429
665860537
1021875700
651442596
1043606333
979254710
635383908
641683372
1039283782
1023033383
1087368779
1125115187
960818069
986830376
1093242982
1026128620
1003379693
638978051
991375801
1031853028
1072849222
1050137915
978509498
1114435990
1033147116
1046027817
627355383
1070206467
1087206391
1012508375
1129263547
1077378925
997740783
1133846346
1059606643
1026080257
996108565
1023937573
1098353919
1050064718
1044059598
984645662
1082066532
654634328
1136689378
1089063237
1068982035
654211429
1048899374
1054344328
1089168238
692695554
635233621
1040162488
1083316726
998309847
1054228233
977505880
1060831845
634286835
663055330
1070726141
987858822
1010058295
618220768
610836490
614627444
1129268751
1144906071
644263276
635801558
1050091797
1047322180
960847637
1010586303
996118177
602966965
994893373
603429395
1059808708
1099478890
1008069252
673431546
1068511719
631786685
1044002278
841954869
996084519
1107798035
616053183
982327339
1009644080
606670642
1022957352
821378099
638637140
947765369
1063885140
1050608503
1102447852
1055911299
786738945
654142019
1035244832
1062840932
566899542
649337012
633240204
1070648251
1050255061
1053264474
1132711777
1095312262
1001505523
1109149493
1064161707
661804287
601143640
1008683741
1079639871
1044506333
680785290
623554267
627530789
950682598
693140442
1023900556
587933628
633271441
1103302626
608831805
1051179759
966018869
1067096304
1065905615
1131840634
1047468215
1044937054
1106875389
1088942212
614843251
1013592776
602692519
615249495
1125861892
888810813
1017602422
1067011361
1073420648
895274421
1111578872
1013070551
1025791354
1071610144
1102851921
1023872713
1035743122
615195478
979627942
1026653948
1012511279
1052296391
675804906
1107943415
960400418
957659292
591664313
1099488134
1073663742
611034051
1036996392
680500349
1129224762
1028141069
1038791416
1036145543
1073573492
1026451842
701010021
1053576438
1110678415
1122157292
1060686990
964754271
652583556
1000881023
1025810150
649214383
1107929461
1005691304
669309548
1099685456
615221261
582263658
625155770
670342314
1014792057
627046575
642977155
626854370
1125877024
1044822586
663752226
885508196
975297461
646901833
611515268
1014947927
1013167633
960862527
1077581175
1037514133
618139796
1031541849
1040190685
690095763
1072847526
642269289
1024747429
653071554
602402891
1007491816
1048247516
1059050899
1129435476
1022224107
1043676835
1004241806
641811815
1053181536
1070454898
1007198324
883787077
1027760497
1063508978
1046169026
636173448
1011159753
953762033
1051192696
1035177973
1019264150
1102209425
632812667
712441495
1050297317
1048048242
1090588022
962239973
611098157
619928083
1085412593
1045525169
1151759018
1043444519
1082143392
1007067294
969586410
986582973
1090248905
627358677
629528883
1040438716
657723709
603170783
1082139064
1019800389
641785084
1033459801
694207785
1047859628
613913968
576880843
1027314463
1016890882
1047215923
602439006
989422781
1056810642
1091394873
1038884291
983482501
1087393533
997643130
1040328888
633150241
1038067769
638800681
986027976
594068716
982382514
988326058
1091548677
591677353
1068451632
1000890296
1049499968
1090225673
604091856
710617073
841639595
615589447
980610169
682561093
1091703187
930458328
1022350408
1007700598
1117585527
1051801407
1077364311
635068280
1115429656
1055159132
629730775
1029528025
615697831
1024663749
978501233
1048385560
1038814459
663439673
1021945207
1030020495
1168370733
601724400
1078975936
991377323
1038600380
668346556
603687571
1002238365
1026208695
668615930
1013091243
1112631161
1059707580
658541567
1033554036
972652639
1023757802
663508445
987477407
655854189
1019219612
1045540308
1033441059
633262939
1000384992
1011762924
1025683443
605194391
663215255
1107698880
1014799390
1003021828
613947727
1019223047
608899836
674236773
1009696202
1030546559
603618885
1028780243
625320865
1044267855
1030939524
1030628883
1053178403
698901458
1055095291
994975119
611120430
1075289654
615755616
1059505160
1013318169
1050245158
604796492
984435168
945009888
658414791
1165466245
1024181828
1075621392
1011209199
1084266990
998500132
615254465
672553272
964578103
1109991318
652420741
639510606
1030762895
1081294203
999906372
1038819040
1072851649
1068405078
1006488109
1117122301
1040451795
1096745132
1097865107
663396302
1055387228
1006138418
1023627868
1057900049
594405254
1167583869
659702611
1017433942
632086122
1051552568
1014941217
1116034431
995355794
1005460742
983186799
623074094
1092690687
615073023
1047319945
1055867159
1047531638
645538264
1072149478
1007448681
1082448838
1109125261
993041917
1074269568
1005207701
614570291
1057021658
997380251
1088639016
1117335033
1020892087
1034634245
1038588313
1049428908
1002906841
656177680
1047282520
1038564813
1065726106
1035644158
657298863
1075968994
1117195431
971429974
626329325
1013057467
1036302874
646692843
1017835446
680401558
1010754302
1034945039
1031562023
1057755451
1011009101
1026462554
1040249494
1002857996
613599482
639770991
1085004456
947362229
653880074
614805018
1002095037
1067459276
1031983721
1007860978
1099803837
657555235
1009745931
664106938
1072848062
1068579238
1035816372
585725069
1046150833
993188943
1099969828
896800295
1033523930
1036963106
1004034893
633276344
1034112432
996149840
1042995348
646875482
1116862368
1072880671
666823689
1006684351
1113118219
1095576916
1015107601
1118400039
668431728
957411603
598576962
614145424
588060161
1055436005
1087329859
1122856837
780933579
661204655
1110919158
614850360
1078638856
1083548401
991444252
633304190
579716333
1017446199
1067521472
1000830802
1068169817
1078858939
632180466
1040145538
1021659999
1003113765
1035159995
1066100185
1122314164
1064512922
619778241
1033455331
1017891834
625981337
974228956
1055932365
1082088839
578972111
944454301
1133975318
1043959733
982660035
602782298
1080869411
1086970946
677161673
655185022
615830590
1068915587
1019300918
650592023
1033497857
617247214
1151290331
1030429971
1050091398
1085705832
1043884247
984941382
651236284
1001309518
1050094922
1015445046
625611018
1112908135
658868793
1051188015
1077077408
705425189
1079540458
615722224
1003426661
1000116760
1105614197
619660043
1025791894
1042536669
1014345261
991373672
1039013560
1040361048
1068076751
1097196638
927467298
1025937360
645394955
984647678
1048519476
1030738933
999778145
627349328
1023975145
1061557347
1056672288
694591627
1108215320
1053195138
633329309
846158292
1077346322
633560587
662778125
995515836
1077192713
996297634
1042993402
598495774
1020233658
1036762970
615463116
637324587
1109158272
614103650
986945566
658799171
776416902
1129704085
624628411
629017740
1027980566
602776211
1076989976
660028732
633296967
1026840121
1050090120
591506772
1110482803
1075905049
640203924
927417751
1055746800
1041138087
1034852929
997812109
1032417818
1027334438
1158813316
1027583768
1044486065
670542381
646052833
641918009
599117674
1043838002
1053189077
952586134
1035556768
1114308780
997832369
1128256760
1079926442
1044101058
1040110773
962263538
616085782
591631897
1070998193
1045997637
642873775
639272126
991414664
1034763222
1065804440
623058222
1058813433
1082172721
997849001
983212214
1092013186
1088771845
882549158
590509727
1000585990
1050095941
985114423
1050593014
1012197719
615423094
619816684
1015214708
1111590456
646896355
1015358303
1008680568
1040202884
609366091
1036249495
615960649
1020049754
1033479964
1026209503
1105915559
1046620791
1039335710
846675633
1003420122
1079699518
1053180503
633253414
1007030755
627255445
1072638946
1068937337
1072805765
1139777707
603912845
967013008
1062842397
1122402419
1066390062
999217987
1049306413
1028053180
1048687119
1062038240
972446707
1058857028
622717739
1117463980
1128805113
999354371
1036142610
1097739410
1077364873
1108098924
1012834136
1086245660
1006799319
1019321345
1018711408
635043311
1044583747
1048832536
1065372533
1113206104
1047946102
1003422534
971262135
1035568815
999043951
1028239289
1000619072
1039645741
1044307904
1004316408
1012260323
642868608
1101603193
1038420912
1018004777
1024693991
1064171462
1027845998
1023323150
624059134
1016289220
1041389141
1028306882
1079857081
1038852586
591143396
895125118
1035107054
983268926
1063896154
1061667314
650515034
1007508159
1135646510
982249679
1000156579
1059494140
653009403
1084819834
699618848
676284731
1050228733
999284080
1008001094
1089993452
966427125
623244583
1017787446
1116827280
1026244598
968905996
1036738279
633525938
1017373656
632585520
614553441
631739210
632671422
1131916834
1089434894
1006601092
1012514907
886489988
1108055408
608850689
1019542044
632185171
1044046692
1041516578
1106185564
984352801
972319004
1034195010
969271698
1095611601
1053170229
1070113768
617499040
1007988323
629610490
1095730192
970821237
1128888640
1051837212
680610614
962342860
961597704
616135823
1034382767
1063089786
1039245866
1051308689
633360110
653228967
1023244595
979773717
1018258015
622492535
1058638800
1058207215
986881631
1028771414
1110858782
1015113062
659005790
1038282303
1107706001
1053619344
1020506123
581874572
944156450
662029678
638466340
999913903
623148037
1087895556
1045637153
1086993570
1058978366
982569955
1074192551
1026703626
1076569287
1057516190
1062084542
1030397838
1029534008
670296002
1175944016
1034837630
700811510
971111081
1022050281
1108028871
1003418133
630676482
1003005417
1047238783
1044087408
1058678250
1009353749
1004219697
997394361
1000885666
658185117
621461592
997903843
1077512178
1050087510
671365916
639303834
1017441781
768844469
1164785574
1015085608
625100137
603592200
1035721010
1005401748
1003870316
1001403978
1111250385
979649229
608824878
1068532888
603195768
1000159580
668401037
1013101599
1109185593
984614606
1052848932
610932053
690082522
1019324990
646092364
1038458501
1072697909
1110618621
1003432173
645924191
968066614
684028897
1012503972
1073117900
644888763
660540051
615945696
1006077474
1018051388
690236493
974338877
943813797
711059955
641426189
1120894081
1094096638
1041418383
961589318
1097216480
1036710322
990784495
1131202049
1118183780
1020526871
1019527380
962331377
1100154133
665698822
979472453
1091515546
1146564498
680568406
990761923
1055888458
998119006
681810837
977191108
1018746213
635175747
587943021
648991133
602586735
996170501
964237958
1019324366
638446131
1075835885
669832365
1046074777
1054881270
1038792789
994142967
1051869318
967881483
642628598
622236638
669634171
1148167581
1054127099
995586016
1098115414
635160244
615384783
944654902
603385825
1080461338
961138285
1050293222
1109140637
1081323900
1025954708
1051115337
1138189243
661846723
1064135286
1007895227
623105625
1056541836
676689502
644901444
1116194588
1041580167
991379071
1050233539
1085576588
1128777771
1074477426
607706727
1051065331
648945439
645043785
1043060763
1035674205
1049556046
680933768
1039263243
1116032004
979567989
953506946
889529449
960890019
616303947
1039759953
993788980
995879278
649831464
652593659
1050433584
614611042
1008659370
631691341
1108065171
638411247
656800889
1027849256
992015859
1022478369
1150747505
669974502
1102389585
1015532032
634340961
638318108
614799007
593939832
1094932467
1099480157
608866922
884343014
1041537273
840353725
1067013869
639280911
632246078
998314829
1034081197
1061598148
660983126
1022193916
669396140
991979057
1028865325
951919490
1037350731
681372452
999931723
987713368
1030864628
646130422
1045518744
1060596186
1088739381
1011160417
627327201
1041277280
1002086542
1139268558
1070568649
1004187812
614905102
1069255478
603507619
1087465319
639953774
1067548437
991712500
1006483640
655966127
639191821
983832191
951388363
1054992750
1002872339
1099480517
1052255311
983592578
608723087
629923779
962381078
689348606
1077428749
991405223
661840546
1005614964
659444295
1090249301
602805230
1114873544
1113629598
616240852
1017495252
1106154067
1035679246
1135621786
897117549
1073354422
641988713
610704601
1022408557
1023573651
669492448
997692028
1107403120
1015021476
1033447596
1025147166
855599935
1035137773
620412292
657399071
1039302165
1037065209
633384038
1115845421
626961580
1050606237
995963314
1058503230
614799995
1027876230
1000114858
879967772
988712066
973360237
577975258
1035730463
1031890921
1014239200
638681784
645065122
650539690
663747285
1079404430
1029532102
615803584
606894907
1035608020
1117726641
1113676520
1101961218
1023975313
617767419
1053990306
1057811534
1077224164
927318893
1091749201
685065546
1042545447
964618599
1063256876
1045082791
1018403420
1014148024
1070414978
1057691768
1017214008
614114636
1025622680
1008584371
1019122852
1051679744
1008733368
638934092
1050090769
1006363124
1000009134
641411316
631753197
1112444004
1018466780
1008653352
704330585
1091618290
1116226073
676168874
1082131806
998317334
1032016547
1022785145
1054033256
949353860
1030903119
1011262528
1099505181
1039286197
997417785
1007534000
647262550
981590234
995211777
1017838562
1107887691
1129888097
1027276619
629650062
1079680021
622842068
1003350970
1090018941
1065941396
1153510434
1024794637
1055118962
1125938921
680797281
1084851274
613928637
1059710526
1099766757
1041725406
651014067
644284190
863122585
1087407976
1022908593
1096882746
615904822
1123594583
1043995059
1109230072
612803171
1155009676
1108092108
983226774
1054445352
1029538131
1070413350
950854960
985705920
999623493
610689493
1036175969
1033494371
1022420102
982985737
1042409185
1071761788
1089338912
1033468127
699002824
992305154
698561393
1072140602
1041494890
578840240
633540008
1053750408
597140163
1103422966
809347503
1050236491
1073381720
716716452
1156072741
644292719
1029531200
1050622273
571054712
671356652
622385226
1037601778
681234652
966261140
1012420538
740120421
1012423645
1059716177
1072250437
1035130238
1061090694
1120162427
1039993056
999917594
1012522871
634741385
1020871537
1025018507
1050124560
1035777760
1058215887
1061817442
645078223
1000537755
997967585
659977914
1035583593
643086138
639803361
976989207
972680648
1099646179
594739101
1042911493
662180740
1036154569
1065900017
614379086
1019556470
627832129
1017431090
1156296553
1084244720
999324223
1145254631
1023589913
1020189480
646575802
965906508
986888701
1108124072
1071718881
1077580474
660114839
1182418507
1002113125
1086812905
1007128552
1044700612
1001311419
1097788882
665664912
1019185713
990387308
622414322
1058814855
602652510
1043977813
1110168557
615922131
614715188
1081215768
1039365722
615504838
1036734677
1000878217
682747326
1107503792
1012617606
618805325
1020206470
1037529222
611950778
613917748
617701576
1055038906
1055715115
1070418921
660238365
615759730
1050371149
1057005442
1029200209
948162865
1018742658
1036519382
1059919132
1057877348
951711591
1126397395
1113949709
1007353277
1061466835
1129852912
1024014359
611082791
1060266272
1055757822
1083228815
1026616824
945412355
1036962900
649701690
942165418
1003355590
1044068313
1097166715
968677757
1012628197
1041315993
627316812
1084769955
657715367
1088559790
1052079472
1111360819
1057082040
986209893
1001420966
1151387903
1091488426
1023716809
1074097860
1064314395
646097542
658206071
1164597264
1007645319
1003463741
1120560633
995759315
624589784
636542796
954036678
1077140179
640899613
618196965
1093744385
603074376
1055751032
891117468
586682814
1165116937
986283093
594670172
637668275
1033909554
1025134864
1111829221
1044551279
1028335031
994937895
1050301066
1066046503
1092722668
1131871011
986070904
616151936
613637623
1035689482
964562839
1043993731
1067443218
1047941189
1109166319
1088825538
989821411
1037010785
1050052852
952314418
1041139441
1085063094
642751977
1031869085
635542804
1050263324
999857981
997051845
1035155825
1107947374
1019194352
1032370988
1022404318
979823490
1060168654
1077360872
1024077776
1044467808
598848858
1019041225
633433404
1099185286
1058793084
1039283973
1092315352
1011830625
671357454
1099176113
1071787884
1035140147
961589834
1029506172
671268154
682306537
1019257134
613919322
615880953
663975559
1015081230
1033633713
1008764749
1050015375
646859530
1072846057
1099512729
1112257647
1118040347
1030189836
1035793332
994603115
1092459374
1011152586
1064236660
1118883980
600764937
615987398
632195351
1016896065
744053096
632590226
1001314488
615820198
638139350
603244784
1118584835
602981532
1061166018
1033445028
1099913062
1025260530
701550079
1018308354
1039960235
1047936757
1037791167
1049065759
639591916
958520227
674779696
1012215234
957941706
1059420287
1033449716
995833018
1000650538
964432840
1070479835
691375917
1102438996
619965523
1047588773
1002701432
611117737
1077092763
1050010795
1032765111
644474108
1156447935
1126157850
1003364705
997582525
1052370754
1030219368
1058569601
636187320
658474370
653928913
602893855
1090006287
1037935901
1102393284
1140449488
1013206358
1082112248
614919510
1081372009
654255606
591394251
646922262
1099167117
650731076
1082224598
1093406811
1004838505
591057626
1007983831
620347109
638989557
1066433689
626511714
950057988
1094514874
1002112529
1108049265
645053823
1015417065
1016886339
1029092418
641754214
1050242285
1026068583
1149206906
1044226814
1099180231
1057763093
1008626264
607738040
597243442
1065869277
961632228
1077513051
1099958714
1104026834
1130064859
649417122
1095176788
1038221925
1077448782
1090693081
614689214
614891803
998544503
1088217543
1022273089
996163231
1052174289
1003406640
597381925
1152034879
662685253
943652999
1126898448
1020512360
1000115448
1060375610
638428785
1155143976
1004572202
646170799
653638497
682056622
1090168638
680519342
1072814194
656066127
615768772
1109129630
1106161867
1131830821
1040709441
1063713097
1047313080
627273144
1117919235
890929549
1112062077
997456220
627347544
608769015
1093678156
1057708834
680719628
1039511325
638681907
1033079790
1092584676
1031789242
993452550
1013558350
983939407
1023672760
1032335029
1026133902
1017435779
591420734
1092505257
693989560
1032455654
969177148
610632250
1110572807
1051023962
1034462345
1005534007
598466495
1046545685
1052272836
1084929317
1026558234
1087306694
652464601
986942554
1090048831
653532196
995217311
998336873
1012505099
627435277
1153024718
1121741676
644382440
1041849179
662218262
1086870816
1050989901
1042114060
1110450044
1085249930
1002048764
1005708406
685540779
996131045
1061634198
1015356584
1025882822
1024005126
696811339
1013133161
1138790592
1046396445
1096502368
1176970103
1035876012
1000111172
1084275402
627354003
1007955468
1125239670
1039527513
672028098
1051129447
1117534901
967674387
610891524
1029932360
1073023872
1036847287
680455354
1018876246
602103192
996156440
1083354431
1036806137
1016726647
1045543604
996202338
622565386
1044547934
614106667
1018195890
965714456
601774499
696952584
1035524969
997362783
1077057514
1085451619
1102310860
1012486514
645069449
1058587280
1038522206
1083274209
1016522613
848298741
1068683651
1092740982
1043702966
893694813
1086926642
651280383
1015523830
591596516
1072208541
986642886
1052206718
620495232
630271336
1059571654
614833804
1083339500
598293896
979369720
1013099023
598752180
969245647
1032972498
1082104469
1021620985
948384334
1083081754
657934297
678379432
1050316319
1030203508
1047780719
1120378161
619587685
1002113098
653509363
649276747
1004614136
635335836
698079875
1059460643
836289318
1027008401
997912396
1051647496
1099710544
1036122746
1007717883
991373926
1085361371
1074668647
632125545
598473904
636216969
1097156530
999828612
1060301715
675108310
1013082873
638497239
612058201
1068590445
1015557156
645770081
632997470
1035566479
977211987
1103529013
1038388935
847507516
629860527
1099862452
1007427548
1087844422
1111461762
1019179307
674652731
983387865
999799507
610825436
670775934
982201755
660078801
638921671
641521267
1065294405
981241563
1027091272
