27541918892
27426049680
27838001239
27318158408
27357328984
27048193942
26648073712
27112263494
27279594900
26963207886
27191467165
27269817980
27209664384
27329934231
27208250748
27099252538
27425900203
32419965160
41611549565
40380961430
27204996235
27512841988
26974141256
27117241423
26042182248
38394833835
38040007761
38901745651
38285400025
38715209775
38836490096
38756533313
39120740391
39023981245
38669155684
39412807068
39158733154
41259921534
40977824303
40789722152
40674264130
41616548496
41289496394
41933689459
41160896904
42159702604
35733087711
40285207888
40484027112
34610343275
39961555215
41948103916
41837721563
41951936867
41682747924
41672427448
41401277089
41011504020
41366851385
41697217276
42158106774
41759754614
41122742342
41632744979
41440207990
41398928251
41372801961
41566663757
41119977907
37710326728
37783744686
37740269973
39586547372
38093675161
38523145653
38536138380
40674104828
41179790192
41044388921
41677507892
41958558830
41429297287
41322442686
41450094659
42049545500
41713929111
41669186341
41400911088
41079603284
41676355370
41193123995
41884235539
41763253990
41608708444
41794309205
41359006092
41369237709
41420231724
41296571707
36110906855
39906385825
41333109122
40826263801
40958757740
41040230441
41316519089
41325222416
41748100619
41422714938
40844915000
41036844430
40841117572
41659093888
34638470711
41605682027
41485417532
41642671480
41055882714
41447905569
41163747441
41092479910
41686282531
41903296194
40649183887
41685033410
41517131729
41761105703
41308298258
42004983210
41127147465
40952120221
41507158875
41650415943
41656994439
41356445105
41360855282
38949116845
38957644718
39363576156
41014374617
40813914431
41449182876
40623977894
41040145912
41651503710
41421105275
41574312739
41870106869
41389198579
41246403127
41596178918
41298357772
27602690303
40776438595
40733784842
41478746196
41348491624
42104540584
42241433398
41793929018
41533472500
41686966255
41791514904
41144856814
41236855947
41525706502
41787771923
41794989050
41590170778
41177367655
41499089534
41235162818
41134667144
36587661593
39114861912
40800186748
41577810318
41112634835
41471062912
40851353772
41203953481
41447871435
40846994966
41408921508
41088913643
41357779212
41291118380
37754153274
37661735486
37665378094
37539787005
38159602191
38349472337
40096349122
41934392759
42164214699
41692123637
41751635703
41613278893
41151194685
41859550106
39650583836
27094093977
26836677945
26703060771
26976428816
27227631590
26972523994
26959152267
27110420517
31893279066
41019097633
41187414793
41785497337
39344857745
41914943330
41619100231
42174754680
40874291927
41475720859
41723491630
41623985440
41536318215
42018516864
40410815558
26274719153
26331237163
26307670278
36430850304
38326503094
26580202134
36227746310
41887343937
42053996729
41796432954
41788413672
41303503657
41551368692
40791914450
42035991166
41646659909
41249520229
41709563820
41825434013
41683467877
41487800035
41573228539
41408080733
41824838703
38369881413
26472433519
26263220396
26136165240
26657544992
33596650042
37979860441
38648655254
41473277455
41989560264
41923395843
41572293556
41923297138
42152812386
41438047877
41395444932
41515546991
41322663058
42189271687
41572283493
41721692469
42096447550
41674427957
41210221840
40773702472
41526436669
41106797358
41634953321
40938946559
41362899995
41420332115
41434958429
41432477962
41575872125
41119566574
37824374237
27000058729
26993412532
27005203323
26690453931
26854221683
27259768801
27001248913
26842217351
41429036302
41454955126
41431029947
41202140095
41849713941
41770641078
41620476053
41662113297
31108259877
27366845854
27105609305
27103439764
26997547140
26644900916
27307734627
26961660468
27781098875
39037322639
40290231514
40557803494
40681412502
41097055090
40815573544
40953802229
41215755004
41180330105
41387162833
41096791424
41370107902
41624400393
41133555660
42057213597
41467515307
41420339829
40995068091
41691329457
36364209814
39331459464
38987121399
40309916888
39569908791
39432461265
39296213968
39145649872
38812418688
39166702003
41327108823
41371538796
41594367112
41686239961
41618064099
41901772885
41514100987
41788847816
41308494813
41599327975
42074587904
41558964679
41518348473
41216704538
41658775292
41783474079
41303252754
41367802483
41310807088
41363326015
37607121687
38168484973
38405964719
38529842260
40296366179
39702789910
39644313955
39573886578
39087491139
39670635953
39169246481
40821901925
41847990029
40976687300
41716563205
42125898146
41473896971
41794054561
41933752284
41651804021
41707079814
41658548266
41005239810
41746867766
42233668377
41133984607
41655535635
41778446046
41317622975
41424238615
41640682393
41458335462
41303609720
41308892058
41169524853
41825280596
41653616156
41730757784
41689260043
42030466378
41489880292
41207255632
41611884257
41551931304
41504270194
41294812792
41786048437
41629547806
41587283501
41756968479
41952600982
41373698102
42342484933
30722393799
38537618244
38397023184
38248411789
39108846986
41228175242
40950020244
40905051416
41004496411
40802313010
41307057096
41384433290
40638127455
41336260730
41397776164
41142606413
41346475789
40984996766
32812449279
26938946302
26747317917
26912642846
27201695684
26986113646
26877028295
27313834933
27272333895
26955284789
26736883070
26745005964
26946150620
26766399745
26841186254
26918195980
26862533737
26924069935
26931777235
26754150184
27110815934
27127262487
27033232686
27058006483
26889226731
26901817845
26613611378
41532025717
41490891173
41450474282
41768926268
41744101266
41734380077
41516859903
41783967454
41761499741
41205020074
41601029066
41573914519
41920470563
39448690920
37892491106
37942783921
38613499235
39471473376
39681804174
39659395873
39390019672
41464118618
41657069348
29267629978
27015882152
26935317649
26973166134
27036717283
26967647953
27195339452
27182141796
27058871745
26970821500
27215854887
27182803250
26974548642
27224526604
27329209120
26997992892
27455788382
27032060719
27169310960
38125111340
38394544702
37795947258
38376435863
39133766577
39238345993
39200656538
39457256522
39096403637
39662747734
40734235389
41372368789
40938604117
42076248709
41502940096
41535685246
41109111110
41779783461
41664934537
41365479771
41649161446
41407135719
41454611021
34247008798
41884666451
41506555668
41693348531
41107325446
41556266027
41482530291
41837450622
41338710796
41640282570
41213388256
41351378613
41061957391
41137833635
41572391832
41528689489
40744044901
41714465943
41044520156
41527691102
40170552916
26934974608
26919050937
27111838627
27345327028
26963320958
27056304273
26593796571
38441743944
38247363652
38486467548
38747067705
38726014264
38574749417
39751903613
41063803361
41166823236
41304827439
40917047039
41143704738
41648318542
41236493040
41574841652
40776067101
41101998219
41633961640
41230130937
39552883420
27257621160
32160247848
41507942548
41350225700
41982184924
41729590145
41817846731
41302604727
41706580127
42364566639
41256867828
37439503738
38342636609
39268640266
39505445269
38962883878
39724232254
40915464067
41019167301
41401436808
41143276898
41560194119
41555611518
41358469661
41789624729
41218537972
41574098514
41466921217
41864924668
41546694600
41560817652
31401599862
40976258828
41324004338
41568670182
41861617038
41576594950
41375913646
41284746699
41528605808
41328870257
33523996548
41392791862
40905791574
41161492849
41510643263
41177870906
41311603574
41329148912
41026275487
41153106820
41524939843
41188954139
40313113497
26539675750
27047337247
26887724076
27020341091
27036289935
26881450870
27078217537
26914283127
26840192471
26908583377
26920771794
26943319253
26789066485
26795240284
27092504894
27213044450
26972415659
26654737675
27412509310
27122114473
27169893458
27242235322
26931349001
26829691807
26804476282
27030848566
26650972719
41088838654
41500835328
41008587678
41427471877
40958286943
41244974827
41772935160
41302828211
41726421356
41221107655
41114963291
41542792870
41755273985
35734347112
37946656371
37709736760
37144041133
38516034542
40978618618
41026167981
41358381950
41639545465
41742181722
41896117444
41907559654
41616946400
41585115566
41291788844
41803684459
41021847415
41755828166
42020714501
41452003018
41309781093
41342909695
41390748694
40894877829
40842771143
30974856890
38084516342
38097675952
38029554570
38369100729
39166480821
39240107783
41527736161
41720582537
41496729307
41018248296
41529708620
41184124108
41172608619
41181912002
41774808362
41847953057
41612602396
41237941867
41280370436
36377101011
40740023452
40839794281
40729887108
40876356224
41055332185
41407182671
41226522146
40727433545
41039911007
41776043867
41018851890
41626960052
41045800753
41468400058
41202067245
41145838865
41537388844
41438290430
41457021514
37134778955
40017050388
40606545702
40832398431
41920611070
41715928786
41807472777
42029460942
41766312951
41467813113
42101475766
41035011996
41438746879
41703911449
41620513202
41490442883
41899330127
41702653051
41000876555
41529326248
40922862531
41079848769
37685972185
27514848925
27198325254
27225732527
27315053512
27444408411
27311484473
37004105808
27526443512
27338352031
27008083919
27111591421
26790695520
27061060721
27172652617
27449967466
27014243698
26822188795
27290651762
26906909639
27180704798
26997796891
27041187430
27389038439
32562623994
41003296827
41659054333
32599324759
38104961649
38109894852
38225659126
38244333558
38514185952
38833523596
38352576175
39073818501
39118816017
39152510239
39149382583
39254011959
39093736030
40073257477
41383415856
41065042568
41097672212
41299552792
41661820290
41483877235
41212317131
41527859526
41629553771
30073205620
37368280074
39078183789
39155889088
39525483894
39235692239
39442540008
39826721827
40820721126
40773961570
41863045210
41913651520
41123212922
41526283284
41165586250
42180010034
41226784359
41434539917
41988452424
41507215993
38905357895
41891528789
41850294934
41797204394
41622152465
41944713378
41155871265
41232507690
41560540465
41430429264
42232242789
41709106346
41437478027
41331030883
41724865459
41458406819
41721513709
41318536560
41508647865
31657440010
41076641525
41171211638
41470168883
40913830926
41300620390
41240676795
41288174048
41369328833
41288390427
41971664686
41548269440
41201975023
41601405518
41313025298
26782147923
27116882319
27109239537
26858059751
27119155241
27022362507
26681434371
26741048836
26867083711
27202451526
26932945376
27308445165
26794585192
26779552772
26763591658
27019618947
27074504112
26960471370
27157093906
26979281857
26882192084
26815475270
26972592745
26636854601
26986531346
27062503346
27442335410
27371824322
27698724841
27238805977
27471439458
27372759121
27490119367
33218512125
41652303547
41879539744
41854586572
41343271194
41125120924
41235926307
41542573424
41389872418
41667747312
41247358097
41329824801
41379289659
34858614511
37778994029
39123987194
38772253421
38854860018
38916891737
39066451073
39061120898
38951451184
39156889454
39416040338
40855083795
41464695535
41599317658
41361771627
41529122626
41095928063
41410959437
41544499526
41284557001
37979216759
38051921654
37830057789
38208154399
40327418333
40455404378
40198091580
27032102597
27580691425
27307726118
27228033485
27432874747
27375317587
30019979732
41466777066
39832974346
39736981234
41858796293
41650066332
41189857845
41771001303
41477054274
41848992467
41473883018
41585888738
41529447524
41794410318
36203061738
38252157189
38314925583
37722020256
38139815615
38259457020
38077011249
37945218375
38894364592
39238012558
39358960274
39457654969
39315327576
41507229796
41516625409
41057674153
41285452078
41512683067
41766830864
41294358712
41323513908
41396459153
41136396671
41182206784
41343008013
41538862841
41116780405
28211680354
38362253703
37875654769
38346010494
35524234691
26197405167
40147183241
40592816125
41627776672
41947240135
41911968235
41898465329
41929510959
41348659305
41049120790
41390941704
41325203900
42088457207
41330145987
41631782063
41095115068
41401142745
41610901884
41944548639
41300403211
41829033070
37722948424
26828652873
26962637792
26466113476
27394209687
27191800394
26885038179
26975350884
27146809535
27125214702
26581301603
26812424747
26732801048
27090346641
27098134265
26982229258
26789432622
26756609564
26926530169
26881278437
27023278517
26632155310
26857385451
26841063548
26577998999
26712250644
27210873281
26975576383
27090779749
26708713113
27183116903
27258600777
27139145622
41338651751
41076504345
41109891806
41532546139
40952726725
33418863339
41321870205
41640399411
40650397239
41567241622
41117145047
41336785450
41260715016
41487909194
41222588661
41823327578
41179965982
41198257589
40564716607
41994771674
41522198302
41437029442
26795248548
41631154738
41651311796
41651453846
35729574481
38392040132
37976699088
41629886394
26863023245
40244328018
41233932448
41132885224
41639227962
41506363388
26780831189
41562008437
41321096497
34540060038
39093715592
38811481968
41639916584
42345717531
41092544503
41225556558
26976252972
41796566746
41847378697
41516385836
41682211083
41176631575
41437204187
41346616991
41200979110
27355295059
41259335040
39688384722
39421804016
41420137158
40672826231
27024359281
41502469967
28011935234
41364721855
41279398053
26725512435
35560093345
27025899426
41586368466
27787186510
41003285354
40788730029
27218104716
39061206358
38203406052
41115844753
27030085827
41776585059
26771462398
41237146053
42039415927
41639617242
26133622785
38747091863
41525438250
41465813669
41787630585
39026592552
41425240952
41633378421
41234270352
41057742669
37007486932
41359119679
27331312523
42176099523
41745527959
41362279312
26904253739
41656297191
41287425653
41185989104
41554146918
33470167858
37818226696
41799884785
37746652403
41292986590
39830756239
41466271237
27172002115
27159732158
41288364543
41283977596
41082736627
41608487039
26774741767
39451806382
26690143357
40722246679
41619507820
40059062147
26490037619
26850828150
40772608359
41571622923
41370843320
41579950823
31566659320
41055681469
40775112276
38895596850
41236461426
35029206781
26915880016
41281499630
38241694059
41534477740
38242005975
40127895305
41395660093
27159633310
40097182184
26780111230
41734059587
41389795804
41465957256
41137711231
41566090467
27303794237
41400556414
34619979434
41429975559
40949869747
41368327342
27072852876
41142509146
41162925871
41287387774
41944042669
41684478477
41422632746
41244371221
27110472433
41793393881
27101318792
41546187298
38787884191
41335435704
39569602905
27098878658
41733590393
41095611878
41078531023
39698263381
41629307496
26312542583
42046656249
37715234384
41657960093
38345861837
40975755826
41764836469
41706079174
41241273980
41319618834
41337754851
36780441848
26990965030
27415429465
27199781291
41617992699
39651308357
41528774164
41729835701
26965763363
41883776717
41017840356
40839463041
41126318872
41033986831
41531531066
40335399234
27204887171
41724436244
41379178602
41527553005
41900922158
40873026181
27013116356
41237435460
27021020828
40841639054
26676423813
39410792026
41847374060
41390089639
41573623718
41791522171
41446597833
40775042949
27113471295
40824707621
41295042547
26570272377
27022196175
27037751065
41509462041
32765246868
27299589674
38349774593
27301974406
41039110167
26962643181
38220188950
27033742588
40984698048
38099313840
41227839950
27390563826
33080485090
41214379528
41060049478
42146160972
42015003060
32146203194
41086907878
41617411711
41369066617
27232408343
42165451161
40790681165
41538003503
41600579344
26613623733
41620203088
26950671996
27480593639
38185246509
27194024483
41176384104
38315676488
41795111835
27130346858
41078680142
36361594228
41667473390
39138262724
36479472852
40099508883
38529461020
41095996130
41407421031
41528686871
39069442112
39658881362
41219225544
41494207610
41600589604
38211961976
41513629520
40842930942
41584803038
41493010734
41651846021
39262590880
27063372605
33434277040
41211850858
41310590317
41431021046
26742123792
41324275076
40560528099
38076922064
41661745126
41136604878
41304880962
41204026115
41515765189
41105945679
41619742367
38602525317
27353011143
41104315160
41651498565
26964587371
26925242109
41859988966
41720974654
37582963090
41821372794
40915822859
42050564816
38027750521
41039081335
27363969999
26732211101
41619780317
41867965969
38832297223
41597446551
41978353334
41473373521
41291160192
41836898295
41636547081
26809124815
26819438522
41029715458
39154648496
41559989696
40163975729
39386325534
41663767306
41625480369
26929206477
41610782253
26953407096
41005116330
41142606844
41544958424
26673143026
41486980695
41384713013
41528064287
41683451845
40290214516
40828250479
41166791671
41617735319
37037159788
42177183501
41107849018
26632363188
26858865661
27230980117
26831135617
41437760378
42075274411
41824053906
41421840314
27364771996
40838428072
27200439358
27380871785
41381584877
39533992349
41672717018
41858877313
27193915286
38326829741
40735039420
40740395149
41257365598
37928059545
40873548111
27298029588
38080994854
41164593434
40975252383
26976728683
40852900368
41502716577
26899380352
40976271000
41323140128
41788481744
41812135994
26479331115
41477061294
39089856713
39165277908
42017218762
26803514649
41600446173
27502519494
41248535665
41472684886
41990737601
41168515257
26958890608
41374571898
38249337175
41571576600
41852477412
26994253139
39432829650
26846696295
39257018012
27088891526
40773870039
40850262386
41437415654
41090167288
41599740478
41507003130
27022576604
41575205197
41646282244
37654414486
26746169272
26730316278
39455312211
27458707787
39096506876
41598561411
41245772751
41447384864
26831101071
41423171735
41585472577
41182878048
27804910222
41048940268
41944117844
26698568758
41435464018
41302182280
41406275668
41544178637
38780108972
38392029019
41515363854
41382342679
38112348487
42058434578
41174265932
41046737320
42094743645
41455593824
41361337946
41525896275
27112106705
41759682906
27382978736
27218009923
33305280036
27185982009
39455490875
41556116329
39238224054
41966343374
41513402758
41290437120
41394819921
41110663354
41466249830
37706871127
38161983225
41348855374
41535209979
41283469885
41933206695
38512602792
41380641867
41075459218
27194588421
41888608126
41179287903
27201242430
41527874636
41650618211
41341748584
41911517110
41742751690
42074532550
38710267252
41729544212
41686051442
27101830212
41500197583
27094146437
41389891019
37723731409
41469308271
41437567694
42173171714
41892755699
27531263808
38359487525
26151254377
26983622704
40324535885
41946578688
41462210895
41658116522
27181855256
26735056375
41016380885
27097028562
41902315404
39164375995
38372829776
26963221873
26675129594
40745608767
41181594392
37658593436
41616042429
41424282737
41795322463
27181928815
38244105780
41767390371
41307523876
41040975810
41617030982
27565686081
40846362745
39164408369
41121046357
41198688893
41896470003
41075696345
40354305747
27359540389
41600990746
26871437938
41465037881
40920135414
26950401006
41449987585
41681019829
41296998488
39575969812
39661232951
41566014324
40739407572
40800915206
41720343033
26889719936
41661192749
41686327865
41003533751
41399746584
42155560367
41342222570
41725091172
39297358152
41745791187
39444790486
41947204463
37374485153
41161160367
38949129976
39235248919
27271403865
37409028747
39160379899
41160279558
38898035920
40857334362
41299591522
41358210929
36252893169
38352204465
41207812840
41224719224
41306301394
37941286793
41315933664
36453399340
27022838367
27267153009
26871663004
41342014201
41551112768
41025949921
41240331868
41062751443
41218435068
40011069911
41160081949
41528856714
38347378555
26644798597
41449269742
41463649945
27184646958
40772473404
35498019679
40595820043
38348350942
40913658908
41225747408
41430057655
27049669076
41715814280
37825693029
41756164828
39075278608
41685613421
41724228276
38697659074
41094793530
41542278032
41427470137
41930688864
41062662515
38280616818
26942991642
40874394618
41317286896
41523279351
41436689464
41221480841
39438209324
41215147214
41337314060
41713271846
27052068234
37782980397
41497398960
27217688108
41473880927
41611599484
38100244562
41627841294
41848589851
41360621366
41327621494
41883764187
41226529706
41841160166
27100647729
26679945374
40775451364
39528770881
26964207389
41869515810
37672567681
26710990976
41095753256
39127036391
40837809991
38722560725
41092862497
41368384617
41799153102
26961420439
39146977983
41430149936
41900555204
41452929770
41226569809
26800677959
40996636335
27229605458
40975954789
41294045325
27038797000
41208854254
41329209775
41201023816
37976829041
26993694520
38726175327
41778078966
40772519143
37780236164
41428842380
27022179458
41201743294
31969782629
41141961892
36307779550
34357208842
41657988365
41570499952
39504339173
41573439606
40600577834
41428849170
26976457993
41973038506
41013974698
27051523087
27098425833
26963672411
26948662543
34630899139
27107286613
41550889994
41531589488
41419392920
40844943097
26962513596
38367082381
41470235537
38367940503
37707115765
27138766905
41543902065
39329623847
42156953770
41125803878
41466044208
41608857348
41407121899
41018365179
41516191268
39568783103
26640000199
41473055335
41913514876
27421153255
41359943627
41631368875
41297997825
41673705644
27657923788
41189239870
41824811413
41347756720
41368350277
27046689504
32572508054
26910393331
27197644114
41657519339
41368402864
36156824006
27554299906
27200191830
41428466316
26921483725
38060450506
26951446175
41366820959
41768561180
41109190871
41448825157
41044104767
41769999753
27066360315
28227336203
40407656088
41357082795
41513151567
41625336184
27824669145
39163457888
40562864688
41225699238
26959665834
27104774475
27522269549
41437359750
38175819838
41324270997
41861313693
42170207285
41039069304
38925881670
38079118711
34221825006
41784150269
40586927110
41457509247
26580380917
41659359375
41557460113
41361781706
41567413342
32514855360
41620116565
38558933624
41221141361
27050370576
41214301210
41328055408
40819517922
41213313845
41533697458
40176899490
39244454608
41405031449
41406290781
41787322937
26550194277
41517100368
41196220557
41095898418
41862843924
39237032359
41889679192
39845353615
41957416550
41760549907
41859377086
38521785108
27004601759
41506345120
39104351790
26258775728
41665712364
41725998184
27097979967
38831270182
41850124535
41179489783
39455409810
42108247422
41511868709
39082007550
41156650237
26879130051
41955583241
27032539930
41713745682
41516286210
27218026064
41549463770
40631137734
41350216218
41301714189
33327827301
41614379019
40804414576
30033995319
39492626808
26949349862
26996626495
36729483957
26744623553
26816408093
27095662006
41044674742
41215674374
41178821976
41450930874
41059409156
26908322237
38250881852
41898226009
38860361169
41205556736
41122343676
41572133380
38221966806
41474527470
31322532986
41571546697
41302654384
26871749223
41054488027
41719917419
41397263130
41227601788
27719977039
41329390520
27145746627
38425690334
41323904545
34123150323
41692060842
27339424459
41078578967
38094772250
41304406854
34797379730
36111221964
41438590399
39153857971
26847373605
41524983203
40836541472
27137647170
38512848099
26996468006
41450752017
26696675669
41487050802
40774943613
26958285989
27248093583
41984233452
41328333381
26962573230
37983586088
27916124629
41658939992
42024653876
26988027240
41515846912
26873725823
41328177466
26952832534
27088424820
42151701638
41685926768
41428393755
41290632281
41128109069
27519535076
38724988326
42044858636
41605961938
41572887701
27112823151
38393056335
41395336346
41176684916
38823451099
27459529172
41531939452
37603330222
39128828228
41366252569
41788571282
39989027585
26916174185
41526860668
41747944534
41707858768
41778862893
26953353930
39155769718
27164419312
41725425642
41114776638
41951927918
41506667854
39126243312
26624916826
41040114148
41165395888
26080599358
27248259688
41860737797
41043379953
39063487498
41836963300
41629107489
27505151615
41783481988
41018032013
41658367849
41723569799
41235533098
39670280853
41737084133
41676202092
41761151900
41467172244
41754859998
26733205790
41357561569
41389526435
40944494840
42158837852
41317755721
27054339774
42027133206
41745137689
37920035911
42097228051
38372748599
40549043754
41390268317
27189268057
39145672597
39059940921
26905130948
40873291890
41738446399
41321642081
41400494000
41078629980
39212427625
41102606936
41769656112
39252043570
26776794139
41169249176
41293660443
41419464034
39119301178
41720769736
41906123318
27217539127
41143687305
41287126843
41823877002
27664259097
41524559177
27038038845
41535598621
42019302657
26830269953
41297285460
41919985597
31218289658
27026868019
38252049947
41818591884
41311987941
31109019821
41771465948
41702791848
39401800255
41361666572
27102273724
26845505841
26910062412
41469468915
41190050074
41376538772
41665409505
27080893927
27008231204
41988331155
27091090166
41395476824
37669979466
42103923034
26831095017
41190785803
41848874166
40775011917
26921829769
41650477792
38101532220
26892216900
26691668854
40926281259
26990895044
41122933187
26779864494
27357796065
27192235857
40913895507
41087797969
37748059903
41369338908
42074238689
40640910351
26694753677
41891186227
41188816256
41084969322
26914132721
39437031441
41987369024
42062629239
41771272956
41330765783
41469592163
41360916608
27080922893
41068437643
40109303854
26954869277
26788846112
41283858508
38008980385
41170945855
26773911045
40489560806
41489496039
37208130358
41506406795
41656170407
27203909911
39646791721
41526898594
26700816179
41944087447
40975469839
27022514785
27207130827
42232921904
41408360264
37711671044
41391050319
26755693621
27448276360
41009703868
41371619987
39467885598
41647619840
42115263307
27756126206
27248334267
41786015065
41793429416
41656334474
41650774158
41768052303
42009746049
41516582411
41482675118
41921485874
38894623735
33415133338
41755651703
41227378556
41750558069
41730909598
41429098124
41952204718
41156008321
27433217480
41763696762
41682830863
41543061845
41147509628
27100930804
41217956484
38097828342
41328767551
38527375760
41657876996
41344123763
41368291357
41010232499
41506051406
38633175094
36354936867
41112643621
41619751185
27052510189
41660192406
40873703301
39323243354
41506398649
38831808228
42110372485
41284694805
41774418882
37665551761
38586978301
26752277948
26908968408
40821967128
41321664003
41008396039
27365339878
41623519761
38742710937
37719603435
41781303488
41260026723
39236097623
41351858193
26827377122
41638850657
39143804747
27163352548
41863619319
37933282475
41205870808
27069559955
41617584278
38750001640
26992458196
41897730536
42184120046
27185813966
41299572512
41180893664
41610857631
41567855957
41670111744
41763133681
41746898217
41457211317
41065028788
34832623980
40726628329
41661302039
41330132752
41107510116
41658339982
38076855240
38534042203
27373917289
41436123711
26466056409
41641152232
26873999408
42181545562
41215004650
27051931727
41506232107
38628058961
42079554091
27022193230
27416368174
41037029245
39128158783
41448510562
41357902397
27107173124
41262961149
41473052827
27307555824
41437623123
39713170939
41628962854
26594303869
39717431234
41506858386
39721498437
40996033650
41034078812
41247450850
41094447267
27504755762
41449531686
36378020667
41622327304
41600468537
26757359524
41587000430
41730501866
41108532813
41371496773
27304245713
26963865024
41211099698
41194320949
39660162621
41723925968
41228513034
26699825016
41367218946
41151442699
41024587898
39480077199
27108217054
41390740967
41944028563
39118248255
37631172703
41527919912
41783060414
26976321625
26237854765
26962623332
41661249861
41286252619
41553247552
26708969282
41774005575
26950225053
39301291463
41858685101
38064289757
37427059170
41430457570
41255227502
41371007759
41399069763
41382734659
38123924627
41489341080
42167915117
38092555628
41866146580
27169173416
39357484054
41531416454
42074439339
27323695869
41615954732
26640516197
41766080482
41758292912
41690857130
26570424314
40951116182
39790797981
38366785330
41633635634
41447035705
34655384842
37738475378
40976515842
41140306970
41487006418
38849051585
27705992037
42127580295
38364206156
39659319863
39108803435
38902075708
41308443407
41526447689
41172244261
26843707827
38051031429
41302351005
32987702761
27199310590
41773549991
40676344930
37716844013
27085464112
41597957354
41772632211
26889080761
41318330171
42158767877
41959591685
40844589073
41164499508
41549829609
38106060738
41510594871
41136076610
41787996038
41419950476
41571550289
30041606454
41107188023
41648545501
39235660553
34809480732
41329033390
41788206280
41233467737
27214536311
27202936598
38534918324
41976839301
26945782390
39455509575
37405318738
41512384089
41628806143
41559380754
40951489517
38082452986
27101588800
26831144243
27183899311
41235270254
41585550465
27172826471
41837091153
38394114321
28761053487
26816061453
41558606798
41793668834
27239210988
41849616408
27095399365
27375653755
26963084735
39164270658
38403034826
41525525879
41691173377
41574728680
41682299113
41506388334
41714390701
37392245902
39115728972
41094954577
41474319132
41571594037
38471503347
39121343297
41783295312
27298357439
37942340129
41061506526
40506705042
40634803562
41828117941
36219132162
26892873559
27305753730
41513267362
40997800752
41515882199
27021273321
41400116703
27171301977
40899524558
41437864059
41649432267
27259614088
42158256306
41691730044
41437196248
40154809015
39114276840
41624054909
41398040019
28480812859
41352699199
41361949756
37968068519
41419361375
41302869311
41525083861
26951115316
41790741762
41578943661
27008916907
41669748694
41410020832
41652468812
41053272378
27403083368
27309150392
41324285356
41061095246
27101036336
27695323753
41283753076
41663928460
26850295479
26946490095
41342117350
41420660587
41948061823
26751132862
27049238256
41793688922
41142650447
33235374986
41876312385
41700968280
41201103739
32306582373
39418581779
40623188456
39460628198
38721599181
38572640769
40285083741
41944279807
27014396003
41043739831
41754070151
39652774385
41575604398
38745404980
41527882327
41598555981
37306006599
38745001343
27504498641
26990353510
31944156677
41719572015
27380025912
41662415218
41720627922
36183805565
41787244054
42232097376
41788894452
41787921579
41793305301
40900203696
41724992236
41788367205
38733695352
38472978018
41045789170
27105909572
41419376033
41449362747
41287245256
41661208590
41043364404
41376874244
41655312390
41371177099
41106129365
39760071592
26833380841
38106277252
41917559959
41311664972
41673654783
37844569873
41197332879
41468615355
41623460045
40937766008
27048095917
41508791566
41794288257
40772530589
41000442019
26830987931
27009890187
41237969131
27173501711
41216350424
41096084364
41598675977
41517496217
41515665599
41639891425
38812422300
41466371907
41398647456
41658330820
30866946910
27362367579
26839216057
26925052677
41338983121
41648096793
26921579168
41242053078
41433858008
41349811028
41303151381
27107322483
41287278102
41367807761
41142035971
42096690440
41951818635
41468426176
40308957162
27215646414
41012043107
41526306965
41335124274
41113262469
26953391089
27489231752
26922682092
27587149325
41793389005
30933911968
41300332316
39092060737
41321886007
26568149424
42056326424
41505939642
40294608566
39111142105
32465642020
41718185096
41576517957
41348640030
27576017368
26259622848
41647778439
41436927268
26769957475
27189750206
41771648949
41491064505
41321376164
26925619566
41530886909
41377633671
26034507962
40732291524
41573171304
41528329604
26831551319
41302374397
41704710431
38341251310
41175227559
40215288187
39235806762
40292958326
41795948339
42182586523
41302151530
41212339766
27026646181
41782899606
41566253555
41766928829
41466891777
41528422726
41106084870
27013301065
41592092630
41823454454
27109842972
27175994589
41280692079
41849501867
41382943463
41566973520
41298674874
40304047223
41511152792
41044409626
26983904768
27276554268
37779268105
41437263091
38313676221
41349922475
41847046687
41641377282
41443827099
41589144851
39235899707
41782358117
27092891109
26989517233
27269546435
37823092790
39155230292
41528605005
42164606999
40293469402
41574951405
26635933818
40948915123
41109594743
41293604052
38248981630
40810397449
26918291405
41111319953
41114505876
41360687173
40706757902
41506400642
40877606405
41502495700
36141230389
41171529438
41793351938
31801957707
38393670221
41138526440
27581825448
39235954669
41747252031
41849168951
41528484559
27503628842
35370134164
41836647229
41572483230
41766009665
26753740019
40993653319
40928735214
41329612972
41115787964
27169779915
41409195508
37078745574
41848637501
31554139708
39182939862
40313025489
27030005011
26896794514
27437486643
41367014695
41282366207
41526500336
41881879249
27503563645
38898985767
40648734958
39250425848
41901514281
41466955565
41459878533
41784561331
26906751116
39653952629
30517091967
41043405186
41401415208
27031196915
41054516157
26952077549
27037486442
40955949709
41203397664
41253815074
37736387277
41856655593
41389634899
41611047761
27087194869
27362966091
38563552685
40983273685
38248503380
27010852261
37663363346
41933157237
41132840289
41648246335
40602827048
40962969973
41664825643
41220662382
41635713387
41706001964
37626322387
41759619211
41200995486
40980873034
41058962316
41346309398
42172423849
40830179584
39723848251
32574420080
41558121876
41531732927
42025765555
41342031810
41017521421
27249112722
27362490846
26901387392
38207330850
37480632710
39762175407
38901200346
32495135058
41605451579
38665789930
41160846508
37767706549
41682461400
41640597278
41287837903
41785004613
41336726554
41516045320
41695320119
39156752926
41025064445
41744702161
41105435477
41658031259
41225603972
41004072068
41598562816
37940981109
41588058960
41884588074
41397907741
40186037167
27088713065
31008841144
27271813405
41715753823
26769074497
40951884133
40849110946
41487305449
41837048997
41094755363
41675475864
41881249615
41231077090
39726039859
41797661067
41235783434
38255967542
27075691603
41002516829
40528758648
41095821302
41489145069
27452189111
41651360094
41046227483
41504681936
41703293208
41610465150
41045543907
41283957653
27224118089
26964868931
33549940040
41168997139
41525386608
40652863062
26792094849
41515922576
26638164417
27323305430
39014444674
38366513745
41946990179
41090674438
26811608065
40308457020
38757245710
41760376235
38593905624
41531706019
27159832074
27253141662
38036086063
37772305501
39443356584
41466021816
42348635868
40798760967
27100202681
41778016068
41921786845
41118645208
27181974271
41775380249
41758668922
40775153328
34739364031
39332092492
41159992527
41854936495
27022201030
38136799405
41688410334
26847978832
26732778011
41554940943
41667675199
41575978462
39538044272
41633852429
38314620689
42020728183
41944649244
27330894600
41181042818
41593205504
41631520453
41550690532
41619004364
27010592005
41145585437
39117712310
41123917550
41528889873
41368709168
27171027321
41337748536
40774850452
27048481310
27409551565
41335497014
41528802605
27261357193
40980180158
39094839223
40803324488
41586766400
40468920961
40820555357
26737038850
38528871231
41307642076
26205553010
41589533996
41886123101
27088099311
41406976838
37706953915
26575101093
31889818579
41944105239
41400424914
41449667496
41743133402
26924157327
41120735552
41365973899
41208507228
41043328857
41705463792
26642326543
26437339620
41246870172
41132915626
38951378455
26952207052
41623385208
41506350935
26646763831
41245568624
41397432947
40656664743
41662647449
41914049120
41848384327
40730747065
38900032486
41383946225
41824630811
38534324546
27171416061
41527014304
38155008000
38085916428
27183550677
41767472859
41531362173
38366162711
41029108436
41933541743
40951072128
41038971048
41284409252
41667946857
27363247540
27335588243
41310293408
41466689617
38392084300
41225734702
41542746500
41456139048
41405486841
41235649671
41791660008
27064097299
41515866219
41372684915
41151242312
27412413206
30050335524
40907785965
27470291710
34131232886
40889456958
27438805354
27298034545
41532041585
41386600638
41611219213
40679710466
27214932355
41322979547
41933285294
26627645363
41287994652
41055544524
41847355646
27107238641
41289103112
41824776207
27198682995
40952479879
41556370648
41824574696
27101960963
40567490589
37706859693
26211698069
38343275988
41678441177
38288551482
41567940270
41396180507
41232280479
41094992815
41471662982
27173046182
27011723567
41355667015
27081788355
41336989636
41153305141
38201740400
37826824045
26609749106
41178767979
41166046007
39004812643
42101473992
41466497117
27133821593
41307390093
42160561461
41398242054
38327623726
27056607178
41334559557
38331938756
41901233835
42029537104
41328030948
41770132551
37543506976
41371339781
40592162983
41465556084
39705908432
41114315566
41371683284
38170782114
37451879495
27319900289
26754052927
40672890753
41528000244
41541837275
40593651690
38274890353
41859591079
26871586963
41034391609
41897277466
42236065333
26956429986
41125510851
41460576290
38353697904
41515941934
26809294757
41041964424
27441828147
41919926831
36411791339
40924561805
32181902588
40937269014
41548140347
41109434111
26878485191
38518593553
41341993175
41062035712
41610736886
41454920011
40677110957
41236243744
26793991417
26965612164
41302459840
41032988520
26954141706
41531517978
26498119544
41025071150
41794131499
40952210740
41321538941
41819304819
26255545178
27217857935
40954472712
39506199373
26915308681
27068242590
41328529905
27012153521
41526915033
41524947840
41387267146
39435254765
37126115760
41514346263
38368540519
40893334674
41009923484
26898570892
41160426544
41355738372
41705996263
38301650494
41250637495
38483991898
39608459910
26876270454
38477937763
26734978624
38370576668
41526903697
41610994651
41335593617
41481875632
26965214758
41054869659
40692607670
38835049726
41555434720
41723693574
40673183713
41787541066
40189560798
40789576840
39771495630
41447042581
41035254698
26372359967
39881192062
41658358361
26847824713
34294366148
41590446348
27025420267
41747108863
41555453096
41171732380
41510754791
40916660149
41555819788
37420537037
27114823600
41000090259
41976137860
30274449896
38533645054
38714411920
27528519781
26847584176
41959232904
41632841798
40967624656
39569166467
39411107818
26909056633
41475014877
27408066749
26461162609
37731053467
41366051170
41016080157
41362103036
38391810432
27364666649
27416415084
41804747942
40842375273
40940517940
27012642571
41427554236
38395820517
41922742383
41135849528
41572995030
29130844265
26638748461
27087047414
26981615941
41787592331
27215588836
27588873035
41561276145
26766413441
41020435234
27262374785
41760003360
40904408115
38139588631
41674078655
37899165640
27305099965
41658363515
33677065817
41400122389
27102385813
41950967429
26961209977
33565675333
39078057134
27038202819
41793597925
41180203617
41639576545
39869095696
38258547811
38749332552
41428661020
41097726967
41010826336
41691571042
40915302587
41160213283
40957301939
41423528959
38523705915
41668254034
41475862334
38828564266
40830642333
41863348965
41715248873
41862959586
40913061860
38348181313
37719004316
41623556262
40957434526
41618056775
42018796067
41302031131
39154443638
41684927510
40645858707
38149329172
41657236950
41527846672
27050840144
41648140872
42030122776
26784676303
41702265539
39078536637
26923587026
41176480742
38330333846
39303512940
41498833237
26733936567
26968516306
41427255116
41122719975
41507503059
41010545519
41484315516
41902883586
27298662485
41473051484
41118934470
41984740029
41528008735
41018001481
41372450974
26541770977
26570531923
40921285966
38071554450
41647853979
39166496588
41968687740
41592964366
41814729989
41618293751
39729204294
41154819457
27117968264
40799485144
41506144888
26967601968
27089674552
27031071300
41439066425
27172485530
38083942718
38014633409
41365747401
38253579630
41076819746
41332675218
41017358016
41796107091
41392637865
27504252245
26941517634
39405580564
41788068807
41473042969
40283702256
41706770048
26669269012
40750626390
41236869763
32385109212
39455260883
41539181292
41140805558
26855376356
41896320398
38085353830
41357535070
41482336972
41310637482
38654659813
41720854894
41621981563
41257169250
41232568859
26902398556
41837007044
41931095394
27256149595
32578428515
38439467298
41476512419
41498093095
38386944796
38248334300
41667028137
36397992302
40365759799
41163660877
27026550336
39413745985
27304879662
41573954953
41770106947
41676248285
41628806839
41076502618
41475279061
38194441893
37892260230
41484527092
26912297416
41272565747
42077381557
39080460279
41624778956
41003658158
41325173827
42142426678
41772940036
41349066664
41892151441
41489797870
41632523335
41571512944
38046769257
40977100697
26965647869
41429209221
41472331935
41516788047
26241766730
26920916279
41795916521
41526995362
28383338897
40807101062
41854228729
38888710717
39650503362
39341802634
41623640164
35729506279
27453529798
40913450816
41184799887
26867132901
41240109415
41722864689
41308041644
41616975160
27142401943
41626251345
41093955223
39214152986
39266150899
40839755535
41489085310
41683793126
41285742316
41699053736
40291867149
42097839347
41637191223
41025108253
41707080271
41087767648
40936504768
41713574333
40957239058
40328631563
26872001495
41623069014
26605157099
40969559862
37140289656
39119427739
38984061296
27161765187
38892175369
41200395303
41173295764
41437302127
41025130486
41389976221
32607347394
41574079182
41043288538
41516241002
38245270753
26569869502
41755066472
27484223486
38209944578
27089089131
39718044721
40147953839
26897363265
26830667660
26962551539
26561656611
41238135176
33485129672
40321540184
41585901276
41535909841
39062356592
41179086393
39361278655
26962651370
41044965398
41572396076
41860496353
27028056787
40178260691
26734338107
41335696426
26578391403
41303551842
41571504429
41110171605
39092648329
41141565135
39741137175
26531600182
40920449453
41536328206
41428349297
41536531219
26832020767
40172621599
33559172227
41944012831
41631459646
42019132244
37824884374
40914130830
41525994953
41019703108
41685564141
41434033999
42022769726
40799145103
26699193374
41347595288
41532642042
39028985556
41540120472
26790876331
42189376421
41407512620
41742125743
26949806141
41025053054
26912906422
26911225508
39932319915
41421533650
41824722579
39072278451
41293174552
41658131220
41689857284
27477230799
26780566849
41188646762
41096378356
41521155283
37678688971
40687703673
41507621688
41302623092
41497721180
41755576103
26871408556
41211916392
41162131257
41658168017
26817679034
27523689359
39103294641
27172759305
41690623995
41619330899
39440580222
27512253482
41686096456
26779089112
41324286259
41389194251
41400977130
41319949667
27027029078
41017975899
27040484650
26751677447
41659632393
27100975760
26925118515
41365045933
27486167898
41317102783
36208279337
41528267437
41466580045
41359388472
39809266615
41348538333
27181830355
27067497852
40820746923
26779772434
38720022985
27013632930
26368453755
27107374546
41406284971
26784934828
39023528112
26963152114
27102174911
38342797236
41559499049
40309343802
27249818391
41866732416
41150713405
41754551099
40903981637
41793367087
40738621477
41469899623
41528344456
41354361582
38545244045
41606397499
41530057789
38405593572
41514009900
40951389507
27298035037
41685285080
26963544172
39317851321
41075500416
41824715304
41325521155
41132599550
41471174332
26570706693
26940843361
26779184932
38257360083
39412005469
41526926391
41639717721
41837766531
41226875529
38846453769
40648180105
41596090065
41628809211
41426562558
26534972267
39570507989
41708771054
41499874328
27319979044
27215253123
39680888575
40839298285
41769079287
41885177938
41571506888
42018601377
40840340993
41714701647
41202166903
41229862099
41506408908
40904447596
26672405008
27435769709
41108325946
41824695780
39411551623
41506548504
37661069364
40957656259
26846453577
27071518382
41186249279
41560027261
26935841558
39154901541
41178304909
41615988507
27060838497
41051417709
41373500910
38422164969
41244720848
41421115139
41720896830
41121780441
39270058171
27066125338
41668332150
41283658524
41910682367
39154215883
41951993770
41594163267
41757024639
40610371638
38959177838
41400235867
39541819263
41274642676
41686965586
41222972356
38945615687
40951711591
41307451527
41328713297
27018377716
39299487708
41823168561
42283921175
41453535008
26992234100
41395773540
37707016817
41002229399
26824499741
40984529103
41433500541
41433977033
41118800042
41336214939
41469811386
41407953589
41655043962
40840142203
41232000089
41199101672
41527745643
41988665412
27364354245
40325502840
26735913831
38278937666
40822366726
40734079187
41142417001
27089336320
41191986718
26831622871
41444021277
32563311537
42011954149
27165011722
41905744116
39088455835
27101937647
27012981751
39076672848
26964071047
40819558768
42049193697
41257786878
41039895922
41407715315
41489440592
27358063977
37730083618
38119445728
27306252472
41737853054
41509713491
32087731350
41180949467
39545942642
41228009639
40951377017
40162813284
40732779581
39018759172
38953972879
33541132008
37112518067
41078585115
26962882357
39117246001
38321063318
41118853032
41337772521
39801640527
40953137575
41641898839
41710540995
27050185555
41836951963
38088094404
26924827185
41562822645
41182867281
41715575280
41550731992
41566191397
33531034407
27100716750
41515062555
40626309116
26935033104
27001765610
38323825702
40655094527
27226082844
39113176953
39154613049
41307476713
26786904888
42301663242
42102506366
41391944049
39644132511
27304399041
41328933004
41580342010
41121913652
41018019719
41245196283
41211589231
27171201093
42022267970
40596539671
27173133010
41095722326
41366529018
41950030530
39605043501
41486163282
41447040166
42103565949
37887891634
41516132327
39090296524
27022792652
41344323025
39441871312
32432953376
41238989404
27365320202
41912044853
41289366524
27092108208
26998027656
41616837516
41476872537
41307504086
27108655722
41333286755
41342128956
27101502412
41170150798
41793552200
26962737565
41692370635
41107728865
40913219012
41533029354
41038943438
39087713810
27357280746
26931586463
41362622146
41741075747
37550908858
42232463585
27121300778
41182576057
41922380986
37971398552
41409676124
26849098480
41398285372
41164726352
38371267958
40817077318
39150568712
26988855156
41259031045
27048292597
41683148572
41435113558
26645006535
41481180268
39120296686
41359805244
27046958082
26830752468
41003414077
26735363799
41034532352
41526919753
42162783937
39423089763
26723125629
41559777043
26953307043
41447026671
39987308802
31606808773
26569563958
39309608112
37101701990
41383468800
38034923843
41188515460
27048685950
41608294130
41713327296
38227590272
41259634481
27677394378
41457496370
26637726992
41482784174
41791206484
41008947917
41656315874
41510264229
27211332239
40715469112
40079081784
41528594081
41624554935
27084241282
41245934244
26810121474
41543232138
36228589159
39095424717
41615822822
41285297284
39732676815
39068395978
42213482931
39065158059
39413572339
26784800120
41454046017
41794312850
26964238000
42105516020
26831176441
41328584359
41008306105
27037821483
41304074779
41438871629
27298330788
34718794375
26847894622
40310138016
41212864075
26802844984
40855293114
39829934097
40849621632
41293508934
41461101749
26986215995
41826894019
41190216507
41532506362
38103530982
41188362958
39033056211
39486457624
41715658436
41508507633
41706332170
38391935556
39148493893
42007316735
38104206798
41489568888
41765871644
41283203158
38991642328
26918179895
41302542149
41785686610
41228599868
41716216123
38687976131
40867181036
41487016792
41545502877
26878106220
26731229541
41248247178
41324274212
38004634465
40605361354
27089219989
41020660992
41078355496
40815855005
26940369910
26419159732
41353685574
26291019122
26783215752
41776448050
42103272039
41466758702
41590178309
42075760954
41847611427
26931398154
38392618116
26851377578
27188044653
41095884212
41657945699
41337171746
41551837421
38246531259
41319209405
26876076803
26959284646
38272057152
41950435617
41356972242
29718108006
41729063489
41864718278
26965667807
41922824995
38400867215
40977163327
27088251839
41026476865
27347683069
40731523890
41770313543
26664974118
41784723237
41192132347
26576590788
26870885593
38458219741
38095593608
41003714909
41368420726
41944148802
27231659048
27770099233
38291600526
39344473519
41983609331
41653696382
39572188451
38347759329
39153470177
41484669566
27313657542
40976962417
41532414547
39088836121
38574762421
41855368386
27416280830
27036836230
27307005139
41321593524
38366739617
38947652303
41003118473
40387459704
41017729792
39155334638
41349364480
41646948876
41264516491
38770731192
27126134061
40736231710
41015438332
32556117016
26721113610
40195461876
26873553196
27420669406
41096469908
27188643843
41017658672
41391547695
41759062621
41667243188
41105842852
41724590928
27082153779
41628536150
41751788257
41525647806
40950789908
26885776196
41361543452
27291418263
38244694103
38618084524
27311217237
41345794772
41527698490
41677384348
41457481743
38881963406
41576168454
26831210687
41247248254
41233115380
41406298392
41788737837
26832098350
41610328456
39166159652
42054419785
41482017489
27103691485
40909563316
27051772307
41785512840
41451073730
41611059468
40182368905
38263697379
27261566196
36260310421
40788373728
26994711473
40792330737
27298036199
37139762729
38158818911
38362536222
39131008691
27005442238
41685533007
41760807782
41720721893
38912879291
41610888941
41302644730
41709621978
41406889480
41060282450
39956566672
33496836612
30158498289
30815587065
26723852007
38247776382
40954951056
39164251306
41287730818
41125347277
41883910557
27419648803
41643594695
41687374544
41000859693
41178799607
41722485633
41117381505
41770207690
38534606355
41651580658
26785161936
41087806910
41708261413
27217053403
41234213162
38126819964
41676779020
41191277024
40864239743
41584249814
26647366028
41357472934
31731322992
39037963699
40913927482
36288700479
41537470313
27359932319
41620560292
27202227070
39234659358
42219745594
38091201564
42226491149
41861186479
41107009054
35966878915
40609298094
41288814427
40832915217
26784569647
41741963819
26987676984
41773070880
41037247916
41351072121
41772103456
38058869862
39019973048
41210462995
41489605508
27439402508
41793623204
42020080288
41302571605
26631334464
26640105920
26987227173
41630879143
41768919687
27117018308
41188703574
37505744158
27017600166
41518956317
26264045112
40220511991
41091381321
26953367515
38699785731
39107569969
41536885655
41356509700
27491276236
41497836111
27205682057
41483530112
39154029471
26200971634
41847382384
41056141993
41186583967
41142063643
41368411089
38772526655
40048733647
27141262621
38382173452
41288155572
26260498159
41827959541
26779050842
41727490932
26909236293
41953386474
39450740765
38360917658
41088848667
41347441556
41648816817
41528108794
26974572572
41575367143
26948968947
38736079453
39153325977
27214334992
41598557452
41400368856
41765715828
41658344168
41254062620
41610445452
41898579832
37840381456
26963445336
41247770991
41630131386
42033050138
35783186344
27507972582
41325064259
41342194478
26776702991
41420999121
41466784750
27578869801
41528626006
40316657327
27174597059
38962605532
38367008757
40875056059
41672056875
41168837371
41012780482
39223105766
27190470098
39117123122
41506784239
41774753513
41113690690
36365384925
41244212458
40304182305
38250361684
41775236181
41435952584
26902938578
41712144529
41329966482
41407634645
41724157397
40982384788
40648045188
26977672682
38533863672
39034829213
37719500992
36815943843
41134946457
27021978258
38707001353
41559562315
39166083390
41371525447
41693245140
40648396840
41208041378
40797432774
40627677495
41788648176
26900007972
41328073088
41577005188
37790108740
41661034650
42074857224
26737457171
38768567861
39149548999
41473025534
41183962621
41816738327
41433072219
26921880499
41658716659
41488762180
41396999605
26744847003
27100493315
41649691708
41624333223
27405012869
41575742735
39091383243
41487845696
27088956155
41600322392
26872456995
41655629317
41920357155
41453777478
27963538658
41783103469
41038806994
39826274617
41502308128
41707329238
40976634796
26817412655
41823051006
30752618669
42029199487
27216655787
39674154887
41091981946
41513796818
41000540946
41342006878
41309856157
41862528463
39155925262
26962628887
41286734218
42040411485
41559011315
39923489821
27334689643
40916976266
41438361219
31054123977
40900959112
41532258186
41524393856
36656663910
41218884011
41202948299
41236083048
41772467993
38645665274
41507184877
41649512793
41551595577
26678489162
41303384976
40663986096
40826920238
38755137707
37700159139
26735544658
27248770654
38831090193
41676449160
27248174451
26996119983
41023279519
41612429656
40852000773
41653259982
41675047264
41849231148
27010356535
26639127044
39856272313
41918707485
26900720730
26593270927
41043300002
34038462634
26855812340
41472517819
40874759066
27455759268
39521316211
41954152752
41913157429
26854983266
37131607067
41506448007
41482187779
27012704371
37133829462
26916461803
41447024174
41036415062
39153737855
41187472944
39782044472
26928476634
39654061854
41342086786
41777448579
39712197490
26829282868
26873293004
30727752898
41706486527
41463527712
41302309852
41948936538
41671219535
40732858644
27542055168
26779609282
42054861009
41215301826
38348884957
26699483213
40992113251
41584591235
41489928646
27445233966
41927845320
41437684535
41912508331
41035897258
41650994215
39151780798
40639605878
38994988776
41200886613
27202123111
41535346973
41604666429
39499195412
39618091533
41793288885
42036609569
41674980691
27009752256
41688000854
41618230777
41746068040
41755277841
41847425799
41337773756
27203180381
26930506119
41868458081
34682493721
40973688885
37283289440
26857160223
41078641524
26779173949
26177262297
41877273245
41301858553
41244506245
39733621429
41742549074
41769192886
41006148575
41429776221
41039039153
27111483072
27462124166
27192293958
41104500151
38815890965
39472313745
26962617854
37901282610
41469125442
41365910145
27367932181
41330021619
41467265303
41322868001
26971758912
39910681200
41755022648
37725242493
41362313393
26884181196
41525607617
26619806770
26798098495
41777741159
27108118415
39064608800
41599343016
41335912073
29461686261
41834196862
41678734964
27191696820
38503019017
41634075287
26319920140
26963975325
41150350931
41017970484
40274158036
41524659862
39237720071
39116644218
41426214048
26726831252
38242694738
41350079480
41448502005
27011473563
41466672808
40976863106
41153876537
42159915055
42052398440
40852482410
38164223913
41389950843
39727830318
41937922427
39664634295
41158079891
36514907965
41447124041
41729688692
41650998887
38686558380
39574209252
42099562401
41087782687
27200350909
26782622344
41316162327
26831079992
40559506077
40806372578
39235791369
31346935179
27124449412
41329165045
33823183963
26921105710
41316808255
40729030317
41626854765
41789806726
41256780956
41445760977
41467569700
39171020452
41672996712
37659743403
27504940326
39396824369
41463487322
41584624931
41433710832
34625229200
27096556378
40839940346
41858431271
41047863939
26953010590
36206288298
41516976672
37138090635
41648690643
27057798566
41793748704
41259123459
41447740283
27107722450
26813373914
41573462277
39357975543
27048754551
37763516044
40981939540
38121585190
40704287260
40949643938
37704880938
41540416521
41638950485
41144460980
37718892222
41220087431
39660512889
41774308512
41367361482
41739348823
27319167889
37987120445
27378400873
41143099811
41456834737
41526660528
41858576774
41656285268
41558763387
41205629426
41512773103
38344187113
41343778333
27010285631
41774601172
40474011835
40739965484
41730043693
41716745406
41131119565
40741911748
26988041021
41933781206
41095440814
41374037817
40736922749
42075033777
40953817409
41785298269
41499732694
41532827904
38368993301
40831684064
37881541440
37826734736
26966216753
41225934833
41535072301
41357502337
41639658025
26805403040
41056229805
27159545274
26572753247
41126978885
27260859177
41752878743
40881786409
40839082269
31260050365
41194599075
41684225789
41545868771
37789305705
27726833446
33384240164
40381714591
41979897853
30921530608
41853183237
40977289645
41573419120
41017941957
41456718030
38346559531
40349992797
26745294325
41585068687
40950041591
40953637898
26928534559
37965886042
41105747694
41681943817
41485811887
41661096595
41197694031
41322812121
27172619232
41530976534
26688457464
41466095019
27298031057
41649420933
41219539024
41595217792
41531230874
40948046118
40309924204
41225563814
41017755521
41302432158
26715205260
27218190905
41074492020
27190734630
41203086467
41692304442
39825066099
38906436289
26262486386
31836915748
27061647644
40844026880
41467088152
26871476867
26925301185
32225238252
40664121935
38901701058
41395191856
41280159421
40373610746
26966116264
26641771706
40394234866
26254484310
26934194397
41372734689
27298172232
41395067422
41433892752
41554822348
42029326906
41637987540
26925331209
26571115381
26878761176
37136885523
26915639073
41170362256
26950532488
41315460368
38093580105
26783700538
41028334787
41368598626
41294799004
26878884274
26860126552
26274662349
26947045071
26987760647
39260477330
41133685955
40731252571
41428200857
38540506775
41920021378
26932883539
26568888122
41357513899
26806522132
39206951290
27173253987
40951577450
41628687812
27083043996
31745819463
41370570521
41752192321
41203820686
27116884472
38100829748
41527856655
41227187222
41311768157
41863384256
42147852128
41359353861
26572386520
41368352869
41357598009
41789926381
40581645851
41187122540
27117361928
41525506401
41879434462
41770809843
33532945724
42086893199
41179640934
41775576666
41096211791
42231934563
40996892217
38782210535
38893818397
41454648627
41437322893
41179909622
41702150333
41545203206
42053814798
41787359577
27067605118
41557693791
27052174536
32663522586
31671093696
27103219609
41370966305
41848714633
41796407284
41081412940
41848452148
39164404820
26922181370
41439833901
41038832595
38653767473
40929476452
41805379506
41115819646
41542440147
41365163585
39150135659
41982983613
41619729917
36165831238
37706690712
27020507363
41465995890
26927708049
40452985743
41235022616
33135905817
41225631500
26911842914
41573349135
41135204624
27371316900
41532186828
27192363266
41732297421
40904193982
41793693997
40020887689
41726957428
41382586466
41149473177
41536145960
39079604366
26646270558
27279872726
41106346984
27114337745
26913612748
41506313964
41628808360
41398819997
41282773205
35847771223
41822772953
41118547971
26874874370
39153986467
37667794547
38507476977
26644089321
41514957016
41292555227
27535398670
41694551876
27315184354
41634025859
41372215912
40844263053
37778494703
27051358620
40285425160
41803094853
41136443534
41628414374
29924318064
40912439982
41406269913
39978737326
41121873602
41488503267
40842668403
27326504967
41203355430
40206846606
41316091121
40644776921
26967236365
41616326248
26898229623
41161740907
26522448646
41861082963
41921226775
42335979088
41187771119
41544600266
41187668515
27157750861
27008046356
26564604776
39124793222
38968545288
38055214346
27209960218
42123235978
40632562954
38676191882
26987954130
41327966768
26732682765
41133373677
34568681082
27298789412
41954446521
41209067015
41909396299
42237336174
41017280345
42153855933
41529246250
26921670499
41392516653
39007149910
41600497513
41874205634
40300438990
41674563978
26976218303
26952027115
41691043804
38104767425
40822957547
38528209622
41396954148
39921678696
41715497124
29195002907
41607371224
39043829610
37588900341
41209771185
38412332458
38356437146
41657353693
27042745209
41682934580
27005053238
26952656738
41467350587
26754359674
27369553685
41352004003
38243799848
40192482080
39123922240
38090812297
30021199154
27037902235
41427870477
42026433399
41786986149
40895869446
27047925225
41306829078
36041396925
41783193314
39646526519
26630053340
38806232571
39245657502
41495532476
40906932546
26922824231
27261879967
30990650782
40813687265
40774796091
41585376369
40815187674
41169742640
41334241748
37975631360
40462831439
27182021696
41467879288
41506379802
27100194238
40956773883
27343875639
27000524883
27215910235
26944856250
26871388060
41480947800
41571509767
26927377629
41370702485
26831170763
39434716411
38390453053
41549060397
41036807700
41916078947
40560178916
26923826564
41559964599
26925198582
27416397280
37706580684
39745283321
40730022053
41919989779
41402505196
41356903126
40989043032
41108095887
28184576819
41215730752
41742432450
41357792042
41455723705
41625769567
38340404108
39035604175
41639549593
41549897220
41649348240
41442849427
26951818460
38957789820
41245352801
41509910083
41895751824
26878341419
39556396681
26637132368
41573870441
41626556212
41988175493
41408848024
28113452178
41635506289
41951683455
41708727362
26570142746
41477205084
41454008881
39171727663
41038015536
41611944455
41652926700
41166942705
38619221210
38832811941
26643353991
41360015154
40092165450
31854962443
38373758408
39234932651
40918288435
41464817921
41913761177
39683669832
41483303738
38333541714
41324799724
41312768578
26815067658
41645342296
41844318272
41316993295
41298848490
41506366312
41136142604
38393231478
41645267690
41541963342
41375362329
40796181656
40840846046
41594938278
30045376324
26868959551
41595707633
41785056069
27262893527
41721003897
42157889241
41435606212
27082929664
32114963767
41017809464
41898152917
41235988567
37876337543
41607918999
40669811211
27203537175
41887589432
41364551978
41388427859
26897069092
27410254907
27251037535
41914853056
38366449666
37678217386
41362756446
41299297193
26830145117
41612274221
41301677757
39109664314
40772564818
41988969006
40800387334
27028483223
40823433301
38921671990
26937417495
41350443960
40308655138
40615736941
41283773173
40727496534
41715170359
40534514575
41162675686
37360480167
41754902588
41300947842
26982785275
41638555450
41330840218
41419461289
40561513033
41063551649
41487067697
39234320066
41639817195
40832653491
26895082202
40598226283
40938409806
41610909026
39579683739
26808234981
41922764138
27198046595
41368983700
41206444693
26740553979
27116760496
36214917545
41169992648
39588417126
41535648320
40833825512
26993367213
41796223094
38167304757
27074924409
26987693621
40952573429
39384413613
26769589130
41310447946
41793321666
41800741938
32565416997
41284194410
27181065220
39313625061
27101222651
42157348244
39180669248
39749878096
41321294133
41283687788
40955400119
38449203343
41108790440
41531326273
41600371891
41322407150
41764365844
41303963253
41295734445
41389905831
41573030046
41919946001
26975221867
41367595343
41345428607
38524222270
26642551668
41144538703
41419441702
41400460936
42072460905
39412119087
27021099619
41308736369
39158865375
39679798911
27162017300
40802200889
41690525466
26642898534
27006736357
41360249571
41202272988
41654493822
39494525045
41675936063
26910327671
27100781884
41629609676
35729278087
41294690369
41515962995
41717192543
26976343849
41206268514
41861671892
41525232413
41811741147
41422170017
41554520460
41108453437
41744991480
41468916031
42002646688
41283627515
41874265902
41246139253
41269691446
41098757917
41512169774
41723162330
38957056455
41236601521
41886400297
27160056232
27514250767
41183464913
42085256517
41610245294
26867550836
42084662688
41284322455
41817354921
41759458615
27116502952
37136626160
26897786152
41785117951
37674873133
39407553042
41361384710
41158613472
40848774721
41005546331
26910951503
41347694225
26993054612
38245026679
41606757598
41784864880
41526978509
41289575186
40130787082
39239882255
40647686065
39582836883
41370495653
26987794160
41790307337
26893772186
27434120916
26872730807
41593671348
27191257339
40672872385
27262197179
41608970447
41822481806
41388729823
33015313822
41920013623
37815050115
37794997574
38916197885
39145439863
39050671731
41044498591
41993861639
41656817132
41550826948
27525960454
40844815414
27265323675
42053183140
41974560494
38730887206
40301840550
26891984300
41622490837
41642114368
41895991406
26779346288
41504190073
42233175758
41432513408
41226725230
41198117038
37750735213
38864336354
41916610773
37226827544
41929484796
38952077316
26978273527
41438201598
40286294940
40915554075
39337325808
41368377128
41528617068
40674481310
41171305248
41419492978
41744282899
27115547303
41165134262
41685579451
27051198997
41291626984
39066392564
41557161140
27260224458
41336105525
41944066525
41259180290
41781661862
27444419777
41215416397
41419410793
41025148156
39158100560
40932358116
41141681404
41016922997
41541920511
41615907858
38892825306
41760169078
26818608277
41644620062
41899951279
41266015085
40957418670
41793502639
41493316661
30433546284
41230443012
41720499435
41704509659
42029900118
41120220599
41945524610
41422941693
26695395604
41743849672
26831879615
41712886641
41258518576
36370765206
26970062584
26853550594
41743501918
41316581069
26960190523
41077264160
38051977977
41327159569
41118510884
26961003366
39237264853
27188663754
41044171763
26826927565
38393553337
40003932574
41388474713
41355962929
26897310471
39116095759
41117802148
41420727620
41632174697
41322630778
41087824558
41573384613
27332628604
40727201146
39347725436
41163375622
27432058967
41106731445
27022220628
42101738479
41501497834
41429728071
40828322651
41283710368
27226986532
41654283761
38856924841
27253351814
26957185880
27162853786
41289207064
27115240981
41178588226
27296323956
39134756010
41078183832
41840022939
40793396015
37777963702
26981230062
27416353812
41420220673
38416305618
41337781524
41483750198
41021490672
41370134629
41920046120
26951651683
41884021825
40957526747
41400520508
27101711413
41327017450
40949473940
27086640293
41581952070
41322056188
40975109415
41427969377
40727759828
40152202443
38666757239
33366043686
41421931984
26582089514
41299642226
26936373539
32340585048
31407414803
36128578156
26964536223
41924787886
27199188426
41391688819
39673196745
39351194476
41328431441
41504879682
40287088507
42232673724
41147799666
41720945308
40311105876
26828354800
41025087169
40909099615
41558663580
37713492137
41847783001
39085277600
37792301814
41708098295
41409322455
41537821417
41611670018
41727807216
26610669438
27058571073
41476061872
41453899675
41616182721
38909121542
40914721136
41898470793
41054349675
41383177567
41614027150
26693910569
41432199869
26955489107
26761014076
38716127583
37808943103
26738591119
37061741075
38040593550
41566858307
41312961520
27583940035
41342314280
41116469383
41181176667
41722894235
41098415249
38960758493
41526965248
26903260302
40975335765
40140352546
38934131120
38102766429
41573320403
41298409610
41447052037
37710657473
41550989106
26965934352
41581824261
37976523974
41205028361
41613157342
38345078566
40601982550
27478417316
42090333810
37660362795
40944237641
41178988382
41656308610
41913303320
26949910417
41153153245
41394569651
41108706144
41326794135
27231114178
41324687246
41419458025
26625364174
41306173001
41199227024
41321696246
41307101362
26961686167
41235127861
26972005724
41541975866
27115644766
34488936046
41609950316
41831300169
26990552443
41611501809
41498629775
41940625347
27298030196
41210340771
26872188641
41135446634
41574197875
41124925543
26647215507
38979061398
40874039245
41783020099
27634031150
27286693476
41473050184
41486989995
26894415752
42232851357
41054276350
41652338990
41650870064
26963054040
41502916354
41453842344
41813988323
41142235235
41584890425
27192952824
41487039582
41503668511
41361246896
27173117317
40732688074
41132995798
41211673795
41454076411
39148335778
41575873759
41450608344
27041266829
32583539623
41633555477
37733775488
41200968203
33518470088
41075422898
41713658647
38902875181
41393515140
36372067868
27115981851
27155575170
41313573589
40820155347
26896083994
41746724481
41329691881
40790566396
41567667753
41106004550
36210751416
38534424734
41009263049
41321802450
41573268469
38378872749
39455182869
27298229281
41310991524
27090691183
26591379630
41320372103
27772494787
27248478782
41884009554
40777287759
41574383418
41121792087
41142549895
41572336822
41342022332
40904825751
42319005208
41584505646
41715456108
41436460834
39477624388
26570822222
27308647998
38499282828
41794572746
26917148189
38160485079
26969245855
41118267445
41713968185
27183163125
41849337003
41685536055
26679241008
39662450112
41062398302
41600080518
41658276250
41302630724
38649991327
41914227350
26909690506
39140242412
26965563572
27023352404
41039088945
41331470542
41559517170
39936123458
26966376395
41372107733
26072708377
41018023347
41619734145
40799909108
36365936839
40773083491
41824267749
41514032807
41144954971
38833820808
26459653588
41898959522
41467611948
41946715310
39428300204
41133505765
37761116451
41284235692
40613811027
41243665119
41697785758
26908418696
41358055917
41860464436
40951265008
27034581434
41650934289
27416324534
27050748524
26848230967
41755838350
41326577424
41847972641
41663472101
41694226641
42259071848
41362385883
32403347071
41633331620
41290789252
27204432662
27101901601
40466019628
41792802651
39147362078
37719063511
41323278203
42078218094
39108106096
41469942903
41649048230
41301960329
27298948422
41371922642
26847517317
27208866207
27038172593
41215188833
41720862385
39338364931
41178844866
27300038912
39705279684
41473044770
37740053202
26906270273
41043937135
41180972991
37686039094
40291149407
27735530367
27505893841
41782923091
27427582074
38661721023
41350288404
41170847678
41323580820
41675701703
39071335697
33401810757
38521068776
41163870282
41708477587
41302231460
27241468622
27199615920
26962670315
39152696543
41481698630
27440946330
37683073406
26819291671
41419459863
41985909907
27173298259
41659861388
40836334494
41122126522
41506918401
41428157476
26771229308
42235018407
26947452391
36020471301
41244045076
41244829089
41388680435
41945965858
41324364279
40914535536
27425762964
41904033798
39242031680
27302397943
38952364757
39643212595
41611287908
39156314791
27434915777
40889005815
38246867874
27201057925
27023214575
41685167148
40918762858
41185362789
39658943561
26935851346
41628805339
41600308793
41087817208
41375852870
38363304462
42178009541
27257554710
39277500258
26898796940
40672850395
39449368377
26962415742
32883186547
26827769490
40853239538
41122668375
42049562477
41602057419
41179136113
26820956209
41245013862
41159597051
37801044411
40903889986
41732883973
41647985770
40150254004
41321251868
41287418325
41499148666
41598564158
27304975503
41656350839
41138210841
41502082759
41790425339
41628808185
39552686712
27195971236
41515166038
27144693897
41385796245
41409898318
27278842121
27097315068
38875914473
41631925005
41788969224
37996510063
26961855776
38339840402
27442734705
41169461696
41962053459
41234524589
27500826028
37822647483
38075491471
39364147966
39177186278
41559945190
40120118776
27244164068
41794834000
41307556431
41357164194
26871496357
33586907400
40513926878
41335670207
41417915698
39820519885
39656072094
38948011249
42013510807
41039049286
26914668263
41524257582
39121932154
37943413546
30059563738
41471980536
41575102981
41473708691
41175772622
41089007205
41508410489
41303121301
41217024018
29322465534
26903111202
41438145142
41230792153
34613287742
41517361472
26957148333
26991677203
40258963855
41801816482
41932079557
27272946593
41353137630
42098841855
36174911762
41400012919
38532725323
39439343138
41466427306
27298067953
41040826527
41309173546
26864482864
39453393776
39412638048
41309946123
26921738623
39292637648
37744759721
27049515418
39235850429
41092393608
41621644556
41755475328
41007279873
41402705417
41301254728
41655793005
41713526426
42233802232
41656058615
37698847025
41069042482
38515921351
27199892802
38349226510
26830352102
41437401998
27573689356
40764672107
39459007730
41585792309
41489865027
33295180292
37659951657
41448163277
38263451827
38361749580
41324280907
41039001403
41234609849
41220201190
40945873124
40728459447
41519667347
39736987494
41129293972
36941790524
41508198981
26987869597
26601426340
39048780053
32000870753
27101988255
26814381142
40951889227
41573255787
40911206807
41524211550
26913115228
41584429450
41717637302
42100779546
41640876638
41632809174
30030016143
41066436958
41035438531
37615041973
41454376746
41594465556
38832176558
41202618356
41845800700
27181892971
30652048143
41617223199
41259329072
33506233781
39656733418
41307360112
41234946257
41181333636
41527167833
27107085839
41307868449
41760591757
41018040425
41161249994
40774617099
41115513346
41338037131
27432742527
41177661138
40818868556
40838930846
27386121347
41727046410
41743330548
41535000330
41823398233
41492103405
41568513337
41466724305
41094261062
26750238552
27172603091
40391923489
41448374089
41501778940
27005404873
41666017786
27067007526
39093167032
38761158455
38247197182
41536478623
26727924524
41760735496
42081541804
27363134424
41489204514
40842707151
41324270250
41757521666
41887933591
41721988100
41555199294
41632290844
27475979024
41544775182
27161569653
41020019439
27195288118
41622161477
31622699972
27101847904
38869317389
41912718135
41119331588
41848846054
41570119785
27149891134
41648466705
42075533206
27099535341
42233287762
39484032178
37661504927
37942244299
27434679811
41419459268
41798426471
40734590561
41357217628
38033145942
41631979949
41778533744
26923266471
41571508805
41436989030
39446454022
36530631538
41223878494
39146119812
27036641126
41467440205
41516312491
38948799473
41203992423
38766805925
41179226814
26299708419
27201817039
32335264788
41649630801
37885169598
38238776102
38073870183
41343045061
39658245022
41476011100
41486295890
38799506842
41593839425
31085532306
39321693460
41235708865
26921725881
41142284991
42096223505
41848189730
41496811784
40976142166
41292367089
41287364684
36201022749
27100008306
41106190381
40994528098
38096274215
42169610605
41898273796
26505020404
41661337750
27320135390
41601793164
40904263428
41495950303
42046509868
41782798672
41337737341
27383782960
26964425816
41234890793
42098175148
40835205316
41095840389
41573162563
26756018159
41559719294
41619757684
27104391383
40952116442
41871677603
42069348370
40439668946
41639302115
26969595926
41574498062
37874041800
41177202099
41676512097
41575494343
27159994519
41287346082
27433689311
27100670316
41397610735
37367479598
38039880116
41626936204
40672778237
41125211230
27192168743
41199870054
38366915143
41726657390
26901941679
41311319841
26615810662
40406952275
40414217330
38897498986
41703124457
32558827354
41763464398
33251307807
40814050873
26286602732
26540734849
41425624253
39446286750
41453814102
42121030076
38317632932
41692833788
27119927189
27101360432
39649733602
41517616349
41510951587
27218132812
38144090836
41433930425
41320989551
41429439452
41367949810
27171815341
26965898514
39166881242
40950305870
41611353878
41890120026
26585578950
37435253588
39164665893
41461564966
41201085422
40774886897
41646091304
41759903137
27172258597
42240633348
40950526505
38213135083
37321040362
39342831095
41546971949
26851236780
41363830411
27320225258
41380107249
41634309580
39162988742
27112363258
41787440800
26868403746
41711056785
41721285291
27084774005
26268078397
41794954112
39137548231
41475103425
40812739801
39516601854
41525559822
27090438111
41466857114
27349571309
40937474320
26909885925
39310901972
41337741326
26879253438
26902791393
41793570243
37884673864
39514273339
26852610273
41447266741
26871963253
41568879461
41358702567
40819696849
39334490996
27358918607
39743532963
41047185657
27307382006
42029094937
41071238499
41001963867
41297629231
41329268820
41335361665
41789112512
41299268568
41457552582
27080848042
41684743779
41115717602
41867515186
38089005191
41003896467
37176639477
41856150830
41514664513
37570875506
42051695421
41676714721
41528849509
41176764313
27387114644
41898719168
41572767142
37878234725
39461948342
26952455266
41919967124
38840025991
41795409881
41309391231
41235452188
41610655196
26966106506
41524008772
41302515301
41164880119
41021192918
41615076952
37683638146
41366457355
41474786302
41457131108
41486496964
41055830507
41297917002
40912919910
41100004011
40740847272
40683347629
41162551836
26628841539
38513850416
41616081887
42186029270
41213799827
41464185923
26633865134
41390989409
39201663468
26302618108
41564809536
41042914891
26869457188
37466981860
39164320818
41437243050
41483221213
40606254149
40939929781
41685553866
37994396135
38959645777
38156965953
26833209602
41341042531
38117888935
41528227223
41315867876
27413030666
41221954927
39324739664
41052244687
26979995760
27236198190
41094188960
38642272615
41933190819
41951741291
39645570125
41120512163
41473046339
40732638074
41426984608
41301726719
39687252570
39141125257
27202592096
41674274844
41762753236
41392966152
27081761916
41922835152
27083507671
41773270787
41321585365
39056044843
41928726201
41022486952
41639742739
31298927021
41527050889
41691238643
41682106062
41759299219
41613558927
41463618729
40949202277
37958037145
41141630503
26871336387
37758260003
40839105579
41627332979
40669178765
41318638394
41525585839
41102000853
41141892241
41989094617
27218248769
41458764530
41865970293
41766151535
27356087140
41550588198
38568190207
41690246477
41057195492
40937664849
26605959000
41690929888
26962566697
41307580894
37693874871
39118760261
27277080173
41824392526
41439240622
38410486562
39862462727
41618856289
41430184103
40975172953
41449508377
41702525566
41091767712
26819045505
27333412154
41063761643
41942392810
26933999318
27396416776
27205973125
40288224750
37942757648
41182367146
41550931982
39445590930
41931566563
26775704148
37880842799
27325321091
39668592321
41418813384
41132720840
41851390954
41363245347
30241529577
37976767821
41933174721
26989159720
42033519610
41226213741
41793800379
41144665339
35629272124
27428256293
27010039780
41313641496
41545967758
27107130666
26849786583
41526894132
38598671433
41366859813
41043420270
41043348379
26903648770
41526888760
26569936245
26674161630
41472774398
41713418559
41639637646
41775707873
41371367701
38234778303
26877355017
40621591617
41458686891
41720300382
41389935679
41526944116
26804272312
41682353918
41755188997
39359434482
41619518735
42032390157
27084953912
41487530320
26932171859
42064392146
41943402047
26953256132
41014628234
26456136861
27319840315
26908711102
37689437788
41447835797
41167991362
41320804425
40885008835
41591133418
26985010232
39725049768
41079907279
38222551194
41176361542
41212632487
27886565188
38346968737
40312662049
41299783846
27361644332
42057172511
41477719712
40072186505
41130570996
37491573051
40016734793
27083966735
41988610559
41390036149
40672802797
26777899484
38132465891
41302427364
41793437378
27207549263
38513133586
41661842194
41150506546
26964916570
38748154465
41307938296
36129764773
27192512729
41670509349
27217306894
41490035052
38817812058
26755174909
42191583512
41559619766
27181720813
41484088544
34768161001
41258686401
26598655319
41342074057
41039034634
41017993305
26188382329
38395682590
38511783582
41476248848
26905589130
37135584150
41599122455
41604248300
41849918406
26296172042
27099644753
37823764883
27249439551
42178845420
37868030201
41672435128
41235523608
26635651710
41357394097
41704068266
41656267819
41142341713
41343172642
39453113286
27794004788
41306889128
26621293001
39319616856
40975424267
41713685257
41471344576
40619043448
41757950079
41836481848
41179171560
41901980400
41719119938
27405864448
41217381664
41528538776
41337762422
38530558522
41300663993
36405693382
41765674209
41778514136
42093604419
39114779840
38998885062
41560689770
40851276696
27102026934
41767857944
26964412039
39575674585
36404753014
39326128661
41505778909
41396559799
41768280187
26462118016
40772621951
41524475344
41922757498
41322222578
41090887169
41541907533
26703937910
40854905884
37777404572
42158558716
40643064446
41034961987
26962660350
26988703242
41133082608
27082507596
41706118523
40076269481
39455545926
41342300913
41204713036
26964499802
41485546206
26668444098
27250247596
41151646976
41113042134
39155500008
39828774209
41528714654
41588288573
41151762116
26909493076
41566039881
41541034251
37912241145
41769913346
41255956641
35456855808
41645975817
27095136665
39890242541
40558107750
41406277981
40617810961
41226130528
41616384003
41316700594
41242914731
26828187932
41571564096
41309748774
41506010101
41516003893
41779059527
37706775598
41691383770
41342661715
38157951199
41594851632
26951468286
37785343802
41391389801
27503990540
38551494966
41656637779
41558446148
41389671210
41400162055
41786540058
41505438828
41857753216
41259589154
26785848761
27012936706
42020052291
41870175009
26976510778
41209635329
41308795642
41917836484
40851504045
37795601188
41428304715
41325678375
41306555659
39112376556
38950236149
27418358864
26633416900
26987911157
41692522890
27445774748
42186316956
41489710057
41729343677
29823982178
41030956291
26805138539
39236855428
37976337882
40641547283
42250447230
41054426974
38401732677
41115198385
26771043509
40986364538
39532555040
27053155328
41949192283
41176796980
41371796867
39440388427
41674645302
37720465226
40545794131
41746396484
27215438492
35728805535
27258256695
27267994084
41441161745
38163046157
27080611834
40879764268
41464378114
41108643924
41702571660
26876952620
39116865126
27517321616
40556816056
27023506674
41487215764
27299442856
41650832929
41922782698
27022227456
41031724543
27022323227
39151442292
41571525343
40774340459
41528187556
39678810777
27434501751
41847361147
41188050991
41764734760
41948611962
38971125166
41397157527
27044497428
41001648620
41650381076
41698146822
26477580324
41394663571
41657916427
41312162527
26796609755
41201428779
41169489314
41415275233
41479124723
39085820238
38955272636
37646645999
41039378764
41603472070
27147031962
41133600668
41507900831
41951441218
41480150726
41291232609
40772045415
41506403589
26872101218
26743675524
26844788490
39024480272
39118382337
26987993732
26103734064
37741710664
27249959219
41766797496
41123475865
27011976146
27362453888
41688667309
41144173152
36367914512
39092801323
27362154716
41250312827
41849321166
41571778727
41114069226
41986297807
41201065844
41781801870
26731666691
40726165397
41234799238
41400190195
41474099065
41639585182
27009831753
41299618570
42349285736
26868724676
41573484407
40477946444
41754963842
27302591062
38515580281
41449027125
26841919360
41325980846
41806109943
41463823333
38678083737
41122052647
40635931019
27172851030
41303566841
41246467345
41858917823
27380608053
41577716847
37861028246
40629714532
41912209070
41094099356
41701936292
41388895762
41643254538
41546801380
41708575742
38229454313
27159792640
41329150096
39295453861
27101600283
41018938529
39198138103
41908495349
38351143833
41709095342
27497042890
26458423170
41541867644
41573129968
41546354325
41389311063
41612962686
41093162807
27178032441
41163971347
35104491726
39072236867
41382833982
38390197557
41095337176
41043537409
27748830717
41115974488
37597761141
39333360607
41038502478
41559685644
27311706606
37976563452
42101042428
41714788871
26984658808
40659082505
38975514828
41245669544
41087769551
41598278790
41063835881
41406265551
40790167207
26784745069
27113263206
27308094276
41826099810
41793722073
41525541494
41144276401
41116277821
40995133460
41366708399
38344766719
41369439669
26972674931
41323337303
41900727252
41339568268
41139430934
41364271656
41761957209
41463379668
26976614919
36880060391
41770281264
26618221284
39091986451
41181094168
27185279386
41761771792
41468164433
39233070946
41970911454
41349563386
41302340092
26626469662
41437496903
41446923276
41587833019
41369142998
38047329688
38512192650
41434353598
41484899945
27421730772
41108245918
41335808347
26747041257
26588759135
39667341154
41794210573
41132556653
37940231432
41428256294
26962525886
26949394440
41883149265
41651220760
41729285937
41765975750
41358389327
41924302416
41058594129
35653537147
40043655173
41489698218
37953035835
41118776287
26830599240
41627116527
41143594626
26922637834
38142801606
41365386362
31002493549
35729168550
41771846384
41630672562
27286269081
41456972223
41355015310
41396332753
41362020628
41651126392
26718533425
41820245804
26953176561
26949536950
41612464545
38078481858
41453907817
41357485838
41436707712
41095939445
41725835760
40894602736
26810851200
39401107000
41511826466
35669307526
27466443934
27168210757
41668774196
41141820967
41909769751
26781469021
41430836992
37942621570
41520004681
41012235969
38217589822
27099804018
41541864732
37976409434
41363511106
41116076222
26644577022
40979717003
40287049094
41681385578
41512863960
27641792580
41680281162
26953303281
41248902279
41212065109
41647407190
41787726943
41920973005
41793733362
27216733529
41610215427
39063857394
38092963771
26782097479
41419426563
27160932400
26903986041
41721824897
41463339915
41328866663
40726319969
41947502628
27100352116
41203748887
38225467980
38244773836
38094308017
38159907798
41483859232
41017220509
41946894368
41489882634
41322936452
27079700959
41347640248
26819117203
41793830657
41919135232
27010013104
40987924982
41133231005
41999320953
41389419271
41702931112
41489980721
41314058604
41542868552
41135382247
42174105397
41419462591
41146686546
40848514418
27021703868
41509191053
41311047163
42176951762
41793957041
26965534971
41488207381
41972012689
27319720756
41451557203
41987584184
41768628834
41063171813
39899737937
37556696156
41795590689
41178922732
26965522206
41571536197
41487029635
41168379736
41683616174
27384198703
41559314384
38900494932
41664520907
36510498673
39249131528
42082631141
41077759386
41656565068
39142960237
26638568976
40840961130
26857856508
41017989830
41651964582
41371859624
37775849113
41824676572
41671678866
41824736416
27187570188
38465356069
41536794131
26976394058
41087065500
27327582306
39648275592
41573721424
42240032999
39097822836
27229239200
41566607605
41847751634
41605296591
41760707446
41366297911
41419457895
26875692805
41211481292
42065991256
41650037108
41507276872
26696374736
38109241404
40843786693
41406256779
37694547280
39053180514
41188011212
41622985578
41547064838
39220369546
41725626538
27249595951
41862000261
27160433671
26159592551
38232010605
41553652005
39571079938
41455995069
40648664407
41202709143
27081079261
41756545728
40310431942
38524756314
26706768638
27009121393
41088547160
39447344123
41858317404
41596575550
39272779193
38763374801
27249013415
41787974484
27136205576
41515554313
40778940506
38804371802
27095882204
39709536018
41576390096
39162429558
41509333232
41611812592
26818742387
28586398076
42004282907
39558932772
41369649109
41371084197
41826556214
39457590602
27537517047
26987844638
40397230757
41134032452
26964286799
37528848064
41450284155
41657689880
41345243766
41516168798
26970341605
39112190593
41655449218
41728508083
41384267811
26996840757
41919782401
27298028430
42056136097
41407772738
41123662980
41670981647
41932739632
41693739722
41964307071
26976566650
38714996726
27301386141
41851832451
42270617291
41648322144
27336224380
27086172058
41526908084
41283655257
41181815066
39598300601
41121346586
39236346307
26953380577
41049886200
27230004584
41195500020
41184583222
41684199519
41543506127
41824753914
41475435246
41014003795
41192824770
38763134146
41524711423
38554955610
36368979363
41219214504
41294176720
38356978323
27507554967
39135576329
41297511064
26779477236
41472484205
27303106581
41793753356
38245463280
41760912444
26999672779
41311538540
41157423371
27077420035
35244381568
39355851622
41434090286
39547804728
26724639545
41770994126
42203463406
41371755034
39517759756
41159892173
41751434355
41449085107
26951929535
40754176838
40819861865
41349139936
26925236697
41142786308
41689090778
27228449521
41574574457
41476752030
38947404247
27004772941
41347717779
40906136067
41201007934
41945262414
41143886374
41455305226
26962601823
32706993387
41886833101
40919373821
41789476408
41913845870
26052022100
41482604940
41165779271
33456868890
41488951365
40637765330
42052668808
39431416477
39906443486
41099512998
41575477537
41594643483
40847854249
41496195527
41722303510
40780285234
41298532788
40795116421
41006019301
27321075684
41183598397
41848242988
27264001259
41307715213
26772116324
40937506882
39041968927
41275472528
41054657378
41775004589
39509923677
38397796244
41626660437
41231796629
38366657320
26953040262
41528663133
27110809697
41298896785
41623327955
38164413486
40862450917
41824803127
41204372795
41330478555
41526194067
41855879768
41614647996
39359960470
37941655680
41133358738
38081724925
41576800997
38624894062
26904159643
41309627821
41229567604
38821656965
39827809385
36902099999
26998425276
41551064338
39236047959
41573219779
41623590494
41864124946
26784289444
26924562922
38912252038
41360489671
39059223832
41467011731
39146895371
42018228358
26987927121
27172407578
41611470274
41180579700
31487943572
38824970374
31500117560
39748387400
38391849521
41525224117
41369986144
41527830980
39644516040
41891465934
26987714029
27088602888
41452284767
41211348133
41597663936
41575267871
40820079208
41897219938
41210808500
42035255024
41328135771
26662707733
41346553632
41223246136
42337312098
41807962439
41765758552
41383106626
41883695184
41588704907
26169904048
41406614687
42019567596
27132530625
37771763747
41321554129
41533798645
41951593403
41116051301
27172168769
39455385975
41574886659
33964211237
41805996744
41357389062
41406663049
39395437529
41222473860
41111710935
41785172441
39115389217
41063930469
27080796848
41516210416
41072511045
26946400480
41619728293
40742309385
41063397948
38428443875
40576172758
37944235548
38393841655
40673280046
41793334410
41592558155
42031148667
27022207449
41685721582
31080976735
41610946042
41108130961
39415417384
41672853790
41754630349
41342052914
41363142220
27093594339
41922804746
41114905476
41307405162
41431587699
27047179607
38105123563
41682511783
41408742438
26579673690
41685512221
26691453012
27026502332
41465985323
39234169649
26727464626
41899568434
40845927926
41612115276
39565557881
27186212739
41095239268
41465308638
41982132581
40767472277
27333834251
41633772513
41095105697
39632872054
40647679593
27327328324
26516385288
40728238211
41530509630
42187316438
41741783058
38494329530
40942667210
26799195739
41449189510
41035773403
39060374341
37719235286
41849451543
41302554399
38237341322
41122106195
38380533901
40903211414
37719135649
27081383186
41686731618
26923388599
42162215723
41696599860
41388585897
26875603051
41538731334
27515512852
26903439254
41015119189
41714300660
34421754840
36387471409
38500303595
27230503176
41654060694
41884133776
27689672640
41075486940
41240872952
41535455102
40311226619
41380991658
41618443848
41711382480
27042043728
38537275945
41079485467
41101378776
33440709338
27268587087
41486813618
41457553751
26278262512
41309476019
41527802037
41691995276
26948042321
41658346671
38091477732
27007568833
41935469698
37942802379
39194331464
41777240812
27194895203
27559988109
26950775314
41397639342
40732571180
26877877731
41419470462
41494496859
41890747185
41796364270
42159190419
27266399430
41188350177
41115262574
41411779353
41654890336
41861502390
41447017436
39360457720
38029483218
41573906568
33212894233
26907476417
41585082355
40868857536
41216650517
40998738329
41550314897
39735637978
41165034840
41630553571
41779550325
42161293246
41163216581
26934685391
41933142997
41436875494
38098374283
42009937587
39284427174
41695981805
26919460268
41583279046
41591353899
41419874266
41347681092
26745691209
41617317663
39164297616
39417414185
41967482894
41824429970
38366374839
27366420511
41424676477
41201070025
41573643517
41649563643
41628052214
26753198477
38526451527
42174666679
41139914730
41018013327
39307841610
30629593885
41193418035
26960638180
27094694587
40952293912
42298072196
41496577858
42139770009
27026667599
42034576422
27179789109
41756676930
41310365960
41479406564
41236711101
41456370973
41406420464
27247943029
27248881517
40288620991
27160226783
41616518420
40028569521
38929461169
41196817077
41887004381
31038960238
26898092233
26823041541
41571919117
41237689851
40677968916
41096516288
26950080890
39561230708
41722211005
39355368039
41127570930
41329853025
26969094276
27304562534
41889160433
26780433371
42069992551
39314727818
41214758440
30391609387
41201234024
39358778237
27519420687
38242613084
41527016317
41293732742
41824250067
26686781586
41234352372
41285407635
39455156343
41539445609
26985777067
42000558462
26962667643
41631845676
28925651515
41619860717
41559129759
41170717922
41374800537
40897787717
41527033547
26915036554
41307914372
41453964599
41096319146
26829029667
39083160797
41117240396
41143356078
27048378430
27102507571
27080677926
41379651063
27467457737
42154981415
40904595366
41792401126
41301824996
41720167730
41327310564
27288771715
41466012244
38345235068
41915437439
26990670208
41740673695
26137419818
27177261149
26965023162
27281869516
41213022525
26821519058
41797312098
41019423637
39147679320
27264318135
39825761603
41457541915
40799625646
41880208893
26991291968
27012796463
26767770651
41527819995
41187380186
37976261693
41685542486
32443438338
40971581755
41566399376
41933475324
26908935021
41293816093
36638124978
41566452913
32043922321
41218308596
27136854120
41160666329
26878552674
41368368321
41533220142
41720063237
41658206402
26826295087
27022216401
27081262352
41449813578
41293444475
37821610154
41437873256
39110195276
41988464040
26558726844
42054202880
26624117922
26676904613
39360952605
41627495990
39369034613
41132519202
27438536397
37386441799
26724260748
42352022427
41528549500
27052369178
26989778531
27101790704
26907978191
27205247496
32824866269
26785069318
40471287806
41038886333
38398167173
40975198235
41657849841
39093457472
27107397549
27005940233
27302035908
41787822077
41073787898
41658310643
26844590884
27319590118
41154750583
26712878212
37803988468
26599396462
40850765020
27025601919
41177872826
41956756869
41598559323
41784906063
39031612013
26641066388
26933326003
42238378802
26802394309
41466064795
41760664525
40237436634
27298525093
41057077837
38946743994
40845541059
36462402815
41631279418
35006507932
41456577050
27174095656
41305624015
26898372100
41368764156
41472734259
26881330176
39369859661
41796181934
42028730686
41572852060
27300436418
26697371771
27112002006
41235355850
37133375943
41372518084
41567267904
27611369247
41134597678
41760446612
41661277921
27171688086
27274462791
39523619225
26646491066
41527312532
27200019102
41500566675
41115915673
41703639238
42167328512
41622777522
40915626874
41926812516
41133991364
26952785448
41946225296
26921594348
38976311181
41302012223
38025714988
41310122151
26953340193
41432783152
38729943249
41118604658
41406765932
38935358464
38340960677
39509084108
41653841990
38717243447
41182194045
26749294113
27173081716
41387450793
41356216436
34312119640
41528409931
26961928514
26990386637
42050885910
27363520592
40990260033
39391759362
41650896514
41235844595
41893582044
41305888372
41454578845
41606226729
41632998824
41299501753
41002927133
40789672415
40976768440
38955151454
41639042701
38341979278
26966501317
41616668586
41555079309
27298031957
41368489503
41925538327
41235666206
26877668522
41470108347
38116656772
40820325406
39345998427
36222990547
41290335189
27105609341
41170436193
41185420960
41344919663
34615388213
27162343910
41933571003
41634699344
27101106986
41046519100
41731713817
41304617268
40961014976
39647594383
41944263058
41473483881
41689179406
41685569186
41466133397
40165968218
41761365885
40999587813
26764470397
41528435263
38949597882
41416697613
41419462020
41723415579
41323877165
27303519538
41666788770
38751119430
26727112368
41097152982
27184506368
38512393301
41301754635
41929103508
39412992668
26871451301
41143210765
37659170941
26847724140
41555218560
26549846515
41525356561
41507380016
26926032092
40672896563
41803983412
41500802572
41507109845
41750090311
26823898325
39247737800
26742754979
40773220829
40425444554
41061834355
35733445546
41367996070
40562174350
41685549886
38657159237
26875259345
41750953808
26871376769
38851682549
41708564290
40367440251
26726128095
26785102967
41902217803
41911822442
41370356855
26745422718
41347661182
26964344119
39101525464
41388195486
41883816568
38377393353
41018611113
40733377925
41136776027
27200813516
41414997638
41527864293
41172895278
41573524330
41679340827
26944616331
40957377623
41201092313
41498427812
27021893267
41246271844
41981003087
41902522222
27065050122
27243471488
41179065342
41388956953
26570963250
41449424625
26924447703
27416415844
41374237949
41832728992
26759790484
41852907575
41861964124
38244947944
41298207373
40060611894
27049904574
41470521729
42118954567
38612569393
38312220524
27093047068
41429945721
38340210729
26819666580
41419591241
27417011084
40648322356
41660406810
41639639918
41165553492
27011211414
41541778330
41762459416
27083804648
38947241431
26257360833
41259511488
40838767079
39690851306
42355366464
37707461529
27083538921
26636689519
41042433780
41947346641
34609337423
27108492449
27029463565
39237476394
27818125172
32192634337
41431890709
26926628701
41357544173
41761263306
33659651647
40826477223
26771895372
38794307180
41894239351
41041750825
41516036473
41883370897
41511541733
41651275320
41118063179
41571506481
34900569976
27196412846
42201302813
27070024978
41428233117
41705551558
41400310734
26305005216
38392391972
26829577426
41512333531
41682679417
41525123992
27198910384
41639610081
41089627779
41607631997
41547361142
27436439742
42152777184
41689585426
41328904855
41904724733
41329523722
26965469366
40818046346
41848971479
27173181167
26567916333
42006674845
26634520728
41716049537
41895061346
39117965796
41465941101
41396416838
41166416430
26788436511
41858176293
26772842083
37850931115
27047364053
41463886707
41360122060
41555319587
41295496405
42050144230
41477493411
27026729521
41847368715
36425986878
41428326647
41528461672
32744131483
40976473317
40342987965
41002679701
41514785880
38661262475
41786414263
35728883632
41340518389
41512640661
41496966261
27046459391
27190087903
26918794571
41576544726
41463756331
39668056714
38358435665
39120030298
39151030891
41373813144
41400077615
26966721371
38519683575
41326170266
40737389650
40458860317
38337542449
26908806418
41251645303
40950967079
26280014159
26657554755
41911387549
41667282660
26836603746
39448317038
38385885467
27216263015
39164333423
41695673733
40813858547
38901584596
38752437008
41537187000
41124155386
40169014932
40748261929
41215521428
38491261819
26779104810
41297727378
41700171856
41437739712
41382069100
39741768872
40825678605
26736179182
26803661397
41639799412
27433432094
41433771713
41279493721
41408138566
39570040331
29500509850
41756187352
27195597812
41457527993
41847349596
27106806736
33836391872
41933823980
41400333134
41093432209
40290982521
26802514935
38399256281
41076973878
41862266040
39133008549
40085995499
41933178948
27080554347
42029733196
41347023831
41007919879
41647060140
41642776924
41666306367
30841542613
41286454440
26929494458
41652144197
41246043695
26957827281
41457512979
41349672571
41224295915
41824480076
41650808774
41749109317
41348308367
26309881773
37784824941
41094610171
39164200674
41299059714
41633151773
26894876004
39091565358
39663688197
41110928527
40796781399
41220559909
41399607074
41146286054
41103827394
40453932812
41451300148
41499547883
41572160295
41289927291
27298032965
41075524568
26744155737
26925416717
41566317100
38360123925
41360823390
41432407944
41296379466
41221623927
41778683554
41951483993
40914931264
41912390983
26641157230
41696972517
41178139077
27346362236
40789098677
27213454315
39581679880
41296754658
39264140560
39253906319
41231372596
27094880857
41770181081
41358926212
41076007041
27140678136
41639436510
41357839348
39152536982
32598107057
41810315901
40384524924
39829170488
40648911039
41708822671
41201102094
41705936417
41574062440
41656324468
41926525909
42357409429
41306722988
41383339216
41543647504
41235304370
41897906112
41654758674
41420524709
41290235303
26866077187
41136379465
41308148042
41403953281
41515321923
38908233134
37744602922
38957246788
41007570704
41559430712
41788091037
41055027857
41206798067
27082361667
41699870171
32538636370
41001431074
41301038421
37944555695
41687752570
40978354118
41952320507
26623785626
41420075436
27016204763
41586190206
41291879097
27234434658
41413160655
41754791509
41506337551
30012347073
41469676509
41849121713
41701531499
26831258969
38523120451
41006880915
41600139149
39381412034
26738148682
26968642861
38080447118
41521724404
27094012262
40732766736
27530206506
26952916601
36199441329
39693229513
41735934813
26729685588
40957176814
41609652006
41527424199
41770067628
42037110760
38833330638
41022244147
38044242124
39066850313
41431473632
41641743100
35597178121
41112476586
41327954988
41559911107
41650136234
41506401363
38148007168
41933150900
41096280312
39329193923
41328127440
40874154725
40814275550
40427007575
27148583489
41347557537
41803542041
41301875651
26626139020
40965757124
41329090900
41649901734
38191032017
42158181938
41795805586
41320889080
41901554445
41708667880
41885883702
40296394525
38293765060
41988799610
39117497293
27023093921
41895566895
41400445366
26952383006
26845930345
41356042734
26990029270
40319827814
41301784970
26701776019
41621397342
40977459407
29622285136
27193231139
41884934795
41290737725
38510564652
41024248110
38252593171
41790857780
41043319437
41615481238
41535793551
41385548939
41988057723
39657411755
39945342433
40297744240
27341864252
41649484470
41321176822
39739116723
41100753108
26654366204
41407153919
41748549214
32917233202
32632521537
41728938312
27022230539
37250044204
41132787966
41323684533
41907273309
38115414767
41527503584
27024520584
41236354287
41422479230
27303374757
40825128400
38903655327
27019153217
41293598705
41307793538
27166003208
41449569075
37824149469
38530870079
37471557335
41411915358
41457535806
41646472330
41317531755
41649330310
41017604671
41295149050
41783690758
31933648581
27219022267
36293626865
26730330517
41650282883
41615849780
41504312556
41525622225
40840468745
41394893653
41949560809
41529635022
41506640464
41142452779
27247352199
26458785441
41287305595
38309586853
41150851542
41473055677
41628804548
41321671784
37638732325
41457488698
41161979479
38245581077
27116237890
41368839935
41096581760
41075542505
35729748868
41920682525
27328797242
27201573305
41115942691
37820329232
41599670906
41649646258
41652617549
26886579933
41596950295
40726970075
41322673995
27015703815
38534126205
41559801780
41671828306
27393521960
41362260516
40904131093
41903402365
41132661306
41135739156
41113836893
41188209791
27509784861
39696677343
26683726886
41773743967
41317319180
41774949564
40886553481
40788832456
40912133461
41785358643
26897566175
40678701306
32266293510
41203242134
41827500510
26757568632
27249199317
41721045985
39083888387
26645852847
41299534431
41393330892
41714931487
40569409620
41448911464
40843586760
34475158586
27550351131
26794764711
39567181888
33579735476
38179229170
34627077763
31695654342
41372982834
41207289823
41450151272
41839283391
37855491665
41556763169
41516928709
26920084082
40650075828
41302069437
41390502868
41621268509
41004002148
41323028657
41626151521
41547469073
41571602603
41083564780
41708451286
27193487095
41669537144
40781456711
37942976052
41400226420
26953859770
41307834202
39357101657
40557514375
27306558147
38068475589
41714120028
39424999328
38030759753
38107913424
26831118558
41118704068
41422824351
41872152890
41400355847
31415662675
41324282516
42089496689
40307069288
40772774535
38297852935
38948552861
39235974114
41728692008
41177452731
41307671498
41586201970
41664228192
39666043048
27108929303
41619099421
27212053044
40829506072
41788156312
41406254804
26921441775
40904049406
41467391043
41143414172
39340456079
40841997289
37754755319
41564366684
37709906126
41151992161
41922801260
41639422607
41922255706
26748367001
26967144359
26701847765
41503258911
41747502462
41731279894
40091001392
37736862096
39157627149
41121994594
39289507766
41619746322
41478099281
37940456250
26739629152
39120604426
39455240334
26870230095
41152807357
26958753321
40772447047
41639164750
39638497607
39672188550
41201002912
40937730794
40732523882
41848014457
41661140408
27021522218
26965365593
41017900347
42042546207
41675649887
41331775178
27399180950
38758212925
41362196157
27317410957
26962784642
41448705043
40672782568
41898032249
41548608815
41706258038
41506397480
40625686171
41155568812
32472780549
37776807634
26921963776
40937592001
38038025644
38739601307
38958602373
41793295750
41534215325
38102701776
26682575168
41201978344
40732901030
38091903811
41653372304
39161087741
41571505089
41470709702
41646703737
41649007012
41340326476
41448125619
41025133837
41667833529
41054720629
39997140724
27203489714
41571511800
41228346037
41289762829
27005677635
39073505657
26693688325
41536019790
27200912076
39677440549
41760516949
41213583168
26852119018
38391873947
27424715370
41037699262
42091824437
41933396094
41387632454
41658333920
40774929187
26317440612
41388827560
42102353674
39444139594
41287555668
37011017200
27186687421
26967921091
40728978158
39353719788
39551315299
39075558509
41534959051
27037681474
41123297931
41572654454
41149195056
27035546349
40841797110
41571304557
41387855216
41447032521
41094532079
41933137693
41598861854
41847362798
27283552526
27097544484
41621117593
38041632591
41119535704
41400506182
26126508938
41225681721
39165743497
40800170007
41372046538
42159103153
39106660255
27222761504
41429827518
26831798341
27152747435
26999467287
27351355969
41933658460
26907049204
39149094346
40813027790
36362621122
26807577721
27353882396
26856492784
41819723543
26061557527
41017799301
38214118335
27094353716
26736770551
39028117488
38322289795
26925117214
26568516488
38245111467
41201120545
41063014105
41425054030
41400346877
37937767582
26988062431
26746213221
26639437770
41356683864
41300030872
41100239081
32702611754
39464381875
39114184149
40783510009
32803726798
27218280455
27046626275
38024941277
41375003138
41789281073
41376302153
39278311029
26645363939
38648275216
41159032000
39144588741
27433856652
39966980499
41419432544
41793911661
41766491640
41011751267
31157012776
42018502448
41475564458
41083947552
41885397277
41857555305
41106268042
41180095458
41406397570
41038863526
37806372424
26997601778
27305623471
41095796799
41305963922
27362835778
27002565616
27249616377
31181453857
41687110081
41434586053
41087790725
38129627333
37786952994
41003482966
39284887939
38953083578
41302585573
41316906138
41012814695
41640238451
40957009499
27102095548
41598960376
27065369760
41427055578
41142162899
41914322364
26701011562
37044619684
26987825749
37718311276
41612337263
41180825914
37776429037
41124478551
41842405821
41620723368
27143660378
41017155213
38342658692
37941943059
36567206635
27102581603
42093122982
26797385225
41047987201
40951230721
41922776015
41284774692
41124517242
41712433790
42163298525
27128397562
27083163800
41297210157
41836864085
27109980717
39058304705
41225833492
26960968675
26111569891
36217986541
38243288948
38836238275
26922952542
41766208076
41947461317
41308914550
41858491013
41802083103
26973575660
41859150532
41598560582
26386625502
41823757428
27099400940
41234465656
27187680924
26722042216
40083346778
41189633518
41308626048
41754686796
41328987584
39571331071
39186480386
26987084235
27125259973
41337628872
38243385357
41075450702
41525482023
41372337146
38365096932
41201034725
27422876415
27159232911
41105791689
42229975419
38343943384
27005030657
27109071835
41356318087
41378527903
27473072940
41307428049
41133175409
27047765235
41628807456
41378049698
27248574443
41178891975
41806528090
38245880838
41906741408
41649256438
39121127546
41703791215
41691343058
26583495616
27023737052
29833975345
41776844463
39430664115
41419401592
41342269873
41283728305
27621393290
41609274836
27001924320
27044704447
35701847043
41658239484
27217959883
42154524064
37832866647
41541796344
42362285547
38441718886
40860791454
41559640507
40773468367
41503914776
41400271505
41001255779
38341843300
42160708967
41623407355
41054574134
41433382089
31029200319
41178899614
26854425645
27198717181
27373486524
41023462714
41657044560
27200596992
26790511166
41524883932
41863852427
41419677060
27591566629
41565883958
26725361141
41178959284
41342160122
40841179074
41573806406
41449464495
27021360589
27080740920
41331210240
27026787695
26971321283
39469287470
42183599228
27338515241
27091768203
38320463849
27100805017
26990193019
28958926226
27463999207
41181134928
40843319195
41762037127
26963315265
27012405668
41923605357
26952614634
41238678593
41834823446
39578897387
41039098574
41707593928
41721493998
27038864548
41116892920
41715327992
41637515274
40698170821
41944934919
40845321743
41334084817
41362148703
39426296366
41809362534
39143959328
38533509317
41534886184
41384969557
41825743601
27049032436
41180468096
26728584968
41438789514
41572602291
26912669933
26222152932
41837079407
41503335490
41609753625
27215769537
41783771646
41576970754
27186934736
41573293026
41849570049
26995499961
41131659853
41436779925
41631658226
27429575838
41428424207
41758166925
41364132129
37519404434
41501417940
40741379468
41347918673
41567125431
41908115346
41212143555
41793680590
26988516865
27026428509
41541999591
41039057707
41769473120
41602765136
27304657258
41464674954
42156297470
27450550064
40319451737
41221234386
27192666316
26830868142
39233951625
41792573564
41364822579
41431342603
41472943089
41612209978
39242250017
27511986475
42055102411
27220582122
27048605498
40757786799
41395263661
27102124385
41547755410
41386661068
41437100196
41314461279
27035268106
27154716721
40314702274
41315244628
26779241493
26812596859
40998855889
27027610561
41640539181
38579406612
41134312548
41423839296
27319638057
41709071278
41002814532
38318883793
37613601775
27222328627
41651054413
38984969551
41528752654
27381558936
42030539832
41817666063
26460370065
41640030502
37950761846
26991160427
26649950349
41337730474
41472599821
41617869555
39974435612
26985438161
40403190415
41787129150
38636960981
41342060940
41618659507
41477826644
41765424805
41232861500
41217478559
26962535550
41558287922
41288209160
41854025030
26096205584
41119700169
27080516211
27010126868
41309013833
41324135565
37568646639
41235819559
41220954128
41516100112
41160104007
35729082261
26971065182
26987984665
42061585484
39657911021
27024985997
41480413020
41507440732
41281046062
26635092710
41225527916
41347260980
26964636224
27101873944
41507676067
41528580683
41054229864
41096028278
41527187046
26637617285
27329543996
40812881864
26965491739
38128844420
41094387119
41793705774
37940823163
41685765749
26848078844
41794405792
40808123545
41316339970
27129800073
41780346676
42102855580
27100842061
40295947908
41287266765
26456812748
41164234698
27102220671
26818883038
40572569844
39070455325
27006914750
41176560391
40937637283
41770340752
35928609854
41626424882
41632602177
41063184544
37943293466
27232098985
38956311802
41534717578
41770606991
41301802540
41537311727
27300663396
41896954082
38904631373
26457190498
41651077290
40977557240
27114065866
40158805916
26988164549
27416340478
41658087213
41478690603
27109531006
26973193615
41395991651
41087870127
40897080424
41648864578
40436341304
39074548246
40772666258
26863574589
41441460485
27198279590
28089203124
41326352957
41056634689
41347626747
41345956359
38884721759
41328295991
41901739077
41437443188
41383830510
27179366660
41996888452
41422325766
38896485565
41584953443
41706381842
40991625817
41400386540
41658353696
26779297526
38514890545
41403867666
41174844837
27172954755
41078723283
38609112089
41299172439
27322500477
41315627257
26922468010
41216527239
39525322315
41537560298
41214910438
41470957938
38241478244
27440019951
41399268279
41530340154
41419795977
41061345216
35287483761
38151344887
42206690661
38917379685
41327794916
40839591091
41394088257
41661397524
37661831211
26657240274
39236198938
42075432930
39675040642
41611897532
41160353838
26900474025
42090819001
26979441009
41845098658
26871825745
36572651968
41167606317
41154235361
26871348861
39068599812
27022213136
41466848458
27341469597
41429622886
27416295200
26780378767
38133741083
41371577838
27173229282
26741782301
41825476373
41749674894
41078741195
27197245626
42137739615
38110392226
27107196194
26916708430
26962585831
41506395965
41433791382
27320093039
41893480531
42116077248
41554992453
26988092788
26975918706
41110276040
41804576943
41075475492
40418630586
26965595872
39827022357
26627917566
41788267571
38948296818
38336407230
42175735694
27006157865
26314007076
41245454536
41933186214
26838848607
26962824875
27418351574
41786692528
27571117352
41673389959
39152061988
41430645887
41129539789
26819581507
41112032986
41467060531
41209345895
38833126247
38965466394
26951002228
40739238017
41400275941
38910849802
41230294120
41684645621
41004281763
26963003837
41787836375
40977327273
41718676533
41644089693
41205329528
27026450356
41179272904
38719430682
27192596463
41431118289
27423651196
37780005368
26736558877
41774178905
41300138649
42232287549
41762386814
40081499078
41002435973
41526932231
42131030109
40975366723
41864830776
41017864190
41824559316
41587226696
41003818118
36423275054
39659690101
38044372199
41178794310
41302613838
27436973129
41296584229
39584465114
41332798382
27191971297
41187003818
37727894203
39555710824
41882193682
41619753633
39664859741
27361489214
41112253173
41290597430
41780808000
40731761858
42161922777
38355284177
41485339751
40072595451
26801045219
41880797913
41309343276
26831449277
26252925474
41235582799
26953326808
26804993389
41017447738
42134723798
41506374390
26904558623
41656278902
39144985809
41569837334
39730382450
41335539238
26754779977
41663030678
26964703408
39154289112
26804288487
40958953228
41385207765
38453134779
41786153219
27013201598
26762112870
41201045494
27237798521
41426679389
38753307316
41946850079
27215044436
41167471047
41785217401
41256466808
35712352392
41336577730
39389565331
38849116823
30775313546
26623362583
41627775760
27167409026
41824307826
41316453834
27135356146
26334999472
26908454773
34632164384
39192898420
27032226577
27362804932
41210121067
41333744056
41473047188
38087400587
26779381076
26728964399
42031594496
41321418787
41248034295
41369778863
41507745597
41793476271
26965114326
39839235311
26876821831
41203615034
27391874145
41388325637
26951285025
41389869764
41429592170
41821917854
27442492328
41505104401
41778248719
41322749143
41307201109
32587252408
26974698947
37645179679
39061906454
41400410042
26569382233
41783910162
26835048592
40787287973
38843281361
41706224749
26908573039
26291718991
41748837235
39568163832
41603831429
42055426417
41514397722
40817819346
41559837373
26697923580
26974053231
41229002702
41288586410
41394250189
41121690427
41400296775
39349393685
41878373014
27399523187
36326668404
41308516559
30094316102
34606650880
37719688213
41713449677
41829373619
27102347657
41449297614
26636492209
38349696714
38075144758
39466452307
41684970243
41011241795
41171166292
41181025487
38517929208
41234714055
39228068963
41239423304
41148370325
27558428753
41144049978
26782246481
27191996962
26933606730
39130599572
39149223646
38520630640
40975559021
27196799591
41462961010
40814848051
27360693237
27446928391
41907866613
39164959230
27826097204
41389997717
26271621120
41765858639
41452700098
41298600543
36068279396
26847642093
38391990336
41573202231
27182425701
26962681443
41358013895
41050253252
27315492511
41472910105
41295805470
27260621526
41658007714
26830460217
39620188138
41216125113
39260820369
26685102909
26927223870
37939909451
41541273880
41569437132
41571746575
26231608531
38254748209
38370158006
41559879382
41389080738
31785264458
41216993907
41165628649
26953120657
40934096838
41746584867
41783219201
26845133987
41616154040
41691775656
26910764458
27194302986
38899589599
41620910625
27301021775
26882695715
26825434996
27003954704
41735384758
27782329739
41685888020
41453052498
28045253236
41373169524
27047500772
41501177121
41095529218
41357286100
26342112246
41025099911
41329049968
42100381354
26965310395
41571510992
41505746302
40289072363
41322159550
41776148855
42180615552
27181786393
38125629195
26962154779
41724758072
41153560749
39442015172
41229712890
41357497779
26820051560
41360326013
41332203511
41705217419
27111286891
41898484969
38305038822
41612055470
37960693597
41647601829
41652790104
41506404606
41657839541
41356877818
41573519978
41720907203
41242730277
39099798061
41626739280
41505846913
27362631081
35535890386
41293825489
38346100659
37780949988
41103113825
41310750035
41690740500
39236012131
37753812964
41365587891
41912986325
26404127674
41930059360
27011120016
41106853266
40729565905
39562670015
39105283256
41142919621
40800683025
41489293177
41565777238
26914321953
41377299190
41792126317
41529378990
41732548894
41651730902
41955982652
41303803465
40922116853
40874941752
41499246096
41290179683
41688276596
41134677210
41527817267
41639672446
41290507756
36348547282
40915105282
41338492837
26930003780
26922246289
27810118300
38033842706
41690039878
26939090452
41675970770
39074240644
41220352544
26700347662
42360157018
40270417737
41683838941
41299401643
26184176943
38391922993
40975895111
27298488447
40847529787
41686188884
41013226344
41528564349
40914341972
38511805662
26853121610
41429333087
26871050709
41296125778
41191663070
41176877919
41060989021
41451886458
41490844563
40821211970
41899149420
41535387326
40824142464
26770285249
40774090941
41858787624
41386153056
40790009019
27204658239
40785528176
26995326782
38525654292
41752943267
41294432664
41859739192
41176495981
38135411311
42029634923
40811403732
40975500822
26755493120
41913430635
27304060091
35804970949
40036499712
41598556815
41538086879
41308320878
40675447417
39642631811
39258432331
41258172052
41528521226
41883929009
39373821419
41571987328
41573345317
39236684381
41862348440
41252336326
26770507606
41152301648
27598645467
26970611034
41396793373
41186761060
36381795132
27350431795
26568941152
37719440578
38268229579
41552875402
41400041350
41178874253
41310130206
41181115895
41324278784
27181761540
40494496920
37907721726
41552400839
27161056970
41328215942
40820406996
41723257027
42237530120
31441921868
41293431604
41535244039
27151995318
41900099453
41600632231
41729981074
40816364504
38939617582
41753365503
41004853209
30972180155
38093742886
26935478997
40841317275
27430924002
26784889582
41905036166
40813410089
41830402200
41421343236
27004053910
39073044775
27344887842
26780003354
41284069406
41301626721
41239163126
41639862624
40761760409
41386914938
41288449428
27133533699
41934661343
26847057943
40794475177
41229219120
26955889566
41879003513
39700588674
38531672134
41407349056
27048868255
41639558480
41784308529
40813184205
41685556474
41937091634
27496324153
40284448321
27159924101
41055321828
41502996500
41779759947
27377311543
42028996681
26841342626
27107480929
37706605282
41407861230
41322480818
41563742385
38489471455
38591599813
26747110263
39233678365
38244514079
40114465878
41794054182
26874612687
41143970477
40445547150
42179097598
41546635845
41038916495
41331634522
41528374231
41595407439
26622694091
41933163805
41305283383
27182746599
38031675224
41317472280
40738075370
41940159204
27255633972
41910220735
27122733552
41201126173
41610540296
41963137352
27443603217
37868882985
41682644471
27305319373
27433010798
41623289948
41357651699
40588781653
41482959102
27082726411
41746553976
26861346089
41488014591
41720925709
41575682636
42088362090
27199503923
41611097832
38516637377
26147588603
38513080374
41302600524
26997263151
40578323729
27382343356
39113436969
41947133937
40937566158
41447593566
27293687328
38842509275
41468684812
39377606911
41299474892
41669128306
40482199535
41302702819
41051566078
33189166989
41062197059
41831803680
41902711146
38285245966
27131361433
41322547463
41500322816
41361110158
41235167145
27216322015
39086292685
41034733731
40146325772
41531796404
27010401607
41626518183
41357523263
41348086557
41246639947
39952368005
38436269208
42157711992
41299544615
41321965528
41755977126
41747424333
41201058597
41321494906
41850699951
41357748369
40846740115
