8583990093
9669929768
10900186545
6943963544
8061914607
9068090961
8220858701
7218816397
8412259744
8193742206
7564655592
7264855711
6649620712
9125009672
8542263262
9065607569
8301140207
8069393785
9634589771
9105636602
9636450198
9533418724
7403937113
6501783179
5680644415
4128880253
3010726154
11155025820
8432373323
11431246873
9562467954
8176480890
11296480008
10383285934
8694720065
10845408060
14919150792
9711281076
9259418587
10188811560
9105194133
8625678411
8399080521
10087549680
10571735825
9559693098
8820582170
6398384164
5298748045
11414403609
8683540538
12022169024
10764346151
11982100794
11108823257
10255423737
10398648940
13146642639
7498505407
8080302360
12382634120
9110104327
8118052944
11059649728
10715678529
10150107764
10233263772
14557692964
4925023135
6118843252
6751349456
10471411693
10465856476
9556402667
9966480910
7974012308
9104179546
7830748454
8207174345
12217564904
6046729352
4317756617
3915579445
4740388371
5250897830
6250864035
4955316243
4938305575
5005720107
5571393910
5529643752
5093108511
4897063143
4521468850
6020584610
6703622193
4663803973
4789028999
4877899006
5121601345
4817475268
6870338774
6061604127
5146752325
6061828437
4995998329
4894169576
5411955235
5565981081
5227578913
4150637603
4195368982
4491848994
4593531952
4407301371
4445825903
4650863522
5186822818
4278378445
3689681143
4388825085
4413329371
6585440888
7734197294
3121597586
4548833603
3778424398
4082853588
4180374923
3199253466
4463273696
4028156183
3674639722
3728816138
3677144661
5098170426
4764630284
4068070988
4317923467
4309934368
4683743651
4144205641
4038189026
3884465291
3934086059
3893116544
3696871150
6623881482
7256725656
3501722897
5985076731
4855832341
4129152229
4183585415
4255828079
4018775445
3609509118
3975426592
4131533605
3394046678
3936196731
4222073128
3838392963
5049485088
3329967250
4097357379
3820138750
3827890812
3962267170
4562264622
4093811151
4268106449
4612040637
5902414704
4010891772
11092051545
6759297171
11448581159
9872576596
11432848221
10321379890
11056232821
10915172991
9437661374
6682324129
6825032695
12829397030
7196948127
14604076736
12208227577
9640824413
9045933477
9345243703
10467371950
9388523192
5062246023
5334512435
8453667398
9129489542
11837496317
7745187756
7750596470
11713127497
9891846022
8899782526
8686173453
9612069668
5708285928
5634282910
9040063497
7742679081
9456007226
8208372645
5538943921
4829976206
4963492225
4302085450
6398352849
5240396499
4730523913
4590098000
4473345116
5979588201
4595555095
2592046890
2205627879
3198134195
2509424862
2662607201
2428119509
9218051822
8787211838
7420881953
7629852735
8134616071
9785193750
10186543471
8637853537
7632003284
7715896454
7690287161
4602495695
5086045563
4189366110
9215701593
8618642439
8780204112
9451098599
10144149840
10116466103
10205892885
9181439360
8336355966
8252844429
4991164559
4549130871
4766883284
10062463116
8494398823
10552834994
10064767637
9524153165
11481617997
10588416531
8437932611
9565748235
9895047399
8692272478
8597435738
11824695380
6116375668
10921240514
10896070652
7140178825
9659228010
8431508332
8435482145
10222314182
6306548850
7221241711
4192098239
4062205665
3643023201
3270143995
3591289982
3576083273
3746770236
3097898079
3258541341
3289027760
4158250827
4440371673
4394599110
4257246660
4001452164
3024680314
4940947654
5087527897
4935830495
3642648900
3843461809
3282494850
4079407607
2942395984
3463252984
3246214625
3140958755
2862191702
5245454148
4676764238
4971499297
4918774399
4580263117
5011291086
5996551828
5354915608
6027259846
4071482811
6511608382
4888424760
3875988911
5647972625
6048242480
5451017001
5605286992
6146962509
6085920402
5924293059
6233696834
5775104237
4050653911
6433056869
6310908915
6111942987
5565149841
6952996009
5049261815
7543267678
6061032181
5677003296
4735922570
4797618224
5616090607
6008598356
7661609121
5740497688
12335759185
11185557903
7599593690
12723622584
8447175748
11567856222
9501958720
10287445982
9561271133
5927119382
5242206737
2936758659
7954694102
6571904470
8733450960
8123385266
8570529740
6341459041
7047826088
7829704049
13252644384
7192621030
7585195056
6489765463
4660832255
3511000918
3510432155
8191875596
9593832286
11186015730
8629181684
8785935889
8074644037
10191284889
9801115288
12899006258
7915214607
3857646137
4572069100
3979969639
6785496643
7754724427
11033169512
8665609606
8193182697
7902991352
11178087792
9734065960
8291563046
11228467692
5550777465
4895981046
5003253669
5413980156
4414127380
11087370373
11668943928
9014565782
10046949774
8863719729
9989361732
9983152488
12391012348
7939395920
5837944091
8715611066
9151791577
8133942315
8828596331
9314000025
9912023934
9716394329
9394751257
7574651459
11616795788
6631674085
5602859616
2864251607
7453125277
5887395263
3454087458
4467369233
3873679243
3258141048
4637560112
3818806235
3868794990
3751781353
3546743544
4068048429
3520574682
3746916205
3722434816
4222312784
4190107900
4844970242
4488075277
4065236910
4964427207
5451549013
5793433666
4638595569
12914932830
12311667291
9097360977
9625711426
8759945537
10261838729
10656365379
8207467144
10442882488
7029393546
6259477136
9417334901
9774522687
9513151330
5671110332
4430562080
3706396701
3595532222
3904360600
2885047733
3505433954
4433515101
3521024197
3451382342
3664092346
3520526959
3828879047
4375194114
4007678382
3697963287
3824763882
3424392155
2786716993
3230305909
2968101920
9587587037
10604353118
8724148146
11736594466
9198009567
12098572724
11461237232
8682031968
6676178619
4115846914
3142790885
2637585773
2233165583
3065906623
2951860628
4675395319
5219016741
5128131527
5987195828
6863340051
6694760857
5688052050
6352439908
5358628212
5392670770
6930758520
6251603368
5326093180
4928022579
3990279722
5842152022
7268406046
6885114664
3135739094
4871789640
4441093589
5579095741
4572886249
4658228866
5010624311
5787673713
5917977547
4218509583
4809802696
5195742442
4696389586
4905549146
5378746081
5231683792
5215854259
5100529317
5092437714
7695286804
7760448891
5634578957
6237762746
4450511279
5036843291
4317922009
4782447274
6144465649
6094066114
5442040520
5514855927
5396898903
4962950012
4197089325
5701733278
5570865211
5313966402
5276906402
6293921857
6835456700
4252720403
5375014232
6158175547
4850062014
5136849567
5451295845
5447508820
6470399860
5696151729
5656741386
5738349732
4564624139
5360373719
5610098613
5178456960
5427416104
5132216747
5497713786
6134636224
7402151424
5826815875
4494189047
4434579938
5001912925
5428084587
3839486162
5035886202
4023575157
5181474591
5181853186
6733531219
5915435842
3135946984
3914457319
4423669769
4331892225
4307949016
5125904870
5417124067
7776738000
5337502155
4358460025
3917972829
4054385538
4892377668
4732435734
3815071832
4457959659
4536536186
4396723729
5250569250
3910985198
5846899524
5852168128
4464158906
4432149633
4624017418
4444826973
4991969651
4139332580
6388562309
5036686768
5337182833
3083755665
5057864233
5101028983
4479658483
3870094740
4086179388
4628870077
3898192458
4677380877
5343000246
4159011951
5378727290
4972945133
5055577630
4254692296
4005761178
5188716600
5102289758
3814913341
5525807074
4303729188
5842720578
6232166609
5824179603
6219514562
6592878311
6067954784
4727884079
5006165067
6698326321
5343148646
6158505092
4808805568
4582575703
4017917797
4771272670
5358454756
4293526596
5054679409
4755116722
3678441529
2560483264
2865450577
2809905906
2645288757
3680726320
4930723384
5102257166
5522219042
4766488996
3791832227
5134526055
4208103366
4503063412
4569998425
4458670688
6317382286
4821056493
5091934425
5266176616
5837934685
4566865726
4703337625
6688136123
6652264756
5845428753
2769121545
2383550959
2499157883
2673285251
2457431086
2775140133
2721507271
2993381646
2855751187
3292086233
2421127335
2753533529
2542629265
3133810644
2772462795
2694946929
2797271483
2775467611
2642249573
2768184998
2826962323
2971008723
3023277589
2905055246
2656468863
2670870336
2139501485
2219907062
2911461338
2819100958
2265294630
3531342872
3494919199
6937529039
7461056109
2744009029
3084406660
3595775039
2556560693
2607558238
2778272676
3710654991
5960463197
5628029254
3886610955
5173289603
5188981741
4757353112
5809993054
6678476023
5749818035
5118707622
4612974620
5361208817
5703462693
6883522309
7416031518
3199402134
5538316495
3769153452
2744097130
2280669184
2567137199
3116566077
2159707488
2203734761
2478578562
3248116050
2886495696
2095822511
3056090912
2744017766
2252807994
3339534789
3368189792
3299693140
2747427965
2032142109
2194494591
2990756972
3154683727
2845231876
2948923433
2981146429
2949537322
2687842747
2392267019
2382602781
2491088330
2997966881
2586961144
2898587492
2360052504
2780380852
2396552801
2251691117
3363654328
2361354064
2785033667
4138173052
4380109083
4810207730
4640904024
4789355320
4944071037
4056656333
4870405760
3893486529
6294554919
4818136582
4711737090
5508084407
7995862244
4547053803
5658699859
6473848495
4094681963
5519880154
2863232246
2805739413
2598050933
2162330889
2281589266
2748267603
2553976483
2615003798
2759551639
2166571117
2855008063
2571972585
2739319389
5876025113
4440893519
5731730968
4484311302
4594547775
4661005352
4270961668
4244843827
4653599408
5245910186
4345513886
4787264530
5230382220
4969020818
4894799850
2995043903
2364539335
2726870945
2555272523
2157451382
2633248892
2457337489
2531340670
2089749929
2718753500
2223476402
2877776009
2790859658
2541568463
2782138725
2666363304
2465968064
2531689478
2697414151
3036561664
2588550152
2586721672
2520978649
2708267065
2909370547
2118225384
2777116520
2776623645
2008107088
2131883721
2429842620
2694625395
2713765542
2940760777
2098526636
2819532057
2918904921
3539355270
2241275108
3252611292
2843510131
5211396949
5735818801
4169535963
5426472585
5585462650
6022409027
4478565286
4654059281
4951802001
4370909212
5196257594
5456842167
5162725490
4692492589
5187014773
5830626568
4407352429
4356182776
12003344921
4809553715
5447660011
5319175737
5528204688
5265731486
5537934610
6504517449
5572871706
4859594797
4934028163
5177831606
6801348412
3976112706
6187260006
5403545288
5718650934
5842251586
5545248709
7533165775
6023799158
4429070299
4926977675
6794676804
5060058906
4002766964
6803320814
5599690730
4133926706
5108411827
5147860291
5215928991
5921887106
4455030417
4728686957
4397138168
5187972434
4218966612
5158970516
7042857025
5368374577
3956896870
7642338706
4905806825
5803725148
4579205686
4075910100
5988284441
5180018771
4930044122
5036426684
5935772206
4931316067
5493184245
6312050632
6320033400
4491245620
4243975842
5656051847
5225672443
4513310156
3694342512
5025928484
6354295316
4518317335
3807881713
3035760566
2703996018
2601992897
3200213851
3259312212
2700260142
3131139874
2770739745
2839090793
2349219319
2079391330
3209567772
2506651524
3252797621
2848295535
3351006316
2965889917
2437875253
2453442885
2648040394
3209175936
3028892023
2238853973
3106337593
2361864480
2701994934
3741916127
3163232087
2600492731
3232407767
3587753337
5373396703
5347355220
4917698506
3945612381
4294341556
4663526036
4458645165
5179783240
4655479541
3743398635
3577420894
5256742680
4347046541
4419138233
4651223836
4350524716
3806724490
4600132601
5829798999
6033242858
4595425215
4242144048
5620785339
4215529326
6504742646
4946516638
3614490107
4800641777
5021862404
5669671797
5517064835
4679531012
6669678363
6987324523
7111693787
5507517989
4284111579
4271851999
5627266610
5735656093
6220941235
4248734610
3939821752
4280389201
4481195322
5344016683
5203021371
3688766178
4391117631
5277722989
3635006180
7176101064
4583541549
4949005712
4971317440
5046747688
5436645719
4886812142
4816677970
4192239374
3738955881
3878045517
2729928674
2597611923
2716585141
2718166137
2331020182
8136116966
6450416750
7019396091
7509141672
5704499229
6637519829
5808859083
7077231852
6652866783
7814437186
6554753620
7550948862
7265681253
8105158478
5639791304
6982958835
6436804019
5418911031
6100457168
4912994270
8933080799
6532848775
6635152322
6622652469
6162018135
6416630030
6072267524
8342826508
8671585073
6813926039
5284666625
8027503557
7402559850
7185907231
6390798528
7625050336
6522132843
6671558398
6835685547
7021409265
5231919702
7210145700
6614443880
6568594216
5940001555
8126712554
6473639015
6484357423
5821260418
8109185648
8632025162
7013651321
6222828815
7520380103
5927305146
6568281852
6000401944
6261500800
6799201860
8607024622
7608444597
7056602788
7919804893
8728953083
6227635463
6816167996
6571082767
9422545271
6961237867
5954886212
5204880830
6721629159
6814320908
6148797814
7555456285
5440411965
5872213098
5056988581
5465708279
6962112668
6058395034
7524893783
7062336264
8737259877
5118975620
6491134131
6581873580
7075018403
6383731522
4949492615
6248602666
6996263889
7772885336
7315126188
4908553866
8285116110
5152666606
7349124452
7277489626
6454483005
7757856958
8265992069
8924898065
5980678523
5726022714
6463983286
5016207998
5810789677
5271426908
8149007740
6977071576
8216674280
7594844878
5966386586
8034392122
7791425509
6752102960
8413864172
6559316482
7457553676
6776186236
7785695066
7010667236
6564847431
6693102122
3248939474
2417685134
2686634777
2591106938
3320869030
2934486883
2786025738
3205547103
2920897636
2872689464
2914528120
2399198868
2793829577
2278062614
2497821281
2853776987
2357023505
2865513608
2553859664
1918316911
2882176164
3022996578
2373568226
2932190266
2782415705
2243555342
2124509054
2676833752
2545506594
2762620947
2997786064
3334771360
2712209408
2351606238
2975605435
2642743854
2547267331
2574856703
6070510323
8377550230
5971042678
5636403733
5630245540
5748602278
5771314875
4721191134
6232030948
5151468085
6260297923
6715014445
6164457469
7403919589
5968467588
6057239357
7589734172
4859001104
5986360629
5675427957
5718647121
6321200412
5284681882
4764973388
5478721579
4309741623
3669635002
4287723425
4432782740
4804154896
4002600284
5092475544
4864428168
3733487350
5445803725
4353949083
4759384497
4214344145
4127457389
4384217169
4372866128
5733540900
3972758054
4412962925
4452647792
4379456895
5337486787
4313882918
4858511620
4139817463
4803362304
5854264322
4536555207
5646125946
4902025594
4765917801
5664842119
4878715380
4760856674
5005946849
4549255924
5053942892
5168663591
4293468964
4345413525
4560696344
4145299378
5139291550
6324647002
5876906659
3905759092
6072112458
5379005869
4913587870
3872938209
5603410821
4413413136
5983671169
3953854274
4655736443
4140065759
4843975949
5099495084
4497840358
4078025121
4625772006
4344502509
4581716800
4799218763
5100958484
4369152913
5086997795
4496695265
3383400326
3911643976
4381167787
4624235205
4587409224
4334271444
4421393694
4447533073
6005763979
4777028241
4629464305
4354017711
3975289702
4838820418
6004968512
4786695237
5473762858
4108482292
4081302180
4180673128
5173113658
4750674929
4167897589
4323626336
4674528029
4160442550
3944169220
4365198030
3811486432
5567846570
4471773452
3784748350
4517088394
3907538882
4760567989
4649836016
4835722694
4944857214
5926674990
4365093276
4833439011
4435559229
5075312121
5286430069
3968301672
4204464272
4200083368
5051387674
4648651556
4730019901
5369029347
5243975360
3998942624
4731785603
4684424107
5628175747
5275628241
4253404212
4230626985
5253726075
3251750086
6926202645
8071208674
7203227441
7414546841
6119166961
4508007901
5348835880
4527558237
5396050335
4231760142
4697508669
5408452837
4168364686
4917247434
4176574954
4565000703
5553476977
5915478999
6579878613
4426901558
5603542437
5369770910
5630867211
5154234995
7032188808
5929361937
6945336851
7171596229
6515871125
5556807300
5106815944
5187006895
6891619173
5668313762
5380622806
7139773455
7789563328
5178263746
5919649004
5563598583
6103565152
6824318267
8071855553
7514871973
7060617010
5704812158
8282078146
7635382771
7082779044
8041207261
4761274818
4891553336
6743159824
6777083191
5761539990
6832057740
6686024939
7722090120
6444304355
7768679824
7105142233
7091774224
6919717732
6919280455
5713851735
6402681368
6450720515
5734428084
6748237927
6244163124
5852910158
7301582011
5850858288
5004366394
4578896231
6501158593
5107196178
5344592468
3319955383
2646271528
3274096461
3072338466
3630873521
2838150322
3066057189
2973049674
2683924093
3175037051
2371446607
2690522796
2737357397
2742913442
3073497928
3084753209
3493001560
2756017613
3365957828
4051276309
3077930566
2706296756
2840883106
3486804584
3635694886
3138078587
2957858989
2314811362
3208304734
3675655788
2429396513
2892572537
2960158699
3173144378
2577132025
3355925945
3299237568
3608757026
3170118806
3152869936
3600345089
3312900986
3291404610
3504102890
2266249195
2622790656
3241120861
3392489247
3451806373
4880654446
3611151251
3386675479
3273428293
4937694058
5013720567
4276710205
4502113703
4951011357
5393479039
4905900783
3144311284
4404761879
4172720901
5203975268
5751083766
4746243969
5964526509
4770965414
5300478150
4138223508
5778707096
5496713381
3856012022
4874727051
4961059151
4744072407
6392956072
4216241232
5247910402
5027857161
4813036516
4325369373
6076640082
4395784037
5045901874
5077575374
4890084864
5278154654
3762909789
3560217036
4981053267
5644337562
5224305620
5915721827
4369356331
4798787309
4847281745
4760175689
4735740405
4656099189
5090375279
4975827197
7970814316
8385047405
8130667018
6294762815
7232059960
7007835509
6843981591
9553047897
7430687731
7649797402
9111009547
6132593972
5286516367
5792262792
5971438177
6143971529
5337648610
5647911050
3612862572
6428452764
6507860443
4974486541
7509591923
4895280721
6204080404
5783051719
5515680844
6932019553
6900080882
7025783273
6032717268
5254840217
5017824450
6536212071
5957606476
6285625438
5268258964
5586664901
5750041812
4234875934
5735279523
6196131626
4940387813
4783562773
5076515233
4599377949
5033239281
5313021816
5287359320
5374613152
3552699806
5110934827
4813304806
4781552374
6737724779
6798926121
6874102322
4457724385
5576020516
5604608177
6219868819
5147013324
6585363794
5015174837
6289775477
4515516509
5390547255
3657637786
4084789593
5748745086
5412239495
5203103911
5177944112
4485701576
6239820603
4726735823
5771129739
6172756563
6965563727
3909361727
6757629842
4584954428
6126786987
6064566377
6369879574
5590932222
5251748060
6201089413
6567817150
4619290261
6865973878
4591525731
5624664037
5725994672
4870693400
4874817607
5524331820
4939974948
5788227120
4543454318
5476540162
4821612331
4674981706
6191923500
6960501124
6099556350
4933038542
6086953886
5384979551
4682073281
4230882706
4076313348
5699963370
5038908181
5315888827
4497262493
6162291585
5402001175
4659633370
4658462679
4689043068
4181044807
6840075862
4954206539
4020963710
4985636001
4910769176
6145466918
5115660717
6742768628
4892982068
4566120560
5470166045
6307961007
5309051557
6278423924
5213951991
6146754182
5690753091
5559822322
5689769136
4645312083
5600998538
5763789765
5250289675
4287151950
3595726523
6465529025
4342955072
4427057449
4110284366
4248422105
6812250850
8445046989
8279197621
7271161710
6989791127
8735281673
7355218613
6665713169
7435384632
8187670154
7515238585
5539607657
6213592095
8309942467
6086103537
7005013907
9190688261
6482792265
6208142361
7298854453
7361209698
8788835036
5543634704
6908144796
8491679350
6328015406
7345846518
6440824946
8011177147
7033457653
8880810926
6997992025
7029072171
8563091436
7090027237
6582224277
7996814072
7258548215
7511791944
8086890093
6742541141
6267284878
6927641695
7385813048
7433712160
5786603056
7493806048
4349002747
7457916363
6981925104
8811945379
7177013594
7085184573
8573115483
9239205686
7121468527
5974912371
6599645956
5378909309
7430330033
6758083801
5576577658
6140362469
7460663651
7002925237
6320702270
7548165895
4815274745
6919792209
8003523714
5634141063
7028672792
7459215704
6880752702
6615126202
6356150829
8399997280
6553651388
7558982296
7757286786
6770546455
6331954452
6324442378
5194241786
7168650293
7007416179
6051417330
5756590094
7616451694
7016618424
5782463685
8159071006
7476307665
6388983125
6025245864
7052771102
9110117951
7037284433
6908592782
7249575964
4469574993
7074245767
6339995250
7185112846
6110008243
7416724400
9748554553
6669344649
7687519572
6010270572
7025706795
5494709364
6558661770
8649237142
6301000405
6791350634
6425607773
6265964759
4412415609
4294014421
3689079811
4296527435
4311751922
5154806890
3964060078
7826117586
9051060495
6120210132
6593415777
7742249773
7383514134
7231139492
7616126360
6121371796
5638584699
6833573486
6769644549
7874793482
4894481913
8728351148
6421337223
7939122183
6539771858
5944522320
5476622753
6992472198
5593743238
6525064914
7367545243
7593437310
6737571192
6951743470
7089791539
6955176564
6643165809
5763648422
5132903002
5757478334
5132059267
4791241330
4599431194
4577450788
5171129425
4726273192
5216051178
4298541939
5326026119
4224387201
4771787626
4697180261
4193955761
4123437045
3375941799
5432803015
5150841607
5132950016
3738887388
4935983774
4918429246
6441411199
5694209464
4730147222
5291086470
5624415446
4881954012
4628919992
4128087445
5124050553
5213781156
4470800776
4097452520
6394512488
5345213227
3569631421
4013311446
4223110578
4656485457
5592382460
4209182893
5672076852
4001120287
5081773004
5008396044
5549639230
5134750838
3853283694
4468395856
5812405227
4704854232
4632934282
5147449863
3650231767
5511216998
4911181495
5256308198
4216730285
3952276756
5415182701
4092922723
5655575693
4571539130
4453312446
4114004740
4491556075
4788493715
4690050353
4881424796
4104591513
5361040751
4459832497
5569363911
4467089725
3509814647
2508650223
2957138478
3119955587
2667927910
2660194603
2271465040
2462766170
2512416748
2187723833
2515951890
2463232550
2553856467
3213227244
3143042898
2309807363
2822405124
3125245845
2218300577
3397099478
4444403707
4481083313
3825925012
5880243990
3867240489
4790751971
4758039110
3473383496
3687539044
4826306907
4886573643
4808653026
5100956294
4584721967
4099815722
5182588713
4835630124
5813630764
5211366419
4063122935
4381505230
5000226856
5062191363
4070187347
5020262460
4295098810
4586220104
4767744591
4330480576
5508420497
4244224629
4573729704
4397278028
4860107790
4430750852
4780201018
6247714111
4724338863
4083501103
4820269087
4565661865
4751954628
4284034526
5219820671
5006778967
5081659773
4053328334
8348801418
6851246191
6634916684
7595401501
6075840532
6710982371
7163977594
7882517496
7479691692
7773284161
6078069062
7410703691
6409996936
5609726750
6695412971
6195050553
7043696468
8647527436
6080747100
7768408861
6910785916
8137845662
6613294235
8732135994
9107199229
8406339789
8046520804
7228700801
8428425460
6392757397
5920891245
6857520287
8296046538
6970901497
8625289145
5608905221
8293262205
7439134295
8254882251
8234962170
8603533833
7491021408
8291798533
7614158995
10210866222
7170596624
7774438564
7089233808
7647220721
7787881727
8477469827
7757377896
7387540894
6898215757
6864856692
6031874423
8939993771
8222740317
7084442988
8241931331
10664845156
6420953946
5973055513
6617152536
6689031630
6678016944
8040261596
8398012525
6490717741
7961227566
8238081009
7138480726
8342707942
7353676919
8175853560
9187927286
6660272093
7624176395
5762576885
6904455550
8643803976
7537898522
6830122701
6731157944
9074451214
6942820426
6196365598
8288079912
8330052496
7198167724
7015772644
6134986671
8225733237
7455984415
9468957389
10310424303
6852129921
7589661814
6966820850
9726365858
8000746555
10027815515
7151866060
8566622336
6375015306
5846328711
7180053380
8352060465
7924659275
4813829653
5066254193
4996925794
2693979402
3171724831
2460535973
2646009446
2966021710
2948082659
4600606745
14841471369
19352020677
13755317849
16976857723
14646719834
20134919588
16395524378
17848009571
14495632430
17628279440
14669622015
15317475942
11234002998
18141691266
18962055902
13575275549
19476854557
15326437728
8556439862
8045496882
6860925608
5694623141
7311201158
6210209726
6424674462
7332336151
7705070032
7640930306
6167587474
5572940247
7041451403
5878010478
5600363815
6772766243
7436759034
7264062045
6587260208
7624529778
6221235829
6970332799
7778362863
7531309528
8377519308
7985254482
5847954118
7376420802
5728843090
5686115678
5582009824
5527323637
6759559397
7161573379
6864349469
5419098232
7591554808
5140304424
5291179139
6959713582
5811056374
8037691174
7652384056
6419260254
6278270913
4445799687
6621327512
8116740996
6221951895
4934486182
6717689753
5787700162
5746466213
6298761898
4793859809
7485791340
6297866957
4938515100
5386003917
7439127382
6282856868
6356930649
7072714552
4831929492
7462914956
6513413486
4543169714
6657285457
5861009540
4953340593
5810521418
6373875991
6956032146
6929565681
8322436943
5636369126
5804606034
9527824287
8036797371
7023968556
4917037564
5011504865
5207905749
5033956643
4332173853
3627034942
5194806747
7378794201
4028973628
4916886654
5554612631
4458791182
4413311685
5396484643
4781464364
5524524581
5516812087
5667778488
6248014881
5124761679
5633800239
5163810344
4731555093
5774054585
5134085813
6453446239
5977508637
5254673523
6885651423
5297311756
6584311934
5724444920
5528552325
5694135904
4882489288
5135382774
5927663751
6712688350
5713867888
5589854821
3545770097
2726948374
2894137047
2029484861
3266185014
2832695862
2966801891
2916335457
2420338220
2556787627
2246056691
3537608911
2486287296
2608999042
3071519196
2749138444
2978814191
2639988087
2716828306
2817119991
2657536351
2898641083
2921445706
2785036894
2608271629
2744901552
2820997270
2198720935
2644915265
3112090489
2683568129
2683453768
2718764895
2565459669
2698623305
2433195812
3864311283
3194480900
2543532301
2612784788
2788910920
2928966592
5322173946
6461009743
7007504991
4911091718
4894533725
4991580527
5800108105
4268472998
7146284933
4326396890
6849751756
4295714889
5578052836
5403347543
6394753103
4836339414
5211723700
5661859011
5020434307
5035447798
4588404940
5502133834
5428322545
4140596841
4046216984
4408601422
5204805276
6046685365
4178132146
5911609798
5090217815
4601864476
4692333884
5410585519
6144314534
4686488885
4209493212
4584501318
4279732833
6069572973
5941446398
4779074343
6339124228
5664677203
5171176399
4463426139
4764100893
5486699004
4871279160
4810856176
4790525883
4352377174
5252285884
4634431380
3762576331
4406840493
4286439839
4688424920
4304058459
5961288666
6361243831
4385958380
4289273560
4971784640
3352895428
5185866046
5041088658
4882263781
5677080596
5848325951
4203332235
5498828180
5603579614
5210894545
5610656235
5045318510
4568827491
4927649638
5665335786
5246528250
5087777436
4491548547
4405822632
4712681767
5377019995
6646357452
5149508075
4325674242
5570717781
5538715297
5735014800
4103428852
5910482082
5220876016
5220336085
5117325474
5224642438
5416689043
4654047002
4689445145
5188450457
4048071632
5639303217
4536183532
4707774497
4449635218
3670267874
5531534137
4300810789
3715457937
2678938856
2603337126
2989614980
2914852674
2483292578
2162221045
2737713234
2418935516
2256361007
2213116063
2816327564
2843864190
5840704302
6887593592
6435406791
4438358651
5407904309
6134622899
5497135856
5057667460
4642694336
5571406518
5416309817
4890112982
4920167479
5860962022
4296124010
5812440169
5374706396
4137752602
6300184048
6078858745
4693095692
5318657247
5926907695
6054811679
4227569110
5975972229
4808372766
4788108198
4826118246
4731836696
5788316962
4632233969
4162565336
4894384005
4216422726
5529527602
3775913647
5772538384
5238500986
4818637526
5124001829
5275121259
5854261943
5818281068
6942269183
5140449523
4455356814
5916112573
5220827134
5496875923
5757534158
6253400459
5803915433
5170158864
5628595502
4356762561
4312883573
4349013439
4818747718
5288939747
4529370018
4356787399
2543975332
2671587324
2616773452
2992576594
3188446686
3526587048
2534278468
2925987639
3124188592
2391713246
2704162492
2568502305
2670061295
2571321618
2830023632
2645168491
2672146901
2954329211
2614671304
2753374207
2348696925
3426147207
2501981318
2816038235
2414899211
2836787612
2418038138
2953836111
2777771464
3060956106
3770674068
2412168433
3216491907
3313807273
2898096007
2383286715
3105183859
2622408134
2357751297
2378069755
2336213710
1997816374
3432260002
3008136094
2430800153
3112200349
2249403577
2917903817
2202887259
2625478809
2707484879
2445745737
3297689791
2427245766
2728808837
2478176007
1853493295
2417268945
2736164018
2540248578
2436987990
2654499145
2835950300
3108120273
2886267944
2974832300
2789930699
2781234551
2624383420
2262621023
2542542091
2186154767
2630484750
2710275743
3114711815
2770794675
2701638308
2307367211
2800091579
2752836264
3040225559
2945392438
5050937044
4728474202
4670661751
5030123623
4042854195
4463966830
4458774602
5827359116
4752142338
5332685009
3922967248
2836877215
2460848359
3223442386
2632986844
2900316691
2426662906
2628938541
2317203912
2213358156
2592296430
2805262240
2672475632
2445046732
1951677603
2499148244
2585654744
2269084941
3024359524
3115694788
2846647890
3009247104
2615948147
2462311878
3278142704
2841831745
2307906234
2589960225
2158419151
2337945832
2849032987
2901961012
2522920687
2397464387
2548117980
2549306726
2294611594
2752350202
2741450342
3055503871
2593393594
2338150557
2270203291
2984251287
3259462143
2733754081
2764304878
2726169432
2713896992
2166605251
3168851698
2561910715
2514572344
2894556425
2533426312
2453671163
2700003155
2400922988
2712278890
2326290640
2330665787
2547718785
2244613126
2780650253
2639694122
2437217556
2903293100
3204558995
2446897841
2485234523
2374878902
2863615984
2546868754
2713001442
10050982690
13996833621
12409897866
13735180513
9059507984
9673784056
10634659833
11757505582
12904900355
10613373589
9199961372
9057733315
8212505983
6598096744
6526327602
5805778251
5764513553
7831520744
7249509186
6659819728
5120972970
6976000915
5668911353
7691451943
7343722199
8581540457
7561579202
4954819840
7914326732
8112162103
8729972709
4985586810
6187092605
8536147953
7393359091
6138102589
5171287997
7283684790
7242276539
7005754863
5884797823
7477913993
6803936530
8906327978
7407810105
6762800798
8532425451
8057106598
7094513031
8475745345
9080701814
7033618959
9173208330
6374109146
9641682654
7433532785
6052542068
6408040926
6783523508
8636550060
7355140765
7300795332
5990385825
6987458302
7525584080
8319624925
8870901393
8129820283
7827412758
9641259827
5494083964
8954498047
7148354526
8180100460
7519865114
6372601711
8121382692
8359522633
6033659261
8931980651
6153586836
8300193896
8485722146
7006900930
8403058760
7106788436
9046717712
4439311377
7360935548
7172273299
6592838902
8138386894
7238332365
6681956873
7926500901
7756463692
8124242685
7484996773
6149712772
6534543753
9087441917
6432507010
9031266040
5638106785
9107964755
6444196075
6780039153
7911464969
7300711902
8242845241
5313039297
5574959883
5300575081
6000300137
6624026939
3724213029
3729965942
3905855161
3487784731
3466567729
3758380685
3420573526
3054833097
3744273288
2867021742
3657728231
3085528577
3322720737
3272260519
3601777045
2668984997
2451916382
3248680276
3791886871
3725035101
3134820680
3259163705
2350343521
3833859880
2973562076
3366356650
2599008305
3614427256
2765955639
3390416435
3272834113
3866270556
3019889695
3216878602
3485959671
2855699857
3292957779
3142774831
3090277712
3394415137
3241788958
2962932566
3942732653
3253321328
3148399920
3468181276
3296101339
2768959635
3242987689
3435134246
2714559332
3402329687
3327616080
3642509699
3511145262
3267252831
3933343473
2961790943
2522451815
3019962670
3016295090
3092325162
3029854928
3665725160
3096927416
3183941948
2925333488
3129830701
3300234043
3426915579
3246214560
3289390328
3274347306
2402984244
3210376348
3505440511
3113425506
3681136096
2427620500
3493859084
3397948991
3391716313
3493871894
3513058582
3209440457
2850991596
3126999148
3664525303
3474776461
3390553696
4249477854
3380991481
2779604392
3297295973
2390088555
3285950130
3113974276
2632145821
3531299185
3067138518
4295221058
2832690723
3449729848
3591902647
3396005995
2917327367
3490220769
3294851451
2720498171
3194036468
3054304625
3479856151
3729728141
3184936538
3316225883
3334763340
3599390616
3483860889
2263463032
3729667493
2288650604
3457058612
3187408029
3303650616
3947314424
2988575743
3027000932
2718795803
3632158945
3040475179
2445139469
3186062293
3158369016
2938591900
3339744484
3731869602
3632476541
5809515272
6042727941
5539770967
6175654850
7411360079
5449383067
6250581371
6203274412
6027123558
7809957637
6048585228
7314626813
7347785146
5181708973
8558826055
7143071774
7265718216
5974554871
7752058788
6370769571
6746272040
5991308447
6943351539
6714271457
7197334247
6258978716
4671761620
5887468705
6342384505
5308034908
5207114522
5872801209
5647663354
4454117837
5087884999
6046973943
5372602732
6574427091
5094836660
5280973572
5704104449
5711070387
5104313861
5969695870
5707651835
4925564734
5234323335
5891880870
5686351395
6022301035
4721949668
6667747023
4986236420
4625801848
4865705060
5120799843
5416362772
5139424760
5410050018
6547120272
4772053367
5363216144
4220701573
5719224376
3563680033
6312419492
5774702082
3951974656
4765614470
5049490430
6052278423
5104249419
4931222416
3569879806
4246042613
5460036326
5168584145
3709033682
5089403507
4026451107
6193272555
5309287371
4774783203
5053526123
5283759101
4905993905
5637409175
6012082159
4937891287
5337586609
6190831361
5911163554
5130532713
4934151935
5949443452
4553306273
3968588503
3376542809
3752288181
3136486247
3551666095
3261196021
3855639145
3239370301
3775161498
3858846209
2288944168
4166303720
3638511552
3677429936
3828679717
3491715380
3234438894
3744309020
3619729984
3412435447
2823321281
2801781132
2786741265
3194181131
3346534696
4066976708
4011468851
2857598808
2974996695
3017282118
3992268124
3313699656
3185731599
3431310715
3641000548
3412241805
3599888485
4045579842
3733293189
3306781862
2542314911
2979072366
3012699778
2857310878
3328710196
4038752495
3535112671
3116556776
2858916008
3085995695
5532359322
7051863836
8868459582
8620977012
5867888837
8570175554
7404803901
6807226054
8796751214
8683616340
8130008254
7068641495
7801322194
7299539059
7428735415
8433715582
7708306843
7851947063
8002324227
8489093651
6656444116
8647638384
9909463261
5889675402
6120723843
8999801037
7748397166
6535241825
7073425115
8356655202
6093367978
8132304398
7865706413
6937021600
10265302880
8752012029
7071111446
6866892906
6814706346
5432914612
8642786483
7555315805
8460226795
6980749229
7635780578
6993641189
6145609091
7918640195
6784502969
6356607649
7881648340
7591724398
7117337891
10030976456
7474574055
10966854594
8110268435
7237027303
7745991592
9562164161
6208615570
5643329519
7479015833
7914027217
5932288936
5729400068
8156334111
6687810565
6348030018
4721273039
4449415144
5048301637
4103681032
4498685158
4334204667
6422034737
4390174215
4801106490
4959327966
5394645092
4301029015
5838223157
4733867903
4539778007
4471615726
5587978997
4993948647
2857548939
2527493326
2705307145
2723292708
2170770628
2815692759
2600400872
3408940627
2319465706
2899930754
2721139488
2812461574
3124617485
2658185850
2556454906
2339347833
3540961434
3002203406
3260861013
3056602842
3135532184
2809650993
2280904327
2406465373
2110880133
2763590243
2592030985
2462832461
2825072056
3487142039
2631850900
2765835451
2229218701
2721573579
3006765636
2555208019
2685009999
2732266589
2325702129
3373862204
2629641533
2741097020
2891218381
2978459308
2828959401
2970864593
3006391366
2202268877
2841639652
2771122809
2588315324
2667898185
2810337466
2591407316
2335552659
2754851996
3472921965
5115920832
4626383431
4607118183
5946219330
5261316202
5940753552
4624670684
4712584836
4800683757
5752886547
5948871491
5276576390
5671737921
5160550490
5117822650
5253631790
4652520116
5123361842
5473771386
5852013305
5881025524
6457772664
7059883041
6295574774
7254846280
7524624567
5554525337
4717493345
7264585365
6957892145
5521846318
5570811423
5018763120
5768523956
4953877477
5550114626
6319315217
5035966716
6137958971
5886677475
6511856935
4599376517
6278186877
5800064157
5139477879
7701137642
5028707278
5427350241
5460408969
5789398574
5949285435
6626662209
5709119445
5680176219
6302947150
7241711285
6085240606
4228265282
5877957179
6797449364
5130657457
5878171043
6179317803
4901407008
5137812347
5311588896
6107877641
5394849129
5935856864
6603997743
5188590231
5999018407
6433395133
5345932104
4794769623
5960526063
6867960943
6695522186
6897905840
6473830453
4021976268
6401285456
6693931517
7006693304
5857465936
5864161919
5604110284
5453811126
5598485128
6251052844
5773423367
5514322328
6048652033
5499500801
2745558592
2350623046
2405547534
3230406027
2638368239
2638996873
2820618742
2478741038
2676880126
2954122600
2412468744
2801215637
2625457822
2482473739
2967075442
3129111091
2400238312
2506951325
2795572070
2194914179
1669935855
2627183160
2536503015
2864650039
3061666772
2243261089
2708477235
3528609945
2547553468
2390011078
3367524892
2201909623
2376079472
2502643706
2702092009
2678623503
2266551374
3029138868
2578635725
2472153574
2516242908
2632420331
2121135233
2581418521
2819045475
2134631396
2903044714
2852383335
2597951183
2616358306
2592163250
2449247076
2378300619
2539518956
2629987679
2670751353
3232793166
2453891599
2026669175
2649275052
2189450624
2463869332
2951801288
3319649264
2879356593
3317933919
2818949868
2969328707
3204084370
2663153564
2579549243
2146208308
2582316499
2735577893
2484647561
2446379326
2939084317
2463731521
3058134722
3054234258
2598557269
2772868485
3737188657
2428208956
2504676329
2625226464
2218247050
2978371480
2619838336
2705605547
3033659079
2531466797
3033688126
2631254874
1978564426
3342434494
2515848144
2710919794
4268631112
4886295426
6215188013
4523308734
4183386918
4266455859
3890077870
4943179751
5111166585
5491930798
4188233775
5244108429
4077785173
3752171128
5625425741
4926672202
4611496446
6499938136
4177071436
5197604195
3867218507
3830112725
5436187468
5246402699
4855515369
3772514535
4957407584
5003597060
4137326856
4407005905
4575396473
2452650894
2666482490
3004768398
2944560228
3171424421
1988800381
2714466958
2650554527
2330132645
3026831903
2487476052
2261227178
3046884155
2587546442
2457527877
2859570531
2744132295
2992533393
2493992515
2906763375
2568980874
3120122536
2689010474
2282882678
2403495396
2662069781
3015577197
2567667743
2536406504
2285221814
2455896913
2746873376
3405093601
2505979199
2778599711
2873923455
2546856825
2403561286
2471403282
2801284533
3047677348
2834585107
3209225400
2668618210
2861534696
2674018861
3067217617
2831109437
2274985632
2503313193
2673964214
2027564391
2567029193
2448984182
3224345832
3200148788
2655962569
3121421377
3554907068
2937453438
3220261542
3853676984
2659982845
2612433792
3688200480
3031162212
2830916731
2968242294
2706886025
3220445189
3326634015
2891563090
3208608174
3173752702
3294834837
3041002872
3236866645
4018255404
4209397271
3237693354
3912745040
3016522110
2989074799
3711019196
3490573849
3636858916
2752467877
3679044972
2505518354
2445594737
3128170029
2870145031
2328130983
3277168031
3024925007
2844821802
2982413852
2885385029
2854410753
2829888035
2999582997
3333655982
3421116918
3533476019
2857825042
2507092876
3012546351
3034666111
3350660780
3473814855
3523434524
3165738831
2819328363
3150543704
3535003211
3752581799
2952875652
3435202913
2761411779
2599463025
3709426820
3023091469
3037469076
2746981850
3018576002
3063159509
3062075761
2644848539
3058747243
3178898871
2988918107
2842053658
2778234352
3173972623
2743104850
2515701311
2607936969
3259522590
3200278851
3076241376
3061434213
3503902860
3338004722
2767529171
3447297690
2764128046
2965792960
2766019888
2733215675
3229633036
3244252857
3841969541
5391562713
5367815288
4805875753
5982462269
6198087145
4535330178
4623097560
4733483049
5138657519
4130525119
5813340274
5596431212
5520060186
2101643749
2658253346
2897925166
2560345293
5217573582
6279250328
5206377163
12447976809
21368885212
16253250847
20298277720
13258365298
19358108963
17473546030
13346151379
18447505770
16685514408
21320308095
15631036892
16732261852
18014993427
18646682884
16461871399
20120481008
9525191961
6978283918
7559266320
7603740886
7239394789
8044184906
7340611261
6557131608
6847971027
7579416004
6530058754
7445086653
8118856618
9695619100
8724280802
7658128581
6060106178
6625769441
8317377079
6294083891
7267046957
6644873570
5855323624
4858486059
6103743289
7029530889
4663778839
5204181772
6370572599
6418550676
4822139330
5156676294
5005583027
5113033262
5728926936
5619875722
5754116516
5730554344
4799976270
4974960593
4339667264
4715617248
4817215727
4299851161
4733402196
5332358103
5960925728
5348637529
4981938933
5827056753
5167366708
4354663802
6900688117
6854454824
7287481609
5418836177
9006927343
7188341268
7348717912
8476865971
6210258698
6525111266
9342269565
5635024342
5985841728
8055973290
7114688889
7736750125
7910227680
5248857090
5777028792
9437334367
5688114797
8046444199
6032272215
5839034803
5704342202
6568124937
5865846046
7207411869
6922770786
5977537131
6019064960
7180785248
6974456902
6611590432
7011640279
6987976088
5113546367
6066984500
4280482912
5419504557
4658097343
5791470383
6137214726
6100045980
8171721966
4909011954
7948168481
6777792882
6683986417
7135994115
4166605949
5592087428
3997398832
4569413184
6228459061
4758197393
4593414964
4372956557
6099384590
4348482371
5348589973
4631369410
5118198891
5960064941
6426703473
5813199580
3903239789
5981960151
3960392809
4383474290
6626953282
5197360403
5107104778
6807401378
4476059237
5137478032
4595557519
4985161652
4347653847
4829428257
4371956642
5233968372
5869348569
6974148390
4864228333
4241208445
3927972426
5047025066
5217615941
5153246670
2910388269
2479656264
2697999775
3250925592
2692927194
3449486549
2895144106
2248533420
3037271940
2597410060
2677273233
2759219948
2852073648
2680007039
2718938131
2582757061
3148790855
2652237495
2540489895
2960675105
3785579816
4483648329
5584767314
5604728220
6246202772
5969650183
5664571308
4610595208
4070695965
4558099659
6424233648
4562605173
5412592109
4522442312
5857463277
5320389239
5114374969
5031763101
4409656834
5455765374
5363211767
5147655428
5016928250
6260513840
5417194890
4440514379
5688965895
5437106444
3397189736
4800684011
6906430645
5058273257
5722551897
5865640383
5072864696
5101634514
5252510133
4812114591
4362829279
4719951443
4787862680
5649325803
5408480196
5063101933
4234521690
4448349213
5286903965
6503191689
4984618988
4800034977
5759991151
5241165677
4790462314
4697518760
5319688012
5850372713
4387924886
5632268307
4912558864
4980076073
5339713633
6284139563
4540457178
3997337206
4749536326
5796608308
4364484726
5372977769
6005475999
5108034334
4674906318
4691085383
4555296403
5422373952
3717666879
6043494820
4643310958
4226820725
4561749199
5110648794
6643255608
4873728383
4949555055
5756104454
5471331247
4280336863
4457425651
4356697869
4523419073
4774866014
5286408738
5452215293
4954468675
4835663919
4782037831
4496568470
4776234763
4334492821
4757280250
5288177053
6163269548
4062764683
4881243132
4675582233
5768100642
5856241728
4765003137
4649007137
7390356516
9936496965
7098692571
6975454792
8051265285
6299164468
5690431076
7908831969
4259434446
6633531823
4369067110
6925434044
6126564231
6919632257
6454233798
7970694962
9237054627
8467382143
5425873821
6208566871
7745741172
6674663537
8245764526
7054388427
6801039430
7499387286
6707092613
7602878747
4754830392
6047510469
7117277526
6193302507
8373966977
7289638948
9229171371
5148989567
2971613105
3929498157
2759116087
2627687875
3271204061
3059270026
3053812816
3007639875
2956157624
2963786410
3210539499
2703895547
3017340434
3293373802
2657440695
3373272908
2489887269
3211556223
3598079313
3089058224
3693552260
2748776495
3812023683
2561678755
3585521397
3110097414
2686993639
3667250469
2961732142
2963431665
3153188808
3081928023
3107556743
2947400339
2978359150
3102699530
3129257361
3380703948
3533886599
2971961981
2973229902
3039246168
2611902054
3147697526
3116196961
2888788370
3518920498
3066516205
3510324385
3241742125
2657571072
2888775342
3134727131
2849778143
3174534448
2861092446
3538854472
3428587075
2618970051
2862197265
2952427535
2478303839
3509026760
3421708805
2478490921
2470767747
2961746071
2909919360
3039285183
3353822820
3235622395
2839047831
3640168087
3360829421
2957315258
2701358813
3054795080
2747137695
3153616569
2776045984
3222288956
2482167918
2519648672
3434578799
3059701994
3199007256
2336466494
3192794612
3458905344
3575516373
2249275172
3202933558
3217081472
2216784941
3289019069
3468426670
3215179332
3184372573
2928468508
3544075090
3483732094
2708501530
3258495866
3356082120
2420940603
2927803345
2909667222
3234881150
3136419394
2549070596
3221862596
2784282088
3581949442
3161183388
2817589766
3131581874
2628878393
2368250656
3011070856
3505820443
2973301324
3353827798
3475210066
2701260248
3760408218
3466953329
3552864461
3925813712
2769146712
2746233886
2878039617
2469155421
3123158705
2663188983
3566655175
2730242686
2600394963
3583891107
3217958422
3182768776
3871780428
2672127039
2652976533
3295640646
2930321280
3322840940
2846177974
3067952468
3003157029
2829373334
3582192377
2802453678
2806674609
3021113606
3205260216
3010472834
2865387344
4007450450
2960112375
3652122403
3251301389
3281335951
3306322440
2871815684
3538690565
2402811665
2872154425
3860755648
2849047824
3057146263
2494325448
3261490248
2489239247
2597402743
2545625024
2914022517
2659224632
2850575041
3464480782
2399088501
2104601976
3486776038
5067357554
5285343446
4498125461
6198716775
6572631433
5738317280
5064710489
4528091045
3511292254
6879077490
5674259552
5381992215
4998292713
4715656411
4817633276
4882117983
6005999364
5539870818
5151099029
4560912685
4364280877
5750511423
6609161537
4642836797
5123550823
6045566372
8031061149
5700535156
6155706640
7368151424
6604764729
7108925779
6369866966
6497588648
6124178575
6777917124
8030250880
6862548797
5882125763
7019618501
5242541488
8080028415
7869893646
6310514028
7252851813
7943553870
7812836019
7523021896
7409251682
3888291964
3226480118
3232998606
3564369367
3044826054
3229305081
3710787525
3828326638
3832422739
3318097041
3187298349
3853533929
3272495180
3437267604
3219036991
3791475509
3182606756
3732901702
3583470287
3561055549
4954304243
3180628518
3966413033
3674380999
2824020918
3892319286
3155105791
3294067384
3198020343
3091583635
3936527430
3157279965
3207882574
2809258373
3447508642
3922478920
3306948489
4237890990
3616678012
3760598972
3024387690
3537810422
3702103489
4626858262
2966083908
3688164327
2828325118
3230664037
3817983530
3284285390
3066733229
3105867129
3009625062
3867394385
3449619552
2871028245
3646385494
3771080701
3506276000
2707127274
3314204766
3335092711
4122725561
3884709402
3354687135
4176488472
3151708104
3503277883
3554600265
3237189891
3829948777
3714071769
2483782195
3885551790
3612542080
4390621114
3391290314
4128705923
3884650124
3013611939
2923565552
2914899605
3570753586
4660064737
4271095983
3512337762
3198573386
3883139869
3575942213
3632679358
3579557498
3408310764
3622491473
3729539879
3237539982
2933945012
3764836275
3664152384
3408082730
2796403795
4497912894
3270419945
3773534504
4045490458
3034232670
3216391654
3252136563
3639621920
4112892909
3090675939
3654917378
3163267743
3233348626
3267438448
3324619428
3840700155
2801348201
3266460409
3831083157
3072526052
3429536195
2952109535
3191547390
3051528530
3116007938
3917318841
3552736886
3627164588
3323285293
3981460705
3358800468
3708679525
3551850982
4044955800
3747100180
3608339191
3515831583
3706578398
2888584212
3338730908
2956535794
3905692795
4180183465
4169129871
4059682000
4073636747
3620159065
3652235456
3463458143
2953597144
5475373866
5402217886
4474252073
4200871308
5063157026
4252019566
5438451501
6892212960
5319230377
4857282707
4915031915
5496513633
4839768535
5071529986
4785391086
5424369748
5263574092
5365271505
5006302277
5936075937
3428503454
6979710192
4845598867
4948382807
5247385166
5285949530
5478957483
6618625569
5583935985
5706338937
5642122457
4298909266
5327490897
5555540344
4821192375
5733484050
5965833013
5244820163
5737488950
5398163120
5327502939
5971666682
3841723739
6732856412
5765600367
4939259931
5852396164
4531403476
4319560559
4720854650
5424103644
4522717330
5373412398
4865873880
5007146271
5906432009
4024484849
4837031164
4098576980
5762177174
4464842658
4746824627
5481478303
4483269075
6476896483
4098505229
5461325579
4669103821
4801583435
5037955511
5850680649
5872582277
6014932925
3524892818
5213226001
5769287653
4206043729
5994990269
5587545186
4763386380
6229715679
4877343352
4842305341
4511805876
5307120069
5782128408
5653567694
5136868379
4355748107
4875470482
4562602404
5903783906
4696062553
4537380886
4704668769
5965724958
5260868534
5738176386
4143589836
4364633945
5952888054
5793829722
4201708225
5710311679
5052064437
5364706258
5395265809
4227852060
5099689594
5440617901
5191958077
5460895298
5424822567
4040793397
5867174049
5412954347
4779336131
5950506833
4093358204
4614568818
4672752257
5505262668
4808569720
7032376631
6081829132
6748713895
6050069093
9073515291
5893074002
6795753837
7986142783
5799415052
6632237672
6573817951
7780242165
6972968848
6396216018
5733011577
6987994460
9266904485
7217152584
7244850443
6616430368
7289640406
6236238830
6896628648
6176823220
6971180755
6649289118
8147060228
7529570979
7631942630
7433429262
6417735900
4413854130
4762921654
5110910101
4820034740
3836129071
5622613611
4120507550
4593223490
7569482436
7509418341
6413161196
7718342409
6487909265
6634528789
6963386520
6917896335
3314406340
2570785013
3382894100
2779744815
2248731538
2671218156
2609881810
2723017435
2729756898
2401491669
2581818333
2683936569
2291335199
2553106591
2598769352
3262339462
2781356502
3071017320
2402115291
2414608080
3054540560
2809517980
2813491845
3172041473
2461730889
2780812397
3098143982
2599609445
2435164577
2394686225
2557160698
2739501974
2606016313
2417661988
2799601342
2787473944
3070976353
2624824623
3264647923
3025756089
2852533136
3077994538
4461450797
4915780777
6831310872
4549061957
4188373995
5309651839
4930604690
4525398536
5865902416
5473879715
6162379853
4129043917
4623510313
5415806203
5457825782
2866402187
2805603245
2874261049
2316801696
2189326747
3278792144
2812892354
2442173697
2479466695
2433245126
2829289493
2209125983
2357232078
2623412520
2688631864
2518161475
2688610130
2827656009
5058040599
5951671068
6286205704
5799919226
5148612409
4241608776
5065935590
4825924393
4764641936
5394259465
5474623824
4409199402
5173372225
5627684209
6484805887
5340241489
5660711258
4584118518
4977079801
5069871619
4777500522
4788511975
5463091810
5628740544
4466848764
4598873446
5241366909
5006980854
4136463646
5077121120
4682190708
4254060040
5055679968
5399356729
5018994764
4366213347
5340543854
6070333842
4954189860
4895852297
4687513457
5222861878
5223849010
4164734190
6147569124
6854202598
5881831947
3806545425
5792289929
4624012046
4611271927
6141723085
4546001496
5031801049
6147333582
5628377301
4872637074
5992418062
5328399983
6339094419
4263648386
4049359308
5989598886
5175461208
4923671710
6080248826
5744604601
5242100157
5515762084
4617877143
4969720395
4841865613
5186598405
6667760179
5115927880
5139994222
5547099131
5680198116
4786102315
5623662626
4520744825
4286087927
4480150025
3494862448
6029619124
5184353604
3801462610
5289905692
4910036873
4371105141
4935770041
4875079470
6891466345
4995130803
4815163260
4873682626
4586518569
4653310856
5928434946
3929082206
4447010950
5174988270
3720036004
3601713075
3627397786
4688977313
3416059571
4994524851
4537826717
3696843361
7074104203
8671971680
6860181085
7660419915
7523134914
8053791010
8959170321
8679261862
7924808460
7363359443
8443109552
8843020454
7490940961
7010992214
7362949502
6789527763
6471170224
6667648612
6153478286
6958138487
9735198963
8219475373
7149930711
6252830829
7791050132
10124325727
6522382947
6946055259
7574422454
6497463661
7189621415
8280820630
7434636016
6483554980
7086376628
8125689477
8571770648
8808361965
6999597898
5304757939
3290367023
3129647625
2669202109
2897383197
3150249352
3338689391
3087181289
2922750876
3346446169
3145247424
3391450755
3203449347
3223074968
3055117686
2793475860
2741030966
3160924412
2730131313
3228298397
3253323906
3053915060
3475691945
3227218784
2994494589
3740563537
3481209215
3011227466
3637382185
3441022294
3527737047
3362092165
3532134217
2489885771
3394503754
3924422831
3135916261
3192590871
2762738078
3733322959
3796830049
2798549102
3604974201
3405474889
2583120015
3423647972
3615601876
2871589736
2702604792
3215273533
3860716356
3723035209
3255330494
3638912912
2978687026
2636623754
3223172504
3288374521
3032634400
3138789258
3350287059
3078718362
3559208134
3164511935
2956399714
2750260741
3461196175
2507776495
2852287540
3473298075
4105289474
3233906285
3541861611
2686770978
3074262195
3386583307
3322770585
3261840560
3578494739
3364009970
3143506563
2939248950
3796096474
2990248076
3225507858
3607303315
3183155867
2962880465
2955220334
3340837720
3164490179
3587740776
3364737328
3238487078
3151339785
3100581463
3306907044
3261993225
2986893795
3004794612
3047166039
3182751581
3808937985
3257118691
3238894179
3435741907
3075042965
2569906341
2696394342
2814789931
3834062445
3261782193
3701149117
3282555396
2857061104
3190676465
3091766442
3096325217
4150580189
3182697603
3417710488
3198699545
3318414801
2757970407
3082768109
3867163209
3270067363
3478090358
4085741577
3481184534
3268609749
3225802831
2336666568
2489921232
2985870894
3673901759
3889722310
4062065584
3460532359
3545455987
2752927975
3896443639
3190513979
3556933705
3258920916
2763642322
4129737637
2974334132
3144856873
3337208253
2910474380
3777926843
2781577310
2771397170
3177991744
3231521431
3430789923
3461408304
3954643985
3226066603
3335557559
3522198117
5219440921
4847500762
4457240048
6081753943
4682935059
4052429205
7604066980
7296114960
8608088023
9032694432
7302925120
6963748355
5960472839
3878396328
5816525643
5410377528
4960445922
4396694559
5759943146
4051871306
4889993152
5870433061
5967715753
7172418661
8619164510
6556156922
8729547142
7101426726
6440091902
6431768737
7427399090
5523262862
6073192789
5659279135
6394689479
7007214192
7314089059
6467577287
6025652209
4682252019
4202478912
5402340163
4623141564
5081253663
4351413164
5079230403
4009679402
5121762737
4884005639
4720141937
4032138808
4970423694
4962476226
4138909104
5106185622
4524994358
5610811512
5353498417
4381969438
4035245636
5137726006
4902215109
5333564304
4013491485
4509454003
5459796202
3837273689
4855089331
3962148448
4574596146
5248728568
3953007761
4351412657
4924952088
3681917618
3957879738
5568251754
4670640007
5462894608
5219119402
5304266903
4635217400
4403779602
4492237942
6206135253
5679834072
4298203450
3924766988
4265741684
4501210033
4810983115
4276537593
5990555581
4646387353
3930283134
5357898054
5664777464
4561844909
4591348834
3946527574
4869669124
3383111041
5628900662
4233820040
5095345286
4497766952
5887663421
5031215663
4494920698
4385523262
3817398495
4408885578
3745194627
4902865043
5630463139
5422714631
4207055034
5332530480
4279559840
4035082155
6160285896
4716077917
5628085541
5287836565
4299988597
5665636588
4398866162
4151948702
5326697288
4910924461
4017237380
4480434729
4298081697
4704928294
3871468572
4321477170
3929877243
5250643462
3748351648
5129091886
3655884879
4481982874
5315424141
5338877040
4768211021
3767057446
4790900579
4793961108
4466814616
4923536049
5922336116
4862120219
4684950996
6080534521
3201850625
4646910845
5244847683
4097770676
5279911927
4607245420
4944349396
4922655241
5036615472
4906452339
3562806939
6045203266
4437275404
5399221213
3655890621
5694161966
6036050419
5467512860
4566123926
5976200972
4617231884
4324792709
4478334752
4809878477
6147848443
4647576073
3653952792
4809292824
4664204846
3187115221
5104667344
5104649060
5266394439
4142409483
4933498627
5641479444
2774561717
2268424797
2465150715
2700304232
2793749975
2554303773
2746454354
2196644322
3241101303
2322537230
2856794252
2626876633
2605239368
2834386512
2612331149
2359903606
2997148639
3154395543
2304377953
2304718763
2841375865
3586952120
2575005017
3019694142
2224437722
2772573525
3413140956
2273889531
2835331390
3130745402
2799091828
2995706300
2452580530
2666517958
2641482175
3249929619
3080590412
2593030103
2604253471
3085699085
2849681232
3480879344
3614729532
2769822866
2914124619
2412520102
2533148578
2950637343
2721711272
2659432923
2902018493
2755235929
3315736562
2676412985
2620200272
3050478251
2617719200
3006010801
2608925743
2801049912
2651115548
2609908729
3010926656
2529483209
2914186077
2262236366
3347287781
3798995150
2704446612
2964088318
2707277694
2983754323
2657356027
2281666989
2867059555
3167192544
2557987427
2660681903
2148488652
2336922932
2276851799
3191752801
4657617301
5420083729
4813853385
5244470306
3428546913
4938988669
6029071844
4849261563
4371763268
4448922338
4109936180
4887573422
4507304761
4995158256
4726005701
6581041097
4148521046
5319831192
4947751324
3613658790
4609854305
3825351701
5507019053
6511828212
4067267178
4250820449
4855702817
3460321995
3540286483
4448523991
5147824308
5316860169
4647341224
3844371986
4859656027
4048730423
5206769631
4415231543
6044380001
4570161167
4414271293
4641128792
3666672345
4230032253
4498834367
4833423872
4333652443
6109257199
4009167598
3572858424
4169243376
4917811220
5336017471
5688650485
5105197054
3917352708
5185704531
4661573770
5761309608
4332482800
4505682079
6226607265
5742758299
4867844524
4084523727
3829716660
4078215984
4418043385
4513703383
4534950814
5103016115
3640909867
4547210465
5211096963
4649166945
4274281526
6370993824
3881809320
5244222870
4928108514
5383902020
4707383330
4767725019
4419062639
3421580189
4873081940
3857945127
4349948290
7195028954
3471548038
5970906215
5898554375
4707153195
4352724894
4583376499
4146700539
4640808879
5083744662
3887690033
4846613578
3458332042
5587478642
4039815087
5566893103
4772726589
4481127033
3867684219
3337866725
4386396387
5767531236
3943272176
3459071255
4373292874
4839761162
5953592653
4175428015
5530332123
4293908027
5862774635
4500861472
5281292356
4912625163
3985701528
4819094549
4879011021
5801646227
6007433145
5458030664
4947120245
5184645436
5557112862
6780345750
6190593949
4862626762
6542151142
4986732552
5488379156
5492773957
5912942128
4674687233
5040218959
4718252657
7037066382
6427314396
5533103246
5654982802
7026339212
6003700854
5583629997
5322625730
5063335648
5105793334
5212653793
4320876204
4372863307
6319752779
6062013065
4552615254
5018914866
5745856324
5221796738
5470833327
4542779875
5693581523
4885506360
4932963423
4426427380
5491179080
5099348777
5267626527
4115702070
5159758772
4583087505
4807807852
5138114747
5232467270
4627571363
5235992712
6535297338
5417601287
4392153999
5485020866
4719475777
4256630253
5329697734
5210100091
4771780535
4917429174
5827841489
6055387869
4137327015
6346671699
4581062517
4782229046
5240560303
6356337245
4857901330
5973511759
6345123567
5406909014
5949491896
4378282512
5353847181
6169542726
3730011926
4586106749
4772161216
4866920420
6074319886
5061423029
5466329885
5185062110
5768602459
5233401984
4345765870
5312266167
4137593407
5821975268
5767227262
4621706400
5495683688
5562725276
5065310105
6108989762
4072115513
5900311147
5251464645
6495279633
4517613819
5412867609
5404946651
5091579070
5283409739
5349091662
5653788195
5552778192
6555865091
6282942473
4119647464
6365839731
4238384124
6923183665
7161328657
4572827184
5760015349
5891819399
4951916385
5378494215
4329542810
4261677352
5009850845
5265744075
5581845928
6629256198
6532126660
4846740540
3701282996
4917434058
5402306499
5256472943
3224562694
3678663816
2822834794
2846251724
3002715091
2987203522
3741252781
3380335006
3819082235
3385090376
3258318280
3082915907
3405688958
3123295339
3101825964
3219572692
3392863107
3962162050
3385874516
4106639650
3212942657
2478552931
5745084927
5003572677
5171525673
5144325622
6329079895
6896958715
6603737624
8435328984
5776807955
7267666882
6947371482
7045632344
8623414590
7121608777
7719803232
7595816245
6436648755
6681563206
7201181923
5545113383
7941889571
5055362624
6260933369
5263177081
5367426593
7730600282
8263294399
6201882481
8586919069
6051144065
6178517553
6664832869
6281502108
8013038674
6495280693
6678964793
5954698729
7362458613
5500559571
5257124812
6736417748
6006898651
9071319218
6999278819
7866518765
5812421357
5593165123
6268304204
6504711714
5327077126
11557029958
13229767260
11213797901
10319942126
13629879081
12432330364
11855640688
10031985519
12433774147
10328342429
12142196989
8901481507
12128325829
10705933355
15223975357
15199682562
14843368940
12535963655
9481994508
7788855591
8246557597
9707789391
11280845083
10264156075
12883143396
12527281797
10489153231
12536809692
9516894946
10275155290
12200940344
12758521201
11545977652
11911051853
12894439508
12947272404
11839521825
11998198103
10758711405
14226377084
9416934397
10957913557
9688359273
9650251507
8452724669
9004654530
6021430831
6945170129
8553816995
8092161993
6984945698
9402426087
7864630063
4994283112
7956599579
6790478838
8390220016
7773660866
5593992879
5953007744
7655666431
6548694795
7136684122
5692739801
6130714906
5800604573
5515662795
6144250390
6979525612
6082452344
5581151818
5943823764
5427411171
5552562304
7594317215
6331740497
6499862251
7712317723
6314815163
6791512682
6873460957
5378642310
4430396630
3634930004
4563349812
4115247713
4870434983
5376940679
4709008710
3378887559
5540306707
4413717729
4335248337
6309996003
5249098830
4739661669
5013716591
4739898813
4524784846
4685132815
4467494552
4527942010
4383208586
4952863562
4910549191
5942275972
5662910906
5935027243
4498099136
4882575106
4748438603
6602168423
4725539872
4612480614
5520075492
5605708184
6234232670
11728289915
17465568201
19172752122
14585812068
15184934975
13072639780
15795833796
12287295903
23446799307
21521329556
15758853091
21505985296
19117476586
12907119697
14032543099
15611092399
20130570552
13623050491
12824117826
13749029770
14293907194
16178893711
15162897564
20032431842
15722423601
15550518694
20903342776
4055134575
5262198327
5063631863
5055544090
5804791790
4711454292
4818794202
5665792891
4483244151
4312905089
4786726305
6057834587
4571931483
4567071929
4571136933
4229247575
4564947074
5871333772
4448929337
6253068744
4839699929
5592453593
5350140699
3964559144
6137172478
5634492230
4728084520
6343704692
6405439227
5174265011
6247012861
5367151063
6320334085
4715727268
4946047629
5733707379
4809249058
5502792378
4222728488
4937243879
5126904131
5193830790
4824238209
5072144529
5207812411
4794631994
5196727838
4848759870
3951195355
3992351947
6034049782
4554071706
4338982007
5052367825
5008729298
4531645808
4868456488
4873604171
4762137765
5222479719
4924513622
4437717481
4421363147
5006257871
4668563624
4497561301
5015017405
5364931427
5186386291
4678036311
4928070903
5076437072
4413328076
5526976403
4916099206
4615652768
5507222548
7001099348
5195021924
6017895800
3855162896
5617509303
5482921779
5756724014
5401108054
4944811965
5330887707
5429060723
6078756969
4116686703
6646000353
4477131904
5896453312
5218274128
4179477217
5883246267
6037016833
4937222475
5100894356
5175983788
5674078277
5710086539
5611673249
5376651026
5633725433
4683069948
5079079855
4517046760
5757525910
5936485392
4924820199
4580028022
5007271205
6309993630
4023642555
3807552276
5360824758
5223251985
3935075957
3884862751
4839018571
4752408939
5848186870
4763298338
5742262970
4505904477
4980889847
3627364232
2510213403
2870679897
2858263580
3048161415
2695015945
3222020128
3539339782
3241829830
2913082667
2970517813
3478139980
2761860447
3044218548
2789850817
2869048929
2615317359
2109990400
2852416929
3492368705
2866175893
2860713973
2708989692
3011499861
3524559273
2956681315
2918205009
3265370712
3189852460
3362303014
3100362409
3336886982
3779453512
3085042953
3194501845
2503142792
3392039584
2763829181
3021254543
2865057346
3190168798
3528638228
3265285353
3427719414
3627766878
3415296949
3807718794
3028427571
3371297484
3533423232
3086894789
2563084307
3087203560
3303772299
3391224657
3350793945
3671019348
3402019032
4039169255
3446847762
3394881783
2870663053
3210228918
3139019626
3114253976
2917629867
5502414444
5259553043
4418141404
5157309008
5503859947
7288471479
7259529067
6450756845
6728714440
6527473239
8932480411
7192527527
7945534517
7784937354
6219244962
5469867309
5679910702
7057763316
6032104860
8352837563
7148741674
8703590635
7147597038
6751512701
6414623291
7359544502
6598573810
6814301539
8378506281
6226064627
7507885154
8069816859
7917985096
8632292835
9055939788
8252867904
9051779486
7539422088
6809464905
9068623508
7082220409
9085968043
6657557016
7617460985
7141085298
6521734901
5961182227
6073823416
5238487778
5665776852
5010920607
5802023044
4626582610
4558735919
4922087247
4969425140
6795523566
4497753201
4076463036
5366074992
4914840894
4383167054
4066824301
5066257741
4601747965
4610157687
4791827831
5297075736
5082881137
6189911395
4502301929
6314717244
4849683479
5579832215
5588149422
6325797762
7718464906
6169727291
6308310268
6052070244
7619015975
6589939759
7843021695
7195890473
8363337098
7932998546
9270146865
7341267046
7124432293
8849393823
7903432526
8066574200
7739263287
5192846000
7837627130
6615440047
6663593587
6818602593
5347291062
4865326845
5264583760
3783096769
5010436033
6347001836
4566579078
6704326198
4695847514
4618820105
4624839413
4897985383
5346273081
6147919218
5075720232
7083573826
4075299324
4351461221
3581316613
5082530336
3758121808
4500064618
5695149581
4741214409
4189176667
4107621751
3864416178
5955581432
4438435270
5164571138
4633991823
6292944279
5142916529
5406275625
6201513223
5696344148
4580689029
4701884028
5559994101
4749493313
5447620643
4177149516
4113645572
6390263586
5293273260
6257569093
3965274209
4257625817
3503115360
3431042883
2651071154
3222696000
3558146795
3149929980
3963472373
2661536435
3938353500
2946738955
3578579643
3658488085
3851948220
3569704640
3380938449
4330225127
3322847427
3576697262
3720852288
2945861450
2955833557
2965240002
3340968101
3214949739
3518759143
3268439197
3345341112
3447243586
3475629231
2891274248
3581636220
4097203954
3337761245
2895384126
2802548262
3274593653
4477371424
3479225264
3169962335
4527994787
5690876960
5040140559
6022795285
4247745561
4882680354
5038912969
5324323354
3728484360
6714288810
4894026547
4670534668
5568148910
4934883580
4281315396
5029856445
5443285126
4787848704
5622973704
5541598919
5267941237
4607079907
4829314052
7312057438
5280379889
6255898213
4957729555
5402263229
5930155660
4960389308
6092457977
4541675668
5506032823
4975663755
6104972342
5496664678
4312023639
4238982581
4864757193
5222930895
4767672128
5418709886
6058316287
4891512865
5819889561
4019374444
6177450690
4978608191
5553555352
5672909239
5547654862
5625990507
5740701472
5419238687
6139615459
5586214157
4074129472
6160714849
4450835502
4274148529
4425583718
4374715988
4570248105
4894816977
4385036072
5100250908
5644199464
5990300908
4606538999
5542513616
3974645050
4434655073
6302700382
6005697856
6024127069
5288916605
5189067326
4603920914
5887264529
5134782764
5374442301
5741413352
5478792201
3960268078
2567335216
2661748150
3184294294
2740277449
2918789986
2732810533
3162823598
2069579007
2445590443
2987256094
2926322807
3020177259
2407107848
2801872941
3057166627
2282184363
2729612256
2641842449
3107749954
2799453386
2112435683
2734470409
2782860321
2356805606
2679409195
3224518460
2574317505
2650365905
2898266547
3051234054
2699534356
2904202648
3252129601
2348589999
2585829924
2459305784
3085146010
2410967982
2521373932
2467720178
3195398300
2342350565
2313040871
2394109159
2740897666
2538671177
3171281131
2466820754
2384130752
2422463057
3103470677
2786360143
2414241917
2809119883
3013984254
2422973397
2741183895
2946907914
2579671894
3058881906
2629839135
2343731031
2947941736
2489892690
2470434889
3367062732
2595982005
2308180509
2575429734
3096615779
3209965883
2775148061
2380547135
2781048709
2419108006
3185474540
2420405113
2850915899
2653729966
2384366802
3660735825
2552301227
2320765228
2332624736
2671485520
2974214576
2901452675
2305395834
3406680397
2442025735
3367492522
2664480695
2846082313
5022505194
4802542755
4724872456
4492800712
4727683933
5149944523
3018820907
2828586479
3073916876
2613472939
2966582277
2603288847
3060015997
3439526994
3086037014
3281382246
3096269743
2907447213
2319145357
2955659740
3099512657
2944761509
2851180721
2699313775
3646566243
2535356127
2273098163
6181137736
7084757387
6153830146
4886936478
5881344432
4658833626
4761878730
5398550671
6273033720
6188394117
5198191947
6438765889
6311527031
5364611081
5854263412
5874738977
5207906573
5883484861
6036942223
5988965504
5666447261
5666216153
4936085664
5555160252
6931558094
4761509738
6541008119
4990969674
4372185740
5557496309
4821165560
3259562333
2593261863
3028256290
2803882978
2205985731
2506744830
4599879196
5799270602
5125902997
6717698043
5177140375
5523706110
6549305828
6735175454
3493420857
2434683094
6605431994
5492812469
6218643338
5767484314
6740924313
6190753698
5623593379
6126251864
5988569204
6457316440
6119101029
6174627446
4899628268
7768065154
5460512969
4900595168
5867676544
5436665851
5635371713
4981350536
5985993230
6571382047
5559731410
4131895956
5779653930
5956157226
5690171866
4725124642
7548527900
6122486715
6143457805
5882893012
5397505391
6399478817
5099457513
6930914096
4666681456
5843318071
6402969596
5819315505
5284591978
5678377087
5387938604
4400508191
5796999144
5474930079
4234680994
5418150236
5980135513
4953373508
5980845909
4554396508
5368806412
4656028842
5077552323
6746449633
8733529763
6963122630
7443571298
7544795138
8618974743
6080260120
6359506958
6981215545
5376543755
7050993510
6561653340
6864725764
7286878215
7797094918
6492025760
5208582009
6356662405
5593552004
5602742686
8389948562
7880579213
9178455809
7671882355
6559911782
7616742142
8493224497
6122768262
7500993510
3387422831
4172582598
3176422298
3496944568
2508610593
3167877507
2889136162
3423277304
3377298731
3499537101
2791108893
2736545673
3034746060
2608396832
3724324394
2700969027
3530606305
4249966051
2489092437
3124003982
3289795566
3044062761
3538923051
2856154279
3683930675
3280350865
4347338477
3442991865
3054791144
3005573589
3479659284
2843594506
3002152254
2835285730
3209143760
3007012674
3441496966
3279054827
2881697234
3758261193
2666767999
2600925529
2467359858
2935011585
3143853823
2818283819
2923681535
3757622699
2957631993
2918720481
2944478448
3735431418
3471884210
2384351415
2525083470
3666523621
3320809349
2916740596
2508524586
3065188119
3934100356
3400529363
2520804599
3044254122
2852809540
3796383450
3959562570
2464079572
3067381526
2815068678
2568792343
3347413223
3359411497
2511870283
3266824546
3231668589
2815097209
3111352117
3039777894
3035246336
3692462928
2845130885
2831877362
3576466473
4252659186
3074883402
3624317807
3063887640
3133936674
2964061045
3507652247
2815996805
3261656580
3737843006
2972753003
3226019983
3329331485
3727063414
3030896788
2881718257
3173894818
3405957025
2886904243
2956826920
3162820767
6039822477
6706428890
7117941839
5878989644
4941382135
6727807871
6701059777
7576407295
7266243950
6590563482
6181097668
7621192787
7617301712
7646549570
6654805028
5515951641
5216084017
5998481336
6653118175
6023986501
5102865698
6035882048
6471222546
6777486527
5694092072
5696412683
6354244760
5204974676
5740736442
5980311720
7041242710
6478652899
5998012524
6102359262
8613958392
7697814207
5872621972
7946968600
5201496830
6137087031
6314997781
5528673058
5627327964
6650769640
6556654008
8213494478
6851335967
6748090420
7152996828
8238321414
6097823581
6207003216
6465981633
5490714694
6193535010
6703412070
6496987225
5287134627
6688873084
5164061602
7235591113
5236894407
7537769777
5361900261
7229542256
9575671433
5139199843
7455436963
6844918539
6829921692
8887997893
6832626182
5493342281
7159395691
4973273568
7216582758
9692686793
5197492589
6187282545
5984598897
4930091823
9641034709
11505356023
10167645321
4835808807
7563884693
7513213774
4367956891
6551444121
2505406359
3556139531
2857742878
2938256439
2542598922
2605740297
2933722509
3216635442
4277864700
5954450625
4650866962
4856034107
6334037220
6289000566
4882385130
4678086371
5785517728
4865045918
5131729027
5826136264
5033031377
4960451449
5172610067
5981911703
6415095007
3841932696
5977604787
4961191945
6803340904
5430384175
5780695621
5450753821
4869617831
5525251729
4972386321
5434781831
5170223665
5363305544
4660376023
5793201699
4805640801
5373949756
5269361291
5630419825
4867364923
4632631829
5041253628
5125378193
6064411870
4808718421
5474002915
5371085120
4677101441
4972208292
4372908024
4644340267
5731705468
4601960193
5723496851
5476429273
6051675815
5983790982
4632890465
5049933773
4888845261
4576312442
5577919926
4965151603
5436909088
4943862707
5518531671
4428170028
6282871578
4591826252
4953132158
5665624998
4653762991
5209549345
5489251309
5094514297
5145832753
5965813081
4854680549
5753305818
4535560987
5583588256
5921164639
5557384382
6771520761
4966707353
6280737967
5268518491
4914179198
5990697271
3761536842
4713762313
4519411684
4786523415
5320217501
4869272829
5418858271
5469986359
3682050759
6082904609
5413403243
5010218931
5261954304
5371206651
3615757498
3956208117
4706844007
4893930317
5131478444
5128430665
5928338117
4780017248
5235147927
4574643658
4857036942
4551972588
5360571187
3585358792
5250365679
4508339862
4104813669
6507448036
5101806772
4809266265
5773506117
4107954360
6072485685
5078454090
6039147396
3779991756
5313903883
5573397011
5659909667
4682944377
4899891996
4519090367
4757236195
5003207515
4693685362
5272737334
5213015424
3774014477
4596936675
4479346798
4089304821
4804784046
5209886450
5090009837
4771501605
4779573816
5015860861
4296075159
5269212350
5234515151
7425912995
5169779269
6304283026
6558915688
6565401016
4749010984
4658631081
4068757069
5461037872
3974188223
4678901903
4640478894
4575209223
5684024617
4703155623
5128859238
3778825215
4876006773
4910385160
5197907054
4402322128
4277788333
4727368453
4711985544
4631549299
3475080888
4217657963
5707836877
4808672686
3774065119
4962675775
5651804805
3678866634
4836486867
4011995635
6180920734
4810331909
3599695151
4897779012
4542239909
4040852638
4997942549
4566608142
4403700424
3750623464
3478650600
4133204894
5076261693
4538352190
3652903378
4874636893
4064677738
3525233003
5570985052
5190497827
3853610523
4985644324
4139699659
4171012849
4718251020
4664979117
4601271407
4780022205
5049461153
4145621430
4013611920
4629681508
5088758806
5303011030
5010918603
4258668332
4959083377
5105440559
4361597423
4787125830
3128348414
4271846685
5371854741
3502620658
5559085418
3866563958
5084839156
5486771693
5034912510
4762974424
4329004935
4750926116
5054528319
4636677429
4911687217
4513059106
5322128483
4726311894
5365038021
3825763468
6095254408
3890949010
3685245802
5646506953
5068492700
4477666118
4781702854
4447090745
5386084774
5151519561
4848591926
4075831743
3847641323
4113847932
5105356355
5022418830
3979452614
4536704819
4320369815
4904061374
4179128833
4501191190
4974266894
5211108542
5070313433
5624080303
5139428894
3999386734
5686905739
4237516792
4635189803
4310434432
4413160129
3626034738
5233858547
4875585083
4107702336
4447745902
5041065154
4538599442
4643146955
4815697911
4060092716
4247627454
4192783607
4672429686
4365312078
4413828464
5463445449
5021755417
4738546610
4407290500
4778031230
4860195914
3765605029
6526993207
4387789957
3825355786
4208482785
3602851309
5267979306
4320652816
3425043523
4968708433
4325538885
4381276959
4757670185
5093762734
4087337730
5872693087
6422161570
4955972697
4275291315
4069384238
4651977747
4262623832
3815915093
5223673386
3567415686
3893787417
5157907153
4751575460
5011346945
4835853895
3995924777
4309104437
5615782106
4310057761
8513186326
8143970588
6378244117
6499376154
4512362269
5046869552
4915063107
4296757846
4255866843
4406912076
4407403019
4054759190
4845533984
4456088348
4469781266
5209413269
5452575302
4229604886
5014987605
5173949795
5257412227
4793693376
5088195704
4680165027
5435334054
4812828484
5325766252
4977957378
6182775826
5550733814
4331398883
5214598066
4994134005
5314387624
5605998556
4827204538
4386456504
4497093300
3470311752
5488327984
5595715392
3878157774
4641357962
3315293055
4296102154
4427160504
4962166290
4787013225
6044264329
6809427378
5948054501
6442576049
7341204383
5702871590
10651166577
6369922024
6605397699
6609367283
6873024454
7767339753
8636881522
7458913662
7045916150
6326256807
5610971797
8436508965
8543527559
5101954372
8957882334
5701286520
8787800146
5746545248
6714781061
7243392705
7380424324
6866198782
6447898112
5570924871
5878761486
5333808834
7886720763
6936654948
7710061458
9117034038
6761794817
6745307198
7957632221
6851164908
5837163231
6342850939
6542703555
8164294235
6827429157
8937492915
8177032257
7211707305
7182085285
7138454409
7955099578
8095834162
7012330907
6809159797
7827067435
6095165995
5890159458
7354139843
7207974976
5245154976
5793856559
6999282199
8285925135
6761307009
6850590681
5650475808
7841997518
8620498613
6496789931
7375504153
8532478608
6309593251
7868690818
7373957803
6499957470
6929730591
7978826914
7875909255
7060374060
8108049843
8832799026
7935052730
9185942421
6406660717
7617405210
6230978692
8943930734
8406095679
7900482774
7761172083
3394396005
5136087764
3782821516
6003963447
5593927037
5274631523
5015342964
4809914705
4551164793
4548228324
5218906076
3702079668
4078583642
4425512047
3903284090
4506857971
4663928949
4832842297
4528004659
4253428593
3881098331
4125458709
6502946904
4912208750
3642032339
4768147346
5059247199
4821327864
4319925230
3888745421
4329416230
4583302048
4059870522
4734280730
4287471929
5932202880
5275670734
4999612979
6649484840
5880172259
5397344761
5506171487
5576594037
6730869445
7045853578
8300516718
8144392574
7581971574
6802609241
6480305328
6783066609
7648639998
5708962165
5509851962
8322294972
10103958572
7301428598
5922162224
6602746705
5169359919
5345628652
5964429134
7534551452
6989045715
6776605985
7615966916
8254170922
7627897620
5519063881
6057255633
7118956800
7817272368
7336487584
6541379818
5926949943
7846732583
7346420955
6077389861
7903815994
6243044667
7070358356
7477579398
5423207197
6630727502
5472321463
6075716952
6441645206
8748689584
8830784234
9501968466
7721931721
5920547507
5860410250
5169985815
7739901056
8340336778
7295568838
8173497390
5310378392
6450399271
7661760726
7610632008
5757224239
5506780106
6729992146
6348343513
8164840568
7078364151
6905626610
6663147218
8550056221
9643638650
7435722747
7204142075
6646819172
6419524092
5929954679
7023214520
6698251817
6743497825
6931872662
6612183339
7697793042
7089135522
9131534560
7450978520
6337104382
6069857593
6690642514
5869583995
5865179715
3710047677
7085303632
5750990112
7042631674
5658378146
5726240309
4329265982
3888993768
5280471898
5155780326
4846421187
4452989801
4744465764
5439598478
5642766099
3729228518
5032159307
4317889500
5011974200
4392977160
4859643451
4724149889
5072732959
5007105408
4068003057
9405229308
10454888541
12157534347
13314850719
10564071038
9819600071
12656402874
10687112966
12450610558
11301224653
7283802740
4245379000
3923706332
4615012200
3655077798
3751793305
4717805395
4108446383
3885091945
4282623276
3221671169
3707088841
3735301718
3534105742
4484126154
2769534267
3018013003
4010308968
3953978499
3541662622
4633614117
2944421595
4179075572
7791567066
7490486697
8170891186
5569261536
8064714814
8003101079
5813722213
6088424986
4645657413
5617792289
5146263840
5449344042
6537631260
6942029788
7462111948
4322265658
5198334434
4291935872
8608456171
6532560643
5314519436
6420469133
5112279839
6098039002
6956445402
6642601367
7060497214
8278509785
5524099801
6292319654
6995899649
6355533677
6604995503
6569674908
5108956498
6096576740
6981791197
4959301589
6005246445
6388892557
5502300513
5203766226
6311291426
6337139205
5829655432
5711524200
5664329565
6653561645
8057824610
6426515593
6930161402
7118233972
6308796123
6594761317
6110898245
5998628712
6931029543
5702057779
5215087317
7121053331
5576774922
5800544644
6398789327
6220011471
7046022207
6798749481
6936017446
4087492382
6237857105
6173623498
7226458150
6749544670
7425041948
7694831923
5766647030
5773556747
8146431265
5706460608
6658116940
5296372102
6463211942
5647830269
6149363949
3734430380
4045824737
3619348620
3119153475
3253478485
2986335466
3940157112
3546049160
3303503416
4940681757
5531076062
3778049239
5212148287
4731077697
3912465617
5698742958
5067439703
5226864057
5049865130
3829974619
7570928949
5921103891
8701155961
4953152253
9060664361
6910677657
5546703291
7949783960
6204904449
7804932493
9915786905
4882497731
6977287287
6037694418
6175173291
6659729773
6619713733
7331115300
6356814383
5615982906
7154707645
7313835116
7499634515
6014581048
9317397113
6852758393
5215130065
6543309959
6600688939
6147066313
5375254374
7897807534
9071141978
7903595820
7624049220
6612889620
6136710481
8451980379
5606440039
6412375034
7157679324
7426543011
7386116891
5455942392
6719679983
7106062503
7690197782
5956595760
5922877610
6631319328
7125734739
4442129851
5889749171
8893960674
7311136252
8567777939
6775846202
9069361920
6404599876
8180060669
7499398217
6434572324
7788780611
7557446543
6755912772
7253101822
5817450297
8234803992
7881524544
6229549605
6510393967
5574760852
7231067219
7243912891
6923857428
7055056635
6746353699
5719800516
7596947790
7113787483
6169838902
6814852427
7559293238
7380697231
6168384116
5775884233
6526387885
6201877514
6248986706
8016176769
9013658238
7768004979
6222788631
6381084790
6535999406
7735236193
6424706353
6341997725
6496153741
7044365111
6201971939
7526621797
7258495397
6498487846
8362867626
9213976249
6412771659
7141481735
7459873361
6665337105
6640370935
3204955492
20113923745
10424841540
5899923394
5006529356
7080998656
4569128144
5144920397
7009361832
5803591833
4907072092
4437563533
6438091776
4080645741
5751983081
6257684559
4859541236
4605892958
4186925436
5427076880
5410409831
5125350010
5295947295
5277919744
5329261152
6822359393
5498537720
5790822016
5013668633
3920989608
5249195759
4719096969
3743916765
4373665400
3115216780
2931885887
3870131071
3173230498
3359633850
2965429434
3065086893
3332730872
3424883584
3809827150
2810829480
3674443040
3296262364
3166787646
3014768210
3571282273
3276815581
2971339892
3183864830
2829231898
2793983972
3333190863
2625253676
4370644659
6244831816
5044791816
4389121618
5397458140
5407551331
4416141563
5601554820
5642435455
7115603004
5122417979
8993207755
10407842708
11415664935
9182087894
14829814815
11874938886
10169933695
13030117526
11029677680
7774723829
11127219609
12375716895
9820452168
9812481446
11147770782
12145932229
7871495723
11178756592
13390266260
10013048941
10407302515
7629674933
9547585584
9394317342
13028232036
12302311742
12425753447
10625291756
12383472796
11169734109
9190053735
8950952399
10775043957
11190476352
13508747120
8711172042
11531602624
13567452290
11812885757
10985680274
11997653476
14017444291
16034861249
17893321609
21037855060
12291936324
7179917511
9048482985
7435305639
6072642134
3680021989
4102683039
3911588090
4294356962
3198568885
4044040824
3547406509
3484650390
3275007019
3499738268
3140864362
3214663038
3607808148
3277264914
4178070486
2827669648
3819759112
4239799452
3610920708
3157348357
3598021762
4071421630
2657151596
2985180009
3555241690
3606885661
3598951736
2964918805
3252225761
3723097955
3294513134
3219099810
3817157746
3464132566
2569074198
3228362457
3284382896
2626325936
3449768831
3022027763
3927451013
3122767147
3486670855
3175403431
3918780484
3177659428
2978660445
2508106840
3219885034
3506862560
3204721759
3556907185
4124265167
2977910556
3863224141
3713412206
3450321295
3987163807
3464116554
4149586538
3840180758
3563554247
3313037027
4026406980
3219671491
4226670682
3860538724
3197605564
3705502706
3247044003
3533974536
3998407491
3795536711
3444315497
3956404557
3586412164
2961596890
3627296764
3632182680
3398256583
3076024019
3247304367
2959918988
3174523128
4748274867
4856989516
8715188275
9470914253
5892550898
6984103897
7076905457
6792980687
7749431430
7596605819
7348655649
5210623561
7455508780
6818349692
5472651926
6763352428
4671593825
7912757492
5841476730
7791681643
7904799603
8253869057
7840565749
6661322334
8605088374
7327640936
6685938939
6436358274
5628494312
6872428394
5981748261
6914027360
7311979829
7826559249
6330434104
6669924475
6377506853
7840992007
7092153836
5741441353
8902225815
9668134339
5784260413
8560211690
8273196680
6896473233
6560369864
7213123523
9066195105
6776088442
8010500609
8032831466
6467874398
7586929069
7797571879
5970691872
6801009261
6186290422
7982593017
5691506483
8467819040
8340561477
8738827007
7493750083
7387559996
6442089937
8177569593
5191036269
8184971352
7873332920
8190819179
8742820420
7363741740
7765964853
5118700563
8819634035
5472492968
6421543045
5833226847
5017401466
5203538634
4640543359
6437365369
6258739062
8002959838
6890546954
5749002600
6736366205
8084907187
5124697232
7099057450
7030133446
5184816851
5621751750
6526741825
7859103589
7290310213
6256181541
7514858703
7216356207
5732107177
7484586038
5879842530
6963978231
5949362327
5108289449
7015262392
6447806696
5338437896
6150237470
6228323809
6050583858
5287395790
4269408591
5261290329
5482754643
6032591327
4321378091
4487306064
6249585659
4567208585
5293883923
6459830559
5863241854
4733709070
5848667100
4015889798
5317468367
5258178169
2630817357
2854351403
2611504660
2284962945
2746801586
2326735618
2940252818
2225916417
3196461857
2646952534
2446922229
2778793191
2325337629
2627597526
2430214001
2297166625
3452701874
2399703296
3175689629
2716531359
2962606918
2725741406
3045747483
2989739928
3432957487
2536165944
2520136925
2776292682
2376319279
2455527009
2588932373
2895147078
2315199122
1957401471
2321941928
2628506433
2536902863
2724229938
2474277290
3175480476
2919764455
2353037995
3063954066
2753219622
3292751232
2603743196
2687181559
2817362536
2389540386
3366526280
2790302928
2754517336
2477854161
2373912187
2862091569
2607312535
2875559360
2666147905
2545028098
2369079775
2832899245
2435821647
2940841909
3192933628
2424846116
2383145067
2316223625
2522323640
3312391422
2329201781
2412210442
2567852362
2298198149
2190710314
3003126490
2518604838
2945825575
2887520968
2908517338
3458093614
2645149665
2060672810
2674199119
2823329450
2746540316
2662336565
2994524199
2906723890
2648988847
2556303477
2906932760
2262199365
2495723882
2748816821
2404127387
2657762190
2733931833
2654689309
2758596681
2505835496
2305915401
2470649027
2800442461
3177795125
3176270973
2568660991
2490598645
2626319925
2996575392
2294954509
2583030823
3423010352
3294570861
2423941251
2611479269
2373739979
2723179121
2365417268
1817912850
2261634917
2080047544
2334230985
3235361704
2633489614
2688725548
2994324335
2874841722
3120505627
3388389766
2340237934
2747813352
2221568617
3082699289
2939808911
2209535921
2991572299
2832936234
2871359683
2370074480
2619810679
2657987628
2849506114
1966112353
3131033523
2210358155
2499941716
2551831884
2542181924
2954993346
2090510104
2602738527
2515779050
2742333974
3315691203
2680423435
3057742934
3322930843
2586372435
3238275449
2582446689
2131057451
2704906261
2764630200
2586887047
3205091977
2735569800
2513996494
2200760916
3689974737
4377290812
5084584954
5765167358
5466703759
5210874082
4228672339
4661865427
5300119168
3664420668
3904672063
4401902171
3834498478
4920470594
3598908683
4369026139
3300576699
7705067370
7341611264
7270411457
6394472241
3707283066
4794202638
6306696150
4894245463
4313199729
6165487788
5326537313
5375119283
5230210326
4840661866
4717896602
5793763662
4857458607
4992455331
4894513294
6196005254
4681121764
4853219534
5027039330
3665313440
6436134235
4890110794
5893625026
5007008069
5218295730
5971877723
5790456066
5357884091
5505359336
5920427597
4599139288
5669758954
4259056184
4499212205
4004358870
6448750764
4672672979
4652535750
5420526284
5015553590
5493864482
4932734621
4929569167
4316965284
6172834917
5128538246
4606271553
4790301972
3969553543
4264097456
5956006520
5240481482
4349589117
5361482493
5451657167
4298598690
5279157831
4145406439
4890745532
6131482282
5193930033
7461265245
5257982919
4996438759
4633292700
5969695285
4022452031
5918978930
5299047129
4025050325
5196613420
5220866554
5874526629
5481400545
6172497926
4985097028
6310455613
6016215392
5594315080
5162986407
5464418760
5793244609
4695022500
5687208232
4899581828
4953973026
5335862452
3604438710
3171170959
2390360247
3066893262
2539941985
2998539462
3081932803
2567375217
2932370506
2743225849
2238636062
2634933081
2669770572
2627704555
3278543321
2434217339
3263735804
2182416559
3060795883
2989514404
2532269845
2438499109
2204658823
2656067534
3016931962
2508183114
2299571734
2964217735
2766717919
2593909178
3399301479
2499799350
3423052515
2044674861
2657606911
2667609005
2479342328
2810897922
2540597852
2096231653
2427913848
3202193309
2777205264
4364503054
4033886590
4244711576
5006904220
5096087043
5006310794
4120938330
6620857849
5340650569
5888030243
5736130568
4950886039
4856255443
3900678141
5392228003
5429718916
4982840011
4538608039
5032145842
4639248537
4891714448
5474345515
4430166362
5019178922
5006022961
6256165042
5529005952
5394657493
5597596421
5983438429
4930625651
5376061856
5315951679
5551489226
5673872214
5255377711
4880305903
4664405609
4495372453
5347663290
5672294514
4544199026
4774721270
4951192534
4510498040
4991776516
6043954147
4378967708
4657269553
3649894808
4942898108
8407556117
5390224099
6319478242
7779283860
6114035693
8172264334
6222832621
7695617496
6590493713
6435780685
8914328931
9445500375
7021409820
6483020985
6441849969
6388873988
6356633612
6272565610
5358596821
5494176821
4939068000
3888591480
4960694401
6180943242
5442878491
5418232683
4760325449
5091872285
5615906963
5125337244
4866596365
3891076125
5715860326
4255427508
5218358222
4582682116
4536319182
3851426008
4323044765
5258971297
6742170979
7359967950
5970529671
8174642262
8107649388
7422733140
6307442121
6082519771
7981780562
8178557608
8007633290
9706847246
7290041759
7778115852
8247152939
7122501193
6923491492
6077273483
6071791089
7598767177
6414656979
7587930047
6735616585
6263416604
6234637025
5763776029
5547392893
5946516604
6525477316
7776244746
6614640351
6783510022
5133373248
7953122142
8008156318
8285359390
6163189143
8724354544
7307295288
5696528147
6308044687
8715499805
7435544121
5387713471
5496834098
8717775915
5054341794
6443256488
8301473508
7836698294
8674381864
8020379434
6098687435
6982021693
6596085711
5126759845
7245376368
6736797520
7080585656
5360899179
5248574343
4555027427
5451790294
5069432567
5859650876
5042956043
4902380806
4621658448
5446370317
5803108754
4835475563
5949887849
5528604774
5869312198
5519912230
4769578888
4946886121
5354726782
5718278666
4122460039
6410079967
6071755723
5213253058
5920598041
4938678794
5737232763
4881795383
5568636597
4929207173
3892834513
4401404727
3680422237
6086931134
4278566776
5764497199
5088571164
5011882404
5322123919
3172453360
5639752253
5566556380
7227159777
4472896386
5814840012
6277604109
7081887309
6456573552
5996056386
6905311968
5155400710
6439275936
7091657997
7229133228
7663764184
6627825771
6264271106
7439993999
7107642056
6069504160
7378247880
7737857911
4889367199
5553552777
6444130383
7591311929
5555322098
7492028146
6636204393
6984959527
5460115071
6087056362
5215814185
7097654524
5587569047
7392007987
5891868428
7503444109
6677345884
4273135390
6922555107
5757036764
6519586997
7444922347
6103443928
6587155025
8234749950
5265672967
5957571190
7602208588
6238197494
8954210684
5132714721
6083928107
6176132981
6142868278
6202340795
7392767075
7156967516
7823124177
6377061015
6872537265
6632276507
8351722002
6693929815
7166299984
8260509305
8020533829
6383755132
6112232229
6966387751
4988666564
5747598325
5996016329
8063142468
5939241721
5120556286
7642355198
6371690715
7596118571
5635032122
6200709651
8178510325
6410513799
5687925271
7636832890
5769012543
7477694110
6266755871
5830835899
6130619084
7115916683
5501310163
7060871978
6931502211
9239889868
5141658511
6514781473
5504698382
7374015138
7819468195
5408157182
5884785236
6471610536
5672703774
6993886725
5327775075
6690158840
7633998898
7067226308
8152664354
8148579612
8315240173
7152606018
6766483661
7207998383
7525351609
6362582071
6917926810
8053824225
7257765572
6335781264
7253795807
8641127408
6216742194
7390842076
7257239870
8248227374
5442571628
6824108301
8036037878
6475623486
5038233731
7234896449
6693904738
6999892733
6400036469
5969193350
6800361190
6532748322
7457899979
7168848163
9598148373
7339964595
8008785802
7049780064
5679656814
7436170581
5582236273
7095337444
8580659284
6875479069
5138672260
3657556807
4931649058
4306352289
4878077735
5886211428
5154030840
4675315594
2771743107
2575629018
2274116308
5862612313
5102693292
3992811615
5556235405
4061605764
5120815316
5146683740
5335032552
4475119408
4282479054
5249184433
4990427617
5066273006
4949161931
3796066952
5721918808
4383030806
5826082934
5841283274
5255415742
4654045460
4315473094
5974887275
5657180460
8161831933
6997946965
6099947458
7028124919
6514652921
8060035880
7320818596
7485859660
7504424064
8064044935
7422894468
6261302334
6104662220
8573059976
9369084072
7939180897
8232590171
6109627040
6778718701
6501298441
5349660729
4510016399
6811522002
5712889468
4377138412
5827376457
3850895010
5682750438
4704921037
4595131840
4860983537
5439511635
4269721740
6639203684
4822038586
4230187289
5531149057
5479273287
5751477588
4628640843
5244067507
5801562794
3654956103
5735325409
5151114353
5764588376
5096142418
3994294297
4332797137
5937676836
5986890106
4744647580
5175449344
4320176257
4612893344
4979932484
5811021006
5408304268
4420646010
4373695884
4402149821
4169763293
6153603895
5144316907
5658937442
5049459727
4803579635
4909145206
4127812402
5367567136
6237353988
4313339854
4634022059
5242860357
5853662659
4765301303
5477167015
6058274827
5918331546
3976551317
4882345318
4241775797
4777751096
4840097574
4430185423
5415941980
4064748779
6103716972
5077305147
4574034087
4407983097
5464904317
4364804225
5682782901
3258079980
3176722002
3845172859
3374566929
3414213966
3245848973
3507025284
2232713644
2958546475
3291572821
2848488200
3097178316
2971406151
2643847319
3151300927
3147558497
3011626258
2558273395
3724940354
3283023723
2502758160
3606263790
3732905398
3281753281
3394056095
3024827419
2728376770
3147065954
3412032025
2548608839
3452313056
2729285944
3179959859
3024510345
2735747150
2530304663
2681087170
3079592014
2698235718
2970298405
2607416339
3086845694
3128588996
2577692511
3524745811
2790775799
3062008908
3102742864
3540409308
2953439770
3385203291
3188187869
3802294919
3767168033
3060234607
2811061857
3172869606
2876077471
2749565496
3049435681
3323936578
2832535996
2685525600
2411204129
3009647007
3198465224
2651535914
2935350023
3897842236
3061488329
3362928272
3611962263
3585503760
3003567285
3023938055
2574944485
2652696975
3219374803
3474474328
3158096298
3624965911
3221097814
2547485471
2922526245
2621508272
3645129599
2741956654
3061917046
3038086487
2926185394
3255548705
3400156410
3105943258
3182447500
2893696193
2757910475
3148334887
2851263670
2912918613
3168212383
3576666707
2204937326
2482203670
3176588469
3323386333
3057684650
3300918799
6657360048
6542670474
6834228080
6907081406
5502481971
7480087744
8404706997
5917079163
6038814481
6450524755
6438293103
8237427317
5960953659
17195888711
17706245644
12413564745
21370703410
15472744641
20946579738
18357951413
18395339227
18268471282
17283569098
15975940061
14162589619
16652746214
18633250136
19955152581
16326276148
18301070828
12184494120
13227413755
19482690418
15826517942
10200416854
9817989034
8547312140
11303447312
11177446507
7876126939
9029692798
11500912386
2981630690
3211849675
3002361781
2843770011
2845118040
2696881977
2782951017
2339535614
3030477272
2677930979
6725367726
4131534142
4245082885
4576571459
3785870862
5156104283
4738133078
4697396470
6048320384
4400921115
5965821760
4299486827
4788219766
4069091205
5529996721
3982217843
4631564707
4749601115
6035896375
5974998992
4291122058
3548699089
4095461765
5035793532
4426636426
4405546522
5869001477
4489409353
3971879344
4925377597
4499924006
5809059662
4950244992
3633189657
6248523087
5013891239
4764621627
4946131156
5144519464
4383448198
5677895805
3869052937
6547964657
5732428369
4415728498
6054998080
5087112749
5073152414
3593468923
4387827410
4352483422
4234635440
4570013520
4212150045
4857248403
4609678368
6033129635
4863443271
4536458731
4346326343
3666773246
6132846435
5120006314
5028698439
6372230686
4428165527
5601130641
5384859827
4633395597
5226113018
5097802068
6686824306
5161599261
5693982361
5578106440
4412921144
4910185741
5256406201
5961283113
4999280756
6608618651
3840573817
6128444037
4044980273
6084907762
5007870246
4749708028
6108338730
5517820051
5691093206
5743029621
5296907174
5868598851
5231174611
5315883042
4674792855
5453597698
6046867941
6290952627
5299275174
5382836892
5139053931
4961081317
4668178901
4965906186
4534192143
5137672901
5600372748
4619597856
4835209562
4753626314
6268426021
4987666952
5844388946
3870846791
4738125456
5418174603
5324414452
5793164610
5283841975
5527727299
4901355427
4853228842
4764597327
4411497250
4760452105
4062835039
4899423364
4183869989
5039557158
5295721003
4957686870
4723310849
5287865113
4409279892
4693040331
5040916849
5483574461
5714173259
5526033570
4470906051
4774093545
5476184734
4136976499
4823828167
4561959555
5203146068
5257554557
5443558814
5084644463
4415035985
5455248702
5172662994
4367781541
4793129252
4398054400
4356024366
4774627115
5096494021
5473785370
4577381050
3676800928
4980818133
5245188279
5128553519
3767914620
3267814244
3273117434
2683256908
2464447682
3858359927
2546614624
3578380567
2988897299
4857949548
4871900291
4003152853
6196100905
5424726425
7916793303
4365807312
5935969426
5279868646
4643762121
5697970004
4474829539
4314043843
4833926415
5251594583
5242712759
5087131942
4226100509
4818280284
7532877787
4658599200
5095107522
4518354658
5994293680
5999678664
5782578687
5978898700
4706201424
5665543109
6896942765
4483821110
4906227907
4728274784
3682792377
4999058275
4546480613
4428479345
4416864616
4946744902
4729266110
4699291887
5725679458
4699066766
3932383020
4533742074
4251655246
4864499658
5109885433
4645987596
5136738527
5372091152
4063437495
4064670303
5315214230
4576243697
5800073994
5594874818
3852095818
3682590345
5182549506
4319188966
4538998594
5407074952
6025797322
5093831472
6176928277
5532763000
5572045700
5666951301
7201875029
4869083184
6548400441
5871397749
6221955035
5310512053
5376781504
5069714046
7370453142
5207107334
5302546307
6667712291
6037648590
5465300861
6559526247
7313424520
8194946645
6499518696
6391118380
6078188561
6541744752
6263865742
5879861068
7635858281
5100536557
7056848126
6203221799
5592697534
5999670097
6717176925
5463017068
8561095000
5431991968
5480983050
6416605587
7225334216
5712354210
7694694965
8191042099
5863690168
5665243733
6696563599
5929317375
6578916754
5997727319
6156339580
6104205762
5285763690
7859483276
6608181700
5422856329
7208612971
5213051006
4689143101
7008132737
5089633204
6815303213
6558623821
5263883496
7192254210
8315111032
7437893541
5452605595
6866403034
7723285037
8429853343
7068451580
6135909162
6618737547
5889243733
6369286632
7086203644
6772987505
7050712457
4198913575
6606433359
6049176826
7151978315
5047672553
5785566529
4716947646
3607464349
5394040173
4877754707
4334780915
4368005181
3600916993
6148877093
4844863264
4386034810
4497622158
4474626573
3984686051
3773150410
3664308182
4722392717
4837503247
4583001538
4433010604
4099697073
5201341113
3575079849
4359855696
5758877553
5513487603
5535284502
4640914387
5376725364
5420892183
4382715025
5169410669
4719394605
4666961570
4124661849
3965834426
4677586536
4935985511
5468976488
5879766271
4932665072
5928252804
4700910126
5815677370
4301760685
6625296112
8306743651
6913424341
6797290584
9694548989
6875030634
5927410686
8701621797
7268802518
6556769978
5254553630
7441275778
5043832149
5216247004
5362787953
5310249002
3962955420
4234386042
4469418795
4342544881
4753405750
5235131732
5718474903
5888814076
4303814058
5704082894
4834083474
4661063932
4881072674
5156105648
5092296097
5335046672
3999106705
4052633556
4816413850
5796505619
5071965257
5136510125
5274050144
3839023540
4885420122
4592160157
4718136661
6492685456
5254532728
4415003346
4703874928
4246688551
3598726625
4791621907
4651851710
5015413727
4391366150
5202569136
5529735728
4884717005
4792144255
4834741657
4749501241
5061065396
3974941424
4781289798
5518735715
4922378151
4500517917
3627998796
4714626300
4322514862
5729133509
3807035390
4508819096
4767000586
4230991633
5001430694
4918397618
4794866302
4058881007
4967796172
5259222996
4619357948
4340020612
5305912052
5448299944
5522536523
3233319414
5636216807
5350683956
5358674533
4399643848
4738680062
5135409714
4827442076
4059049537
5621911789
3994488525
5680652808
5728628160
3406267260
4448142072
3835801983
5639805328
3982531558
4518492981
3824851822
5724108402
3955561566
4757353424
4583636753
4979758237
4473722381
4246163538
4294761094
3423909896
4460225615
4053131832
4158255916
4241876164
5677128400
3856038092
5121747185
3740807151
4362447692
3404508681
3638983019
6140602490
6614827677
4894594125
7124087163
6366352494
6564127992
7502705246
6192772801
6604893269
5038967537
7191133483
7592664347
5639441717
6822652663
8020848786
5680623755
5102500385
4848496429
5577572103
6171580902
4747539211
5221481324
7574071493
5840265139
7348278127
7487839387
6411940683
6434299313
3767405070
5878885304
6653710485
6377290612
6530155770
5203383172
5931692309
6604241498
5258717873
5778967046
5971676055
7010593428
4798027797
6562928676
7050800698
8013999385
7253199634
5293657245
6213829553
5712591993
7712985376
6710284649
5680446661
6212054801
7269772258
6052871661
5629316076
6646943182
6471245336
5050019929
5562151249
7237867468
7308085583
6294575311
6254635591
6337716506
6523989618
6381858817
4539995382
2771399299
3436833005
3368414801
2532659888
2547165506
2724819805
3036715305
3290731400
2907326430
3602453406
3217937330
3946196517
3107697656
3086103011
3370855564
3414019973
3069199096
2674243081
2922410563
2840932305
2938578583
2792507166
2301002922
2962203813
2929016126
2461759142
2483852699
3473979912
2372380242
2194221687
1880981273
2342205084
2823357999
2391730889
2632612004
2993166024
2474038520
2462499512
2261162113
2990135189
2293123847
2689473711
2620579521
2491746502
2131837050
2998272572
2625297367
2380627401
2763224025
3021852637
2816935157
2506276071
2342811963
2125141702
3013994359
2205334871
2316752605
2746175526
2962047793
2639328549
2336565357
2644887920
2389585938
2120274334
2555668519
2678153581
2371436295
2746631635
2640590894
2986293564
2905450741
2276579969
2812813350
2667996695
2335389825
2719728554
2874422424
2813302120
2756368186
2759968341
2854798523
2432950666
2393334041
2515778235
2471048442
2398089163
2533617694
2656905628
2350539611
2627173478
2417222147
2446702454
2660876478
2874502689
2280563161
2495441762
2123126737
2489881626
2630095636
3000244373
2235492446
3084432554
2754472495
3118587793
2619663034
2301567702
2970449893
2563055231
2264757999
2367738483
2547865508
2675089804
3145645621
2504686128
2374629626
2510954316
2222745766
2765444518
2474541431
2587659624
2273446842
2200138872
2663078028
2354581361
2793174236
2647056675
2813804114
2509837718
2717183209
2474306621
2875327268
2341641688
2496913305
3229167046
2739238840
2533952498
2925204553
2576375783
2345226901
2824910503
2827452602
2878355225
2831712056
2028286358
3359128401
2425167130
2719777765
2889882712
2920954202
2838711093
2395616344
2592594341
2614920726
2834106836
2387296090
2496225073
2382832692
3060010383
2115910268
2983275618
2738874433
2709141473
2488640123
2058430405
10173333155
7385558289
7635143683
5488813641
4226684248
5065093231
5383122022
4224834288
5466160341
5042313884
5883532886
4787458026
4948103543
6151074684
5786471153
5075328356
6086954875
5054084779
4696367083
4691981644
5820977620
5151162886
5655781141
5287128724
5844620446
5727985361
4118539627
4993495607
4282262505
6130079798
4120981967
5116137829
4386674238
4297251061
5159130707
4327483484
5068456697
5437103845
5318095867
5852671923
5597358943
4888091434
6095712124
6720541863
5169994498
4026101259
5072732192
5888672674
5389505665
4662987548
4501464570
6126546067
4958687710
4975957412
4299510354
5325927625
5549340782
5505633990
5306817936
6075830240
4286176950
5084908352
7015651608
6191236579
4671372774
5378285567
4803817113
6235878656
4653084120
5468720960
5120482136
3945942424
5380041735
5527681403
5662878457
4351014923
6368547671
4381679958
6007498654
5066422385
4333543041
5282202728
5195045016
5144157726
3883053277
4514354591
4784736943
4255356653
4494925934
5319875845
4997244119
4166679507
4212749064
5242089681
5385887183
5364128693
4407666333
4627556453
4622116602
5445877020
6367547707
7117645498
5596548919
6758777235
4844421149
5056101426
5009224621
4630170764
4055227531
5783638948
4102004745
6025744954
4840504171
5294714732
4994475402
4631939863
4988341481
4213874063
6868086224
5218885199
5108709913
5093196979
4380369943
4602331853
6269938671
5834629107
5738350690
6172316608
4764470325
4795399271
4954269910
4251933101
4929034759
4847961928
5016377389
4718306455
4419439756
5634263441
5355770931
4602418508
6121363550
4848101770
5094489518
5368480685
5212173935
4969914374
5031309502
5005559659
5945077172
4634923447
3977757433
4832762778
4984902291
5085270979
5282975156
5026077380
4960429704
5124643909
4340893428
4603650887
3460723501
4859106996
6323691186
6293980817
3890370966
18888251213
12752413186
8006811203
6069484800
5478811402
6115000712
7913378209
8405220489
9165094252
8981669956
7768960587
6031145971
6009903349
7181908584
9028529537
7750272676
7010644218
8420181368
6463395446
7176839994
6048701988
7310349393
7315444075
7580746567
5717335396
8666736911
6916003019
7683517558
6345321997
7567397077
5332526156
7637543712
5464501667
6372266979
7017586419
8597336142
6963168979
6832654023
7609346429
7884422828
6898036368
5806060400
7962607647
6554456738
7629435348
7899038853
5252152175
7195966838
5607736592
5686086124
7330279937
6675161393
6733901663
6982310722
6248615038
5686064053
6142763492
7916369019
7017351116
9041494721
6278590067
6822620728
8229985196
5690857765
6998865433
7394765067
7490934446
6722955940
7324966240
7870493943
7920586838
6417054993
4530700098
6400232661
5802724978
6383349723
8681727783
5858572239
7146000531
5896178345
6816984282
7194584754
9108562176
7256107047
6407452905
6556755872
6585479995
7818856692
6338285743
7394341778
5810831552
4973533369
7011617662
8035087854
8457233151
5747460966
5893683096
8268738598
10425687333
7496029984
8411679811
6750816150
7157801465
8013732278
7126264682
6571383394
7803032362
6536673720
6557590140
7898106012
7098517031
6633980033
8162937924
8208053499
8706352911
5670282642
6746467057
7129060527
3773631314
5696355768
6406368596
5638045112
8360339554
9726005172
12448415541
10582265333
10345341853
12026476008
11783392917
11412241674
10665052672
11936333270
13278576838
8289817273
11459058430
8062114298
13121760915
8271145416
15156045651
8829131518
9056168462
14536804461
6384664693
4120522951
4582503206
5186193934
4679866000
6387261761
3711517007
4843370927
3809132388
4528913341
5698839535
5294131919
4140641907
6540352651
5013365234
4472027570
5848611498
4063006174
5109042248
4917619713
6750359550
5382712843
5363547789
5694017579
5243930080
6184665900
4474543759
4952702153
4110108043
5406029424
4865208332
4103231098
4278858772
4254126970
4260014624
6913507514
5613475470
5668048360
5991873509
5171589671
5382389428
5698712445
5361399890
3905722918
4777070591
5949883096
4721389575
5766121188
5705575831
3901159005
5059763965
6839161156
5520769150
4292113438
5031060626
5626651933
5382846285
4561726856
4331269488
6027518714
7212509802
5083784114
6150140442
4415040721
4265803054
4333575695
4731357561
4131654431
4113752222
5092724974
3638924854
6047360876
4961047991
5463578506
4290507186
5360248796
6243195064
5047812189
6187065437
6290356650
4445848686
5017549011
4073501563
6288553254
5007235967
6162245762
6509583609
3918413841
6203492949
4615914382
5107593226
5649917561
4988720815
4607983303
4447625516
4920814394
4573548710
4200457027
4299344960
5183454650
5062624442
5029887126
6091283024
5167531370
5179400654
4158928317
5115880587
3860388729
4993775475
4441168063
4475153818
4927126664
4005607420
5596537423
4583778145
4044282912
4188516593
3286719618
5110556830
4116928255
4652247310
4632364789
3628694810
6061339513
5931469206
6881133092
6615735721
5688969264
6018702412
8443144504
7390810218
5613099344
5076178162
5698679250
6100719549
7105331060
5742876177
6792308470
7387667765
5237035509
5446848796
6074222351
5860011427
6337222969
5599294273
5628563171
4580924138
5512408892
6458309956
5978974160
5057320960
4483786660
5504322577
5821440174
5157289781
5472898735
5566659695
4318188105
6003780498
5247914079
5208600956
5519801298
4586015632
6730931826
5628843058
4740417660
7406043114
5870087863
5697495206
6650843197
7194915201
6988794296
6455162257
6359362288
6105765322
5467929380
6557956187
4886620539
4520665499
2622363809
2364460180
2723256334
2444481259
2906760349
3466139621
2729729136
3197287914
3458162453
2726951534
2867943723
2202045901
2793154617
3114567193
3047755684
2845517925
2444297055
2786741842
2770297173
2456576187
2908556382
2364451105
2538373807
2709999558
2410554061
2756176945
2409884398
3364366804
2005667781
2806380949
2384376918
3438889641
3029823824
2910498340
2745198672
2822559129
3147463695
3064482410
2943189998
2476873233
2680987528
2420984282
2724794536
3425442328
2825832550
2275156590
3394302509
2953361098
2884540079
2388191288
3368533689
2573197376
2699453813
2850451646
9203570991
7447857672
6342216597
8667429144
7693801257
6639285937
6296880492
7388392386
8203963077
8113491097
7200967097
5694707768
7291305459
7132180037
8825061990
7842718456
9674785111
6228640282
6432984134
8133882050
8191130416
8371029512
7107617071
7924963359
7634525136
8631502371
5952511935
8315119117
6663501555
6688842412
6580390081
6785990218
6034014629
6877866811
7914314012
6566366327
8454239377
7675887604
5114551834
6433557977
6116295245
7493643371
7804052283
7483416916
5923464881
6533946808
7966985407
7946272905
9910749035
8749010761
4272266119
7545570102
6106134980
5142451709
7952615116
7136855585
5833783434
6395792271
6895572491
6572036348
7388256799
5749315952
5570311715
8362167813
7580496924
6799998664
7645967885
5934520574
5172983861
4681184582
4556910128
6199672392
5679448076
