37626701454
37036588600
35755900286
41102192892
32157709812
22798496709
20886494218
20481850461
22437529146
20878590085
19166000978
19516771840
20127202529
20878298606
20675526988
18537339966
18929204856
18050121606
13298532413
21016448172
13388018459
36150834312
39971689449
37346836034
39553618476
38165244939
41292211053
46264649514
51592442360
34046070631
42718964093
33584514912
38932558168
18279956430
48174206253
34779866837
26711624358
38356167348
41234026567
42661490590
32975930268
45699465880
34218508994
24630512199
26217552522
21038333192
24794325580
22806141830
19697613890
41518971317
43850626140
25964028292
24391044915
23275068195
22132469792
21319568341
26021794670
21511272149
19146376418
23168043506
19998261244
24158444311
22955515316
18439621467
24237072865
21271132736
23243871166
33916420366
17818399515
54871405268
46984902888
28531755291
21829471429
17853041594
14298694245
13608451591
13650931771
14137855647
13566286592
12259454380
14915320255
11953954040
13847248076
13012014181
14037429524
13551789359
12813598404
12104110757
12151814042
12922502382
12903080313
13121336383
14588518919
12162200142
14552167687
13438682611
12685392699
13948231405
46837502102
47504849864
57702396754
31888614893
45261630979
37824473030
34439598776
38759191739
36526889792
32440382312
41781321420
39049553880
42763155498
31768659729
26033675895
21001500049
25463987292
22787703302
20555428253
22743705784
25382963289
22644163215
26936605146
24518770114
24909864995
23226948877
19853801607
22012298134
25733901018
23803389264
29370828455
33328561525
38088215070
32385606975
41765926351
32068408029
42868066395
36558845112
39223526264
36078337405
45099899666
45305522653
42351915939
27852785524
38839664648
40324290564
28900029909
23326117821
22091125806
22964393815
22201129371
22184884912
20662674674
18830136613
21926090803
23443402569
25660444201
20402734857
16299974411
19501671758
18939161072
19837768752
20450183860
18172132391
19053657487
44732365823
43811579313
23474026081
25140137347
21424825016
24589310067
22849452245
26262709975
20709245739
21023792366
21404452375
20464292681
21209638885
39481421798
43105363501
46056475899
29225477677
36529903570
38279057480
27449625311
36345129463
29286012991
17898483188
20847252417
18851946812
18328426249
19921280765
29156846047
42082168076
44751736931
38844808525
33021533644
21631673031
19651913166
35126284878
38043076255
26741980780
25884034686
22590748049
24768903247
19255199262
24023907589
22134595866
24855153179
22492320204
23852023260
20641518192
25598702546
24083789990
23216319999
25041506411
20824757179
21967179425
20595961274
18734162313
18509286207
19831666494
23422898521
16199344150
18461050245
20134365798
19668651954
20471075868
18600167895
19551511128
22739321794
46255734326
38629399123
30535316953
43030630614
37530143669
44639606530
20214121576
18785243720
25966018322
23319962071
25315370719
30001642759
42817417628
44211544995
45285649131
33878165650
41546403622
46698763243
41361680196
51767761942
25157970657
22580454881
26394959445
21843471163
22580099324
29342558662
50690922619
36549558397
44973558547
38498820045
42184846310
36815279741
39575022697
40882482751
35506650334
87951414351
31558702600
17473896416
21879890019
21837202767
20061607649
23466500122
23561183766
22036574936
20319123797
24283756837
23836849464
22837370387
21698161107
17655200669
24469719717
19798638619
23709384046
21039063239
20143129746
20143551184
19248001924
30909631349
40178351164
51554544166
37526427340
42792977243
40952238794
35592769299
24269227006
24497872114
25026512744
23167932315
23394766635
23468332266
22092707005
17413347493
33078570674
37910685945
40023144660
42219771002
46831759638
39349068074
38555272925
36106364365
19569716454
20541093550
20238608218
25240177860
20766059726
19587273144
20271660307
23074302234
14742771098
18484603677
19548334301
19821361579
20905952688
44273033781
36046347277
36548316196
37061412418
44578163297
36085738549
40059029956
41112834396
29990317582
31609688283
44589839032
45357901895
20352498121
21692207572
24095429001
23186591684
19380132536
20774015469
38677696475
44715933187
44394675082
48480945868
45449102584
24313586824
22008933008
36577527957
40215329262
27819172569
18721744736
19973270297
15728138905
15862779289
12879336089
11287128824
12360776281
13120416741
15703324850
16108884644
22912834388
16379363144
22246417125
16003512804
19441214716
17952736520
22061359410
21161814642
17011696774
18523502522
17363376285
20264953603
43252039210
50607715056
30662116891
21097563686
17810935380
20516382430
18305489131
23675636285
25118367799
19148476060
24110333421
21207909332
21078482844
18946854026
19014509276
21876089146
25897745181
20895494361
41672233262
37367178356
35875948939
37760960190
42869552047
43852787456
40463412071
53638776317
41101054701
36997148243
37951726563
40888147464
40138102909
51452346559
42723437967
20326604030
20427972111
17404311485
20338065757
18667736461
19201620330
21628027759
17437140272
17642422027
22717121841
21593337743
20034845776
21805794247
45038983088
42847318526
40725885841
38265929275
40660360815
29944764447
50222749983
48207974141
34450500965
27594829742
22418384106
21756551804
24695416614
25317027455
23651966763
24724424536
27116228440
22996459602
24666840255
24592036520
26004169782
21049010552
21494766932
13745959206
14863080214
28145918356
23354626052
20129733552
23956209859
20474968193
21654099424
27279046143
25026490165
20094201089
24880645072
46498961213
40517541144
39925168870
39190001891
39925367181
40949733840
21789542470
23775061443
23892610221
23666376280
19845141892
21661842440
22559333143
18464342614
24143833570
21207127754
23742573198
21801861047
21481592402
24671778134
32817631378
25636885757
29479156377
35675356906
20468254866
34489507821
42566838278
45607479690
39175031183
29888527566
28054274180
19734202913
21095885544
22294520533
23011679475
24137229385
22428190189
22886097824
20967241197
24052660713
20984077802
26165082829
23592459953
12202992604
13438171780
12342309862
12846892203
14596394639
13091075833
11910972916
11315829587
13894267165
14027300024
15910683558
20871615454
25376480072
17785063880
18201428394
19796910009
23463862818
22810493812
22290830989
18171644939
19417110683
17812933101
19842648964
27052779001
23915235787
24583546080
22329148850
24532122496
21388153248
24690368810
22429924847
22639451502
21338630707
22874143400
19439130791
20481205041
19173848110
18104166654
26780332310
56343496819
31246325313
22758464353
18925054408
14010466749
16815933834
15694134528
14474920876
18862618900
18279898453
24427785456
22625565747
25581257782
23044254878
25889691480
23317867542
15527267620
14667565041
12209569005
12761810342
12362770193
17398230893
13561771876
13168883185
15692983716
14096149010
14104874874
13802185563
15619954456
13696320306
16172446721
14000286494
13073510231
42655466344
45701933367
18788553707
32236244973
50201461763
46079589474
38273293328
37175879000
41455464586
39618041670
40188103678
41529227011
23846149488
80626860927
44591721260
28578233602
83112592362
71106612786
70292049871
77207025989
40358475808
24897860422
26189023103
25044354660
23061540188
19467318654
23612201458
19952657791
75070555039
71126487409
68999547699
82967403259
34284075104
38256269321
36699172200
25409017456
25452116402
18809232716
18318500944
14925896934
10324215127
15481642506
11573047926
18217924870
17155027190
20687911333
24201148588
41543465720
30905707575
22811824683
24829632211
25917538285
25511457371
22872926101
23260808000
21205554211
24928672039
29568499789
44880166372
33737028356
42188213292
36076470045
39544305538
43228751178
39065327154
39012543366
34751412348
34774974228
18477025268
22717146795
20352299671
19867185857
32877707094
48154630427
44534495879
40478448076
41158604780
35396585796
31478317121
40756544248
38223561846
43586255911
21624226666
21703509475
25157366116
22719606559
25555119142
38900197711
57332643569
35616507538
34342173716
24854211280
23250834206
22959090305
21705967178
19113735153
20728764813
16053810721
16604752059
18959919268
16584164834
18648426701
13150910524
23284280965
20831262835
24986468507
20529293077
23453933824
20935781644
20051678770
18058338510
24575955748
21311930430
25709605937
20137479813
21694148993
20389420568
24494177881
20946343655
24014209621
19977445847
23464519131
22581102418
18062731266
24240405103
20168132585
19820126238
17234474756
18890265378
17165897419
22130314284
22941027130
19597678127
23494039905
23196753198
15985664654
14011297639
14700910540
12367584599
11497139891
11438045426
12953276873
10108138335
14210519990
12790428372
11209264078
11032711801
10895526794
10827390804
12749088173
12880020453
13584396077
13217845140
14882354583
12658819853
12512888015
12633960195
15007942158
13682930725
14685022741
16595496015
12844844792
10357404549
34847268549
22307949329
20359934209
24956948980
20151545755
24929779527
24638743179
21837859688
24374422325
18053099366
15972728883
16768278336
17323691069
27478623079
19877349243
20730697950
25404427551
22418406308
20194742006
28542529518
19693688014
30352950056
43770283707
36257755809
24681291808
20352950094
23753597217
24496981560
26054259147
23364035275
22755044766
23853290151
28266528080
20241570395
23407495721
33223083245
21266309745
23328544427
23830554105
21223552404
27627653764
20074238109
23926828813
23263315810
22240245904
25131416750
23907062852
18421822291
19152015580
19201504130
22013286594
22943131923
20567529676
19570047733
24601025513
24339349597
21287565180
23774235651
20989852306
16372431738
23012893127
14137372080
12485360922
11598890175
11640088494
19990466402
22493768004
22473201535
20478437900
23446803607
20829231770
20263987356
23950785577
19179578173
20393265870
23285695679
23478691373
20774299967
24640652859
21190704387
24634213605
19985119127
25332463947
19349887071
26195755762
19078134524
21369217588
30249024937
36936695031
34554381772
37874396051
33889137391
35055820353
43087399480
34852460366
41944480176
42829351151
22070823674
18586923715
12809917727
11815633379
10708395345
12449338619
12140170082
11785009226
12487365751
17635777665
13737353768
10025630604
12266334326
13580073843
13018373724
15689086065
17170963474
23144924333
14935453936
12494884945
14233155942
12086399788
11025968027
12702694887
12668761887
12920811779
11979772132
14619436188
13431180138
13826688267
11741822629
14605028051
13462256527
13386483352
13111286110
13312488644
14436284249
10898090500
12813860570
9552911229
11779182943
12660270797
15158624635
13533707481
15903627516
26438816014
44701788849
43756430195
32766198698
29151647099
25984570100
22370501755
21659476797
24014358494
24042131592
23615178948
21293468589
23505836718
19994274860
20739690479
13104118763
12029242678
10589094891
22969121241
20325177660
32027857336
28245536119
22336258241
24187748828
24783218026
28816940042
41575564483
22913740889
17920555980
20468155572
20748016826
24708972746
23800658412
23156344657
22159077583
22213650869
18968729436
23049233771
24010509535
23161847116
21025818982
15184568831
13105918124
13682140241
12185631995
14010601907
16852599344
19587212555
15943370088
20154581736
22380418561
23640651735
22998923558
22489800574
22475534398
21066887667
20845987622
21763932412
21069420113
22670792873
23082132343
17421543053
22465570816
24747904017
23443983645
21969097378
21245914052
19548428781
12428657313
10007517936
15333862956
20077186106
22044772153
24145112542
20827270974
22811224629
18351542304
21663809419
18418741081
21226296986
21336459046
20304756628
23584192798
22926885512
20865813152
22001977225
21006202943
20581076394
20961269676
19689008227
22361008284
29792086381
25062377340
28406618666
24053573356
21588561623
25817425588
27549649251
23808898233
23902094312
25276698790
23709835751
26457768671
27103268238
23486431296
23923856929
20266193810
22352895025
21834722341
21972221560
19568745661
23304078944
21494932362
21037761885
24779259628
21130558918
22137942382
26367544497
17974361116
23800839401
25611275374
19138754227
25035756458
23128812890
23217063454
24508423965
23013875887
19935176111
23315666893
22006781626
21348478496
18441435613
39208381325
33737899648
42608022573
41605933678
42577663651
49239105928
38906285221
32559588816
45042918954
40589385666
23064846205
21082995208
20904018948
24474497240
21025365486
21536285141
16279780406
20156618289
37133375972
30606352101
22845173984
25650738866
22115353516
18891163121
22073506153
22933004778
24421215016
24088136814
22720327406
18382042298
21334891288
23043860532
23505823265
20308191049
22286493066
15552660537
24971431873
24035402550
23063871359
22759463887
21975174725
22278258382
23001024140
30020894025
36278018259
40462445166
43380555738
41729575270
34048131253
29003474598
28335800945
17729332525
22114736708
17453123817
20184755574
18691509299
17770903089
20610998831
20153799013
18915623626
18473175677
17866034985
19252366253
18725074407
17087857300
19989913238
19627703560
16748351232
22255706133
21111594565
18828511637
20893504060
20062121530
19608469740
18741970106
19299021843
21507490595
18203244762
18664450168
16424489809
21552648832
17267583857
21879880664
18937005318
21615706134
23678287757
20322876109
20463556129
19172676678
19999081488
16687796550
18574612489
18135914795
18820758835
18552440727
21412054248
19820108664
20969487021
24016862438
19657092776
15777977768
21785044698
23459077827
22116506742
17535790971
21006205252
16535070679
18977230287
15659142721
20109948241
18308294550
20113780163
19658853258
18124446404
17782743215
18663647226
18556896951
21215589726
15905464869
18165102007
19303986414
20007118980
19350169962
16101326503
18820857789
20157766426
18681293968
17746425487
19981674316
17143759987
38229252750
29666418944
32687313671
34375977419
28569086026
29934784842
31244211641
32747736652
26992431492
31795413641
37613467631
33002620243
26917883379
31751401814
31975360804
31386721193
30722276561
30752273811
33718213317
34105858590
31978478239
31284528504
35601794038
25679598837
32687399710
27891382304
31927798655
28979984058
38335838047
33484650907
27828142159
33185576526
32373395172
32455286294
29925001108
32946645996
32089814560
32025705730
27807532996
29343814319
35616458470
37092787353
35972887730
35056515114
35267835372
37010400068
34120456033
35628057608
28459501215
42554354828
34096376673
27852305053
34371103368
35716741552
38270473053
39873596281
35909417193
39948230829
23590018462
27069551055
15484014053
17412251970
16610274665
15466144847
17261785345
14161911224
16872181215
18549780915
17702432067
16391529740
16695728532
29963178792
26107056147
30818349018
39275830950
32156948078
32166190678
27102226151
29764476821
29915412327
33750216143
31644362850
17995161154
16317601904
19311385524
13624279493
30776506912
26704091672
32010897221
32417396862
34269678580
41513791229
66840350156
24978466987
24147635874
25243978535
27537527479
64632672278
60604904106
45078111726
20175132422
24296799063
61134538205
58563420654
48516793562
69390733768
30696818810
31466889347
31160142999
28866497080
29834811092
46190570132
65537608601
64088861352
68036299051
60873931639
73715394322
65045957609
61828485068
65098697514
78128983710
81924184678
81098372456
25705228457
26697606618
21906076919
24209250221
23047413576
22801002536
23202469378
23576648049
23813899641
23872082122
22859002578
23344752488
24019747713
21706688805
23528598042
21493815201
25744059258
28207304338
27753120302
19045725315
24729326920
24204369937
32836260258
32387167080
19706363795
25644761941
26009332279
24044547581
24604799517
23355508740
23654088478
24431590874
27721426098
22508355819
24176451869
24636056847
29658893642
20177304365
24996013343
25435429515
26719913820
22368281667
27165563980
23721506187
24274947132
21761318160
19905587370
22013583765
26682829027
23906953873
25107361689
23725509852
24096835153
21948594600
24407061918
23206072110
21998970119
25116615872
26125643085
21855005430
26065562328
25292176387
26234269490
22895235435
25899180146
25012370702
26190715467
25273292055
29840945935
26261636771
24189045785
27381695313
32571139054
23637000383
20993572807
28423840091
23497583132
18838264522
16358669225
15452561790
16634235358
15052885923
14867175705
14679487962
15471945474
12177749408
15312782667
15189493942
13565258806
13228917016
14698485018
15056165230
16669769636
13779543106
12740480429
15383232939
13213736736
15453399718
14744029265
19359194773
25271480839
26150428818
29581150786
23693901100
28774889512
22532066824
21385051660
24384635560
25751562727
24012887288
23618490272
23983102313
25272620861
29269431686
25938381516
22477229211
22985989394
22387292648
22307565617
28717648959
17197264031
59302453233
54111540534
22677974284
19907006479
19930759099
46613849628
19264160495
19278043112
24749260157
20225298454
17853113389
18984571901
19396084771
18610295649
20229690729
20698853063
20446904493
19505347457
18248028527
14415249845
12241581671
17014542999
19736128586
18665773763
18148934791
18462958770
18046004256
22182224149
19215290756
23136650738
23603824027
26804341529
29290497474
25043496906
22284810771
23504372271
24227773581
22540531542
21307675330
22761626922
21157410786
22950631753
23323014572
55234532052
14885998726
19390563184
19680810634
22069351452
22083742696
19439849928
16391707216
17470332739
19207958782
21623779519
18669416049
17899603350
14790383657
10827974460
11831584399
11620434273
11457361693
11573390793
10893398652
10970163223
9442238358
10902308811
11618078321
11234489983
17666152958
19175334389
17233726333
18246221430
14595221910
12026229717
10722973354
12561443862
13177546610
11466352169
11882287893
12202056065
16326867708
16592685231
16523753318
15171201584
17269579800
20574143560
20421682432
17791211004
18059969127
16964656102
16842835726
16312976070
12516815644
17881674305
20176935243
36174695729
42221117750
39399785382
36715827882
38825035476
37233229656
38455233511
35195333242
36580819222
35426059112
34487651840
39181942770
32816039708
35765379046
34228370241
38155686971
44136196593
38796991538
31404932735
33095695949
37612416903
35026485903
38668727713
36662896790
37709695987
34546044912
34358872789
44813569445
32849378289
33898191626
36559066486
39886033076
34413427532
41228311839
37938265088
36561814213
29513522903
41411485543
37469654191
30722510165
32652653005
28852070667
30149320605
38910303036
35615178685
32740424194
32323493262
32012413804
34869425028
33253750314
33169960898
29954068959
32709876801
32820453088
30109224057
37712921000
31633541485
30911932948
34816268208
35574911153
29767091282
30780157266
36625504575
37920923979
25410034951
24727002613
25129744062
19338980298
25717046926
26346282147
21535757750
28603275987
24307342479
15085337707
13841501034
14055460381
13217411978
10821019461
54948906762
56709297322
60825625630
78384018647
56981227921
79035511110
64732540363
34690256491
79312995957
66860451923
65744358572
26353745947
31245199312
25290404567
21291345209
20849945701
24425686751
27957897364
24204318566
29315172727
28964687466
25454433730
29804417154
23188765967
29320063046
31087285423
26405059560
23142962829
26296552240
27373472940
39907600019
82636799486
77068561266
55182798498
20883578814
34728223148
32547158951
24046834696
22286465816
25062587389
21618735852
17644304037
25224558829
25022267252
19336513062
19248482707
20402276568
22591704539
18917115788
23122161844
23405905591
21423802586
20520807930
21235595884
25320078055
20384473039
22502284893
20410841390
25651398946
22118935641
22983478515
20195693612
22758232110
19315087489
23394464421
23329009384
20281685404
21067309605
25295711112
21729264601
30593782548
20810243751
19336100855
19414576777
21247418612
26684595784
21669187129
20643006349
21512586981
24582657562
22840665888
22530137086
23810194241
23422422150
28275543499
22805205177
26301416159
24642232931
20345191115
21612526280
24565909763
25826664580
21694107455
22536242444
19674245577
20785496839
23489895704
24241940597
23281176590
22367660568
24085308246
21730180814
28242168880
24706812455
23501914747
27208587967
22202624346
22178411069
24495849516
26450713389
26679853652
24263275118
27448316528
23572064586
23550871258
22301397480
24206051046
22993959430
22498561149
32970473915
48622767773
48970737690
50480083442
40943618077
57679069138
51301359715
46395535232
53833198973
41968970243
47080311961
44373904186
37657909824
16102691625
20571184104
23632834780
21980049373
21338551887
26160186032
17771718028
21313405044
21149172096
21207412746
20822913041
22558078203
36906264743
41598116448
61913341665
36912220820
21846527380
28599279038
29694852805
45274963603
64171823356
74820511989
54276586035
52147237209
70229380805
60780578651
60095413967
67872209823
66184944736
76245753822
76237575883
72339345684
51724786854
58789309122
67293484974
24541031564
27042344229
27476205655
24502207962
25292895855
25894036999
29034193479
25926013719
57832485395
48019729158
22821430618
24125870242
29371407181
23536783810
19607828202
25257109196
23423371915
20458433519
20186042897
19684327239
23006598613
23647540681
23683923768
19564172514
23425425451
22214010466
24521094190
22594802606
21915236252
24394856159
21460825714
19941260758
20948849897
24494638685
23138445286
21589305568
25023820998
22177891951
18580287850
24368866433
22690435295
25079598880
23380365485
25372847198
18610398492
25101267033
24648071923
26355815265
24648444259
23550175462
22285047466
19710234621
24616891822
22636682552
22743986554
26441515423
24957280697
22656428423
25081868672
21723213641
22139150637
23303046887
22077023645
20352051548
15696103658
22747612465
21570832563
24695451786
24229886205
24747480129
24928214415
29541003303
30398589530
23484920748
26156174053
25738706556
26825994670
27957454098
26417325038
30512782602
31585499155
29332716647
25625761223
29216458649
23245619667
25863911187
30307831922
27349646378
22239904372
31826126308
39014185884
37839170963
37292984229
35027362978
32825259804
34087390153
44500436186
40327191751
39006570435
42298556381
40082670923
45175523978
34609888258
37096626889
46567120055
27773857844
22512640467
25867506594
23759809282
29537494254
33963407570
27274773549
23858618078
25406726202
28450560878
26910353502
73588944226
48135131219
54387156371
67873569553
64196055574
57733156684
56347667318
58130742044
55626467655
60186764658
57883224407
70291174168
66311441094
57630224912
73041868362
53472165324
70100992950
46500048247
59497912714
57571572699
62623865271
69745936389
71570647521
32205616024
25973459371
30054679503
34022739501
22027784121
23191655120
24339014742
19766844311
25872263575
22754243684
21708802817
19554336292
24087486375
21952056822
28999190712
22690709005
22780255423
18247707333
25597444860
13706710611
12704006893
13127777612
10950934735
15409469574
13270871139
13419141992
13035693997
12747716714
13935008013
12147465536
15040349803
15573652041
13626718667
19747995827
23049062403
22115561744
24203333024
19747692820
22721214141
22930449280
25533604970
20563963133
24411642726
22972163485
21601814866
22670399431
23196871656
21382148696
22094367303
21103792851
22289522918
23422867134
22431893811
21886504205
23251916667
21820546978
25159850426
25527624972
21152600603
19699606120
20641791958
24525843095
22734497099
20243573077
21644792669
26012940797
22651355192
22007770951
24424574779
23206002343
22520867022
21175876188
24015617481
21315772883
19598581598
23672627289
25795898818
22977397033
26572739828
20667030981
20141853091
22631171097
25781128194
23312147909
30286248117
22663944657
23992569854
22234992027
20842549373
22621837433
24800983053
21338669170
23308261116
22559799879
22747018536
24855711955
23992380102
21036799887
20323846010
26048723764
22331628703
19700709711
21907811448
22874045978
22196500166
20114209691
18816017622
22337366694
23727364757
16917512547
21118410730
23168459554
23028852943
20227297054
22465245526
25521612601
22472967999
22488949739
26499393761
31602581908
12854117464
22190649424
22241618556
29679767596
25791231149
27560637043
21891599168
27391227387
22573400351
24143976537
75315236319
30206263629
22520745142
24000417263
28585608354
22024481773
21394565592
25392641205
28403822175
32966805995
24552546537
28114100280
26386888187
24155236572
28793724789
25299420850
33422592404
28773823223
28686174697
32151839048
29754316669
34649265297
25011391639
31763955506
29106960753
28913513885
25306155008
25906300897
28537170502
21258001058
25091055234
30043707277
30444215746
23225271591
26580402332
31434306416
30612451485
25520475812
24735212585
25155233458
21430384489
27691924579
24788314069
23508285362
23822770451
23548465130
24872587449
25624014537
24228643730
27632850545
27717335531
35199345601
25892531259
31288547466
21971486944
51142262386
26948147782
24366242777
24286780465
22896085063
21018422972
26140054556
19090031773
24769590857
24434670746
23109851087
24051261801
22466033432
24404390758
25860817553
25362827226
27328016045
27958542726
20582745631
28918410668
27056593870
23593278615
24891577928
13500088823
11849151582
13615338549
13985687407
13878998372
14423569658
14860608455
16464050775
14594855927
16902761890
12896800333
14365303391
13819956240
16033347406
14104530006
11602212674
14715520851
13801885840
15621092063
14693909852
12404674588
12601905414
14663884686
13789014690
17245822362
12767918395
15520542505
12212375646
13447671141
16132732553
13163806526
12443547381
13778457051
12654657715
11457930631
13649529753
15208719352
10713113735
10711633665
11390078323
12015054197
16505255685
12700455472
14670078104
12101803800
16623050724
14454484869
15428365918
13052972568
13991696070
13218547803
14605948188
10288121429
13140423773
14248487781
14770786804
20707439133
23754562396
27253915502
20804996506
24992398102
22779493110
19957644929
23231446851
24743807717
22089813475
22779812693
25964584946
23571062637
21370444382
22428212456
24708632967
28823669507
24952012600
24993923085
21694249286
25210047362
22750656722
24858003768
27037223530
23083530312
29935305600
26047724267
31843329176
29911072985
24364999137
20610740763
27757612992
23572984688
24499443656
24874871989
24617146332
23539326473
25492258798
18629306378
28896726450
21112920819
22840106632
25548231708
21260728576
15512445899
14261310594
15202266833
13999869383
13245899578
24011360250
25248833536
25735950373
26589825222
46128812657
50952724683
23360736464
26477062112
23848328223
20779663752
65128696505
14370821874
11795723888
14173775915
18529624098
19447876557
23695916530
21144921695
20745117970
18873205156
19238916462
22841978291
17485233421
17389293924
22154373484
21713580584
21614792555
21286629753
20106191649
20020501596
19630401759
14682211588
13415837101
18500863305
21017524675
20596179215
21068561851
21447282203
22294071223
20801393415
17795693361
22741174421
19692672281
21595280950
19849012017
18317638868
23606453984
20794584581
16691679076
20303793082
19886883006
19970334046
21361804241
20473760031
16735670514
22741632553
21096916608
18951061732
23470474010
21128249912
20991635924
19315723526
19267238108
17512781202
18707681259
18518591250
17717598287
17916317036
18841560136
22029829350
21800781451
22811663967
19907862193
17596146738
21531659666
19014447979
19088111666
20122827733
16915415031
22246393648
16144267526
20720017708
20851128578
17440462801
17838054191
19571531275
18326137341
20118577623
32031721939
37511684006
38025907385
37955571772
34033106993
36753658100
30759861565
41297765077
30635444485
32416430932
34762072037
31424012784
29873995020
34293187117
41414900391
29649299470
34143988538
36668244372
35014040692
34872619069
30963759877
28701238711
36681503283
32544719147
33655110640
40263460998
33634133879
34123130073
36294764868
28983487130
33168658837
33598026243
36071037332
29080839851
36679373161
27449207422
24649552348
15012886136
18274266014
17160290135
18724408476
17889562628
16615734488
18673754949
17694397866
21594682034
16228628070
17614214393
18939855549
22275023247
16428431605
17022378412
18869453743
16258076246
17413278896
18431556967
17206765402
19321695179
19224703609
34462744548
38886453817
33799276443
35565307875
32883815627
39998184379
28625473717
39064449130
36696555079
34626728767
33570063356
34537281304
34699008811
34184691133
26514450178
33328343888
35791516174
34717296735
31698039948
29640637985
34407705668
38404965126
34503972483
31475584494
39807018548
35017368369
37388008975
29861818609
36598583537
37022228320
36960060810
36964901405
60923191125
59006786973
58442334354
25677124337
24215807491
24782281370
28984870539
26122367993
26521568580
163838949690
88736462579
71200821883
78931445237
79298270386
73105799797
75091830527
72214683964
74109355960
73270711426
65511528036
55977354726
84983537438
76595099374
36082021765
20061185977
24731804796
30012929603
16386760489
16513116004
15027205969
14811389643
20730704459
25686935881
25852788551
22707465745
25492445287
25112121490
27301729238
26926785094
25137582745
23896372429
27135182797
30203530858
23297829563
23536614589
24970206198
22514878678
21341795810
23559313758
22915924994
24750239789
21592197075
17223208362
16229100293
16398035672
16249017840
14592625115
17073698187
13555686293
14954463823
21290664273
23689939932
23003241410
24313835227
29828906768
22044790160
24244650094
28092212073
25724212669
29063146329
27304856270
23109860286
31222302873
26440404062
28044512040
24735369412
27767116415
26843720402
23842971093
29716922330
26287384540
23635523329
27999701346
27750476037
30267032480
19664914893
26149071185
29381763027
26568604214
21470052607
29974394555
24728946182
21197237854
30282889636
26975668915
22931364747
27638584860
26140422506
27341729622
19652093329
28199199088
29083209004
25158211752
24072863612
22881092819
20937460791
24252683184
14341993247
12311611594
13644032552
10875432961
12885685682
15425942862
15679229663
14314396656
15244325034
13340755838
14558912622
13658443814
15408704981
14189472139
15156741243
16569628421
12733997500
11803481768
13373711708
11643083823
14230198877
15888092511
14941236289
15253816104
12692216909
14898827884
15459039783
16414029471
14093638290
12622229971
15159682401
25100066736
26754526270
25808186473
28966085502
23945516185
22985563768
25345488309
36819855698
30149127710
35381704014
31926429439
34142872297
33720843321
30274358415
57901964342
20216330961
17972587133
19503088827
21753728093
15860628695
20887636434
19077119383
16370335447
20035339917
18176784758
18399257947
18708065347
20095176303
19431066557
18913375314
17860372562
17431908307
16336928747
17876210440
17606165733
23613532445
19585888563
20338931541
16598938086
45266414447
19657194787
20500012697
19647098678
18594922215
18376573660
21003312542
20686941359
21716072828
18885963514
21517146303
24045112483
19660653189
23881506275
22252313066
21582879499
18579888183
22113283012
21579629966
23364376018
19516330011
18830206248
21333666415
21235113426
18683584832
25220770900
19711230999
21497517708
21719014201
18753048550
20957919313
23756575144
18890013379
20440150401
19860000523
18835777090
17426206022
17891797399
20080805804
18780762980
20830056642
17381215448
17663986435
11914370625
11959974551
13383525591
12385388926
10917767577
12632429489
18189025703
17637838523
19106894713
18312907411
20316232063
36849370816
40144717637
36971271209
39624763347
43624258366
42703441395
33999627238
40056864298
45271116560
41007462813
38911812960
19865382873
18685585888
22918022487
15789415090
15510259534
18859313416
18274924743
17779248034
16071976604
17067079371
21442181809
20832502218
19098852885
19998905535
17033329133
16611613180
15122769054
28051391045
40977461515
36743237107
30247194164
43443347788
35916547784
35380385600
42853376837
40392622791
36768843556
40745282203
32591496078
32275856395
34400168795
34325210344
42261679901
38993305001
52378233019
44127087436
34027134849
41184318465
45186967306
49066970383
21002546286
14612126465
14657596445
18245724434
19693316348
17959478839
18237776095
19860245669
20231124674
17186691825
17578434651
17337250206
20323583652
18424498887
17119647821
32388927962
34347986723
35590470410
36830892971
42874323776
30461871385
35728778746
37451712964
31394570002
28024165658
31626478517
32791989929
33538063337
35796270109
30231074993
35550224424
29139384649
25257649873
38159085043
39887484410
30930911507
30827193259
33329606859
41172684784
29963551657
70282365890
54859310647
23347943762
25973823766
25838406295
26540034440
25230000430
74738668519
62304106479
76072027045
55083615913
21116115553
47630702519
91665963953
82018526676
70415794771
63513137426
61124015285
73037661850
71035735193
97571079440
63281983275
31204588239
26659461354
72341475108
69508760792
66094304725
58261464258
22990909961
22458219532
24634403736
22065904137
24232007414
22528094903
19633351423
20293779137
20979528142
23470905630
21747643262
24522917893
22499657777
22719832544
22376566099
20066279978
20311796407
25261653639
19983339902
22174627830
24568008068
25521261610
21384702332
25753978872
22066305309
25227176613
29595444703
21172496815
27704296845
21646537422
25350978473
27638090082
21864894913
22328475970
28919344076
25178778376
24527334720
26079584303
24379924026
21313116608
27984987937
24953131681
31110030660
26544859974
26083198687
31081981773
25436940501
24747482670
29457084072
26919978294
32586042754
24210208813
24412280136
27666003060
23644740780
27076082948
24373783201
25001249096
25764759858
29099537297
24474287495
25341514107
25624668721
26134708421
25339714779
27297286899
21298521019
24408596567
25703876681
29172845757
24419423028
30110505725
24396982113
27282445283
21959982326
30906289344
23549811463
23621397908
26700335180
27390623491
26794134414
23508735496
21510247819
24245723321
24318057879
23051365589
28358729820
31797708616
24951034649
27624312924
22468730699
25375558504
28707641340
27142798344
27457187990
27963264644
29105946009
25306819796
27104800445
24412135837
21211619974
28010463176
27555197411
23239382559
24870685746
22808228618
26607223698
25990256384
22473940474
20220419276
55505421953
30015717983
48064847861
71246115249
56515729759
25229584311
25672638410
27960793869
73329655567
83863215164
68937680194
64200338719
70336209258
68814697424
68464867408
69007789181
84974955554
76742472157
64023312103
64349573593
66321110728
71727726013
73246851645
75571803351
73795212643
42845917166
22121840015
21595968999
27073806203
25687878255
28152347264
22520437072
20299132074
24533226393
23440562136
20215482709
24908699076
23958263683
22255981460
22840096491
26138045947
23172443169
26126929585
24547879837
22969370328
28331300836
26657195014
24963137120
22110998643
22893645810
25897069506
23016834243
25658212319
26261841806
26635226268
22354141110
22492581980
22295865697
29481128373
27349433413
25781552230
25999539643
25314372445
24130121004
26910383609
23285685394
24872284112
24816800705
22637339016
24888787841
22587027697
24589348522
19562328750
24059040560
25321397721
23479557688
15003805106
14202689554
16220490048
13625329375
12769435268
13255422005
15004774843
15777132785
20604204635
25066029476
24093726246
27682382615
22645039277
24007951946
26217829380
23056077814
24341016635
26841416412
21922937222
22935511718
21519089978
26097395666
24727780850
25467737401
27709086889
25075154896
26987156550
22493506560
27213303759
23638410903
26303518405
23812117138
24412527174
22168097826
20604936878
20814608395
27088457210
21818736082
23888616819
23488902724
23278733827
20417168979
21266927565
24075012509
24933308955
23632131009
24589175882
25926228027
25718977534
25551216564
27754109558
28547024856
25012292795
22850963829
22612129521
22518913438
25408340579
24128616584
27679720643
22853997548
28044880621
21603517977
25052158082
26452849006
23565776713
21370108854
22568496204
20377830551
62819483428
188511254049
187891020453
169321650614
176085752548
193166626242
188281143291
210308658109
162947147481
27299354144
23220816075
18416463533
20472007215
24886978714
24267087505
23638310024
25088062532
22109048291
28100539860
22964545373
24399272462
18687821012
10296843758
13182838465
13957090019
13521217067
24415771596
23181064542
21259597511
27589637894
26855228144
28797926409
23862285143
16302219759
23667252747
21441823350
26169298134
27159146783
29500437749
29601171664
24517668125
25654816515
22412762007
22600121736
22945241600
20486064209
27745920809
24932429271
22806640372
23904487851
13472156826
16063582886
13789774560
12475612609
18270468056
15076579499
16394089090
15224559820
14212409305
15021270382
14068564092
14948606073
15076617365
13197741253
13967866211
12359216196
12701019080
16298110736
14184146107
18770536743
23847440432
27395368680
24856540678
20117832847
24142400431
26849369283
27451452886
24164392291
24308207692
23333462707
28772129657
28199383238
25793062919
23669533045
24868527104
29527314262
26918872839
31287740433
23565697825
22659505321
27539093390
23658215458
27486572241
23522537153
26904647394
24721881534
23761659549
26559767772
28317906600
28027573992
31941415352
28088278053
22942493627
24699494605
25083958702
25987169907
26558194385
21901512643
21973715564
21052728488
26386711934
23933050957
20383393076
23752435490
28090809172
23316029856
27672824456
25745726159
27107636059
22494021012
23027259084
23588442328
26783234411
20953120975
22069969161
25917481799
23250092597
23831266726
29895593214
21522136205
55594373222
18259135633
18593452359
21571639172
13057988986
10967987973
12302357124
15571855853
20719973180
21981722222
16810617347
20724314796
21998167667
21851029968
17285094794
18584814560
20734934506
18575952780
20708520034
23085568346
19535199129
21485347076
20755850121
24407920999
19465600668
19291166101
20564788242
18331778945
16224046326
21131663197
18597070805
18642597913
22308575394
17992279061
18497388441
18797586407
19702896225
20970309570
23467369322
21063555185
20633483120
20501608039
18085615396
19529816096
25222761062
21578163444
22776650739
22517000356
22961039410
21773585886
20359694857
18257633852
17577742823
20543473622
21410358447
18465462829
20671177940
20279297699
21003594803
18718126158
19164951897
21724343195
22926549754
20040502041
19154251817
19696107380
21622215095
17124921094
19860918122
17029747519
18857731219
16794871377
18546459149
18105150374
15568163207
21397361934
21423030936
18882277137
35550597845
33409514099
35195278699
36210365676
30493478476
31288124106
38713172919
39995747254
35521276673
35646599453
27213430609
35400036738
41565050851
37417985995
33343193656
33200235682
32385351232
37929850957
35593317882
36282108886
31738828414
37886619258
44814788554
31138865535
30954661544
37218233668
34328477727
37228167624
33308727355
30185844153
33840031236
32461188544
34386197741
38175731894
37947091317
52997308299
111508303045
96918907344
89990639404
98005610154
79861691819
82913997308
73491712719
79565378341
91569245005
92361011933
74373908182
82844305338
88050944034
73509102938
80935985366
16531591717
20785111546
16973786645
20134013732
17582088566
15824310935
16122552114
15070319220
32596352119
24247808483
58378201781
23476567564
19751143045
21595603238
22745344848
18737971576
17788276208
18354781273
22492164726
21215433915
20520827165
23836335206
20034539127
20926935215
20521729467
18994999960
22700907613
21845529981
21074953688
21147209204
18906930193
21633190966
20017480949
18567970218
19493091475
19637094653
19343261463
17849611164
21319297447
19963162997
18981541147
22372218294
23411835912
19055684035
19591213573
20749791268
23502661617
19478943073
18831532340
18393869998
18705407779
17419489224
21189343564
19624226769
17029847568
20643890473
23519729789
19988375163
15639136105
11899575514
15127566945
12684043807
12080854964
13687253482
12168372692
11822327492
14866593229
11815680769
13903074944
11152663331
12917347807
11741146778
13356370108
13185656295
13224472039
11632315987
10471308782
14769353985
20084376236
24170232438
19665999444
22908734017
24965570958
22919587057
21259950314
22948033394
22463005784
18815776138
14180835039
15534465899
13186289810
15257424732
12451816343
14147520846
14051742821
17005925395
16449985547
13382044826
14813257814
12869249400
16094172234
17631975421
20511612250
14840765635
16699753672
15168583848
16897027353
17810461567
18422912326
15979416406
19018093931
14210637073
15239357700
20698410908
18054451576
18250175402
17937363383
15933754784
15794672432
17859952868
13347426620
14593939024
15296404403
14900370801
16337963764
15779971355
18457397030
14429608027
16473499003
14930205228
13533083910
17376655589
16256780198
14290854784
14245387924
16829852567
14940174693
16307099804
18388726498
14908155217
14045309051
15672051810
19615246397
16840760565
18717553062
16882602033
15490079701
17533829503
15468358173
14442852902
26221308809
36716985802
31368403833
35137934715
34034448138
29760775975
32012588361
35032507757
33943833359
38819087994
31299917455
23467806249
22878418656
28073675538
21962562889
22478598325
27664200849
31090988085
24388660992
27842769435
23468858999
24905780732
26453177410
27021316752
28215332901
25855040565
25714978051
26274631363
28231804764
24724013404
31592863139
23638286706
20827788063
25232587873
21833870777
23542425644
24191813009
28582008367
24783148725
23609646411
20570660266
23539808898
22524499411
28922102516
24938844628
20852095212
25945358899
21439699847
24941486647
22646361510
24754112849
26122826171
23104878523
26985256418
25456581401
23786566879
23791421673
22661689922
24348542109
24023190786
25944679006
25141948275
31966956289
32487398723
27558344083
32369602728
29834575680
22517024742
18579811590
15097113914
21472982733
22480194410
41749186450
46103397961
71385290862
65658117558
67050853224
75533008934
63306169022
52820898264
85433839355
70493228338
69640309135
61922101198
72068216917
70468889490
79534603398
76244172744
57289312430
70286242191
77295248310
72778991208
70854849018
65618428188
59715131855
53712438990
48088801743
55451950784
45352109969
56056430697
47742292380
46085173054
54509044059
43431479255
51541382641
46713651912
48296209516
37022857534
58505963987
60516742502
42585693375
47312537918
49501777723
47057487440
55450430881
46933201417
55979157503
41439920300
37358961479
40340293343
34833900375
19911607280
19993460100
18623547420
22560949620
15735450194
17918527855
18647201044
19445601304
18405535111
15829893888
22459604124
24467436794
20594392106
19540057579
16598157919
19774062122
19323136204
20711675411
36924018158
40292030288
60985885357
50222756668
51850136306
54365007896
43446030412
41073171156
52913327262
53482505948
52408847285
44474181404
52918829268
45677260640
53535221166
52110061418
57649796457
38381204211
20026308589
20257833765
22890300343
21316992705
23580582877
24258934754
24508243530
20643179774
23773921957
21896438312
20810793938
22352770498
21687989079
20576945962
20377928025
20228490685
18539452438
18743397102
19011694395
16652554164
18284388464
21126724341
18487927390
24130067148
17642032357
26707369151
19716915363
17123134364
18688314203
18465214097
21440238975
20007358973
23240821173
19463961962
20466433501
21503894917
16651015764
24084171835
18817749009
20176772616
19952908452
19987935303
18830925057
18882199968
18600494453
23825366076
20647863222
19974608337
21338939819
18230392629
23849681608
22722587481
19369334154
22877471740
21110289248
19535338675
17238681812
22349714880
20316783186
21864940815
20187641591
20616858418
22468588733
22784359801
24188800903
22796941240
24941039744
24763517830
21795515552
22602680641
20808060753
20431015377
25873970182
53388076187
14405458794
11838131762
10587503126
13734000262
18087807951
17471685257
21952477133
20512072381
21471183640
21528360086
13010007012
12856732891
11116562282
13113143239
13401222844
21010207764
33115650333
25712053763
32810113462
29242094259
33016077788
33351269725
35245933196
32311866355
33063668384
39576787869
35396353482
33055363395
28115617049
44266034217
33452814925
40752979527
18290717218
18808366525
18459139904
19726382376
15156630358
19441945959
16844109567
17339758523
20121830428
16271388750
15845608735
16190975420
18587556880
14395443779
21561065624
17870308628
19004800703
15081313777
17036979823
13335717484
17789876964
34188082005
38957412460
32135149047
26107536442
32988487203
43234897463
35458020419
32493986219
33191304907
42347833499
38379435812
28874979524
35057263548
35624392693
30381995315
40285791480
36956474132
29112449738
30016321899
41911964792
43254808293
40577626405
35762782300
31380869407
33273452833
35797685516
28881083816
36795708111
26427106987
35044978888
32082095596
29956332948
34665628310
37441749152
31569436395
28317343127
34864614655
34096283777
34319221672
40002290542
34385718210
33096074377
36468331699
30085121131
30958108951
33379974775
21465469793
17870050449
21689182533
35344643126
27189631142
27599317959
42466551194
42030634015
33972132056
49528572511
23744252643
23313957742
22274166355
25707595097
21551956552
23905470658
25956151701
25218669410
21808954806
14186174084
13016171616
13954765204
11599702786
10254089162
14169770941
21938796086
16374452466
15084327549
19386355972
19739546812
17859497005
19534089691
18760892553
21667724959
16510372027
15371578846
21359475892
18668568426
15997366174
20800137647
19795555777
16258712258
22007424089
20549869982
16206671255
20912303759
20002540942
18619665610
16394170669
18329710464
19011985581
17200673007
16997601496
22331729621
16685721342
18101359787
20131991337
16834193449
16339955414
17528041834
18061932707
18708762495
20289760920
16126339451
19506273241
20287750876
15644224816
19240678998
21801671526
18658315809
21560506805
19420396750
16852299726
17897126302
18128135094
18955943234
16520467383
17594196830
21695298843
19688287792
20115924984
17581273694
18284577706
22231594303
19828802014
19725416002
19897067510
17834331814
20528755469
17519883671
18009442655
32907690397
28965137460
33286863165
31114141190
35334446713
30431637659
32789019373
29032983643
28322885944
32117250586
30118413816
31702211819
34316728147
30696697409
34253214132
36477604619
33444458126
35567143086
29048936021
28713131026
30573737908
25619199760
35868680128
29441933554
32344490826
40410455853
28143277391
33032537320
34421376780
33984618666
33627258554
30230198485
30924860921
32305344956
31209294044
32322647292
34511707366
33744864338
32254276998
32271377539
26772609011
28549934158
45021693964
30874300672
38367066647
31397950419
40382542871
33048568611
39398794223
29844399066
30342982831
34480312931
27006422846
29768180505
32056681445
29340856173
30349349823
29302345187
26191686376
26361162799
27448130160
29135361605
34099627132
30874939794
35444280232
27921470883
27107432743
34888391169
24842513903
32828077387
26698864484
26489528288
32772732674
24548383267
30217944592
31012223921
25013437492
27522096147
31259977122
29245154814
32529348337
34185208111
33419864749
33073600082
25304395811
27983455258
33402984645
27016054884
62128394642
66568542804
56129602923
67335346347
62518130392
55239735958
60849313710
61773328100
31215330062
12737938717
11937581864
61421026690
63419120657
61339175912
64700856946
69179235973
61787875863
62407666988
59269293654
66313089820
68508183767
65530630200
34009561412
12119113784
55097715184
74115904604
76451864104
72233422972
27408021767
27532598983
21431466887
21416829483
24819580588
17948897933
12616880550
13939873738
14220090478
13612557561
12452211769
15291614269
16387818760
12078304943
16124741767
15897099854
15316848705
26592721661
27310327471
24992198672
21692303170
21458447818
21747192439
24132472060
22469151917
26447629965
22916666398
25820584562
22740960412
25447799249
25312896670
22309892830
25539047668
23407006650
22667406785
27594040399
25611681897
23214126368
24233416313
21671069631
18524091763
30699944555
24356208236
23261842002
24061565066
29083380397
26242811546
26572986377
25821488214
27112667404
26857091866
26939825718
25744912357
23437623158
27126774741
26659789030
26377176115
23260653014
26510036214
23989337963
27775163257
23693550747
25532078748
24763190188
22255273151
21399995820
26401960647
25812319733
26754458425
28007854553
23176170728
27193330258
28002327709
28228624044
26921762768
28757185231
20445590617
23651897494
20994381371
25972480127
26582555061
24911837833
22319877175
24348450132
25152491415
23456165612
28893914085
27200197296
20524370011
24528316233
26945436551
26874100607
27139366638
27377248590
21431312970
27662920865
27271828428
24365882141
22911289513
27070921519
22708000671
24211781368
26938082897
22979923148
22158074690
19966741941
24592239139
22287841533
22547133177
23512277952
27323612329
27339607728
27187236512
24612129120
20785072571
22561530171
21529081061
18714045844
20695342178
22218250360
23363192112
19142996846
23369267751
26358211585
18845669298
15910868461
20901364286
19140223278
17839211926
17095768299
17385968360
18795600534
17332126166
18373779304
22744007080
24068937803
21298499952
12544144634
13346273196
12881522601
13210255579
15204461956
13299448827
17816111512
20639976916
22383139640
21936133141
22687476083
24031645607
21808598601
18806529968
19496078948
24707477906
17417094668
21482862691
21307924139
22479717485
23261792247
26768081607
20973865247
21262701151
22408748612
17266288433
22774917470
22727507680
21012418553
15148505366
10852846854
13564782846
11726820105
16001191139
11977414370
13793164445
11978033137
11888446588
12913344222
11831659261
14186807118
13171469786
15872299195
11643843432
13571466016
13543770234
14915906127
12217596612
12971921349
15405983073
20781312519
21318230975
18729654700
20985943286
15783342532
10583124220
10843679296
12337088901
12466160058
11351011327
13256620700
14022272478
12042880065
14104003805
22860135978
21825020470
17061792231
20631592376
26240804875
31191675038
28815605233
31902480797
38036947398
28512307324
26732731347
33251823383
27862750288
30118771230
33765462884
36503435501
31347512810
29655997955
28816410299
35661146754
33494103017
35872689835
34671676859
36582100379
27015081694
31117990320
31310463816
31845001321
35858160042
29873733624
34257211652
32647172932
27650182393
36794113469
33577020845
32843277480
35765325078
33989319978
32338478494
34187214553
34805416331
35238262715
41656759762
35858964527
34816147663
21674757524
16930527639
16756959276
16775625670
17306708514
17527275348
15791561525
19365322310
15322273063
20184100187
17167558977
19173939651
18687788372
15205538072
15962778357
17813700806
18890342782
13636361342
16328848241
15986323720
16367309077
13767233979
16473780776
18254690500
14806160770
16653902884
17668347366
13473116820
16279224601
14176755143
15187902564
13012397322
15446659813
18240694900
18321111309
31206555052
33006967605
28999786739
32737698191
35665958389
31165967718
32331394817
30963829995
28436762855
30709017687
29140848616
24819601963
33342941377
29615042293
31359022087
34729112463
30143956659
32626783568
31889776510
34075181536
29696213914
31803663347
30854760662
30921261126
22756121240
35691746380
30848862978
67942473370
19680274328
19031734876
19282198798
17347603999
17475257233
15512096125
20228945887
16387841896
19872812467
18582398402
22050656027
11704424977
12939967634
10150494960
11867970112
11917400479
16085967170
20325919305
16114063691
19792579678
18085725898
20617752873
19267566621
19391924861
19619063577
25221754925
30773704748
13843418402
11863957263
13301565762
13880509283
14199355065
12113166393
12393333748
16295890384
25514465055
25873826343
23083323732
27532289810
24447233128
20164436271
23280652291
21148725925
23966644165
23500930242
20373069206
22984178316
25619934503
50400566791
31960103447
18075625376
21153697088
19406169412
20451518169
21212148175
17909386639
21336819219
17688972606
26762087814
20245025113
24031033365
21146625319
14128748154
12963148828
14718659295
12831417844
12925939698
16349845916
12092121140
14300597623
12567437731
11363314145
13291507455
11802648934
11638580962
15358911950
19623904013
20955527169
20261422725
13931579944
16288119333
16160121228
12822931226
16234743721
15794723475
15183923807
15774284318
17530277883
20699000220
18160925819
18521427104
17899191514
18144229261
19710907769
16211750007
17303082033
14044530904
18040638217
18464963797
18836373209
18815673271
20360532555
14296277984
15240901985
15472302930
19868587596
15280668765
16976879900
19845411446
17040226230
18565075278
16323761309
15962686039
17194727809
19706867698
17229708656
16405593797
18248503887
16730521968
21077882561
17757386399
15309927029
15353587283
16664312220
18212914520
17174301508
17049284653
15710890586
17471671887
19051963838
18122188364
20743767257
14905275036
17932692195
37804684512
37074805408
33824221416
28873955126
35399715156
29961429957
30449404183
36560616733
40896298100
22530202458
30308600189
21949722064
24138403210
21947555897
26470780667
23417275563
27658053822
25036126779
24916935729
24244876121
24311949617
22988314414
26907968006
26853283200
15356810577
16263403730
12637646557
14919204206
11323059420
13519051281
11984803691
13088391521
15184912322
15347092469
14072514478
13484120274
16021735966
11890930165
15368697604
14420449829
13389617544
12899307068
14659798102
12962870894
14677837371
13521534374
28761710890
32844234879
35201069376
29896460603
30920961352
37464546606
26114942007
42775807517
30513183300
28073408475
29600913316
33162598653
33728469887
32403021418
31426571519
29889290140
29375612476
30132278681
42036787667
40418522109
32661588076
29389361720
40173658651
26487012503
34979724381
33136896465
56482335631
19736533140
22268409399
19605503137
18928348936
21273885955
20934118399
22648229136
21487145175
16695910765
21138051206
19544352290
17427998043
21263426571
19424237918
19442193357
19595308031
19890726225
20868557961
17768058604
20515083674
17619930761
20099429981
16366188417
18222957231
18606711891
20440080428
20826820744
21542530374
20641576568
25057193687
23439319075
21592414873
18587446279
21787476284
17780033925
17028677484
18002328717
20661955563
20391462056
22179972252
23066732989
25777524857
18499023615
21737698440
16281870545
21012248465
17005791094
19009236388
21629279710
19275393100
19729087335
17719910977
17900365044
17333268638
20781742158
18591161628
20949172790
18818796670
19120761138
19476122436
19150687401
22281087844
18335418457
22511944435
19686357508
21664139378
17984536651
17835549494
19122841760
19843997015
20592515988
19097756808
20165516021
18590785247
20364075410
19937905308
62877803439
93549918210
72843207763
74781532497
90786108248
88455659210
73231685694
74983259174
73790026450
64909185278
97627189018
88093298756
87942961764
74677059056
85397986690
86877166802
92297179205
87100235859
75579572203
85274900769
67263993870
84412304852
77547419019
68772063204
100389719392
85303049867
86868769630
85332878351
71628845496
92408538854
75075804840
61122217747
26263763581
23106568015
28773610308
27747089321
29591528746
29519213680
21657324288
57181841995
19457184329
18450146147
21036263204
21740997189
18616546455
20881961295
22087453214
19473542018
20789884406
20198439876
20472360090
19774715103
20466421884
21243685369
20830174145
18966141564
13013982004
20276074922
21688112676
19418199333
20181885497
17600763605
17496438762
22799136563
33628426882
20994314867
20166720181
19479290599
18508435041
22468467940
19106750242
17992894347
19221642950
20864221269
21632109348
16034333286
19210484910
19346613868
19695319963
17283287454
18372148381
19818366242
18378127563
19868498143
18420896131
17668237864
18918954863
16752589822
19405592567
19718140700
18030651289
17833335446
18213321646
19056509215
18466037374
17748220583
23209396694
17275230599
18892465442
21970507964
15437550545
20460283331
19692152399
18040757901
14623961108
20644843602
18943557244
16683433879
21552917977
20341085103
21846431839
18507837425
18130406625
17943304207
18996819456
17453710016
19157772630
16746645522
26177782788
41000596592
28384782145
32047156855
36146340072
30811827092
37601946804
29208043474
29253577369
29960887208
33272720405
35321359164
30121066081
34120986579
27750063533
31939932396
33484672126
27062205894
33057820576
38705533192
29340743879
31047963242
31780200889
26095841282
27405251903
30702736582
32569956394
32562633671
36328526886
35115179775
30696339382
31324385169
33120344679
31185408907
33841589364
37619702327
31407390066
32229786961
27918569552
34177361992
36110978021
31841803277
30752814959
26129093169
30585161577
36074898338
35265270926
39703847814
29492933163
31468448517
31324568801
32224879520
38698751440
32396055296
31772009311
29979996612
29510588501
38242349567
32501950554
22900933633
18936733423
13232137884
15257504768
16737803533
20818987142
18477141931
18079631606
17274426177
19522311022
15765925328
16598885087
18192941817
19164885562
17439639344
15759090534
18837762171
18471640303
17998948776
19322148968
17711545010
16429040751
21168582654
15606695364
16560318071
18040855558
19007668436
18004022740
19906954820
18431850296
18643383565
18423881436
27732509759
37395569878
31289628781
38717898928
35289285910
37261553226
35265097832
41279838893
67600000395
70858572060
52080016799
68000806183
70663119540
60762757193
34956925981
24573617375
25043409855
28421890765
62363199347
70063466375
69335124304
60255103170
63986849239
91021039579
70340387552
63032855705
70041651793
76256007308
69446021938
59907303657
68509586758
71751911434
27840083310
25536451592
26196142357
34014461481
12424873100
13533922282
15307859700
14256842834
14294049371
16644325126
14979602738
13917378656
18523223766
27301329154
22799453093
25325206116
24584236911
23685633887
25901184663
23706775017
25331188927
25641766067
22670675199
24510186059
21981898655
22714624677
27516211130
22583534998
28187995601
28232784012
28422005310
25510266281
25054986495
24272792116
24069075889
30412416314
28017551887
27868112558
19906528353
28567884885
30114432891
26506693007
27712601035
22455336708
20738156425
19164842153
21414375341
23122781117
19961258894
22196406130
18349926768
20517862924
22896390781
26608918993
19094261081
19624761761
23598306632
21183146583
20203525213
24486958776
26449989430
27777036113
19635926738
28241432221
19448599583
24046607237
24177732324
21420160135
22646938788
25869903705
21235106989
23049241667
21102091319
21667239403
18770967642
26790898220
19060832119
22404071855
24300184449
21899115111
23278754988
18709783113
25603230553
23512356366
23707153235
21903181043
20995489170
26058719493
28367737111
26054636842
27218850563
24608995718
25890686536
18876398428
26662892707
28707976805
26443289338
22649093605
28971827898
25161227716
23050913216
20562169162
25058124239
20057617897
27139228400
27739271080
27887801665
27606707871
24936246652
26268905928
27511739286
22495855219
24180303958
29700470666
27014122922
25878905908
25689208981
22665097140
28844759174
22753011300
14053656651
13179749832
35671475373
62469604907
26015345657
26244228162
39832197282
96394002487
67673713512
85254516797
76915853594
33032874068
68221721847
61789360061
83752152102
69025304658
71719242213
70466116953
64958377425
73693304038
77554879264
84454390550
82545138556
71785876045
72498023075
78271929810
42538444497
42661380899
50975285640
45813831303
46657709010
53047785284
49241909879
42089318373
53797645167
51203303719
44182107623
46168132876
51972208654
40349200495
48082230889
54360920767
44679840263
59878320470
52155477886
56789451271
38555245852
47539450808
45467276284
41504746334
41552489742
46808741306
18608729403
22886284502
24959430504
24261888347
20025664971
20446335606
25959029965
24062475048
20652571391
26362361091
24155711445
23432477055
18713436397
22859045009
26992496457
21256984008
22965091656
26177491508
20608567038
26951080115
20650734250
20632689460
20126561440
24132877414
22537424919
22199601559
23345063577
26436859955
22106379631
28551997180
20994513286
20704059411
23606078994
24996516772
21609536904
22371786725
20789047752
25298506465
24083383138
22613242616
21545150864
23149915209
23059084930
25616726569
26548761713
21565552891
24596943134
25887233631
24474515712
23329975898
23621304371
24268382649
22520931780
23744862910
20490407901
35118077919
40237544072
24436875268
36459235339
32666152571
36752128002
33392329657
59144939721
61654251622
68957994930
72238089198
66310152701
67523230551
64442443378
56289161135
60390246667
67305780483
57940922823
70899540208
33374835212
24724617504
23380267107
26406231598
26350257815
26599031314
27270858259
24146960971
18788851982
18288648467
18516852712
59812870427
56513051504
77104322305
53603201278
16778965445
10890465474
151791547324
37829964379
19211297514
37485129001
26357077248
18398491883
27694938589
23575743128
29046696657
28796012883
13394946901
13954071485
14423594886
14660871708
14272214797
13520628392
15253609151
21023012805
23361904802
24593049804
28073898078
29214300564
24026735271
27741333323
28788678730
24160054600
28832507467
27081013060
29613785211
20547671690
27701122640
24344313867
27630835628
24095252686
29196949088
28364725638
24903485711
28315133462
27556179321
27507545108
31308181032
31405400163
18515268807
15091832741
18212836745
29194022135
28044962985
25971775745
26191215546
28352236393
28497608519
22864929270
24379305598
22960834081
29243346982
21868821273
20567826649
33106478073
29185144293
27191029010
22432378495
24681143062
23408412167
24281932319
21937321025
25239082625
25442472902
20701898525
23722145397
27061028017
29249407381
40797327671
51438728227
41722687632
50030434613
55384738053
44957804691
29605203254
23990635016
22651886631
27095112173
25799706446
25891717296
25869306849
24520210060
25513011448
23242337876
23640985782
25098633105
25806365946
20312516605
27769900273
27453572074
24571661985
25747669686
26477987580
26056009722
27245898486
22464168530
22654352411
24646176461
27981912648
25135697068
22820649659
26287786348
27471304675
25480531159
24896975629
21832533249
22558131477
23300957254
59581851717
57469436340
65095355132
72487279337
55480325757
86133214158
57660715392
79919297570
63279202809
74658555414
85989227861
75094041266
79531211360
84243046762
73895275106
64310241465
57480893890
81400880810
33247161502
24994870664
22474184286
28015374096
24613668118
24724179058
27087909780
28172771246
28476236024
19620068664
23337413135
22503032384
14510216996
15105747534
11532314213
11656077847
14345200214
12029526494
15356152468
14271458054
13344052714
14848720633
17412148247
12306374438
14076583879
14817878469
13843880792
12337221499
12527062865
12223076722
13459461337
13179674983
13172674901
17761534092
15919643491
16542753853
13388747628
14358930482
14580330396
13237921138
14652655526
12136439110
25528398753
26408724520
26522418882
23782932862
22363386609
22776658675
13665545670
13321622822
12152211018
14729927170
15198930490
14089247535
15123872781
17382898695
12272353799
15283032877
13768883014
13054736885
15493958282
12327121547
13604142312
13557745859
14274803949
11182329948
12527517775
14756097261
12289195134
13210594679
14178451782
11500368422
14652552315
13606937242
15121904324
12866557287
15012578296
14227526528
13110762944
15886523067
15900931936
14779370392
14898356912
12948571333
11648655222
12940153263
13377921509
14482496927
13369296338
15727479740
13868083772
14287741366
13723971736
14077829431
13339908977
11773337669
22058188687
22790816991
24639936243
21390545894
13333270606
14143631268
14086324317
15620333665
13944387255
13728947368
14157876417
16711907382
15056872017
13365333329
14542730987
14796968591
13752081818
12919577838
14267723473
13719695841
13672320597
12168511366
13810113951
15251198301
21254454547
29107797170
27439778807
22191500434
22296919382
26576086489
23126150364
25532309145
19349532860
22804786805
27060024791
26505254854
24653527580
24695675355
27553395766
29709705779
28428885887
27705164518
25043820913
31508492955
25783656376
23634532102
19779154852
21253859111
23579037806
23546270213
23351813580
26347748296
23261316354
28677374195
28177567186
24842590871
22345568213
24553434584
23355397992
20850284838
22788957035
19461362062
27849733134
24090042870
21507468887
25558472956
25507007864
22056409743
24469210277
21327476924
26628691215
58890065425
18955353944
22140078990
14999450001
19288448143
15242473676
16853458648
19098523288
18781643829
21361814893
19486339740
18634954036
16765997159
22837356923
20520698300
25368840523
19934583676
21479308679
19686214906
21805346046
17747948117
17991222768
19191666892
19906465606
18130750802
19178968927
20847381670
20358516653
18674378743
19336944631
16955664365
17813609485
18136951805
19282486534
16638364458
20640790068
20686943959
17739943204
18425179100
20279103973
17873332232
20682262811
19198753608
19327208526
18407742464
21507125758
14072172559
17040608154
17481097987
18227629181
18348275391
19842815591
17563772488
16575216508
20080202131
20062947788
20037552366
23612955518
18525343115
15778838274
14790665626
18663244892
15872157305
18675110126
17984433291
18351855463
20740363982
16973877979
15147041198
16712445366
16868813570
18274399885
22865639554
19731413671
20029593420
19960846407
21376580887
17664077923
16597870850
15307270339
19356628133
24296018801
26693893976
29269220025
33096797061
36873435647
34530651267
33137295750
35593306379
40990881723
34763543760
38252816919
36896821011
40334072228
34067428902
39296265460
36011845000
41478822271
35052695969
38368013737
40232267541
31376564217
31937610050
40349842627
36821766103
40437810770
33779399067
38034955934
35510132841
36224786637
44636516679
37615238102
40765874487
38854143512
36243415114
34933369086
23889869779
20335550814
25206714062
22153816361
18329608779
13711156309
11858360216
13854388095
12639976404
14290808120
11438153932
12987574174
17026466414
24015482625
25074309417
29195962618
24620397780
31045101833
24397952246
26944953493
23546583689
31180319845
30499821701
21744669174
26106243012
30858888153
24183726947
29130080222
31298726091
29244810824
25155376865
28448270257
31904356002
35981297845
36010005758
30598811360
24069587336
31131181784
30384439683
30551911040
30140129476
32448472329
29627845947
30506594178
35007958726
30904940189
28953943917
31093818359
32563674858
32045626876
25780262684
34125463293
28963735089
33744632247
32798131150
32934883450
23039149771
25305077872
19834482690
29606265658
69932135548
81548306704
89681757463
79688637468
60701067250
61558824515
25618717852
30553631231
28845165983
31953353442
71584543412
71827045113
66086116710
62681794433
64888316610
68883871040
52792239923
64461734440
62004072484
55248848642
59127301456
66308655022
72340555470
61346195804
52715698610
25464247455
22985917225
21850401459
13864326221
12788412953
12338616072
12328432564
14367074380
22856073430
16464646845
22937450205
19029022069
22527347768
23700876200
25727205931
23677249981
26452765090
23919769175
21902988731
21190116237
21057862276
27997770117
20058009049
22431725973
25321705838
23698455773
24183471071
26861815208
21759455159
19991542899
20683107272
23203631811
19209574219
23978211868
23099322226
22762936010
19965028012
22339189804
18191999187
22925203365
22096628465
21642452952
20788882862
22994110612
21080529130
21388880008
22644265188
18856244319
21933194640
21811296140
27231056300
22658404964
22285499740
25992030898
19021164359
22071158792
25437417470
26235702885
20905918646
20323711457
27589513658
24136017795
20831975497
24383706016
22060125860
20533995290
28189975246
25892079746
25459891376
21515110633
24018196724
27255136960
23721850100
24851205760
25257340236
24043244671
24364594931
28496475611
22854674710
27391078640
25941980463
27190212858
24213751810
25476347671
25481720698
28855925037
22785085802
25378192741
24055802936
24000798377
26422707780
24958721819
26276596958
23392005775
24446203087
26629318817
21691061349
22216502963
26655959758
20713088114
17139183611
14488320488
12592456161
15452964375
13570124227
13279808206
12385445832
14146867696
13626164715
12996996549
12653764628
13628602505
11482146365
11853442858
14574873948
13275381640
29706097872
30006513081
34364282247
34525899917
31621664917
41065656270
35335887597
54462556266
49797812877
23628206357
22750587591
25603377706
23124092426
19164687305
21042565967
27115246211
23717939998
23180277953
22587345180
21759612621
23506591041
24535176684
18621850833
22983372360
23935673745
23814827889
23517195348
23934741187
21885523316
20170871037
13531327744
13227441618
12594426800
12681298732
14638508079
16103648164
14537547324
14392034507
14389251860
13612000682
15043048471
13898190613
12947282223
12877722762
16372617244
11834963539
12297262958
11605113642
11047065284
15120373719
14027901921
12750366666
17573318469
12741565051
14286236801
14679145675
12614535820
15639576996
13679007180
14888065650
13811469702
14178727885
12206505091
12169344877
18144467763
15359251208
11828071282
16068159440
14668597371
15853521548
15768373734
13719631789
15434880347
11886546367
15980169030
13176253231
13285523658
12974584890
13682865875
17491203470
21964481360
24410133386
19222743597
23851996951
23392480133
23192435154
20159328981
19998892082
21668518087
53684860613
19107088310
27178356053
36543033060
45113519455
37280647415
35322051361
36756807993
35112786029
36592194824
35380125579
42709887479
33049951171
45926532096
37381923262
37133350144
35518762352
23539176254
26513561635
36700445577
28925166830
25777856948
32936399453
31357248999
25819459277
13822680998
18172991041
15161738442
19369020613
16539971179
15312053494
14511969277
19928633091
17125771982
31979243214
31173088247
34671013628
30645363106
31233098954
32909324901
36781873519
39594452885
29401141607
35149977196
27574448382
22105666972
25675246128
16978430810
12303495409
13274574644
13062933236
13896498608
15138957549
14236478491
13105789985
10497618153
13100700552
15832184392
13869257549
14907773371
15287272391
11066446767
12997159525
15021749226
14334882538
14418393923
11904282332
12891813647
12769722604
14246246399
14390281912
15850685372
15043292972
12203709591
12627159829
14536283428
11317150869
12962806752
14145249475
13915037914
14245356338
16608946490
12816633722
12857837398
17738341259
17135595313
14701164626
11172359016
13566559893
20652386659
21285006174
24048790586
24846802148
21889465215
25756074008
27512081811
23692402704
22038899438
26939908487
24214989972
17770892884
23047437173
20262568131
14221782438
10436703905
16528924820
18178712021
20061577193
22738875147
25299830856
25613840311
24852459147
24256339528
27699273491
26873940581
23823912512
15824147673
12406653849
14712433917
22045364257
25136326855
28636757219
21216937690
26737273555
29171255221
20017350980
25242252529
56903282479
10643666054
20698105690
21729738920
17328378042
21440502751
19072445097
18699019853
20294464490
19081542435
22637668652
16430471474
12613584430
12358230770
12632944776
9835533789
12349903360
9781574384
12254362028
11123459900
12478272692
10914928093
12107328283
11487223750
11581299281
13681391998
10001289294
11775506459
11780316894
11701835733
11696631988
13224614918
15482272282
10163078966
20175481179
16910094694
17748948208
17348945549
18830975389
17654058272
22013740659
18921617112
20004781135
19637907434
20436911204
22275906704
18441889169
19950759771
19871039640
16839267954
20375334481
18867749063
21709845951
21706347092
18518526247
19975958377
21543986309
16420490533
18092652751
19916186091
17983965180
17133880302
17866645657
19953187376
17192010956
21253569153
19956330847
16840011982
18724299302
20092071047
18609027958
19390553714
22802370951
47205848973
21883089723
19536713222
20488851212
18305890189
19003410245
19548448729
18980818877
20173357722
18308330695
18637894000
19605635527
17241136687
21054479388
39330862485
35819201272
29791457209
34171563643
30912122566
41975002160
36153309744
25809723342
39159696877
36844936515
33879282646
36425782504
40167612842
32251709548
35014525795
35895369386
34950752192
32765107279
42792385835
26979725476
35668563366
35405503858
35742958673
39070002816
35054864263
34365316393
32066868574
34337113161
35983811165
34816114953
41408821299
42433700910
36413089070
38643308916
36312474843
39429793403
37223435118
38752482535
35529506175
43667524421
41317038883
41652364560
43599131376
39071103087
47729552108
36072659577
33344700510
33022945860
28344239894
36042527129
40089412319
34899229069
29478151964
30738343120
33707219801
28628687551
35886666184
35587661055
33710383002
37714419199
33660469283
40758402173
36324965617
32523773100
29526555556
29588227832
30182440304
37443828510
26335956810
33564738499
38023301196
37796065228
31498920389
33598425247
34193686804
38328573886
35318103747
24265516911
65370041369
23703576777
50873119102
77067926857
64464990971
73235676541
50014322652
66129993516
79019642382
62768780526
39269361786
34195331747
27045321637
32319551730
59334545212
60024649886
74641267374
48694283746
16906438095
11726861620
20919147747
47875238006
63674513813
61122488246
64847949055
20557924201
25828280816
74713857225
92400794842
64482214811
46412492467
28349475062
23507984166
27430848079
27310189960
26639076792
22374031866
20614558810
24757391705
16324419964
19022040858
20607564802
24125583258
23665399712
22472056836
20748175970
23766891460
25181362995
26600591670
24493801599
24196166613
19515536773
25837151424
23091015867
21676165958
22961553900
22607635328
19061719978
19011411967
20589646097
22214861252
25289967175
20929255207
21104556598
21751518529
22748491770
27394864550
20509868844
24070401109
18068090906
22293172881
27424436907
21159112276
22324477188
22051034507
21992953760
22423273866
23444180529
18814252352
23882617297
24898866984
24077673042
21624201395
24272002003
24875968197
31353737160
29827536155
29639244155
37634778872
30368573872
32391757411
29621908162
36363141886
34806662591
34932076470
41204418807
35274226086
30910750181
28183979489
30091127512
34086332635
36982371931
31510105480
31054724617
36232151545
28067214982
29359122224
27862465118
28369403062
29861779691
35984987039
26850068855
26760574155
27089118025
29939286047
26681964863
26453240237
30834937031
31232924613
25127070278
30371574293
32037862857
29135100406
31597097309
26091523588
28150675172
20288303282
27869415830
23069379111
24455021250
25512600674
23505171784
21460224527
24543502610
20430929621
21688616110
19139590976
17112029268
21151451870
193617284478
97134911060
24011968235
31268872742
25762321599
27934989632
26758983727
24259794159
155412014020
164682484389
201365522942
191712075825
72038619719
27575423958
29000740898
32589868536
26209597131
25575026569
24365164721
45678321860
31123975418
21544550445
25552950354
14310533980
11085828567
15234433701
14179321974
12724143965
13355495412
13495991099
15284072783
11549216043
12168669512
13826016750
16374440499
11976489827
13444069640
13226903177
13504577310
11934639654
12980628279
12921908357
13937544049
13939981416
15613715857
12118693530
12968365240
12636979615
14907750798
11569892946
14330205729
12949305603
11889016221
12858257843
12178832463
14016826236
11834699782
13041785604
14040514009
13615725153
12688654536
14732890962
14243029865
12787761149
12537035102
19029958392
22586192768
22179786928
22628483298
22028998789
25307274559
23629316026
13370304922
13382586157
12937380438
13705185990
13291359782
13957136607
13675345203
12721817849
13423659656
10462819613
13683843053
13875335294
20525401817
26328735696
25591623776
26205540840
20736550289
23976673265
19906170945
22143230556
27241846233
25645215563
20373385134
23576048876
20176893211
22318473753
25628283962
22721669507
21871703128
25052851144
22966991548
23443787048
21402161210
21201201434
18699237942
23283692927
20304801857
22501600525
23907822653
22335284835
24997990869
24513841673
22410236248
20620892540
23040810724
23283197318
25323536853
26702564442
28037293591
24870209883
20582301951
20348740246
23420730503
26901749859
27168353624
26795873999
15199810301
12788066754
14408309951
12038559742
15082524753
13980404646
13472096893
12325251040
13219239569
13842491285
13151809447
14725966054
13730299266
16488220496
13679124623
11956191247
13016687856
14188988979
13450241725
16318582616
10815727530
10696589385
13876286087
12414443564
14781519429
14751199846
12415916103
12732690753
12678059909
21551818363
18951780125
19289390800
10683206740
15208373361
14546886824
15431067758
14130252130
11068315748
10168006542
11903558560
13960734542
12617361289
20752897344
22483474658
21512688972
15471659562
14211605462
15009779437
13055539458
14855303422
14948944803
13208850127
16480217820
13321294146
11036506099
15253537674
12332780409
14691396313
13545322923
22828757040
17686255045
23028365133
37406965381
17989341530
13404305606
14780229222
14236539463
13142816951
18456704437
19402155068
22726910714
18205994085
18918937775
26896192565
21140210914
19348762290
13427945474
12609425511
10604720307
12746710909
15311622978
12110697217
11668194216
13137624186
12399569230
26038035337
16608342765
23756708752
38904845832
19549256436
21158613246
25164044457
21493269519
19538679893
23033214102
22426142831
21607554805
22119656735
18105050519
18442370868
22971516056
22864270002
21075985710
18755360291
23120341361
21192754734
22328803747
24734911197
23935853240
19208486886
20712534913
23933582961
20223102025
24708962555
23319096207
20463693305
23080951506
23007578754
21485853117
21086243722
19359702785
19860532973
50009258066
19867848192
20158040384
21538866318
19589726406
20149337139
23225863601
19502882517
21394122345
19710565200
21908191151
21810696277
20120184016
28649575882
43564543206
34576134957
37974557241
40287023532
37056157549
38901575556
40010798192
39513305227
34142177520
34961808327
34684399593
32946935136
34981474388
29920728985
40128314655
30494791606
31989954301
37562219825
39896917356
30612994564
33088228926
29733661650
36220542525
34907943760
23747244701
31204662493
38093269967
35598736480
31512392521
34235284285
44344692906
32052055920
33090562092
27045144988
33775998394
18066463782
16738324259
15800143396
16183612854
17104282236
14001604744
14098962504
17224301448
14502288000
17050059354
18633689310
17125985525
17371846821
19277847603
17312129174
13383460727
18078054603
17478346382
16308422251
15730747269
16067056353
15942813870
17030744664
14708148694
17113162818
14413280479
15533396588
19189640526
21434875594
15956012281
16636054779
15822638946
16420039458
16490380291
15519095090
14076594033
11498919092
17052307546
17907807335
17997455823
18633829115
29791703580
33838696566
28645170088
27673667575
27130024016
35842636425
28600918721
33690946947
36239945744
30156646376
31598245787
38349353267
34961192264
33263533394
28564493527
27474582156
27152637452
29998356413
28246197603
26937986763
31179504130
36547743716
33983711888
42132533989
33586893790
41358396348
19622674521
21493504793
17327948741
11193019580
12304816871
11475995204
13089757402
15755024872
22619857840
19662410080
22882087601
21336791955
19120355383
19531127532
19289557752
21974171386
20831117493
26342147852
21915978725
21184197488
22747870782
22672542217
19567790579
18219872978
18474238755
20400318246
37191275062
19851144150
18210398684
21447597808
16270472313
21207790734
19068982648
19307502550
20322590602
23719318756
21098648826
16616847928
19876634515
20747989035
19931550727
19056372589
17507851933
21075885625
18489043232
21970005822
20387261234
27156822329
18083775027
38670014824
37703061753
22666594003
22759851534
25178259131
20733175468
20200962430
23096838685
20997390716
21915059995
23298581739
22143614748
20257425802
21728294281
23193972502
19069665992
18122212302
22613932500
24612763232
18481934176
20709594713
21080577545
16653075487
21085234982
19183686672
20401734572
15875373298
34310969718
37907442932
36112181550
37453546552
30514217341
35078873337
34829077156
37127610985
29773437973
36501938481
35846306126
33966498046
38410177370
30163616389
33360580649
30946333536
35076333116
27882809779
28892839366
29960957359
32870775159
28744126902
36984517523
41501934192
29521275851
35858761021
41822608887
34958436480
35508229112
35689345377
25510136844
35629014794
31882206998
34045441753
34348914788
31363448313
29695033821
34715329959
34690160839
45276860659
36071455005
29652132792
35955601702
30559051464
32451340647
37109427592
32830006240
28337528270
36877152474
39672501819
30600892478
32881455811
30783749438
34919862458
36071946000
28996434089
33886664553
26425611835
37552663351
35795443080
30774029464
38505269671
41929740033
35205747056
29829888251
33864365868
33876070965
28715828483
34852476346
31986930454
25072277068
34195052128
30718913244
36340082494
39343469226
34367124585
31169187010
34029067946
33364820960
33751143579
28947872157
27376017611
23426077618
17605075960
45501169863
67103174961
60956395423
49930932887
60414169223
70141582935
70016582151
65558742055
77521983710
77760809741
75441982996
63369789957
61730210054
88629595405
68979989212
65962106236
69412889207
78211016982
75604035108
62577023009
79386576997
67318982407
50523584404
24193424147
26093754628
29461625963
25768536624
26643969141
21173500258
28245750609
25016051980
21898921523
23556425971
25290116019
24990513455
23988226205
24161163573
24350311539
23589260043
21025461750
29191849838
27089965887
23823459623
20701745986
23741117758
23530814990
23514353484
24859056650
23083984966
23096512462
21797941863
26198178850
26781724217
25892934987
23785022572
26309728621
24057383200
20494383144
24005299122
27856182139
24035300953
24745311486
25283876571
23449666642
22112559012
28258261914
23612348584
25198503636
25496212989
25063580877
21748698284
21637495424
24071288079
12234520760
15553452748
13322276406
14271382492
14557594043
16051312027
20390916398
21958240981
18543200151
24297952074
26740719122
22888206573
20098906961
24310399744
22843430586
22459483742
27903007867
25062357891
23952833328
27021674737
23637179059
22400823568
29129637070
26973756554
28196261723
23780083519
23829536425
20289213154
30914719494
21204901689
30789997511
22392801541
28284483850
27880084745
33146894575
26995530289
31403512199
26853265963
25900466800
27614148955
23988048073
29318443216
28303464361
27306969018
29114203103
28522360756
27171499335
25651485949
22889083617
24871758172
26899543294
18659345346
12848045563
14207339258
14291221793
13187906185
17614037781
28187629537
24623053751
22557267114
23206220382
23959805884
25872309332
24810617057
22411099918
18018647171
21504993079
25201458328
20578009389
39389560833
53664236788
18508848453
42298096710
59275036561
71669815463
68127448241
64832025786
60775865979
71120152705
71503664788
71691696086
74205557888
75621125272
80085309789
48692192269
56916271899
66774320538
71615486258
67990818073
61400688234
82120194960
77377424797
50655096781
24470855889
21259923507
24369804968
24251272213
25756615916
24644470059
24643391837
23330730834
22180660221
23735311289
20839930784
26033626536
19495739201
24398107945
23798212083
23939295348
22834033979
26640900928
22566521999
26001323691
23459665435
23810138021
29220671153
24084543152
23943747648
27566565367
23044896111
25775593403
26165048024
24754295668
22940130110
24920631853
25253866228
26944928210
25248302864
26256711793
24436143636
23136448168
26469728909
22035789568
25738467068
23903487599
28239417424
25032246757
23527976083
23676519511
20762261645
29607483476
25753890569
24450044423
25890001777
20488907914
25289914213
26767584861
22079605180
26873091025
23128832663
25280577018
27257711507
24316377402
24828784793
26206676930
25193502646
19361143208
25949153360
24697740378
22385291683
24600562361
32641183019
26830546868
22572964017
27082785541
23459766117
23908066492
22760964485
20552040112
31709423758
25588710277
27376955031
26862723308
26039141692
24544840001
25117029321
26458715763
24616908810
26385540261
26202618415
29238450927
25225802086
27199729812
22278962095
16038096354
13979212078
16962927400
13946436617
15203785514
13770074237
18966141172
15789209076
15829916355
18515677347
13463392375
15855054153
16082882264
14093421817
22457880242
24434158611
15535213601
17673066573
16570580087
18276043320
14740471436
16802390942
13472290501
25156389618
24316284249
25253025104
26531926281
19798731558
19151248531
22054981270
23183530110
27438229658
25763586921
22307334370
22959982878
28390762913
26543326163
25554404543
63152195832
60529327745
70212742572
61837743739
64322864018
62912403360
71703031697
72197926240
64937996101
60443234143
75970917697
73114781761
55259161094
66299313737
73760922987
67704483298
55987450462
83782731315
70817269329
53218571235
21121248675
24325231876
21879931731
24167555571
25280415941
28550308760
25715275889
23915384249
24169631646
15684993319
16292534825
14733336995
14750427124
13340357280
13097851265
13162273001
13882307042
13075914534
15588383066
13628733126
16940755893
12093000570
11768127589
12399594103
13418925949
16926278148
15437176139
13061918122
13680325090
12729631273
13109588122
16076333544
13660891191
15837014400
14143964903
13158832987
12173669983
11822683149
12511015396
13742896484
13969972548
14818625966
16237781013
14094954356
11751233874
14972069836
15095378328
13800004481
14237587062
13720944747
15787238221
16041309273
14859572893
13239769860
13202815916
12195197397
11932756708
14782724365
11088144658
13599024159
13770309923
14636048013
13411207775
12518491735
14171974345
14257187062
11950066364
13648840045
15598506989
16359841946
14049640621
11386437746
14134988774
12581879268
12346447255
13518946147
12859442084
15264646486
12737490541
14679770241
15475648970
23975737640
34519112833
32333716435
31851128798
38108326337
37002842250
36388640779
35057887099
35242583305
35442451322
32045615743
37505595344
47471908723
37572033533
29965716253
30531189420
32017851660
37355719160
27948325686
26456282072
16859245105
12714520375
13100538091
13705196596
16220118858
14474580730
15738041495
13964046523
14051237177
12759740454
14264657471
13306012557
16535614823
12311297943
14347511729
14457821945
14215672073
15139474420
12033387372
11517929152
13450599818
13677534411
16662661199
12193450757
13192277676
13994416671
12604389515
15920317809
12410747542
14606036426
14265598368
13142062008
12818456245
15372005645
26035194901
27193946100
21014105024
12450038525
14614411167
33774933067
30986759466
34772625599
36002547079
31089720726
30780227240
28793655966
32209805572
20067856506
19201874867
21839372840
19145415923
21465246275
17606559213
18021974443
20496171214
18989780657
22373262904
19105162303
20831534427
21077755673
24868832441
20205585128
21088374459
19780175732
17771999099
16196818708
19221890764
19921907053
19593608295
18182530720
18583489107
21472719551
22058707389
19418134202
20621543697
21261634183
20156268570
21099342781
15306288223
22236206339
21186462099
23553753850
19221869759
17544324600
19422743252
21364043856
25395054437
18378142765
20300991773
20389559688
16174674867
18681416190
19611166693
27409789914
19125684244
22248504278
17269963624
21056003630
20760393641
16832271801
18300330958
19342834651
18621037003
17010104252
16598484687
19731705785
20050958694
19132330007
17333137823
22400899477
17770023312
20275406507
20959315310
20164551023
17176454361
18528834960
18641963982
19383601319
17091249789
19808816411
17374413857
16474714835
19803738928
17711013109
17664241710
21028178569
17807284507
19781273628
56706577693
67515555191
69990537984
91299602559
72507364206
72300611070
68707735098
77220861425
61925967600
101429210358
78865280671
78392819098
73354413539
66278718797
71020348178
79083134156
72082830932
18053816823
16716690680
17316512648
22553448163
19638133529
15680639786
16485455683
18199493673
16195152644
17619855059
17492046689
14255161788
14164168992
16409650362
15532618253
18377953309
21225330323
19324365230
14769457235
16649893988
15570604712
19715979968
17192416505
14913607285
16785117353
18786178920
18725377041
18001458875
19430189818
16671726567
16656224820
16572042193
15951226883
13587061718
17700071277
16211707042
18560333944
13385205489
21555306864
30236773388
32495715569
33960672954
34921864928
32378243708
29074463941
32383380435
33906763942
29322594945
30296901187
25598862694
28866849414
32802120970
30080998235
33529462148
34117580271
34219829337
33419827556
31467470967
21540036877
20813531526
29242879847
22498842128
27130681334
22397348457
26254170436
31155562179
23262444628
16992271174
17590898011
22053067693
22484667262
18064086565
19009529065
17736753133
18112465322
20189258378
20428131050
19403654752
19176790499
17908953982
17908535735
18998714097
17100601280
18662409641
15009720363
17798522277
23272818966
25063896310
21209070237
21665172994
22680765804
20453905661
24124835754
18992471579
20042305869
18001776199
20825479198
19406791071
17925416336
20971888342
17992648483
14439790404
13709980453
11781860603
10331715121
14832546491
10230168238
10995137099
11103802201
11416683838
13817377861
10531979871
12032606886
12065449756
12983003279
11525431515
11255879101
12254435811
12364348925
11175151466
11441165654
10477002597
13383108318
12992582394
10010822348
11973581713
11359978755
16865945574
19257726774
18839360514
17201584519
18778728547
18450354316
17927685741
18443587255
21599043898
19541978631
19774351556
17929097030
19747657435
19940408980
18988989084
19400404876
20399801536
18840484211
19172444019
22182427347
20709860778
22561720597
20113780436
17620161035
20027649836
19846546633
19610378801
17171250040
19789306225
18885214959
18629052768
22505646582
32187254882
30317100347
27605414479
28875656221
37674233858
31944780542
34310111542
27496057901
32877752140
32653461807
31968161925
30074926618
33031532882
25716581942
32921839859
31130354908
32601857408
30925406239
34857827614
36326491444
30436577656
30330327380
35023280825
32109185821
37413859657
31495560968
36865157501
29044620309
20627903991
17362131007
13221781324
17084701585
19518517028
14264761650
16136322521
17890371890
14781672720
18236572815
12070316512
16624335122
17188181481
15868683724
19216960516
16355458511
18391241682
16060516006
19160959340
14935291407
15208887460
14819610046
26967785046
34122334585
30876826855
43772478222
41814141345
40664202331
39822168677
37846264050
41255297205
42692721415
33897308011
36246480107
37135974052
39345071149
40162480947
41242230551
35501075576
24707720728
33554970025
32533735763
37086937766
31361124948
28607250942
33718393483
33166463516
29918107553
36232833290
27850858532
37673154745
37149040512
34695221551
33359273015
35453011476
30633790951
34424081375
35112916761
36259417291
27523219544
34980830015
25732520797
31192951024
35189540715
30075850477
21659906271
15991199774
19284177996
12911764489
11591488541
13447674175
12729780511
11474163551
10759215794
10332027258
12492332435
10417258259
11592224220
10807243699
12313906986
11560200966
11549739326
13233094267
12882422428
11075291144
14695354084
11382669961
11107417517
11929372870
12008869810
11258953247
12544164970
21046810873
19193010479
19154450936
18582600261
18965745589
20712634777
20493995229
23174291278
19287548941
22269557483
18406745743
20481501600
17631595600
23788556583
18826824501
20598726110
22500219495
21781324345
21425104118
17393690670
20576494645
19938525864
22558653793
17804779748
18314700304
21855883296
20933137769
20060505621
21252311391
20752822425
23354526387
19587992582
20436694469
19324788176
19305432528
17446831100
20289481729
18542224421
22175056651
18676881762
18829546640
20440124046
19272202785
18292061017
23980563567
17363454792
21199244970
17784906464
19086057154
21228237964
17029193643
18221582596
20257960989
19481917777
23156601366
18918423492
22266404619
19845199051
17466169468
22803389531
20409720477
32443569959
37379915987
42584128948
42204758392
35734371027
36239163038
41773336459
27910190416
38874001530
37037483757
34506355069
35123810405
34172727381
37980889947
30590621907
31814796871
33964876769
45435305328
32877374233
39573004164
31235634210
37107745111
48671038189
35926246277
25087824743
16078499832
17740906187
18789617108
16988572996
15877949514
16780821593
18726131992
19261929538
19751031879
17218835704
14934473632
20046771158
14744088808
20824765775
16624706463
17773154008
14305828942
17307102721
18804268662
16866804454
17752086428
14281184545
19382160875
16456520408
16254262104
24206595664
17302674223
15170764270
18748793190
19840051988
13716256187
17116125248
17888129232
14897142379
16493571785
21325121958
18173085363
18810767061
17245310811
20827017288
15942581931
14806831926
14923672742
15189511152
16756701754
16414004220
23299388834
19142428031
18791847053
15482922834
16382313207
18158611703
17697122838
17289843377
17585868043
14487260425
19964109740
20913227883
31567546241
32907955826
36423895759
37252432905
37365135242
40078541324
45102988004
36250545976
35552590627
33970490669
36184260767
44709952632
34074050267
35151565283
41253879620
36314845176
20172295016
18094998703
17320006007
31705649958
32478023715
32511306785
33329522046
38092763092
27833486687
17278333595
16526278834
18795171360
72316887419
59007117257
55011122199
60777892594
58537080105
63175169833
68496264878
61505905345
70190027774
59156420423
63589249970
69571332447
71806683941
63246234228
66967611667
65761884509
52488212988
63524014134
56884476429
34247766036
23697975464
26678371155
28982294763
27521932687
26502517282
26507128096
65755454730
66605250191
21481139864
25891216344
27503351393
24092884290
28341403758
26418204769
20001591351
23496720641
23295177407
29760323343
23653035126
25755417374
22090320743
24221293631
24506181270
25662315430
24449533572
27222974033
22739305110
25450774553
23908056058
26662869786
27165995970
20999005874
22839839081
25433346362
23840404893
25832058020
19775500030
26187794260
26372015076
27447125877
23114922391
25607762049
24114458596
21360652834
22441627633
23732181145
25368148581
23868461725
24582011947
23811146910
23137087610
20513885082
25041187559
20808218400
25027021576
23330434236
25278264248
26832893015
27018323930
26100628013
23133815785
22597277934
25057372879
20191235800
23320194905
25933295324
22564963099
22829946649
26368276034
20876069761
24456263397
21581646540
21042744472
22079448602
20584009208
23941733581
20187129225
24100930234
22345029697
28340595521
21147929443
22404818784
25037312863
24307540748
21902446534
28086306896
23531711223
19791174347
23152545554
27549564965
24037924824
22208242906
26596716512
20805757215
22312847633
20284061480
22002003163
22930659136
23818970465
19954499328
24237076985
22928272383
24520446116
26670053236
24176064160
22073755443
23722175964
25842983133
21821837577
21590127677
22341865655
23416741225
22546728507
24438038541
20987881089
17903080799
14799429568
11795904585
11344338077
13114504079
15645612748
16177262401
12872473423
14010215156
14275874263
11824633029
12272448784
20429853551
18958765154
55856354057
20945698920
17314225310
18473947454
19368100512
17048579297
17112949185
16699221069
19005388963
21088269961
18876789627
22748352805
19308637295
18162884527
22189329842
18836276296
20670952011
22007475714
22813081659
18724285426
21977629121
18186950717
22483769234
22365024025
19713917226
16836975232
23275502310
20381395849
18634534409
19877103379
21900297444
20691891748
17532630066
21016391551
19082516947
18287298786
23522953300
20045491917
20456419785
23683908725
20410164946
19345648362
18433924378
19542246856
19856273576
20681555144
23468355431
20409361356
20849601118
21824112434
21353625036
21785599913
20119085822
19746138954
20412777299
20483724895
22270763779
20177517809
18991718079
21200242055
21168935025
20949801489
17700739256
19929431154
18541620592
18589243451
20470739714
21018884157
19856745139
22126007450
16533780153
18384327089
45544473932
26364519237
19837309647
29319748647
34575156322
33733918710
32634962849
37804692567
33254998802
29258313595
42468426951
31488001359
34447092571
26537397591
35807435812
38079390859
39345394484
37734734430
36677689891
31354771689
30210482332
30016160968
28945018861
37285991709
34129627118
30162548860
39543804707
34868307440
35329112671
32274448593
34924800545
29659009158
31614800682
34159756566
34880146721
32650185769
37345725641
33506096437
27713711317
29115021133
40153445165
35678520575
43697848866
33864745454
37209072846
35489621245
36055900305
34611452363
41860627020
30475110121
30856802644
33033782940
34464149986
32935110731
33659115967
35264005631
34387852143
39833341985
32269929472
31447388236
38148247752
33463223509
32619306938
43359080075
36436578382
34562227988
32980646433
36101635902
33804456981
33690474259
34082791650
35776950028
33767504803
28905800943
38389657110
32923220632
27670376451
24788057512
38384726216
40332280862
31899953586
19212596344
18526005572
19395277945
21818755271
16050238389
14227624086
13956712570
12969557760
12746007880
11171120376
13774407903
11276875503
10743857982
13254538920
10252540052
12157518806
12383252845
13367699883
12978668469
11975739922
11866328271
11625869764
14287440625
12549831603
11145614401
14252853702
20010996068
22335460634
23253686872
19757228045
22661301577
18912268460
17400288849
19466592835
19869286062
19325110286
24629724066
19826416208
18074938417
18965667264
18484977389
21192906643
21121908756
17443181160
19606975502
19043717083
21256979568
17847275063
18948956650
19991293343
16124221612
19654274121
20317624547
20099797215
20893140630
18297389067
21099368156
18108806317
19130208936
20560288038
16440985904
20399527874
17194987024
18879175311
20251582766
21492557589
17431447391
19022501836
18423422911
24991371971
21951913240
18372577558
20410435128
19663290474
18194186283
19413952306
21006349406
47912144561
22795938565
20175800219
19029939612
18754315999
19645099587
19727314602
21751035728
21873926374
22094146946
17339858344
21588888538
19922056083
17922425909
32258996347
42121720302
44480475657
42627681622
47993259554
33757448375
26766134958
38241803268
39628953212
40946450002
36573127371
31529319219
28886867924
32522488111
35865004510
32126862069
29939174610
31119274644
37611956345
35009221656
34401640388
34160049354
37539473260
31436444117
39384653726
35500071516
37595513472
35039340261
28904661895
37149222450
32020910069
27234877991
29302753832
42060725287
36119829388
34188876130
18951852098
18285595834
17971446198
18779141473
33626084700
40326063010
41447710242
34450260864
38406824629
30167271556
36000180932
37751140644
38435427048
31920685333
36530231020
32852446036
39964224835
36374758024
33664456220
30088797368
17354447086
17210904749
13763416030
16512446908
12955442487
15440083322
18288697741
15838487101
19097125433
15259895178
18895840328
19291654617
16772227484
17267785269
18065291240
18094506113
19610071444
17552414841
18004645769
18956812796
19751387313
18183050484
13092397524
17456226337
14374142961
17749389107
18168861617
13636445641
16267600013
17287328336
18931439102
17306504114
15730717949
24744715276
37039963923
25612172087
15131760419
18242553934
18478246839
16949219038
16155501275
19029920391
17148824221
15618519049
18364910119
20144221907
15476059001
12232344092
15072320632
13764503643
12101889301
67879171268
59237478001
84871352119
84653958597
75384917321
69127627890
36743492580
30507091196
29720000493
30121136962
24665437189
28221401734
26573694324
22908448464
26292398809
27068662126
24325431408
27427278266
26459938723
30203764650
30669111518
25484225742
27446741586
27291909486
31076116002
28103126195
27030248195
23415812633
27774108919
25917248426
27152659039
23271623273
33122072373
33463763262
54223614020
42079378537
63006248809
66180462961
61650067722
32535243143
23363372252
21568170908
24236804293
26586528698
25245401322
27910800671
25078220696
26161205953
23766082213
23668524619
26444134476
26446500505
27955389888
23911240722
26638559943
26700918806
17031986763
15301273370
17295592254
16220431276
16438446499
16199474513
15388897765
15857757973
16574337861
29174579603
25075973365
23588065260
24105981063
20181271979
28515888033
26298123173
25300004266
24868754054
28651081487
26809185409
26358959686
24154670772
26374217863
23711643271
26140399500
26730441498
25974344606
23920474906
24337630122
25197424109
22552089243
26435321502
26593517349
20944305569
30620760306
37517020777
26874243811
35520115402
38942523301
36935748401
37352160452
41944387636
41945779885
37857110765
35312229781
34791885175
31401359913
39003446222
34237620458
33605325565
30098925140
30962523262
34924785436
32383708886
29866552768
19682332459
22315582833
24008777927
24209600865
22519842699
26515041738
21310642798
25158445008
26076991618
21081241807
23218820112
20712966538
24357541684
22394942276
19808784600
27343705659
24214242032
23759803256
21145750092
22624259378
25844717998
21211693807
22804886212
21648929072
21564908036
23128693855
24098542695
20405653775
20648673271
28261668430
29404408157
21945073878
23907478062
26436856746
22187555447
19507108181
14237432291
11977374297
12448401450
15077965982
15774108765
12638260485
13912976797
12683530831
15295851590
19793749780
21469795194
20193749589
20180091609
21944734471
25035912982
17751995024
19352170812
19309919491
20226451302
15031344006
10055235114
11467124785
10640973335
13543501926
11694578790
13005496479
12261133881
11459835799
13962046027
10264768159
11428311826
11540215678
11857731353
11110760814
11950073752
13299371375
13096578828
10471678500
13743651709
10384730117
11391579273
12704163233
11182222366
12602806841
12532444632
11622597873
11673262171
14520799123
12516130287
10984866557
10953223728
12888184781
12530096072
12303129586
13565756203
12291469160
12272708868
13503931717
10868477313
11398684497
11490050941
11652912758
12098124947
12891816392
11343594989
12885450219
12190454458
11543436826
13540995875
12408720728
12075343587
13190415180
10543894317
10366559604
19735515683
18618608575
17916010336
19325098714
17657022192
21405371639
19182133363
20341317800
18188346472
21085894761
14950543603
13038110870
12018245168
11910248757
14098604776
10799822944
13653419955
18494202243
16746484661
20409555401
17555920001
20876497246
17983282104
20721590386
20356701865
18691057690
17187009070
23172937008
13224528895
12930843989
10199243348
12046543648
10217264808
13372017738
12670320344
17525341784
14708461012
17439713377
18959488569
16816204329
14843133224
16098870218
16579080463
14809813821
17735732100
14579108551
18201558988
18868648922
18178781476
19442578157
14818598259
18261767115
19408134101
15932980174
15914359057
19127157134
21549783497
18457659909
14840295254
20105395496
14038561107
15855141174
16601964481
16222458365
16873144881
17306594960
16974145391
34158122032
31264596759
34343314016
30954592650
35067584641
33103509035
37148061163
34743722416
30484761646
35062959454
38189636144
30445821555
28002385593
37734704769
34054434679
30874853997
29234796741
34398172015
27060751285
28896419991
29386968289
37789327736
33440425577
36173159251
33384651707
37112463651
34055334410
30448721671
40801071948
39672919754
35027089697
35301757816
36480303357
28243115252
27126066370
31944217395
33010992208
28527165118
28362152997
41272348361
34278021212
25020899931
28876809820
31891999956
27180714413
30094538112
30586282664
27495859847
26000018222
25201157879
26314940636
31867038819
30135991144
33633020660
33502660585
32359666274
22820782181
36084678012
34816354089
24260153955
27139244511
26762891880
21344673072
20098934757
13489010178
13176256158
13915364665
12192171745
15103479500
15047256605
13479647694
15272425856
13264625023
13736179744
13993454381
15328286666
15420423211
11929689184
15062627318
13516207979
14392777946
12228587000
18956944748
26652747931
22194856922
19673126055
16359415388
11634860489
13542978138
12549790131
15295498569
14991945525
12203760246
16579273643
18679868881
22616496170
25698303802
21866744788
18303344398
20362606230
26772382384
22390175791
21702730346
20296461252
18793416495
19951660397
24131297726
24581993319
20377883282
21756437865
22950005716
21494700825
21169092089
20657143683
20703430765
16638064537
21835829161
19881774420
18800840190
16282398560
21501560436
20175134468
19757164274
16030022011
19621814423
24135379092
20457302846
16576395974
18550196462
20874229995
23206706087
19230224626
21590515550
19249180556
21602083036
19366495482
21266861203
17042626333
23989441923
18947602022
20174989748
17622180672
20977378149
21091169045
18652341651
19238099354
20304255363
17476874377
24176397077
17979879365
20475169647
21729998192
21591134502
22547341878
18444467778
22129546478
16455343772
18852237916
22142980997
32748195134
40131489337
36285981318
37611853273
35982336024
29100996153
29240093632
35833103604
35138942419
32065151604
39984300119
35347647796
30961184900
28805143555
37627627496
36858481835
36794355266
35304339704
36071644625
30905339240
32199782547
38138004671
39492725814
31286408703
38430841343
33963090372
30170252318
37252929325
37221165515
31914569420
28579186631
31159596790
37183919527
32092844913
37754671703
37451245996
26770167418
41093168832
31423764999
40956006624
46071268800
41822683302
40875105142
38494721048
33034689426
40396431933
28812943553
34280389256
31645929173
31499430807
31378139668
31956139337
35699480331
32386520906
26245606306
12068248262
15995489140
14235711896
12538561479
16190883144
17186817734
17218879799
20704298943
15641408840
13494964876
13921881802
17475767919
16559176260
16710769982
17556979511
15696383355
14351719166
16209903412
15728033473
13850180611
18724232003
19100747283
17511374805
19076958064
16429231141
17201571606
15808347927
17267709514
17476319938
14154776201
16149863977
15343329632
19242902660
17516445291
16651621424
11260036327
13090056834
31226485101
33949823816
34331705607
42592642536
39912918927
43289268739
23527439686
23165966667
16395043661
20466105410
20164462509
19861862242
17291139068
16340117880
18463112983
21453722872
12736180481
12826689762
11331123453
10541147892
14980871149
20967890583
15820112608
22609919090
18009384491
21047898946
11849079186
15266013195
14748568849
12684844628
12408677963
11915945342
11279384837
20639909143
21994252536
17153657912
22346942424
13798607031
10475323839
11213950228
12292411902
10968924883
11661240066
17502483110
20532045649
17234265211
15754410908
17121868913
21433838732
19081581779
19903676094
18756396400
19602844464
20510626840
19654753279
19966281439
17316500525
22677339855
20051577746
21319744157
20540914421
20444386854
19710161185
11628238190
11694295306
10804643427
14264551527
20235105233
18634635587
19780274921
18752892652
17868013173
20336204924
20446929921
17903110543
18796346931
19808560325
24808145008
19629616653
19949821883
14271414499
16570870812
12245413222
9558610053
12032233110
12510279190
12975420017
12184806752
11991132134
11927589380
11771235358
11622871378
12960959675
14597906766
12097257228
11367535787
13073511742
54002989986
21832379562
23237918373
31659000202
35242392617
37301943128
34897547772
33804089230
32970292144
42722423826
40314260954
29383093885
33164456732
34684827666
35507142994
42224206871
27757806610
36287093373
39622752206
30429328748
29994504994
31513015889
40883906585
36635502277
42361171312
26933112620
33380768478
29619232863
33329679874
32630885698
31123932515
32253969219
32512540850
34562723554
30002551793
32825005102
33813482880
33303169561
37045524668
24951970762
34185110035
27787955684
34123438008
33328888208
42664448186
28545892921
33718470867
35043601885
39266882105
35750324315
39235744339
32673730928
25319435967
36334190641
33210705519
30154723228
33817900471
36161025243
31517447788
26693835312
31650723085
36969080125
36010208007
35952986577
33279069405
32994511604
21988970705
15556255847
14459918102
15803392171
13313646548
15349845917
15041671690
15831175076
17306754379
14553225207
19761386934
16827253578
15076377182
15591995079
15658130983
18815099625
17182947131
17120454389
17639590407
15834489206
16450158634
34839406818
40233200554
34835933284
41486648956
32378675103
34742338093
37458555608
24105025326
24143945200
22134126249
21867259760
22056743922
23952449974
21150128483
21536227429
20740311459
20282777723
19865078419
14014636710
11686573219
13489943915
23816840497
22045480293
22069640636
22324524514
21333984906
20337992412
20570510930
21418955762
23412642486
24031729684
22294103535
16621608211
16696397249
12550363810
12558912586
14183301961
14246688275
15964832620
12204264654
15139115787
14353140044
12767539132
14846322434
15398165277
14678665253
14647241048
16909056658
13559986502
15805883972
13720531849
12476005566
14312708754
14777740342
15806479676
13163610958
15490341703
11677429012
14185067821
14566445911
15372594304
12825349829
13621383515
14176793777
13768412627
14650135675
13510058621
13364846187
14625885318
14800693793
11110166895
12694411972
15186020279
12424609694
13858613768
11925540984
14937897394
12224495170
12068241845
14301515448
14624301090
21827945339
20203725560
21159242183
22313628231
16180067378
15579294408
19661956451
17572619668
20605886149
19139929217
17391681600
17617125413
16272340171
17016865602
19856432252
19786010158
20097630990
20429153434
16284325463
19349403036
17271382455
29377597689
31560375448
35871993015
31104208628
33313168625
36534947325
26742137880
28986380100
13210203347
15888374981
14726622669
16917975186
11209091999
17199466065
17366671178
16931148852
19000092757
21694212752
19437939655
34496731053
29640634771
31586261753
35858624297
21609517847
16138250510
19441363502
23643009654
19316294278
23727653322
21333928801
24730450423
20740803163
24124460596
21712439387
21712435698
20014651635
19460777430
19489943091
24214951959
15217100244
12756345831
17914304272
18587878263
17659599636
16963905933
17176289793
15008618646
15222410277
16214671390
16803341573
20112146364
14942773734
14555658334
14438870597
13688927141
17656108786
17006072111
14015933469
14356697387
28771905527
36807997823
31530183243
37986472683
35429711739
34934990942
30900373320
42897147998
37008561403
36022318385
38283721035
35762255106
27976257408
34693686830
33919413914
40459153117
31703745560
31569464369
30608743338
26014098755
17213102524
16179871025
35883676841
41739632443
30750950142
31478470319
32076612565
39209667530
28746649168
38309932336
37591409646
34314033933
29926347146
34046113349
37053606199
36936389021
39194050242
27743725912
33082203673
21049602357
31326605689
32357462930
25014825636
33622118729
32056331693
30596676272
20004776872
19200315638
18705638550
21978790608
24459404000
46256351485
67714660461
71402617448
69704200677
55406804772
71248983511
51881012553
29727174981
27305983118
28079398182
28379654912
60178897682
66662652847
64652827454
66434612703
69565089744
40919654843
21771906519
20035215909
57627656995
67191063086
68122992381
63639596231
67521823435
80596806123
65258479419
83054622395
24559573366
23635333510
25296211956
22118001676
22222311307
22187593953
26944596014
24091043387
21288983788
25689139503
26154830228
28239636314
32824122629
25211956388
31287251793
30729422691
28455584475
22416671462
22115548286
26215505201
24988398350
20807754936
31361311789
37898100826
34917380382
39003850047
31690726081
40368176717
33698397205
32405599419
31727016751
32751904616
19016597253
20072831744
18973380913
23591394707
20214433557
24760959598
25634947256
20970762887
26674169054
18558351554
24271062370
23392205383
21211386904
20505946726
23580816682
25249022791
21689683244
20467516767
24548866690
22496718206
19071781332
25984099187
23305992103
28573902171
24302945348
21392106677
24806499303
23588946380
20575428820
25364486667
19368482713
22811575463
23400481501
25844825318
23379970190
21053039655
23946662293
24497079485
21272249249
25801287220
22726130715
23534171570
19605005074
23964062329
29592556483
35064908436
33025128056
27044842676
27577502147
27377769887
33727684651
33800068654
33690609621
36967953421
34200203187
20420930206
30244693122
28844938011
34931586493
30793310638
25363825605
26298572684
28518815225
25089854713
34946074135
14807823268
15182791063
15838360582
17020663925
14540053841
16022032129
18224729644
13103995632
17934359888
21151622035
13656445406
13251745841
18793445910
19898810661
27175990972
74688223874
90854579750
48967523678
31021244680
28645681239
28788058922
30827089341
31338962081
28007865266
28316920053
22797998918
19517786484
20149525813
26327543308
25553075834
25080395760
61319951103
60044006715
61633241654
66024069667
68593431486
64214327819
27351545232
26695528648
30329478124
26054861781
29456621596
30002767486
27599866322
22547029201
27090582713
46565166969
77680039040
66962515498
85308850442
57445030646
22935670682
23067400193
21249652613
25958683286
26097254325
26614890326
23016038465
27218287248
26359508300
22623394911
20135426164
28203466249
28581234259
24359853926
22996413252
25029138683
25102639614
28738035186
22123451341
24354288525
23541513940
20954432115
23037454301
21919973022
27856965205
24900210040
26494976054
20058846927
22193306958
26186391666
22431327229
21512094687
22908373766
24593234310
25208847356
26553363035
24006146230
22587535728
25057088552
24177419742
26443103683
21205818910
25981623764
25627246105
24177644519
25046021087
27121552372
27146379263
24567911901
21739823729
27437151539
26611147596
26060507068
21903635210
22985562004
21977393645
26117127867
24400875240
22726723529
26632460148
27516158991
24177532612
24494523189
28078600701
25612794514
22119359793
28354225687
25381621231
29206303840
25221812304
24089460984
30269869495
23398388355
20620275472
22482667872
25817140035
26394250265
14408066560
11364158268
14496994352
15635443930
14154436866
15852775529
15474670140
14495934818
15070913143
11784638267
12864038527
18218213206
14529184362
12164634687
12440269199
17250039692
12204926499
15151381376
14703451283
13715607778
13516998833
12956974501
15075111291
12331108086
13417864161
15805068855
12080929533
14672118447
13758627399
16360158001
17601886665
14874638465
12953551303
15776605239
12962793248
16046941061
12436966153
16711764668
13537665770
12909177706
17357105324
25711707000
20409954757
24994318639
23972872879
21574206325
24136899872
23697152932
19095165279
23952749231
26292588021
21871848848
20647420848
20610805766
31602547119
49911581242
78042055756
65594045165
25653896428
24253350843
28627405980
30335103710
34174405901
28827647892
25365545146
24316119062
29097227255
18464252804
38773151843
65475603071
70893657703
65601157190
69656703093
60008716836
72465953775
66439201131
30984660252
30641994995
26246961092
27182857410
26529363365
25184348476
29100083683
27118646301
49408952383
74700173587
72990838847
68668618886
55787378469
15666297156
16550543638
13919664288
13116998229
15035080234
11704260426
14287835592
14503027641
13707064407
14368802986
13974593969
14924001877
13982486171
14337800255
12421962036
12781963179
11994951703
13141359143
14201264913
14359107365
14868329454
13690088682
13951564992
13680638491
12782960380
13185258664
17321954222
14278374220
12720859361
13459976338
13948865912
11622212358
13252675515
16246677383
14467752703
14007817239
13772916946
14297915159
12477374910
11019039722
13263016556
12840061611
13228530116
13232685373
13551517932
13171607072
13529589541
16190884331
10836064762
14468056325
16806523506
14017434979
14845271868
12396239061
10705096434
11931032398
12442827911
12744871281
12607566674
13449371198
13405847784
13047106700
13136129428
14068744047
13755831289
14749125682
15549397382
12012269137
14227419183
14502222055
12920866079
13406117191
13331885544
13078441432
16575628260
12875971232
14291588153
13420361219
12636740707
14028403301
15859643461
12884299503
12521118723
15654515757
15051024500
15157684528
14907179603
13967286199
12110973559
24004118444
24190730723
22210896035
26644235192
24178130555
22870317832
27174426076
22773369021
25050169028
18587824584
12575824565
12323366800
11586664944
12306544434
15205549257
15485793069
24352895375
21890744592
17003228133
14370570448
13116494099
13677626837
11812981534
15882797045
11128222419
12240010774
12756602666
14390702020
11797306893
13336547853
12402309604
13631366398
12779559534
16160821822
14038130249
15052762340
14173179462
12811059719
13157121827
13616555025
13729153643
21768267722
27124502084
24316753246
22504221501
26230386347
30990912713
25725843919
24533238223
26347526607
27425346717
25493467521
28776671823
24843503795
26137065054
23716899939
27159644391
23464200260
24049490117
23682168247
24707307874
23401276729
26325693112
27472742508
33286959047
20046064891
26427740720
22378279468
19866998923
22018258656
27668239955
19955204948
20037678357
21107109646
22930124968
18028174126
19369124033
17824051575
18983694283
20657125406
17904018372
23350352657
18251555172
17445895635
15701221231
16951451648
17272374185
17655854905
23719194802
16402115897
20149387417
18963710198
19857174878
18023839631
18962005637
16547410844
19369435594
17009896533
17212237231
17303744596
19710731078
20595504031
20247912570
19368830305
19766414829
17565072076
20135230971
19562242850
19148842020
20040550012
19661582879
20504735218
19475565301
18389714302
19606937732
20532545968
21521530564
19960132169
18568330852
19293342254
17301320691
20738238268
18475984118
20908969358
17720380345
17906384918
16279730348
20054231751
18863384929
21651149738
19064634244
19367391257
21596662808
17141704004
17833580319
19130375059
19112524347
21411635467
17973026745
19397324722
21010245022
17409765987
16900796969
19528167644
17642614915
17208573466
14676124455
22895747914
20564047487
21687436036
20268518896
18717334436
19840045667
18139319528
18821770810
18648731659
18833777327
23639698730
34643008442
32648672901
39583578832
28523846795
33499292746
36595514609
30905120711
30113688856
34423624786
26083236445
33789515326
34625925595
31380037941
33506577981
23669536720
34989091274
35457885745
31107668184
29967704709
34928685461
29691009799
32585825690
37225037440
24876531506
29203002377
26717485488
32823424466
32016919565
32071382765
27961272116
31911072510
36750879029
30598097130
38360008554
30457558705
27860231561
29303578903
33821640193
22555429233
36392524382
35980627128
29326182685
24819634405
27293560501
34953587407
33175960229
28152683210
32621690050
37496556549
36194064939
32009844387
34080919844
32627065224
33544442289
37966877157
27995913667
29380233565
39737413649
33075110474
29747542783
29752646173
27794027878
32981576497
34623610148
31415730264
36676398346
31824390636
33414103684
28910929737
34835933628
32540307486
32907262561
37233533303
38827425271
34138109483
31135878908
33901004888
37175297515
29270737753
37003839381
34999316159
34159344198
35134827046
34403275097
26724144819
17762068154
18223679929
14586155783
59579496478
74064793024
60354679059
51698249091
58283372562
63056217485
71358077969
61662950502
56354860676
42485153405
30645438446
25629468696
27077715928
27332592496
22683354276
27029298920
27643969278
30055092620
22966310211
26753623316
27604494070
26119316373
24907050122
25162010259
38462334710
60606141087
57136204512
62212089547
42292582962
11122642099
10648784186
44570932698
68975095440
86882679205
79610255340
24461761646
21265175607
23066625166
21906548722
27751157194
23939896308
22154310315
21862694057
23492913682
31481624472
23578991963
23931257487
26042763222
23932928477
22921630789
22064529719
26215985420
27815989872
22856085376
22358066880
22468570649
26313688741
24414404015
21387695072
21809689202
23281317101
24394208668
19857832176
20493267833
24532681525
21390097168
23153313249
23444037810
23759447999
23385286308
24644431617
23333384143
34724235478
25946381233
30402460563
21413192869
24962999966
29127019212
24049225874
28040971917
23798479927
24173681585
22706796254
23615276973
27472158273
27538587771
27450356429
26216266963
22651338143
27167815186
21437273009
29066456983
23371633047
26549336969
23050781398
29313700827
25970295931
18033823039
16661307343
17086017656
16065716452
18332781197
15798853948
14492619404
10776681431
15017439484
15770941743
16910052644
17695861270
16707426951
15906520431
19351628861
16665620504
16136874961
19107605273
12290436012
15253644280
15066416798
19850067000
16620308134
21327421939
26277242412
25026046394
24787635960
27253285994
20826130531
26892373760
23018296256
27334041866
26273679774
21901711856
22072270294
27700607698
28297403356
23279459879
20972570393
24989016082
26415526222
26649466721
20727608405
20425754085
22435050484
26351684432
22535441440
15052186845
11916072130
12604340373
12605601635
12925473558
13706712613
13959353213
15354989805
15012376131
13723035043
14206855213
13965660724
15472032402
12735135808
14358145671
12473655836
13465619467
12779448884
12599547029
12954965342
20509593303
21408610487
26226131349
39526887379
22234226284
20483656421
18763478482
22087129579
23653553639
20154972132
19580309627
22451351795
22186316922
20546425736
22889939819
21984401856
19716217957
23332955367
21714755079
23560813961
22326741381
21789394462
21408053546
21237406323
20380032749
18889112839
21176986327
20783795660
21019080603
21151461550
19072986398
18973531097
20087322163
20451563531
21160752102
18207309426
19758181569
22081030545
15690085351
18771578208
20713600050
19791668798
22691318344
20991555912
17782850937
18140904924
23097579717
19236935014
23882472275
21366327047
18956933234
19595791069
21369191379
21239803786
18795415964
18670011859
22060947443
20089770618
