428701226
427362030
428450471
431770367
427012493
427993675
431972969
428974481
428938380
429140100
431730500
428179053
426896917
430973548
432200976
424080072
428140441
436632109
428482311
432911066
432663072
430971717
425813946
434083413
430082120
431025439
429061933
426252548
431439233
427336284
426272767
428957303
424370751
430604307
436222180
429431543
430555475
431134960
426867894
427828904
428604504
431963258
428964560
428158691
429861757
429849768
425303865
427102967
429830053
431042323
428199225
434810872
438101423
427045059
428508451
435961288
435331819
438971039
431267321
426281800
432931141
431414518
433576232
427922632
431675434
433596966
430471169
426505607
424720815
429859836
428321108
429921861
426058460
429293481
429056699
425084205
426969369
430406645
428494525
429054505
432528737
428859057
428009049
429950460
428353999
429481888
429765824
424097764
428446465
430057275
429899078
429230095
428206497
429519665
427655884
432514473
427775291
428932035
427179048
427873143
428408925
430153664
428131242
431983022
426057058
435337982
425341420
430541941
432505898
423148679
424426264
431496058
429917738
425530692
427277257
428028148
429199245
425846976
423989724
425340945
428652607
430540548
430941747
434662300
429660948
426026378
423732285
425980118
430730604
429727078
432354782
431423167
422145302
427702387
430328965
431664167
431499847
426750085
429084818
425776326
434252760
430007339
424371946
426274408
428533781
429092973
425398279
427312992
429368583
431695366
425291222
423115870
429692886
432041069
428989723
428158186
429094863
427898916
430793466
430003907
429845942
428055980
433482250
430241876
431783239
430156584
429187963
430396668
431954854
433063188
433328128
426743060
427801731
433416979
433656196
431715229
425192317
428945420
432041424
435028175
431295132
423067301
429229910
434038057
430955976
427811232
428797487
430112275
428511010
427988498
424056152
432020828
426638477
429582015
433811564
433900902
430178789
433355365
429240689
429396801
430230995
433689051
426163283
427625718
431699214
432042430
429009956
428923726
430015372
428381160
431622639
430845742
437194244
430790370
432873011
436470102
434310625
424050890
429267866
433619134
427855688
427998219
428806812
431543616
430774742
432674064
426924552
427638538
431616524
423921366
433451406
427174324
435976952
428451735
434798400
426650566
429658729
426260340
434101979
434486599
434021540
425563266
428349891
428911609
427270201
428967577
430887454
431353882
426605229
427418853
429565860
429815730
430636596
428637774
426931266
431548632
429253605
426888750
430516163
426369248
429803110
424599580
431280627
432676120
431081012
429220141
426501852
430283041
426826893
427209301
431820469
429108990
427403649
427332341
430712487
432310533
430778580
429323752
429936762
432105821
430427424
427878421
432089270
432847277
430364174
427269175
429349719
421974750
429319467
432378286
432883445
434634964
424448536
422586589
431804649
424182438
428270067
431215231
432052445
427863746
430015678
435082307
428307438
426700147
429791601
431186419
436323446
426786278
432555467
428289965
429857303
429852052
429023409
429211656
425184482
431044222
426175333
428408582
429926230
431317800
423453425
433472173
432597251
424829729
430387895
427090239
425553723
426448742
431691156
426418828
428825503
431935690
431382607
426261154
429660103
428046997
430924534
432064442
430468489
428601380
427058401
426397699
428511392
424648839
431896504
425565190
431113120
430193178
428860996
427748378
434375891
428310826
429460336
434765507
424128709
426329272
433724553
432283873
430429075
428101468
426841231
424780078
431872399
431481660
424161892
434060459
431075412
429835999
431776453
434900524
432624287
428354668
432836262
431243939
434165121
429806510
433877903
433171140
435111124
430723676
428455537
429894508
432434553
424409875
428291961
431701089
430510430
431007736
430812081
427002974
433494869
428310313
430744262
429665295
426945799
429807480
427550363
429238956
432921703
429307335
423008406
429262291
431061583
427748680
431236883
423645090
426492702
427296521
430072833
429869534
431479448
432796649
430600732
432745314
428416859
426033160
431965874
426914757
424032364
427032790
426751602
424026878
435714165
428629749
429944789
431056251
432066590
431027346
426683072
426109371
431354596
429358097
429693148
428108424
432221259
426702401
433267575
430576107
429037193
430358122
431367418
429313617
435724831
429284960
431202547
431866300
429314165
432761396
429995243
428288455
428788589
428586118
426096552
430706227
430045870
427226300
424534299
430249461
424400950
432515998
429278245
435223468
429809180
426105254
426256115
432519916
422837818
426079486
428767460
429537044
436247964
423504908
427309080
425658224
431148274
429403434
426639659
424205922
433495860
429254220
435863130
431105210
424514856
428881046
422256454
426546138
432015299
428581749
429066433
430074568
434079979
430653890
430449564
428029820
427821357
432374182
428334015
431468045
434127705
428696471
428365178
424846304
431014442
428655271
428820998
421479873
428906701
429867673
428289330
429520803
429188928
425464505
428789249
425566800
432029483
425818547
430526624
430749976
430249217
425427110
428639666
427146034
434445611
430020266
436483843
429588782
426562631
428236052
431901257
426162284
428490308
423794514
430294435
431652080
427289835
427980018
430234392
431812867
427411073
426941046
429591410
429326845
425399313
429322510
431098481
433106246
430245624
430051035
428695095
425070196
428294445
427158836
431185543
428317353
423720602
428222802
430541969
433412801
427097163
429431698
426869291
427207220
429597136
429231098
432401701
430277987
427917732
429006995
430898974
430985040
433057530
429210616
426950252
431007959
428689671
429570045
432707409
430922659
430293360
426988516
428388724
425619978
428641525
430893021
423709778
435789086
424847325
423315242
430070210
429915301
430368297
427505230
432555675
429426496
432631306
428776774
430094209
426810483
429645745
427261015
437152081
428545618
427213655
425215754
427378223
432242585
423608707
426406754
432222096
429505663
430522842
435025699
431272939
429166096
429457869
428426992
425006470
422949967
429504277
428688239
432289134
425971395
429451955
430641722
430302129
430508737
428653417
428014407
424136399
429149374
427155267
429949752
421687796
429083760
426823331
433689212
429382123
426522291
439204052
429793566
426752781
429192379
428912729
431292340
424550925
431184219
431534412
432102127
433325194
428543992
427881171
429079326
434330962
427668002
429133193
429172220
429348113
428734610
435528154
428967345
431449342
428565397
434960454
427850453
431384488
431122429
425692230
429409738
431154890
432542815
431209525
427516416
425115619
427691440
428974922
429725351
430587222
433969167
426175412
430210753
426522429
427562820
430622366
428776145
432336857
421732583
430406844
429902906
430965363
429091899
424455402
427445264
432082329
425244211
426658795
427017789
428318447
429030940
427679689
430804578
428601078
431319583
433477961
431894341
428118517
425306121
430467455
429270045
426152696
429744928
424656554
435036864
426754809
431031219
425431461
429956752
431298750
430504074
428479192
430215311
427471436
427975139
428892791
430165871
425761158
426966727
423137385
426575820
431603982
428995339
428289889
432572566
422478330
428218292
426849487
426190714
429790029
428737079
429056223
431430840
435207618
429453054
433068176
428964465
428576054
430377477
427931402
429060367
427075342
435141241
433539369
426461143
434424182
430598654
428052769
430872245
427639555
426376795
431126209
429949373
426317979
430502610
428257728
425997324
427534278
428518494
435164324
427431453
427996866
425857918
424736787
433427096
431724042
425751304
428966757
429729917
424190956
432044997
427427131
433253377
428276242
431796891
429197817
429467090
432835334
428535664
427760313
428650475
424682581
432021816
428620685
429086235
427513154
430733037
433153318
429476905
433964935
431686570
433004515
425156266
429224769
427015386
423658825
429476594
429359110
431863476
430368950
424521358
428248314
425447734
428707962
431358663
428911223
427344016
432144934
433689347
425317503
429521728
431781265
429310059
427558198
426420260
428183184
425687133
426169316
430185904
423779648
427660531
432669742
427946349
430791892
435500406
426347922
427863830
432723994
426255880
426247157
429198119
433473138
428404223
433406123
429057927
432672353
425559372
426633712
424804709
426281288
428429075
429211442
432078628
430942787
430765510
429308276
430241630
429876284
429963254
433282025
429114855
432199659
426760476
428969135
429771276
430218284
430132182
424027126
429897309
432953359
429991689
428142881
431027918
430436271
433027118
430216759
430701502
426449266
421794010
425889415
425035053
425261843
432371357
431697339
425663139
432529898
429142783
429519622
428405097
427790154
429034659
428687780
428780304
433359618
427126337
425457313
430766015
424138009
429360454
431534153
429908447
430394831
428336219
428245294
427522843
428925437
430202674
429005814
431041865
431342685
427030712
427440296
431687955
428592479
429185556
425778529
426934407
422640190
427586746
430501043
429594515
425179461
429375730
432127593
427750651
426093981
426923590
426163545
432211420
429902186
429165269
428634748
428635695
427993746
437483188
430640158
429999403
426572316
424259913
428260093
422611285
427611289
430890611
423969957
429921905
429741960
430774608
426386994
430936054
425452308
424562081
430203030
426587504
431534625
426041155
428612062
428548929
429160962
432030025
427181518
430155998
429002290
426865188
425739582
427433691
428572703
425494091
425900435
426766029
429895320
427133117
429412540
430516702
426932787
427451207
427505603
429307608
425148498
426301846
428993084
431025777
425574356
435982261
429491580
427526934
426469569
434461411
424882675
431729203
429017044
430517981
424694558
428955716
429627138
432175074
429833036
431246638
429852868
429620851
431524354
430119643
428410595
431282159
432630043
426097549
425365377
431579261
427935862
427716518
427001276
431044805
426852874
427433289
431886498
433164565
434378514
432265316
429546928
434172119
429508408
430422754
429131974
428343821
434051932
430589826
429236931
430128687
429265150
427551154
427091882
431059640
428483706
431050127
429548370
428768734
431013746
435530692
425835810
432801397
431865964
427215088
431637720
431641404
430046537
427500870
426202532
430721111
430733378
429931648
427573409
428957418
424075718
427000616
431581360
433184183
429298892
429777992
426228133
426428064
430648506
427615566
429283658
426785804
426394848
430713014
428999217
427071334
429366547
429388766
430990653
431884758
434716521
427442486
429220663
431475131
433676451
429537338
428110273
423687432
425934353
434644729
427523383
432452598
428251369
434174574
427875888
434654527
428992562
426186978
427613141
436243551
425981153
431875571
426521627
434745878
427365269
432863425
426525285
430342697
429872369
430291435
426940236
426309523
428284753
431504947
426776606
430652670
423804235
431768960
424457964
431105099
439635222
430161099
430316360
426681089
429772801
428481291
428573535
433039446
430011648
428347972
428058597
430772309
424481431
428810048
430349151
431747863
429574476
429326293
427136787
433996708
433829782
434333600
428566888
431344092
430455811
428591251
431880544
424366379
432365380
425932592
426259131
431567627
433484230
428060253
435193179
427491459
431315690
427157520
430136680
428384944
427615281
428904137
435638230
431227023
425960534
427743463
429676113
431989835
431423824
429029062
430674066
426973767
429185435
429226051
428568023
429044313
427709847
429044547
431262619
431206553
433098879
434456466
428730661
431092028
431357685
427847954
433390482
433148409
430843892
435103489
430526210
426925040
431572991
430903947
429208717
429499812
428456517
435150182
429240258
424978843
430069569
427769051
431842095
431367800
425173698
429216386
429169285
432844431
439852533
430259986
426184214
426896103
429253856
431205722
429123672
428459678
430555628
425838993
433607766
428043852
432876250
429268819
427551589
431218779
432209728
431937562
430666755
427396593
434664435
430284572
430817031
424936859
430537889
426703489
429974443
429820048
427546872
434925614
428444636
433118123
430238893
434320177
429827868
426573904
425794825
428790598
431884037
430238687
431441505
428580109
424817146
423120074
430669473
432632304
430748245
431116768
423540052
426950850
429570080
429914848
432787312
423938792
435104725
423312573
425097151
426328658
429829941
432495072
432672388
430649550
425146974
434504956
428557212
427320400
428766535
430722136
428253566
424826423
431131225
426154461
431574117
429193828
429256598
431717162
429836102
432896041
426803289
432331415
430723582
431962332
429685404
430927266
436054739
429613101
423582623
433453162
425130568
430097105
430699954
427968726
428494426
425924207
426915389
431556133
429883708
431115682
429004724
429603980
429958271
428859532
430451891
428942812
431551428
428887217
426325614
430685294
432944581
426496153
430105446
427163076
429241951
425024077
426451888
426237895
431207026
431141179
427962598
422656527
425680428
435633457
428725721
428395832
426112199
434160290
425059564
432629297
428156945
428429405
426798606
430219010
429374559
431358234
430364048
426508040
427991527
430471085
430490460
434318513
428082563
431030527
427697952
423895684
428853014
426344521
430590889
425660084
424621367
432960200
428741593
428726773
428515113
429041437
428000289
429450677
428246224
424083302
424635800
429156595
428659755
430236767
427714214
430432420
426035567
424256531
432943880
433806375
428816395
429365649
430921113
432759645
429457687
430182587
429968022
421378735
428040009
427391644
428270670
428079374
431942630
430890715
430844468
427049606
428300775
431251415
430901932
426686881
427778217
424526974
427272861
425298716
428127116
427988775
434310828
429726797
427542261
430146507
433015981
431719994
428894915
433589853
425933341
427850297
428104632
428879450
425372972
430756852
425497436
428813822
428426504
425654519
433501317
428999630
427511511
438268635
434487102
428348792
429967906
429426811
429922909
432789646
428548225
428327471
423999773
425785089
426843700
429371954
427194408
433604885
430147677
427603337
426036572
427972234
432313955
430972628
426992312
427818812
434686355
426931644
427843577
428116850
431222042
427286489
430618517
430137531
435735528
432351280
432101748
432700297
430285867
431874394
427164735
429547323
427932753
426546227
431202441
428264996
429454414
430820222
428853759
432164598
428700257
428542109
432771180
426960487
427780261
430551102
428123386
429569217
430708899
429326548
426452362
422403157
429018662
433289785
426194412
427431863
430435331
429231902
429530034
429613217
426468470
424634919
430030210
424064332
424371064
427510473
427660663
430465447
430073297
432683640
424351516
430254147
429593195
430149991
432233876
428529366
431405454
432873750
431611296
427234758
425515362
429867931
430021599
430255394
429824564
433554374
427312142
429545146
435164755
426707070
422385876
427911145
431491618
431780293
432136589
429899954
428524840
425511445
431076448
432791990
426383700
427217545
429675326
434018194
431675970
423794594
426008613
432253798
428742824
423322658
425845241
427845248
433143244
429212398
432201906
429620278
427904276
425182879
428497131
424330204
433019886
431883053
427150924
431445439
426970754
430168578
434410585
427076460
429891439
424344781
431306922
423379391
430717940
427890390
431729894
429551798
432348527
424108162
425035031
426864841
433726927
429601635
428411931
429302690
430471364
430732363
430760309
424607453
426992508
428811462
429418272
424359685
431260315
432649869
431030252
425458768
427949612
433144693
432810672
437071118
428064906
428689222
428411544
430120812
432129273
427066506
434214510
424772494
428756219
426231552
430024666
426457550
431853417
431484309
430738503
430601870
428522657
430261184
424668783
421084195
424656040
430641832
428447304
428998402
426490379
432675449
425889789
423578333
429888228
439095386
424512529
427807446
427638041
431120507
429681080
430851771
419753110
428417983
428829639
429913553
429470937
428581840
425748909
429994434
431576863
426719444
433175353
426557510
424474471
425612206
428399116
430549440
428836050
431044524
426797838
428163747
430223374
425371455
425148507
431248883
432288115
423860040
427670455
426589977
426080473
430595764
434901965
431116946
426590489
431479151
427085264
424233816
425534374
429994804
428803196
426336775
423194873
430856185
427996025
427545872
432295264
427186975
429426528
430468305
427167137
426402905
428967910
427701035
429050678
431716304
428763390
428799138
431351168
430932682
425986021
431109491
429917637
427077681
427752227
429440849
424630883
426009461
426731296
429591846
428135523
431657073
426138832
430642381
429148097
432985929
428273865
429509789
428439173
432217721
430295073
429269740
427727545
425033633
422670505
427587104
428716341
434497111
428691195
425569644
425783109
424272513
424741866
427832659
428620029
432642818
428113411
431377009
428871401
427038331
426957313
434703986
434092892
435984852
426050927
427572534
433566466
431426657
432057188
429353286
431015132
430225274
431449233
430954061
427579934
433982837
428864577
428205938
431035932
428330301
427165004
428012113
431293387
429837864
428395479
428137375
427997069
432737826
428094616
430509796
426412288
430185894
427678843
425074368
424790162
428230802
430197787
436017910
430020196
424524172
429307625
426410940
423398782
427598157
430816142
431027858
432108682
427187277
432366703
426698265
429658110
425422275
428388412
432987924
430835873
429848041
424973690
428625935
429465006
427930309
431799123
431119868
429426325
429380921
427635191
434060906
427600441
427134388
431624633
426510158
427933107
428744795
431834511
433666259
425049068
431353224
433616401
429506633
428076563
426909745
427900895
429971363
429800951
427624350
429661773
425784852
430691962
426520207
427923867
427423257
429814705
433312895
423872217
431055631
426896470
425853097
429496888
433514792
427908192
428126455
425645276
429936178
428132952
427932237
426117469
430385654
428643285
430104396
431831256
428686663
431024022
422533570
427272411
434345723
425540027
424034041
430998611
425770312
424527496
428710717
427284393
424803400
428312017
430810405
432769310
430142554
430219056
428039412
429827456
429049839
429300708
423293622
427536609
428653178
435580603
425576110
427444157
430975764
427822216
430398691
431329475
429236319
428285794
429368899
425780902
431178805
429605970
425392634
431184143
427109232
428595244
425493463
433577379
428408460
428354053
430439709
428934552
425082853
429799244
425933297
425564543
427577054
434541416
425593703
428159374
434776003
425781263
428740242
429399749
425787882
430047032
431826568
428763938
432770309
434410420
425933235
427759873
428307291
428237137
432210876
432253424
422948887
431406526
428180972
430680430
426503778
424074310
430765212
428655535
432484594
429893367
426233661
429077972
431283748
427364370
425987370
428670600
428187453
427454667
428449246
433106819
429734235
428672826
427711827
430816548
431327415
431338740
428768863
431600954
427521865
427459423
427548944
425497826
431683164
428864230
434047221
435453864
427029766
425754008
423172752
428694293
430972267
428697420
426881626
429390452
429588165
430979829
432482186
428451935
432938429
427962131
430324000
433902431
431960101
427092405
431047931
432090709
427870814
423884548
430924913
431577144
430116103
429441111
427925572
430369070
428125070
427681134
431983947
429746567
430261392
429440761
427333035
425520934
431151974
427783408
432303893
429284336
436449453
429077285
427690233
426295586
436030934
430108337
424538144
430124988
428983917
426823677
426778714
428543492
420978543
428768431
424522819
430966490
427893650
431223071
428321148
426980483
427517674
428024586
428257542
431794218
427597411
425446940
430126265
428469623
426233460
426529481
430365799
431368937
428013956
427687313
428335182
431142361
430474235
426708081
432080299
430011492
427813648
426285476
431574341
428501123
422842135
428096536
430250453
428987711
426939572
433218315
430284985
427568503
428115115
422553994
430996976
429800631
430700160
426970973
424744887
428891026
427003415
430323733
425855578
424538909
430099717
428108359
429701387
425358852
431679418
429467755
426935256
429125806
429411332
428903968
431076430
427919002
431859410
427394488
427151200
432183203
428176877
425977861
426907994
426693350
427740398
425790613
425759954
427828675
428354210
432120121
429715890
429708060
426300674
430684882
429768520
431019133
432175862
429431657
430034767
434217230
426032131
428930353
430138884
430660028
428248379
431649508
431151155
427790214
427402546
430079543
430597588
429388087
429571285
431251431
428226599
431637134
425854322
429030861
431957002
433365231
431085980
425492538
429428779
432063978
429532692
434680794
429394329
434776253
426466815
433055384
426698674
427975422
430529317
428313967
429169331
430467319
427853285
430368234
424065500
429443467
434947514
431594817
435037184
432223835
432570335
431806454
426491890
426809120
430965753
427919515
432589687
424025243
432412410
429865261
429650680
432631377
434131203
430385637
431425911
429010584
433698292
430666329
432997994
432615519
434037434
433264796
432094971
427911742
426432992
432295077
429455637
429359425
429877440
426982891
426970729
425902008
427631361
427372736
434128743
430535763
426945298
428549597
433163063
426355109
428582968
426348021
431810227
427308834
431304560
431817426
426082244
424891373
434680787
425103833
435568460
428929663
428906531
425347105
432675358
426737087
426305663
433292438
425923742
427848369
427781464
430413384
427734101
428758463
426300110
421888247
430416414
429673341
428916630
429637962
431296951
431344956
430426727
433712800
430188774
428678541
429808468
426609125
430136517
426482545
425861797
428535518
428872027
428113272
430309224
431724871
430693359
430585173
430802908
433445498
426448519
427558258
432547594
431715029
431868648
427531944
428627286
431827968
431896697
430288568
430592074
431652320
431066862
427684889
425367631
427971888
428895313
425972663
434529281
428208048
431952378
428161095
429628420
427570754
430739288
432177757
430679692
431664778
428605958
430602353
427799351
426621161
434259767
422009259
431928031
428237316
428899351
431691560
427974976
425977483
429880825
433320441
430140207
425209534
425709483
428893775
430071143
428316320
431323771
427988431
426361715
431108500
427718142
428131932
431464956
426366877
435163895
427135152
425723719
428690300
428259996
426978823
431958455
429425035
430509026
426536447
430786463
428120602
430340040
426393286
429018270
432247962
429336427
429866748
427368973
429078993
425521020
428635930
429807030
431329768
425678880
426295068
424622233
429501812
426084907
428848927
426610859
426628792
425481065
427941260
426102672
426830662
426751132
430278653
430349805
431322344
430076117
428765307
427948556
431977706
426618410
429153926
432006684
428741901
432162132
426606869
431952984
427114875
426066399
432378494
428340464
427527370
427144626
431012747
430889750
431271925
429663923
427203200
430892660
426323602
426862947
430850430
426924823
428528133
425658195
426496852
427621067
426376338
426220190
422873352
427771306
431005170
429583336
428559604
427858502
432734956
430949518
428317057
428093317
426834719
428922910
427101171
426146752
427868082
429315725
424821490
423483893
429064335
427973637
433332402
429688900
426257924
427769165
430448124
438482475
433511615
433038645
426538163
426338258
427457314
425346243
429874000
434236855
431793092
427060627
429069656
434258692
431565386
431012701
426812043
429690825
429125942
427799346
427319524
428264920
430443576
427536758
427371791
428150057
428452970
432668979
429099375
431046396
431226113
427532758
431343697
425747320
430307033
427823900
427046332
430170190
431784901
423368135
427918550
426954628
423606819
426404056
430447485
429514368
432881470
436068131
431072667
427545125
427959983
424382877
427092565
430923000
423851056
428264541
430987994
426263754
428608631
427961528
430511314
431026936
426400300
429162109
427872344
425689169
423794675
427200368
435599801
421279078
432972981
424639634
432769000
427801754
427003581
430609716
426801690
432392869
428893996
429734600
425647594
426691043
431644726
424532869
425440073
430561914
434577752
432564869
434740310
429581243
424679007
428972826
430612970
427811254
432551353
429096096
428030957
428154347
430583735
433275380
430280058
425216200
427726959
427802539
428268520
428708299
421897968
429741952
428756625
428436511
427941520
428056448
430419998
427076651
425509538
427453591
428149309
428784159
429949353
427387954
420392084
434123941
430647267
423826789
425623308
428600246
426606564
426523379
427657298
433797272
426435586
430185098
425720404
433764400
430458124
428660446
432455626
428169103
424548994
428712063
427134135
427877290
428311705
432187557
429091818
423460075
426935501
431054859
427469775
432547168
432546110
436690866
432907925
427838984
432643699
429650830
423412354
434418641
428515948
430197974
425092015
431161897
430137987
426745876
424057658
427101139
427955356
430591568
426561396
434127808
427246008
422517365
428631477
427322158
426103368
425633120
426229832
423382622
431006625
428640858
428099890
431841503
428766447
431858838
430615638
424325888
433618451
427442578
430863315
429844373
428353967
428813953
427953000
432675724
428318700
427095802
427647830
431093598
428342408
429070412
425710608
431749117
430074830
425270901
430957922
430611702
429353268
429641148
433312426
430419238
432563675
428986620
427100040
430113427
423675451
427807356
430088736
434058355
428617997
424677352
429548053
426118560
430726107
431426681
424950871
430066894
426631398
428869567
427774297
429037244
431586017
429090760
428379389
424686515
424894833
427556357
429742662
429975001
427854488
430203300
429256819
423952182
429309804
427093812
421887391
426258690
428250271
433457980
433163358
429673321
429028617
431131383
432068853
430655748
429670483
427649682
427799713
428817044
429407399
431001440
431324697
424533019
430772684
432894995
433161955
429841384
429813251
425807019
431001207
426777732
428736337
431801232
430194225
430678755
426411098
430048263
427791673
427132070
429740416
429703529
431740744
432062310
426452050
431584163
427535534
429237313
431176234
431081724
428602799
430290191
427302759
428472212
427626264
427230549
431619312
431401883
425040435
429646162
435685125
433521478
427157641
433944492
422493448
430939254
432989330
429635007
430837876
431325643
437477642
429328277
429972380
431249360
427019872
429784555
425116053
426109577
426043422
425069945
425331859
425895355
425677747
429419891
426185236
424811874
430366499
427632612
427226565
429879330
426200393
430289266
429322619
430191224
428941795
433030989
431722930
428106030
428226952
425677727
426162409
430623154
425758364
425933853
431640720
425849068
431765804
431689461
432949435
429925060
427414503
431911974
433080289
423580901
426934248
431401850
426720622
431250569
433408550
426520241
429933489
430491338
427950209
427887023
428390991
428236126
430897051
428857823
428417014
429036039
428468679
430988158
428343216
431343063
425774618
429053743
430387168
427790585
426954022
427927742
427093840
429876781
431498104
430491350
422836239
426788199
430353406
425031116
426716702
427356772
428686305
426278358
428780830
428027279
434708942
429620627
430370136
427245004
426698392
430350299
428781538
431985244
422922652
430114019
431045479
426744425
429832277
427908939
426924183
427274921
427494218
430456781
431952600
429879851
431609453
431669663
432785715
429263773
429439027
429432200
426811292
430712130
430581836
429025680
430357785
433070084
424310923
428151069
429345504
423874364
435078415
430475969
429236080
429981303
432226803
428074764
430096813
427530911
429921556
430482053
428327174
431298445
428607117
428977625
426085265
431235888
428951792
429400501
427621094
429223888
425352385
432043249
427770695
426970761
431518028
428657517
428222567
425564052
426046293
433022242
429491436
431585445
428045705
427723937
428667602
437152087
424594896
429904709
434351399
430781294
427145395
427074011
430910066
429833258
423028225
431498680
428344673
428820856
425288834
427967736
429795390
426175651
430218903
429926520
429590591
428442539
426425087
430170782
432219243
425582814
431663843
428095118
423019629
431010400
433190456
432442426
432304517
429999360
429998583
424117815
426856510
429959811
429720138
427323039
434875307
430541267
430498388
429500041
431859276
427096253
430977924
432765263
428514781
421816998
430348331
430818111
434483486
429496486
429658774
432010492
430062109
425846300
424105880
428145261
433450099
428336757
430657588
426322700
426850138
434754721
430711459
426446500
428857389
434517426
428157086
428895169
426785812
428053641
430744856
428552160
429346486
426436799
434047530
430949241
425771306
427826061
426618514
428450578
429639041
432121518
429998194
428204482
432242709
427669110
432836170
429632320
426370911
433686836
427409873
430214006
424552591
433661710
428855107
428192265
434140150
427483854
424331891
429134861
433306088
433758670
430682230
430890860
431186781
431997274
424825958
432425214
427439654
430984028
430001103
433910081
429593614
426994581
425595027
428960505
427885754
432291191
430175503
429914400
431963033
427979041
431730758
430021439
431371287
429201820
431529554
429421540
428692434
428492329
430872315
424059907
426754708
430738348
432813807
427143214
427345038
430442587
429912954
429315298
429610114
426600132
424509887
430519634
432488635
425186964
431699923
433785667
424894009
430288718
428366977
430496010
425937335
429658213
433586068
431421968
425247655
429870651
432461684
429451696
428999778
424995558
426596308
427277682
429900288
426948580
427953275
429239501
429088546
433680561
432698782
426558008
429215109
425036745
430564989
426133476
424627735
425749910
426396082
426362476
429461519
429852795
430105639
428131237
424859503
427956920
428958779
431440760
426490182
428136630
424711500
428822242
429281590
432110207
429897818
429685382
427343612
430706934
431082733
429837040
432636461
429179606
425403270
424011996
428626189
432865979
431641193
426695589
427636359
423583930
426102191
433279739
427107221
429781717
428193883
427704374
428032565
426804661
422713688
432452925
430943366
429116713
429785408
431041050
425923976
429211186
426829660
434423303
426706836
430106147
427771688
430307591
429342714
430858575
429312279
427603921
430455404
424374880
436798628
430140477
430599084
429193080
429466649
430377594
431522011
430822713
425775858
427064055
431973576
431558486
432012896
426942619
429312464
430968846
428743677
431177353
430652626
428169201
433691961
433000163
426455540
431314316
429062136
434289932
435362371
432729758
429517556
435333147
432746435
432792686
430907474
430841238
426225047
427095253
434704833
428839983
428394036
431734569
431525173
434127492
428115639
426171367
432612464
430446039
434357019
427251368
428253406
427099096
429291833
433587770
434593456
426413964
426993770
425722252
431835523
428002072
424073602
428270890
430950115
426469110
427024408
427163918
428297865
432878806
425490672
430066866
423850012
425322166
426188565
429953532
428639596
430331760
434704615
430785919
427533195
432534728
427637606
431259680
426002097
431457123
427995183
434163473
429785385
427364064
432742424
435968948
427525150
429150490
425545989
429515480
432235445
430686599
431323577
434233845
433283999
425911629
431040017
425613009
431633551
430382447
427757525
429403552
423883568
420539674
429875615
428954206
428692419
428918904
425954552
429682192
424680030
431845643
431327361
431196519
427286998
429466977
428540282
431438465
429197894
429902225
429921177
427408106
422915058
432107285
428754272
432083702
426470106
429536937
433446226
430272502
426670789
428614693
430367558
430786647
428115637
427030705
431232148
427313868
426606126
430104008
432399002
430939196
429717796
429733954
426724343
433360404
426696617
433783307
429072831
434836336
427645067
424531609
427836232
427645253
431698152
429498508
433132091
427818522
425104914
431472062
430168375
428714965
428914503
427823119
428609391
428813910
428320659
429908219
429564501
437510617
425707808
429463091
428156336
429882562
430704914
427382700
429877000
426276463
430453484
424904575
433163538
430418152
433842980
430322084
432821162
430651986
434043418
430442278
429806475
425018730
427295616
427679875
430290996
428563506
432306737
431206991
426523482
427809494
427448035
427546988
426473300
426855417
431435952
429946572
430379144
433786407
427655013
428097724
427462195
423674971
428139920
430596876
427379859
428536395
428052346
426334133
427940311
431844289
426365858
430177178
434158768
430085154
427578964
432498874
429057157
428259890
432401012
425402087
426950146
429860023
430824315
431468916
430243178
430994418
425146825
428050603
426598745
427135463
431263364
431158515
433742775
430438766
426078688
427464470
429295126
428308450
429408770
428428928
427014187
429298725
428149022
428207866
426643798
429407016
430289844
431465132
426239058
426462938
428640405
429407219
430058562
427941776
430104448
432557071
429040425
427370404
424917834
426288557
428391417
426133146
424762562
430972270
426408934
428919525
428188594
426136901
430616653
432969450
425329913
428047529
431308706
432674028
426507690
429710152
425022817
427387799
424780267
429188765
427868123
426189559
433632353
429207997
430176757
431313647
428220990
430920747
430358905
434989908
423400401
435416071
422917512
429930326
430731255
429785434
427857138
428761450
428050301
432187383
429775871
429015435
431891351
425396372
431751688
429766549
424936310
428852918
425332392
431626624
425732434
431897686
433220746
428368391
432349443
430535280
428802881
430933553
426076773
426141077
430524739
426875166
423910930
429609103
431346727
426145623
426877126
432400525
429294916
426756279
431825559
429336646
426390998
432225463
427971603
430752569
431523029
429031110
430699028
429552821
430279347
426317332
432647546
429899900
427709260
430210239
427113473
429826500
429892997
429529271
428858954
425692159
427062439
425549618
428126724
427832500
429413413
428773912
429565467
431133743
430328738
432378489
429989807
425796865
429338356
431908486
430157834
426439795
427977936
430834814
431518584
428557598
432089980
429367378
429138129
432355039
437319060
428125835
427897302
429592053
431502366
427089827
433565657
426084492
426348821
428051855
435782140
428820655
428998767
428564246
432946377
430717277
429834085
432240332
430720407
429417090
428716999
428864067
424775133
430673787
430360628
430750697
427906214
428170445
430603070
429014923
424249135
429297476
429489835
429432122
430422218
427516823
426298368
424715469
423470551
433415733
428547257
425757451
427090118
430555508
431931313
424775656
430989957
425675882
429199642
427735043
431584621
430268943
432074099
433877031
429759475
431641183
429878368
430996815
430450967
430367282
430868190
428230918
425226231
429469947
431482455
427004485
432561469
428165734
432433884
427731792
429105917
428960137
421977111
428975643
431398227
426271090
427397014
429260673
425195150
432705548
429204871
426613218
425667909
430716805
431506289
431710221
430082741
432697816
428971842
429096950
426088831
423647476
426757680
430344959
432503520
434027737
426816787
428730208
429867533
439400357
434857235
428703042
431041814
428346490
431501364
433589273
431526576
427146220
428302076
422397796
430853645
426896726
426617412
428581144
432222328
428578917
428957838
430864988
430876862
428798653
427651695
426858118
428392727
431292420
426217195
427230222
431683835
428601448
428424711
429861309
424903059
427704283
429915531
429666007
427438203
432122640
431691180
424239031
429833818
428321540
428687217
431273592
430503122
430097423
431564277
496659634
431108040
431847927
429348269
430212387
427357063
428312586
431313077
430690336
419335218
430829272
429218843
430197262
430132386
430718510
430002205
427807366
428115647
428361228
427328827
427629239
426985832
432087692
424221610
429420424
431363126
429257828
428615551
433154368
430931184
429775664
455385137
447992633
427366298
425052974
433364403
426973911
430711575
428804741
431708625
432196261
430209207
430581735
425459620
432017713
429356299
435037471
425486399
431583509
425085976
425172871
433384692
424575818
431730161
428612690
427148891
430520773
429990261
431965534
431703912
427495337
427433254
426901391
427811741
433339051
424521983
428155433
433773466
429242499
428498504
426921926
433472169
432341559
434380944
429559563
422875477
432415576
427996065
429549669
427893615
432716741
427280530
429799441
431168489
430903357
428723926
427347552
431252550
430992526
433405504
429336118
426037487
430707733
430594497
432515208
422014593
431177332
425528873
428362640
431012346
425835853
429458034
429663729
429621101
431939612
430846711
430355645
430441231
429370997
426427086
425071484
426092956
433035750
425836552
432710422
430309755
429609974
425958582
424813073
426530989
425898077
427649579
435052575
426574892
431850755
430844628
426891849
427243396
430176589
427640034
426654143
426806868
427088491
429443266
425581943
430516944
427081241
434108736
422385533
429521960
431656993
424695253
426161193
426399223
430420321
432828661
430321586
434480753
432202229
431396456
426466728
429646422
434774380
425505082
428006405
432342128
430826592
432874530
431673381
430224446
429658919
427663111
424045803
429743302
427513563
434086335
429852979
426500984
426965846
424964276
428657943
427725451
427444907
429472566
428719912
426599446
428197760
425900075
429017529
428080238
431811183
434217827
427528250
429492318
426822784
425386943
429102134
422393029
429491126
423253376
430150345
425352107
425661509
428742514
428232466
434591328
425047635
429134551
429988544
431430611
429877467
435020958
425610778
430262206
432346687
426185114
429953897
426567724
433750195
423592120
424649210
426861844
430960094
430546784
422224207
429624042
430873371
432391944
436606449
430945884
425901544
428485290
429721547
427078603
433351590
430555742
428967380
428262375
425452591
425115047
429025373
429393476
428532487
430319463
433200276
432663437
431335776
424767204
432035159
433203800
427002925
428654291
431422370
429350802
428707125
427528397
427505389
426464765
428365868
431050669
434888221
430536509
427056099
431227560
427154276
427322794
425516770
431392305
427127900
429435279
429986482
430057252
427613238
428959883
427945298
427871786
426031218
428945425
427140745
430563394
425849097
429422758
433881857
429544246
429232601
429082177
427164091
427893837
427352083
432717270
422017850
431964074
428933767
427367930
429913981
427827298
426893880
428825454
428849609
432295515
431406130
432170115
431538003
426851286
428179119
429657000
428590571
429006353
433039414
430332073
425481457
431438743
428367425
426371879
425569528
427823295
433062676
426967483
425822538
432270819
425341060
427145475
425729506
432634909
430695117
427560675
436048776
427410517
435198737
427383031
428710307
428708407
427325092
431404247
429518900
427727305
431602792
427334706
429385912
426847804
431458599
429869242
425405045
422600941
428409510
434135476
423922697
433763122
431163596
429433441
430729514
431744542
426108668
430259916
429986189
430847747
428871520
424708695
426232181
426505053
428557357
430490544
430124662
425090647
434569758
436208538
423282901
425312711
433258836
425495027
428287173
432380411
429208273
425554688
428320087
431263093
431151131
427834162
427416879
425558096
427753578
427300219
424599194
424493320
432749495
428580678
427935708
432304486
427663431
425304439
425351584
430749386
426185476
428054276
467477442
430103494
426430839
434170926
427266079
430430522
431326343
427616307
425540883
427254979
428551233
432257036
425448959
431204637
428992766
431139582
435483271
428069709
431883728
427492286
430626681
430052313
428566079
428809910
428029852
428944167
427895954
428609588
434706289
431700200
428187667
432175376
427258257
429491737
426630108
430339321
425961047
429117131
427108625
426403911
423574482
424802289
431304023
429404763
428368261
425991983
429057730
425205755
432503191
432829812
427961844
429834602
437145237
426974690
427124684
430633112
426893984
436471114
438526199
427044606
436053885
428155828
431804470
427270762
428066146
434450636
427951580
429943524
430268667
434516615
431012329
424777870
428547143
423677524
431389455
429718850
430043269
432838136
431665555
430167964
430179598
427313766
425820948
428148102
430823039
426732750
428213442
428627112
428720391
430538798
431206281
426310910
426596739
424766359
432830789
434119132
433953334
428267424
427995046
427335798
431209943
427567027
424622388
428388100
432595274
428500611
423573045
432817526
423550396
430324794
430988852
432948255
431185868
426819867
433418946
424755266
427300632
433974258
433908748
430219517
430824937
433439398
429208128
426607845
427588919
430777601
428785356
427593846
431756998
428665919
431070730
425679793
426370558
429586513
428606289
430803123
429244668
429864581
433631878
427570713
429220170
431294040
429997223
428825833
432190112
429001694
431832035
426585448
426413681
427877143
431389432
428322497
429807009
425614517
428434020
427450946
432774713
427289541
428310304
428550868
427486111
426215450
429224040
432125162
428848994
431567284
427219757
432121380
428165649
430116387
428230325
425198084
427474320
426017666
431196908
431876046
427857878
427492845
430252565
427796533
429573781
425917998
427642320
430347381
425334175
421509392
428763165
427980190
430375783
429933616
431557237
427754563
428685649
424588778
427060384
429820443
429854203
431596412
426162618
433566168
429508831
431413212
426093700
430159349
422411029
427748144
432471196
422979990
431979951
430470972
434025907
429537379
430310855
432825951
422792535
430654552
431130264
434081395
424747492
430373719
432249142
430732943
432797062
436004166
431892422
430319159
436714430
430414633
436241784
432936539
430457560
435069546
433289704
429794118
427543759
425007950
430176420
430098613
425575898
432791231
427597622
427963692
430027048
429295446
431976192
431261093
428460136
432022734
427116791
427895423
427984690
434484567
428065799
432184507
425162724
424708372
430696176
433555508
429414821
427435161
428761657
433156497
431580824
429149478
428215116
428252460
431292505
428623157
428989918
431085913
435097640
433167886
431654105
428918840
428964336
427639628
429846773
435110793
433667177
426355557
433085939
427399454
427647366
429240330
426589149
427974268
428341420
428076424
428859924
426672849
430478155
430840624
430241373
426780426
428992427
432666263
424404400
426376429
433899891
423442920
428854669
434713330
430246394
430867273
428342477
431473642
429854111
435121074
427337482
429762481
430928458
432017068
431710061
430357532
428697560
429883379
433051688
423895738
432253583
429947530
423751406
428281037
422868961
430905072
433964634
427309594
433271746
427776217
427559371
430377384
430191167
430247230
426820202
426706804
431348990
429320766
423962291
434536725
430995172
428930325
430096098
431060163
427387958
427970244
425871967
429757400
428128799
429777542
435617047
427325820
428503862
428515273
426589564
432276585
432009791
428296290
429985662
428612381
427287246
430960800
428233159
429159723
428885863
435794803
431054130
430281233
427264321
429531619
428779911
427282604
428151153
430406448
429053961
429629309
429891811
433956240
429734671
431533217
428953103
431052423
427687880
428422315
428827249
432296769
430499378
427838690
426478631
429556193
431994511
429666335
433810265
427241929
429717901
429140157
430895972
428647935
432042246
432613957
430120783
429862963
432289545
428826478
428475403
431274842
430176992
423460557
431687879
430089252
429191637
427322226
424028845
423269398
429939439
426131087
426959512
430441646
427418643
427024078
431308559
431808294
432253169
424676075
427373048
427747544
429287589
426191737
429450844
428758325
427518062
433686051
426826360
429587302
425739105
427570818
429732616
433764051
431280999
430167132
433464653
424715750
427824330
428735156
427649412
430920771
429432230
425908817
432781436
430688323
429818797
435327393
428647745
427042286
430722289
429222820
429379594
431225041
427182392
424884397
425555657
426514909
428228130
426205713
424401105
428394587
427844346
427679965
429291721
425456844
433340352
427366549
432059595
430656075
429769057
429141203
427226304
425546817
429429963
429908484
427995748
432852250
429439225
429385747
431584725
427077737
426294159
430822424
428433757
427897666
429101470
429046656
424524735
428669659
427860639
425999951
428205606
423665794
431038108
429439836
430870962
431630841
431427382
427736615
433402696
430513530
431176062
432859892
431258716
423121523
424205012
428031861
431275389
427525737
428432308
425618808
428680631
430300968
425576655
428123038
426361057
426616885
427285955
432356699
428208368
426687659
427939812
430410981
425213618
425719377
430742073
430631563
426449166
430280718
431023925
428558907
429533188
429252297
430949598
425788696
431490112
426418221
428071602
429271810
428536609
429123220
424321032
430459296
429818087
426201876
426392209
430227682
431432161
431889074
427327421
429438300
426574346
428888192
427017930
430845827
431849959
428202758
432510320
425176447
433588258
428889224
430365985
432050465
428057770
430201853
430952488
431394011
427025217
428754983
428331936
430024116
428852790
430004351
434090917
428530360
427610488
427870826
427972462
429013999
428659397
429886641
426249200
427072940
431245341
425878507
430645382
431982582
429174071
426074492
431032083
431888927
434693893
424628593
430199531
426121528
427753309
428412768
432740297
431114847
431290006
429765267
428988884
430594272
430137012
429224260
431745133
426768974
433119708
427205258
430904963
429550913
430693665
431993090
428980053
426667066
429678099
429815098
428509516
423975310
432141541
422195118
427660774
429571045
423466400
426344065
427978395
425935021
432034154
425560734
426845811
424677598
437326219
426821267
428761001
427854403
429378504
429885523
431939348
429379618
425287316
426329275
429533438
428163308
430813410
423581622
434189420
426546400
432393945
423453957
427215256
428397216
429313769
428495068
424945860
432324459
428958842
430910943
432403424
427925730
427305519
432301226
429774320
426171872
426434624
426289347
429106205
424358196
425510624
430838701
435734630
434796777
428545695
430932992
432636783
434214070
425643390
429487173
430174389
428333955
430983395
426298280
427558339
431528805
433342341
430494790
428345834
433065817
433601503
429709471
426079026
429352931
425899579
428072156
430550080
422273895
433246926
429287101
428732141
430870491
421879995
428337638
434874885
429501902
431576043
432312309
428252360
430022867
431311559
429357517
430871528
427971606
430012624
430122777
430482462
424515131
426477659
427882958
429320066
434529211
426960626
426700746
426935108
426679092
434300744
428531636
432232860
432384015
427827812
433033580
428600572
428102937
451340103
423479775
428206450
429116234
428525994
425269867
425312767
430283136
431211090
427430116
426304917
426188975
431029161
425298448
427775823
429896896
429125757
429399289
429046292
431011768
429697452
430364425
428646201
427002846
433823743
426840933
427237677
428417366
429980982
426955902
432725486
435070100
430994987
424806390
431840161
429787923
428253143
429385717
429423223
428723046
426484997
429304577
426033598
423940403
430400830
432420259
431114519
426439528
427024624
424937298
428316609
421063251
430947116
429686677
424788155
427228059
432389508
431131728
430760274
433290358
432117419
425678146
431363885
427136646
426498346
433951250
428906280
430127599
427777001
431584569
428425400
424367340
427162861
430702391
425487323
431269069
428836993
425419674
429442222
431235275
427952939
427724893
428188329
426766056
425703929
429336285
427111174
430140642
431748599
425708013
434948412
428012907
431983629
427440766
430157180
430617489
423968678
430520045
429153757
430641845
431011003
434373044
428226571
431978242
427706522
427379938
431213667
424221108
425746837
430589948
432356239
428071995
429747802
431406844
431197547
430813869
429618818
425355499
424590218
432454970
428129226
429345686
426062797
431778385
429982714
432935476
434013621
434265135
432571085
427553816
432786971
429387378
430867292
429690102
430356477
431151378
432204099
426202664
427153939
434425528
430956059
428180009
430879338
432676663
429057509
425889114
435384347
431513704
423955211
429483300
435453001
433127913
431333712
426768158
428823171
430530508
431783890
426116914
426494995
429806355
435628846
422612629
430263829
424593077
430578500
430668368
435093364
432587675
425779953
429887285
427775333
427792790
427692582
429767205
427001064
430853013
428208782
426220038
428125689
427011291
427517354
431032544
431122792
427094390
430285655
430903079
426949517
429084684
429339917
429170046
432214111
431039339
429616595
429652347
429935840
428874397
430996900
429012213
432604347
429415864
430927016
427725828
430658832
430287237
430696746
432958250
429988233
428949079
431961804
430479065
431255997
424766658
425613433
431789810
431381621
432510874
426387334
430340900
429549214
426990308
430185306
428678190
427364725
428904597
428946517
426626711
431122993
430907892
428346902
430777782
436705818
434942853
427787701
426052860
428996869
425796611
424975534
434617390
427908012
430759552
430408287
428808957
435278250
429607117
432791652
427735939
429666930
426301033
428710251
424824741
427968056
429011180
428323908
430280294
427889718
430695148
424581270
432187847
430674534
429150156
429412548
429450235
427271132
428713059
428226946
430806666
428095456
431984315
434692143
428094384
426149960
429194178
435775782
424664176
426521284
430658771
428742723
429531626
427281841
431653851
435580999
427812950
427877740
435200257
427863062
428714410
428455223
430143505
436644458
432309615
426596102
429494211
430345174
430324888
430235973
428709391
430855557
431334322
428889315
433482250
432844264
428770407
427693114
428925825
426967868
427673937
430177209
430632004
425650504
428474282
429675019
424655269
430107304
424110144
429508413
425271825
425639303
428105798
428218014
428837863
426730016
427695411
426583372
427867634
428985450
425884546
429557457
433706128
430966415
426559715
435781268
429582208
427136928
434751913
432966286
424860027
428600504
432125456
428352479
431498642
431944810
427294988
434926181
427173761
429854127
429063096
428573879
431224513
427218842
434602384
423863604
428546338
430368648
427236491
425931659
426407689
431699691
426118959
432951143
426212592
426167009
431711497
430189516
424997266
424393299
430367707
427773252
428718591
426133761
429282235
425159703
427823058
426612531
429484497
430831937
430325803
425889651
429091837
423761516
426814407
423673504
426831623
428971358
430223958
430211222
427636509
429161683
433535502
423984035
427124004
427667108
428842513
428879087
431371535
427368735
431876385
426446884
427749034
426053855
427921850
424775452
426654603
429493310
419595584
430749615
430089309
424216181
428205136
427669421
432364175
433660622
427866262
432694290
429416498
435792525
425821357
428819694
430338584
430425579
430462474
430402904
430233989
428504074
430348338
433924986
431068733
426474161
428158965
429545397
426716984
428736899
427576883
428193381
431652715
432226170
426480796
429391429
427604414
426193125
428420237
430278733
432625713
428817408
424949318
424096726
430774622
431763984
428527656
428819414
427643076
429113569
426826497
428468552
425785882
429177680
429695343
429867017
427420829
431189834
432222037
427948546
426496197
429838681
427764458
423106107
426295011
429027730
429463298
428603890
432054806
428447200
429997147
430654161
429907439
433023375
427722032
428721643
429288950
424267374
426017014
427957198
425987256
424489050
426592835
427125531
427736216
432492545
426787947
426271696
431765743
429556300
424897894
431297942
427946474
429424006
427109087
428410042
427421577
433133044
433071900
428054952
426046257
423691262
429294533
430752445
430666159
428492846
425777803
427935749
425373267
429542918
428739994
428930411
430055764
423281803
428902784
428993673
427149260
430467807
426267766
430610889
429363456
426086669
427768427
423127500
433979112
427630573
428298283
427898551
432686379
424999518
431603073
425824914
426372273
428512336
432471915
428492622
431974284
425072466
426674527
433077614
422826429
422915014
429167942
429492215
427056016
429284496
425590280
433086853
428634815
425263981
427468460
426252295
428761784
426718343
427318951
428522760
424840443
431853669
431654052
430414661
424793182
430164684
427023457
426675901
430202556
432190556
436864584
424568125
431261548
428537759
431644621
430768891
429261865
429219411
426985008
427113305
430879060
428917959
432500784
430272659
429442505
427397776
431033839
425685924
431557527
428597556
430349699
430344204
426228833
429658724
428792296
432371119
433281788
427179716
426865497
430000025
427385825
433040154
428837918
433728885
427929189
428960036
428969895
429667690
423691869
426861744
427688467
426546081
423891337
424826565
427229141
428072021
428969666
424135314
431157266
424817656
432528197
431862244
426666537
435738369
429907326
433954483
431399136
428087133
434208686
426381627
433174972
433359197
423737692
427384492
430577174
427325697
429856531
429295473
426315633
431554068
428622375
430485966
427595426
427102372
426520822
428394664
427932333
430458420
430076346
427164332
432072838
429659952
435664058
426902432
427863454
426882334
428858909
428183488
429029852
430255288
428030782
424998970
430864568
429354264
427301429
432795042
429107926
424003774
432055618
429395936
431208028
428615547
424363475
431077233
426948664
428105701
424463963
422471125
430895284
428143299
430287078
432765060
430508056
429748211
434982553
428568818
422402411
429070588
426088001
430693532
424538749
433704961
430995486
426867604
434720518
424970298
430108807
428238310
424381676
429285658
427889810
427268629
426001291
432196239
426423389
428245840
426777573
424280647
430827052
428433260
430101110
430378789
427942997
426163100
429678086
432447857
427168477
432542105
426504218
424399097
427562812
432551151
428849867
427825135
425474211
426414876
424605768
432805998
428963445
425809063
430474749
427712474
432231811
428640166
429316569
423028971
432698044
430552313
426026508
425226055
426577591
428200589
426016413
429032344
428078387
426826093
428504252
425236099
428947723
430079761
425539551
426663090
427831716
427791531
427853929
431791872
424317224
428224826
428727054
426725746
429753542
428462686
424224777
428636704
426626841
428850799
432178831
426807749
427033330
430460284
428031096
426406051
429847971
429924906
428159813
427403529
429465388
425817205
430977423
429649972
431005256
426854050
432154517
426905223
425238950
428451254
429844168
424268210
430253351
425086743
426100250
428564517
429343363
425159079
431215158
432205400
428240426
426023973
427274039
428241179
429110152
427912145
424439848
426100762
426728467
430473060
425734704
430021076
427867042
425994424
425516333
431357916
428978586
429444516
427355009
428933366
425965449
429858378
427882217
429294372
426248274
426100254
430242435
430865326
428485806
427389954
423251868
428978921
432124182
430429251
429243572
428237706
429275399
427421893
432661596
432015485
428965158
424348724
431426552
429623063
431564834
428378451
428021337
427316145
429434708
431801258
425298479
429985226
428096493
429107846
428036367
432122318
428399865
425531570
426986371
427696901
426874440
433300694
424756429
426937038
427295462
429926074
427310652
428282152
430525938
426095931
426647724
426795419
425089482
431220449
429146536
436595100
428284244
423914403
429650634
425451491
433074058
428086700
425761047
430790833
428943062
430808854
430437389
425218002
426729542
430987991
427315477
427294107
428518085
430375865
429967021
427690223
424032463
430567381
429502973
425546600
426511719
425707940
434394935
434713696
427135067
432311850
429267494
432667192
426308050
429981457
427378804
424632340
429742958
427660463
428290560
429181992
428928524
430947872
424840873
430606398
429276016
429962950
429534230
432474050
427077798
425239701
424318904
428292378
427927185
422106132
430210154
426590877
431279340
428272124
427550772
430002608
432091861
427377939
430839041
426940593
430072199
428542674
431736656
430214685
429357120
429420788
429683778
429503564
433455395
428110539
432124128
423782569
432861360
432104267
433319733
430993520
427640487
427168605
427951058
431573304
423616229
426097381
424700255
433067626
429615563
431969616
426658508
428678543
427540095
430475809
430635931
429225512
428233837
428979494
427640159
434123243
426956536
427621429
427365993
423790365
430375819
428151336
422703337
431351100
430208587
429039596
433201551
426831001
434975892
428362175
428808687
431563916
432265710
423225868
427311284
432084293
429853179
427379623
429493278
432108971
428618192
429740921
427739404
429533768
431736134
427422093
428161488
425162963
426852840
433383821
434042288
428412484
431274070
432096052
428764770
427804948
429133389
429895732
430250434
432737021
429559587
423919053
425192570
424070893
426687237
428821001
431284094
431977157
431811216
429571416
431379328
424933149
426874085
425006107
426442020
424845497
427050337
429450203
428858721
427133520
425995235
432834974
431232019
426592790
428123705
427310787
426645128
427993609
427257828
431280726
434090283
430101567
428854274
427077808
422375729
427787600
431025345
428915555
427800837
424528220
427864987
426081123
427866101
431105340
426547160
429321786
424731769
426608608
431290257
431377491
431960236
424166724
430781885
426274646
430182969
426959190
430506768
430016229
428251488
431766029
434243485
424541712
427862842
429723557
428834341
432190722
429766002
427540535
428020618
420155698
426235497
429809923
428573315
429214562
433609744
429857695
431711756
427858295
433048033
429104887
429463233
431610591
429915325
425956833
431529591
431923379
435717888
430334986
428886675
432498999
429081329
429137799
427550454
428449184
423549612
426134857
427417532
430480504
424242937
430464863
432384036
430990499
431319977
427630930
422121536
432313555
425976250
426779601
433954541
431744085
426392423
424960124
427382040
434022892
426878715
432821086
432468621
428114937
425587344
427752276
433760504
426761153
424763770
430988068
427869213
427988564
430363467
424496552
432106890
428089929
431136976
430213420
430742795
425658536
427740010
424776514
424291170
428185548
427839348
426701319
429818911
430276112
430438579
431579191
429122410
425927984
425848103
427314067
434788161
430698094
430130716
427372934
428847650
430823648
430547633
428328506
428085642
430519100
429152258
429791342
426377173
429660819
427148047
424621837
428109506
431712829
430733649
428877398
425955145
430302801
428338053
432876532
427301864
426725531
426866131
430604612
432425869
430492836
427415100
428627300
431794756
426812731
428739717
428389304
432211034
431460495
428247522
428248537
430366511
427349446
427575985
429723727
431878431
426418206
431807400
430919822
432768716
429956821
434032853
429252041
429388388
427506848
426627136
431181311
431169858
432376634
429642273
435509547
430932677
425152298
427297057
429471308
427505717
433450671
425429412
432527898
430830771
427932578
425360075
425253834
430382432
429369536
432317443
424395874
427329994
426433090
430963788
428610453
430021004
434342996
423597109
432169377
430708573
436517325
426332586
425707083
426006945
427231246
432526569
430801991
433986567
428119366
424966979
429078496
430209634
424581978
428896233
430213215
427738718
427048686
431632293
432042094
430150352
427072400
429833569
430756103
430260904
432634741
428436782
426423293
425549906
429237158
427178558
428055480
428274555
430298279
428189458
428582063
428805284
431033948
427061442
426893035
425301891
428261833
429397204
432466724
431458835
430437275
430305634
426893166
428252979
427976720
429948408
425736871
430152248
430677790
431674562
430099079
434257685
425352435
429322618
428845242
426843452
429987813
426651294
427742319
429521796
425253924
425506375
427937638
425237638
431659826
425740034
431485743
430302368
429073182
427362187
430278641
430268078
429032754
425400825
426545279
428431207
433219618
429164933
425968239
430892614
429872213
431347104
429022555
430711523
428436733
431241572
430211665
427882626
431726684
433061577
429733829
428551160
431226511
426891197
425263547
426360616
428620655
430138975
428971651
427016434
427940605
429846554
427108576
427716147
426340920
429483228
429624304
427404300
426807081
427461387
431249412
428940956
426649103
425730969
429310987
427044019
430833333
426815550
427866995
430941289
432762286
431478063
429936486
427030190
428459337
428655538
426647076
430091489
428991509
429664240
430867512
427618945
427690170
429535440
429867935
426487851
427922293
427094370
430109415
429005049
432254310
425150016
427694704
433838570
428143549
430814295
426934437
426936929
424453923
430627894
429682214
433000774
426695902
431296684
427093028
427390534
431738373
427721192
427140372
432542262
430966380
429807548
425449258
431152932
433003228
427304528
425715487
427898638
430214508
430650220
426466722
433011580
424977405
428755907
428393804
423790897
430514885
426192554
428605141
430439221
428651418
429163817
431706640
428329949
425489336
432129191
423882782
432030591
425597623
424962390
429085134
426841070
431848746
428363611
427374864
434778566
423934346
431687233
427758747
431278363
427776256
423633211
426160086
430723176
428537591
427459090
430565052
429528775
430344290
431189350
430219908
427562539
428073328
424997822
431186744
431059465
427845255
426728697
429297401
429506757
431500996
423818318
425543276
430160552
425531416
431670545
430569119
428392464
429727503
428516658
429820662
433914669
426826109
435791733
427354326
423866024
424100994
428018773
425649996
431928633
432027876
427709696
430674797
427636693
427377623
430670099
424602070
429812923
428066387
426629470
429052504
425888140
429601850
427359163
433817437
425257298
423632731
430460687
428741155
432107422
430321641
428991368
428427972
423664394
430347105
428467442
428580670
433151473
428362616
428533637
430696302
426534056
433096774
433575616
425117836
423551676
429102034
430457795
425672508
426956483
429100853
427719055
424061301
429253678
423501902
429948766
429651531
432465995
423519204
428486854
428212894
427777769
424201256
427192369
426305082
428323832
428109072
426159503
427957210
430044648
429283082
424369749
427476772
426615852
428466617
428311321
429874607
427390588
426520735
430297742
430055418
430344208
430149504
428469609
426508793
431005078
430207852
429777307
427641101
424479824
426858429
431230044
428185752
431847222
431356698
425560500
428317057
426334754
427534264
425333315
431321063
425642994
425951382
429020172
428513737
426105230
426347504
431856730
434265842
431001207
426390377
429588534
430352327
430804584
431093470
423045694
428807491
431145422
427119411
427987787
426578176
431021799
429323212
426824242
423680429
429331020
431149464
426543752
426016131
426350939
426206865
428101656
427852263
430057766
428038102
428644943
434873234
429976554
425297204
425626700
425434276
427620285
437149006
431178038
433079800
428665584
427032552
432713270
429247382
424253055
424288125
434724866
431452407
428363106
431005651
430989603
429410642
427536391
428511799
427938060
431575221
429904311
427698278
430539516
430611998
429456778
428009828
429332525
429367113
429831127
425863552
430903602
427469179
429731040
427756919
428835795
426468322
427336172
427788632
429076302
424047666
423831448
423774184
426639224
429332505
429831954
430294904
429704286
428135156
426818825
427063706
429899054
433519076
427858753
428666430
433575660
434538549
429865828
431513662
431431949
428023548
421004852
427462557
425440343
424874832
428569133
431794854
426283165
426222575
429904002
429663883
431049537
429819471
427080752
431954165
432357908
426282302
432201147
427612860
429947561
427170034
426257542
425864647
427888565
425716089
429155453
431486301
425355800
426913308
432538187
430968319
431398667
424661316
421737249
428816422
427464380
432419601
429462934
427491807
429377601
430728987
430601898
426340586
430898727
428182136
429278430
429663082
430035872
427183607
427834272
429625273
433085863
431631281
428487792
428291890
427659099
431384925
428982768
430950693
429696751
425406635
430929036
426086968
427723513
432126370
428354288
424300604
428958612
432028722
427317394
432844447
430115500
427529930
426399334
426856969
425034056
429066247
428954834
429353895
426109008
429227659
429580830
424921122
430812579
423547010
428210197
429216784
428350341
428604113
430370811
425471071
423400585
430489580
429518362
424995244
430286270
428204365
428501795
432286734
428789782
426770458
429479165
428712958
427545079
429720449
428606048
429938782
427395183
426145101
429433243
430431306
428275573
425777374
428118141
435177010
433004528
427605392
434146255
425482714
428192806
426332002
427312977
434236089
437216934
428632612
432915914
425232470
425710248
431177083
429356113
427254315
429925475
431742945
431421363
429210496
427938188
428152257
428000971
429011868
427957122
433069620
429185383
426638786
424785157
429497445
424789947
429174720
427674114
430283742
431544158
425714526
426426752
427208488
426255909
425494510
424748696
425159860
427539229
425960520
424818130
430531920
422950562
435023190
427187690
425918832
425238653
429323019
425937941
427538247
430048131
431606195
429626531
429030072
428035847
433131839
429875653
425823815
428181078
429922378
428699549
429404440
425891578
425204262
427108770
426770235
430254288
431604469
429680120
427594923
430125929
428469415
434409483
428909291
425408131
428852377
431772865
433999200
427223536
433242830
429297691
426389261
429838174
431207984
428486212
432814210
424533235
429569454
430851674
427083030
427361243
428942082
426473037
430912042
430195612
424494032
431028276
426672653
429643151
427921244
433472799
430234411
428925656
431066060
430696231
426907565
433809870
429031014
431379304
426148037
429771662
430177564
433136293
428344448
433002905
427363101
436894171
427501573
422525464
420951539
427399880
429317330
430302965
429142148
428327782
432544139
426538680
426542539
424547202
429825294
431300618
428606245
426015260
430475072
425971167
428528603
427416531
429144692
426418556
427748024
429053967
430849978
425524150
427533928
426848908
425223652
426908867
425774348
430180148
428297939
424058308
429678395
429277327
427004982
429285964
426917370
431275481
429311901
428162614
431337409
424982682
430768192
430186496
432919047
431539916
428730007
428969641
428119825
431033655
431978248
429480652
433318175
428444203
424754699
426827063
430080637
429298576
433473861
429489841
428310128
429033052
437806221
430868577
422040979
427132224
428408222
429344451
431037181
429693347
427617266
431198495
432854508
424690568
429659018
431924459
428442965
423935332
429614783
429140205
426682161
431167765
433158325
433243572
428114675
433641899
424675010
434755113
428606625
430965924
426575511
427596270
427780922
427800149
429768144
427340601
433401701
427985415
426013702
430420456
428344447
431559587
431481428
429629275
433851190
424539431
428348583
428261587
428586505
431492383
431956245
426858178
429551600
427415856
424495130
425395851
426158854
430797756
428957675
426020056
433287875
425618210
424334281
428910132
433686990
424938837
427530727
428961855
430535169
424930650
430002948
431868679
426285448
428974249
427547512
424856956
427433126
429912761
425490799
428005466
435074036
427586698
432609212
432557599
426936930
425978059
426839521
426995098
429312171
428452546
431730978
429391753
428843304
431228161
428018862
421342972
433276591
516927986
436197116
432660688
428069645
429603550
430881463
425348444
429707723
427161386
428655965
425128381
427137799
428514911
428252010
428366500
429825684
427674286
429671391
424198664
432443762
433514488
432776223
430175748
433051948
429119889
424039487
431368810
431169316
425985858
430059860
429310885
428415884
426826892
428646343
430353390
430227004
431679110
429596888
431015801
426939578
433409707
424322524
429583433
430299344
431781620
431020854
428945219
423420760
427667595
425279472
425677280
432144117
429009823
433102780
427378962
423874220
426501466
437791222
433626067
426618755
431953659
429721578
432539796
432945814
425560058
426529268
427517817
429094580
429166879
428201587
426890565
429046348
427081041
425856200
428404452
432990735
431948186
428353480
428769169
430453100
421031382
432386231
429322836
431604837
428670888
430336832
431884741
430296583
435290860
425672360
430231881
430913083
431144120
429744752
427920309
425437144
428941106
428827064
429531569
428117651
432595179
428576678
425659056
432303668
429902403
426210382
431880203
428481860
427324828
432447337
424512904
426201192
429577554
428414595
432938742
431055155
428483529
430526044
428908803
428202152
431429746
424066316
426740759
422970139
429179814
425824427
425154970
428672745
426916614
426922457
427127917
424736994
432289689
430285895
431148737
424877133
428967742
427302885
428696261
427272397
428789095
430769185
431025849
429466656
425982568
425698175
432466248
429500146
430279620
429445787
433670842
428415667
429567829
430113723
428231637
427762045
433384032
428950307
434651970
423134787
427242238
428764243
428833004
428966178
427996978
426261436
431388754
428158547
433514653
424974980
432604703
432813532
429820192
430091245
427495003
431643184
428345751
432284170
427753870
427699610
425537665
432968610
428877701
425683937
432299232
429866476
423558889
431642850
430059098
423268582
430517316
424140339
431116316
427210741
425528251
430106550
426962196
431959397
429666544
428072481
429420900
430384660
429343435
433406869
429875165
427091363
426061854
431624254
423101254
432152837
432550947
428990918
428616237
430971004
432320406
431414804
425786885
431744300
430683955
432951999
432263065
431531605
426602427
425866068
429286434
428910824
433508580
431320963
424888567
426741847
424497107
421874178
425063221
431365690
430738501
425111568
422522847
424281097
428866641
424407479
428323598
427257454
424127692
429355328
428226817
428999214
425858998
431636908
427270837
430671240
432361612
432623009
429692913
425120758
428900003
430532962
434376803
427963791
433610281
433415078
435459130
432819860
425930938
430533776
429470790
424154143
427258100
430521066
428343262
426651952
428206285
427902362
426975522
428751378
424167155
430875236
433214624
432118282
424243840
434066270
434778938
429104938
429178563
432949638
425368069
425090883
431255748
424781376
426365865
430245674
431135430
427533431
429777818
432018681
429675253
427098474
431333653
428767629
427570352
429902282
431327210
426135144
430083437
424328081
432323214
430163445
423220159
429462944
427789129
426103270
425459560
428741833
428655607
429200315
424426342
427755939
430656804
427319676
430902543
431987018
429775015
433241701
427965936
427856632
432360545
428938073
429660061
431277222
430273663
433621168
432323127
428046427
430893628
432214875
426785500
431593324
427115974
430007238
429256009
423341482
430780241
430205373
432964374
433468575
431424478
425723183
427699455
423407270
428856526
434115680
430746340
432838240
430971727
425044011
424860782
427545730
427736962
432631957
429618140
433135819
432682121
429188735
432993679
427457950
427856808
429247465
429056827
431021425
429556415
430903387
428990331
430362814
432078319
428745770
429859532
429240982
427058330
423412285
431778655
428422857
423492724
427714767
429497560
424209139
429376020
427479522
429507388
426845607
424214257
427860205
433828648
430058970
431421535
426059098
428920046
427945342
431543210
431694203
425888474
429446773
429400190
434954301
431878782
429618196
433528570
428214068
428646117
432496747
427830254
428572560
426472118
426490050
424853176
428481326
427145551
426266900
426003061
428921450
430542755
428126547
425060437
426130738
428272446
428075197
430375995
434394541
429636320
429889340
429745476
428449949
426062547
424395341
425416037
428908080
431996516
427348384
428917817
427054963
427897704
432627695
428440388
426948806
429355149
427383377
429094612
428234772
428590300
427981208
431222248
425691485
430241874
431029392
431546260
423844246
428973192
429862350
430751064
429205300
426780438
424519561
425811350
432430628
425286473
431187869
430595284
427177721
425868384
429490790
428611102
431704384
427572627
433789017
432553222
426629618
427354709
422355803
431217934
424634951
430507395
429605253
428177925
425586163
429076473
428674244
428309127
426284820
426969430
427900105
430295999
424137494
430240729
426423735
431703467
427259957
433182352
430067219
431683300
429408496
431292626
428065352
429885702
426009102
432136153
432451285
429127614
432353919
429498800
432806313
429588164
423038878
431721670
430779871
427530967
428664425
424447228
431234336
430139895
429698709
421685281
430474357
426012605
429825537
430027358
428297478
429291229
426257164
431401506
431365860
422073956
429367069
426764791
427978868
428886914
427570878
434219048
432425062
424214118
430220370
431271483
433004110
434773152
431544232
430972247
425074940
430719659
425840800
429468703
430971871
429414501
430422866
431173312
426071857
430792687
429391202
432708575
426039740
432509210
425000671
427995440
430106043
426278465
426743110
428964698
427126943
430155561
428227461
428327196
426458441
426831923
431222020
430611717
433094674
431762431
430299987
430358483
432851577
423349332
426846609
429362123
423445020
426981571
432030858
430891570
428417663
427200039
431416840
430915184
424725710
431339766
429205343
430173773
422529164
428509567
429960024
432973995
426802607
429284448
427585783
429474471
426657848
424517594
427098173
430765119
423486131
427878190
428959605
426553415
427928957
430526096
429988050
419319352
429632527
434652478
429604795
430163643
425347971
428725973
430253513
425967608
432789545
430132340
424763838
431539267
425205595
427532906
428831748
427118750
427728124
428829475
429878729
427065467
429537441
425264630
428571070
429175735
433190718
430248824
431092363
424367268
428847304
429711232
426068866
428190619
431390057
428188329
429351116
429536007
433962033
428170117
426126651
425722043
422441281
427950415
429592948
429681532
429182741
426194952
430354536
430898685
426051457
426623384
426377599
426716365
427322830
429788393
427477502
429810051
433078794
423625803
431074156
428403635
429617092
429974302
431860715
426369514
429157512
426156895
431955332
431550212
427636784
432471351
426680591
427474450
427419629
427991724
430537763
427706028
433969308
428555408
428254924
424863134
428171235
428265934
427265645
428372305
430041989
428144924
431197524
429872808
429744823
428777943
427406717
428112188
427022911
432836209
425056045
428230372
429975217
428707397
425850360
427901114
430105890
420990569
425584262
429951037
423855113
431798088
430108170
428294628
429918037
431846981
426322667
431305888
430756048
428723948
426685536
427846101
433980367
427444156
425899368
427883281
422181811
431125183
429857306
431612302
426777470
429579033
427002440
429649633
434241445
429188680
431744682
428124253
426423558
425559179
428964412
426864296
429545553
430489839
425946535
426083041
435153203
426539423
435980070
427837457
430368675
427197050
430308047
432456904
429249981
429650395
434118622
433421684
427600488
427613485
431536282
427824253
426214329
425667874
431098070
428091535
427539197
428764100
432009939
427724224
426859171
427162611
431866485
430148119
435238943
430493161
429951230
423984170
430889514
427527845
420985601
428542288
426350520
429922510
426925088
426649775
432982702
427070319
432350809
429817205
429866776
423866129
427479097
426062788
426068048
428635951
429915695
425918103
432676479
427386996
432877386
429310729
430906485
430671897
427648301
428373534
430549073
426832939
426131412
429226792
429618293
431114940
430297417
427188877
429390896
428280153
424508913
431674168
426781091
425865411
428185387
429901088
430636059
430714906
431275367
428275998
430634756
429160300
431477639
428268183
426173071
429744132
428986127
427870615
426993608
428594677
429076919
426210025
430057678
429585073
429510046
430225628
432287197
427303692
429282409
431816607
431339271
420529420
422375583
425269426
430796809
428789984
433898629
433152252
428960304
426466928
431548075
430337572
431076323
423839631
431713054
425673653
426686315
426257847
426008112
431626195
429148497
429456726
428100296
430285093
432892413
429016925
428406538
425041104
427729996
430501440
433353628
427514256
424718978
423941431
429910408
430382466
432603597
425702253
428908802
428549710
427609812
425193278
429555167
428745441
426371726
427714518
432550218
428892500
426415150
430530992
425844634
426526224
429213139
429859051
429402876
428899578
429216777
434006144
430953004
429641531
430791811
428565064
430632014
429400351
431172377
430049740
430372057
431891562
429936398
430549285
424323392
426021743
438357086
428429643
428982070
428934643
430560087
425756624
427219566
431235897
429538746
429767142
431734204
430659399
429482390
426408341
430183788
430009947
425504252
427522513
428136560
425045211
428252833
429978069
428762575
426122164
428674220
431780929
429543281
434024425
426445653
427336112
428218116
432158312
430486414
424007351
431018657
427486499
426742531
428266293
427278314
430870410
428420474
427359782
429732378
425097291
430459809
423309456
430306014
427371320
429022282
432077330
426734940
427503321
427484339
427826308
431076129
428845918
432882742
423442592
429208898
427275391
429091751
426605778
424634564
429473054
430831192
431628579
431746420
433148742
430382794
426985244
427743690
431627171
428569496
431059572
429897867
425975168
432363363
424536067
429344052
430767898
429561946
427976926
434358122
430828444
430269228
428837929
431543890
427161250
431610894
423158524
424358159
431231468
427997112
427953530
428970598
430858984
430901222
428154185
425508493
430432805
432909188
430691282
428266404
427161957
432663470
430740050
425198457
423061976
433122680
433347302
428936662
428623377
431368809
425644159
428305996
428253742
427630900
428112317
429376269
425826647
427809296
421222885
431731922
425726140
432534761
431008859
428803327
429596856
430495982
428502745
425092460
433735920
428222637
423509394
435135028
430443477
430149240
430266163
430029789
431133582
424483234
427744401
425796905
424273471
429898528
424671779
430553662
428483928
427946255
435703379
431483144
434335006
426608687
428931221
428743739
429952162
429841493
430014374
429377017
429027188
426335598
431205409
428372787
427253677
431347203
429797666
427819561
431417313
429587900
430902506
427655952
430163427
430674122
428448998
424467146
431630449
429446049
431593808
427877859
426015932
430129027
430496577
426823354
431683498
429463303
425903162
434206528
429544204
426898682
431920467
428238489
430963727
432878229
426263755
423943778
432060190
426505027
428233488
427717436
432585849
422194942
429754992
432888508
424965992
428985878
428754250
429261081
427847824
425189667
429318105
426853440
424861098
431484430
431376709
430722548
430915370
430751029
426188319
434337363
429813213
427599428
431643963
427980110
430100507
424798416
429699772
426425573
428239169
424662231
425424582
430398556
425594371
432507208
427851899
426955915
429091012
429490125
422683357
429368673
426176134
427480990
428724832
428786285
430923633
430517314
429850905
428439211
427649068
426746962
430067535
426026192
428195069
427498506
426652388
426318405
427139604
429597572
430853197
426146707
429433549
429420194
427792775
428191375
430254953
426953520
426373850
426672415
431277414
432028647
428608462
430221835
428412237
427135726
430876049
433898253
429816282
424234192
423534028
435301279
427403497
426230678
427016412
425979940
428674066
431737176
426525319
430148101
427946458
425745651
430151524
428627117
429583171
431556342
426533222
428882049
427887217
432911980
427137530
425939596
426664588
430346244
431607159
425675927
431010281
423351901
433195545
426194334
429025668
429481458
430079675
426649132
425013259
428275873
424242073
424270094
434918283
430629995
422910281
424582698
429726087
426017446
426922678
428853808
431331214
428943464
431271442
432499290
427903688
426832909
430882837
432851140
431159171
425636207
428064574
427627305
431788039
428399904
423135387
422432672
424134287
432677256
427143364
426249381
428575226
430052740
425614933
426482015
428599854
433292421
430293851
429034937
432273412
428713742
429106334
426539716
424714678
425787029
428351594
430821480
428345322
428231933
431473950
431814918
427834255
429542786
431768819
427594384
427347131
426520804
425195702
429093976
429545518
427496517
426015037
423845633
427204617
426622610
434932676
437061705
434364018
432461611
432998988
429609385
424159446
426390182
432600238
428214733
427874318
427887913
431630256
424087257
429261001
427655201
424457336
427108426
428839773
431025515
430466364
437983093
427643922
432192474
429600877
425703009
427735413
430120822
428360872
427972535
426839900
428850635
435275329
425197751
429672702
429342910
430047736
425169254
429303872
430450219
429599547
430488278
427729614
430240600
430281320
426072516
428414056
429938200
428005918
427522347
427777474
426579737
429713970
430436455
429877884
432357129
426561083
429170821
423062583
428644907
431974690
427121854
429687307
427103706
431575308
429979954
427800414
424948155
428591206
429355195
428181256
433980345
427172910
432139093
430926718
430004339
432461511
424262853
426564968
431435112
426091386
427709234
430504323
429320864
431903947
430766555
433865888
426709468
430200502
427413300
429912572
429182815
428651638
431472896
430433501
433440364
431432452
427250245
431043965
431118739
429759454
428205671
431191091
427639674
427477680
425136877
427576341
426524023
426010205
428584981
433732860
424285201
429630159
431160268
431058460
430308315
430484171
427241075
434593003
426260844
433265319
430808271
421768557
428671804
425890048
433001171
432849161
426345938
424140640
431705724
425469623
429215405
428199837
426047528
429844637
428999272
425416661
426617302
429349055
435986094
434361922
432285031
428318516
429531448
432263275
430856715
425470953
431604814
426679329
429560491
427092202
433566711
424701001
430908645
426523654
430184412
434250102
430921143
432291602
427239321
426162628
427168063
431014533
426802667
428497738
424802836
431821366
427175471
425500302
426865789
426758458
432568462
427799332
426611835
426113456
431439551
427251458
428567526
432969588
428858504
424872988
431212353
431287933
429822730
429210019
426835031
429765515
431032631
429413560
429075307
429833778
427324273
430452044
428620009
426874302
425511585
428035294
426233128
429497034
429516377
431479367
427574019
429827086
430130933
426731495
427085593
429031048
426998275
432098919
433802215
426616870
426745477
430032024
426912125
429420350
425332379
428192968
428714980
425427546
432038701
428932082
431107485
429965763
435414322
431736491
426898162
431115145
427140804
426656036
433120211
425686717
429122992
429137762
427302773
427375068
429916370
427182012
435694683
430169521
426378193
428304921
436068641
429562647
428518449
428478855
425792654
424083088
425717956
427547604
427962836
425747483
431340357
435672295
427786434
429760054
429039095
430188518
428545491
427915476
428713334
424435805
426685682
431561260
433566384
430115766
427899661
433555575
427744790
422366761
429701379
430214219
426708605
426452666
427544021
428685231
427078144
428088732
425926569
426659415
427241569
429694496
427960716
427902416
433177193
431779359
425339157
429113286
429458507
431226801
427399296
430630524
429238401
429455342
432335671
425750980
427905976
430537585
430137458
427058294
424672238
431827617
429464216
426825240
430940602
427750439
426657253
429920346
430632943
426713554
425232486
427873843
429910023
426945667
429995320
430145110
430925614
430391822
428155054
426673163
424351501
425591024
429000212
427398730
423356960
429211880
429322057
431790835
426126261
428121679
429584512
430768200
429063541
425570706
429708135
430175588
428983545
429364597
430385399
430219316
430298840
429966315
431693547
430379474
429068231
426695621
432430382
427063858
427817119
433839757
427064687
434377055
426412866
430131302
432038843
432684215
427992953
426953959
428572257
428078834
427908473
426086899
429442807
432165959
426826494
427376953
424549052
423434640
430723005
430038477
428039958
429472086
417527034
431750450
431965024
430997078
426644405
426816294
433286183
429809603
431550628
432436118
429737524
427519552
425022863
425386615
428547172
426958090
431252776
432974925
432170481
430646636
428967684
435932500
424719336
422205556
424031165
426854064
426123122
432118434
423832511
430137022
428727397
423824512
427343705
429651902
433080604
437522387
426728559
428830161
431202607
427115373
426403810
431863874
432237626
430841186
427138502
427179157
430835554
429828490
430756780
430174326
428997240
428005443
429444605
429728457
431468186
425060774
430565478
432362801
429851011
425614717
421191479
423944898
428084550
424285539
429673518
428713928
430505196
431267650
424755999
422244798
426544984
426293389
432180563
422631605
429769156
426584868
434742032
432436324
427005933
430380957
426557144
429186019
426475202
431630626
430135573
430448449
431614340
424298457
429681523
431527644
431265644
424735175
426519972
428125840
427363703
428351883
430236777
428847311
430145164
427145837
434384741
430134724
423280641
426180302
424726249
427080718
427920299
429715923
428274450
425623000
428925912
437548639
424986916
432335322
427898210
431584965
431620595
428927988
430687317
432892279
429014859
429759670
430223250
427883374
432150532
430024104
426275928
431051838
431473408
426237629
429626693
432088655
428041604
429341999
428169147
429363947
430491200
429848746
433835192
429668601
423391418
430139551
429391410
427702846
431772262
429453980
432344166
427530375
433065006
423783578
425944172
431392146
426040418
426429845
429757115
427903057
428189075
427522490
427466671
429963007
433955807
429006407
428875958
435164884
426833645
429897144
430321313
428338126
427063787
429728965
429325107
427696657
427647159
424165978
434496997
430188977
426597498
427567668
431209882
430893607
427148636
428181558
431158093
435625166
427173455
433043169
428275038
430810196
430315059
426430955
432985135
425621540
425410205
425483708
424696372
425812148
427630190
430794778
431528430
430158376
431337765
427538134
434216565
429503529
431111698
430297409
429138711
427436062
427115526
426961160
423847505
429589431
429840765
429282307
425397107
431026657
428228647
428352581
426556995
426906283
431827168
435255502
431533027
427911437
431279792
432217171
429154976
425517114
427474344
432479590
433741453
427566192
427438902
425844526
426223039
426267383
424375758
426712093
426999693
430826554
427617649
427500383
434452912
426697071
428004536
434661868
432231394
426716967
429249316
427876000
429677910
428669437
427867608
427058452
429221977
432234171
429366239
424261468
425499118
430052760
433589690
429111709
432221201
429957872
429248924
429196334
426571456
428666095
432295345
430497155
430999849
425452250
426759011
430065840
427853508
424906620
432898621
431307923
430446486
428156125
433455148
431102291
426215475
430825180
428528773
428753532
432629995
436800891
427029304
427793652
430595158
427388037
431595833
425248982
429703961
428862480
431912868
430022601
430758401
428075624
428218616
427751727
427961517
426087543
428991904
432888660
427818702
429843620
426638872
426987336
429979641
427534321
427416507
431705144
429337483
431782820
429556621
424565994
429709743
427810588
428869017
433482711
430117692
426936322
429887591
427810957
429030382
430368741
427121597
431048219
429323823
428222981
430751517
427325764
425336431
425893298
429341433
427935652
439866109
427101039
428127761
424472748
430873312
426689793
433376847
426034823
433074398
429371099
431605224
428043823
430206920
426641757
431611919
426074038
421742102
431186148
429316274
420658426
425949945
432247083
432523184
422884686
431587353
432794418
429407323
424506852
431934306
427557229
427089377
430822648
429877327
432829493
428885220
432411900
429700109
426622432
423475657
427884051
433015106
430046363
430340412
430434461
435126437
426105488
427629992
426942121
428178823
424634012
430811131
428637747
428605605
426588803
428712459
422977150
425758676
431274594
430189693
426305610
426249215
426321355
426500221
429879940
426205024
429005356
426571633
431500004
424233295
427954789
425457266
427049101
429986275
425693116
429622563
426900300
427520748
431119333
429290583
427157221
430579686
426449783
427779084
424543075
426910308
428621575
430498558
432807328
433564174
428998129
430303434
431731829
427093937
425120577
436148443
431873161
435471592
427343565
426704724
428140211
429645034
429891815
424249991
422179263
426390298
429171138
424524687
431900846
430223152
427216756
431063209
431619209
429976919
428803404
428216814
434047973
426788437
425960339
432467206
429598288
428054690
431099564
434032857
425320395
429395677
427079755
430458420
425840260
426288294
425228590
428116552
428894174
430288632
424856558
430956069
428407682
429140610
426096134
427928726
432899511
431236720
426853544
426984171
425868956
433332121
425826905
430873914
434074228
427034486
427747322
428080395
433436289
430487077
432232970
429488962
432141548
431421217
429029827
432311946
433566278
433408347
429373694
426644910
430156844
429876420
427823280
432608512
429562892
426445264
430702965
430763757
428585225
427447781
423934570
430995266
432554111
429787560
426908891
429092773
429678416
431761958
429254502
429368209
428477419
424262429
430722945
428769616
424828256
428642727
430372581
424272434
433212639
428230083
425552271
428300260
437341233
427073866
430106362
426082695
427042726
432753617
430623777
427315943
428032866
427808941
434195767
431557023
425286783
433321061
434048886
425901206
429337256
433168608
428162147
436002632
430297366
437293727
425620288
432521683
429793942
424891242
429368996
431665780
427359546
426616509
427506797
431889271
433835194
429010613
430958808
428857767
429650724
432371126
433760749
429853513
428287227
424981518
426219498
428501616
428921320
426764684
430337060
429819505
426152238
426971165
430591110
428975056
430897552
424496610
430820466
426237710
426419493
430344295
427136153
431632067
425670996
428555933
429983351
429691822
427852975
428486951
426105540
425176795
429435340
433162574
431033370
433379394
429070960
432691910
432862321
431846143
430257723
429401114
432012999
426707897
429671956
430222703
428248347
434705850
426968708
428691236
425874210
428387897
431950253
427999711
431216413
427523869
433805557
429240435
432933455
429949441
432099547
429441267
422864927
423796650
430293332
428799409
430580894
430427859
427924068
427734168
429832753
433094571
427494502
431881602
428093730
428942137
432457129
420101650
431775605
430552496
436371630
426985248
429108736
428460040
423613081
422995005
427270848
433107299
428587754
429417592
427581909
429858509
428629713
428282298
433472799
428223293
429531687
430850070
425686377
426962409
425983984
429775179
428481354
431033742
433454815
431513791
430495284
432489829
429825104
425097821
425001796
431190281
423486382
426833548
432508957
431869508
427722993
428790047
423348611
427576150
426204125
425074179
435868312
430089641
432412328
426636884
430647805
426588241
430099865
426499363
430458444
433197662
427887601
424671227
433693434
428535272
432538683
429813861
427211045
428950836
431827870
427646916
427237725
428361745
431094676
429849627
433626131
428254492
424394122
426344077
431378039
427704926
427126753
435020190
427922394
427647608
424863943
431280696
428166232
425180719
429274322
431875759
429570122
428405150
433625370
426372130
426493652
426860556
428600343
429099951
429929731
425907167
432233094
432873509
430028135
428039244
430110748
427203812
429219730
432434789
427844739
426658580
427980679
426532566
429278262
432553616
424550197
425994357
428925395
433655773
428997950
433822530
427169344
429587012
426857292
428104781
429569796
431408680
431523803
429461987
424163335
428189724
427037704
433107383
427984752
429470058
426215204
428916656
426649926
431446374
430692073
428554620
430945926
428485645
427364420
429584606
426181883
425922718
427075056
425285052
428333509
425503244
430670119
427011467
426220833
433366396
431928596
426849423
427350303
425213693
428616712
425993266
431619543
425624220
427387901
424609146
423989639
428469507
431433042
432797269
434328290
426441541
428149948
431487753
426015745
431023977
430778459
430668707
432635923
428038173
431637853
432725259
430371322
434597918
430949241
432388684
427689072
428587844
429032458
433539343
426288612
427445125
433091565
431022594
431908897
431239004
426781111
424789671
432137199
426949978
432754889
429047140
426242775
430751443
428989005
430180134
430999666
428093826
430134619
424122896
428860757
431576809
434022895
428995784
426528740
430989729
431530516
427808414
427715701
428518519
429644778
433030459
429995880
431887507
429668372
432837409
431498967
429696508
428586590
430101435
429510145
425867817
427001232
428605537
433232117
428488954
428455915
426800131
426356769
432346619
431272744
429696953
425454691
427890658
425559424
431775030
429941907
431279142
431557525
424296849
427555334
424562210
429634856
428060881
428692191
429501393
428787615
427787076
426772958
429478054
430619984
430896929
430192019
428360749
427594988
425478821
430761172
426497986
425759143
429912818
427987043
427261609
429526862
431871707
423443785
427941649
431330861
424252306
428953942
429823328
423902991
426836314
428301996
428844979
431710410
433391646
427102191
426679062
433178309
431371422
428862017
425659847
428579400
427852509
429957382
428075617
434312067
431108417
433107099
429138741
429717433
427627841
432721574
427317498
432276264
430041941
427887195
436167163
432154597
429714967
426885147
429136487
428782017
425663568
422914426
430754851
426905219
429644279
428552335
430620414
424554080
430858435
427044768
427501217
426547596
424200621
431598904
428985111
425475570
433327366
430172071
431733205
428182558
425340088
430122671
429913911
433118608
427755350
426576293
425645265
424037438
432921722
430101644
425541397
426065619
430923693
429182785
430645222
428303722
431480022
428146560
429595549
430932359
425045211
428985966
426196267
425860185
427479510
430728748
428036840
428738720
426365204
426339901
428480649
429064367
425462162
427767280
432936549
429365113
429391882
427090354
425806029
424865472
422800615
430021334
429917535
426952881
429242712
432692239
427957844
427782619
430733793
428046066
430232917
426058918
434509164
425427717
425551484
426189207
433128398
429559583
427651429
429889226
429233452
429641910
430937749
430823782
433325154
427084800
427032965
431452889
434207467
428399597
430270203
427897814
427310221
430998823
428295221
428939667
422622484
424204133
428406679
431000633
430262302
423705238
429460104
429345348
424936135
428613606
431678695
429970775
429206601
427613633
428162169
426023386
427440933
431221215
426078983
433106957
425233463
429164763
429911855
428178140
428283816
425810481
426305759
430782447
430742442
429831155
427797156
428138065
427458049
431141613
429939222
432099993
429601017
427415329
432151627
429951459
425248869
427541821
426413275
426537864
425648977
432392864
423578585
426256783
426167826
424770933
423729585
431191511
429925359
430780455
429455778
428780247
435182763
428826895
432040946
432503301
427164575
426175056
432023945
429687461
431877337
428146809
431743531
430576934
424397940
431728248
431123587
425719751
432331126
429695129
429949699
426523742
428285483
428415977
428836882
430255129
427589492
423440789
428900179
426136678
425587533
430180104
430243379
425492436
425287948
424572842
427969902
425852539
422882019
432796260
424849049
426657380
426761632
427242199
427408968
428673024
428274087
427407508
434605822
426619628
428880235
431601026
435362784
427252897
422616271
431477760
429662355
428000043
425678182
430336475
429543212
425768575
430185070
431531602
429130064
427139252
431333510
430179191
428490759
430657699
431209452
427051061
434660184
425801154
430630205
430982770
431256026
425311202
429872706
430573351
429928735
431724236
425085861
428792534
424431627
433895488
425912905
431935419
425797186
428551742
431520590
428845725
427441054
430503504
433287954
428951236
429412632
430871223
429512184
429316167
425133640
426805028
429745133
432205918
432808895
431663291
427240102
428202869
430680046
429693192
430081363
431998128
421940811
428984063
429410454
426402281
430805370
428797974
427946117
428063899
424721853
427864974
427429538
426030505
428057364
428909020
431199125
430652124
434637952
435971110
432029513
429506854
429697011
431112877
427432462
426794148
427989919
428815268
429028177
429213919
423089889
426911904
425602201
429688141
428885136
431531344
429803035
427632100
429347303
429455102
432676574
431539123
428852569
429590844
431474473
427727191
429359754
428554443
432790540
424869039
428657556
435037139
430379907
428077325
426502381
427383246
426972975
423709772
426794409
428022057
429180666
429049915
427127692
428710911
428339393
433390308
427659265
427162407
430633988
428398661
427047571
430947502
431098427
431890807
428308542
433401684
429396410
429418631
429612552
429289595
427629567
427191623
432295019
429055814
429743171
428297285
427008188
430945335
429355881
430952269
431165997
431082655
431524147
430799402
429341605
428570424
425068231
426312418
430006053
432065689
429761040
428200849
423539889
431279025
429703368
425802900
428804755
426056033
431137828
432351206
427191675
421540731
430130815
430458243
431890671
426010830
428662726
423277086
427744139
429246216
425500310
430376668
424587766
427705470
432655533
434172482
428312884
431112197
431009668
433139230
431149531
429204497
432770931
431382449
426892485
435231251
425847873
432011046
428989475
432573341
427303428
426781124
422466865
427821873
427542382
428232768
430589910
424662245
428901900
429072014
428846422
427142745
430211912
428202333
422843790
429208165
430653004
430710944
426398626
426193653
432991920
431022672
426507681
427909528
424872757
426126566
426831083
427401523
425389626
428654168
425967940
430755029
430706099
427256798
429116389
428736140
429505682
428181278
426409865
428057366
431299596
428460529
430713742
432953993
427528408
432329386
428198006
431855247
432441696
431487691
427440406
426796457
431457754
428007178
430869010
429857701
433859223
432023418
435336616
426665303
428887511
432880767
433390406
427422915
426637187
427248683
426725190
427286767
427485864
429993101
426983335
432294415
429323384
426871533
432526064
432573999
428427310
425331059
427360130
427840506
432354117
429382784
428163014
432247190
422917502
428015349
427827006
424705000
430289105
426238702
435105342
429165770
425943736
432074462
428490515
428113834
430401669
426976862
425188134
428212318
426470948
427665810
428564613
428247339
432208044
432547908
432875444
426030825
429188867
429024074
429507747
427755365
428552048
429213267
426030137
430915879
430722669
426868722
426588249
427680403
424902494
430603443
431394025
427337596
425776795
430934780
430634551
427351308
427914386
432340632
431374978
429190045
428745642
426839068
427966116
430129057
423312345
431424043
430700785
426575605
431973732
427137319
432842912
429259400
430632731
425738873
428771568
429288946
425430392
429768135
428913333
426652446
426580084
431453887
430569657
427038119
428487828
432473738
427533270
432905678
432072699
426522612
429428584
428224187
431340857
426693739
424671905
430138143
429742368
427075833
427567379
430672342
432383392
432200077
427682141
433054983
430583482
432724492
421393153
427444319
433815671
427517362
426125669
431599069
431996994
425214913
426628112
426230635
428753941
427387748
428462877
424693932
431932739
