207476890934
226072595338
136908596810
186421942011
217182651292
214317149451
202310971565
195989958396
221102012144
201587322887
197384134535
188095910544
200378999139
223884608042
206470202980
208045617676
196323215974
204745092973
161711964472
175092863493
183721070768
220568207079
141092307711
114399096154
117959798641
136491667903
122805421909
127529487869
128193769733
132917346711
134483131297
183810358417
204477318763
199173675400
191178288413
183186411660
193193421476
187580652318
176382428616
175246205864
180410280116
167893509557
141700823512
144286385593
129892875596
190321010704
216644588635
208996661455
208766948299
141778880462
123862408389
133482011997
119872856660
141654897598
129453755964
130007491843
132627099589
134144552160
123451924406
143628587573
131542474182
144714990796
127422092522
126649848608
224849413793
231108892741
189074969327
149362001886
122804574846
161180371185
203399510148
191815561865
230796012381
239071429094
209172439555
238413274994
210128858471
200189282747
203514593865
216487881846
207739845566
202044585765
198690737995
183728107742
190667418103
211554418534
233166870010
240455860162
222996455183
204470411739
209631126372
190007038948
205173771361
237546342294
193736733459
212428209983
199324497619
215176615751
206949534415
211395806113
236905014588
224069131267
166244222137
215510615229
197149804940
189032790426
203308771284
184551667949
126716433460
132501168421
206908014139
208249063714
204811038577
194055114646
195891078062
131128656055
129870662253
137515260936
122670700023
135868853842
133618047366
145606122607
117351040400
143417774388
147873288638
124201595522
221391145927
259879135107
224889325305
225554425982
213516442805
205880273025
238134868657
229244776029
225352796278
210365486632
215532693357
243174177317
216811471676
244367798827
229155004735
229164766549
175037708169
203702026678
231171209824
216668576594
225051671362
206965910699
194540009661
200542243159
228425117834
219143201472
230597241395
228705400008
226882744729
220007396340
210798692291
229964266120
231118879920
220269110727
212015151038
231417349677
221726542001
147425858633
116780801348
125407345755
134550524833
134843849558
125821600276
187688682215
181782425691
130543904705
123731540309
125662596459
123093730434
116027259957
125515360990
118069325375
130455577492
254738189325
202507690167
185063045262
211803628022
203930294136
219788904211
174731119255
408934397449
286928860233
174132062051
237387712508
444139999997
447753960616
353628154537
253543576420
270140658002
248636712342
286848016581
218092141710
205886334200
181177306479
213346846722
221025020406
207942953383
201548018605
246379297089
233007443018
239131885417
236837126734
221185327115
253440708738
212987887141
205477250500
163382808546
204179378876
136116725360
178213740944
194756506819
196435629435
226187925332
215445047658
199003250940
231257760731
212633044343
191615947262
186473674406
173745188766
188205769280
170794249135
210411072058
136402001932
130254728334
135644866072
138190786780
194783823080
183817872346
125388269090
119512767886
129489238087
119042613469
129264991819
122392272633
138520434423
204061545456
184332121652
130993681860
120661051525
115496786262
119627911925
133933001740
188105738691
192572770611
155640754166
122930022639
213296131764
217028216328
202452533927
192363901799
209416084697
200393833288
209169417888
233189231493
182701068999
224767339671
214289464921
212649323931
208162818733
210967873739
200436214742
204697565538
216602384125
197032085758
242739160245
189070560750
189047918027
200037710351
206669297936
216583492087
203110382043
210140984852
204340186007
188402455989
188876252049
198815833678
206546056635
201375860610
206998383582
204386247419
202028699670
191508074062
189255185651
212740510202
191061635371
199316478125
170420906833
211666060408
215420508758
220405735933
212745904423
206836320036
225180119278
237555937774
221885599952
187882343583
194287366971
227491747050
225144889350
223047558197
214327344662
212399587480
240736731256
229101876284
190994910946
215658881346
192839646049
195566413114
147227533978
192991467196
206752759555
186970183700
194063865997
188849501777
205252196064
214526122815
207118659497
199162032246
189426870195
205445221770
214047265824
198223697069
200013138975
203866064512
153992783894
189628194579
219429834513
196526523048
207170114428
173285512379
186738902376
205381503943
196758272318
216503672177
186786946164
185053067365
204273470587
185738244979
123552220893
122617267368
120761438614
129950544281
143565771108
182432913775
212203290893
226440078182
218763771390
234527480681
218676346627
235526661764
225052002514
220100586980
230328365877
193501489198
194478577016
193266212515
189151187505
204501464574
188511123469
174918484376
166566790283
183003026642
193465187695
211101263083
205334296273
187798924495
214006779922
194596867327
223568338610
197434955124
197747289440
195921082007
140549678613
128079192639
118046952092
120358109722
126705788578
119221960324
117451421612
209204561984
184969283442
212753049609
190157800699
188581304480
227963482632
166965072439
183111187643
220512172792
205118088165
259650936438
231378500791
195730122381
193078849993
114627061838
115778235447
114798172634
121202093667
123058626874
130612774727
124927697048
189295665298
185046319512
198748657841
176681658838
222303553313
227753393256
205243898210
207330352798
203118037600
207707048452
207069357508
219204710231
226577763306
208552609529
212018263273
232247799167
224083299178
205795070391
200573251961
212061643088
214644956580
161314408339
188551438298
209067604348
227783855668
213524878423
214542644315
204747537099
221058245784
211949654356
235643047680
229761096886
224990965867
236000008091
210942404502
236208627796
200790785288
223443515840
220727654192
202966521142
143434716667
187726468378
213780965620
207754792846
224973251391
215786001504
246477278769
222116777023
206702529129
203663997638
231636274275
250687906863
238983175124
234759173865
130564967180
133325051793
132853974634
111369124016
206430753724
212960522996
128257624727
126800458189
172006238427
172921782061
175373694882
186992916553
194144316696
207749441841
201624450807
219732467172
201696146590
219955857594
198694298253
212405497388
197463747319
206272421823
214275409822
136862490820
202856018465
217820501387
206964123851
192723798488
222616962554
198914287174
137395103348
130238845873
119190395205
179564479830
185452075683
208223325469
205410556861
182989003926
190446125181
234807882567
222513462025
225550218040
203820112495
200397319347
206818723541
236234588370
196085923604
206229174049
224769932265
192948158775
211051366768
173438461291
207568153227
194760367471
218993789874
200646715169
205200853318
132080406588
122198913042
121686712665
120639325779
133254635596
106867318949
141298794944
214198096447
223831531937
195285568595
198497265285
194302862904
206076191098
217736317746
230755138087
225479666266
204174222777
189744147866
202368014799
197216974837
202565968652
199498598313
200970476347
208230436308
192048688701
135283084528
199781392679
294197851521
355088152774
288863154171
132695645280
124953374601
141495615674
135295630462
145216997481
128699577855
136606457847
189288691545
218020906430
247161472957
238591767121
257914324268
267843907367
164465192836
210552058381
210841754389
228597699252
183481773770
193560381583
217979994488
243614043465
228365090218
221933276472
217389941817
222020988078
217768012978
223071018067
244385789315
233978885793
213753032095
225968065083
232467406494
212407890612
202365831735
228597513773
202514373640
203132339698
204321062958
188986750494
201890318958
263485216197
257889604217
229971519878
227839372311
233605853041
220684246232
192055177048
189723602055
144469354814
118315469889
273936218503
125705189065
129040561997
198649771470
221894197112
182269288817
211587349385
182096662853
205632961351
204415510885
150299145939
185578284129
150164740746
180144526851
228616284258
215726449620
229834667430
165800976290
230700999603
234141815398
219061276494
231264957958
197346279303
194661793016
187800543393
221122280530
214468127439
172902014525
197121318945
189891165988
202418177422
171598731493
176216780180
188493302620
207760024303
199879495883
146350726900
202139921879
142530452638
243864976288
394376768915
299188124084
199457819725
219984158399
206772619196
202306237396
177231731073
210061865803
221733126944
202074017874
203986898721
189854564909
184514607663
183756219994
226975120481
243736189797
215679814683
227564945856
204103743678
213430890880
134876071880
139506597609
341253028426
426907877494
443705790579
227833169405
168835403775
203212228853
174843760890
167717690918
152807826644
129771593016
195963375920
208875081974
201914821966
208422348172
214011026024
217308338207
225256675830
230493240710
227396066861
236320906941
243357907639
232032642208
256825728342
234834563588
251838764446
126559284351
150699278976
226220190971
222498560747
216921881969
210785441905
196390668980
182518057003
189341497086
169870409817
189819002182
198045928363
176714488248
191773945649
193858581739
170338134638
176702222989
241775474792
251898082371
216700383462
225928786434
215484663082
196825862297
130176179363
142905384177
229526742858
202367218939
244891528871
214759207662
227689890336
205630073702
227562708505
231315422374
251166883065
214405633536
226106457772
185910865938
166853352557
155629680864
192981236565
212904262739
210247818629
182591905704
148152740016
196664494000
233915364641
183814625951
189924162384
214525124680
184870173540
212442980882
193946208076
132458000194
191265521534
188246627541
189607430046
186277993678
199255173344
231872581234
202243408576
192660063932
225895932982
186674896092
213979736561
223794102082
218930300649
236037583508
232256169608
250258335970
251905578993
237140631737
262736958255
264978852690
175200308091
217966208823
168623520504
201806774298
234343593103
225387389020
236869956986
219107878377
262319731477
244154591401
240466174710
249470811581
257816075682
253593829632
248693196590
252875946942
230311631664
127235314478
145795112142
134408216419
137383292213
129276829821
128823139178
127152266532
135646003791
128138755795
131449431203
130507896976
128899822543
136459324453
274982938597
255654290441
263317556900
246689501839
257605224482
260505699929
243824472410
221509060500
170135547324
211863491413
192669212451
211829104349
201288904949
207591694901
209004351079
226461202724
225366487054
230275995900
208843090130
246107040422
245805790441
219392594602
212343357929
200342865104
131986609453
120139699636
195518180615
167585655756
122560411024
130171184381
119770533250
128710994085
116476500405
122140248879
158503978506
207636232647
204025364676
215035297459
204981237641
225862428430
205666834003
232341930085
198842862278
212975896742
228826321087
239885552617
163843318448
148756386876
170264637427
218410488789
242337262283
234906936879
218792879178
237873421763
216680022213
148520844429
170581310963
222951586214
249704005370
229006265533
239670385236
254969850727
238105456571
263869771857
203612203756
210291019196
129289097090
126350525827
125156353731
203606746782
222291541511
197824773804
232500407214
157307238608
209830294877
204413882074
257711067116
272487695990
243604463414
159170890210
170116701167
150741080201
155884363155
136090373156
185525952515
213948272957
188402446456
183148043015
192078904065
206200186708
205346128109
191649986568
220171350691
219070243487
204182105713
221008828131
229417018500
199627722429
219503520069
200084588994
216549424519
218320126334
177188302792
196945819820
191955023623
202767419096
164418787689
187526751690
190561562135
189411241703
175908178186
122736943527
120642308485
126890437028
172400377024
171126123207
176712443979
191433402381
193362546487
191477277781
182758695565
194502379232
189171694474
181460487658
399935751146
404370291686
310893026887
264106842458
157083552117
162758320818
285272400562
266681690421
151721496195
325745712991
166300515342
129109719242
214206302829
218356744516
165897211479
221666888448
209525289477
212123469041
143620898036
124946211485
131532701295
122331891098
123327343928
133665653224
131679613845
142356931258
137387785389
140481671064
134819366380
133534542305
131280640841
134965964734
141888189898
127663462137
136221429707
244679444455
267698020171
251840828402
225953459064
228255668104
144988789191
116382256268
134690443885
180907504347
198594665917
198380109361
197655741778
180249561604
171898154056
121677232810
137478136857
140552465243
136334861958
146486216322
134129388677
137377071156
136042183160
131092807377
201074984110
236422400049
157152178929
194587997317
189353864170
198395066045
229400579958
236725480835
195476633511
264182562967
215561803035
200835296725
213780005634
177002188882
197619942481
192816608200
198613975022
203893822131
232814305367
245169622738
192605812806
195385803505
195652257642
133196091182
201982597524
208977198288
224569463969
205512604135
229007493423
202752939402
194027255639
135556328794
124487210258
126097133213
129918523389
125097591315
132259606692
131657916597
138300532753
131860433804
125892188447
143255961332
133563730589
136910365841
170565587045
184327607494
192950530808
230182444615
167948108956
132946159781
134678472078
212709490206
207735641666
206606969846
206926971020
218128103269
266888342548
218988706945
228893104703
250160924978
132818260403
130178333565
137789949790
129020216376
198101171947
181540313485
190529340062
211375621728
225018893282
211877866926
194450733989
209132774012
215243247496
135633293879
132391309779
198902405411
197472111995
197648029841
168523451357
190378039300
193798128602
206886297510
192034051227
136459752697
193401732390
131010700670
195625032843
126306905837
112412231633
172801166998
205624078818
206785109980
219360307376
208354828918
126917295850
239482708835
207843284835
176629506757
190119730422
132839721530
189395977220
183704720327
215477969993
117875256599
252445407840
118345816171
165796209582
228956773447
174936808088
203892509164
136045002732
129407784918
201142314709
222599819482
147560858405
211218765907
245906165918
237229802936
237294720505
234357128529
171267800721
130076964221
190570378964
212081226000
204897921473
204380484708
215789330016
192091828776
207064754124
214211903454
225129071904
212860716948
201443948731
212597236092
170452666451
230295992397
122958125462
130879290056
142449920099
221326966132
229825739512
225483642692
193588411520
127702705523
118538266476
210423033975
228172707167
224259712388
190669676608
286539115641
214697286632
210340663741
132499465104
124609424447
215925749186
268483150982
191068184476
130313107684
115698704756
161102804551
214919782663
215807409755
132247001976
203289909529
133629792311
181497709908
211754565329
183080493728
127057981929
140563108158
191718700151
125173441761
229561931277
129439193203
188492357715
126555350398
143094283161
199020190590
207896478419
206938965405
184855660033
211928378643
155587782280
237303965027
176626641639
210529805736
218242439432
291925828101
170195964459
121559055413
124821614368
213859019146
128422216698
144275021002
126238425715
140171587525
236940897549
207863423358
181934713670
218393377929
212656477987
189787751570
134357926659
200768708648
227952503721
196674952275
202448271396
132804871671
113838206749
205868103065
212973923725
185022810134
129601193599
133070162297
173227993607
193008603903
209197097405
199846693856
225702226926
200481758217
141665337165
127538256600
197280437303
196152924409
232730861979
229249452757
221343953217
225118619878
231534815456
128808484163
207933274183
205217653584
120094872079
217134165259
195595760814
192926937909
214535451601
188143744013
205987901209
231529105807
213664788719
217058561033
190320677216
345642726996
214246468705
202505169653
205982813078
219638469197
202527322511
214064955195
200467765246
196966304827
192980111395
226781674783
222817287077
223601154548
181532206136
203692640767
189450673593
215694495827
223380194300
213740999036
239443509776
146077926758
130662673507
209057948693
225695396375
127071933270
141297626781
255698966613
194664352024
219271373632
116062453421
125006541405
129704442470
228232460017
218036275910
202692819404
165875970613
207526752863
244315544695
225804097148
199497530416
185566044243
208565088125
216754609568
239337390437
125336010426
191446522253
208886946945
135673451992
124100912034
192109762596
118666743529
202908634509
159481002719
204070693413
194665856338
209095811501
207733666912
219022445761
140171404507
133706550687
202269114741
219700904927
220672260412
215804907551
204963899842
188140279462
199434353859
199266297324
218238059099
225558817341
132032530414
164397242493
198979006528
128803774613
218164659151
212643956689
241861868619
233347213289
234458138298
218825277496
139189943243
122348911059
223791893115
250071254204
189349049329
223555760313
226440328562
201982088276
133568151357
126865487266
235260597985
129997405185
268415984328
196757406308
170287257635
205589664784
188598405596
215960428254
198758001920
209134472341
132946531556
170828848142
223365625763
210342975260
200795478285
128809860874
187732357514
204164203523
257583259454
214014924621
229455446176
250627101626
231724172496
207020646947
193160494007
224198181328
189062762412
161366828661
134512443847
122671734797
220698911358
205387007082
238430452756
268521598825
238464072528
219827055563
124939758703
136985705410
182538344742
221405318348
192823177594
195391533799
242469634705
216934647284
218368993034
287729355326
187947064983
124331920235
217068504645
123583702927
245241123867
187897121821
206884030291
230822969282
231503739134
211591996951
141404989722
221635156328
212415936941
163512237457
212952990045
147477460892
129733891960
252394958783
203929309527
207038655267
226543900326
123098956963
128265950953
209960364607
216874680288
130005315834
230312408546
223371720742
195715775526
205512020995
219005846730
222103915780
194057556059
117524323749
136456277012
189380518046
192122937985
128386096914
206046977110
188390431129
192533279033
162670346394
245039398238
186688839271
186754372860
126150001597
188424155115
149472338046
232129277761
198900420058
226212026267
216901074273
213585152704
121852619214
250495557110
134286418665
205940028833
228736356876
196483159627
229591660679
202504944254
232282808729
197073929887
128999643321
250760734284
131079345400
208903660107
352086108335
214676413800
222192968188
191979159152
192465329170
205424776710
205559399082
218247828464
258438146343
238571471311
204490404777
203626020885
191548773506
193392301493
228871509379
247015802484
128982986247
199436491611
222256213900
430552530471
144835443654
227997488112
272240364157
193560760700
212541734437
138164905391
185043638229
182719882525
200918473052
206615557729
246415134008
211061183166
215706596662
192107941723
134254376677
217278986724
228734285191
204593517072
174770500271
228604037374
115860902246
407670301524
131075309053
234890315930
200556290450
132378430593
137138463118
207815484078
131085756473
135162529187
180196540980
194244902908
208780346311
136072316819
222581558193
189547778409
208414458357
206220472252
138002311111
144392863479
202604870976
240263780799
148384157381
128813882882
226519976674
258313960021
140141307521
212942271004
176948374134
221411866529
113992207214
254052733302
216972265146
197053528946
180938649273
182702225552
133099702166
212904020436
251482079117
132458600190
212664739277
209655931549
231615053794
140170027171
239371189581
140486483312
225105488585
193820359430
204534204595
223260721060
182425486302
246608013608
129445611171
230336883214
191372361338
183160980919
122169959020
119467618599
207131202468
192683252633
169990895197
209356301351
216778730687
260289119319
195976506832
202650398436
187969962152
233567508764
197562691220
228417470039
158907736091
219328304221
224132650579
198912381667
236738300322
215044457711
223367403502
224490452369
225885597044
143271779030
174985705890
208083699685
171841973405
216756727626
210604184759
202125084743
247119491941
236433260830
197904263560
225152411041
202272041701
206374337905
210997461211
199437048673
144565203597
193313588577
135204459155
135193614605
221704337941
200943333716
114689518549
219735473225
238415254498
202506736259
223360790322
222685988182
229776969773
233581202430
129708139665
222328548909
228979826335
222029066966
136498041234
214625211203
220428284073
147151089426
194557385321
136067130111
135141667192
136766289358
214649769423
197690008499
244862303988
122970023834
207924981342
221379819599
263212692905
222031613648
225756665323
232557507201
225317825558
228994665344
130055466950
127566265831
231491728294
232049067440
191007690918
217217266393
208456709140
214665876907
190405740049
135623214912
212349688862
268393741141
214247543034
204568647826
267274897042
212629472798
149926860627
204571911459
236454897946
264513458252
185563304882
224158200028
355849100807
265848492655
215950857857
240226592348
193523089168
188515061543
122550221612
136841042342
221742663651
444918981827
227880231772
209193692627
215874619619
189722434009
125526667291
192777087550
200517904014
231650220966
207107793020
133063929570
177767642902
127140696279
115483581738
138101915600
135409221119
209558402920
206997889144
171578113095
247053935718
174993288428
231102715595
221015606740
170141470582
207256279842
201771144257
204191302474
203684252119
176539474715
211252732533
245482714002
221423362942
206603131470
214767117974
187821143958
128794379936
121999183097
222002904458
235237796412
183387501941
208975297530
153605844775
124631160521
214121206627
274436789189
229924271483
224114169318
204025006690
135213966767
199333567733
189926100100
226271370731
202322689803
230664730882
129519887864
172991065618
198455880040
178790743845
216949960289
260664969601
231017486893
213213455060
221463632483
237985983502
215239588533
226259861823
195509640934
244933917560
124665051735
193463077368
198246956237
296790141149
247550811129
130048767857
220991900467
217520393917
217164078581
196855360397
133699955316
135889975621
206024063226
126218338426
179956232404
186640254773
134682942575
124888742128
122846609928
183898642387
212093207665
136109726850
129475162229
131449141082
230633002613
232397303871
258464452555
236370374225
204358646490
132206774822
229292139324
198612907880
189319485419
116787667606
229110887510
207914461033
183800658226
219223594482
244393461848
204648146291
211167029578
131517770303
222023081396
212970500989
155036595341
234707314484
188424160149
214225802271
190661078373
211599709341
141361910800
214437987266
195381779136
258419277973
225581842708
217224219143
211173767516
237536592276
137037861048
204151501716
202449421058
143108360537
229116148543
182013914945
224185669857
252393990533
171861430087
185575606622
198943657978
119247092940
166736331216
226145991381
137095483036
235225928875
188419904394
228027897842
225448413640
133697338229
231496496723
166705892273
221007154069
132189692969
236684774207
231712138855
215689044201
219680563873
264823299580
229621277412
228958293999
209191307551
210383397161
204211748373
211032651649
115428357810
117492889286
133329002424
221963814154
131077630151
196023781309
203260674891
205349307057
134407766440
241807581037
193894496635
183294381318
227259556230
188542489523
262636130737
132562179772
189850657878
214442510169
226221541977
147764768346
188871438816
210336977508
221457082306
200819323110
204335504890
136254196343
219194034407
209377797292
198499436778
194472256948
135493683049
203237338007
219066583611
211240641057
106857779250
223293624013
205481321818
283467131491
207089418607
229369359371
190210780975
256204058682
196117799974
415781257049
225713101479
203743122954
117357819367
202900374090
227914410232
187775285075
208389635068
220243887777
182513228298
228327240862
134789504909
254016109042
173407631102
250815224981
255570283082
240917287083
217942474468
115867684082
136510156362
235268669392
212393497385
240568163510
207292728794
240924796198
167273872156
189922985631
240245829180
188247473756
217855336939
113988998381
177038204162
182579975933
197795512159
170446324896
121724656406
222230311937
189956802443
211940710350
195585212835
274833309829
201785911144
207134506016
199441123663
174773595961
213217827633
125857122277
222764124919
182771401820
237987501519
205543788435
132302271932
189655439948
214015600924
263556998017
239850969252
134463489371
125409004383
188589224027
193199942489
225690799733
200979509245
130138864106
177152613801
217689975692
114939088472
234821176564
232338444212
207264638536
244328847578
412045701931
225303727381
204198309040
183799656036
234289738335
235243088408
135095645190
212454097523
196884350351
211340020366
205687963955
233260120296
208412110297
136376478812
183726146701
231667920475
133987470985
239529106755
224402385526
183124512370
209173348149
192087915760
172808194576
238046275931
195692305615
198949171831
401598909496
211100688352
223149332229
232009330289
209665080811
122105188344
226792899371
213752391496
205572614980
186471986504
206836580354
183138506005
204905128713
201829941939
205499086119
197824946582
123426807785
116597957538
149300493597
220617687713
207074660861
214014822573
214001888796
132724833240
219312307995
188551075119
191173594016
204303348420
185777526010
254079623296
204329272184
198420261499
246527703581
174661338507
195928297089
207195475959
219472443350
199428523182
169933913789
212064373087
171882246538
217289407312
203758883762
191905476107
208219038638
216823105880
146916771230
231445542712
132445920002
212653626249
194550846199
189099662765
172194422127
219249173021
209811569834
266446712898
198395846728
244031334662
207941684875
182754550097
141083445278
200707670540
189705667854
176210216867
230135697344
193008049600
206384342734
218272674084
121694161941
213754526522
137200240434
197750793509
125446012268
136045254841
212971149334
130108460339
140265795124
134527053037
208276581238
230367947404
202982947765
208303300856
211594389154
206940982716
202414139542
204035476829
122330353852
194560272110
139420213813
192767316263
204090913619
225857278536
191426710397
136059209340
137668363138
127429395340
214561768405
184688196941
288068122208
198765635530
136499280381
230703817667
150166590611
227870344417
188927103853
137934088466
166472488538
218314914117
194372897209
225316113872
141302947256
171611764725
125361979893
152337911166
205796818282
259341429865
203998200474
143065593212
207141989213
246109183375
201955080745
175176216936
201742150461
242811757621
177056548475
191533538903
233175908460
229549635921
137044358443
189442350988
220253925514
238171350420
183798357134
189760262187
172834556679
203459041652
246960206787
119291314827
183056867629
193043654887
210471310744
206919947415
223300608410
132647192200
176658982411
230666691622
227285295986
258512068748
237718456831
191131318692
226235413540
144978726717
114028440329
214214686155
196647220962
147614557716
213290248535
225385158926
236704415754
214547059716
204239036655
134434564440
229975496560
229501226300
135224076834
135212440794
212253823638
234381042399
198496303482
241633583956
183707127433
132411219250
212091375653
255746712314
186397156522
120108188794
187589054432
163923225477
171066602856
212965040390
229516158973
258187037116
202656845497
249092268000
133226088507
161411713347
132788983624
142400707942
258253376545
308876952782
225884482841
254508446958
171018302585
167551600582
174397894659
203836887485
140832524541
206026452432
209061575948
182686529708
212626616058
258501587820
198364267631
246889449462
132474318888
155384052622
196853530877
158789120702
184659908861
226410733900
140172099759
228187850867
194833444473
176636999928
188875645545
275168673548
168620242583
227851440506
215854963690
228213434487
311714638065
200568240555
196821866691
197542045053
231748929636
179078662838
204906093427
200545661377
216764495971
193358872769
122043754983
232643861581
244835620525
250024413105
220327403303
261468355585
226307339555
199188069516
267405070357
207204302591
146970783695
258446046702
131379281943
213750080425
123216098725
271394195059
128097866467
128614235505
239582393097
191487187364
174918226885
353985395614
189700254069
222789026594
124693019261
230340986167
230801935222
201893172288
172794417639
205810664730
207000262487
128757581178
197461639411
207374274081
131217216210
156864289725
177321304601
236830764801
190380294324
185578002508
222705392268
199431239371
210460112372
183106815468
211175818090
135964981230
216904476312
143170183140
141852084912
207753556322
200516845898
119261384322
203652159526
226274235181
144422663015
203433075113
235201699228
184316464403
122850368336
174976346250
127764938806
183982161046
125382974505
197752182719
220782326385
199671400113
126961540952
131044593439
244096791121
252722359751
133758076246
189689049931
203878100035
130086841035
222810370678
223957728647
197746748808
241463353033
215754638518
173337707699
134264694932
226474345561
214218059216
181714507274
171889648952
186835366622
200184462085
135221596551
123937313081
114728107383
222235468679
202508448852
145357783899
118475563951
221763729881
194127048928
216992062219
136045049710
117142822087
228681215343
120110694988
202473157900
130097692787
227957446502
222134886724
132485917853
218611052754
256041909841
129026501477
210278667504
192101467680
192029001667
203089027245
174811417315
192631774387
212629258395
235171555596
184131970759
216758899649
214568903491
190933245916
234927106683
221390025322
200884435499
120505130912
193150557142
222212345865
212623918410
118645650048
294714076189
124160472150
144441473691
195788599780
124632439616
226292467218
200756837817
172995973502
125961292696
203756347723
189324160897
218280536632
135656921829
205507260165
239572556650
131395030223
219390080082
205806504751
197240092241
219037955360
183801081110
205591316991
137020103435
199417548629
141312980659
213533460192
235944659591
125990457488
229485121895
204173334335
126156663962
287226419223
203060384794
158462767320
180180614555
225186529079
205827606986
230647365472
263185296001
229057072583
155915399244
126295209093
195726807679
117508355110
192720831894
207004534018
225339495891
166669270364
267048566545
234522585897
182561441887
173608247911
232817456694
220814904737
228066007537
182716725187
287685129302
262215243360
240281117817
205555790603
222604431451
215671489900
120763678502
214774227776
222632199603
194124626715
264468745485
230928678222
236201064834
250316957536
231624219657
206054715737
193009461004
223302885403
135224303578
228259894334
134096691913
209186052465
205663388247
263339846511
201999610913
146184134902
125913455999
175311043785
143156625850
184506417591
227342438076
132813321695
219932017997
194627262284
232875103212
198988184949
204630093339
130822716209
238100891142
194834917437
192715089481
231169994487
189757319065
129013121200
164186017313
194814108641
197564325871
189883413585
198788983867
229700214629
230864048799
216814225376
188564042095
167441414273
127721556199
325577723818
215523558109
187653897373
204223746758
206639381717
182383244171
192656580493
221222075558
194571334550
237280086513
210146385823
206725503627
153040105080
188225517670
212289708064
255525975403
200138369731
225381098886
192895674493
114290271607
198892992326
188117440545
135757420591
216014075842
214755974717
205599476203
189100097878
189167946000
382902197684
246363742785
250461116963
201079883078
232655807326
132385535624
186370804337
133702994457
258496136515
194669344948
227920330214
130643081669
199642715036
238510668545
182591486290
224241488716
220835843389
205628105198
230617210532
123161755346
206814316823
207806041535
197305619773
187573532192
134256797980
230338871264
229369815262
185675237908
190554582075
170502288022
214559718142
194667980089
234571257406
132821884579
129705327528
218971053578
205519090242
189100889846
136043341876
124926020357
120093196842
132769750396
118881811929
198060930052
130490240531
189577072678
141285169077
222028277419
114160040719
215799166933
207086046807
121350777121
189185152977
187719429714
191094442032
212048716956
147693499371
201060904038
173493300154
233325715876
251876926146
124743903339
214006730231
130074448618
197548808955
200660152126
189435328339
197724233836
228145764321
190688479266
219347958679
225663267369
137573985560
134259811669
187816466213
272201112034
191557120320
121772161859
129576131709
228126512343
201706299674
180685048715
244094584745
188231584399
253754094249
199165490335
215797179012
207358789830
214228389337
193041472106
231490082574
219252389253
200213189147
227915024244
206704841258
222194694545
146626320565
124703205452
150588380351
208608384361
163692739906
146304352863
228036536454
202506852596
168301452879
119056689565
252454221685
204648674934
219374924768
220310776451
134976313106
234480745471
226295604742
144214698298
252394508200
126437202680
203363691312
211001092934
183728339889
192106738134
181354257866
192845637283
226299212328
182323897386
131130985972
240687850459
216879928799
135220097145
228920508495
226119282016
332889715424
130973485434
213755890221
212892157072
207141073361
202524161906
287085377555
223851288988
118982503653
196065160103
204621072147
182829109616
147066714942
246847513787
206803826580
178447176757
141184827229
220859090213
204377143793
206843348089
234501451368
173576509555
210987426402
172505243021
244098894480
213731671457
125298103088
215931633822
191188336929
211427845426
200398478793
188121550516
205344361370
231088134896
192642880612
121816987198
212143363779
236429460113
249351039867
206051454779
220358019879
218017389285
219383155146
211119447291
194105944666
126416733788
197609922661
123146581915
197558327468
268328619216
222096868852
182300875304
181137455123
229681785593
174796143070
125674588909
189201578886
150160436283
190393354811
225381289090
258833923070
133118873127
215108515813
190025789222
176622883247
207796069994
188430982573
208630212710
185450469965
183665410275
211602942532
206430275769
225699835653
135217856539
181442534491
170567989519
249203313157
229481033377
234088226744
209349302424
222815168842
172694419329
233694438759
295839083165
135637528270
211994399375
202348681947
189640079316
255445709311
214202966924
213211753079
176616804419
203524669891
225436164014
244290416263
169413494884
225051994897
181642750083
239754495456
193653315693
198020331765
193605494742
148043229998
224622976738
198223539978
208417347296
129412084165
222678110355
212228515506
131436872868
202148040711
199014520240
208746210730
214856807559
204486053377
208159025201
132020886251
184518427382
166176899597
131496823669
138076767060
204651159862
124217864771
135693436418
123028389067
143140244425
135985807950
219270555253
222990857709
243354478468
188529348381
198490584891
153353907255
224151762706
174675301310
122540901179
121919845128
137327430886
220290194392
210824552522
214768938264
203759455809
115356750121
237331273488
232807107376
198488574349
231062708659
129429097105
219978565422
233541157716
213630164369
144746189741
117403981240
202547593231
202160349204
122588001039
140072373406
205292166052
212049595751
206933436100
229779788712
166095619708
124455469037
128272128508
239509480300
185900250446
166796750631
209331973616
123769660652
148183237880
402948278061
127696920685
212044099703
122787609059
181464456320
136492541712
133995650330
196789182895
236647710140
212661370081
211831565147
234252304358
194465997243
208521430690
155376984314
227904251995
232628394352
208037124404
202669987393
192043007885
206994158107
133095824787
237634557604
200145419209
134071059916
143224477072
184932480397
197740289215
218599868256
214550678802
208970897128
208589372337
210254324432
236724354098
171790745424
189284472101
249521103082
163320204323
216374932909
199283460237
186136968466
229390551131
195985012251
219479834081
202307385051
189446310006
195749136905
115071171336
181508976981
189451246228
218338267923
122974906152
175259198229
202035226676
132390706235
225696462816
132780664852
224400801257
172395164503
229400906048
246486822906
132862124761
129316611029
141465852089
195463881726
204406512727
401725413098
206942574966
189322470433
175634809378
222902307204
242255110911
145778849639
243312381165
232645029014
207858518021
202247736878
197232246613
117728262128
119532310032
128953447551
115125628535
177088674086
185821105707
176426147549
120092749821
204571112625
234148221672
173463629543
213205088121
189079220227
396552546735
187816947724
238376859481
233574844704
433240434336
201711711598
198563565268
209008809326
217631777461
206629551417
117494837348
230653818305
179551088359
244345903875
222370864831
207228616881
189308744922
191494439487
203817523796
126381713928
194706764047
122217847530
245384169894
131952931655
231540784852
116387276641
186813683441
143062043223
392897453597
208919341920
176636785396
222316139811
205797962812
170695485628
193552532925
180857320831
207799857186
202287296650
224395072787
238248604740
247196221322
197028010688
116902316483
126355189291
200508578380
185320891327
196915614595
219346184923
215914522893
156937203399
137079656799
225319217773
129516505076
128221560277
204570909981
202704880357
186507433646
126697093602
227588523966
229084757244
235210865072
212733144140
227414708833
232215196237
160313607554
184416523407
140336614493
219366569336
175476944257
238569358548
179871758504
194542343183
227300256454
193417896144
200211278045
225284115807
207143220584
209468543429
129214139055
208432401348
214243742659
235233478735
226206902776
214807406977
177598188011
140131388991
207929265253
207050371991
201028007841
245781803083
228107398266
219129923374
190241100316
222218986883
197855134316
198546663537
187816064377
191096523003
225519888368
137109145744
217040917529
238717127845
124644329274
206054025098
201345611989
156308173839
207340456808
207997156351
183035827148
134332398873
213994423840
214688973183
218479021002
204138193902
259191315266
250741150283
130010690601
199287221833
149946463933
202046711328
136982502487
204334615236
183708995683
191239726617
194368617202
195774742079
196436093253
132125146653
123599332248
203257535134
232951328447
275555364970
264556742579
191831952165
129705706722
209235058527
174627587366
231030922367
134251645313
200101709278
180235787066
189302072797
194017343806
181105749990
207943506598
186747382646
167401960177
232641052105
186336091647
202234005887
250715127550
212059399184
216286062506
221695067281
221472078572
175002499652
121883692342
218028401329
220340040100
446229576802
129258875766
207001177062
198729663479
206366724312
200939041023
186704258549
198744971919
205011076568
170358882292
197510959011
214593737798
198465552938
183489173637
224271917756
128701365082
197495622534
225886407468
130760115544
182961042727
244117896690
246920254201
189098480683
212549918587
225353634114
189379071457
200671770190
181431655483
136033728852
213205761600
216924133589
174886175279
185004572237
202169334367
205521428498
228969464919
120204754961
118641525682
218246992504
222809000993
124887244759
215678737382
189514067310
202506444048
225687393765
215687065625
127169569217
120058453644
229798704392
258370628601
212926235621
171821501858
205831131208
195606472461
189918778812
196051521001
241045254679
193938880155
204907562104
209044233532
194624378331
220132944278
234048945971
207905072075
234742713521
193576930895
131696371086
200518365459
208177252107
191515422146
214766913941
245476338278
122201654223
181092628867
174930350451
221013716422
264795095391
219316704592
210380350608
117019447605
209096777642
205817526822
198818100934
199278883663
221768384318
181637310186
124601950477
215581050343
215345002175
233023809064
196011851306
206747609870
237685330022
220797182117
214490688113
136488575950
279461824476
137956575090
215487152339
216931400079
126022135278
237627384709
187683314608
263463510444
144809875400
209390890964
229369124514
220755666758
196899368398
233584383562
189217831757
175204271372
231494242981
356106917625
219044045668
194642143750
218397827139
247472066638
219858463885
226645303308
203850967035
204412937012
229835302408
128492563803
193296008549
193811028420
183775362484
188229320230
130125709664
202812127528
245558033123
189453768390
145627305147
194568153532
149232143951
122624588686
129101963917
223678389711
202177331473
203992879332
193537868032
218159771209
226332121702
174957645406
139290990149
128801650839
214991282413
206848440764
129709279917
193008229016
209888847124
199078532434
256734719778
210436635844
204915550861
169999749723
225709760569
208997258124
201754041680
201802486394
206454912469
133197066664
224331378691
135643625509
228073687467
287446204527
135662049785
145979050555
190138286354
197728617006
228956708363
129465590600
198713392845
207771103400
314400437186
132450982247
433930546432
204160923231
196577023580
166124039596
230280949876
185049814526
251046371470
190359551859
177070207722
189098067866
221977070084
212172237236
176338323780
237982608846
140938042836
204904760931
185045191199
213197831731
191541985117
220255790859
183800114371
128791573351
219264813501
224861392278
121760772474
201720526475
135789382309
141232442074
235041628335
198878377264
249727921633
143075857862
185173036687
232640609924
223316408065
128875857242
225884292295
196004494270
192718009421
188523382516
212999536345
209179407422
187733454186
126345582968
238887084578
209791519106
141427828862
216029009495
212865825290
231560725330
232832574125
197055229246
182456178881
178341723285
120094422594
199089567989
124542071093
182305150388
210417503834
173257238419
189065676454
211266260915
273919791762
132600033251
191404054888
189725077346
250797870862
146141245213
131527654423
212827389146
202217867890
183705675659
144362342020
244206618159
183154728926
122276314321
194536931398
219458531847
216963491089
150438308894
158676831598
203866701455
128226982740
230760929594
205348491616
195845433960
214766701743
149928221941
235939625508
183706577692
213894717296
207124178197
238679160085
227144779995
154705845907
202895982213
271861236015
152711057214
196068266153
211874337443
174893793245
212978210665
191677482320
173976751821
202180642811
126940030029
165853809539
221597934749
217932525489
211615667521
200680118515
132880717089
122262237416
212042259736
217151271440
212630749482
264636158160
202447243154
257764838551
114785413512
225822375378
194770776866
118776447223
132339374896
206416577331
203264551178
188424152373
124892159034
170535735408
235208603704
167588344828
201677949378
120179840182
213101204584
264113844780
214766480960
126670973793
131102352349
247087065610
191040214022
228094699128
193257649939
234370377689
194841991895
230695446306
123293181847
142896408317
165409015674
108653190092
409261901094
187845816942
130093090270
218676638749
194536009121
243746770062
188521057974
207942302475
220931089293
148135686311
115521777957
185944239334
231641779809
194121606946
243013664034
131592682935
204941694937
194662335936
192073297887
231499676095
213393990083
230692267921
447778644004
132772661941
188116495229
191551013768
212960555641
210049617903
210316151173
214262009873
118654605398
204643667674
205814706797
234216157994
166108298205
199024189382
208436469995
210998548026
144130448371
243239983053
182069598234
134867491391
141562010584
125385854821
148417663639
215062895951
183793579488
215697663057
203198002018
205454163431
236024067757
201170354223
119637463716
220029048592
190482466064
298971230802
202177876043
182220369538
258402325025
243705920401
212122424338
199019038968
150337529701
221372821277
264766348590
182226565988
397644155827
230657613016
153998179106
222030381640
228164915656
207541587291
144025174513
192103195229
231570418960
130784487824
205784990658
203113772914
188478719082
203126898444
198928534680
189186199382
183006979212
219204944103
202607871753
126137616840
128225859980
246748855194
214850461750
129627983106
225694170811
196606908418
168056393645
202228751775
213037300584
232771059270
216920654343
237312523180
207920406431
240982248055
214244666625
207168821407
205354388872
141760348144
235228819829
215966966728
141290685913
216858920366
192089880362
236640275389
253960453572
193021609769
187581433800
123064454582
207075573750
223342390217
211915793341
144946453919
187879558639
192008049469
221315807234
191992462750
160993242435
202167758812
226554471026
119190779604
186201779350
210743159158
202097833869
226675762152
115311707431
188122864468
239716199421
213146489273
185043072470
298369379562
187815944240
194207311701
207097493113
224403821073
129762943950
127984585666
242898700177
216020826755
233082812329
175135449557
212866375662
229195092492
204692560449
202564844978
264816594422
244861427710
180302309059
229412602335
218388805191
138457360243
166258204389
135687384372
264680193761
126328014204
201466397961
205177462571
199669278436
208372161461
189317414797
192199675644
260241231590
202666502291
122557073596
129854238283
232755403348
143272134776
140443395238
204140454233
191540224780
232642600580
200171136873
209574682233
220066184844
221365167165
142985294295
220272790984
136979875086
192915213700
209277160011
220574633100
208405600197
207756016766
193046244555
128859879148
149168712939
245334154108
237842853231
192094015474
206887039120
201989957784
189631315105
144772719100
215780411250
262821771891
176664195494
202903849823
180403939388
224200461539
191681318460
212272949809
212915151360
166419059416
185051907272
186445147893
206079620688
140170779358
212024964619
175017114152
182531096325
202640882007
235658540754
134445175100
216840080355
238062111931
216921754952
188812129451
202758262638
192129442867
211851678702
258340974248
136971648621
130066752010
203569470521
252394268406
165671367993
195856549895
287740306405
128602936061
186989946325
211155379285
200190710403
173667199703
214778328571
229190921586
198801496797
229012464438
136984655056
212204259810
200422603721
129709057622
209709285983
110903122301
207682335529
208324196022
188519713032
189776869810
213659423562
125725041744
212868387836
208805322115
203731087109
238660118139
183126488327
176636482157
212802605124
197765273520
236657514974
137053142218
252428017107
214371822484
264333122384
218268680552
131309187668
133698611273
246231997997
172586276324
206521816523
159715997036
186874920503
244091096063
221908480057
172321770497
235774685308
212609403354
197470729005
236798156153
205196043632
204627935110
199071683669
225075677661
122457881065
201817385718
161047407701
142564285672
140231284050
131259779466
233608004317
217312100626
170620321133
188367356610
222182656222
135703645010
214685440372
222188419265
147016214203
207141780473
135909348632
150106484693
189802148075
188002086406
196550886425
195800504778
126290340358
118021616202
194656270546
207558625598
203711249643
226284099775
205408324303
187659594740
211037863724
236438589520
137643294863
123241194392
189997559063
211960827625
209062938130
139952409566
218022315175
167476926515
220030891329
136027494366
205797230906
151234277766
225094410756
210455903054
198796210202
247807035408
215839933195
233215107756
132267894572
348034545162
139556692505
194102969283
200504686655
130799333758
182884363162
124803310404
200628396507
237309924346
204562906450
130536457243
189426884956
150720298465
183759823328
144713710821
176637991393
206130191515
226293952910
219498383689
181881142508
183752493061
135605316453
203761290762
202132649446
162361878232
212237196733
130058438835
117087927144
219635968432
221334302557
166525907082
207922126523
170163572967
230594839646
197926832531
237800814358
137857472666
221937884550
197567513681
185406277156
244274025891
186102925849
219344500500
193442705795
127012602861
194543369603
166733035173
211014798336
225282164568
226490603265
194130937250
128290370492
212246735461
202141594881
192838161258
187829891622
189824617245
170411272617
197226747010
215770490692
140116553895
207832898186
205468118311
204878382097
203848606234
133955019054
131804737064
167756641519
205374044343
138815817480
237413008568
249214351362
215327050473
201692111886
233019012492
229225824673
268063856093
217410682508
235018081110
133133711295
170009258408
131160309088
225342365988
197747411167
211050614709
243866922658
189862315355
212237997823
135739774434
212636887195
214436544238
262290699496
188918516350
115304651245
227002036238
144689792290
132213449999
130146168324
204906237383
195230789157
213882368739
214270511717
348539963896
146834000812
223457947605
171396627682
187626146938
225346936047
135224178010
208423489247
132046405826
219271138535
232639117338
202482300093
199358919122
183710259812
201189811519
189325683762
205566552973
195676260412
183798241304
193136142690
214015253800
183643854472
125112017107
182020859775
213693988376
122275925980
134869755271
223837878820
118633236159
236514654746
128223016701
203786800662
275491808006
134484580796
222608675737
341796026267
121147977144
255119177076
226223294851
331049970328
192692763236
233434617356
214192140265
142784314326
191661876727
203256787810
137099510804
193857250426
230131607940
194834063265
217237663555
127668169820
119695298822
168669784843
207432401901
185067648422
189067983716
126835040501
214230997345
205113464720
120638863892
206767778541
205535929186
199316805763
221420227607
136045436828
175868329759
183794326200
207758520248
185998299793
114285047715
200676865976
170445742941
191154492632
135697036706
193027441237
215955766079
235159865089
187131810431
124437281086
130584683943
226303366234
225312510941
188459757692
204855798672
201688054932
235291228461
131083058292
150406017568
176111633233
124562809205
228192154032
204333998982
203745072545
231644014235
252459045559
117490484785
129708889635
230103487675
200176816295
196443826895
212954228742
446786617467
212938600724
123527395382
204949832385
120364893933
190573983751
207100118871
189902704649
220512822495
169483885590
236476446343
217100956715
194612338497
222470944865
250657890515
267455506342
176031592587
212521293239
210670225708
194096364268
129832635628
182929439538
221451846731
223321259887
226422769478
196527446093
218306109304
121253063783
197041136214
219349245455
157707835534
172813102983
206923877884
226769374784
175966853088
134500218586
203757895313
218624942972
236824825355
221310301827
122303582759
191518523861
120101283203
142821468017
132465843072
254909163778
199543433088
114907328778
207324256709
191330418517
214451468656
204334174858
186485495140
183020459783
186467799736
258354252344
215884287348
216889229520
125070903166
222603921125
258473526076
223275595971
122906737866
190173970520
203665239123
206990071160
189836245327
258491436310
223779300991
192480213557
197378942320
222034537723
192105626038
230680389763
209315842555
176070495001
189191806495
218340402388
225816876860
229909061495
235361215993
208415914013
187796506836
202449197915
231096654553
195494057871
217345733234
183782420181
136975985022
136981526075
206485750443
211608456893
189073570774
196210146595
227826533884
223902988063
182404628922
206928951607
209343073400
190561854711
115814533093
188719602180
130812502885
152205356236
166427748820
128536049541
231958806349
198703441106
132476080636
173375720047
189795024205
221555835055
197731289958
198170470057
246167399722
250276332984
122942729609
121671597028
174736053750
198802503453
239476954630
229151113810
214528283244
126742336794
209616655925
214793842810
321729087878
215991959175
231900617237
232883746692
221441238487
147876614612
155158962264
141109388155
215737049903
173445091843
202090104888
213193222848
209332648196
236543214566
205661129024
209780656792
214151267718
205316930764
126500384762
222034204658
190925369496
170602134235
126720120051
134048756791
166502746815
204108428454
206721344572
205643970018
204218550502
132755459614
228675926923
191475516847
148981884149
188424157463
186994046956
213754764130
202615951027
128558460233
214512315090
214177147673
207166653985
220292205988
136288886859
216748081604
339637888347
209151726304
211902864550
185048179663
213558287475
225381391104
185668809335
194028372875
189099212382
239243277661
214552789325
210586305107
130846716114
251560643133
200228406105
190517641927
121649240098
130919326484
127094820823
199279161269
199049467672
202873212808
119446800162
190754367403
201423602852
123358570812
204345810574
202904977575
116206596378
132009996642
171550835238
204629640807
143543103603
126607425771
195152608383
215749360444
223376357601
197169401683
150422395563
225271013208
203473598927
192881751981
206965774249
179663068407
173088679109
215753775179
121799328130
198372920114
211045184488
231636319139
226268857031
192098829368
135223837655
224884375218
212236033609
218685087918
254089963958
235287927919
194644813176
219419637465
219052713137
210493218222
203259831746
176633710313
231548719596
226217107003
114096724733
128784872797
168149715397
142299168448
238629673498
170180117585
131978559187
130194947431
212625286914
194608134302
228526475949
188494776588
140843999334
195687027385
190273839721
194183461048
207112393726
217101750065
408479288179
205407021632
184382667804
201612609208
225204431440
125873146069
222814424545
128375862149
124433840771
194266903607
131176954972
230269356679
194117934367
194219396386
186435235616
188124468978
219706275140
169812171210
220042928040
202895540577
196746518882
201807278567
200690717434
186986628822
221946524334
131213764958
215748073746
179802373619
192723258612
192878899558
172876473403
216037377982
192127400205
136045190873
195920817642
207092480683
200724943049
221066520421
220540927919
214276848948
131937927095
219408249473
225095892276
251904073429
201960179941
125639388971
188580346398
201487111813
146071378852
134394364148
225304626523
126220046862
220404824122
199430790080
128643017004
185540401001
203073075764
200470464695
221416580068
166115355218
191697612636
421870534796
220370784187
176282990220
329236487152
224312858472
236458886629
129710922835
175606341881
205820500020
128313514376
138978309623
204557488990
216943548996
260756522746
156834493963
127689411871
136521484314
200476797353
147651865128
130663542602
206742490082
223142734446
212235739592
120263561984
214656799416
260390108212
369137663009
135474003396
244846195715
134137579954
182350184604
141797783427
166782542482
229245220363
136097171296
196041610788
210580783537
182245332594
205339597903
190095326852
228140027423
222600281599
189014321482
205158402818
260056133558
194525776902
203818837313
126974447021
236726272187
214657962119
163394027768
218655388689
141235634222
175256946764
200153476039
119035654267
239290554710
202506689199
204927021664
236633934993
129785886462
200860856365
218363308184
128230127392
225491466933
175933178206
228189455572
187248850888
240920031087
122275606544
172050326163
225843165380
120985205172
130653345600
189026436162
202260475032
196367749293
206544091594
186318983142
226461422985
170103279180
229768217257
215972131570
222241820582
202578045295
186976712858
194738792211
224063430540
228956816824
130029030447
186986149902
203842952924
230917742675
268106479365
128801122157
203575527189
223723567031
200506484722
145311809019
172809594960
189051339532
197751669659
204251716281
129451139091
326742486007
159140629691
212085096804
145338229686
124850099803
194928345185
257500851010
130175697456
218079307232
137888603527
202444909403
120097915648
163859131927
197562002750
221297471694
211480248198
181285172935
207121285659
230688944616
202554130323
218034384821
224370216100
127041407084
198317213906
176631474418
217651654021
201286965491
117445375591
171142166021
204885667703
193871657986
197254829893
197705990900
201857359424
209362272693
191939869256
260346945432
192021489829
187870573697
201907771660
194832532573
244695013564
209261003346
120942984642
208397438843
144178343991
204004854753
443324803560
151094685617
192961877731
117286483858
213068076579
201165215878
132570837995
200289238566
156887961516
120174609859
148720040625
204904119423
130893146217
125551052414
264806038776
202446578943
183795164182
168462087444
131972132187
183379105362
189295199338
232925346902
206002337804
131751856627
219402749077
215382372023
172425252500
214437306021
268240736239
129778620421
191669546277
215777901276
218352835922
194650615119
217201960177
129383847675
239423073990
155383032985
137982848286
218606156413
182160510120
192884504480
190575839761
193028223457
219359619784
173799068485
194832848791
203766396649
193989920041
236695773569
183557269723
228188010900
209198960676
225838955955
194164796428
287754662424
232644338142
220807535092
129709701506
248241280080
124388673267
209428228846
221872679733
248365118644
234036806622
182973637959
224396533911
232725140138
287700986144
244351385074
165011585163
203313176371
202448197881
231163761106
188195705596
207737300602
265279418783
220440478884
189252681569
186788987197
209340668709
214557249115
216010210132
133979265137
170655335388
135138088656
207767023561
226200466536
207939968796
134866854063
202901623241
197217995683
213991983265
188570768902
214135097267
196102679694
119279516817
199002900534
222400956434
131982770118
222361816947
225380020108
209167847621
219727577475
126273882629
183118292568
128687401044
122209946792
133767809068
194308985839
128564694780
129537006321
153759422547
135222892101
207175301141
188424151465
202084744651
213178708992
130996785888
273176820104
220488697951
213967673421
180104414490
420199020544
207900234231
225096046821
218773848204
194729551536
245999372267
119852572540
131205591092
194054410201
133219740184
237202458149
199516540846
125165562764
231678411704
206945324832
125484698396
128456255596
190801529716
211164521425
229371575443
228179861416
224669456892
132922285668
235003322588
202505134319
119580684793
213988094582
244940869547
226280080423
202049860172
132827967272
225550011918
170874349749
200449966761
244036423284
169995151075
182656660108
207006486776
205447631866
211606817473
188524447767
191288743276
220642062985
212193743803
258514779332
264961372750
129815739524
237272162418
200515541232
215740107177
129415551728
244340264470
206622020689
125048572738
182507057396
112360986399
239167480828
214520857971
258509120246
229210357336
207253622114
180139843907
122051780379
275728489526
226366837029
143770918999
216648862467
212972177578
194528959997
206864154900
187817079235
133483858550
215184877836
193010009182
130353805272
189377857801
175043803856
141445913229
191281228527
164282627674
167036997619
186775085047
216118394469
199285624926
184446139824
245161428187
168396020289
196583613864
263912779112
175036663152
210515393187
134012978082
229336530594
191072782709
229445190171
127737363646
175060606117
197272853128
200112705484
244867701473
215757512758
203704727400
191502491400
167608705688
203612570700
135158147411
245657898337
229883083282
119968369053
192404515517
196515211744
222421708804
222159329659
214474929486
231639850155
251675355859
213547205321
209214776885
231122332016
206617541563
202202264448
117376446649
263018262155
118795158173
135576430846
219454126489
212329730458
253588861823
199433115741
189939232457
211292354937
252550380935
198193546165
207869659141
126212820504
141372597765
132309872805
258498992610
122085042436
214766319941
190370068365
214441471857
134965825544
207329601570
200781298160
209037020113
144077566583
170474345203
238971304117
193544006723
250386916899
140106226570
219697610999
186998042397
131848954308
237594427089
212640078341
212631012502
220266263790
208452955676
209398727785
256084914188
194431992058
230339723523
119656115344
132436461333
230198870571
193186856047
176637262227
196468835104
137105454499
231662656870
128224516907
202078458426
215792813304
202963129511
206075659254
129709840365
239521788557
214376601149
221366826485
194667443294
197228649029
217635303229
188256508346
204422714792
196952747020
176459435011
220420235646
209743355001
207117573137
115241519000
143752093185
208418119644
189653391109
171645109979
210628667036
172105017555
202621942474
126856343861
135356754983
197960646417
222013256569
142136864002
134414203085
124440165451
189030656869
131189635734
189391139552
197891999951
219268009474
227779657093
193042465246
147242384693
141023943822
209124672849
219709467825
191104813995
185080808284
447832999211
122272403289
179904539544
207128720096
226447597439
208710135964
250202806731
129364864973
111246946416
229179377653
128354927411
118697631341
244809179875
197416844141
219060639293
117484496768
137376941738
222836109924
191230151300
203272659374
230682638885
265398102434
247098102437
194680101765
204905348964
184874588178
193533302030
198495039453
122187609549
205796415552
143072126136
214197922224
201970639422
255920703786
206857589888
207046399751
446298387739
116632156188
215606084232
120093484015
167307950261
259741615577
228191487034
196089405195
230699283529
136010384493
183737284148
140925051415
200512163531
264388600789
267534956846
195473821087
201746388248
168686377706
199276762277
165653011229
235636921558
209029684896
208383264012
125826836687
197460162576
149673589373
186580803946
154301010176
136846940159
243981538079
212623159012
200509095911
188118773484
206052084468
227546306794
184353921792
236903708926
212294774184
222530149024
214539042323
188880824655
207094510883
137867827992
231158762166
175835164391
226564408158
136403972300
205585338755
218250106374
135679458581
210334236999
218668956698
135968884644
128474313465
117453337565
129126973250
176096103725
229470909457
135690185092
243156842577
232870936464
126184957786
267815399005
191273466201
184960307498
188241948439
194135016996
209365662898
184924097625
122697543305
212649220342
212467470339
181243984221
448547794019
177806665138
248608999891
184879752934
231083527040
142280842420
172926758757
222126140644
180761686862
242978246730
203535438666
187935896510
201283024623
155387111315
128744049624
244871092007
204508945683
188577580043
124424479122
190647873174
209493203507
226436108978
166283272159
157176238249
220284679100
217813592204
209384741289
129401752591
136485108052
220994765568
220416859544
141148876442
213815875480
134402204289
206302486102
203265997974
220523288282
198633917200
181313949676
238909338131
122227999688
249166747369
185030513982
199390286935
297209120767
182440535129
225324714930
129773907263
215785101950
246308483810
189853568960
207006852418
255334045701
204770561567
212978824875
200090332684
218569574346
232346942830
122475199662
221348544294
212624799644
157041040692
251184004104
222203771937
188424153676
156960949150
189983791414
198737679000
185799229290
214944111317
193616997393
188587247496
202026661494
264787863188
121835178603
130103565095
193281993701
191410224426
183796969346
239497298440
218613470365
270759612398
202518619489
158512081286
161857303971
134864698990
170198624201
122251675415
190716742264
192116682159
237481110552
198784080004
127260544562
222597853000
228638760919
235219033068
134440214669
188043804555
189878498644
190448405873
149989439591
189161715196
189090758627
176612088025
124893408377
215763565883
220158450762
148488123459
207888004471
200161659557
199199300047
222492613582
228828521860
236007809327
202683305186
184361276380
123077783694
113356979478
183741869736
180256517962
216952074735
220943496126
125511350111
119426706150
206052811445
212382874219
202364627768
118510173419
218375563013
258213646345
209649412601
200740176839
192120760141
225886880177
128990162754
217684497340
197217480418
129988414409
204202875719
138645487216
186528312320
141993105869
191260740343
252455306972
260442913302
236753439051
128045501430
223307504857
164249476955
194831904669
120603975886
182174875071
205634302223
207174011422
124418287211
194158187231
168178811937
215783922651
133400830177
186852015862
134260870391
207506862741
204289808837
257045517470
242315994535
218917435397
213441819690
124918129839
219001201390
185535935443
167755172610
188261584560
186618251435
202042388279
194549064617
185055140293
180959676705
193431089805
130429241653
145583280957
213196319925
226298419597
235304363677
211023787589
207687641517
116822055726
251000412214
207980354279
226784961493
206391931239
265658759729
187640452289
129656157275
174585550777
185505147639
182564554556
385686241340
208143079825
143270578536
229772429067
141413382708
209370473112
406233133812
335101494939
232454825375
164270750635
207081274706
129706482019
117641510444
225095350091
198927558790
144654795853
232646998041
234333821008
136471478576
198654792840
217013425625
218098650671
203951872591
204020060971
203258680735
202631836021
121146495682
125099222196
167701120443
235313119275
188335720200
229203539167
185289997759
188424156298
191056278051
201119783523
166830222952
228551755813
130670294091
201938140445
230583169811
204156386471
239547770747
207786222492
134916132423
207130182728
196497499042
176189963609
202503333006
250154535766
200682817257
208694608939
234910958312
135651883191
218011368308
196998131345
223764833991
188592609308
187714418391
126363289513
207923081382
225241815060
131351523276
203385904799
187603695529
214460892505
137004289981
204641404743
264534115775
238317774354
202063734451
206975468417
202505689915
119224692068
135994252871
213189232057
198814713478
202585841081
200951321922
167797259678
189313386361
264592094077
183202593030
205838886167
122564055268
255634445138
166653972754
120066618152
226373108975
203970870285
191885722640
209916065544
196894076393
224191686386
203261974407
213208799191
239941483240
197857904355
173183572202
195766457808
183145151934
233575058240
206978889604
122387167352
219050071686
129409356320
208727899231
140599810096
166608493605
193073531848
216946374799
120245666949
233116094074
211305549635
240923788153
195737545888
132700212108
214962267446
194620271646
245312546007
133052056509
197469546090
419171790875
204570714858
132384045429
214186644537
190839324668
197355088812
219556779916
196781222793
269804360894
236651620866
122810397611
121144081176
214010204035
208147482827
210289889979
182676414953
126703783078
225861277395
246710088570
229570561985
119947371290
128299648339
236422256468
231052173761
257880441700
208361370004
195343535534
184476411660
216768188955
206328435529
121140260229
185718400577
197005794695
183231971646
181184567568
189947850167
207840189853
134411051347
224060699560
264779756169
256484935328
133057614729
196566080856
194563101554
173726808829
206956780812
197534565235
217600620187
218241442441
207921656129
231781846569
183800646150
188120052806
204723047332
204461554408
226785867473
232785122744
210171290224
230341823181
132420475369
222728555861
202582710236
205561021514
124475071038
215926246430
236636978777
122054064399
129194984889
216948744515
210338196258
236493669231
191597426930
125327121406
212368531153
212278250301
189382644741
209195995524
143066616419
228057341982
131758297310
207939293625
231860728908
234843227311
216869281006
223810820211
122129264287
214771373668
199007418607
211788757495
208953409918
225625748113
131233433222
199597763265
140145226279
168572134273
210201253765
197647831711
229543873550
213501523244
211849381903
133154405870
131476622697
170036163026
218140060622
260928733881
119269797720
197577081651
237985187891
202145007522
167704238190
170806308795
218281597053
225257052491
199788755540
220070386806
164240792911
134129315546
188238725458
116735083878
152981796941
226239424491
203810921650
174075410251
193978155889
227027052903
143217816421
124884836731
135564874665
209049809207
199581860101
287775046937
196001386679
220844209045
170296460699
205525396471
123871839727
133114567340
212360633497
196510169199
189357348707
129502246350
220723382036
217533489619
212566936986
265059605295
129460101675
198167646615
222982610779
143239446965
204983016240
219714100340
216793789099
184781360194
223272713978
215811435597
202539619883
264283266302
143951388503
204811304596
240125350485
230012685582
122248846561
192134188804
228956757490
128240001782
130376047623
129783274499
214266353644
237553289360
139472852528
275078662007
197773424639
150442362786
140172351177
195648074254
249183708064
204196067934
218497489419
192867488464
238205785623
206512467850
135714539546
238584758174
133262416189
161626238489
176637701966
126128816766
124422464050
264167978925
250881880189
141337955240
212095094119
306659368634
193882827368
212944014081
201574397583
205512467809
436464684453
219269236743
221020747167
212328323805
294137921037
222389958242
189318573373
194665404320
130562733010
224162009842
204483166986
135825781345
227751866334
175697950408
215262884018
225336083686
227739808363
121626050842
143871100806
186766497637
199275342897
218006365738
228082721880
207922597929
252458843352
212235221726
218634378960
188307080985
231759279517
204957076267
169723348502
176636255964
192637322582
124500772020
192347192454
161031636998
228155571532
222866289675
188184889780
194109693083
224126074146
116146589951
264614960668
192564473805
205409880918
213563288237
203353127439
132359256355
218618723861
204453408647
235184002256
165278483874
342868794839
252393409455
186904268118
183719243668
232869067685
122762398883
206049438930
226556589178
215827834106
214766633608
226908645434
198492652442
146940021237
214502402467
194593234399
195489347985
131505125925
216750983720
161777444162
214524690552
214002311869
125149894295
189091595823
238291736697
122142098222
221806884945
138281289236
132049713319
213141188798
136132362358
192946844131
202651126375
176253867767
207935505396
229802979264
225332138972
273705010608
225307257565
232860922768
274753590739
130036520938
399228884790
209522656118
232889111619
189454618416
118923164935
196840882941
264065030721
210282110760
147596086361
350830076400
143678138527
215771064416
205099048491
223827643408
175284803693
170449453124
146105426354
142183718703
201560906545
204051508717
228483312327
239022948274
215775160322
170002897469
211029516178
237114074514
194565059247
229432971999
221312608825
207138927283
205251031314
237299164724
246774310460
128998264831
202393652905
194130331720
141394460886
126079524213
198260907242
212253214543
185517541998
165761593107
134859876619
193229664158
221833805804
124970575926
129340235258
191308438742
217770793110
231353791769
253527366797
135811446440
214444597601
227797082445
188827639128
228186241657
190051855605
200634313328
189123906095
125693126943
174697473102
197154812006
170228070867
137073198300
205333867463
168427493690
214526781128
214766350328
213209663671
201150210102
225707260844
187000202803
231497719109
237165629708
210574968149
202506266916
121809848676
170174775535
130053022320
196249033258
231111913990
149603817230
199928295775
186966961643
190301894516
400677074515
214307239760
215912613725
129774043645
245256544944
202512515703
220895599085
148819841714
189775809148
126801141123
288379544803
196124610815
184261477874
246940695598
246662869359
209182242475
149054185330
192294472114
140669056167
131112768612
133548702670
120093606329
142206075576
214908044182
221407073219
214245446491
189931786290
170421107862
223378028575
118631232657
189512721480
122421003668
183091824522
304760933564
131240672270
184992066865
170330916839
193179210640
117962423969
250100837288
193906508795
122098048640
209772796240
220962291461
239551109370
206198480023
264856685321
193223741109
288635917518
197543238631
217262932438
199596321527
305098689779
230570119728
222033232561
231137387162
128414462760
171188821340
194086907202
251087608322
205666566595
136044950366
199458153356
189671152535
215668946291
198486609506
215292805164
122464501027
126210699643
125184607703
171447016459
195577018919
261097136179
218978978380
176761392097
202446356200
247420975071
123012083795
214029750923
230747513402
236165870343
125352686474
194554928232
137555977689
163239928414
209288685447
192808081087
115890749007
206683893845
222303582084
135224610551
197537566606
229757192175
213947172568
148343660438
212502474116
191361808838
158390476062
216806894909
130695380574
244278301441
189095822463
198829673907
206899610567
141323235791
175127837723
207057376922
150211801313
129416704469
196311375311
214598314804
188899000233
188316299619
446253261603
207936919925
206632044128
147170180679
234320457563
145224605414
124426799989
200542623127
172805440752
204184562987
166146446759
206398164164
228956864789
189649530980
237128392995
142693638132
203806753210
201709946833
203369352103
193622417249
118593377829
182493079102
189972352486
222226954151
187588308573
215553241534
170315182789
207271435253
162112453461
174974458729
237965276320
177120664332
216913440791
136976785283
230046588297
119725890904
289399431344
189373647556
212619829783
205394422958
126731030237
115645647529
219216187204
205414962735
196807895503
226429175660
186059516904
131913355449
189448435690
229219265275
212666413768
195996318132
213207877259
229505849068
231000195803
171965698906
123468800768
206404459367
150417183857
216938968099
124578237448
219180851999
195563342379
197921097580
202506153849
220736175394
232153912321
190586326915
213748263405
193009795425
215680668097
114586377981
136166495754
135631793533
130716513893
228972155355
189935170648
218260220986
182473967863
405845113686
130655728294
214015555646
218043257590
248776775757
212969885808
197502731911
244150599796
191930492689
220455237207
174859299978
130999758531
209587543171
133173899403
210329175417
189413054246
193831211705
161008327358
115851083368
212975203208
231126301113
188292466009
211308348782
197722993193
132834651754
206568923832
128582257963
236050576428
193839674874
124438834882
193584299050
201861862551
218086509444
190600160472
254134373037
191158945509
244758349854
209367040688
185603468084
209191780547
151022446706
143123436155
122887974094
167787294612
198749348714
207142131610
207927688018
206050689984
119121440608
129460396599
191563015596
197118313054
218058829906
132183784089
128149123116
202106900096
204299948535
204866745312
220275741137
158614154413
132035598612
209247693435
186588040700
207335069071
221727052424
204081343714
206666738911
192113178881
229323479682
227813358880
146562434433
115256532092
226523926160
207124770043
211182572649
164620538358
229583370277
241356313947
222820029783
128506453440
199281336499
253265652217
204075639188
207694470236
222854941398
215015370051
200165374180
228135721702
226353023184
149816586735
222350327298
212629709702
225171708540
199480704960
237900378680
231585589585
196875033735
212651619620
173197162140
228743277535
189024349641
140809500791
146729973850
129740274464
200925553986
129754227504
214896533482
231037894402
225214806823
204334791549
195776078116
267792138634
207604612555
205959198687
149491096406
242827074111
183769055100
198520204009
155380278205
202505454238
146119664785
142499133259
169023551879
174709915705
207150772983
116859978973
193914098917
289682430588
202172331038
189322913578
215684261944
127851721589
193566358673
204210124228
182365855547
195440474083
183798997163
180225114943
207348074370
156207719754
215630418127
267644112207
197095825354
119149994728
134186263135
206298626549
236287850491
144298738126
251356570663
134109353374
125128766227
122029624919
207915795601
220278562514
287727026887
202462966175
214507763975
199348800740
232401948970
205378458846
135060812637
377127937272
203267516790
211801926936
132484529186
227977915665
202249845079
194601492459
120145168938
214564737998
202505983860
194806116672
228956847894
185552154258
187463481272
199432039543
164258030663
228119701698
174718977957
226504770735
203927142048
137083893617
212975400396
238363576735
206410158083
201791676509
214015025149
222044847654
195368884320
166099125319
168615925588
252228222132
206693460020
142073621341
195741369327
197445408918
174997136786
200329788694
188251173316
199013200412
133143056899
113893909064
141121447877
320070288834
120514585136
224399273685
208537501661
194079629453
207923719023
167969624926
207772686015
205505761271
199411423121
219743238241
126102154887
121609421468
192092682005
233621481614
128195887072
212316159221
222602467981
136059696398
214073289827
227913439204
223370150677
244125764900
219775436279
203146791224
249898393810
234610525616
188701065236
195903836879
216933624063
185636911144
122119511630
217088040320
225180704478
224170340681
245222508622
210509019971
130634992564
142750759757
198932028590
181470372695
197759148750
290294512491
135261163573
402665497467
261757981172
189082359732
396405818811
186692277007
199107687665
223100713038
258047627418
136477141595
136970638903
200604302354
203269939229
195830987985
195608180573
194850182722
230556744942
184457691901
122234044761
286736335609
185044284904
172276261186
125368967729
187318734175
212036990587
131020588030
210481543276
217984384684
136156703524
218385486476
127315520623
115844107204
226033535094
135224505045
236383682773
197528010693
122276138410
122286782036
189578330231
227907436998
221258134701
228102903655
148261458021
187807272970
231735455763
215435818162
209003018753
214519252055
225359276656
212873082861
221330087463
192287168476
210479702449
134080834930
207778829250
189753721086
237945989190
268833105504
214581477380
203301731958
252187385583
184984978224
122108891543
202716036314
141386714081
122403243428
197236350657
260486049657
120452327124
129744036638
200282367280
184554757014
131612651821
228699976686
212236941982
131692449021
186411168229
237188428708
189912236264
113860278404
200197581301
257301026094
212628894982
128791142861
215984285316
252060297570
191610536330
119101852769
232902920333
218313306591
195570418803
252414943374
192734579518
129475922706
231491270432
204015638910
198182105899
203037936561
119081879622
233509250550
196635114787
173291827573
196292165100
194400785810
175405087821
125283916568
213190697135
207288957284
220056065161
238554818249
204333591642
252393532786
117482753208
219243768476
233579142242
299667805616
218416076481
176620550312
212032607357
199956961927
256499109924
229651711993
228770384117
196032634076
209382819154
192667003401
189942015664
202776413639
247164147034
127029879682
198709487351
163182874622
230149320603
338465007887
140167829158
229077811735
215385951725
202955270979
231134451701
237375282486
231794359578
125348714345
190595584533
207472911244
235222032430
124428035809
274132072374
152508862903
221490446043
127717932045
189958034379
190153375120
220531261271
220261498114
230650834380
237980805836
144325412968
197265121385
239502509835
132225309221
201729513792
198835646246
193694058105
198717770124
209238282264
189199120564
190375705971
199942632804
213574621113
221532203552
193732055712
206790374018
202652030863
206585814340
240921558869
187727868811
184944290987
229524270710
218648759486
216388750486
176872891659
197900709623
219032299622
200157684117
218050052588
192724550060
207583299561
127892691521
200530009109
213192274385
211161156137
114479807038
174756486349
210364405477
125262322517
132133332150
129713099641
135780915388
218552519013
191053713553
193478339665
198998099521
209324661087
110463282427
200695296890
203296654715
225732018268
207115804640
204586191202
397992035571
204334988443
219234616060
129707442268
166335657367
205800725018
183708692624
206852625084
218294008418
202732714753
199282179283
165723281348
180078373393
210870942355
201503083451
216829623928
245359750356
207132825395
202191830467
205508929665
194336683137
120684246238
239011514920
246378430869
140893339154
144548402777
206268544743
223326025522
133515131343
196519767730
201725225985
226944181322
161018351597
190469449449
127743299913
215461731543
130130979246
121100298753
175065389429
243135214975
193011806611
190991075121
230446244495
210706722763
236449660437
176717516355
118927563739
250730246719
123821784949
128555947492
264032856247
231640785720
189076523085
125589087471
122503769684
164245402123
198207439743
194854121328
203262885273
192445562359
200836075784
355214513034
117425529913
171978035521
147418595129
135301448026
191501735640
281723609011
228945927517
203193156822
230907347695
198804669966
225676099064
207880244873
198753106775
136498982478
201751238000
212402192588
237983604450
207763393961
201112635355
136242219428
156892656016
235240215830
174492745946
230690725975
129888380489
238858440040
117473141329
188424158048
176166137923
170062495459
194025846444
257933782671
206964776680
189375729568
263150175529
192718559190
202537059918
128362731258
227121100620
247684769543
224173736367
202203539797
166976319672
268434634576
236060630772
239208331356
216798478561
221318697939
183108100916
136984071815
129716875452
172799150899
212263243841
229523315455
220387466031
254159532280
212662742835
210913174387
219230267319
198482301864
193110396838
252424161490
220478691976
202923218045
207719850392
150388774950
193453014691
125241370116
202183461455
211396157313
134870346257
203277616075
132497852499
129434775066
199986437701
130090354936
140170517654
410450040568
205414682240
265329915713
195993453741
219393995492
197143607950
230949083569
170160647584
231280144742
218207763325
189647860529
194835148190
127755128870
116813052021
141929647362
226704075628
215977202379
132795397419
181371484217
237742117554
136977147565
222414182970
217316971180
214283001137
189834450398
191770664999
169870145525
133911067697
231113515097
194592157278
251317675393
203793951110
143022416962
198150617079
206275400265
133817376355
171323096328
219083778766
203759927130
249699329950
186707852657
254625680844
170027074525
203797130026
180974045460
198799771655
215451865026
214015387440
136974295590
176268297894
207624686606
190039462975
193048572403
217501470322
204332212390
253171642156
238553229045
189860300327
201923260088
218960072910
218254730676
204472385841
180318142146
223998141283
134249322635
219162109628
131863510673
223895157744
254121240918
124436996928
216862545444
125892153658
214273895879
135215646880
220863402821
209283754206
225329154560
211149871125
180112595871
252409610173
206381750469
126166846038
225684949845
127614820606
218240248663
225381254341
135873064242
255372540826
204329731327
227914215218
207017526819
137287454275
220322408815
176477355472
216844313212
233570124212
201200010515
231646142212
193791487819
133047587462
127156028521
201232726980
116843522725
191860711060
173241574353
134390383898
235190417916
226593579503
189401883456
215660116430
211782535603
244876710581
263056195939
234780418343
226481775132
233940251326
223352003211
283734654148
151524927620
194574176423
150040445921
182635988731
228153026543
189100402606
192671523725
202029509107
199726556548
272570356520
295463364470
191848534260
134025024013
134101853368
207809589739
237378237987
266131927393
226725855722
122035107677
424851197176
127633489542
270128806089
156994410766
140171171256
128578303754
220820361283
213579802625
192986669204
132401181657
197484594234
121638388081
229601128170
216209947892
192727402489
136975043285
135627888298
236031833714
192757716502
220288459156
189135984968
194125833237
122314216841
204546318332
210341306259
122275818233
252731483840
166768387087
187758825229
204442223359
154284049488
145369991745
204560854062
146995589282
177138081643
137065018325
225886288040
241149477122
205043029977
229658114898
216605763691
232671655643
140154297017
212871702592
197874619601
212589810829
244106610837
204057153371
129054373635
140169700527
128563044242
198800315331
215494548338
258276960022
229237968025
116193492506
137841782093
204483066028
211006987670
209178058177
198800845311
207667294955
287713592660
180330452184
197499033217
208639220047
193388922727
312412996827
188891268156
126213842745
150432764575
214236344487
217383297680
198306062750
148292452261
165636895704
131062386505
201096846070
206871165365
189905839730
134469076217
189766921536
130043530746
211596350411
196426764942
107626786003
156882482198
210003894980
228114045342
212183858731
177005691024
193275382411
297626639551
203268352413
144527279265
231778907989
193049858468
229525275090
225885103716
234324447889
132395612332
204034699651
168543484507
119176971351
195588879184
216910488616
212236723765
187860070255
126215730615
197565646955
229276068068
237296177139
132429778152
185524134009
190445482115
192948503629
234340853915
244452705535
191794651351
230186288122
190582655437
170514648189
125764371642
204632621829
153439621258
121145914816
228250085464
194702646473
207143303306
205678070640
166217530323
197810537890
203484043812
229953121313
236446021039
225095026350
194193950974
168406173382
244497316527
132042591038
217507383554
118606432346
136978822576
214607114488
202898526696
232095971868
174967029222
202422705976
234162116671
258458471312
237323519763
129788105086
216745695955
124876696085
230071670461
176866391828
234670392004
175153886145
441148477907
143077934845
194132183683
234418369649
202972872679
195662898490
225326684655
182610683916
190620327975
129303230690
207142704908
204031063759
181413483170
120095077173
199062425507
120104038230
220045852242
204098673077
142112818681
193331737545
212967286446
212842862596
204511542336
242933952833
272934434379
187562308384
116962505345
130606712086
235984364063
213641665016
230847410555
176605767522
132230732278
193638862144
191747221139
161487110985
197111409136
220248550729
198798881794
131645819338
187816731906
204180773622
214558620415
212658371949
142642019476
120100301519
167850074174
253491230775
230475535132
202570936662
237830575568
116521138386
212601544050
189371003295
243833861592
128633116190
204333062985
216927738288
252435873759
254469514428
205399061325
208670549233
229732820895
205231381585
204330558248
197519488245
206105938872
123273524954
225186993321
212659739424
170381179915
226889035989
214534654275
263811983587
187564330140
114120121638
211561859040
221430940795
122199701777
220365746154
130637713047
200962435580
229263152803
124436130287
228623956159
217367982985
231609011480
247388547926
155484159556
216838011561
136615420873
227271059306
169879175143
177229720391
233856930974
196490378706
191713801186
204478469371
208814923271
120094206207
197224066040
219577011151
216955473900
128592405968
123799086544
145514240610
244577770988
216760590990
129431040007
232207212205
129781375587
194721466158
191779281084
194582219576
121841314488
196008498511
157058994577
252313331999
143253708418
125952542453
225413844704
184317199594
204066471949
235106740188
207212105235
193753497952
208217008550
143989775169
172646122001
273610821867
212312176092
133701549975
254105171346
232863435453
221997867410
204044799076
219303834316
125166832882
190423034927
227790415167
220848323424
140983960198
203218301621
200013978607
170932118737
207907638195
214478447012
230700289412
193010240421
181567586844
195598263492
244250559202
214748854398
205722407226
145417848931
218068313509
244225810218
128441140857
232247074721
218366076879
194069345703
129990155590
216938054240
193700411270
192661818572
204632030772
202437765415
169921390291
184892400654
219341936852
194855388786
252395048437
208267957632
182968056008
356171209661
215735729892
253882263224
188164122663
214439353211
194765056907
226547280408
125195354124
191537289371
195549462822
226867939665
230182618782
201732946518
118992645535
231151538989
143187864640
206482981571
204346838447
226627674135
202638108181
228108435549
129706792251
223282812145
226304983900
207103878038
229526745861
192499576422
213135670458
133148826435
209859509424
205798520430
232503491204
220830965071
173314358559
213011645724
132997871771
232748426371
207934299887
189268381152
143070449273
223289310543
168847926312
169996782936
249201130963
195581021767
205650234991
236673587423
191842849828
191808370543
202197984472
203008834310
212575161469
225598192862
200032919479
205141689471
111663506781
205336552567
194837120495
220467226522
190509529119
196235672630
183112044145
114062896699
193374379215
215819726503
129404144172
256781075852
229512180718
258963677309
229368937829
184315776184
126210413012
205473782793
189188882305
239449444064
237051514945
133027152207
211582120363
219296152204
183736562850
186760169384
136308169091
198343962783
233425211314
140124703779
128547036495
109207409488
188601899016
270542188439
245096515391
246968372508
189371438106
196537738739
220008401283
136980084971
226230686381
211795183104
194831573775
204880654837
136499554111
203960557575
182522326985
204457231535
170439025419
208060911361
209447804928
125158075039
127628688207
225096553294
198947537446
136498265349
193562065954
224948478988
254124983884
204628466326
242604436714
225480238934
218122850334
132066466404
199633721716
199315601046
244300123130
121657236786
204315359536
118966747355
170433673861
214103479906
199015678636
129776821237
185052726746
202023373684
244311619380
201670907735
226442909646
227845920471
159907364183
183799371075
216929921266
125189679821
216748925652
247298644005
210115997708
260788937570
202170601768
225704035236
122519187860
205637061885
192889836719
128816644664
117479444519
193852004077
226550102602
200858932026
198800440558
219678254983
204633864389
180906428846
131174593391
183762870563
133660654893
207751523684
202377567618
136498413901
170372580469
219936149799
209352613249
175080876959
135223893674
225145726966
194127820143
127730611211
125227435558
210403847186
237275982912
182465965302
137441310848
245002676777
209832326291
209680149069
211771567724
136048236049
204493095706
191206220222
187777515412
122932264468
115967807810
183095399111
238563203025
127111100297
182483576704
205356973314
243439125701
180341821667
225716876370
231171864050
446035316616
222559911926
174168414955
228865088954
244900187103
236251044901
262069265684
209628786401
186779501240
193263567441
179506680084
209366891816
210308060184
214562236912
212264036475
243933045953
131563855558
185041670483
204124358346
241099629874
191671715232
206443863861
216850825598
203328901147
231454103877
225296796628
207027603889
263540438914
197568718497
216851320571
143337220227
209387948708
227398690609
202192730687
137488671698
258298041388
213325894830
163552655635
121143701800
205502694682
189873288422
231703061504
228961143085
204638863488
170045616830
195535072629
223218626899
205578520887
210544207943
258242076911
163494365234
128670751024
188074870025
244175463861
189353089643
199403809496
199121762214
227074514593
131078099509
132106540236
286249208121
225030625598
182413570225
230395214489
201694479324
219352021552
127658681885
189739351803
216958502580
133507802688
224220263800
190361511622
220216207374
189039623068
221214561097
220281397789
153228151813
166592342196
200055777208
199743092121
163742564257
197191032309
209374138708
220980490606
200019677749
214252230893
193032864140
204335633713
206776628090
240916116972
194220943329
176322148467
131990877245
241249947316
231147364555
258384578348
164459762387
228758361846
191529593288
190636400960
134228362598
219334778572
202832805480
186734180514
225750674623
195041080712
210683359019
225486666758
199907049656
204571499853
225019869764
214247288384
203346729368
218727211834
121052009408
206425074714
113805260398
225887780616
188537156547
209193361469
208184636525
165639505664
249491536811
118568075549
130095093550
156951322918
189084808969
135841314403
136626268310
235118279670
198707409145
133215389133
198179208392
212283725397
189662977338
168472412795
224121001544
129954260229
216844802974
130088556234
224393008494
195618392059
150947995926
217022742851
223869148005
214238359394
233789749523
191117897072
449712878004
211236775892
233318908733
187787605747
180431891089
145056889033
240177892984
185526654223
198799405151
216832688357
161069688854
253659350884
240903265465
202933439202
214443344101
222833122982
150428371918
131541971308
126584147484
185053750045
190008545527
267965816922
225165345340
226290609035
143264273285
201840990320
157547794163
194102021685
214329434132
182445185849
212085889142
216819598040
355554549900
244622744320
115729302844
285854973168
263373630118
210611890222
113057060291
225381210445
131895658408
227313128180
190436645562
237249343950
203258579453
204930060645
243597217910
205081172285
184519726012
197288847906
122091385107
142953436586
189320478780
211349235637
218804829003
228186627402
122738099304
214742577208
175900233984
114401917839
124043563548
222072461235
130927612909
264772572337
182898077687
234400804419
131084597194
264017994202
245919770007
127186754282
143251915114
247598688541
205538488625
200488947212
237342500125
200588226325
194531768158
202653959817
228011539863
230168606481
136980564991
199140414557
180191635317
204551423075
225501208319
188424159477
128796866052
198603643788
122147077666
274931701190
224148095373
192703551603
202299771455
190102263824
207941353275
136498967591
193925690614
205903048793
187738459046
203415134405
183473285243
192737439682
215744928857
202064354036
126251287093
119591856608
219464691531
226503176758
115626923944
125439400072
147725893492
204570359962
173712559609
220918227917
188177752005
128903253483
188016548324
248061296813
118374270489
228956728589
164259395524
175186590679
229133494215
237770067458
174799963379
172121288972
189898764230
211272771487
134430774166
170084118761
133211009138
208375578106
170443005128
200894770881
254031849941
134714122238
192053669115
189658976002
143967965134
218593858575
244377842619
183789849043
255868904397
200523813289
203026233998
133109702210
184836274204
128560751655
225365778107
446132581410
132847933793
201040908715
217581607721
200490494011
184315293544
231495985612
170219146115
191483195225
126174886785
130024327556
212101785715
203990952096
226385782224
220987054267
132872128233
170992339517
121743040534
181020144091
214241002889
234752506389
185039720599
196505014877
189374434997
202679029135
211003141021
204606983415
233487532414
226842332083
207636258758
240342398240
132374336650
119764048032
121141910802
230560863038
175105012227
212494447430
143242854761
189330064600
149992261431
200381862612
228964343806
189277169592
212015878744
266588404311
182272591469
257719422674
199530796935
229774463817
221663086972
204262814594
134018206829
134487418894
122164250429
185490289016
198299521046
200365402882
115810002588
205913012001
123333372471
124431877557
185042474703
222606710465
211785449245
193866398144
135666647648
231879739718
136973520407
194370329575
238126760149
181492371717
125207026583
131601934314
221408579367
207942936164
192035729763
207142883473
168385075024
230672586089
130625873355
208421184313
192828659261
218024703643
195539427650
212209310365
130747598170
229369993516
205620153742
170207511029
117615984743
199021739802
167733452379
214719310060
251167058130
224704733898
204400117307
223514931281
205407699818
142030763683
226300833624
167113733352
188442977743
122072498085
231520177029
226276116149
218244504130
205501224595
185481856230
133598796422
144058719503
170440807586
245187233864
130955842533
216895714944
197243114912
229766980909
170450106345
206949201417
185040876436
252393090910
143268369462
144234031748
136988151545
249241090819
219278654142
215724177196
194361080544
225139284593
186735219303
225961336653
114191302668
218285651098
198756736889
228663638304
219882913497
209194916710
189120561861
218378002564
241174209490
228190667915
189445195686
127609082803
126068855595
209300571148
274638451557
251539330303
222031979022
192799399348
190855318344
156855796792
235251342146
161250216346
200516486176
184528381683
209763170163
217396043206
200927413954
209197995648
124417510637
213082656581
220770030895
192743726720
219752501184
127306632949
121612015055
199900497801
165972244034
188907829255
126635503126
135948127387
215718041995
124260456272
170125964195
213681615559
182648092424
199865437885
204147406417
204255111563
244330301986
194364952294
212895542957
116869921899
193113531505
214636264824
141254832518
213806253398
289355737419
220654131357
195433152781
119090974380
185874143393
127682661601
209208590005
168447757470
188661564452
200334433208
207031664818
142662372400
189181519301
211125974678
200517504496
234636754494
182552104159
229038532697
205531973880
165697533084
249837378076
126370302837
203675616702
167492174066
163130458586
225788374335
404618645986
206908001042
207221195931
135836758853
128529713649
212947481967
189810806478
135681821686
231772377870
151974045747
126176521144
115400442665
208107429047
227458090239
335260648415
134161938365
231260042478
205613132170
185627322516
196353301558
129480871905
184319122368
212628527915
200716459735
215917436534
122012765004
238974069044
228956682610
219381601894
129448180834
234974525873
238549990672
231670477344
200754499021
131872071682
205413480718
184524138716
193509638228
205569463768
214758854629
186443105945
267512705891
128254147914
204570682018
228372720204
133709725468
206986658976
124977817065
202013541260
186463215162
198828827831
131732520814
120092168315
144602097799
148228246427
199701894540
141455740116
214206926627
237989557529
212237628587
202566602744
230422098170
133086207674
206930526694
204248501550
267479142654
130561761763
139721303476
262968898755
231596687288
172796809158
194114409579
165695741855
225394809481
225916565890
120136897508
197828574233
225218424702
255274926877
229369526406
183537273781
207136037359
211080190196
200512592893
188603149418
198272413953
219267305250
200143009368
194796082080
232682356113
181452534669
208327313092
133170089020
130082921587
135235743421
128806656375
128797973922
190458133937
235433681065
212638180003
212973581319
205327074314
189227407883
238834898915
227178333653
122276365295
207458574552
127600840444
131667337247
141378697275
204095476724
135168925447
246991572497
228448874758
146042457246
237939634431
131208480899
135371589191
134616443979
198233161928
214517548863
196501544518
232713173375
219439355393
189061832214
167778290632
202383865233
214402478620
194396131217
156990157225
196907555855
135937761195
117589288429
143227906283
277850013569
132015590305
162473042426
289049875660
196403480615
212968177624
252932365287
122181474194
209041720934
228300799074
192097237517
195990575437
191571639086
215403623185
128544456355
215922964252
201430126865
210591796680
244673913026
206006055064
210448708131
210571941418
131030756973
226399320682
226883020947
238535135175
414997887491
187432634368
187816404615
201775942549
231766490477
128974685375
126712144302
199607474784
188382797831
205492712004
207935951265
200699392985
255357750063
200494600970
208348791661
119005749071
166031382943
132532770860
117680085359
119815204348
200550306473
214254621159
206394003334
258518053899
211799318350
124440666913
204631203477
231785671616
225368787835
117415611999
213528932356
229519638100
193091220862
290730184748
136464553797
183797767215
193299379562
269147111204
131826862341
129770341752
212874594284
206892890645
117568523167
170270275259
207931078752
171803868900
204131921772
217461642835
122275768764
186668289351
126197845232
220271763970
204789012739
197524036279
211773171397
206377681472
174286292517
121861230656
201235036673
228847685647
178945210008
240318552593
215137547963
205798298838
137092707516
237242328987
133159937213
207925586891
215729367210
119923378349
403666844604
227202422065
225631933740
123303257818
201735741737
200436298185
162017280232
183711261448
249180684901
164276519666
157026706446
176905643857
237987926773
124901835844
223335753967
197753124934
175219619101
155385296871
124620676815
204326667602
166748796285
198733692132
221713871724
260541208922
240496359892
364531755739
198772006511
209823766211
176969618477
203635794198
206386874309
203775409544
126044466658
175121771209
193543094799
142519573459
213471482555
221338325517
126320998070
228781490127
234462927326
118497775870
213169829827
135932561119
200934942345
191652750805
191692946943
291886189975
203172581702
135178927295
249193602193
231683865412
130646980529
226807599494
126115319482
226792253793
192065932271
199100195469
169137662031
120113267445
150272030269
127676254735
193044429381
212377343792
225195418097
264223546048
133107824017
194358882571
115384905708
206041003617
229346610055
200253260002
355097598022
135675210519
204583185295
219692928806
222189965419
208413212755
208415273960
226254677523
214781869337
213552781685
128812201987
214210614472
208232994532
185467610130
142089686672
122653725182
120885417335
250769830442
217558409304
236864918071
221616740795
233494812555
197163320203
241133206077
233881452888
197482115781
244865502633
162973560129
122532937219
213119542152
170667139834
124898743103
136461249762
230687430975
211730327225
229779862564
186543036991
204602981715
197135875873
134447201007
202949376556
210336210178
201473305532
117460114564
119512289009
243270415843
144677300924
123186971401
187855055130
214711125417
206656235652
189294252737
197736333553
193063271607
230962191446
233458296013
236576272666
220250130103
156904542386
176627921711
255475894952
212858551990
258268415894
132761078345
222607371405
209196196096
214523113317
216917793822
136176019401
210353125473
230606910964
203547242994
122436685359
206828746640
242628249887
131222125308
210086846635
165083909843
146022365451
271089979957
169812497529
141041703207
128992222639
176617977705
212630549660
247173754952
222804305033
209221253961
222509111954
205656638383
149873682936
218064656558
258413614505
214542528057
196458942016
199591899667
225874802117
179322397375
118659423439
228956792425
138514616947
218854178263
219791507747
214290480590
186383552720
144006294259
194144688168
217734534859
427643405460
206674203814
214869584277
131904231946
214222187314
232302932764
205359754248
237268947882
183142693712
302494799759
204039477424
134420409313
128549363938
211189339521
183148109711
202425405808
205549574962
202490920882
134257193682
219271987085
126217837071
167622153108
198195508676
212977435688
225883826609
221314489626
117432297101
155378614003
219344335725
225540161091
206050085717
263983835213
212071508740
193548227009
202117268372
205285793334
211004632192
192104826536
205708654032
119238323215
219397632537
183265466415
174839458227
254146098156
186453639093
182135350169
234422933726
143074048797
231523782608
131054325301
229715173080
160890320375
209394570033
228966915624
194177515244
185863395148
120106979255
210469727665
167651687159
231655223602
141516838764
217433367083
225381356160
244182104129
203441792514
250961873468
185011837161
136971725345
212771880182
225611569215
232541485119
191866693276
226532983558
175147617015
185047690318
225375653647
189105506187
134323439550
198533216821
123234176448
195637448975
161090014238
205646674248
133079915545
157894350333
232421989377
230226755666
233564673322
194833651946
204554994052
167790144489
211281114667
129684351433
117226564530
190489111651
198875759361
192102207592
195807139161
224549153855
126204408173
225504357222
217127181291
121666458953
147415475646
206738002269
189991503327
188103073147
124514755973
156910925205
227237233616
230697614793
198937753874
193050807156
204746064422
218261959736
236616531803
212088283800
121790056045
197881590070
167161533838
128369129250
151637586155
224913280839
209250688764
265585005940
211002268513
265205047189
213757070358
132236493086
146904868198
189613111344
233378796337
124593616894
239893411676
135534096417
198122906158
216001627291
145686120020
230674973742
186926644563
214781091647
143265721474
201620117043
197076990360
265937607833
136998965743
206253506364
254062349133
189306039984
198510531270
119051625075
193500872379
126103415062
127652465227
207297772260
254154326519
156847488599
224977563630
323212790101
184600371404
121926881787
116797540503
254331149935
208654014508
244492984739
196070463314
211201646685
227915331383
205967336728
225668888669
206153466774
129485847862
254047910583
177893803375
121414036536
190501941448
165715117547
182104339964
193342799397
226208273479
229369665429
123054831517
227248492147
220792660048
128916117804
121880605877
221318258033
205384612066
197845401506
269650729575
156507749522
211171662532
226199022217
226795777667
199023695508
201404613233
186295770484
205615661364
115790617006
235316485244
205500583601
129454508566
187724228224
229359409416
214194372557
242406838709
218986666054
239568516622
196826489339
263724128013
161192967633
190204411786
147801208837
207184759790
203273838853
230337317587
202477244804
209366001918
246793792403
128322839255
266734996970
195406072219
355370778280
123675598162
113930933836
208844479284
232375585914
197207797369
192753637154
215864516399
229846597699
187814152349
221991080461
202406045935
134639894874
212132418381
204336232385
216817348519
222030268726
191589072830
244154384877
197720272588
226415143536
214783586169
123735432964
134113183117
208193924855
217474429046
194952275383
219412560913
227939128707
194366129151
228125566270
207930203252
205370648574
135080693718
199621043313
230945507431
203984666644
190609050642
202649414862
136017886679
196082139455
183445122410
242554690518
207938107663
132967339744
117497507324
129008506837
137791221861
130611085823
142851295356
198127952443
202577161386
148169101201
217188210997
164843147696
187043537065
189763639463
211982369552
221382977920
127924740181
119024072286
251993185691
189240703510
214015190985
184316288501
205365161948
129358857597
239042988220
131463171499
185239933605
208018902114
182986186189
211295510987
129784429413
209938703742
202505901812
118852953846
202693611709
252453108462
271205868479
206807125327
205280350321
235272638727
204869172022
125177521134
264047259988
145872294982
137751276398
232691097895
212907432760
128397198601
166085477329
274184129668
211142698053
245287746495
194690380641
225471977357
221356455787
200955592446
221110331756
250173484194
244643154358
240143558620
148560414687
144858174286
166301010315
131966141764
250132398341
243953877095
210301417107
209311166495
216854452233
221353637634
192889640641
205799091314
126773665058
207766221330
155376464603
134372182459
398519547648
132145598373
132976987412
211260002741
193896468944
217591810511
234583383760
207009182353
231493138844
243745365856
177127357145
122133677080
247018823286
134536434344
204904307373
228972914192
162878397890
237035876224
212760289035
168417330786
218218228544
236606238989
226799843406
133188901450
209075099762
253768492799
204566359635
288845882065
169213354049
254149615766
188635434494
228117781730
198713978511
208427225096
185126235565
202505560370
187103827515
218330294332
229306359875
191623241883
223057162985
189419903263
200525575444
129530581914
189067832759
214616745074
208116854205
182693689581
210633157715
169623491822
189041264463
177117147690
218883871089
204905798821
228410156979
176982493816
267366973614
147991972915
213781079680
120319161296
194846210195
190408168138
221885635664
199776123013
235963658654
202656203171
134046760035
181787423043
202188105189
199238737145
128228827461
204059631136
220585179574
194363422476
404070174194
191855555006
231980862267
198773406352
178027702510
192632457149
214246849721
213059963644
141501435330
145121040401
135865600952
226017586781
198869584937
128810579606
194585995240
135897688526
207659933150
128832965191
118637947068
221307737617
188559916198
176557764853
147362406046
233726981958
168560865614
122567188975
193348693977
215765932325
192699393711
174025248012
127768796027
208487577306
212625961352
122873881268
175096109652
244095713461
132280176304
222938562923
191220238922
136064551418
236551888911
204230706533
185993609184
212698405839
202495133692
207158187555
141697876183
126980712140
187706413873
234351684275
255490785245
175112722561
144483800905
244090254342
220972796039
202032011692
235991226237
114050412719
206860083392
231071007163
176626186889
136434520520
229465639184
135319228909
165983803218
220062119900
210795554921
200149366944
121486034313
200732442863
115101270129
202506359961
195872176328
198960800580
129710620063
217609774382
134060096650
261001579320
196428870056
236805891574
243788270988
196700091116
121700548772
119138410240
214771148318
212617072778
136022256436
231642223742
205411800355
187745253316
171496610492
215469262350
182971824053
189060068523
188530957350
267565436150
137246423481
145291275841
132070605613
231932835738
142143358954
220397208329
189321544966
211656747440
252456065574
142933227757
211776897929
240406226002
123896621242
197554567875
185046205063
170234178870
246945249356
138115913969
222288503801
131082491827
231690649988
170251540316
207159792742
209051085993
225464110965
237289736170
214340691862
190415620596
132405826245
225350706258
199397816314
205842634250
168020231837
214704454862
244787635794
231509907633
179668434654
197662934224
170891626976
251756515847
199227320936
219424742113
356437100574
220503745278
155502263456
178245232566
227631259822
192114825719
114986965893
185357968072
198779252570
202044577499
200668542995
236098897426
204228045930
211089520633
176630865531
194494767288
122114062691
202647985272
150411948302
215919243063
189642946918
204074709663
183795820611
261072709676
138878037044
203760942060
213367113766
212161082578
197453681598
231719750846
143269604676
243662278746
207084542471
230721492849
167570895095
132491931034
136076974503
149973168868
257432125953
128228165778
209268055726
210611166375
130597664548
133262614222
149884266269
124540532037
268457658587
206399743413
124949906446
141063528012
173944861151
156089298315
220087467980
129933391794
119864561211
226325019428
211603549792
119369505529
210557807606
258289720262
126484649973
219113366013
235233117953
236655156436
203779877548
197397454279
146028223894
212879126262
118735232495
115014518750
203398011182
200517053479
183050498624
203598389199
227914752405
188958311363
209020205706
207246851520
222016819618
198725841106
190396530193
197450681160
250236117140
211287099666
131555388269
189057346165
192387601139
211068413893
240608783412
214515385604
229521810434
201062021478
224143158819
192908469021
136141662531
131213098551
189319673715
199974737642
164013444775
137914592586
196600000754
406917776155
212216836793
261210734074
370423932868
252457447630
194781137619
221394114412
123001050519
144873162538
133824778299
205672514092
146130832712
197085805207
211009345247
189007366122
231762866824
192645186214
167768858677
126947153515
214564209727
204893510727
115995887417
214531155939
218597244363
214767036007
209368131048
205594248605
190068926036
144098204667
134253262878
229494937624
292827909119
198629630503
408944161830
188569103579
243475241682
189333647054
197569328481
222194440676
134863714614
237450747927
228908711103
238921507019
192685597985
244869108556
198918607805
170114821093
132398098603
197249324787
446121809686
176801931221
221002402110
204025585280
128940442409
245411096701
255399343060
188115244436
124990289352
184174254413
142950245024
216941057021
174824882822
195099229794
143064089947
195642292932
225310318165
213706184556
237265690405
132200892875
184318247211
231788614844
244235813081
124027555921
228990536374
206771802832
216935466045
310042118485
183607575507
226849409481
185762104374
212056237868
130540338683
129710522928
124430408706
260565325617
193607300597
189385953432
135954281506
197754012791
196463252647
192170037125
189362245965
183921598335
220265171141
204654624984
129441576481
186901067636
136987560757
191966380812
189950156387
204243960105
189769855918
187556282112
193047658212
225210054095
206420186426
200135642488
269336306785
198976939054
118551738088
228776213743
243532122557
188469101484
183722344533
208430072970
211803480765
122826897576
212339913275
191839494936
134218474950
209730636636
172802650347
206876828333
115915107179
220117690905
121194805182
201881455330
130020071032
245727164202
230794644174
244721402303
194601855153
301675501438
238565465828
133091775059
204543830712
193875524243
167661216751
211820819705
184512286061
210269200680
194443589369
210659923729
194282283707
231382671559
140705059770
226282411094
200193885143
207069965672
225569280146
137819125881
131080797310
215941981030
172761640645
184334742565
169986829676
186726127435
260363115077
122546991481
200993583199
211867375029
233548004233
263300708570
186994931262
214428367283
200519477373
192894967031
132089309110
207091975314
208983087336
200518884690
166362596634
287861701415
207109047329
186270101621
224781753176
169779835177
127479173596
213540599920
191298979608
240965165008
191833435870
125256328954
229782856060
218723406884
219057598985
134036242030
196983238618
203756978318
193009139434
222645960220
171718240416
193317013111
215930389040
254114553187
202591411386
136986346394
211694875837
250701753885
220609842232
203825516702
174658138567
205751080766
129426495289
196767479385
176637375044
203831606625
237853087157
134399048415
193998169903
182993653627
194125313175
222206964728
214734032988
237316412627
206821363683
205573933174
188890811973
230240665258
166081750032
228648132235
201455875939
213201120136
232180578631
204570266206
193055103145
242693931668
219347547659
232323016186
134199318281
213685722590
216874346372
186793307500
194838997524
187767462306
202596297489
207909065320
203467330874
264832841307
214982739420
141294995170
219671573365
152076296841
235843899902
199306122415
192721908669
209363487440
225786182603
174787499599
275331951071
241969279021
231143518144
194670217674
244092291965
189765824615
132003485892
234868648184
136045302841
196672661553
136055535632
198850202285
189644475148
128621042924
207934013157
143081470325
184906973802
192620301220
195620469964
240922322538
131281626074
181207697614
129710090955
219268769040
260433300280
219687408392
228188825895
235195071250
446010175561
227280758764
188761039308
130070708376
196867242994
113724519694
125199489721
222331242897
205504009386
225740391778
119688368487
225527890259
189917043960
191526213395
196131933234
228174224628
210765074992
187707203411
222890852944
206951266718
208247397911
198159911919
220882125499
124452185723
120190984421
167498822943
226287558466
235561689895
122557679303
250754413699
118649232954
226234555323
226974744261
206180475098
189194962920
137086777622
258368052445
184063642944
218074003589
167518849558
230330105094
220904497083
148599376942
215311628467
200535493391
212427991954
228796849292
194663609473
204434814034
199889712408
225422068241
226264338003
222280965648
203095675150
196924905781
222882815658
156682374665
211823857336
215761790511
185494986335
193019344501
231741140751
196481546712
276363243515
212627811453
236783832833
209182938373
219269943086
207142326283
128611982724
192772747864
174875916625
226540913531
141352323941
219404845432
145176269720
118105945635
165679901739
225902687202
209188514009
145447077500
197740864630
227898040027
300018044706
230163681383
225692849901
229869451307
221306108554
134834926125
228065334497
135695104637
173551329131
207894382490
225594707680
125024067155
237211802068
244555383500
129727456828
226247348817
198657165580
219440736385
212630403636
212096272890
228283339044
257055343235
181474025097
182977609186
184533820264
207304725693
188972265444
229771096589
123125842090
224024693420
204635363615
224391101435
213256438521
183133035586
201002435228
209992680048
207310194597
222190778938
264137355880
204518262784
355691678172
130119488611
183714989678
134438821616
222812508926
190531952044
232020481732
141315904315
236443056962
223264771889
121980553980
202130684034
135774013608
134859072374
213752935534
229017323989
127395761969
204168486058
225717630275
207949126121
141478758132
123317979461
245631708159
175228744808
213160625680
212862550425
188584804677
225532185931
183076875171
200606549566
215676027028
207013582931
237875646894
125598507497
120022414189
187258489154
132024458552
121825777401
180804193899
213177218681
202395250281
182965908111
203322313911
208288431369
117488131431
202652696683
260332995782
158061232124
227913936717
119310224164
197186124804
193035585605
226788875357
189151486578
197628706206
182679059737
106439623939
258225324092
180153901522
200562051043
194376491880
204571407775
183163687556
191741972530
181803670918
212968838087
242106062702
235072935282
230977231544
138028371305
150836482280
193008922025
205606654760
224392443978
213203326546
122276106007
141171981808
229527787334
181588053234
204010590000
191686649589
287764152534
225230946451
180265138597
147094217274
221478375863
207101622921
115196902712
201365294743
189888733122
158311546740
135438035205
166712714410
206340663120
237323989646
209367539924
150444762983
199575165582
154687115711
129346167392
229536028749
215711236919
209726328420
175532616052
193130738218
227913696380
180530761535
250041082893
198723801591
147035017401
225381196237
211471390377
233283962529
273349755786
194302073692
169958949727
162595312078
238752150939
212082790182
214012690406
224424850481
203977648985
225098313873
223337109471
142053256910
116838235635
200300216200
133102368434
180167730571
199268926407
190338098121
170280947945
188533256012
219505641405
191639112844
134904526881
136972623865
218190857696
178667232432
230362959270
360553396464
250576727741
185691587463
222267805751
121446563814
221184486926
212934475500
244320639443
136082915506
218510635343
176373043653
201699739678
128403223997
176615035343
124612003553
228131712482
204657754251
167772683734
155390726817
203245845245
207937274163
169988778234
243620498590
216848711076
120117526886
109449396898
216752991541
245514760827
122355855183
123484580235
188983315073
216552183014
133705633677
204479069621
194129236747
117707995038
131785217670
210883664706
181693805583
215700856947
200685615010
200500074638
187815811944
246565083113
149901826874
199801432296
128485683675
194039673820
252393957592
180124507218
215901583041
184318605276
132674795441
204904515593
134081504270
208514782147
174817679630
407165058153
204467621782
122375614316
219341266362
207784859913
127666328102
215425603306
119797828667
121140787714
190017610149
236775585692
192783209914
214936266627
198696249774
193760467021
204976343829
203505191787
200652427206
204176659573
231797810887
212075812725
188992781816
212159204385
155541914835
167536658190
199565048029
221414958807
264707489990
198719491715
126998938871
206608940277
119212199025
193957866541
168760316492
122155445020
133373139398
199938934952
122065875248
268552849683
237511725988
233411854747
245060655280
115561287003
195457670341
127646044499
244264969794
163629900886
212645536042
195252553329
204625719362
162817540050
129595415188
445887454323
212962175764
134862656536
220187763849
209175104358
200245477251
229373551556
202335611041
243800526209
210490223063
243074502958
223412617012
221784830124
268448711877
162279635926
207938610086
221402250309
185729970102
184976121343
218646305387
280956652561
205301126856
157340195870
216890365965
219083176361
129162372638
132327598070
155434483110
225495499242
220179359417
182192189455
131418251783
199752033090
241019735887
116779410894
148308116477
209110647173
136978366338
198014683796
204331525394
244873176020
182783283189
221525454009
254008624823
192649790643
252978250885
232638577713
207238198961
170261814571
224128737647
163374441585
210025446216
207500492563
201317612617
123266276163
134406144681
136045106565
220679815273
224353361741
204495169900
130249303663
133023789464
198938801135
126767981887
189343421945
134348539900
182728619877
163075564725
173073830698
318172224034
210597434134
210995284444
205798821688
198706473628
129396093746
196729887034
163973078063
200068377815
205431260877
197566799550
236319774113
226433153377
192725293177
225507555645
226243289501
224138746102
228707883508
141212004085
207918767828
129468075321
191826635789
213998711787
206651177001
182970520038
143438263462
399963295223
192104256654
143273799969
203514938013
205747931920
204046794676
189196702153
175139732487
240919564382
121291982052
195417446683
231578601978
196170329404
216856921082
215910181746
234556882354
195519908464
212030317847
230152205966
197970469175
184317491651
190591467516
125035582729
205161709847
207710920496
220711547665
211665592723
263865963288
293748043727
180625679822
267422132226
224091225755
135223692950
127709365235
189071371318
199338901768
133203204366
140863659425
191084279603
125311988743
133131015979
215455103991
134567628199
211706541432
243699968775
202506617186
201762683333
143008045217
243826378648
229521399093
215438658597
158711307639
186432576790
159209440645
202445942348
204541587185
194747489480
207278288610
143290691967
205035213698
177134775413
207417159736
196048361381
210538363685
213751284833
205258798964
224990466727
188123373270
214839403260
185464677193
143034086224
228754011999
223936891188
215562211489
194633826978
231698132786
212443317144
231643266085
157420954236
121632047640
131090889411
219801674883
174223696663
198598640719
264737391795
184637525143
238800394245
128338270006
228963346716
129327186968
211639368547
188895783037
236642724368
217617786709
230889662945
211213282280
188882897021
225199455583
214244257959
134251090469
182620967386
203912810836
222195952676
131577653639
202457850569
212716858920
214468217066
246904556789
216780809233
220225821539
190247979851
237285158944
192720411858
114172985625
213622118501
228291586890
196018873984
197335758390
219047258527
166117485011
187892462959
236901140034
225374969213
190587774821
207940382751
229157939448
218450316297
145393033584
227678901690
207926500079
197436582976
193923725277
193973876323
193016893024
286389569707
196721191997
195708171543
258506877284
155468968635
196412314114
168333138651
287005708971
210227223596
143268269639
198907920712
216786090263
194880854281
190544984349
136979281983
215720766166
122917512713
192238449622
132900865546
129420742335
199031801157
212189648577
212114039008
246455741042
188265507709
174440398328
201527096883
203502448837
183794717379
226823516175
207142535279
239463192477
230880022995
200133670816
230338420648
207315915308
148880372371
220022553007
218436098648
213214459563
198550353760
181050424156
192096109001
233147897092
229859160919
129006487849
176223592652
234361125535
121824288802
212967706738
127618700441
190691996019
173856611248
205887042082
189289577861
221126203413
204705448935
212976632529
214775868959
134176709309
233980084055
115878854556
202212109666
193806984596
133117608963
141325975793
234794638996
194578274743
240914814722
171535811660
203275051314
137877792902
251270057395
208683139633
210551116854
198967194768
206439291166
222454992993
232488275378
126188861727
244335171299
181753317118
214440666259
141590658841
116042800673
221860238596
197788568168
136000544269
145268450419
193830651176
135521522467
217563589939
264087571725
212633694679
237919466436
124775568547
219288049440
198422154007
189456791332
209702250832
185050285269
184966106415
252484666940
227883422125
205307048806
182704443372
236683861368
219137147381
218665048739
111324478347
204331090937
259583347317
251647267117
225314004075
206353507617
174949195415
231330563990
232699372712
135012430375
211883452535
267480734021
192876170440
197749883221
189178609642
126214313093
222383682052
122076361133
198801889347
128793704635
204115713961
108141838625
134425652826
188547294345
218621333146
240168440029
177158157183
233247457054
202440769582
199376914856
198682870951
142006542022
131948247851
196072759982
226534489755
213646625606
201490333823
207920756098
263991567560
216907982467
240839238328
129422962080
133611563673
137028766547
141346884081
226250785466
119330668000
212629855881
147842046779
122522920922
184539733624
137397444908
155626623543
196062273603
246911207617
132480375997
215360225568
133186606031
119377859470
205549324047
202039029462
195635714324
192862548624
212024022678
212235538106
222216824538
186716593444
210500736381
217248495108
253410670055
176608094510
207934931408
244223382136
206936769547
155607556156
187547269778
204612760170
126682788764
232855675340
151397504518
219369179845
188527147687
113945523255
254139803982
176636035288
182863039480
193089702528
225453122436
135927491918
182088560494
236645182274
227829866842
239538200120
404893742650
252398894806
139798018274
198860391962
196944953448
204502451382
210343925315
239634193554
144152235464
220446484852
252456816571
212971980277
197748771841
207823031343
131220640364
127084382006
200502469706
136709626178
207921487117
344783303054
214566599539
188209762851
214245795358
214556641185
207147636768
189072197551
222919236611
188946752010
183731649714
183796428388
117823022051
184504028800
120158776155
145839270728
194715716587
251416267292
114130997086
122539187317
230532865756
205412535169
216996785934
219343022519
191690582584
197309715360
147924411116
120816608692
194350143406
205410877511
176596203459
198953939345
246836446239
214766148687
225651363190
183595556472
205630464698
226800996791
121944249995
198498338876
202154853284
182976414890
132263731639
214016584659
221398975044
264360523226
151867832278
126391866447
202907284804
140737603693
171693198962
134299767872
171850108919
213723108206
210326661661
222192044689
128728434308
129495840597
175130026291
187611383794
130109956845
191256086720
166131558119
204282941079
219754647389
134418458509
209068184454
124882251276
136929271732
212137840864
438103930227
196030067015
240048074496
122988115915
133710648545
235180518058
175161767366
217168924574
219766695311
161479036822
126225986338
221323899561
229068028949
194504351312
254793698718
231645548188
125321053138
263665691958
244076953363
171779338351
229369127057
197297652153
196161687875
223360209077
204328429384
166856971651
218237314520
183703517664
216930589798
131144949261
198841956871
130079888341
185544839700
128552627601
203829177027
216802552403
202910697379
115044788208
258549196892
132881819984
225711648084
245119079397
145042921870
133933565952
136211324868
213603347133
158046991821
207394988646
230510844712
167459113166
258429322531
209367857637
204520534107
250783823787
124438573636
173902966030
136498667585
147291304097
131207815915
116311896326
239088547757
219608259642
168481347481
219534010323
221980923573
199827152553
189240195056
156870004327
192083428820
123668709862
192584680104
201634883126
172223267045
189101669150
244093457973
116448570955
160829701615
204856085450
232623100825
186343373486
133867070714
118651294047
193954543822
192102868295
152798475986
131342758505
200268994755
170152251007
205315963173
127780132046
225096492575
231824108534
187697165975
215946722189
186763128013
225244919821
202557001458
197550116557
200519062334
237169632925
115164510203
151740023277
177511232694
124442058733
167748485967
137798171198
218016354555
197343479234
148087868094
176634289476
189086423262
268490795877
131625276208
135224710537
214728113325
230254392486
225829844851
195984155795
206911291906
128798536480
206759245024
169992765666
196036008992
240724176275
225767379154
221809667136
212646796482
229603532357
183797276469
130132211291
133448521972
192653349684
126259319222
202648638826
199605191260
212068328510
187541854478
155803131564
227762726118
227859979667
213155504315
126664352574
200475974102
247289090730
115822926755
147784721702
195559835550
202997755909
126903193363
189773248133
208416620475
197475656365
212304429825
136045217338
176796915098
121131149929
449306114962
177149054792
225362122977
212034162701
215216010179
229029210695
176152409001
207066157294
221345627685
161314235017
122275635830
155380856313
135730519830
134760909682
203758335577
202206904735
208412045049
161127817989
188884783580
209366322283
133180839682
229422124400
191886706346
243894103078
129510991859
230335266421
217447949247
129635056607
238950133350
252437987272
196614878434
175767566813
162779181550
206869073055
171829669764
219432075614
199386710581
202163839394
230993404813
202174603336
146373703052
148402805041
191511830428
185837911432
258487791228
208433319221
210939076032
206641135817
135984069087
212090349812
183102759069
248542685734
228205780220
142375201094
194687342799
198088743286
228720283081
135456556570
207078687120
207071986300
195947799530
133122292130
212583575940
136982781199
189145480178
204526511855
146439455918
237009780356
197382945138
189894732966
205605156558
204489769705
211015738814
256251933218
214822541271
223646107129
193249459354
181868625610
143203674215
199999023153
205762933604
196055934885
205927407470
199367235682
225381155612
207273440557
116099266035
183340336471
222818311785
130711526135
136352376604
143500256874
428900030836
132492352262
189485624457
173163792143
133683008191
189101927703
129553685828
137151205402
189432328616
199584900276
220297384152
135216325560
200148795130
161258993489
232588545986
203048544797
234687910074
214884992885
189877104515
177141060433
189868847805
198672532405
165933681672
249175502875
184748607084
218637146486
140959702009
232880236791
194846831205
202840921384
207152945638
238009645103
164266425154
230210940030
195978588321
137280637656
236759549087
164089704041
140763793721
186249376718
210724974795
245577159594
205701778858
211523831909
128805030289
136977652579
203406605290
174741165574
183704137331
238558452659
133321888140
160392861614
129916486597
231209422408
135199586650
222196570825
213200052188
199435511246
190471179552
219062736615
132171901652
204274078699
148771498355
193486027298
197563232488
204444100905
129704156953
193593407482
188516861457
182975553134
134398377083
225094807921
211158829289
447298161832
196058542432
210851220059
445949061065
168496343290
181968220811
258329753084
208424339903
170769649265
409999782589
201542394957
186981728069
212240120821
226069398947
199017647662
239560853874
226418850994
223382971093
125795982848
238488243097
198578721119
199696067168
199464442303
213609384680
228044757763
197593257026
123954340253
246637797186
448767121244
173269583262
220551589736
126086069852
249259059167
222266657021
137825649552
124895316237
180481593009
315491178226
205797513007
121619643116
206712717514
201929208570
118206086987
126270382718
225688798296
