133448589
138767325
141605397
135291965
138048530
136039879
135959150
134332767
134612611
136446470
137067510
129194653
136797003
131934159
135282660
133116028
133983314
137008622
138965308
136505613
137753094
135981458
132936119
137625094
136924756
130240033
137711159
131488666
134731362
132945372
134351279
136678622
133472216
137174586
132443718
139803152
128328979
136107939
134401643
139031890
136559786
142582598
138447962
140149998
139947692
131693644
132594515
136514305
134470473
135537508
134578372
133330491
140698451
128775903
134139330
133393394
136867431
141477580
139513477
132981009
131365538
132553966
139050354
134196718
133477263
137414671
131876613
135200632
129335069
130746780
138875535
133106996
137864647
140134715
141473349
141848503
136494771
141523144
135650547
140221965
138779262
133103422
129775607
142937629
134617581
135855385
137046857
131357574
136422607
137513415
132396850
132814445
135397170
134894257
138692305
140047610
132325214
134821372
131411997
132857384
135130160
137426332
132323320
134307390
136942805
136663371
140344393
128154591
132506859
135708747
141053017
133007162
133556564
134350407
132938932
137075415
136179012
138877302
136293786
134216170
129836018
139551204
135227931
135919045
137151089
138609545
138228982
137293762
138781360
134875088
136480919
143847263
135172007
134702082
137937923
139297948
134109219
131283400
129224360
135414908
141094806
138576382
136536888
136251107
135650117
128220111
140998531
133223934
136912387
134229158
145634165
136254136
137296972
137963056
133490710
136427526
139678548
136222867
144692936
134548706
136629330
141779927
131060574
135410285
132454201
138951785
139131006
133211501
138085038
134467215
136496573
139706412
135373304
137176487
134091459
135087615
138697268
134144304
136676964
137204964
137281820
136366531
134215070
132287925
133176049
133070870
136746798
134232510
142545519
136242798
135136594
139376970
135626973
137726252
138860069
134116886
133004764
134075806
136817111
133457790
130673733
142684278
138411384
142367756
136475378
139520481
138147556
139078132
139933816
132866951
134465620
141948408
134651826
137503095
131537276
134840045
133480968
134541479
137212579
132559844
138923392
133974029
137775115
136479559
145202564
138086585
133895373
133797839
133454777
137193629
136046319
133757201
134879518
135816657
139098938
135308326
132676150
135186766
133991262
130396977
135737932
136945727
134958977
132198222
134420150
139978697
129274091
137874098
131864417
133227413
134210230
132133222
134479479
134451139
138204155
131992899
130063064
135253063
133184694
133475529
137769970
137181723
139034231
133338667
134040976
134952146
132866399
135224577
136237056
131066809
137448923
133342735
140388547
134507589
131644089
142403648
132781256
134465046
130908496
135100027
135745318
129991524
134915738
135043960
130203486
134997201
133188492
132387093
144607786
140129014
138481439
131906092
129455167
136979729
135559553
137013511
132918400
138247873
133948177
137348955
139686360
132490560
137521029
140957796
136568869
133608379
139086315
130138401
132436028
133041102
128894686
131664827
137777188
135266584
139396838
131929348
136158693
138050596
136814639
137361117
134591951
138609503
132388963
133054317
132269033
136223516
135085538
137687168
136223163
138920423
133926741
131809463
133373172
133224525
136485122
131924670
133585141
130928752
136149295
132773524
133827901
127933381
134245105
131737498
129000064
131154737
130020997
132154704
138083680
140653839
127605243
136872230
132292306
129892505
129865521
139143037
137729387
126412661
132661266
137271471
135842745
131770456
137327771
130947063
137444313
136059996
134409001
131956345
139694697
133501414
134671268
141908403
131951462
130247755
140106257
132068415
135837150
131698378
131132685
137094536
138502714
133661837
130924262
136816011
130983493
130722970
129813593
139389472
131761355
134235240
137800606
136358811
134357216
131541745
130400165
136080105
132043237
134247637
143270218
132569257
137816322
132445385
137983464
131086182
133437916
130437940
136277717
133306516
135601406
130355678
145955178
129224007
140549393
133570058
131774824
128732535
136522017
134653571
131361636
130360019
132292390
135273226
134531271
139848128
132974083
128536862
134322972
136632089
129124018
134421207
133910265
135401980
137339543
135840780
131892115
140001960
130222499
132469248
131961003
134082829
136559847
134276722
143086484
146589434
138895599
133085589
136836089
143730190
140970062
144196487
137077897
140278283
133614854
140071610
131635113
133617334
132522710
130691808
137867634
136621591
134455859
136955395
135667341
135446308
132651748
135156289
140005943
133148411
138212031
136273770
131717849
132993979
134599748
134244831
134572787
135320343
132474264
132338006
132681220
132996256
132426166
135296650
137977491
138225106
133386449
134804061
131023728
130684723
141969184
131289759
130822159
135493799
132528460
138674844
136441153
139324496
137525979
136414538
137803577
145167773
141588834
133193321
135672904
138841715
140826831
136360920
139649406
140143651
140862084
136108032
133142215
143046155
138548041
136383309
132415845
138259260
137686306
145204214
133421802
133641034
137307463
141276938
137465356
136421420
139038986
137511789
137856526
132668589
137409252
138031208
145309433
133417080
131936357
135636051
135155950
134970726
142380199
141471619
133191451
144124843
139873559
137472749
139990063
135052937
137039677
135364870
131644233
138174876
131338250
133620421
134949389
134754882
137159302
140879324
145416107
135266449
133117906
140701843
132822146
134335909
133125832
136338101
131204120
132357270
139007434
134352717
130621222
139119653
137688199
137779295
134400018
134457791
130746834
133458102
131123401
135550045
141249230
132744473
130984051
138962346
134041559
129966577
132968688
133884829
130424222
132041840
133163934
128926735
127354246
137705869
132108350
131772573
133662512
134460853
134907687
134870175
134660945
133052839
139249432
131750117
130019051
134587403
129332020
132437545
137670530
134537841
130772614
131934961
134663845
131704509
131763126
132246335
134123870
136253410
129506966
134486881
133125814
134263631
134693811
141082539
136600085
136224019
140398979
131921702
132396617
133208917
133793919
138423947
131801256
139440388
139427956
135093979
136385196
137841028
132769495
133469292
133523501
137964702
134867947
134605464
134954208
137056296
137605125
137290151
135807015
147438230
137815870
132482887
135214267
137606037
131492991
137630543
139325306
139542458
138689249
133459346
137344130
137112850
141672492
136706786
132940716
132853040
135777094
134538470
141624694
137478431
137268287
135854446
144417353
136520181
135144409
139757412
139426219
138921666
137035067
131482983
140767925
135485278
145063571
132646369
141138913
137745292
136889475
135170810
136687354
141253427
135513752
135962694
136461250
134549005
137395279
140726381
133631761
131762278
135852246
135935109
136661124
136918729
136261422
144577680
138401382
138716171
132401943
135427509
134293832
140112798
132446771
131501523
138618946
139204752
132226576
135922602
137791491
137665217
136500224
132776012
133035732
133821666
136183675
132608252
139143006
135869156
138049184
135221114
136008438
137493283
135360405
136577850
140884178
137668068
135339070
148117417
142875250
133733146
134079644
137973256
132544759
135190505
135378918
132925773
133831640
136642921
141087649
137432698
135551255
134577277
134815879
139646721
133008176
138857448
137197571
135778724
129178125
140756028
137300058
130268611
133887607
136826563
130488135
134401424
133793889
130252646
137298495
133459561
132148183
128656484
135258146
129653317
135592368
133991240
142273229
132340142
134794621
136973472
134182002
136496928
136265112
138656007
133954014
134378047
135180978
131927252
135666152
138409870
135555523
136888481
138373044
138469756
135190376
128450999
134470638
135967361
138967243
134101551
131622517
133091687
136366197
138058908
139695827
137424785
133237398
135552816
143739650
138631619
136208125
138732529
135050165
135623822
131255369
135049479
136508881
131174636
135822519
133697695
136821554
141840129
130018553
137047593
137271449
133820948
133084920
136878505
137285398
140041831
134702093
135276150
134208701
127789867
137067447
135981638
135553622
133434365
136922145
133523146
138545679
137374738
133810864
131723855
132279838
130096725
137317613
141433270
130422218
135833711
133212918
140705642
132961968
135927678
143194208
134458859
135477059
132257245
139021320
136942231
135226950
137704503
138229656
139004147
132020711
135603045
139012999
136035364
135234682
131438304
132600297
132471193
130873675
133885169
139210898
131892585
143342871
135984271
133372572
135369147
131153125
132079367
138210247
137148350
140528383
136480427
137380114
133847145
134883278
135832016
143529713
141888725
136979502
131549297
134127263
142256673
133731862
133127083
137374589
132460883
133923964
137777627
134716075
136973280
135301023
141191606
136650983
146555061
137563932
133436835
138577412
133185225
138198400
133225977
139480343
135455051
137849259
135662945
136409362
140226899
133226731
134503354
133600762
140466349
141858076
138749890
138225164
141057112
134473697
143433558
135998509
139835516
136340177
141062167
140612056
132919094
140690239
137251276
137426279
137830400
137247255
141351444
141279759
136812859
140183617
137403704
132608386
138540626
144879993
134809936
129749719
133051785
131352427
132668293
133478857
134488177
134803925
134914563
130026058
134158687
133519200
137527638
137004568
128079160
133446726
130998824
135671959
131571246
132441216
136448773
137299937
135514436
135407952
132815407
135839142
133930674
133489343
131627664
134532083
134409673
134370555
133557217
132190637
140480530
134055386
146277264
130285560
129661332
140341580
134617821
134704597
131456634
131838340
131515311
143410385
139809655
142276526
136516957
134053352
135175276
141315631
133779356
135175912
137392819
137922707
138194676
140286736
133713438
137443139
133765854
132320081
135244011
137369142
133387709
132337629
138305427
138009539
137158161
132629093
129896602
131505718
140220094
133845321
140567753
138028907
132514275
138733586
136307602
145182098
133058158
136145906
133684914
129676073
132523358
136279240
133066908
131919630
134502203
131463508
133810686
136237286
134889133
135203454
139152932
130821238
136874514
140000192
136852816
138763825
134863630
136702584
131081689
134443238
138099969
140211213
131307314
135564063
128580156
140856305
131491522
130910525
138752877
138038587
137843187
138402306
134007693
131711700
141494209
132182437
135001989
132921498
140162866
135541884
132785516
130040551
135524330
132259336
133951843
139006071
132595334
135610513
136059231
136300633
135515460
137359927
136879042
140762568
139415340
131588116
131798142
134856539
134109999
134355628
136170694
144902004
136956165
133979358
138369503
136142726
135173393
132163440
140162921
132723483
131867181
133576298
134701752
134334581
139142743
135043338
142287743
136224801
132599147
137789497
136209693
144052754
140440332
137564193
140132224
137331359
134241136
135624818
132902828
134419907
137067223
136093033
139491305
137788748
140832617
139173895
137317008
136431930
144067490
137252764
138117685
138023288
134353816
138766786
135545100
139392603
138150322
136832395
139288610
133055078
136473164
146376894
136502937
136135041
134812170
136494756
138250420
141150601
135575932
141880094
134137739
139585005
134823255
134707398
133579307
136380108
132829261
135935158
135555278
132646517
137332281
138684747
129432879
134924744
136276780
137821216
132491440
135291003
134907930
132580285
130192587
144086669
131513449
136580188
133632270
141408918
137325394
130897498
134095027
140536477
131459229
131813921
133233993
138024692
134936329
137921205
133549695
133168863
135743481
133555557
140025752
131522819
137254779
134705680
138698023
133698239
130349695
138573147
133159655
133718789
132782137
134433565
135092434
139313642
135800796
132979812
132147683
140090730
139663022
139962117
138069250
128595997
140221061
134948464
138427240
134549791
135433939
131807063
131412241
136416555
131221033
132332696
142033530
134243620
132418288
136279799
131306034
133382014
132887029
136461623
139175583
134078707
132269764
137511395
140698556
131159710
132961278
132823591
135998776
134724358
136941333
137525001
132695524
133077044
134362374
129506280
135147189
134547508
137234355
133566756
140279084
127686172
129255625
135186505
128995834
136176453
135219129
139523006
127769347
138538081
132032113
138995934
136370631
132705406
129950368
133279354
134932041
134459518
130459639
138020112
135903780
143652336
130700974
130623884
132186953
134855424
131747812
129164011
131103123
137063292
135230704
131823908
135151935
138240120
131683180
135194592
128378680
134052170
142961660
138756388
135326269
133035655
140678361
134541257
135661742
130506226
131830655
131414812
128053619
134408364
139208107
137891521
134462419
136171132
133749288
133122274
135586304
134050594
129732559
135851499
129304811
143289836
135930050
131051085
131773155
128958984
133293508
131518084
132610915
135987688
133184340
131737820
139135057
134188942
139726210
136878903
135092825
135149447
133469071
133083043
140609887
137105952
135197349
134102804
131790284
136819714
135998319
134391763
136324009
135151477
131767289
134462223
131071309
133317829
133545715
132429590
130623299
139580484
135191321
131322942
135750777
136012636
134973181
134792306
136047071
133625084
129560982
134307894
129433623
135136009
138267070
136602290
134232727
140403598
133164173
135978947
135042898
134934862
136951113
133707630
133907122
139634593
128692470
131094576
135478511
132885171
136323975
140912518
139944797
138601506
131144719
138712096
139265311
135350136
136560869
135777198
138106337
137593679
135275613
133372774
133558594
140240311
132557880
131911679
137341676
145969127
134570903
136333829
136394977
134212690
134416402
133831978
135206894
134605614
137428767
130591985
134926911
131103112
137135604
138704022
137626864
138477007
142282483
131913087
140830037
137002370
136490787
135860981
137867625
139095296
132435755
136180267
133634360
138187479
139261130
139089551
130699482
134258520
135884250
136198599
134065541
149289295
140682904
140732151
132459535
136861394
135110588
139772129
136835473
139585799
142620666
137721340
130321165
134493591
133683917
134443140
140778591
137809685
135031348
138342771
134929285
140620309
130132871
137300654
134835251
144125441
139438920
134730634
135014424
133704561
138658812
135552764
135207343
137556687
135317787
137900199
134819060
138859602
142165791
138572235
133166640
136448133
130828647
133434881
132766606
132593494
132043724
133187784
139976441
133235134
134204648
136149778
139409003
137323117
132604420
133572444
133091082
139233860
134975885
137298447
136524332
141501207
135506532
130862725
131597271
135325777
134441735
137907102
137367338
131652532
134933898
136652513
133061811
130253799
134955493
133256056
137130914
135584936
137380588
144492161
132682129
133706499
139521169
132412498
134461103
132742848
129745281
131499563
140076798
132592592
135821007
133992496
130500027
131307254
135471600
126903250
128270748
136529403
132321832
130311837
133247277
131938720
131696409
132141570
138287843
140663016
135311341
132458953
131185370
130790000
135576296
130479353
135689011
130536353
126924809
133348113
134873226
139031181
130044522
133706415
133298202
129933738
134017482
134239985
135559707
129662264
132776916
133706725
133730085
130565620
131930682
130733097
132366987
132746286
133119401
140246561
134848825
132749902
139939523
136108784
136474324
131867264
150018258
138685385
134775165
130335492
132993060
131678557
131861750
128534723
137673757
134912325
136045036
132535414
133214858
134487834
134524380
130400452
133332930
140261588
135574871
135077872
134140081
130463979
138624928
138301335
140497343
135564073
137283797
137454950
135414549
132299887
138380788
136014198
135202782
132958703
135971116
134961818
134703246
131428547
137614495
131269088
129236117
131125232
133160013
133100799
134187630
133655454
133602519
132210747
131346912
130974369
133312664
136813056
138010726
133713617
132506063
131611365
135722051
138437349
130831366
132293477
134481906
136021403
131903983
135803611
136992340
130908092
142692553
135514420
133295232
136683605
143912315
136525076
136625879
139181773
131828844
131697742
142435314
138749030
132995796
133976411
137143440
132298137
133587789
132832599
136577840
133768269
138334800
133625156
137921734
134192996
133821596
133516908
141879333
141134176
132887404
138447605
132825041
135573431
133947826
132128290
142466676
133227358
137363037
137186592
139061405
135426756
136319080
133435110
132862896
133735584
136247269
134348929
135991513
136702086
131818871
133844178
132865322
133837923
133609890
133673651
142400817
134184820
134525016
135624100
132644119
136045513
135510614
137516810
136687440
133976183
135110470
137648375
136777428
135545211
134228423
132822992
134172530
133769667
132817531
135683058
139680051
137436250
139164603
136523826
131811878
131347214
131181492
135774186
137399607
133068032
139279319
136662711
134798415
137655568
134585699
135501134
139559979
134380883
136084535
138845770
133386588
139169690
141268061
136748139
134429533
133903803
139002469
145299818
134040508
133816732
141002016
136884372
141751259
131938145
129793511
133419089
133424700
135236167
138491122
137952921
134513356
140411208
132365858
137655317
136196419
139803003
138732214
131653260
137279150
135369174
133825639
134171847
147750024
131265526
136267947
136741455
135975653
140656879
137044720
137185030
132143430
131540264
139174722
136716228
136378559
135972119
132810847
136521696
135814518
139446298
132514380
131929039
133604854
137039212
134853404
130163458
145232058
134156782
135884091
131129838
128727223
137601703
131205141
129943348
132685961
134356490
133246818
133805662
137730460
140874612
135707335
129669150
137212358
134045569
132232617
131360984
131158170
130587195
139889227
132958878
132930529
138326126
132890090
182835219
128047225
135585782
135920199
133426231
130980113
132562606
138862261
132828041
138500084
131252384
134083250
132880690
139142158
131420636
136132517
139676208
144922225
139123864
138328967
131573034
127607482
130677075
135883111
136324831
133653663
131743888
133563465
129996383
127208132
137687132
135647843
133732795
135425031
127802111
132475747
137317202
133792090
135514139
130886731
129057316
131778854
132966818
135808924
131644945
129222991
135510565
136669584
136241383
134317407
138433165
128801473
132485825
130773108
128106350
142791007
135673747
128806148
133833309
135691645
127140605
137616257
134009317
133047953
134645196
130871575
134342202
141000096
131447990
148271950
133909013
133820392
133570722
134353172
132151892
135509415
131524673
130820467
132920790
136378977
138652944
136222050
140715111
137080645
129002789
137598569
135364243
134204061
129051701
132926330
130977346
132258657
134227711
133141931
135626611
134226914
132359255
135789589
132631733
135158436
133274853
135644960
137790813
133937684
138673610
143640926
139537427
137286561
138019437
138306816
139761648
139265501
142358890
142222514
136302077
143500493
140464952
137246824
145007144
136190291
136652888
136846200
133998036
143983884
137359712
137831671
134961628
132669870
137252616
136009955
132633307
130746926
135977991
134880436
133191745
140978575
132149583
137868779
138361211
136821501
136759631
131085367
138928127
129200114
130534239
135355289
131621220
130130582
137251942
135467414
138731145
140499993
140605501
137990225
129173722
132036071
139115097
135102991
136626767
133184728
132520350
133713756
135184744
135983851
136993310
140841037
134552628
136292515
137519947
134680418
142407531
137020222
137964511
139243449
140321456
136383474
132646857
132238640
141531682
132317506
135664422
132836657
140525718
131867092
131448844
134757139
139955109
132005322
132848678
137364049
132955079
133976920
134710166
131928608
128119582
128342799
132284724
133669512
135099084
142130144
139625814
134579475
139235655
139816755
136654313
137627498
136963507
136469444
138011028
138504165
139681264
132411840
135976977
133023819
130139498
140080609
140242468
133991387
138276061
135541496
134641830
134763353
136605506
135274081
134681099
135291830
139456311
142635987
136439479
136525011
135126150
133511053
137503559
132669968
135680463
137578998
133711461
136269501
133220275
128878114
131684391
131210213
131534961
144829405
140530933
139676356
134655482
137298440
135457071
133024290
140433828
137898453
138296030
135050610
140316113
134722492
136352518
134817686
140141795
132321196
135008654
133298059
138369793
135271166
132671062
135863225
131646193
134984331
135739341
134606809
137200140
140391145
135872181
138944241
134456389
146533606
133894999
136982640
132625118
137304636
136537617
134971812
134061529
134096568
134293860
135818400
133979790
135500003
135102314
139537864
142217149
136723538
132265076
134752996
137105211
130789887
137605263
136408734
133508738
133216753
141749675
130639020
134021538
138605685
133480035
141011326
136520054
135455643
144305839
130668410
136423810
135530099
134776940
135088579
137623260
135843893
133991592
138086025
134569814
138044655
133750037
130092811
134286009
135237191
138600534
138919528
132986819
133241679
137253298
132429756
128949139
134979528
136116236
135137350
131129939
137233875
134423123
133472616
129247971
132937011
139098008
136392069
134823880
142004953
135468091
134058877
136809237
134735478
134378953
137415090
135948672
133014539
134566596
134267796
133842294
141021438
131318895
138618107
133039327
137028159
132830912
136872235
135889712
132470966
135468921
134336109
135854707
131066395
134101680
134429082
130169577
134348084
137870155
136812164
130162771
135144593
132039839
132404975
136570959
131455171
137673727
134103744
133292002
134385547
135675161
136860287
130664620
130559558
128837802
130185083
131861347
130784419
130924102
133703610
133555703
131064013
135679430
131927321
130767755
127859782
131791219
129981673
136507325
129928104
131974499
130218023
131026689
134372038
132827967
133907054
130558718
136406808
139679524
131410218
140399968
136660456
133194533
132081973
132911048
134796806
132013086
138324883
133372498
137293701
132424834
133093462
132306017
133464112
135714685
134535883
136478449
138865991
130329513
135215472
130150388
128455311
134910858
136163186
132047487
143117167
131919469
134736405
133499311
138249573
138189349
134131624
132010079
135503413
134573785
132757361
130821173
135232391
133178831
135011319
133966280
135551023
133518189
133828679
134071951
137640210
137495181
135625250
138000696
133806182
136236829
135519530
136552582
128707196
136338932
131506840
132593963
132018899
132242334
131031906
131484655
132692441
141548540
138306921
133432333
132178646
136741905
127822492
139026907
130368381
134312543
129922716
131514181
134680472
130295617
131251323
140025591
130855582
132094096
130716558
128039256
132882923
133685604
137063959
139420193
134658700
137681146
132691185
128388338
131435294
132958376
131347587
133569751
137518638
136874337
128803693
138557630
128094231
135026913
135918643
135290537
130115972
134308555
136905421
131958115
128580972
131599157
132812000
134565093
138106966
129952351
137330857
135395816
135787962
131841170
134559334
141458080
139005079
135540678
135650484
135218935
135981593
138386714
134524889
132628799
135178171
138608584
138324862
132719245
135176838
134836389
138492239
131368007
134749520
133191631
135212241
142627887
136077565
138205189
135328870
133389926
136316963
135556065
135145338
134415897
129032724
134702701
129804915
138745645
136835379
133166725
138373380
134490666
131173130
134452704
135522913
127592936
135224089
132976606
131641587
130729796
134137561
135080329
136095580
131404405
130263431
131469699
134471823
135466420
130894115
136311519
136512666
135493280
135677827
134141354
132712784
133890226
134564264
126663466
129553315
133920545
134958550
132417915
132777985
134453639
131040448
137327703
136027684
131168461
135477097
133019854
132472121
130723696
129647612
134953322
136402389
130767045
134162526
133635248
139631824
136391945
132981512
140063307
131690359
132426170
135977774
136563114
136118970
135841758
137694490
136710958
133612072
138998569
132242407
138225227
131004555
133228089
137576490
135888146
136481873
131614928
129516883
137340947
133271955
131599929
133175825
134419212
138513635
134914491
137646447
135922223
135170186
134651302
138507030
132969357
140717211
131133670
134654608
134934942
133210401
136103379
138258940
134310395
133931693
132570608
136775071
141122891
137914194
138671452
138714269
133418166
138976284
131877489
141862428
137280884
135762873
133491844
134600258
140994841
135722181
136684706
131364226
140293562
135149949
142684193
135188315
140350227
136676400
143828249
138942680
135168169
142736758
134594033
135351969
140867775
140642719
134664051
140555612
130811155
134647498
132675540
134868631
140216453
135951026
139362920
134374912
133912346
138360655
140894128
139885972
130963146
131187844
139896272
143819725
135097251
132925294
135138905
133582274
136304593
138937659
138056293
134457629
134657578
136327448
139638383
129246466
133954268
134874644
142107081
138410722
131241450
136158715
142791258
147610721
130291184
137651380
136896103
134763336
134633089
138629005
138453236
134518858
141385412
135583310
135503110
129787981
131908283
137832989
131876493
135088411
135877863
136586258
133741380
132691049
132274161
130580610
134050518
130055478
129111727
129295766
136563106
140025509
133095579
129594103
134352857
136297271
133380043
137721957
132899108
137941430
139677906
134168163
133978127
131880004
133588320
130679430
136161649
129516929
132082169
131489292
132301889
128552134
133271709
129868363
131294021
133406768
132276098
131915627
141751918
134564284
136060741
133958158
139176607
134627082
134557280
134292602
133248725
134354835
135048153
132370004
132196978
132080223
132501763
135526394
138901952
131294575
135925667
131497104
130748593
136688721
134176171
137785267
136820821
137678508
135027914
132764641
143070083
135231937
139458429
138105044
135434754
137762588
136103719
134531287
137068327
138585155
132649256
140485561
136161728
139747321
136751076
136803971
136551623
135359384
135417698
130898443
136565083
132132809
134505286
135282338
139092671
143302785
137505951
131381947
132025111
138815525
130761138
133385909
136708991
130442237
137226589
137175124
137049489
135616929
134293271
131521707
137659464
134767392
137188367
133900160
133704961
129418750
133275108
133686224
136448304
132818735
130445289
134422395
132158646
130575745
129905099
134249761
136766119
132352759
133333151
135845364
131979979
133355018
131925821
133220662
133117513
140762841
133748055
135556844
137116860
133167902
131706984
136740827
143304786
131254065
131764455
131657375
130512695
134941379
132759470
131912242
134393452
135511475
136519069
133291851
131394213
133161632
133654352
132889427
139916065
134927156
139071372
128928815
130494327
130667420
136302621
136992723
137267809
130322180
131487758
131776449
142795486
128961391
136831401
129603693
134883468
138637746
128878636
135803034
131725718
133521483
133128019
130464363
130998059
134954683
133635534
132614798
133465530
131872479
133134101
132736607
131928656
133860585
133157336
128781650
134577460
131677424
132599076
131253656
136330309
140369028
139237587
130551005
131657957
139007934
138362736
136193593
130281728
131121088
133105424
142427080
130245524
137037281
132511930
138500227
141996597
137154721
134764082
131259309
132166855
141132413
143658680
138105626
135596685
134256602
136248798
136404234
142139616
130043367
133573370
134352637
140970353
133081349
133232183
132897937
136127327
135408262
132908755
132752308
131287236
136443313
137070182
129496044
141509350
129756912
135594368
136557008
136413881
130168858
134295421
130611224
137008127
140224081
135740584
135611030
135144523
134868994
136306980
135833940
132138579
133530016
134044129
135364512
138219656
136717978
134725592
141405443
136117844
132448698
136132479
131073349
130700397
135865885
136017509
132799676
134179685
134164594
134934498
133052001
136372223
144548106
139717391
131479498
134718422
135251917
138141737
138163836
136659418
133197014
135715977
137263734
132283254
136241343
133612248
137645088
134334721
137469423
134446373
133446784
134463682
135464574
137403473
141017327
133479731
134622949
142454841
131634177
138240318
138391149
134945309
130827143
129684765
134035689
138048569
136259484
133537838
143970377
136206208
138923533
135859444
141307325
131643084
135623819
133514985
131381891
133197505
132803498
139635400
135952883
133388788
135310617
133982038
137361420
135710081
138392824
134460548
135417067
132831104
132905494
140568904
139812952
134886184
131674839
130633737
136075997
133573620
139287810
132959207
136195728
140851863
139551135
134045967
130882974
139552976
140463796
134941979
132754132
130570821
134165873
138862214
136396256
139048338
137737189
135274203
134158849
137799520
131425862
129933748
139710591
144151426
135067810
138002663
134754602
133679455
130625831
132870761
133532151
139162980
140699812
135958638
134864485
134708852
131810370
141065845
138674387
134781265
134433808
133014579
136361024
134340159
140905724
139522149
131892775
135219384
142598468
139112805
133039839
134304578
134323558
139969257
137059627
136892948
137823197
135099623
138486352
142153840
130753852
139821554
134630191
141100167
130065502
134598316
132729618
139040432
138926483
136657192
136363182
128740483
137497539
137318617
134002783
137288743
134466026
136660368
135982841
136709166
139008558
135123622
141000601
137440741
137751537
131212552
134330960
133687284
133231848
133493922
139531768
137660123
134181230
139115784
134217214
135389407
137251296
133014266
137191173
139391865
134243991
135963956
132762096
133064365
137152725
136768815
138272963
135055429
137334901
140879986
137070789
139698590
133519946
139063489
133667628
134413523
134075102
140022255
138202932
135914403
133691154
133268297
135643125
138026396
138818255
135078124
130822039
135386408
134632750
136890770
134284942
137456086
138185010
136065199
139573346
137989610
135118592
132483926
138419673
131181905
141613610
131196884
133652202
129105611
135958983
137390477
134029160
135700228
133212539
138197851
134162905
136073599
140412615
132226854
139478853
133229911
142568473
139599872
148168165
135221792
131798155
140048334
139099381
136634718
131572137
139882214
130069473
134736385
130647108
131380573
133204696
137096101
135311234
130609897
133784006
142003625
134286054
135147921
132132559
133007628
134201313
129853237
141347062
134696793
136108602
138512339
135357296
137901652
133478609
139609708
145818870
139580150
138039072
132541402
129744220
131872147
132828892
133217352
134338355
137628695
139686940
130467322
130902664
137022702
139383122
139938511
138028452
136347279
132375299
132685850
131949210
138222435
134392046
132722242
136985702
134029369
137314157
137632821
136049430
135145805
134575225
134818932
133899676
137225770
134809428
139150752
132309388
141216606
131837957
133939458
140241448
133166006
137788014
135346822
134490940
133171185
133527147
137604259
138103386
141323085
136130503
139559332
135884180
135028054
138099062
137270807
136236249
133265181
138793119
138356426
136396202
133488712
140495075
137358176
133899056
132290480
130544497
141070226
140920907
135307354
137664961
136800500
135047100
133496783
139588752
136541148
135998272
138510195
136402284
132189973
133793018
134671852
136935989
140514863
145140186
136522170
133215541
137807940
135858425
138007437
133837242
145978033
136461960
129671132
136519743
133195953
134203434
137616830
142726676
135115994
133715368
134029069
132367555
133166632
141203807
133238447
136555271
137004044
139932379
131364002
140549603
142026515
137835563
133629918
138230542
138259226
135302935
134636265
136156868
136293533
134032111
139994025
140024545
132402539
136932552
137409934
132356043
137641139
130870992
147103371
135364626
133535592
134387189
139672909
134149731
140364552
135208483
140305650
132166836
137323465
143889055
139240120
135039080
135333685
141107144
133983840
135317140
137139935
140887037
133653889
136509164
133943969
131989271
135257442
131565558
132966090
138448174
135028985
135562385
132091561
131050663
129365666
133669687
128745311
132885744
132801157
131916989
132587337
133148181
130762958
136183152
133267722
134074719
131956928
130709544
134017631
137653618
131038813
140015349
138170661
132021911
135448289
135933323
133760415
135996604
132335370
133763289
133157979
132594172
130092867
134196119
132182623
135286673
139384626
128809901
129174320
132271699
136839505
134036738
132589315
131373755
130937794
129248016
134758926
131688499
135055065
138949547
136180963
131042740
129664378
140509090
132552293
131234311
130104441
132366568
140149421
134154170
126383190
128313237
133289371
135476010
130313732
135669245
137655179
131218866
130288860
130017146
129983280
134855976
133542446
132819604
133547768
132234875
143739913
135076985
135981796
132460625
138715877
137274563
131918261
134527527
134650450
130297969
136858966
138278120
141739434
131756947
137001759
138725726
135499260
139779369
142808333
132877575
134040335
137405762
130930360
142671904
134865458
136862862
140654179
128533861
132560782
137637775
130565675
137935465
138897761
136403057
137868118
136871800
140205661
134513423
134143619
133957816
136661295
135132370
139299067
137703717
137379395
133080047
133527369
138510982
135266220
134326596
136325139
133323797
138213310
129160728
134404241
138560402
133401765
136049676
131733056
132966486
133916107
127874124
133119578
130686655
131007859
137675382
126446484
129464034
135857036
131971017
135402684
140650788
132594478
135538245
133327914
127652651
135415195
132172853
132754508
133447704
134205989
134868092
133270554
131509479
130451363
133083068
130106948
133179176
133749426
132767114
132396078
133839069
135211925
131718276
134309621
135537713
128632612
135431109
132221409
135406887
137939782
132544566
133942216
132649642
134709020
137108220
133094511
130050575
132747152
135747370
138735404
132066507
139071081
137491753
133627380
130641235
132109569
129747304
130870867
129939727
134495297
139902023
131241548
136797033
139506408
137819928
133000268
130548838
133925990
136055870
136080816
134000449
133719223
134457104
140430410
132569900
132230607
135254906
136314061
139124822
133270722
129671387
129801983
134120781
133527781
132661475
132355275
137349117
131137874
131252104
136977967
133902547
134582326
131605716
132806573
133855898
135660971
133619707
136537474
130160814
137597941
132486417
135789162
127751618
132611859
138548274
131796762
132857183
130851644
137745208
131782998
135300921
137875006
136293984
137427985
137384666
131660110
136783430
136418945
135202675
136711244
134314650
132867020
133171318
134828275
134968655
134847652
135267773
134879092
132692675
134670736
141181554
135215015
137306259
135300721
133823569
143083254
137899604
145415253
136842716
138208126
135009935
136740591
135167374
138130412
133621569
140474269
133945326
131137655
133456647
137020971
144901885
135251403
138065450
130843690
133308598
134534006
130623041
135365251
137266552
143374457
133499627
131575094
131559744
131849986
134570042
138971455
132123791
134537460
135149850
136421699
135324857
137636545
133187804
132193238
136637777
134513667
137198395
135698522
133271332
139714843
129841680
142603640
137283964
134633231
132477645
141307940
143314879
135805873
136175133
136386180
137773994
139473749
132771609
135538772
137217065
134166748
134627812
139647714
136805339
134885908
133882932
136548201
131318035
132789910
131732847
132557848
130203357
132872249
132365532
139519575
131297599
136106945
133340433
133238368
133290017
127725089
133022067
130441441
134541067
141502153
129359168
139681582
133724373
136424927
134124100
132911033
129340578
134875367
131497465
128714115
132431668
134599628
134890818
134980680
132591273
132261648
129307876
130309136
130653766
136100273
130845895
132919892
132900019
132154383
134700085
132232047
130647291
133942127
134405681
135979435
133125859
137515148
129701027
131303814
131050626
134488792
140437567
136665613
136226311
137546772
142444537
135309407
139532989
134711494
135670149
135375424
133644802
134663973
135662770
130897929
133494227
136463032
135763288
140741318
133865189
131695231
136689411
130244656
133427386
132071179
137347354
133403174
136534035
129376627
130739915
135121283
131657017
138675043
136583538
131961075
134991163
134414136
134018366
127677197
135498483
133612762
137923620
133585274
133265098
132566170
136296151
132555672
136183742
133261738
130075599
135920232
137277536
130098133
135439067
134438905
131091414
135557139
140057246
136090663
138654019
134195536
132303720
134012083
134704013
130959213
129857103
134218305
134043818
136138383
130438262
131446975
138653077
139566348
136975684
140010011
135631731
139528012
136119183
141259398
136380306
139200827
141886351
133900484
138952433
139694148
140419233
138680313
146972012
136549476
144040218
140927142
140378214
136430406
132476343
132326604
131959036
138274027
132194311
134122336
137039852
136403555
139538703
134021983
129659473
130845640
139313043
132991097
130937312
128155104
131941042
132134487
131223386
130683993
135546542
131130154
132432002
129997629
132954807
134197347
137509642
135450908
132334902
134368930
130480962
129588057
136964849
132872294
131597316
134479152
132471276
133034322
131612654
132657429
140451737
133985345
139036539
136493582
141180253
141154219
145396676
136541239
141474851
136946417
143881515
143255434
145441980
150187855
137595816
136754296
133580613
134716138
134496665
135653736
130013514
138935919
133736205
141577133
133336422
136835481
137716575
141471132
140881311
137732945
141910187
142837647
137250031
135786873
138525750
132764220
140712321
135304324
139587113
135106811
135683108
137753764
135125295
132064626
139779413
141097534
134944122
136590753
135784143
133958952
138067284
137077753
142645035
141490689
136450178
137834422
132831137
137204687
132464117
135989613
140107416
131651604
138548554
132507065
130743419
135397066
138257599
134787690
137145044
138473813
132535563
134256696
135434199
141879477
143296134
132878876
133402392
137298485
135533843
138957492
130943833
135951389
135612221
136739208
141688870
132389620
136901730
134405354
134041479
137226875
143620156
136811750
135035471
137137871
136659594
134796980
135123006
135975802
137252948
132865970
139631145
141056963
139408772
135362930
136314407
137134263
135717014
137648343
137781921
134828920
138246535
138907991
135976234
133298075
139741575
135787861
134829929
139516647
136437803
141797558
141922319
136774156
134075037
141083242
133243987
137787954
130349527
130512951
137666855
130151536
130778405
133028564
134512947
134088338
137683639
132432051
137720881
139931058
137077284
133622498
135647362
133933949
140789688
135797620
139905826
131778992
133546201
133817670
133370130
137623655
131938516
135527799
133819562
139569621
130654318
131990707
141884501
138279203
142204712
135272573
135370997
141341294
132984299
134230627
130659145
136779723
137656057
140294831
135334208
133970728
138689412
130570844
131861151
133039592
134887630
135373378
134943616
136211382
131562360
133490796
141079578
136347736
135166828
139108685
129922687
127773946
136576634
133727134
135798061
136789367
133689729
134239162
134013822
134449508
142004380
133697654
137467938
138221568
130093714
135943350
142575882
135945007
134562114
133213798
134570154
133901724
142887577
133256952
139313518
144861147
137214392
138036389
132104820
132868376
139086697
150292020
138138548
143663545
136237854
141397872
136691927
140027802
142275463
139847138
138978110
135965696
146582438
141306267
145708821
133352813
135398909
133911137
134094851
134649394
136349421
134543437
141756993
134886047
134331904
132614987
133424412
130643373
136264903
134287861
132907528
139574058
139846090
141141575
139692071
141191778
139184120
138969943
141970266
147854116
141629236
137886084
137175964
137202755
138378694
137262878
140233582
143070473
136029611
140412051
136130851
137694109
137191292
138646280
137024665
141686203
146185066
137611059
140745126
137174439
136992911
136570252
139062996
135462907
131518128
138615804
134638861
135529304
133996921
141002607
140680340
140535803
139333123
140772681
141637040
139207258
131286989
137898950
134317208
134707099
131334931
138340134
136236414
143196764
133467994
134216583
139048075
143621507
139390969
140364409
136676025
136994457
139821358
135958991
143824357
136410201
139197423
139678214
132119664
137648910
131686445
144338272
130427069
135288758
133868794
134559296
138170422
132487250
131947388
137117435
135559305
143037640
141768395
142309115
140564452
143892321
135711529
134549104
136150948
143695440
137012000
134766346
135151900
135754950
141262992
131904164
136596800
143616747
133944039
135930075
140504939
136402173
135565499
137149372
138059443
134909485
136815792
135089669
141106559
134778365
135533919
135885081
136837297
135592298
131562961
137347333
132929393
138272712
141764721
135651107
133380415
131306333
129498799
142570589
132202640
139209889
137230647
136422303
138843339
140386576
138249830
137641045
140225780
136196168
137451246
141227358
130319850
132057169
131524461
128400961
145275442
137572866
131644917
137547378
135155324
137404442
131589151
136276572
130119159
135950170
135779520
132169310
131646385
131444435
134335547
133193888
133910787
137845861
131996234
130715198
133204787
134914106
128792417
134879888
138272005
136699117
139113529
145697891
143515376
133732633
134948545
134260686
143162555
142409364
136321175
143684196
137483676
141116633
144554264
143181965
145793155
131726042
133859929
134125216
135690005
134942724
132366259
138023784
132467549
132918146
132788174
130423904
134701681
132201185
135431778
136441877
134987957
140602092
130860274
136364765
131710155
133301949
132587247
129807030
136805323
137120897
238155448
336732530
276183006
132879613
130289206
135786752
136963981
136041370
138183479
134402647
134715134
133201097
135862864
137496329
140111384
136426768
135441249
131926147
140736516
137682280
137120920
139846916
136028571
136070812
137249818
136606688
144786174
134514938
136603880
136384293
137427861
137736890
139675842
133314064
139291684
138634098
137093888
134913087
136984903
132159015
130771609
130532301
140046148
136182543
137931708
134950920
135563351
136459554
134172500
131528551
137224978
135828762
132950524
136994762
135542848
141279134
135836997
138820235
135787667
133896624
138200588
139667699
144431740
139553645
141708775
139276096
135870734
138811608
132503839
136016378
135205860
136429978
137517349
135014848
135021698
135688918
138848563
134416398
139292844
143553967
138419615
133840195
136534837
141920633
138609702
135368994
138079089
139435165
142765725
131749370
139992769
142341200
133746391
133146999
137665819
145026273
139665766
140602760
135584277
137027393
134919467
133506153
137030614
139731508
142353086
145196439
142779137
138280747
143154397
134393086
135849243
134907200
134256758
143253476
133207724
133079306
138295215
137283833
133193919
135373368
136828621
139658270
136870908
137729603
139176232
138206773
135998959
136814447
134915598
135519268
139206351
138652534
134844891
139307807
137360556
140382935
139425790
136207745
137382845
136852358
138582316
139935857
133372537
136535960
131684432
138858540
135743449
135386754
135628115
140580695
132508018
138515313
130830576
134502235
137931452
132305916
136566839
133624207
136637480
140784042
144595835
136490475
137080038
141155849
140130393
134125519
137274689
139862357
134175488
137453702
138703478
134686035
137583464
132402455
132243553
138721696
133973625
138376152
135763212
136739798
134018645
131291992
135036438
136811414
135251515
136042066
132146046
137836312
132747898
136972796
135078826
134079123
138441854
132952532
136182603
142202524
146011729
139097845
136781599
143946176
132953877
139406146
131618337
133647542
140556413
131666458
133173010
134563808
136427427
142307756
135557748
136488561
135112977
131850536
139036154
138399110
135515558
138833727
140196149
139147779
136816419
141163157
139985327
137399558
134273545
147261044
144466584
140150702
131569361
132268118
134722123
133364650
133550105
132297191
140381095
135634612
134407852
127640571
138962630
133797040
132917099
134633023
135061167
132769477
132297235
131881667
129608748
132613975
133967286
130763923
137341025
136249463
138291717
133411932
131738778
135081123
129981924
135416922
132295439
136250723
135181324
130775048
134646232
137087171
133666149
138070622
131567731
131214952
134785720
135143296
133189359
131819115
130605491
137272270
130224977
133161671
134340574
132220439
133806290
129503277
132820108
140749003
137478814
129920889
134227133
136297199
132173396
136201087
135754349
134993233
136021558
135070254
135704666
135201200
135643231
134649322
143964173
132091591
137261020
130837113
130454441
131896070
129630455
131196211
132573105
142547466
137037881
134655228
142242952
133719913
132376098
137710068
136989049
137122641
141610150
138840667
141288147
133128058
133561658
135140607
135295071
134396035
132569267
132048847
133742229
131257644
133738058
128076704
135815408
135658572
130937432
131303130
134682183
134519825
135421030
127804836
130495659
129547607
127903036
128645472
137000199
129975715
132961064
133912798
145155552
132159363
130447989
133856786
134256757
136231225
137656910
139087863
139258800
133356016
134798989
131929810
132143224
137288891
133418475
134979740
134071650
136697187
132128397
137103393
132580010
130593677
133371060
130462061
131374239
134282081
133780779
137533098
132427181
137220967
130458727
132494447
130120905
135811452
134469537
132736450
130859766
130497071
133898019
130876886
135443933
129163981
134234963
139364379
131269960
129925381
134571345
127194591
136539344
134396069
133426314
135935116
132106143
135496907
135421073
130313114
130609935
131853232
139193632
139058209
134731176
135743977
141963186
137113848
135045955
133995207
136338075
135333965
137665502
137581264
136702808
138596708
136484003
134310031
132271721
138952400
130555892
138249464
136943373
138758553
135745346
132228724
130514351
134505030
126651453
134136263
134835863
134198034
136505182
132907489
133609565
133857952
135578509
130539027
133376431
133995526
134547461
132360058
127360943
136640917
133993236
133607961
134774588
133316927
128874545
129880050
133564529
131919422
133359875
136239567
135090335
131998049
132698051
136556876
131280703
131907811
136142935
134969066
143713122
139099664
140670621
138059204
137882143
140159631
136042746
134684778
137789203
138419303
134930969
135649851
133304637
134608653
135673048
135855789
136273780
132601411
130302278
131938975
128384758
137654568
143328568
139368855
131863208
139910124
133652612
129948475
126703286
144429439
136356498
133059636
133237414
134192584
130436541
137367000
140484563
137239840
132527190
137897127
134947857
136758575
138138298
131561155
133386415
133865053
127946163
132970684
138647394
134218669
133632150
133364140
130274453
135479881
137439321
125103969
136636308
136083558
130585073
130859661
136554372
131395544
132426571
131966760
136067386
129088173
133413199
130908392
134128221
130428309
133438115
135113466
136731853
134562258
131352048
138590274
132789340
130782449
131491231
130986590
133624900
137223135
134263830
131356954
130795931
129741650
135890362
132202501
129162823
132989949
133470080
131586203
138833925
130298123
131752571
133183951
131244781
134314353
132689153
138938484
135320071
135442691
130172949
133468497
129958134
131620336
135276160
127936637
129790757
132271166
132442702
129685056
133073072
136593534
135550592
139541768
131453626
143194407
138542629
134025215
136255077
133557547
135729039
136044423
130420378
145044706
136327590
132864375
139738637
139622905
133762345
134378903
138396467
139798579
143488674
134969073
130849464
134554898
135357971
138677569
136051640
136100944
131051905
137255768
134898062
137804360
135298802
148039319
135208417
137835639
138062233
131143836
132927796
134197740
133429613
132240047
137010990
134501264
130534712
139928085
136164114
134356207
132963935
133541061
127388048
130260233
135440023
137529538
131521523
133393360
131194559
137866161
136273280
139996237
136878317
133676391
133280684
133517329
134171910
139541668
131638726
132765726
144454018
137492674
130877945
134423687
132897590
132671736
136334579
133275998
129793308
137873456
128050165
133675349
132079012
135676091
130876917
131368320
131862343
129726393
130282104
129452208
130824351
135045085
135003653
131351009
134562028
132244752
132996362
130299043
132020514
136459873
132759105
126681115
133560931
140053283
138618646
132171527
130990305
131783758
134410528
135213891
133108741
135854167
134345404
133875759
129171867
134635596
144669681
132454008
134811745
133692580
133077291
135814195
134571537
134845734
136085664
134821902
132502820
140085029
134954924
131442928
136498797
133193420
136222912
139921351
145517896
135784763
137326877
136928400
135378214
133264731
131908255
137144500
140220461
133511521
140075084
137151867
136025787
137529908
138076934
138090735
132911631
133420075
135993617
141123119
135683532
131870139
141070345
139480069
143986210
139583491
134437215
138003091
132197940
141044942
137603361
137888088
135866834
135028331
137531977
136653164
137800454
149241532
140040552
139255708
139936390
134563507
137651200
132600737
136677827
136428486
138888810
143338130
134956946
138664783
137750246
139171101
137399921
134857504
139196259
136632782
138330614
137674592
135773728
133075515
138387094
134997907
143853874
135526712
139236458
134474020
137748571
135085163
138859971
136546421
133909116
134182732
136083662
134625543
141598387
132188696
137376320
138450565
139542991
140063372
136036484
132304424
136823549
134731155
140689386
136197813
139400751
133998413
137718450
137069110
136770497
136776444
135733018
130656072
142483390
134267920
139890869
134852951
138078871
141998212
138790840
136041332
135682919
137942006
134225438
139581744
136025536
132747510
134833057
140214006
137365981
141063356
132760067
140488865
139917316
139272452
145561907
137367728
139588425
141388339
134994819
142821397
132742571
137852476
134557082
137800567
134840935
139388149
130604359
134164461
140910121
132085910
133621816
133802833
131844245
130297873
132733579
140420484
135732090
139225475
138790101
140902952
140320332
136707620
132539213
131611766
133565063
137235104
133103444
134381405
133286642
137700867
130634651
133948937
137383452
137718380
129833328
137688526
132110757
141614991
138222626
133725268
132966773
133072874
135756499
136216097
131565418
130876277
137029583
138100227
141354296
134048638
134192592
138525615
136475000
135790524
127336651
130582930
142352276
138702734
135229464
138284755
127041110
129905237
134851204
132783198
135229405
139628766
135981994
135820788
135591504
133193762
141829548
136839177
140351945
131352523
139136470
141427554
136984987
137930288
137134907
138256521
136510510
133083146
139263654
143034693
138297499
134820741
137256976
136331794
139173477
135647425
137139272
132376558
134465195
137374487
139320752
137263469
133712442
146192930
135321376
132747030
137274990
137883635
140190408
140213902
140315295
135371344
139664343
134303345
136578717
141133709
140245871
137175043
138725140
135761562
138116545
136157693
137470223
138127039
139805866
134786505
137454457
135816651
132057345
135067485
134178204
134003694
140187666
132410318
131857531
135466399
136203067
137241330
147006887
147576756
135246635
138152351
138484714
133279834
137497832
135739685
141894486
140004713
143027470
134088558
140165137
138355069
134663170
134734819
141341127
136795469
140402575
136176095
133924905
136372485
134468746
141513982
137981621
140174210
137978350
138026863
134333600
136794876
138360744
141309320
137153837
137319845
135911951
134156122
141937585
141346107
136685918
130751532
137093305
133248759
134863366
137400634
140399292
141750096
139407048
132572373
146712256
134412189
138141383
131740335
135048800
140130117
136078409
132619219
135444959
137207529
139193152
141656859
136809868
138404889
137607953
140924689
142194698
146145177
141462049
141772650
138161710
132997853
140613956
136072586
139802974
134959504
136339087
138946458
138531277
132122191
132504684
140480068
142465885
138291522
134270041
135196773
137632171
144390913
133686014
138783421
148751806
139087792
136697793
143864814
137641137
137869430
140366486
139410030
137743728
135944199
137492151
136305745
138978984
137684284
141690313
142102868
143734556
146730037
134917222
148047506
132784887
143447643
137560251
132033633
141400921
135297418
141169676
142918243
143058358
140807845
138188153
142097212
140321609
136915859
137415586
134583760
131652947
135061848
136133095
139108784
134543852
141242122
138263492
136838655
142294540
137286399
133347245
133340679
133480123
132038693
137901579
141798536
133593553
139742131
132650258
128867139
141049692
134893757
132901931
130233143
137976960
137708746
142210213
137933267
138968252
133454419
132300307
136307737
140866559
150061950
139445482
133500225
136793570
135455466
137194871
139078901
136536946
134052335
137713812
138879252
133105787
132227586
131586676
140037011
141372890
130137966
137036894
139548822
133921897
141824652
135394301
137578020
138941973
143006074
137368886
142466467
132609751
135829660
137029500
134413552
138122321
142221021
137317285
141070889
138215481
134672688
135415570
132167868
134919377
137939587
140475980
151664125
141870728
132807134
135332214
141693610
131640171
137202824
141866928
131831467
133942220
135290430
141734745
136031691
138205729
136227223
139569621
133742274
144940114
139480371
138086173
141910415
135694390
131284511
134731654
137689862
139666716
139223287
139222183
131832107
132894475
130344045
129185923
136214737
136535235
136512874
134568635
140377005
135932780
132732876
138775785
143572327
137205650
133510313
137541031
137270225
137792624
137471995
138524802
134385767
132842244
136572516
133861912
136408991
139792935
140907007
135463041
134419823
139835438
139053136
135283156
133180186
137713535
133772866
143808844
140120652
132795484
140172140
139170188
137328102
135930574
138404093
145472742
138251036
133209792
131624204
135617942
138946576
134115265
136381998
136097148
136164785
138587071
144439837
139025639
137382036
141152473
142737755
146326194
135954836
136330902
141197740
137544952
137525272
137603401
138771916
138613429
134393600
134470578
134518174
137640747
139884895
141952840
142631487
136902304
139881270
135833854
135614118
136970285
136601569
134686059
139440981
136398403
135276304
136025825
136105223
137937428
138535853
138383095
134111145
137891691
135513086
138956007
139402393
136445239
136260724
132295240
135217773
135072466
135809959
136631917
135886373
128416686
144169108
134688265
134069208
132592560
135330385
133553909
135701181
133313110
136242323
136870761
131880429
135713378
134474520
142699963
138537213
135526437
131761151
136739035
133118135
137492846
134840999
135284118
140543086
134870513
140517583
134255456
131509876
139564884
137579473
144101704
138242033
137956904
141311797
142217773
136283474
135824491
133445956
140319795
137745458
140410412
135093859
142731818
137421433
135894254
136442774
134601438
142742146
138442935
139324174
130132438
132191887
133995200
131181188
133518417
136853597
137839487
132409127
133540693
137742481
135380680
131279157
128011632
131814275
129247413
132428640
131768441
135040159
135528381
130733747
132422671
132848999
135595584
135724302
137178405
138752401
137471157
130237195
135403956
133634270
135814202
133069112
133643170
134784721
131599702
137499296
130880571
133988144
134863365
134340953
134584468
133288436
136022581
146260965
140100075
138086697
142037802
140636380
135290367
146461360
137097178
141121879
135460201
136055468
136614537
134627440
137691467
140957743
138739001
132132907
140423141
135599779
139760384
128983210
140547979
138014094
147462959
140661860
136470771
142657330
142212234
139581794
136264351
140610382
137668397
138671970
136985562
136352232
136396079
136363711
133583318
137567052
130902600
137530035
134470585
133483021
134044461
139746113
139004477
129433834
134225144
135624180
138062153
141776720
139305780
134532264
139326948
141146549
140283319
135541802
135234670
133688211
140264105
140385700
137063273
139884538
138688487
138579897
140007641
137667843
136142867
135107337
144026329
134194766
133571627
140397524
137602867
130503415
133290468
131181972
133143241
133390199
137000612
135686927
137144153
138285614
134235905
139262781
130831563
131477864
134549721
131340505
137048891
129032477
140711657
133527209
139186153
136550482
134433336
134084568
133861084
138829101
135966941
137315555
138481659
131945555
139988091
130384953
132706367
132077272
133562397
137775562
132775106
137039104
134828324
139510660
135586877
139142974
131583618
139803080
135522887
137061187
142376334
132317586
134210364
137959448
137198527
137089264
137756890
142025617
138361561
140144817
138017488
136445249
135434070
134216499
134908762
139157372
131540978
134503240
138368924
132526464
128151790
130796884
141256971
130495281
137695604
137778225
136152254
138605445
138123060
130213029
136332261
133486333
133774385
131148628
127689807
134457150
139376077
133637104
131710822
133632966
134281684
142385931
137515621
139137432
140715436
137106901
137551264
135424323
129864320
134972582
144051151
127937203
134550868
132072330
134595326
130033518
140018436
130278079
133861700
133294151
135248413
130741611
141257459
136081010
134165237
131919500
138739606
132547949
139955920
134566239
132155153
132482488
141033734
285373305
333776497
130020493
136159300
140130715
135490761
139714105
138977121
134698515
134289857
134532472
135557911
133213537
134116788
135889873
136455131
130867706
138162197
135510286
135720801
130875774
133177346
131389220
133393523
132124673
140790346
139128117
143699327
130642538
134311356
130306764
135010272
137437703
128259438
136088409
129502178
130516979
136996417
136200825
131575680
132754542
137755658
130129189
130163945
135588032
132643230
131496355
133346064
133243560
135110848
136205424
128262287
131117422
134703685
134711439
131678776
134473969
133019146
132068869
132087921
131019802
134184744
132349137
133024766
135808900
132030339
132155425
130748050
133212541
133493975
129341762
129466588
128735351
136762738
132218927
133620270
139411195
134053281
132832987
137040847
132000580
130520886
131582119
133852066
135456859
134446474
139418955
134397065
136435541
135070472
128041625
134861596
130330537
133679473
130812499
134486770
132052426
132507326
136128165
134677301
131331844
132406506
133501368
132061030
130491169
135610014
133642876
136340435
131540661
137901836
132113852
129506614
133015470
133014197
134963390
131562644
137001873
134955169
133168323
137062643
130421524
134394888
130735984
131669881
130212357
134027041
133074172
133418681
135979050
132322014
134393751
134066238
130332308
131768285
133067294
131761629
131723409
138027687
130384551
138997194
132226920
132846453
132449349
133011656
130484048
132847582
136219034
137884625
134042979
134824170
130749520
133535171
132042789
130362179
132782916
134753697
132931996
134162270
132571395
130543158
131484628
135691833
135632242
133652077
130586351
135589585
130387684
135167869
137456247
136804367
133614647
129610506
137714598
138589617
132150348
134547017
130266625
137853107
131496188
132417976
130159733
131780719
134954782
132358338
129616687
132913997
134133533
133739314
132959688
133702645
134776365
132410207
138402200
135340846
133837289
135965869
130319004
136577351
139183627
134901099
134522929
130548634
134958867
133130325
134824060
144434828
137239907
149359934
134342193
134499421
135440002
137435669
134395721
136571007
131667234
134750137
134029077
131112943
133657008
132532031
133433972
132152049
139540667
136363227
130665982
133710774
130390054
133984098
132143998
133367949
133751792
134977925
131254534
128880481
134204745
134336381
132479384
130463643
140251890
136902907
132942006
133360145
133293800
136616636
133913328
129183675
133776279
136276465
132303449
132377211
133729137
129859434
140755940
130485545
131553878
134235442
140283321
133948376
134379686
137222349
132256641
136770433
134208497
130355411
130350590
133781836
136250039
137825557
133376068
130437187
132395422
134124252
134991527
136450850
137701491
139991799
131607210
129971612
132978534
134895930
133759539
134493564
129368106
134324708
133984660
137556572
133559951
131284627
140324713
137787597
134856092
136326693
134574149
126331215
141511539
134805280
137254207
133636985
134536219
131897204
133831278
133515824
138829336
132736023
135728119
134241666
132111857
138498415
138636083
136578081
132619347
144754089
137248789
134484849
133706569
136492474
132530976
132330472
133073752
139696743
134132009
135977791
134590823
137832472
133358888
134344965
143177366
132306074
136029499
135447141
136333602
138673003
133667936
137277202
141658335
133950219
134398046
137089239
131021743
135457762
141072977
142093514
138486207
136849426
132794298
138064337
132070813
136707376
133539768
135326019
135269601
134126373
142556680
130052813
134269471
134677473
135399026
136954103
134767631
141116864
131946213
138736776
141251031
137981064
136094377
137005342
134944110
137963783
133025566
138389581
134985825
135811314
133521653
130363706
141443023
135804600
134270161
136601965
133785269
135252080
138720994
137926088
135502649
136415718
137034173
135743272
129526005
139766531
133635382
139583460
130586485
133832647
139721480
129759435
137678874
131695168
127908212
135953319
136545730
135591813
137832079
134004269
132019932
140195938
135752997
135801074
133574713
138393175
138255030
132956183
138425653
134889725
134734545
139173464
133372773
134359593
134711481
134585532
137731913
132127862
133674132
131455216
136558049
140720665
135285429
135396460
134458123
137751658
134936888
134587256
138698645
139679347
133528757
133578994
130658164
141260568
132330238
135842932
134793882
136029448
137135639
133313158
139012521
136898991
138226513
135015313
134938532
134866881
131704926
137704198
136831299
137461161
135223609
133769510
139692898
139869842
137949777
130886993
134171902
133654009
135646199
135439539
137958843
134126169
136789807
133687064
135076685
136336087
142736896
132520185
131029355
135599364
135381276
132310855
130119562
132261231
138495732
132934767
144414491
135968949
137558867
133809764
132860129
138530531
138420717
134240649
131706734
138400149
133299328
133643975
135826171
135643298
131006401
130629922
135736435
133194686
133750836
135991319
132015384
131434697
129108652
131552246
135524893
140894470
129472132
131369410
132577348
137135331
132768256
134608099
136415148
135472411
136619000
133044853
132774469
136702587
135921905
134071452
130492826
136137651
143777527
140830423
140103238
133149809
132109396
135723792
134332815
132932858
137623201
134115819
131427637
134229646
136622414
134204859
138159959
137351768
133714623
131272526
134376247
132726265
133240015
135218590
134151317
135206277
137256173
140659199
136002890
134634470
138554767
140410970
132783349
132782894
137859904
136608712
140074880
139000514
137753406
139693145
144859942
132583993
136124103
134952960
131043639
139407151
141095399
127239867
134279323
133372932
135360420
135994410
142684445
133655691
137001587
136854613
137876602
136326461
136078985
131262767
138310930
137667387
136006862
134556692
137796336
142531100
134366561
136427445
137284830
137064829
133264000
137267138
139182664
136608615
139233871
135262754
131313615
144425129
132658571
135449963
134999734
135495349
134589293
132383117
132500347
135167548
140327117
132694693
133801061
131139303
135437172
135356005
133519961
135816485
132050861
132583763
139796257
139474106
129589336
134384683
139631877
137414639
129579587
135597700
137725394
136137921
131751774
134612802
138405250
135152787
138653169
140623045
135928660
131339491
139183477
132482358
133215592
136952581
140096618
133621916
138581183
134474301
133990537
140520594
133902148
136557682
135386291
131322206
137155216
134421992
142727924
139553515
140131060
134368801
136610972
133487939
137643923
131484746
137402149
142540132
134045787
133406940
135070024
137566401
132977114
131080432
131998350
139200034
136840550
133265917
136806095
135991829
132893156
138193037
140850079
138505372
135626201
136719013
132054006
133306615
130399264
133060601
135577165
140834135
136078935
145057595
133847033
134983685
138007975
136141411
133411094
134708983
138250366
139445769
134276425
137377566
134977220
133463395
135616063
135493016
134656496
134435273
135054763
138130832
132704326
131781657
133162407
134327480
131353916
134297548
136808926
136941700
139937684
134809535
136516357
133428402
135894183
134555259
138313228
136097260
140721181
131430020
134017872
144958835
132779426
128568599
137286057
136015913
133651602
135815835
132683888
135669255
132901691
137054169
134420115
139950003
134617297
134905187
133411508
140088282
133919940
134205564
137379320
139484741
130623279
137184556
139948018
130097192
135092934
139409122
138403086
132488924
134830209
131064260
141424418
130221683
138202909
137287509
138651451
134374192
137693202
144031374
135321825
133094516
132819909
140188934
132516648
130764193
130708768
135204671
127833973
134621000
131740870
132637203
135650372
136373073
131897436
130076474
129631267
144784491
136254305
133613856
136919658
130950310
130887764
134060333
133514123
131607188
134100200
131364199
132967198
130756951
132710343
133856405
136692558
135878399
131363673
132751410
139350749
128437746
132042989
134121983
136972216
134941135
129711201
135120286
133302314
132699209
131630523
135143345
137580819
133537296
133508699
132833652
138150205
133286306
134381014
131276244
131947159
130170419
135771378
131745884
139110555
139006316
130628544
132784356
132670566
132283494
137292830
130243844
134990638
133774307
138758617
132776047
136447469
129834469
133594070
134414673
133683170
131902081
128625831
135933794
138495202
129905908
131166941
136882509
134909737
135072241
130955346
134291536
140016767
130676157
132541215
131513473
135137814
137771788
134251186
126599687
136258128
131010216
136523015
135866101
130461196
130390526
133211621
136454370
138835943
137317227
136718107
134783820
130713287
134575913
134873341
135223248
134192027
129796982
131209348
128568617
136900265
134981149
131816802
136527006
132820678
130927836
131104650
135538010
132544701
137080779
134845393
127580775
134990368
135927113
129011008
136041924
130315609
137244721
133378018
134471736
135579589
131106504
132466219
135570593
133186021
133088584
132044265
133114498
135024934
134881116
132740151
131409999
139826283
130960344
131719829
133447541
136159538
138411229
130765617
133497829
131790047
132237422
133893342
131888259
132005180
133789185
144719936
133544703
132888897
131978773
135367779
134063551
133773512
132369402
136276521
131313186
136249680
135175862
133401284
129996019
133524625
130416930
138950536
134408567
133745198
134081982
128324626
133342315
137050228
128427158
131128208
132708590
130344581
136426387
133991128
135023024
137301893
135515132
134729951
134289210
133517130
133856566
134307110
131964345
129382780
134583262
134443984
132339963
143919200
142937512
139726893
141698057
139351157
141516878
137267459
132599649
134279390
135717116
127879170
136278808
135277825
132686752
130921841
134520416
139213106
132069903
136243966
135489752
130062342
141395304
134732744
140604180
136371296
134149521
136886492
137746460
131062671
128346051
133461948
131353313
131621352
130678477
133042799
140013838
134516760
133487815
134494887
138951092
130319457
135157596
137141203
134969513
134851522
135451742
133402012
133065818
130650145
135335624
134918213
131059474
132917936
134815873
131913333
130497275
135147495
130547910
137479632
131261472
133648018
136123462
136010686
131235910
131728662
131344393
139238131
132263598
132302902
133061763
138816625
132863530
134605974
133801245
134830369
134407496
135878787
132075719
139591082
134946255
133786222
139605616
139772156
134499497
136244515
132475454
139777990
139237996
138154065
134674520
131410889
135905437
132379200
134195834
133841721
132792339
138001554
137728043
135508304
139166076
137527095
135104533
134078330
140464184
134002688
128111614
132872453
136393911
130022297
134468361
135689738
135478790
130087454
131994377
137487053
137869658
131559060
136251768
133848421
130782193
130317875
136873732
135673909
134316334
133511290
131061706
133087354
135515730
136751875
137282755
132584251
126587108
136851536
135002173
136753855
137269400
133449728
130420442
133254036
132373087
133152278
137989684
130281117
135547562
136954582
133938065
133207239
135238877
134622997
132827628
134623423
132686005
139519307
138167271
132406915
133927096
130985547
132282678
133771737
129777443
136339791
128939062
132013894
135003288
129918958
133213696
134660237
131876773
136550386
137051124
135759856
128836884
131345908
139793686
135566613
138668945
132140584
138533435
136846914
137255436
131112476
136303284
137689666
134338478
145536011
139848974
136233749
135747454
137841491
135031651
136370919
136910255
137441513
135650117
134289737
133794752
133833997
140341821
136620897
135130765
141314774
136001178
137719837
135845757
133344106
137150142
130071668
135927148
139358178
138859565
136314322
138356935
131949139
136413709
130146944
138772679
134710359
135922296
133160243
137997170
139038429
138708081
134187710
136811819
134264502
135373547
136696419
138104962
132772212
136563345
133389959
134432353
132101908
133040160
138753586
135150580
134740028
139434826
131503191
139863926
133569348
134181995
135249342
135753754
136709247
141718446
136871307
136075127
134703773
131507893
135892427
136868215
133081002
136992597
131612276
139289088
138294966
136274557
135047757
133589971
136317377
138711854
142072074
133533072
134349508
134188577
137141240
132039622
139401595
131452620
133323990
133580268
135014705
132283004
138064309
150014928
139546203
133805573
137878394
133034455
135805372
135134588
138257171
131710366
134624905
132088918
126503641
132674898
138927677
131920465
135579036
130173161
136757214
132455157
140339037
131670132
133004279
130714513
137634595
136967395
136456940
134856310
133751364
137272944
136578362
130163914
133298766
131775110
133018002
130791647
140948132
132784900
134493108
136352160
143449094
132393108
138097072
133716391
133771459
137003449
132997312
134937701
131088980
129581706
128976170
136659097
132146510
131780083
131967992
127071282
133488580
134137033
134835386
142455639
130101747
134154730
129077077
137166489
131498076
131216020
135176473
134191653
132739963
129815577
135097282
132676887
136998847
131907146
135593640
138459037
131579549
130710853
132569268
132365265
135909631
135139769
137197860
131470896
130364062
136486145
140507393
135401489
131931466
135992888
133180361
132725176
136240700
135609323
132400084
140181659
128433134
133595874
133760915
133559636
137046759
132389406
137359370
130604441
127064140
131580322
135321587
131630520
139090210
131294551
133963990
136056269
136752649
129910973
132476154
136621453
130677289
132186241
129210338
132759993
141983579
135484836
130512031
134968283
132387857
138251390
138737914
133397610
133167542
131758879
141714839
135103132
138250293
131301069
136510287
130682190
136794524
132210827
135721866
131128264
134447522
134335698
140571051
133662673
133777477
135928210
130148467
134392778
135016727
131514240
138199587
131123416
137888540
128805929
131627326
135146443
130718695
135195298
140392904
133641174
137176243
130116241
138124417
147254217
137494402
141937981
136377407
133006259
137008613
138455104
131463344
140462882
138065076
132278429
131170994
140664321
137358917
135959659
133855509
134545285
135690529
132546851
130537783
133528623
136953054
131624728
132740588
132121673
130730369
137109921
135854620
136549944
132774417
133505040
139233478
129389086
130905368
134101766
128879485
128429628
128702311
134288828
135958483
131709097
132194479
134381412
134407095
135312255
132256738
136030197
128892567
131257551
135614718
134911070
130544369
131009415
129092440
131583258
131036334
135774123
133405144
129566245
137127476
133846262
137546343
138678564
131924401
140265130
131869510
136011124
133120828
130488652
128227201
133579468
142101424
138284847
138421286
134437239
132274809
133786283
132416445
131631371
140856233
131925482
135206517
133990209
131648094
130939831
130581878
129797743
138500362
132986686
132436872
135095881
132292917
136048318
133075384
129916140
136710140
131169087
132070354
132836274
135357175
131418381
136689345
135297910
135051581
139647282
134206806
131745236
132757858
137306417
134331869
137536008
141515881
131670364
134995778
137583181
135951863
133020149
128227761
131956496
135426476
134115186
134467505
132727325
134573235
131493023
141772701
129972324
131842663
130374851
128329310
132213474
137093920
133928762
129950323
134150029
135308384
130617016
134513967
133694541
129967196
133931797
134894172
135810181
133728550
134473342
136540854
133888600
130161107
133114075
135058875
135512471
137597047
133099203
135013640
133645109
134344922
135704057
138357215
137729064
141810857
131873487
131685787
134939623
134110038
133381454
130974525
132579707
131045922
133893045
135452223
133382093
132030064
134507452
128120063
128579881
140817157
129233383
135241401
133959408
133373616
135686068
140122436
136366966
133456448
131752275
132256350
131289749
137736710
135503479
134209581
136592189
130813449
129730706
133358612
139083058
129962432
134512322
133865186
130794070
131759397
134499521
140229752
134694431
134420612
138193257
143629060
132624064
130301004
134857999
137723639
127958350
136137685
133333012
138149417
136339849
145026500
130865915
134021967
137731120
132644947
139650502
131347653
133907975
133283984
136120563
134099583
133589885
132310063
136954356
135202630
137237450
136420438
135976855
138922526
137920565
138417997
141122858
148677452
135093931
139590982
132897819
138121418
137090553
141250627
142687078
135260798
139382267
139669709
136847517
141017203
131698144
144885049
140969714
136045162
138825912
137246356
140548026
141467338
136927507
138183040
143041762
137131944
141018634
140068292
141490455
135862979
140045779
139057981
137923240
142497553
140132628
141194202
139016715
142212904
137744686
145397831
143851395
135268819
141515819
136504303
139314924
143381157
139940031
140241902
139931671
138384622
139679161
140532926
141212535
142323152
143983203
134070026
140464074
135607344
136148425
138536123
143127198
140325080
136274842
141050180
137204078
136273339
129927811
133293160
134879883
128642693
135607285
135398049
134080565
132189220
134017556
132741697
130011773
133567225
134231939
131961849
135249952
133184632
136016388
134954344
131872112
132080388
135366353
135931128
134054705
131517006
132043069
130509818
137317427
134257947
132794994
136058489
135103694
135376920
132403221
133153951
131673644
134796823
135477429
136085852
134089971
139579729
135027679
126519298
129955340
136838827
133920769
137780914
131628950
132661485
137420242
129191898
132003333
132652684
133133573
132974130
131584501
139053731
138898677
134124679
137101758
134195379
133596203
129504609
131778828
131605862
135196195
133358711
136032775
134153423
133447624
132697403
136893620
134259205
134382536
132678003
132537765
132246642
133437577
142251395
133751157
128783287
137639527
144454254
135644090
137649442
136341024
133247561
129867556
134433625
129915177
130503395
136662373
132163816
130339670
129525228
136208540
146871091
134636872
136536626
135556235
139612671
133045951
132590670
133694798
136647756
133700776
134146821
137599709
135977900
144619113
143126648
139420010
132725295
134442601
131693594
137379100
137094582
139327995
133337977
138358492
134086606
134476761
130377973
138743619
143645314
132300860
128293230
135873026
140755431
138909981
138857851
143032709
147056436
134940306
136555964
134980478
136118697
132571568
131254721
140948555
139585464
137355742
133571797
133124676
137516470
137649028
136173540
134388069
140058523
134320289
138310217
137373947
136172322
140405135
134121313
135223628
139541515
135862098
135602617
138825873
137074720
131886235
134905623
133358255
132176805
128081738
134291483
132988012
131818841
134977592
140703144
136198602
134369029
133596058
133206800
132009354
129956378
140961069
136262976
130811128
132348764
131005557
140319542
135596940
138367037
137756961
135190732
135552965
133197457
131495095
137811111
131867514
134690091
140320113
132028377
134134055
144306315
133723062
130895000
131700265
143599097
134631124
131665119
136549423
135147640
134621213
133839702
134068188
146965663
137392382
138010527
131899879
136833041
137318160
134170948
134209695
136693679
134764107
139301457
132812330
137917776
134551143
136947717
139513800
135437851
134027177
132366780
141272495
138709049
133967477
133902001
140345066
137808481
137209078
140389582
132182422
134503014
139020605
133489068
132721915
137177451
133919371
136071840
135436201
138596810
134449354
134842762
136863294
135217317
139167607
138048173
134719006
133913814
137045770
131180576
138380674
136113347
138482115
136342037
135015756
132419155
136457292
137615243
136311107
135941224
136539345
137311667
141319844
143746974
137679951
137054656
131963797
136547347
137559630
142203245
135422845
132374991
134376496
134062905
138072885
132547014
137571152
140928427
139024956
134916151
137249876
139636110
134151105
136061772
132688176
133873219
129744195
140050606
135192307
135462235
137301593
137615456
135460969
138396224
132701417
135124554
136521112
130977228
136598008
136039801
136488312
142735492
137172267
131982407
137102245
133567260
139857288
134897415
136223250
135433913
134912604
136551358
131585979
131181954
134790789
131802056
134438152
131667893
137897583
135567574
141801391
138322645
136807625
135559355
135323611
135734755
134455069
132725646
138462746
140067081
132882837
133040179
130386004
137883102
131874058
134545405
137594040
132531620
139661731
138294547
133962513
129395913
135234900
136942318
134901716
134243624
136252919
137964674
131568884
137532513
135679868
138341043
140487429
136180332
141678590
134141308
133659770
138756250
132978219
135115515
136119778
137381500
138387724
135680545
131046238
134592333
134875267
140052260
137569162
137170551
134396933
132546463
137799030
137745847
137609113
136522490
134434311
136700586
135789125
139759737
132002993
144554290
135482023
134081554
131259813
134477643
131368778
134190218
134078137
138539450
145638126
134587959
134749025
133226618
138310108
133386295
133765568
133051236
138563459
133050738
136292241
138076387
136012980
141532504
131248559
136874527
134103666
137114823
129174691
137801294
134305997
134836421
132708269
134706659
147423531
137223553
135837543
138596683
137789303
137208310
136998204
134514765
138450545
131284478
136857531
138550135
135259197
133798132
137170438
133098206
137378005
139705283
132153128
137304728
139838106
132924580
135622431
133797508
137698029
132856718
134793444
135588714
131774859
133196363
141757164
133988144
140124820
132359555
134613524
134518824
138070780
136590256
137410702
131290380
133316479
136546523
140352051
136407821
133324883
131578728
137660607
131827519
138071665
134657472
136520193
135970953
142730633
135455018
132775240
134507361
135563871
137737270
135511430
134247109
137622116
137748212
136718236
131984005
137306362
135172527
134470965
130980785
135660829
135051834
139334122
131592892
137189213
129221256
133053556
134265540
137484805
131869627
130560642
132263509
130317379
139271367
135088861
140501577
139873500
141731164
136951227
139782933
136796023
137541623
141271399
131488239
140185590
138194450
150620862
137547257
143320483
139838794
131415389
134597962
136307062
144656321
135191178
135816584
135969348
134491103
132897431
139491182
135216998
138818729
139159330
137860516
132774284
129057257
135488149
141653183
139998344
136995937
139426925
132805965
136596260
134973087
137524280
139029475
141460092
129858736
135298410
132193901
135204647
138272677
139391675
137896586
131255051
142300486
137889544
132569532
133020469
132027866
138812504
132302174
134861287
136174303
135916423
132359852
137867955
138385247
134256555
134215894
133806188
139155230
136551788
128793363
139137580
138300139
137623624
138212429
140221759
132883862
132651168
133571128
136066915
136491885
135220775
137262828
136781220
139327482
129834314
134176133
137635023
134822681
141933681
135307423
138777077
140645415
141939601
134923000
131948484
136959828
135538519
137642762
136842780
143969426
141383072
135358173
135162644
132145968
138734650
136327199
143525982
141858615
136433559
131727317
129694710
138435190
136569897
139648380
133792192
143486099
138402964
133416668
134079197
136387744
135930216
133136319
136333115
137856601
133411947
138618254
135566167
137727723
131003188
136171008
136053354
137173015
130512821
138503452
132763385
134665433
135636321
140146250
145000115
134298758
135074442
139307589
132850034
131332830
134143834
134940306
134106702
144037847
134490120
131106031
137369751
134045451
139977080
136354688
131947877
139693657
140976667
131291237
134503528
138868546
135015302
133009528
134393713
130999574
133619035
144602797
142233252
141783036
136235210
135511620
141356470
137363979
137623304
137525092
141812899
137224803
143696716
134692666
141428260
133691301
132168940
131082639
134932454
128846706
137515312
134634820
133734988
132075523
139689660
137237329
139939125
135341299
135811423
130566198
129644049
135712284
134348386
140864895
130819155
135291827
133557182
128672913
144897115
142051961
136903462
136172985
136438422
136836688
133416553
139465044
136447421
132510840
140295477
140494479
137404837
134581938
136247387
138723677
136627207
133132978
137956886
135984139
138970799
139019766
136642490
137691819
130973983
132624199
134040438
146000636
133606165
131978549
132740233
132420446
137179740
131618146
136074854
136883563
135102864
135691652
135007138
136271765
131965575
135665857
128919817
130367523
136826115
134415390
137505547
128485005
133163509
132062116
132775742
135011447
136410135
131117858
129923445
133441069
129978291
132213178
130452480
134243443
137489469
136231486
137529601
132241399
133168288
128947967
132721785
134551937
135495406
134219869
131986070
134251488
129642247
130894123
131463827
132724968
135869784
133286905
133133540
139076802
139818362
138428918
137862330
129852351
135090037
132927913
129998227
132094858
132495441
130139196
135041341
134107726
132243639
134057204
133094848
130012949
131617536
133949711
140479830
133496285
139057420
142775183
126967966
131349727
134796119
135190095
133183730
132483534
132401773
133293135
129286165
134974219
135574424
130896341
142794915
134408827
133050474
132222586
133064304
134026198
131229665
134093801
131312496
137551798
132095237
132178933
135474264
132416840
136644649
132362647
134893760
134318013
140490588
131841018
132491206
139246313
135762407
129978900
133965795
128960277
141203969
130381045
131264020
135634381
134894145
131513210
138814662
143112885
133438923
139298203
138134139
131253367
133154985
130675002
129275935
132346854
139866535
132112259
131076383
132127392
131967491
135829727
134666935
130046707
136653616
131679520
131981447
133629629
132459163
132764702
128853148
134580111
137174501
137371427
134616835
133340746
130472067
129463660
134625717
128648131
133363923
129617072
132417744
136252418
133183691
138158366
132981201
129599608
132670966
129955459
136014885
136793475
131864194
132578980
128060709
132679549
134425483
129826903
133414167
132199086
132511228
132544863
134719306
130010829
138190970
131071220
133768011
131414970
133058614
137589201
136078031
129814794
131993709
138420763
136621971
132360057
132732807
130883138
134859707
135115964
132473413
133839004
139051927
129189974
138663507
134463005
129388446
138898063
133808817
134946675
129896913
137987760
138996648
138185515
136667028
134544417
132313092
128346196
140837884
135798228
142248247
133650567
131228263
131196620
133485205
130779369
134825918
127833505
132382281
132770635
136890074
131345762
129671001
131220197
129092128
135664930
133646088
133466075
132213307
130449608
137047443
129790473
134688645
133049737
134484264
135230056
131182076
134802987
134639237
137436394
135319937
133475614
139528098
133823264
130828964
129926892
133792162
129508124
137519761
141643903
134702310
137753323
131042872
137893317
132926688
137770290
134751302
134285257
132042643
129589251
131754163
134927565
139964094
137863016
132844314
134546833
134515252
132427119
133532645
135214935
133871935
134074909
134454568
136478154
138696178
135642793
131665366
135367989
133528538
133858439
132128399
128419226
137337225
143945963
133569368
136021983
133715486
132493548
135800321
137020468
134040880
134210742
131729956
131524428
130455019
131073728
136254928
131262096
130470217
131090233
133108337
135361704
135182095
134651570
136085205
138151795
128348011
135710931
131518821
139754769
138646143
130286296
138264644
140052181
139004983
135968384
139156487
131918782
134553457
136488102
131683574
131981645
132310236
133507956
136228510
128632988
131738112
130947370
135439371
135663393
140269294
135541265
131572321
135554297
136655467
133204228
131401248
132245792
134701984
138279352
131526737
130512219
136509471
127379479
129883445
131608751
138666746
133922458
130394231
132481454
143227505
131321430
131553117
140065241
137146857
134240031
136732902
132199849
140783434
137626383
139073070
150042538
139472631
134661366
131158199
133148567
135672698
132552815
132813512
135647294
141681548
129401076
132323775
133717860
131847218
131569396
135417634
133345477
137414446
137444037
133551317
136519377
138524619
133814151
139765088
134043113
130249141
129042790
135495825
128659935
133125203
136650123
135824238
135777230
137266047
131463409
132886271
132043352
139154375
130468445
131063421
134294008
132067140
137992979
137395524
130688021
135623143
133508585
133803814
135914311
134829791
131253156
131002620
133216744
134175667
131894848
134561261
129710214
132665359
133436638
130946646
132892732
141540256
132216930
137131103
143101163
143458431
132832909
133577402
133514602
129166299
128178322
137206779
135630848
133469155
133607716
134036873
130325677
132340604
128425394
134402487
135764436
137323965
132049414
129352316
136671674
134548790
134415886
132151834
141607700
133866518
132149502
137680573
136993197
139148355
130894193
131374651
130041776
139393169
134448536
131626963
133910282
127186580
136024529
130813079
131519371
138693761
133315518
136412846
128536931
133228224
142148131
142748345
132213746
135902838
129351148
133407196
134089876
132458408
129964627
133953521
133355441
133076336
133323519
132728920
134035546
137272017
137354735
132988865
140047440
138916018
135326392
133531038
132856998
134838471
131384104
134608132
130738800
131399111
130433273
132978095
131378473
128982144
136830231
135001232
131870607
136095700
134516490
134930085
131670295
133507105
130232063
134055279
138597396
131519158
128768969
133040848
132854524
135374296
136704779
133862235
131255593
128146724
136826106
135839618
138889608
131118841
134430331
134386121
135556998
130179882
134403684
142133673
132066839
136372636
133075709
127452454
137879141
132059770
131512565
137185776
131150815
131047887
131824956
137526153
135149153
132376355
133285130
134460643
127381336
133522948
137118618
135766673
135114158
134521162
132486776
138304595
129258063
136206561
133672536
141803867
138515620
139036547
141043570
138357113
141988043
139367292
140369878
142293517
143724585
137740117
136889506
137228481
136931302
134191151
136072732
131974546
139964200
135218541
138470352
137850287
133909175
136222756
136120517
140706137
142172983
135235672
134397122
133059433
130973692
141431025
137231933
134149150
134391131
134641489
139311993
138475447
131522086
143228618
134893226
140091548
134384870
129994621
134520137
135802271
136754306
136372971
140899236
136191341
138129160
135393211
133973613
136727437
133076851
138942415
133251717
136538346
132491489
129015582
133655184
133274203
131387382
131397713
132698712
146231026
138114499
136352417
132521632
137880553
133980708
136695503
135719893
133760159
137666185
138296088
134336156
137177820
135964235
137721020
133602415
135953520
140807507
134687764
133606819
134702584
137924986
141731975
132671719
136072098
134799386
132710016
136608628
132739627
139613867
134895653
138123643
137877814
135661811
138202250
133258485
139713745
135322669
133553032
135369609
140424536
130559820
133655232
132377012
137120545
134464766
134493415
137637044
136562029
136687212
138069055
133295781
133074657
136611850
134771720
136575986
136317518
135077890
132175541
134888117
134822865
138506130
134473600
135293122
137406102
137830199
133715314
131794788
136284890
135132233
137247756
135776360
134700051
135391286
134003537
133698797
138470704
139232124
135818428
138019494
137062811
134648255
142737437
135038458
131784787
135664678
133236045
133266989
134654739
136791004
136131548
135923935
130705834
139818950
135192734
137610618
131851150
136651030
140914665
134240110
136547341
138000410
133780514
136344957
136481812
138604989
138428443
138833364
132506084
136504982
140223896
133150580
137864137
136016536
133273234
141363141
138684327
134261380
137674729
139309971
133656142
137034756
135472820
134479661
136688207
135096427
134067762
135403689
135959967
137560958
141329374
132146947
134341633
139488128
131310327
134660201
138329409
134573179
133882067
134790304
134833476
138475964
134710412
131584089
137543459
130450251
136753048
130591679
133362721
136892574
140668005
133807769
132196996
136789783
134523942
136797730
134324906
132827416
132546642
133258152
135555559
131064839
136584849
133628940
133004936
129727840
136468054
132591323
137295828
135158260
133116838
135735997
138754033
128556090
135002981
133138792
141715736
134606618
139086851
132366417
134441217
133261857
133727261
132212901
134529301
133025803
135579949
130990134
139262306
131522495
136631867
140952064
138021475
129049454
134531014
130023877
138538283
132659826
134643945
130911783
136998974
136387131
132089756
134275119
132992381
134543245
134894253
132103074
133892564
134533267
134327523
142258979
140641033
132713565
137487636
137623622
132422574
135308501
133372169
130486588
134006933
135853628
135965881
134445343
133793112
132754642
134071516
146412900
132993021
137523883
135305986
130436476
134981563
133234633
132475649
136327347
131590905
135665770
130611117
130401533
136304988
136046177
131538265
132833100
135761424
131933841
137664431
129641444
134201567
133336514
133885545
138593446
134470653
134921482
126761160
132692564
135969402
131515906
129431425
135421986
138277631
133936992
135491456
135314161
132162540
136864940
135063763
131023926
139745774
135301728
134999366
135187062
134285897
135456380
136959872
135194830
133313198
134151681
138007993
133614628
141873284
138498392
133213412
136536762
133437085
136386675
131502236
126386444
138385758
134538093
136123390
136825338
131954037
133895520
133293951
134692848
131722847
133429661
129219538
139524090
138333407
133823780
133554765
136614871
135885866
135700911
133655106
134755028
132775574
131678978
135157578
133143346
136146983
132364695
135876869
133850159
132994583
135969536
132178815
132227990
131181551
133344032
127942777
135389384
131848159
136009005
135502695
134155954
135432862
136210637
128658168
132602576
134627020
134764198
138587519
137772926
132484697
130835973
132979500
135178725
131610374
134811810
132008241
134028674
139182372
138050779
133216517
138780696
130662181
133492393
133215397
135976028
129486309
135072918
138258458
135062218
134260978
138117773
134019068
133006867
135939228
136035965
135265439
132109771
134516394
135619854
135394331
133170715
136807998
131702685
136047788
132616566
130129626
132115522
135189047
131726859
130954483
129213876
137307546
135894502
137198844
141059289
131947149
134906244
132764729
134941563
134711207
133041564
134373280
132337962
132709158
136529718
135807381
133391845
132713736
135117573
127675609
132896179
130860850
134616034
135763334
133515947
142439020
138201597
131758814
128927614
131930018
130611261
133309708
130477879
132115511
134537509
130723473
135022349
130159326
138241372
128758629
137431259
132845849
134416163
134061814
132417324
139059578
134987447
132075264
135169591
132695295
133049009
154937922
238978290
245009414
140871135
135592080
136426971
134496413
132385874
129973437
131237088
138063865
132377702
131650224
135295308
133891267
130461877
140717614
136639829
131886949
138092268
140613519
134350128
131531026
135607263
135157856
127097194
134467313
133317311
133867402
132598466
131396834
135552403
133324601
129794716
129353404
137079788
137060908
136305144
133890692
132546244
135946542
137037519
135373213
138924823
133837905
140798902
133889797
132543631
136709858
132332805
136376565
135475056
134368645
127312836
132405399
131870548
134825031
131017360
132596531
132465151
135268083
133658959
131327146
132318134
134936607
134028688
132389525
135179708
134802049
133825198
138228261
133859537
133503359
132836343
139438177
137836357
133385500
134831551
135757674
137010000
132764350
134264616
131835043
131326734
134680627
130383113
134818979
130441568
137244385
136283249
132583060
132790704
134727079
129416359
131026097
137388802
133963459
135022406
133810983
133551867
132542581
137107345
137462376
130411143
130476412
136358203
133819788
142474788
133402352
136286439
134451078
133229190
131962819
132688752
140298009
129958930
132653910
133667782
131555535
133892981
136180021
131434414
132981090
133149572
135482876
131430085
132405225
133179521
137649612
131490832
135152696
130711451
137177767
133817416
129379500
129750181
131728427
132133724
136848087
142340033
136914456
137249110
137289185
137628942
131251930
137375910
133623943
128291378
132342391
128202539
131658225
133348123
129467910
133300243
130556421
132250242
130287648
137864981
132128012
133459021
131004512
134745327
136486783
128832696
134378499
135845675
137264923
132751714
140880515
133195050
130877804
134714066
135834007
136703000
136616540
128437601
132107858
131326444
134023282
133902940
129712014
144532736
136586817
130107918
135210703
135962206
132548484
133528316
127982742
125554322
139150928
131732497
133624194
133592034
132748168
131676202
130576003
133805669
138853232
143687388
135928712
137366005
135324890
131816946
130774268
137078915
132108726
126876663
132423726
134041373
131777027
132209550
134851746
131935527
136322986
130796276
132572267
132427875
131021238
134106471
135474751
137302808
137064054
134924387
140476974
134734372
137280403
141209579
135495036
142945318
137734933
133142642
137854004
139952708
142483822
137350068
133435875
141027089
137782555
141099650
136883085
139178134
143279752
145962718
138149621
141941249
135978452
142727270
137290681
139715907
140230201
135333432
135369457
138538649
134120737
139065004
138444565
137231397
137339885
143406158
136054178
138590162
134052565
136356387
136644517
130835883
135618925
135642797
132608266
137883281
136393108
134113518
135750391
134056011
134207566
137503503
135828891
131336790
133922446
131737077
136442754
133333749
140379264
136796401
134782328
137909982
134265103
133227036
131288549
133648794
140927767
131318781
135957729
134013325
134662581
134062723
134671909
133624300
133868698
135643698
137425333
131195400
141210597
133331636
136376340
138056579
135180351
134916447
139185740
134642827
134322931
129906106
138342730
134388092
133324369
135018851
131250745
131919638
131375163
134332582
135163530
140288642
134522943
132073992
132509773
137788677
135239126
136610852
132929130
133257185
138959253
134854801
139919339
133585595
135877529
140507755
132504828
137932985
134051895
136092162
132566976
135101083
133744109
135274840
135208620
131354859
138902370
134780360
134580404
133002057
133737098
136929383
133131086
136341342
132822095
136697849
135306638
135943545
136676951
136313484
130334301
137148228
142216186
134825792
140159182
133739684
137946797
133793259
137602904
133959399
134847500
136653125
141434153
134589697
129557962
134245010
137321564
133161042
133281301
135165415
135934291
136053970
139275419
138216481
135974222
130849305
136149143
133594838
129999585
141641631
131694242
131033474
133335229
138114795
129572062
136688145
133473896
137107906
137165850
138422588
136916781
141020382
132300450
127803254
131412885
134870022
137108742
136805309
139902962
136848599
129549101
132462186
141322483
136135381
134919092
134597820
131030519
131032740
136045470
133611725
138155389
134518111
140417198
134128269
133696206
133409057
133127653
139620942
138742185
138132875
132951935
141825570
134194025
133893347
138652553
131390671
136977945
137948482
136187102
134455632
138332935
135342952
135838688
132217884
127059181
134528611
137022671
133702273
132672651
130771974
140030668
136342384
136851355
133318315
136449813
134613254
134560257
141811821
134782574
137181549
132019206
134702748
132738843
135943929
140545324
144193965
132298850
135282992
135690036
133426879
139665943
130161888
132972253
141739668
132440271
134140150
131426862
133962585
134255742
133371429
132391947
135773334
136248876
136189036
135052005
138365658
140174645
138272112
132641784
134457335
135573973
134492682
135715733
135836255
144100351
133904056
139552708
131749334
135500984
131616613
135173387
133093588
129507332
142462071
130812406
133579011
136871955
139646593
132300247
139324466
128669110
134844954
132583787
138809888
138863784
135800211
134116575
132745351
137475670
135024899
132829179
133567748
142046587
132815992
135408927
134985192
133000817
139823044
136807708
132306742
139092846
142175432
139072064
135767694
131655144
131837450
136413593
137933760
135841434
139308465
133656752
135772237
132062993
136698359
131945028
136111415
141424097
137477678
137810016
131983316
132690650
136720433
140986906
136660890
139007987
137947194
132671929
140326458
140383299
136576373
133973653
138321013
133189740
134014862
139821022
136270686
138151282
137571502
138422864
132943876
133189142
135268267
134055832
138601797
140426544
136731881
137423164
134994191
129566598
132351293
137848948
133341432
137214125
145920636
131605495
132635950
135192667
142410788
133241977
141601523
133296507
137193847
133760878
138216634
139236061
128845712
136583900
133493925
130044973
137438246
136771838
139098017
128074015
132607021
139333258
137995053
130370922
136194381
134828051
130951583
135986621
138553138
134469785
135654904
135813749
133227867
131165054
130772188
134715500
137489153
135950656
135822736
141447725
139437546
133245719
133482691
138087045
133126184
137896885
145109119
137387155
133804772
131268516
132475798
135133926
134391145
132558941
135398175
134695341
132022949
128120154
135923180
136953382
136392695
129122082
132642807
137514669
136746471
135304459
134658676
138865083
136070875
136166165
135167530
132006529
138381315
137166131
135014854
133832042
130778135
138594394
133715179
134674286
141754767
133750474
138072308
139631494
142588390
133059280
138509143
136233128
132083389
133940801
135399369
135309499
135453327
129721645
132736535
133629734
135884119
131780893
138428196
134849404
133389856
137880732
138517783
140585615
132074425
132684801
132973242
137436259
133055969
132336428
133982202
135701641
132413306
137632363
132935617
130455431
132443639
140753177
132785103
136698676
134804741
132731026
140361070
134641600
138091164
139840873
131903047
132505794
139016075
137193147
136857110
135289359
131070316
134721837
