327940890
304454280
331124810
337526127
294686968
332951071
330161498
333332606
296802506
329009448
336525470
326616746
369372130
328006029
305154345
297289884
323889099
338548904
398770016
336242883
297940255
367488289
362338120
368670245
296230821
337069300
297606720
333644187
332436806
334636217
335798116
297745943
312487996
358902756
331527977
293298291
368382859
330719021
333052292
330961157
332209004
362951721
333733105
330488467
327957677
337964770
360802310
339140108
295807935
337731080
329596930
386263643
302021416
302491470
331116051
333772710
331978756
328630184
333328780
295421229
303242494
296085914
368415661
328177558
302996246
330194704
334385032
331873154
337106313
332676393
329127992
267392851
299152905
322861043
335965383
326925779
337556398
331419936
336633011
327814314
370582984
327545730
299932650
331046621
332013757
331910685
328889299
335098943
361911984
340755952
297435831
353424874
230695032
347578152
366147352
263243764
336175078
404522706
327922594
329128288
333538251
328985810
307333953
328559465
339452496
295994773
368993768
329997119
293500108
229517994
235960511
233807995
254090347
263966426
211065237
232982351
214290184
258074445
233013445
216313661
232770478
209250882
261502592
256546514
232389571
239357486
234001732
208821137
287406255
233065872
232697228
241447201
234021131
255926529
253447948
357226377
302520380
294209954
336393641
329629054
335407383
326856580
335731370
329791603
367822135
362300889
336325980
330930696
332820403
364328896
334599473
300173814
328877921
334780600
325050218
302248641
293471086
338594762
365302436
334656050
327019461
368296557
360799982
301722670
296778926
368347828
330977848
366613440
331965158
297767406
334827148
330238872
310416845
359392071
299229001
293049692
305598156
298885876
334602160
362999658
302229699
331119594
330692017
333873955
296673091
336217811
361808055
339005787
360600454
338155402
361934015
319501964
335661981
333056473
295962590
334501922
328686215
303009326
296028697
366405297
328671914
305444102
330201545
301266772
330171189
367711756
331490292
334208562
330876541
297013287
345941995
333130700
373022840
331459637
339689077
330675788
369453464
297991295
338813143
297513414
372539941
298255758
304762781
304128726
331758744
341070056
352157534
362947933
326985715
329131181
338877080
331959069
334950577
296568583
367217078
360602613
335118967
296489537
303289499
298781917
296136873
339289510
328654342
348061905
329721771
346264248
356281305
368205190
294286462
329314600
335571899
365188653
336267540
295903515
304045082
328179352
333022465
330948087
332938070
331627014
365036282
301167813
329455407
341385215
296898596
337848607
327036470
326428680
371074004
329767167
336052967
327198085
334061585
362776966
299592055
330422718
296158490
335885214
328378669
336336013
361174778
337654624
328901805
355942005
298004727
331223167
300314781
332525125
367236145
297422493
328216188
332577276
327920155
338778472
360839694
336072795
295215458
303001205
328587137
335911885
297052698
328907756
300716559
291209814
322403107
328513223
328880318
304694030
298441467
334319585
328552465
368674234
327457409
365218950
363136831
299726920
300039976
333744227
302339571
361113745
338664115
362940397
266549819
295396498
335184036
364315617
365212716
363412556
299998210
297052659
360779846
334012775
327615743
336759825
294863007
338932483
328458268
337728201
329974904
310383798
334260678
328048888
336923153
361752551
335679834
296050561
334562671
327471929
368019482
328095663
335677641
330948392
299163216
332692610
328739736
335646747
329476885
315952234
333949313
331439703
334021982
365469027
296219223
302782864
329409217
367866874
328585699
337222058
328236829
302365656
361037551
335885505
297897728
303055376
402675329
370271319
301717520
298890526
337256689
364661811
337593524
363857564
336215879
363921415
372414698
332276569
338240481
331201804
339598369
332554602
316763218
356016212
327285414
336044038
331661035
333177997
331054539
328920439
332958392
295117733
334183076
360002834
369903958
327363055
336405792
360367295
303772885
296950172
362937516
235983584
259083226
230902561
216782602
235482087
256808240
237827436
210857430
231465776
237901819
234986927
255240979
237388573
233866744
208810080
209377640
240252253
208909410
255312373
239924876
255415569
239353694
236615903
255708467
244460627
328511114
338211744
329378317
304157180
360030652
335395531
327963765
333493233
329648293
332392699
365544601
301003272
298501558
328557588
337485420
329355924
351770552
206782511
206907306
252428443
239243977
231139225
233606010
216735377
257903265
279974941
216873627
254497638
209851916
239877735
232270540
209802657
241086896
255454081
233035352
240996539
231978170
208704670
264448319
232157840
232598205
241515451
233072075
232810695
281003734
336278776
327453525
336840322
298481169
302451606
299812170
361791136
335554118
328202249
334394066
329415431
336353151
327832367
335811731
360288509
337803422
331319011
386767372
336545082
328238948
339053596
364658813
334034408
327811009
335954703
327522951
334269697
329243891
302144739
363422884
300372963
300472536
297473628
335054348
330337882
354217754
336525683
358406453
334699868
359074496
336029799
362148307
299944998
296054637
295990611
335694461
330120786
334569051
328464464
369983104
360652703
335975306
295756932
337126089
362579064
335698547
330560479
333855057
301013477
264344699
336682647
326993555
370060649
330017562
301952268
328864503
335272828
330801964
300360224
364292554
335130817
333175275
361302530
327697079
333963851
216487124
235132315
233285347
237918135
233946159
208611128
209797703
238984432
231792953
232737231
238281953
232149413
232377747
264147152
208752899
208938827
239944222
232167619
255709582
241444359
232967572
233051910
257595757
235539052
259318531
254732146
237186866
214984917
257771771
240152767
234316971
232953011
215129874
234654170
232568507
214110257
234012834
256192473
214040009
235451663
209286666
236964203
237406965
232588129
239855528
215582453
234051396
209676227
284866313
295734548
326149913
299736242
328568245
371910018
363141032
302029928
330242861
302849177
329201457
302193367
330554183
368427584
298408066
335192566
334750239
329096542
344103287
329812330
262628128
326932410
338183079
365811850
334655920
297617141
302162167
361418731
335536582
296500582
335838542
298565093
296229693
339105513
294951200
371920229
330061424
360950129
293477430
334400617
363732862
334150438
330309985
331817101
361874557
332170297
328486760
328410116
336755132
327667362
368714763
295999222
369128496
328139407
369771800
335597587
328320748
334849061
367382558
374106604
296925268
336583560
327844480
333561937
296558391
332867913
331549820
330144003
302553669
327844831
305777388
364134989
358519099
330052381
372454414
297420898
337522682
329824053
305740962
361960226
334483015
330559690
336866443
297262261
331406550
366788427
302561951
334860188
329332120
300108378
330335630
361573111
339203544
331930798
337944612
295753789
303797493
328018060
367396178
329419693
336366083
296126675
331446356
300872811
328242926
307559596
330775582
347850769
364333767
369720192
333788448
299086721
365897340
331772315
296115385
335334898
295839022
336466110
296966047
336263851
363093514
336900665
366268635
351171933
329618476
364411291
337782435
367143560
299329547
296112698
336704795
329068755
368257024
329479498
336489557
329684055
374811567
329690418
373155618
364247702
311180034
306927986
329576669
362489772
332540398
336959306
333353586
330531283
332607223
335253199
330368382
335230779
329184107
375418013
328716531
337736673
327926026
375679460
297487099
357661164
295765742
304379208
333736024
304136073
296689072
333354866
331573226
295584764
335175444
362291097
337741432
295585346
336785707
328902091
340833113
332301544
318471233
234418923
231264272
231854696
241268274
259447847
237862773
236059757
232505653
236978350
259647304
232450653
262127670
256828189
209621619
238323447
212754427
255464305
239104670
234697952
232427910
217262534
214023363
233619234
243494815
244127375
277270688
276310305
256900181
241284760
232379210
255760069
240651849
232353265
255396271
241570327
209998226
258738107
217903208
232324726
232286038
241205162
255895068
232654956
243839049
235064605
255847851
241649840
209661577
231346714
213169280
238440355
234681349
237541146
256964544
232774266
213603855
235475710
232437467
261555211
256406142
256247008
217244829
210342961
232490805
214081566
258088364
235564420
241004766
260610185
232586790
257166243
208473248
236896979
262459131
234080751
263680215
232482029
256155311
240190540
209132084
232786963
239587691
209379208
233145259
240168052
233749480
255629913
241932714
233436648
232624936
265729666
259360443
232607000
261625717
303862133
366071201
367340823
331494429
331377892
366506676
364341764
333541992
366089279
333432870
364571685
366318102
335822763
297737094
337235593
333447878
328856050
304589006
333773816
337270579
330198563
338045140
330675633
367720068
362778211
302176290
296912497
333780687
333795650
296473354
375138662
329765612
354583638
303516549
363480853
360353288
306076410
334678765
336924739
296264121
368529399
329035790
300272972
363795660
334411457
300013251
296182161
335699023
328098889
371820371
297302660
322433305
336124364
334777960
327724420
332833661
369335492
335509213
330778173
369137229
295782491
333286454
330459414
295875804
367573706
296883162
369574203
328084943
338765601
298468849
389436304
327899848
338999296
329728554
335949943
361796086
304003173
296063956
335347848
362650447
367309657
327876177
304011959
331515518
338008422
367367606
378687732
321959886
375004253
358403495
362934910
364452651
304523976
334337360
364180774
334022093
364544356
329193444
366697698
329448643
303650348
329350577
337200444
329519975
308191369
299693784
346585244
329842443
292349429
294525188
335225748
369278663
268633695
335604100
264152260
402854470
328839187
367654884
331879143
334773155
328293840
336832043
329970033
371642955
298123712
312638033
329370980
331176744
365515240
335458608
335735438
298778191
328872779
304455132
296925162
302229330
329159228
300894063
332915167
296133091
304501365
328032646
307400268
364602027
378262434
326685338
296544773
302582542
333724575
338038980
295821678
335623814
329130679
333149166
363261578
300343303
332914430
329625105
337152105
361476315
375143225
329494559
278874453
367504488
328383987
337012813
301377606
336308424
328075316
300947555
363994000
333539429
330331733
297367189
335031903
327459410
337922452
295704818
372203359
298991824
388609197
354414095
348589388
351761523
390295105
383311641
311800149
316592620
348910591
349176624
352738926
351595700
344669477
349768470
349865523
313000017
348005605
353330863
348624209
348499128
316426286
347692624
350114731
384838385
353349948
346587840
313493245
351389908
347668266
319598612
387492780
346971598
386181197
388646333
386729598
309843808
352896580
352354844
345956655
348212372
315876405
344978482
350261251
317350192
310260194
384188028
350533980
345481411
348454456
352228097
347499295
313034152
317185559
346729266
346077685
382244298
315730827
346397451
317056913
350712402
313170402
349698373
316840311
313464459
351277831
317062083
347169643
345817716
311558433
348507482
383218213
384903886
348895133
383243811
349300283
383636342
312299840
349982603
383626797
347845687
352946709
384155706
345120139
354336988
352251949
311505346
348723348
315583039
354393760
380542832
315060158
350065756
315575020
320921722
317308369
321099049
356495258
385529144
351193364
355971348
352956800
314608537
385253107
350883069
352035104
385072543
349705141
314883119
380175009
350658067
384386136
310119186
347636594
348858148
310860225
316700790
315839445
316015673
316906711
313338800
315693780
316553323
379245553
348142528
350842331
349623430
345771811
314322854
346518661
383930954
351339419
349095082
343070365
347547811
352256427
310645222
312703524
313638630
315771892
350498048
351030247
310915866
386387745
349573142
345529667
387531370
350295692
311814348
348886000
352294887
311184925
314248162
349570911
310898041
351397088
349098498
347971670
344579328
345328176
338092789
317592376
313999775
393844273
316869010
314037414
350526394
317289890
378399998
316477445
350777565
311767067
350690351
314593673
347021667
348508931
384946986
312778051
321654862
314706019
347141112
385009901
349695723
382729717
346218037
349814258
383134934
343040370
388506104
352597145
350223073
314329752
352337116
315833240
349042129
383696643
349315309
316526417
387946190
317132402
344738781
385353057
381032288
386386844
309805385
384193589
350138782
379772287
348194164
348971560
349997716
278868241
350462198
353199665
345776037
383635680
314927488
381399478
356509528
349487893
310997481
313627150
383149041
346592972
316730304
347914250
343249657
315340092
349634578
344314799
385796905
352560415
317007366
378570997
349024826
350302027
379931458
383954749
320585216
350697811
383224485
350590908
352176036
313604433
350340157
352182822
344944505
350971801
316859013
346772782
315812267
388235085
348510578
355953758
353664046
355494319
349249228
319525128
354842965
351606934
319045480
350556199
344041400
349478838
314378139
349748051
350139186
314984327
381172030
384698743
350682494
348682982
344592700
317291801
355491551
378887294
383252101
350608043
312278781
349460168
315989212
343408585
314291445
314459084
378376367
384503931
384435495
382438009
350872241
357053253
384298200
378808953
378630878
350403987
314496100
343511512
321637003
384853371
380162398
316014271
316651280
312398929
384095610
385513721
352273646
311675105
383896650
348832382
346157016
316228963
314677255
278088901
318059071
380333878
348704303
281934722
321795443
343274621
345937647
342333843
380945302
352283539
347054477
349128178
353712898
382657267
344653461
353524635
318687447
349066823
315571782
347428557
377714531
349193749
351911374
345058491
348527790
348401700
379247441
381390566
314524811
347605521
345181523
349540015
348752767
310782403
350144093
349795338
350056007
385787356
386669109
317162484
344762857
348488637
315172570
345771055
349605925
315078028
378978939
314617100
346628471
343286141
350570240
314406401
347675123
316357388
348309188
276331268
315259605
381009907
342941505
316458750
350126025
311152449
380123453
348431437
347147159
348212499
313856538
344616447
349049460
313929496
344736048
347973918
383828833
343910080
314059912
348781511
379181324
346319068
315579086
278726968
316106330
381831886
344054535
349643905
349791769
348271226
312168494
350655579
384053778
343687775
316229710
349374025
310924840
349391989
348597335
378472093
386477065
350332295
380363126
345374945
315759875
350907926
312593237
349569989
381735521
348019204
351987229
317030855
344715132
347163901
348043751
342237223
345931966
351487051
311537713
348280309
347941754
311721178
314475363
349869215
344284448
348328701
348986197
344715412
349974189
316549872
376814313
348563029
314849023
343131957
348118966
349213503
312960193
312649803
317585461
345079755
352378634
351385714
346141157
345735310
346822623
346879434
347567821
381986601
349675967
346354619
314479317
348873565
344185130
316590574
314991827
311246019
349536732
385403794
344073109
347181233
350400694
311611800
349539651
349395639
381209909
377874635
350621101
348516273
320198407
347918728
376592475
348985361
356357993
263681235
241771197
263010366
291213515
239464311
269424655
291713266
289758102
268434090
263399531
293381468
261092123
270135124
235921827
266047297
236182888
266821772
287989340
266863694
289483967
291042757
264397501
238296499
267992740
261895385
267509409
270719345
268028420
262150875
267417090
286525922
242088283
262909415
243464539
237437959
268370530
289202877
269533654
293351800
237666244
279312223
287831193
266698947
290038574
268826270
262601069
266831163
286966157
266143231
261161305
266156352
261866922
240398045
272345620
268091439
240867150
292475205
268065399
287079077
290756813
260343039
243116630
261227228
244617007
261943042
273632080
236371602
275540798
262504877
266797530
263332412
292783211
236818123
266418062
237262071
266019048
237652703
266671714
263300092
266889691
266129751
274854395
240946784
261856811
264757209
286951958
266197992
263038575
268116900
288858548
267171285
262165164
316869932
267389536
271952566
241727692
262687684
266291127
237526015
268265385
289626950
269304953
261646487
267176828
263169782
270080603
236581126
274624616
272535110
267501069
262724189
241967704
289581075
240246589
235739979
307536767
353469056
385501960
356233789
356336267
350797696
351674496
358195132
355249828
346662522
351491462
353517697
311932251
349964028
321216008
348090343
351628528
354457761
311967937
318036118
352255837
311264978
383425887
384135934
349750272
348457245
384282974
352290928
348470582
382708820
316808601
383073937
346385651
351171347
351279439
345853636
352923900
317406608
313786719
348806911
345896019
377755907
349450111
316567476
385193020
348245848
318589143
385347156
346737810
385570489
350437614
346804233
351256867
350998106
386132838
314741912
359062460
386387288
348464686
317153157
386293515
314156557
383936593
315801856
323546483
288392267
266054984
235601524
291825334
237665524
300466801
315435234
320193263
349314669
344901734
316340995
318217232
348554128
351641855
352336613
345191866
384435081
385259248
383775206
344079820
386182098
349703892
314036517
352922258
316923262
312250905
349101746
352290546
385572605
379565486
387177415
351029894
347958348
318512210
386748803
350077926
348544823
383715453
384854022
312617177
356615557
349339449
346293889
314847225
348187215
312408472
319120679
315369093
350519941
350471642
315531338
345664708
354601803
384770049
386318119
349931373
384174978
381792428
349833351
347439226
350341775
349902726
348145511
350953418
388886377
347326824
352879258
383846298
381047870
310630261
382929766
352010129
349497171
384620364
316599637
343751892
315577124
384660909
351327322
318225505
351118453
355571299
383954613
383996333
385631851
316538507
345650197
385673758
315768775
348965353
351483688
387161269
317917855
354237130
317171869
317837334
354910467
354582227
314547550
355021836
354622115
349950721
385442521
315543517
308112470
382517417
348864067
351156338
348474822
384171938
349900202
344169148
351622344
349802323
310437789
316684221
318591746
311914319
382693167
317989816
381857121
316415812
352476771
344875726
351202319
315684940
345193484
321414755
350872340
379480522
350784806
387102915
352505562
344584745
384431497
317393202
314684093
314443368
384266672
347217459
352750537
350775989
316220469
378848831
383909407
385029178
346949980
315312598
350969165
383360142
347633298
352942354
352097882
348050038
384401644
352887672
311186626
349959354
341681851
339891118
314909585
316704081
349714887
354341321
354687545
386279367
321174357
385252333
315111396
387546494
352117273
351131904
347944500
352084753
354040305
347746972
352754185
354191835
387763483
348839770
359080056
352768138
350799303
321132797
350953907
348088662
350483727
350916607
314556542
386554995
386178465
351879355
316910958
391080429
322166216
381871055
357308436
318916141
387830642
345884224
386628727
316038050
316622253
351545987
315648598
349777886
317745222
352363058
316021339
316902294
312831891
387118074
317437798
384672609
278748506
351831406
315228209
350065909
319188184
313937563
386727036
352389386
351585343
348062646
319696319
387034430
345756364
383515156
383437699
349263206
350504089
353747850
351675170
344468254
384013336
350958017
314297017
384875448
352184752
352135421
418019084
318029543
385853317
352783526
314862511
351299752
349365629
349784234
387541373
351557143
347963576
320273928
320407927
319902803
359817497
319043042
349629924
354042809
389154318
350730256
355903014
352632389
349399209
346901229
351456023
318728257
347476907
316730835
352476335
346710309
384564626
351235446
385255386
349417940
352019274
350841257
314395154
353568866
317352854
347861332
387600519
351472721
345954473
316504484
385394106
345578462
316043171
353563472
385295777
349372668
315265525
383415692
347793092
386753641
352858026
348265441
385701109
352969345
387383081
312382179
351231279
355206597
385378222
347186885
351922785
386973868
380934117
283529764
387319491
311858918
351515297
354481751
347539819
352636814
385595847
327408913
351675593
381282092
380035534
418642397
349236059
345571917
381575986
350299136
350158544
380475463
346906393
314221341
343389182
347441233
349555323
310616338
315260631
348265807
310330375
347440689
347751682
344311242
351971561
383034759
347689586
342853919
313389152
349875217
345798626
348840182
351396310
378875132
382614689
348066145
381670102
347714040
350313799
346640157
308933418
316648188
378957897
346932736
348976190
349113541
380139624
350119297
348838756
346714352
308657577
380231672
349097835
378593265
348572597
310884832
344474721
348125094
316774946
308955542
315716965
311078709
346328693
349291646
347204636
310268061
348004762
381099562
347228866
349319248
345293697
346728686
315429880
346807913
378262474
316007266
347526579
381899429
345284330
348852457
384457777
312237295
349906759
313188467
379950082
347640757
350115174
310984229
347116656
349206008
314047139
347913182
349278902
308962168
383364839
351492050
351898336
348272083
347982950
349807915
378691541
347604560
316193333
308395035
347682411
276388024
349395163
347856426
349240701
312816780
349956386
349105574
343337005
314636175
384184440
313372192
347647969
315357601
380073931
346530570
348414855
345320932
347426376
348172069
342880630
388136855
350575726
347137899
379093011
349411597
383515250
383393963
310689118
381853109
346653700
343989584
379852456
382888035
312824956
325197142
351030955
346272275
381114175
315258011
310759250
380304665
351754614
349030290
379613731
349970736
386412379
344704859
349289099
317190841
278380783
387501667
315126796
358519050
309246414
347658458
385316560
344560839
349871515
348167490
352061618
346398274
316325592
381969381
342083367
348156395
314400258
344450134
315336742
315203630
314370397
346641379
378779351
378685889
382613795
382046839
347455420
343797010
348294032
312611293
344991188
382665862
350070980
345961064
316430204
315873628
312779871
315558239
348262000
345895478
350491548
347512471
377507458
381495809
385818797
351162247
343971316
385973296
316400354
344204936
349064079
380235075
344540686
280677583
349256563
348731440
352388879
319533731
312228880
383795398
382208205
314324446
344589500
313530462
312735118
387781191
316785541
380127188
342688367
348352194
346689184
342773692
314614093
350718707
382705526
314280215
314909766
344934478
392365939
347719730
381979262
313353922
382793229
316495258
346131381
317094223
350055112
344092050
313785299
348176553
345259992
347422742
314970801
311228709
387936096
347148948
346799504
315374521
316968815
344522799
348668801
349460524
348784066
315414189
347309584
343380185
394115056
346974586
345485943
349229561
349744715
348361767
310126573
316051372
381528311
343473366
317880264
348308472
309513087
348249899
314630880
346838334
315461975
344552784
315228810
349736072
310099492
315454677
352664725
379310772
310510032
317811099
387377352
313241765
315817721
309911866
315237684
314621444
346054604
353908080
350041699
344403026
348330009
314025990
346883768
347223761
385863956
312624985
315811797
316759257
345355545
314204028
352144772
311963313
348700260
383105125
345890233
348265148
350812840
310349935
347246492
298224783
377772800
313542093
353426829
347365474
317817509
349903024
346183488
318483790
383378853
314130197
382973438
319227664
343932070
348612821
316927399
381125722
352360304
317410566
312972603
349251495
351452018
347390415
316553767
318384596
344562851
351513765
315669479
342333289
353502797
351126153
346218306
384005810
320365167
348992297
353835076
385672835
350400174
346136249
320292666
315943633
347862051
313959386
382959738
345182098
345847987
384283588
348379151
309811571
317146330
380553826
344093559
350767876
384458454
346884496
347902257
329192742
263246089
241821318
262464753
267386592
287647592
242947067
263291704
292936361
292465088
288160740
267657201
264756048
272115027
236392876
239693585
261856663
293618680
236130116
241315949
289625213
268809254
238131091
245901549
261096687
239913721
287785734
274323399
268775798
241311168
263359270
242716709
263630034
295062263
267522700
263595982
267171435
264486133
268235260
287537810
267505072
261971404
268319412
264193484
294445997
289302054
241750858
263700432
268663476
265459104
272235875
244302358
293527525
298927923
265309750
268844837
240221298
296040495
264866967
267922805
262650886
267672849
261269764
267512358
236625060
241559355
289172859
267310099
294003958
263014059
297193568
261491878
292395896
287549031
292691078
237112732
266913021
239802763
266274414
261910038
266994014
293412083
264981549
266962404
288610626
293021981
261575774
267105562
264998603
266544950
288839928
269563058
268180214
262145897
265797645
241934423
243003568
239228880
267743171
262734733
265564136
262061298
267461410
236620014
293232015
286416903
294714068
263291695
268244557
288671909
266800091
266846796
262305226
266902871
238421059
266908561
288433613
242337413
263150553
267272808
261349195
268777433
237549754
293240032
263200396
268062784
266619495
242360963
288682618
268053355
293193709
236079280
306939148
345482416
316981429
358389023
386453582
318647862
352976131
352031097
348285872
355282079
352587210
318450538
353514245
355069053
349810218
385162817
385822312
388045661
347867426
351352453
354890889
355082897
315504576
387427520
353042796
347255926
387399411
318793579
315778078
387964613
323785528
348784871
353814060
353738393
353483789
346492093
388084900
353351252
316364550
352792818
355900431
348099561
320663888
355416381
314703320
355443353
352673854
315780868
351316065
353311587
387235788
386701520
356758627
354094489
348860960
353116467
353346737
387818903
384189397
391761328
320021930
314234892
356132480
354421695
354962871
349395787
352348467
318005739
381653065
389526401
355855384
354047531
352676954
351067876
320582849
350756913
351988758
352459798
387144926
321421449
354473716
350349564
321246416
354531145
351242568
355647291
318953014
391420191
316596697
354992524
319481288
356555217
356002834
320193414
355625230
357069806
354263135
353478864
356687973
356497291
388309912
348241272
353176809
316748107
315895143
318843796
348898777
352888260
355538078
318179151
312873469
351704207
353287107
348328942
319935223
353373091
350675706
389883729
319482712
349822742
385544838
352618649
314188511
352613852
387493091
319339976
313240674
355571931
354999311
385242612
318710690
350926839
350006721
351762593
322654041
347426165
354012667
353914525
355815568
313795363
350373334
352897905
352703113
353115860
353051987
348588553
349931645
357910192
351314982
354767323
355070216
350909362
316223663
388849402
318487378
391167688
350015111
348532351
353885085
352959250
347414669
349194988
316486776
381005157
349680029
352914678
349966549
345608243
319385202
348428551
311673516
315976475
382263801
315021189
391489042
351609266
350206887
350066849
383661357
311060330
352134370
351365001
348648896
348012900
350728147
317981110
281002968
352622830
385029296
313279333
318916070
382809098
382855880
318370600
350535199
345278480
349482028
348252289
311055609
389192310
351259066
349101274
316109873
382607547
383024086
347441140
317532504
352224575
349703904
349295820
382503850
384069089
313134475
316063156
345655853
350995803
353002292
354131881
346898920
317959982
349172609
343638517
379622836
315119834
344838796
384636088
386203974
350299638
345100521
348384987
385055841
381024270
320555390
387413766
355992882
350803623
350755579
316399927
347673234
349112539
315463426
313579886
316845804
313888572
350501538
353887754
354259552
315892164
353486558
353430094
386721531
388489927
388335327
351569519
351335634
386586805
350751475
341675901
383091528
316147106
345817524
317674377
317295698
345509544
348819106
348812251
382559538
345003948
316889993
351366014
314003567
384402514
351802013
349689074
315744514
317945048
379543213
351049174
349685774
345747192
351581493
349822100
379973185
385488090
318809427
319180192
344211337
348674146
351784214
313250827
350443362
382898593
384775985
346521210
354876487
385025173
378373417
315895977
350356500
312925308
322932376
349955934
344700631
350834719
317835141
348081817
386891004
385418495
349739328
345830015
383974071
347511772
313209206
376194999
384855178
352226682
346113619
382348385
381858330
350722084
380453381
349878784
316785992
313005270
347219352
314952129
309424397
346247538
383115365
345055982
313198763
347394421
346294694
347175850
348305800
382542344
378422746
347295074
345747067
344766977
313409665
316243275
349599676
316352382
315486601
344702095
346055181
382452659
345642178
350322967
317135495
342992618
312368462
347654896
347175111
349638007
382405536
348202675
313496390
351488600
348912640
343578609
347735334
348615675
311430078
313309995
311213287
346906404
382957722
351798997
343936873
313963815
352490355
349466144
414982146
314780992
343210764
347977151
385305475
349044010
343482345
315315588
348870806
379433518
314072138
313108149
344720280
348651240
386592839
310827201
316427599
316217757
346296757
382585546
313269836
344125567
382609641
315912661
344395362
315737226
348380078
347770283
349105763
348152891
377851939
382344120
350110817
384698706
343163956
316218936
349992102
380789286
316016335
349450192
344307765
315782540
346865551
310996187
385305309
321140659
343426819
347276645
347263973
348570165
342826642
314969887
383217899
378131326
349534275
353115568
345688045
324943541
350427883
343808042
381639142
383411887
353014592
344070782
314364790
381828205
380879700
351177041
351125892
308920711
312578554
349842589
347174794
351899020
349666166
382834515
345690131
348082671
315274426
346423791
388601726
354996650
379932351
347101859
348788967
346972021
344106406
347834442
347829061
378255109
316108468
383877790
381803725
349719394
266854823
235696830
236460789
292184225
268542870
244346491
268418599
290618435
241929555
288574448
241667325
262376240
293863320
238081570
242183565
236961707
268338264
260738164
300019493
237395876
292857813
263159795
242074718
262214432
242361092
263193036
241604155
236885896
268531610
290259143
268377501
238191666
243398945
263842536
272562875
316461408
311271328
317693968
383875339
348116601
352928595
387237621
313144627
319920446
384117076
349855438
351365954
285371014
348837488
350156789
355355802
310541508
349542610
351806675
310146378
351231398
354183642
385008224
311892593
349225459
350920106
316087809
385034782
351112735
342321153
317648833
382680862
345764342
385187553
349939500
348577928
314125695
353260274
352931047
314380509
348272414
346121727
376543913
385283986
350458766
350673475
351423247
352346300
314311601
347097574
350749826
348968676
350303255
351075010
317008739
315706511
350271682
314944412
315947416
349496955
315313457
344698204
381763448
350350716
346805887
382641417
349886018
349754801
354385743
319178900
315145255
355415894
385616903
320224383
315451372
349383396
382051771
310057285
356123079
349718641
380046021
351692665
381829013
350143471
344000397
348387361
383630648
313704351
383464770
387044667
381017182
314020811
383260674
314566144
345126673
349402293
314475725
348105424
388279536
385050423
384840019
310759907
356965299
385978929
348673877
382268278
386383897
348063467
379222885
349776881
350428786
348416425
353948310
350886973
383389858
379816502
387919757
352677047
311703918
353170411
318439961
347834996
317692062
350813534
378868541
383558248
316102633
312436739
318582225
383668772
343986851
336303158
352948918
348241615
347155420
316651263
382521527
344399867
382177422
316394588
383086027
313256660
350912311
350044789
344123605
348942847
347210842
376972052
349313838
315188467
376906805
349645913
348083780
311376425
314808694
314652024
344459332
380178797
349378008
345914041
311909369
386851874
351860989
312338969
314231902
311196020
311889059
348402453
345266714
349207575
316559284
342528416
347308883
387357890
351512025
345675725
323829884
317594131
310671925
351372663
347967389
309941632
381727964
384250539
310607135
347096111
382311709
344126386
383945427
360624328
347020791
347250980
352350524
383109029
343633938
348837070
314365746
345443196
314853344
381009568
383153086
312075034
316041215
348065941
309235294
347884009
347080016
312801673
350949374
311085370
353516418
385084817
386785266
344395082
347835697
315567946
344669288
383798175
316047673
344250112
350376633
316069688
308641821
346823353
347418345
384980234
312034517
347745847
343410450
350389152
317094672
345998951
349075624
316169793
344017694
347717330
347158799
381054639
383770436
383369839
314741509
344091680
350070138
348921015
346942069
379422113
347869486
314816307
313028828
318049670
348107158
344137232
350092488
314802614
310260739
316290004
311154630
314185639
314276871
344302907
350664407
385319797
349332670
348580434
311743722
343261228
350563332
349949061
347161590
344939562
383263846
348641764
309950073
348173359
352244993
347226731
347776893
346774792
383165343
343234492
348879641
348014737
377846914
312887266
313905705
380196661
350747296
313414969
344016626
313277479
353154782
388943165
350372936
379144451
350416064
349560259
349253811
386169627
349886547
383870756
346047465
350182296
315677272
311368166
354291699
352833797
378570480
352256359
350307614
311862321
355472554
351556017
383683726
344576417
386218161
317010111
348692393
352883840
351030605
349070292
387864710
349930974
348286651
314905458
385539670
383020997
346430130
315377515
349276298
310708378
382133333
351060494
384872153
310659363
315980468
382422704
347310344
349752203
315582489
280048407
315021918
343632033
348599696
349560732
383280774
345752928
317568330
312971109
315086444
319270297
384689785
316429121
349093117
309427424
348227165
313674357
345281180
384433045
318998488
312739617
348293692
381846518
349418571
346584813
349889848
386041050
346362144
318996652
315546892
378965457
319073595
353785686
345300314
317972389
349432090
386921105
347659147
350806404
348202129
349280265
355726174
355686941
387077730
319899019
318895889
350168320
322431828
317831434
347165484
314874983
384291130
352174670
316767843
350894936
382361348
346006652
350834773
316821166
343830827
316409844
347429047
345678095
314417313
349150723
350248418
351118539
350989058
310743247
349244734
314922114
345616165
349928480
384836039
344981835
346930431
349978578
348090058
352890397
349122121
379841077
345998702
349771550
348828457
376191990
319665506
351646902
346648173
383531003
314944338
349519245
380015905
349663941
350446056
380085222
348428874
352991218
349390022
345554069
348451742
350525054
346967071
349334760
348799880
307340514
260753331
293415487
237421639
241872145
269230872
271905667
265391077
270077309
268867867
238827644
244026872
264140685
242683538
265840665
270226370
264854032
270858667
263515931
244023438
290297959
295443218
265556292
268728780
264498992
269198547
295502874
263692577
267655942
267049735
269277271
265031873
270285356
238295813
269431752
288887730
294137086
237276496
270566857
265278643
244068218
239265386
267949207
237726923
295265125
263850400
300515462
268892278
287273868
294701219
290492628
270244833
239573993
242908761
289361122
268897489
263314604
268971785
269211600
263119891
268470990
265846651
243150794
288305747
297790861
261184693
273876290
263054274
242164964
265893953
242452632
263279052
266241364
261692528
241690344
263747097
292658863
294707210
288070463
294529724
288667186
270026726
289444477
292625899
293616114
238151183
238642291
265283728
291932211
211010447
266624920
287019791
267862094
241755595
268377790
238760715
293307647
235988029
240919116
262231996
244259050
263750531
294665356
237634043
268557919
263177584
296622024
263797889
293982137
238304970
243856190
263743146
242877710
236665602
295685842
268190488
264729591
241406713
238965633
238161235
292181746
267654684
266219501
271482117
268012875
272061296
240808251
269470987
239291066
243025845
266041929
270590113
291797110
267707836
236985941
242143790
261094291
293262273
236518083
267205843
263531190
241569935
262292636
293608488
269872164
237482420
268258110
263552511
268408618
264502514
295162535
288470908
298627907
288598479
271241741
294611195
266228012
295255074
264716727
243381402
263255896
244030764
262434061
268151676
263339247
271547425
236889151
267235889
261660769
248981330
264826168
270196594
289346486
265579426
261566699
267451744
291779728
266093611
267779864
260705288
241084923
263630597
241790775
269120235
269048731
265750424
268483082
261939148
293518073
263426443
241504533
288858262
267373305
267127847
261393003
242377128
264918202
267895592
237712570
267991986
263176502
241804102
264619400
294328729
288007870
293465203
303893451
338673639
349528539
392814767
317471326
318536490
351937071
314366081
383913550
348497852
313971416
316242354
312579078
347890967
349913248
349954305
347348664
347556736
385074247
380382563
346558886
351425120
314624307
350225492
348880249
348527821
346638861
349792897
380644030
380354445
354330849
386111682
351597735
383273820
384801551
386295957
349049388
348611395
350123273
350754535
382614619
349349033
349545241
350722778
310265277
357859280
352088359
382818924
318095736
383720846
346402407
387214396
350594452
313149279
351405308
350594645
312295119
350194129
384778582
348288696
381556458
351322184
315624252
379585047
351332760
347319835
348378148
344176696
348800255
349386418
313890340
352829377
351105498
345381444
382407241
350952705
346762686
383577210
351296951
385238827
315340640
388396487
351864607
347230276
348772245
393203078
347299012
349502206
351917037
352376518
313593878
352382982
351414823
317538729
356473107
322297018
349692210
317263898
316584566
354074283
350353282
315732025
346094067
316319894
314883300
380744848
384895529
350058083
344784824
384035655
381957085
315283165
345714613
351907821
348699193
378614104
315825431
351023136
347452155
316310225
316895042
346293943
350793755
347780213
342911958
383533040
315525084
382005862
349085471
353653075
383074985
377550024
316880088
317426557
348111549
361862602
350348718
313213223
348371847
349693841
349033908
380207453
317950714
346720823
349384538
349536700
350411103
311439631
275974132
264582327
292882116
263487161
293137960
293412931
290101579
268700503
287710868
292222417
282142632
315711717
355116295
319294854
383171808
352396377
383608493
345207778
386132411
315568152
349502025
343957304
350505257
349868291
347103330
313710821
316762395
347288038
379928411
316297875
314759938
348722154
350138090
310835664
349946700
350706477
341817569
350065429
349591872
350741616
316330220
354907401
348780034
350380698
318212431
345567663
387542398
353715224
384438431
348077911
350305494
316788091
311801684
348979702
349432988
348346398
352678812
351215416
382010179
311459910
352718985
349753626
348529027
347245366
351475267
346913775
363012367
350456133
344419612
350916833
385468901
350956982
313142664
350557953
384004515
345080746
347247629
350848784
346071667
386067767
387043491
351499904
344974814
347597032
385140445
311988433
383113573
323360651
313716387
387459900
352219737
387336136
347738475
348678251
350932336
344027835
315782177
388411219
314224642
349724626
391568159
318976524
351851651
355025058
355812731
316846300
353203731
387107614
353108111
314289410
350997582
345405851
360901974
349995105
384114509
312834726
349262125
384131878
344556748
381706104
349995849
347379653
382793524
349945368
314160403
379749822
363785644
383875673
312768055
351411493
349511443
344341114
320773782
349246923
349736546
311712770
315779522
312856133
318406186
350756154
344827250
347879710
385514613
315592326
348511265
316052935
347270773
316617903
349403730
344779352
349844422
316905860
380597305
349466180
349809549
350694251
344961389
357205042
321125237
317224015
353803861
353836338
350523278
351868989
351683816
361759765
354739232
388835702
385880695
384536915
349417864
351795028
347419490
317929401
354533861
385735556
312975648
351021322
350935900
381535048
317316277
389855884
315637944
316535489
349908277
384430071
351643593
391639400
353300751
380875880
387343496
316337553
348718879
319160734
353914314
316591408
353007205
353041878
354223903
312362806
317981270
349255487
351867247
387386334
349931486
349429959
350648870
351477363
311622577
388830520
352464472
347412304
351755113
352497417
319082401
314069697
319569244
384800417
348699287
352541162
351371376
348613275
390380325
319524804
383050910
321323561
354560347
352406903
348306473
351475092
316667801
381559844
315417241
384237745
317891065
355584937
351976298
312849951
316929954
355831261
383650626
317487204
388457371
314970810
388428727
386493786
318714782
348377178
385978056
357572326
350937827
386032091
352281411
352699081
382825841
351400383
351946115
350144156
360203206
353294472
386050369
351417310
386115283
352552972
313963356
387852175
317231722
386219701
381629036
351985995
355122919
349329154
352910765
319260286
385656923
313045884
385441720
352225948
347120179
285745106
320193918
347237355
352552105
350510978
347193567
353459433
350864738
348715076
355389495
354555260
316788762
356667212
354682074
386505476
347803322
347824823
386294206
382697606
315017919
318171234
350270405
350751491
385836807
317212024
346726025
352406847
353276445
348828003
354547480
350340256
348071492
351624332
353360996
348276066
317550833
351303338
352169709
313178939
386984358
329246598
349821091
357620318
350385389
355716430
354747666
314148677
352649674
353389223
350027563
319130108
355790756
388034182
350662779
386105415
318400824
381869563
386892005
385625339
353595575
352081301
353782053
356760385
384755769
384282136
354200829
315888666
351335868
356522922
391632522
381787582
388356426
387065583
387591837
313169299
388737922
353194951
353979144
316118784
354341621
387094071
313637719
353605876
319392159
350418367
352315252
354253021
311138853
388471279
318863159
315862856
355334986
387987519
385999176
383326351
352949089
319334144
383589258
356384896
353963657
386968610
350124247
354965848
388550197
350884440
348299207
352917173
316877519
351926884
356695620
392970642
347274470
351413040
354772851
387105963
349847239
319862900
424316258
351402398
319161461
355486395
351694422
387718263
352303244
352904751
354445722
354148199
355540320
349869063
394911026
355761196
354364409
321279973
356700532
354768447
353588240
360090418
321907365
315907319
352980070
352304478
382146158
389612190
319577646
386346991
316042300
318812437
351561030
313324927
317801263
352423156
348817186
353211435
353942049
384192149
352242376
359422747
388421959
347062595
352465290
352827417
348504197
388166079
385797563
386527453
353594799
388192261
353693479
384361801
350415809
386602581
356811642
383663036
349535279
387158325
321549986
314293503
316106544
318894696
352691099
387327269
389069045
384700579
348723352
324890809
355217387
316052074
353325461
349906848
316691770
354130256
387068327
379685440
336855466
347965174
380447227
383814119
317043079
349278286
309459929
315790921
314475977
346922220
350375577
314507798
344357474
348715923
347200566
345166365
352108184
348845932
346972782
384148543
348199972
352579751
343557139
314624006
310645340
351320668
351563279
349921852
311608979
353728008
354419473
346425379
319562422
349026268
346087732
350404984
348903073
345015250
350202229
349510358
342415526
350606552
381789502
349107682
345344721
348763794
316262094
378426461
347855682
348502068
309939631
346032861
314806585
344371643
349993128
350013743
347262876
314942739
352316210
378951278
349563512
350049418
313436826
319393196
381376349
349181671
310611607
315899575
342618158
314715321
316124318
379793821
316509778
382056120
380716346
379990449
350660523
387301877
346030008
349367221
351506244
318230706
313797700
347957862
385998075
312658806
348297712
316811151
311897958
351212088
314821880
347711789
347000329
348078023
313136964
349511787
315212368
346564115
382095999
351855290
346552492
349046693
315220621
344622803
347580238
346257221
343252576
384381345
347915934
342991033
353685711
313363351
311089890
351582915
382823943
349787257
344799108
349406297
349240945
377178653
347485583
315633071
343530152
379280219
349850366
344861570
354501899
350381094
349394382
382620441
351197917
317846629
383082625
348508549
351379666
345495901
347729975
316819261
385655780
344494216
318523533
316510837
309857495
351489551
352926054
344417081
385466956
316569289
379335639
317653941
352388236
379261607
383524803
350016737
318590499
345312737
348594505
357181287
286016842
291356491
235348142
275308252
263836999
270436824
237158630
291425633
266394064
261545786
266124296
289072741
271043925
262870454
241798199
261210512
298137540
287020464
266194430
261585990
266632792
287456178
240944127
291883571
286859629
265326887
262784636
293036972
286743844
271641176
264084089
266616867
262710034
266152945
260932567
266827839
267343671
263064116
268179370
263337654
267182199
263718837
241633745
266465651
242377433
264882266
267224515
288734813
293131335
262044648
291372645
260532868
267000216
235998699
265577562
236240519
265989583
267253236
262998897
267846036
261840967
293097579
261192760
240850210
261073470
241508800
236350065
267669821
235975924
241013246
236337663
293426833
261487195
268645023
261777268
267949487
261100725
292702503
288217282
242791124
237492317
265288561
288457253
265502686
291139029
262878638
267403951
286570471
265487833
288970375
292587449
262997810
267043108
263529083
245920418
261599800
239940398
262273230
266806025
266362199
287805587
293439938
236528345
267692227
263244675
292616126
235651581
267767280
236554756
293088285
236204486
245412816
264003300
267356738
262018853
268676070
264289315
292112729
236700593
266201732
261832782
268615014
267761015
237764652
238590466
344896865
315548953
347214045
385982536
349926838
382644560
349198119
315532060
347328138
344753443
348253532
350656964
347577926
351873561
350502817
312073486
348945200
318731250
347033154
349199401
384078714
348521151
381669425
383420531
349889692
382684162
312084850
349380170
383077807
343459563
382887948
317107337
347254336
318199090
383204718
381871961
310221664
346440536
347415698
344075948
314967209
349147151
312706104
382836909
314495197
378318886
316688297
313218776
343593277
316405341
349981135
311428173
349482220
317512729
312522846
348613806
383150895
347257397
351717105
382722045
352708890
266201763
285815342
269108533
261003017
286339805
311870969
383629472
351204946
310447455
348567745
349889798
386119763
380558436
381674843
381895371
380866228
344430978
350402487
381151833
346101301
313993993
311673093
380045831
346158685
381967995
344218285
380078048
348270098
312287097
346138586
387117507
314533804
344971285
349592366
346706356
378879768
347965760
349991227
385435722
344334785
346806324
348443168
377673852
349446080
349884091
344735980
315801877
386266068
348535691
377198320
346604751
346672829
309996727
349594516
383119413
377341692
379186943
382301509
385390168
382233723
310139490
348989774
348253061
310796485
347478844
380611173
310005381
348500148
353337147
343262974
314814007
382823507
379016384
381042943
351224648
347233789
344412537
349137661
345814690
345956641
387520238
383971516
347869469
345348534
349104614
382952065
344086499
347506786
315793171
314089695
348218151
347982085
343507380
383505216
351481905
351941276
314544585
348037736
345885450
348063607
347987468
349191267
308975653
348340161
380563079
343927876
347805224
351302602
348260134
314018868
313836051
343620366
350053773
351105658
347279543
348009848
352256317
344335681
384417439
384284677
348146782
341994449
348877690
346715976
345921534
348030000
348497783
345992084
350603098
315698536
343962046
382613157
381232862
347536678
343857698
379439914
316819301
346150900
349498377
351255881
381562391
378863946
348526345
381849363
343871552
350927698
347956466
383587067
346580683
316257892
348718934
345803778
317636733
351612494
380952813
348476267
320369753
339643456
334920912
354176741
358698804
351760523
355149688
357303345
386340203
356557382
353856061
352350001
385806001
320099714
319151557
348982405
352218675
354135139
350468757
320074845
353715531
313974569
321951034
352728935
350145590
324227638
388979850
314502820
385514985
387219983
354548265
315984713
354128247
317503157
352088523
355658706
320985147
383419106
320045827
355766096
315241630
353442926
388482754
351549565
349643032
353022556
315928683
317161175
319476497
354957460
346258657
352688864
319000270
315529296
362792111
387750537
347283817
351894699
352321233
349053562
353415006
354096666
315536387
353126229
353466041
315480783
353451448
386021909
317015631
347056385
385023676
319596517
319125731
354877074
354843133
346972088
316221111
353514629
348060589
318583836
354861315
349645109
355304366
320113411
385419136
350801695
317608002
313878702
350505866
353903632
353138318
350826527
353306832
355084726
351985952
324013555
392593090
352605787
322490744
320516079
357556976
325576959
321016621
316738372
322450446
317725090
347952720
320103800
353636853
346467679
355099303
355681848
347353378
282974221
351457392
348384835
351479287
317844647
349113402
318488851
387223163
315706160
320398549
352232475
347961766
389066276
385142999
352019268
383900921
352332778
392318852
316907163
352089220
353439166
350819092
349298838
354905508
354807371
312624997
354231888
320368941
347559639
316799952
352810042
349126948
387951594
387388031
353723969
350249552
350730397
356420616
351134122
388804925
386705027
353273007
385433754
319151420
387154492
359273551
346882897
382960207
386850143
348138327
353791509
350622088
381415600
282260098
351939039
349381594
352536326
317458235
344510952
350648310
350639114
343725547
382402479
350290811
350654837
345197609
354356358
351104560
313425922
319761227
351864738
311203499
349049609
347629162
348173834
352884117
350366489
348203934
388849223
384544514
351418641
345631560
384438164
316311560
347782710
318455442
351748142
343742089
381226296
388446208
348527899
348507111
352040536
316553831
347811154
352370400
352147567
347438617
317024305
351916135
344771741
350421409
350697627
387619574
344661215
385544760
384609895
344865451
347851796
352010493
314673459
348000996
314613726
345167101
313407058
350374318
385958158
383111481
384715056
315891038
313113377
315886325
349478649
351169133
320218096
351450432
314280926
349443081
315681912
314962537
382487762
382866844
344601184
320299096
387545175
348144533
316916590
318481110
349279926
391244139
355960084
352995414
382846708
388468378
355342203
315562895
385343092
350474946
348464311
311295994
352556209
320651838
312305867
384973105
316399296
345383096
317052365
348145100
347118249
350069609
349233426
311141976
351370773
384865570
347429934
382393808
349414252
348333688
343575757
351258445
348583433
313072252
319124448
349000534
352030858
385966014
351551792
346188365
316341603
318379544
347252334
349398438
352136492
386454109
311755330
350024787
349508947
345111023
351582619
316326948
344953397
350583630
351822545
347181916
317941191
319058066
380363278
349961730
350270922
312588555
316778853
383593348
323056385
354475895
382689894
319981203
320332659
311647413
314050292
314025774
344810474
350444359
351490333
311186981
349210991
312588870
345123894
315265854
314664060
344032078
350707292
383681069
312925514
348247176
313869632
381132277
355132557
317417434
345349141
363437765
314198681
345002623
347538614
383402502
383977437
349826039
353507154
383335314
310909924
349410272
351674025
345823027
345668119
314481502
345490499
349248411
350783393
348518581
316589157
350557544
384523683
343924682
349991344
315122838
378010543
348188189
350499987
382379909
382684164
348835592
315104725
344996110
384116835
348851699
345457641
383685305
348883459
348289815
377081345
349963345
314756561
343164136
353882817
350520669
346031086
316402024
350318794
377780374
348745329
351568388
309608797
350192458
384057598
315628924
345265556
347557353
348718210
310592941
351553023
314766775
378403787
386851961
349169102
383102639
344260793
347608084
389865244
346629720
349278599
347869238
346375706
349411598
382502359
348529905
344098266
351631910
345844295
310613877
349332826
348863912
344589091
385270251
315209313
341794859
312893822
315844526
345629021
346893653
384867987
311284446
358805213
318523239
378573959
316200467
347673222
343513410
349323154
349960192
379910020
311784124
315621527
351316075
344303631
315612854
347928939
377997918
315741349
383509200
344785584
384053904
384139072
351063330
310225846
384320389
385938943
345921372
313726215
350776386
346853926
348550209
383790308
349907438
313469148
353548694
348201882
346370513
350680196
346449151
350011489
347824759
324730518
314086420
347668484
388876666
318006022
378126445
349397502
353452232
383104263
310789679
351999432
349298067
380757679
315681043
315258976
347610654
314302354
349568500
314523781
349447559
352487984
347120973
334611863
237693475
266449484
291455308
265050025
270004147
263831394
294942542
237196184
246522109
238780566
267757466
295876489
267829811
262013005
297600906
263913978
268896238
238099864
293486381
241989496
261561867
291647280
261975647
268354669
286791444
273261670
263870437
267568759
236979202
267938879
235900141
242377456
289022019
241610660
237436743
268291753
237899623
241579883
287319745
267942588
238474818
267591347
237223841
268082769
288366236
241789341
293801361
237029688
237909184
242928191
293869837
264420492
294197366
261663511
241195152
286914223
240812876
287788293
268453609
238085571
269447719
263745738
266533320
261285911
267031779
262883971
268151474
238531267
268774276
239332717
295282624
293613511
239419933
268004786
289271761
241744750
264083203
269940027
263197992
268599937
237814671
269542077
266112686
269512828
265402869
242816412
265349462
327245730
353128979
385613346
356196649
354282014
317835869
315620504
392413362
362779073
262523945
293985013
286918738
267026549
262263053
241108023
262895257
242126911
264877958
244318403
262687148
267041084
261794438
266808962
236527073
242450332
236940891
242539697
288769125
266640119
261956845
242763768
263364387
267853799
267361610
263471507
267577393
236344881
296259517
287555214
268372136
261501890
249011325
236733035
270636903
235546585
268029892
290747374
242392845
263618410
292360986
261707371
266268845
262112674
266761733
237682525
268188448
266141216
290059144
267558655
263714785
242063966
236901778
296094656
290785818
268026880
288444733
267049793
288862020
293487159
266843812
262074059
267862630
264749888
242526858
289215666
268662310
262538881
268109454
289476753
270965917
288713416
266141758
280855399
260392973
244078531
261278831
264581985
345286174
319176495
315577261
378392001
317574366
315815461
347119520
318088276
350308114
342530788
350584509
314615053
344518464
315794183
349715334
347190750
347421594
383405132
347436411
347742614
316928461
350011394
347062262
348706063
347433492
346716987
351812082
349342479
346648291
351774695
383086557
344910896
348412946
349949045
310966191
389365705
313704977
381605417
344304415
315930240
346843844
343564316
384364423
384130710
382796154
309515349
348172118
346831828
345039786
352432640
385720593
344278481
346137613
315220066
312943783
349757436
382981821
345800716
383304442
385802619
349048245
344300090
347173708
314177891
344196490
316789801
313506238
347616669
349674711
349682106
343455434
317686308
314165716
344754015
349430171
351376275
346337716
350894081
349528256
312511502
350901506
347816728
309831581
386467208
316676188
381998371
381549581
319435304
313790625
344422698
317661847
315715570
351217661
387132336
315242103
346731988
319122998
313682131
314950633
382683257
350538987
349268645
348219377
348018277
346929081
349860972
348347214
345118174
384578158
315479581
343523872
315070850
349772979
344937641
314374471
349759863
346470107
347964752
353176839
311421886
348725873
348775886
312167414
348675409
317720311
352813126
348898070
318052284
382991326
343864997
349233782
383324189
312177301
381573770
317041800
346013605
314812752
315271222
376803779
346594918
381781132
384787787
378800642
282535838
352579832
309422666
348148359
314610257
379562245
350221399
314830845
345932453
352109762
347693736
388987839
385129248
345738226
307562528
312967401
382064075
384522001
351555509
315423339
381705366
344731572
315696129
383725868
312682084
313889082
310715807
347736979
347433413
313292139
349072171
383134773
316964838
345705954
381884345
319315968
376438818
381186643
348168269
312173680
317519180
314689211
313374737
316434016
355301620
381332167
351973548
350866256
384699386
344219754
316084950
315633734
311879537
348551344
346461074
343952493
349056594
315951545
344838321
316133492
350562696
344478139
386322051
382704594
343255060
313317413
316939561
343580194
348112942
316810334
346634326
348494528
352627390
345264054
349446698
316311373
278062548
317773527
348940242
344672512
348309964
350569141
377545053
386808020
316346854
348047747
380292913
313693574
346318210
345087096
384377507
387224250
346044045
382987482
319588343
350707822
313808574
348402207
351715725
346222954
348224941
350963521
313478131
386284262
351089407
344270993
349817712
348012268
384533202
348016282
349245340
346465885
348668444
350821574
350039983
309888457
316302518
382581408
376842369
344042783
350584385
345202196
345851683
349566189
381828497
344427873
316576205
313179141
345693027
347758930
349613706
345952820
347871415
348578090
342755752
384635947
346901463
346640989
344817536
352634947
352858082
344417190
351201033
385011674
346236050
352917828
352183354
309481801
383778681
314260821
349332348
347267445
351094286
384974224
344669418
314256956
350382754
349418492
347522224
351073998
346286367
314747907
352223943
348374732
349124554
351064866
349541035
345567353
385597197
314010210
392274590
343383106
347923809
388142190
313522462
354964821
350206367
313143441
318796137
351041082
383004486
353148287
352483360
344519259
385679418
354173776
347190968
311013147
351027399
349059088
345266400
387123953
352259026
312263811
354095269
351504801
344336456
349513356
385311345
351410675
381271439
385336167
353865031
346846805
351147479
316059005
346339711
350032020
350827694
313744485
349252186
350659117
347642685
345348532
352923077
348359769
313959050
352067632
351441519
348077521
318363909
352863791
347494151
351109181
351297496
311431172
315892613
350557539
348047055
350135419
317319206
345278417
348977874
349899057
383571540
382653378
351438884
315131448
310833346
383106432
350113021
348294085
352538050
349782182
382714962
347489040
350134951
385342375
350774217
385009631
351807949
350256049
381508457
353610389
315607804
308139761
386947343
350886943
349436812
352123113
350442856
315104683
352612661
354093518
316800367
354826454
353116565
313300272
389650894
321497634
354228698
346702413
385727603
348760672
345268435
391455055
319673888
312739661
383758857
351536583
347804359
311520530
385531845
349296337
312489044
381904649
353961336
311153406
317097288
316855484
379317104
314856499
349207570
342251910
385992596
349426647
311807640
387293364
352093390
352724521
347618622
350732522
316539354
312541658
353845191
384052851
310837972
351844879
317455925
346863100
349811825
350003502
344996352
351740789
383133838
349183921
348301039
316356563
351297110
314477890
353515453
347898527
381147621
349761362
353532593
344312979
383284061
297094954
317967431
310515717
348664274
380992328
346146401
314836494
311214827
348842310
346691543
347279246
347212670
348858695
317529288
341306279
383972720
351965886
377013355
346637037
317381264
377371869
381623820
314356655
312455473
348114991
315800725
343835096
347833467
283635696
345178721
315451130
352331257
312794904
387572525
348942264
350378534
346695304
382289226
348805162
347773427
383423024
349349726
384242600
309401640
350805628
310716130
314576219
349923545
311834694
386502092
351959958
346562540
310273566
350037914
347265424
379938145
349018446
385205136
384183665
312459239
385103213
382925438
344556095
351023660
389017467
382621432
346795011
347821550
382344113
346409628
380874461
384136343
350668424
312776297
316305137
348842092
310527939
350389745
383764226
381351601
350756435
349878851
345136780
313122510
350353859
344505682
349071294
315825087
345970274
354056861
318547668
382592220
344827940
348844303
347090153
380530843
351498625
347950320
344333482
383556417
385500724
385417879
344597533
314068741
350084305
342345256
385388485
317160235
344750370
349878241
382618746
384534981
347867615
349991343
316290181
311324915
385817637
350067764
345245429
348250065
316481419
312256570
348717762
348112189
309286627
350474629
350145943
382639968
314191490
350787937
384041294
382446580
314888818
316664337
312317279
384559831
314199799
377161436
317123252
350661261
312636842
381652844
316311958
343380245
314980866
382932660
344993530
352650108
315846576
345732633
352566099
350349898
350779280
382127689
316996852
349334765
378921974
349705606
326740104
308945178
314863431
378913712
345747361
319519671
349114865
343666733
382822294
349879825
384884755
344648768
348510659
314252856
344980546
346807205
314357780
344487566
317453315
317072598
343579646
350815804
349790834
378459723
351928939
349941983
344823431
347456018
316100121
344970696
386788859
382904493
316285915
313166490
315288895
344464820
347281349
315013978
345745662
320352747
382205479
347914028
311068660
347895041
348199575
343426162
349775098
384143597
310358153
347924651
316037209
377691558
314008766
315679655
384489507
346704606
346640752
344887045
313007188
387253579
347653952
343468386
352749096
350381080
345788011
348334546
347303854
343614389
315450282
347623419
312774888
349806947
347642805
346909417
347746517
313250484
309915423
317475383
349538388
310687394
352253040
316188411
380616090
385972218
386449795
349409400
342988762
316588453
351040420
379075286
351227401
349742288
344276045
349593062
350081054
350386234
352090035
349596197
349724654
345922494
352861598
352015867
310860274
316236972
384644638
315852298
348175660
348688666
347672978
350343176
348245558
345156931
348924952
348711250
344001714
315476198
350259966
345087657
348111440
348581060
312292140
315278628
351129779
344657750
316031710
348578031
345680346
315059302
383834486
386182357
349036338
350592014
315482440
343568824
353372137
348614221
345776330
361104986
421886257
316069884
345700591
348552023
346540210
310145025
348546708
316660497
378697205
316092079
318693802
376409231
348650224
349483812
311095219
316336166
348161398
346301284
352193749
348015947
363529803
314104404
312655531
321713039
349626040
382755410
383785161
351802081
310260152
349099162
352954117
346219551
348606638
351263973
382949734
380663295
349863408
318165917
346910588
313621693
317037083
349106310
348122200
388605627
383100174
346498472
317112195
314794757
347826387
351273287
319000634
313134194
354466821
312568459
355567893
315353913
387157050
382570469
320473461
352911451
347558384
350123538
319267250
311293460
317195475
314576226
346952798
386257889
316344596
379591616
351428319
352882620
386739263
347482764
383434157
349083994
347191035
383838531
315628265
344729810
350226112
383609110
388237710
384847991
317809068
383367715
380475285
310155804
351429377
347055211
316708011
391790017
316281776
312552691
348807713
316834756
382138606
352824389
353240135
346626186
353464078
318784658
345848186
352163919
317269201
343799841
382377207
348128392
383518468
346472936
348562440
350278747
349338870
389788821
354377957
314665260
387096752
386567309
388641507
387506556
378223895
314278875
347496284
347241890
382359486
350964778
344725569
314336751
349810062
344654832
348092240
317125303
346498416
316207088
385189200
348527839
348199869
316864433
350606599
378413644
349251311
384313974
314022812
385745705
351902616
352122998
310838257
388467488
351241886
349395851
351750558
384277271
345378182
348973234
383155891
349456483
314249847
351360047
316448826
344845249
314214834
348583089
347706063
317010701
384354802
348642283
318088985
350925338
347406301
349874002
350262579
346274002
350371062
351736629
345689315
386342023
261177056
241297893
236859744
276100044
265344825
294350557
238083481
268601938
265484597
268443548
262582991
294242862
264139463
293399583
263636109
266429137
266913248
263780095
241930675
262737064
267754504
262111783
267730034
263543273
241499987
236298080
295118452
264515601
268334038
263318921
268432236
263979505
292789407
263625596
266285165
266125398
264806228
267951997
264422873
242031607
238436230
242833022
265795199
268180324
240363742
269643624
262317204
267658785
267936332
295277152
263481970
293183757
262476213
267354008
236070802
269896979
262559455
266978278
268715200
294238072
268289477
287674620
243125704
287687693
292798045
289104617
268354188
237537328
242662441
263354827
266817872
289386233
301875636
351870725
313677989
349193746
317968765
380788082
318909152
316330273
349270208
351305987
350366099
347754007
378188895
349960087
383461742
349305264
317946395
352603584
309925140
349118064
350288767
386298806
381914834
281872922
312207443
385673386
351480417
350527385
382765147
382038265
349277663
312354426
356083340
385526724
350957773
347649065
387877559
317720794
354485131
355115687
319397202
384424056
388044100
352981453
352983339
348336238
349846458
314766433
313938306
351976306
383160663
312866281
348305852
350867660
377849581
380875729
350755847
348156447
346443810
384131409
350403895
310276630
386081360
387774861
349021103
347092073
317684159
348446337
312026376
386953431
351298704
310527462
386204985
317389562
347042907
347845253
315942739
377783930
347670376
350696107
347425223
383263297
315041734
318461441
310599032
349457470
312274675
384368079
351862792
317183974
346095559
347685807
314107859
351808975
315366371
349244204
346922788
316546178
348672611
379693561
346932534
326304183
346573353
381113453
348916079
316029491
350732086
346339209
349243261
380958505
379229653
352709274
314943770
344545347
315084865
383644691
344425683
348935749
382122457
314698831
347073892
315946026
347057602
342576423
384653536
314053838
346187381
347034130
312472741
312496788
348588947
346553566
379627844
386357261
383556426
315269933
311989993
316425049
346652459
383429605
347831532
348166939
341878466
348296684
380955616
344604850
316625146
388596069
313043905
383622308
380655637
380371419
311234631
351436977
384535058
344911826
382496194
389693448
350176110
308328536
382561706
384534127
310633834
381217298
349277372
309929721
345364715
350197537
345657244
376949533
383598169
349691498
383389253
343299980
346709026
315754997
313434891
381628375
348363495
311155325
317000674
350074808
343826786
346355673
351435775
379305021
316666852
317060893
345627415
350723758
352104098
342294469
350448432
269187452
264735995
242435424
289912389
267987336
265681108
240869814
264234568
296240445
262437247
267285820
261747781
292436665
261651037
266911997
261459319
291373225
241544042
262963763
247147312
261611575
292990374
236255484
265965559
261425227
269047416
286411260
241669820
263085681
293114351
261466482
267400381
265941968
292990860
266755372
236197565
237050930
240396502
292085507
261484846
241078588
261729855
294334073
260545796
267109124
261442801
276017064
263979851
242766496
263207576
266770968
236735778
239969857
286750543
268113816
288358573
292937823
292196549
263126001
267134136
267097132
268645872
235205158
292121274
236090893
269332921
236739228
292117400
236002123
267447835
289091499
292646326
262335822
270615005
269216775
263790192
268767446
239553752
295323578
262826490
271368541
263065762
267780705
235390999
311719373
349844128
349172157
384270674
313594465
314224101
312445902
349881127
312026797
348867686
348860305
312170790
381482744
382439238
348525305
346917576
350260115
348037269
380627703
345299031
348123130
383191901
344916462
314989499
382497123
344916254
350486101
316998937
345198939
349808769
351690765
346049405
315724693
353701304
382603161
313887311
350218141
350794670
344038350
349313269
382279287
344409116
348648207
316650713
379784846
384802372
349991392
345802975
346121283
351701024
382941672
382700108
312079794
316148680
313715529
349075147
349791605
348093954
385852565
349907424
349105843
344164859
350719466
314337949
309899094
347883960
348291319
309069240
350884230
349354346
312888472
347883793
346612216
311325630
349702701
314015948
348466915
349153598
352855268
379850987
348374688
348166559
314068308
314361789
348805066
344929786
315536823
351077223
313182354
316643972
384435821
343255514
385599086
383623969
351037202
343737699
349925580
350680134
349210949
320188502
349075957
343536153
381327644
348607666
348115558
382674231
317028183
348471831
344913756
349396360
350785864
343363487
382284765
352267533
383368170
346166626
350055324
350448676
344959169
315483009
348490180
343503092
382532817
315918699
343552936
317750355
382997777
312686128
316793919
349955160
343846959
313044729
351010117
345851078
313070311
381550693
311916766
387462623
349564867
310239905
381036870
381661807
383812405
310359106
348854067
383170440
347077613
348984982
315586312
344615827
381547272
349346979
348021017
313168756
348531100
339098024
396773395
323764211
352451682
355283998
355918631
352409346
357921136
387843316
386472334
385251894
387899619
388107584
319534705
348994477
389082420
319223553
351534273
351708450
354335537
351701705
392525671
354782492
319000751
348820988
354263917
385517158
316254558
354302595
321216650
349781565
353768108
389876835
318575775
387531055
389362056
285770235
351169338
318015091
354170325
349274761
354640000
388516754
313316821
354494310
354821295
351295982
352585182
352777083
389430596
383624867
389840381
351374174
351278546
384801465
352171969
357844378
348221531
388559437
388544219
387968674
387698453
316763705
352331306
384273922
346604194
352092824
354230458
387442226
321157270
354567182
350098728
349141373
352237481
317811877
350486144
356112589
353009814
350922184
354770472
353141690
383275403
351574006
352073718
351644686
350008281
354169617
353721014
349252282
391318253
358100399
356866173
355362357
356038160
354682848
357985208
360515674
355419870
352442194
354956485
353733302
352035357
350612053
389459179
318904150
314399502
393356935
316434154
382697678
352396710
319001764
348035138
350610517
355200853
387223124
350493602
388776950
351306734
352521782
315076396
351771256
313458306
353468930
387014489
316841710
353090190
354524728
321067581
347322950
316908917
389103461
350335012
384436265
318673503
349622897
354550106
352119587
351541925
314757539
353544506
353500756
349312489
389388692
351403259
385936603
353141267
390680240
316601772
350905853
353699009
390538684
385318351
395030902
262689444
316146412
342544554
314143017
350101204
349635294
351540008
349930872
346349298
351925380
349999757
347520319
318757818
353160123
344621934
348871401
354691590
347582950
318840746
384636134
350013926
346749419
353146108
383707150
313260393
316071514
349407402
346179598
348015093
313577670
350110956
316848401
350223730
347683440
354753014
351040849
387672252
346326055
383921412
383384792
312235928
384613862
350687203
343799775
349591253
315772356
414400461
348311291
348001876
352353400
343259697
380767903
317493640
379183589
351459546
358189371
347920501
348060815
349776074
354035701
344355898
316844872
315189987
381297831
350421076
318063290
382121141
314224255
347629082
344634341
350470521
350258694
315248984
317392486
319479344
309821518
348426793
351179885
315418753
317148648
386913570
345879153
317792644
384854713
351086284
348237029
314765076
311740350
349472117
351365342
353206128
382089637
351166665
317148747
348094505
356154972
355083712
350376582
354922472
318217257
350602246
318105225
352699589
314905194
315942203
348670288
348475718
385767801
350029121
350915367
378617975
348488553
348553977
377332714
347327534
349043651
347866318
349257329
316635684
381212098
348539109
384529178
315829068
345545631
384919185
348346838
348750322
386298828
349632900
348715678
382575459
387827575
381041792
347698786
380270801
380556192
386693158
310391389
317747556
384480531
386576771
309951502
349041284
384355503
346989809
352083506
351077333
345935423
347154630
352947091
314983675
349459658
350683921
315811020
345791567
316881300
310532422
348032665
339452104
314412475
350455517
314649641
350773048
315832618
345721792
351919119
315616707
381757307
317648034
349040912
345570062
315984071
314353032
379112690
354728124
349834239
384849327
343561179
314235211
311822070
381882771
350538727
315913386
343833818
350653271
381663673
346504110
348627672
316249929
345722934
354261946
350978339
345659623
351595814
316308990
312994182
383397384
384312238
346568049
383397219
385814984
348244530
349751752
381607563
383954413
348877193
344998967
359955078
349120092
310372295
327032804
350275288
344517791
347674318
349225327
350627474
343006346
350232526
346888517
312653031
314607799
310531219
349900217
314141023
348673087
346144209
345863836
309590273
348789093
316547124
346150610
350719171
350786747
348707041
344234133
350082145
348466340
315860817
349362379
384194739
345071584
316712222
348932180
343476398
314222743
382495572
344395930
350207501
383707656
315676072
310745352
348081722
350797972
345257331
305315008
267565802
267545013
263783837
267190852
263518643
244593142
262173579
291806234
235299814
271375775
290058540
235584492
266733975
265051482
293020825
235522907
268411759
261720013
268971250
260982567
292348511
235417820
269987898
262939278
241307448
235954855
267420980
288594960
266467971
262445799
270568777
292568156
261664751
267262790
236323772
267423734
262558462
294556348
260958640
267240550
261138302
242007727
264089673
267909815
236570850
266144815
260705544
240030975
234942196
240496386
236234633
265858397
261253629
243301687
237064089
292436759
236236271
267080013
261269145
292142518
261835192
266107084
237610295
295247711
266378602
262613278
241855826
286803399
267985475
289779747
267134409
261044056
267785858
261686002
266695463
238060672
268354932
261712438
267520997
279901733
335894150
350880553
350152644
346431396
353365121
383876047
310627894
314269306
317011737
379978705
349224360
349045698
313117236
382349240
348535693
310996851
314946572
350732718
349049097
344249574
346394091
349927612
309390466
348288016
312907905
381974916
346512470
385071810
311399984
321484987
349643796
346399983
350498010
350686360
348928613
349331451
385929157
311862599
350177025
315957579
343432893
349144387
348959875
347791924
344027861
351459012
350408202
311428787
350260253
346480928
346664028
351501587
350182114
310534183
318421649
347376422
348099236
348528213
315760296
312718552
353909283
350250899
345519335
314935954
315421388
310691780
348446633
347541396
310741929
345636935
347410573
347530350
384424142
382822088
309949786
347385155
350221848
348462730
382222095
349256803
354548247
346139569
349390143
348744861
347625117
315072217
347124070
346124607
349169735
385996998
349722260
345418102
314842780
380431881
347920052
315486972
350508078
344214542
282896367
350178240
348558321
355641428
348300050
344368019
348653531
347979506
347162885
382583815
350904713
350100004
379025307
349735600
350759378
309067867
349741534
350875027
310366784
316228428
383097068
377654871
315393668
384323115
311695015
314081287
315075025
343455060
349960728
315413623
344544135
384822630
317995559
384233057
309745774
346908917
313560816
383891014
347495762
314807389
379805075
381624092
317073351
343544134
381959560
347661199
382899990
344922554
348791031
348000874
347681769
383846927
315705988
345788604
348770157
347810919
344534968
317264439
349715706
360983840
336860725
345856271
382954317
345633526
377537956
346437093
311434921
374758278
347168310
378615746
308430866
344949243
312938095
342074841
312646068
346144241
342440553
313884606
348420788
374644313
311892260
349320983
341185728
349197330
377772936
311452089
339774110
312661771
342519699
376858682
347868119
344466495
344390532
378605401
381263702
307126818
314664344
346851235
307506264
344319438
345874049
339276224
309816981
346149821
340215004
345630587
312712428
373870308
344238699
345524947
342302944
313901252
345549569
342114602
377006617
312546474
340501865
310719295
380259843
345689267
343590896
345520635
346649213
374677254
347798952
346136092
339303753
312924815
345187742
373003157
380317868
314963148
344398256
345673277
310871358
378958909
376338833
312893931
346040894
376641986
381834609
346295482
379143884
343936359
343077717
307499698
344177595
346636341
344346794
377834415
346525440
347104529
343824186
349812905
349372586
378904185
347106545
346754562
349008572
345357670
315006581
346455727
339762568
377771192
309409698
341302539
314375070
377599942
374648599
344063947
310361831
374008901
343606052
343571923
339863954
344335092
346935209
307548398
345778806
347572296
307799465
345674438
311888527
305360025
345184328
344510207
340015851
343084811
344531960
311225466
345823296
344848993
341902241
310047362
311843381
375531702
343286322
345458307
340828641
345452800
346649857
308209616
377282957
380789041
309133929
377210782
345621593
343957488
307921814
380130807
314005212
376019354
346054539
347458445
343112525
378681442
343516437
305758339
313350985
383178729
316299067
348579193
377832969
348542903
349245354
344852797
350047391
349015735
308087582
383266587
348356365
382227044
343709775
351415187
351219547
346792662
346520953
319948826
379158072
350619668
351924816
351181906
347965805
314141038
348515301
345277226
348279061
351925362
350116772
352949056
355625370
344968475
348845776
352027124
345170667
345818997
314318132
346263935
314550099
350896511
349515950
315921278
350805205
350675695
377076217
348295919
350252532
342975168
349880627
316675784
344254019
350618536
385064523
345710890
352030251
350457498
348829364
379426321
351386787
350314505
310043486
347581888
348757294
345333705
346740856
318528548
347753091
349300313
316606742
381912751
347242815
350420607
351179457
343860422
348467506
349828015
346180558
316015629
381971257
379407047
315533169
351457256
345604744
313559838
316899556
347411959
350224272
348453201
343335098
352236313
353915357
348554375
278389040
347993799
311011680
383823711
314988883
310214639
350827566
350023381
343548549
315146045
350337159
347087278
380978838
382115804
350333747
342902172
313308405
384551029
378081490
347005294
351052683
382174482
310202333
317659013
349476443
378814105
315021025
381705267
346115565
380549950
348496780
349131268
312696905
316815251
345425973
384116136
346518602
313019748
345718385
348393574
315390171
346752873
350558477
351260043
377166694
382375477
316463801
379480381
347872641
357123802
316805218
311012965
316910962
345441646
317613425
354352419
345164371
348873822
384069438
380828714
316937405
313259977
349942721
381998240
352137466
388614128
314513612
321353288
349145968
347148271
349399971
349097838
383829905
346288383
349690193
386603938
345766235
351226799
350956845
351906822
346811701
350964259
387038342
315264147
353759922
314962604
380675916
349108547
280642250
382578372
350384488
350833219
346177465
355142713
352245724
354146292
345962926
356144720
385881085
381934462
382393823
352737612
313674798
382833898
349573956
316356836
314139187
350384309
352493246
314563835
382524887
351360889
345893922
349553650
314907120
344468386
315118768
350766214
345058710
316474630
316472277
312432083
350449678
350331430
311682156
352643034
385802130
343383653
348942052
349409614
348655328
348860280
317973202
313925393
348255700
347820914
347563349
347164796
349411034
384096263
345819442
352415516
320915261
346642188
349411798
350698349
345564484
348501580
350024173
383654077
349203578
315371623
350310676
350007820
320818305
355493119
350855583
351075123
351298150
314886966
353182181
384721200
347743403
383432847
318493397
314968739
346009458
386928949
384227367
345655335
349800764
382434287
349512576
345709681
351269297
352132446
380693640
350250456
317140112
312944350
360756664
353512383
344624801
314784376
349098291
383060588
378445398
382054652
351425956
313670729
349310930
316141892
343837691
349916839
350869152
347205980
350899913
316319850
345908058
316928467
350271065
344467137
350878417
353111382
382623743
347483386
349528583
351051889
344627999
317404769
350031553
344831316
349561782
353593817
384614088
346279951
383364474
347253286
390831046
352100953
320222320
319618498
348070038
354028154
318598789
385425699
390542988
354990153
280246439
351950693
353038282
353523116
351689528
360931847
355018241
348468041
354565294
353783258
317008445
285991793
237977384
266472597
237642210
266855503
266901166
289221246
268363817
263981666
242918237
289574203
242340391
264189410
242969866
264809832
294282169
236992627
243179012
264315964
242793876
289127305
293008950
287842529
241650775
237101247
266252431
237192437
241756970
289963370
269046598
243836560
237076920
268596254
263138911
291921622
261664876
240861115
262842101
294149929
288418500
268094128
289327292
268830042
263948625
319019733
295599309
261957494
293428361
288835849
268045092
264047746
269570297
263811059
267598549
267375800
266174113
242315304
236835680
266714440
261965254
266584032
264147885
295422309
264748803
242265763
236775165
241564208
288832210
267911463
267107809
243064879
262833092
294006432
263909579
269143905
239116713
267553488
263470074
266898581
264509155
267669823
268110764
242236021
268801766
263707171
267784446
291256085
269191900
261725993
268610894
262526591
293915615
295751682
243038159
265144688
267220087
294435477
266054647
268597927
264330533
271043813
310655385
383811258
318392592
343918795
348224563
384957383
349934716
346341922
351936585
313905618
312016726
350530657
346511476
378631973
347869734
348826973
345499992
347704701
350819861
345780571
379729893
348796923
347713563
346047853
348973438
349210597
377916758
351634457
349590296
345551725
312388624
311069210
308528656
348982787
315101075
311546263
350306990
350097542
379645344
348656550
316498535
344461978
352854719
315419519
379352055
314928821
385917653
351903412
311527970
349763273
350190902
345844054
317502620
381962803
346423157
348275027
302471838
339176055
371375688
336019194
384852565
355180135
277275659
296598871
266010788
293715451
265835881
273568663
263408446
293795650
293817091
263015889
243781550
261351172
294848878
262898011
268400799
262800181
243382923
262120737
267961713
237572792
266847451
236965063
267917839
289913474
241621738
237635150
297173121
264886927
266910332
267615667
261278908
292595094
264940187
268344980
263329677
270375478
238575941
271392851
266122748
270476903
239965441
273718388
263936288
271432853
267233355
294288893
268239212
261751582
241888818
287025805
266543862
235831732
267868696
260800085
269578999
238424719
244174494
263402181
295597366
237701222
267908245
289917286
243887336
264463428
295901319
239158997
267654873
263964285
269320513
295746188
264844725
243708324
238029029
268988546
264566128
295316477
263718204
243170526
264512160
295249312
239880222
293872846
288326346
242207680
238062343
241106125
289454272
299681526
269516068
267353154
268745514
237512830
267365763
289928833
269257465
264733625
243827962
264899717
296456403
239094729
270825049
266156989
247680748
265132925
243616652
298056840
287005503
267121510
243176912
267982392
263975088
269422933
264322306
293000153
288748816
268233213
239758551
245042659
266934172
273892541
266327865
271911122
239479577
270879229
241284788
246302081
297342732
238329412
295420067
238257445
268456378
289628678
269287303
264354432
296486778
289979263
268280485
288714266
292641672
266198134
288112673
268083245
261520197
267599156
262189750
242885219
261447456
270509751
288486046
294663128
238185781
292812961
237829553
266725409
292718112
236628733
266927461
261730438
268195716
238500220
243098490
263791605
269010085
267809741
270322267
265573905
295268229
288453772
267243373
263869222
268085743
268498089
262892525
267375703
265742371
242989800
268618756
269113206
236048342
241287681
288341174
268224230
288718544
267965028
262527216
292667659
288674951
266143655
237293725
300094371
293342788
262536626
271768729
262276093
268469703
288870638
241832630
236213859
266714964
278079409
384518515
314943949
345665239
350831951
346622467
343130475
385786965
351463835
350500258
311684849
346613236
314172317
344539204
353534418
347780342
344642457
351962793
382936155
343497750
380743393
315061920
309582348
314331235
349226602
378615061
346314562
348868605
348426446
346033269
384809835
316347614
347376921
319236485
350793504
346448679
384605879
349546480
344377985
347664384
347414194
312362592
347164945
347227715
310574285
353063847
349050918
383837392
310721102
382543476
348642133
344954332
349576056
352714971
314569490
350241773
352240818
346259868
348045102
382096287
382834316
380520620
353727166
351659395
379966086
376994729
349050852
345927651
309880849
349454749
385380277
348761430
351039988
382326510
315567387
344711807
348473693
383806732
346383022
349404701
317112421
344014432
350561274
382434364
309764375
349601827
383789876
379821078
312893297
382263418
314149232
343425538
315340965
348501009
347904044
349652856
349494449
312826199
385838226
351577624
343879587
348132222
347777329
343146346
347466160
351577435
348628487
377945336
381706323
382304779
349106968
310011771
349846572
381475488
310502051
348262391
384780257
343774242
316496172
314387461
345352046
350596375
313260986
310875419
317180856
349985585
378652122
352636761
352626063
312994698
349072360
380725666
382616815
312154126
352593615
383884963
345149938
314893645
348773485
347029264
347642099
351149290
347044489
350973104
385924633
312945874
349021872
351901253
383623165
311446295
354601575
315166913
344768729
315785897
348266934
311015284
325630392
308747593
314955511
344476857
274839360
264795472
268909917
267800319
236415185
267352673
261626663
265954374
263490263
269125395
288635039
241984178
235740663
267522670
261375868
292103872
236314936
292941683
261293411
266388035
263202988
265115527
261913785
240792863
237343547
265970819
236878796
266898703
236695736
266424503
237196493
240862532
286430128
242142918
237131842
267446384
237648162
242266239
262920329
242237197
237422486
269450288
290963459
246088514
261737778
292829458
293736998
288033857
242221580
235160372
292805655
286912417
266844745
286884997
267587020
240717654
293929904
263966703
241908035
262404804
291727773
291406683
261583121
293651274
236014255
295297928
262018699
266916200
262142349
269738203
262047829
291894067
267471587
261617308
266977664
262000538
267532571
236325636
292356201
261122081
292587826
286478052
216886745
236276232
267036154
289589062
264631474
235749335
267622620
262633951
267831654
237724159
291807074
265702968
261746742
240899310
238757084
237535490
240853777
262182741
269127781
292984758
263652343
241616743
261171018
241582783
287831630
266950704
235496035
267439428
236854222
268217078
261937085
266972288
289191986
267382542
287208295
266944695
262548143
267457015
264376793
267354195
268952775
235626793
268274610
238356527
238621758
267240205
268658754
260945702
267401362
261288435
240765071
260873629
264996632
261393455
267452985
287691479
242694380
261579746
293141421
264673765
291771600
262162956
267981862
261801147
291721927
293270133
261437375
267275434
236510402
268667820
260999198
242043872
261128484
242052989
261006108
270891132
235963201
268838362
210490974
244122368
260819518
293066068
287126057
254152665
289636186
241743349
288745908
239837536
261233784
264548691
291075434
261568691
294719167
286301935
270369361
262298264
293239401
288363889
265631118
261684293
241895875
263773052
242938858
294795861
262512161
294901290
291796936
291676762
287440011
268965685
264319964
241373770
262526652
266637493
292797999
287842367
294239859
261692395
266642540
265544009
237957691
235106177
241139874
312522091
242494121
262839620
269747210
263354141
293830797
266877928
262640066
292199695
260956721
297351036
237167655
242464306
263154058
293119662
261146437
254342302
236016154
269611493
261770413
291771186
266580058
262402685
267263242
236079063
290778529
263088553
267116612
261168503
254540241
348412130
384724200
352172909
350749435
349054015
388189812
388179261
350922063
353354039
320231470
315373985
353521798
318286416
349382792
352300015
318232852
346169350
352695715
317103272
383806789
379891057
355130934
352444964
382197234
351581291
317728444
386202484
349283278
354042779
351658881
313342792
386674194
386161164
348277834
353362176
352611952
318409066
348376419
386667196
353409297
348288308
352191749
318110470
313201278
350304272
351907863
387059070
353983825
385986181
315754412
348066056
354193290
352968506
312867499
319772661
352469869
384582623
352248123
389051867
351306581
314831745
322789707
354855270
347519184
354257498
352931527
348194524
352554257
352745875
384669649
357584720
353162705
314366297
354641548
353396121
353446013
347871466
391228554
317749638
314110911
349940968
386618482
280508440
354819244
352097287
383205675
352469857
352815592
349387249
347732190
352334603
352818032
316138445
319830519
386274292
346490053
351905796
352554152
348128304
350971406
354572027
354080323
351787399
356653226
389502461
349733295
350183947
349341505
351326515
348149353
317893577
351211096
351562890
351428678
386875017
312265430
351803009
351838495
385901862
317224395
354026829
314406118
385237222
361157916
353489729
382236128
353242117
352211756
313651413
320515131
319879583
359650437
310925635
346605144
308734308
346511363
381672914
382878844
347318903
352274327
348726216
343990702
351468174
387049760
352204465
311304376
348185726
309515553
348422206
353033529
311142107
349964571
314466392
309513698
382452115
349361749
348281814
378694211
315303915
347627292
378786032
351574217
388869961
386378026
345449016
384912752
350880567
311980991
381204697
350005460
382213617
380304997
384431597
347894214
380723403
342054106
349309848
383431505
313180199
349594566
282063919
343602376
346965455
347996317
309332602
349554823
389245238
378491732
346069885
349396361
384157871
343895198
348345384
348071881
310427176
348618807
347712155
344433232
347741792
382580712
344223153
347735743
382997209
382945939
347693926
382921053
381882790
350524984
346369873
348736966
312579493
344977446
350784984
385472767
309508284
384125310
316389809
344655053
350869761
349743948
310945044
386479431
383438029
314630754
344174743
315762785
351597684
379918964
382885101
348329198
347087197
382892229
383516696
382354435
309625256
322130576
345163040
343927006
354561164
349464228
344926893
314508702
348028122
345182613
315461269
348550226
379217766
347537453
383167791
317827123
376502197
314520195
348342683
342944278
347862149
383613672
311380171
381827523
351738693
311616755
351471425
317072127
380424997
312817239
414956022
382197320
381119000
347331995
316542759
385398189
343814340
350864605
348242822
380154403
348502214
349408535
348033437
314566729
348243897
310551137
349503285
349393046
381056200
346997772
349081327
348103937
343295131
347781605
298620341
241599156
261347677
241123616
291098996
271157450
263486641
269611540
293927438
262928329
242968841
262586427
241775599
291103386
269118104
262856777
295926359
287152831
268220928
262931096
267731493
262797779
292237024
267476826
240924996
241328785
236576159
292312288
265097285
217405948
237158614
268058527
288993769
267565534
265408342
242368480
261176454
292928597
238244704
295317241
263380259
242734682
263142602
273183550
289407281
268679560
264450279
241209268
292947593
290424497
242125505
264260032
241853241
287675770
267920965
287010886
266857972
236576490
294076952
261424412
268728984
263986812
268066224
293796475
237178937
266311957
288407584
294386995
237107650
294437257
289307446
267057369
262575242
272547833
238025680
293225257
237708396
268307762
293236405
292095901
268299422
288561983
268906025
263173033
293960349
265065155
266975710
235663524
291093057
266655596
261414929
266629662
238523616
267533817
240111913
267273295
236897132
291189087
262597848
241367173
290272346
242373037
263053053
268824383
237732988
242098420
264794865
245644013
263394787
269980696
264249074
266786462
287402437
267676870
237813173
269007140
290206597
245860198
264061721
266740870
238992723
274434461
269113118
268471683
269292307
267489458
243901374
239638582
268483176
293126846
270595750
266107120
268754204
263350467
293395182
236251744
267286697
288449074
267031324
268813076
262571327
267938432
237172774
267661857
287874700
242126510
235765402
268157442
262238844
242614696
261840403
294047407
261727862
269388856
236203508
272880792
289485474
295579326
293722921
288586478
268431694
261810404
292749677
261963320
245182869
262835154
267623501
239706572
246809619
238991753
269791778
289502473
292177775
292200246
262113664
241897652
288299422
268125157
286598286
295535243
237870264
269004019
262787175
242129847
237236675
268592921
262513526
268258693
263148814
267224973
237269379
242175545
289145684
240723505
278641630
326195990
390620337
354159298
315224554
322103155
388126799
348612203
386776995
303031907
305800054
311885145
350616532
379316174
344282723
313587122
345716990
307995509
345777740
347515605
374410890
346130658
313430284
342844063
348193613
345541641
309404957
346632423
312201464
310096211
346634800
309730406
346462632
347910236
379963924
340354951
353652923
381108974
343385080
377927101
347216326
308360821
349623994
380329320
347631997
307131019
312599676
343757688
311543464
312656943
339847706
345331882
343496572
340376589
346969523
350359808
347463994
307744153
379400051
347428633
342404865
347504015
344907313
309593728
345355969
379188440
341248587
344074963
381756935
341613817
347918639
379842080
381154634
341277848
346730285
347654148
339061278
347641355
379083798
344226283
377349294
382991215
382253796
305955246
346026732
312783761
342202735
312995995
346686747
308696945
352481826
346327209
375501175
314397110
344397753
340176449
345542597
347238778
341993486
381447909
347606599
348016883
344856957
348718673
314817442
346759254
312635312
346147061
345765358
317135436
347361194
342664829
345651074
342823819
374184479
378747499
314216144
340951698
310499355
345484232
373378271
345921506
343591710
340793021
342695138
379599808
380367960
341103949
380340500
347964233
342341170
347514305
312534585
306917517
379195753
378647977
311914490
339126770
348368247
346630054
377103330
312357214
310944042
340277609
312979445
346047682
339693622
345875424
344723962
308775597
346244022
344559497
306727530
314044246
379000919
307577852
378505076
345414195
374757866
313960141
346525389
376851679
312768404
311621048
344313267
346187840
343801301
315233969
380496641
348841015
349757171
348860343
348503584
347795156
314379133
379416974
352277771
314641129
310278633
350434445
350209786
344431706
349120394
313852884
345456794
389584514
352186572
347210593
376885241
352406989
349083396
346266629
348481291
348983248
345296634
314518820
381830421
349136931
347787023
315244163
348922294
345371644
350538191
349897732
312752819
384488413
381164973
341304446
279590543
350818483
377619130
350371481
284658074
348971151
350577116
347925425
342538634
381585215
349895708
351248573
311319078
382253295
350059639
309324559
383604158
347922861
344369795
315656714
348197788
309376821
348228925
380246434
380343238
343939478
348451015
347561432
345687585
316045067
348572180
309724141
346297496
315861275
347223161
381227218
315572577
310766350
350328495
349940941
378392249
312814126
384938545
311512532
319471372
350899261
344234525
316762761
384411777
342380778
313698866
277205023
265692795
244080763
290972171
269989011
244402791
295015848
263800072
244975657
237611629
268551106
236529415
294128245
235907974
266555793
261697535
240680137
288154271
267933335
298696047
265872594
237412013
240442914
261877386
240012487
237877939
267822797
262636806
266466796
267890912
261344949
267127648
237421345
302345047
261692404
242058995
262148651
268091625
235699880
293980057
286740417
276430755
263204477
298024757
267720305
261468906
293640949
289874512
242260864
263087493
241529144
260752679
265186831
261288601
292240384
288567229
265556328
292534837
262996559
294049822
271842723
267545512
261441152
268705607
261731769
268553937
288700442
241049450
262245281
242076849
264500374
293811901
263884249
277732186
267713302
287517898
269779044
261730802
241266176
262230393
268658348
287268155
241985986
270411615
350315308
345632801
384516366
317592598
312099082
383501026
317900075
385144166
347666985
351071486
350938899
344667849
350494228
348963311
345011436
353287897
316209123
313206999
347859773
347464969
379795621
348912838
384425127
349240531
310750298
350981202
346619636
347234803
316419212
383212825
381491886
317360436
316615554
346433467
349591545
350613097
347413790
348073044
354036386
344231165
352994866
350312092
347318845
344504911
318466278
385240841
378422186
315607805
348930160
313785186
347131546
350452759
344942532
348946783
348980541
345124889
348466711
319376385
344109195
348200821
315391991
312490615
381911604
349198805
314754148
346464410
348338478
346896467
308943564
313602823
313137185
316115660
383563679
314279853
347960890
314671345
382346583
344287071
323366247
385603585
346408299
383267083
348667313
379629885
346416809
314242720
344200986
346488216
316845450
345935651
316858463
382623882
347519893
380816453
349584606
350601467
343379218
383841242
385869470
350357834
378417469
386924330
350396339
309585018
314900464
349008273
344217047
352060625
318342255
313250404
384187055
350725080
345044768
349551637
316666179
383424785
312512696
315544489
313871343
358471023
350118846
383253547
346056298
351171899
348652384
378010590
348768152
316388081
386274416
344027614
383738662
313436269
343166045
380392008
349685087
343184832
349280439
382929954
312955379
350633667
351699970
348668448
380258894
346884901
384126535
346347286
349870710
347650023
351592656
345197452
348885346
347285409
313965148
385627698
383185209
324601457
343020361
315138967
310128696
348340632
313701352
345910702
349421778
346560514
343286541
316150803
384979742
346645759
345194971
350658940
351326236
343496127
380165218
350729540
377968602
357273267
356366103
384022840
345103914
382310732
382435943
346325477
348301517
351382636
350589244
347173257
353099274
349511417
346556153
317141878
315447729
343167336
351632446
351343658
344309321
348461291
350305515
309685237
350316918
382539590
344222456
383618040
353942861
383970065
344449963
313766623
381894088
382407329
310338088
314021535
347948273
314092567
350153993
312319096
316431113
348981471
310624552
385837933
316803687
346073596
349081097
315176554
309244485
386344504
349242211
344284314
350510930
316745597
346690992
312146176
315464874
309124065
349872950
382856963
348360678
349732449
316460160
310970892
313185870
349724216
345230882
382795065
350103107
350318144
316898016
352656429
315935476
311375068
347920987
348638485
312804677
316896550
346429700
312299493
383411352
312649210
350487759
317035621
344053670
347437927
350190055
342062327
380938028
349869270
349275138
311490857
384998222
351235607
348268687
315535881
317974112
379024291
314399302
350576069
344667955
346809182
349196108
345475067
347895255
315284117
381082194
344990726
350438985
349698482
348454852
349629927
315759518
347660246
348743296
317254993
379121988
351626625
314972136
343419441
351453395
386517261
311698879
346459350
317609939
343943028
348226421
321937115
311662913
348545639
350141296
384393417
311507849
350778527
384796696
346931649
349332533
383768583
345156357
349844551
340935032
348779733
319889580
312150902
351658775
352044932
312733420
348411462
350193245
380830999
315917258
350376480
381395384
347575657
349811874
317615503
346557550
318176007
315092047
346349518
352173674
350461594
346359964
315404565
382812292
344557028
382478763
350615953
354325463
312354503
317447365
312678863
352084335
350853183
385967468
310793808
317054903
348219938
387523841
383954918
315767350
345588815
348044429
349627662
378175519
350969720
349391195
312484609
383402725
