132189693484
115443110922
117856035876
118733162522
116125512897
111326064076
114019346232
87275257172
83092971815
118629567639
116970163897
118046136389
112483086086
111099579206
120817096302
115950448723
114843530650
112971539943
111963536998
116825886125
103712595522
141470706499
111092492297
55933288377
56673771924
63011492969
61168963831
84098431604
110310887523
108710251520
64277062312
58122818905
61656817670
57921605218
58230884857
57731199683
56135693735
61459894310
56454514935
83385921417
99743402486
96088611242
97227752530
102988385339
99063136536
100533716097
96097732672
96245813429
105910535284
86422882626
140856759297
194969765940
135864038661
181734516422
92466406168
162565848786
196484414999
209456672747
121759876849
108942471747
89658170332
59974106406
58459971162
56407493598
59129550691
58827368203
60346517723
58201410545
59081164265
60184893110
58686033500
61288305880
61373603506
121399071134
110370583987
112196069262
162479632487
163055632009
105155339335
111464705237
123222662978
201653875353
184081515428
91858224331
90446569892
89396991924
93324776725
179310583009
206723216363
196097045055
136153861166
86864079993
133686838530
177824294861
76291736624
60740595320
58379658411
58833665878
99834564500
106597056887
102327350757
101138274118
109477714749
97107178132
106636420000
97039209104
104734724100
91147034685
57224160075
60012787146
58865515424
99948630492
105640100673
111698857377
92421192151
137947029106
156444023899
57010275566
100162907653
113917141924
113767297358
114524504253
112633522206
109005894078
104131442412
115446131090
120224655599
153049086440
107582054069
113090979625
108358239169
105171066342
107309284058
114902184552
109315650257
106592571873
126612506927
66588318085
87805973931
99168812871
63027439784
60041465427
60083416374
63565916645
61219105920
59339136733
73702082103
117279893192
105960283313
63920325541
62587923249
60719407068
72709219242
170598056451
109764193897
114009726755
121984350436
113217204541
82274656934
59357308534
59826318689
61160164696
61663431574
60371307060
64200549000
156536298325
212996064373
194757150703
186159794530
199218566228
199502207139
203888799856
214555594559
207739070536
221138209650
205599560358
175234764218
145526371343
105652433406
95029722248
122082594472
120273735834
179657217024
77572239041
60544108030
60495717131
60470407575
62446369041
62260410272
58968563007
61191136032
60864106784
61246808531
57747292307
60122593268
64604130627
56206230296
60345537143
60591812267
82181740112
108913880029
111241667897
105470845127
111021762100
103743299385
142539600279
124790669439
172765003469
194859070396
100820819716
146689971354
175647366787
184691778062
151737023268
98190296367
125826512129
214102128154
201829736975
199133807294
158105872879
141375425042
173293281459
104377678768
100996740821
83951023197
82646179687
82374049369
101041492061
117154174021
127224699916
92126205832
94636897282
92277512231
103779735696
105889170876
108546884240
118740771965
106165118925
103702334065
111948562281
110243987851
105591099766
119210347626
107372322818
152088366279
162771838601
108688692948
108904847980
150781048357
82562637262
161088264831
197309034844
105098045638
108024188996
97198042321
102833345003
175371497982
206900505788
200544835583
135601432343
112554828064
113022058832
107251657361
61008697310
59926882590
60739221023
63640240807
60443497465
96828759046
112293002200
123436631739
115680587411
122910739057
106344068998
108784209349
115472910375
105988795846
108864278925
116693580726
110803095418
113984448111
109971859486
141022105940
235345758522
297056328286
354749728550
206275436394
213071916405
206873984341
171901422028
112440517726
109579401319
117373359253
111579107164
102951503388
144236070316
195986601257
197259664333
185778000007
185724016800
187189835980
197983045001
200820114845
122789346942
86565448993
90861089259
115926872404
89896370608
91731466788
82712827860
85147836125
86242631612
137814575181
125352645585
144814399306
105306253291
111261257652
92756068664
112394305126
107324115957
106444425046
100756780964
107791793572
126828275040
218055651952
219331240932
213645580576
205258197860
154061557801
87753909805
164205718240
198115097036
178383981334
114023732210
148596255315
193292069372
192745429051
339463673064
315532230785
137994731461
203642809679
128271656322
143176746629
168450629511
155832550227
201347152983
192213499510
190706099075
118466639310
114680392631
112200925859
108857865593
112682313956
109878561059
115603270757
118422160351
112747924157
109509966640
114583801257
93184141255
146547802322
105940300703
118673969351
112138916739
109582682233
118791167877
113443896713
115818767282
115841384877
113515612798
113810323840
115385315370
104267244034
108534173725
110602813988
110332006982
105210508513
113378088064
110014807536
111626034425
106285330832
147325500884
131335147899
190734290560
88922165022
151418725867
161967895592
114798861416
145820493611
138963501566
267245951359
404480793497
372636345000
106387870931
130585176732
109604280376
100434871667
212784812742
350950291541
197110216685
119385945274
120581843601
88261984995
87130673957
88953038796
88938072503
87191264134
105732816839
105111485052
110654272999
117039811696
111639633237
78059357041
136713489762
111926582923
95318210720
68880124205
58596064215
56942072575
63229042222
83708986950
107100253673
106973864590
109149979263
67647329464
59596788398
59582608932
58120475572
57653614005
81221192276
97826293837
100962261500
101679184662
104967038236
101542805676
65751747712
58231200878
59689897236
56196264701
58875445620
58377951670
59998785378
57716458532
149543612052
114845380106
106338222195
59903302885
56786820669
60474666860
80396236169
106717144478
105653682653
107219611341
107100740758
106746030127
105215844670
95895637789
56370189004
56250981473
57079607555
56829124427
55940165773
55715826590
59044534594
60919454751
59698182499
55877240489
58717473921
58818501559
59832375028
55983951484
77125703288
108449048026
152320375835
183205732471
188114267680
110680161098
115542687595
79120969269
61952138971
63692408314
62709324807
114579268757
119567620993
113059747533
130275166010
94608426861
89127359809
95247189885
194123167597
209102802729
188638028302
121035795646
97982932395
169320373270
208155753211
182031193279
180182047387
182500549147
185250674334
195997066017
197794820881
140844657337
243083821848
290235562567
77103570961
105527923536
91488304460
93715602402
141627382692
108996739098
169920274749
187241438654
125232967434
103435478289
105921881528
164521378734
103303314287
98386096766
97219096812
108122869314
109269163721
113955033977
115636720645
114865018450
76841825659
133418327090
96672264229
133790524506
178736115833
148577210969
199908502724
202230462678
184667952822
97216491208
150929171420
199489605271
175770542687
204397302146
188707563499
98590637703
179478785410
160934668089
98417275118
87247790387
193166789687
180509106916
186413067572
183381362247
204996191804
194433393635
130304192331
110441951677
99912429817
102292854710
95997920027
88761816790
138768321127
159699813630
115975175526
116109766953
117719380110
119545229137
71712435214
59081911092
60438191709
63391048327
122293098317
112528019860
132280804208
208473145672
207869695257
219263702620
212483734670
153297092457
142941734959
165372836034
198970003917
145763355794
111076270035
121358799980
115141055839
116329712154
122349695311
79569392069
95914492168
111420032055
102898478781
112416905514
125067920137
107957693890
115069603830
118587854161
117541058190
85476723419
66263639258
85853959773
116430684951
191711712695
165243069430
184970082934
196394088991
118449949506
107379402200
109743871195
95832983479
108598589356
116154222666
109790585550
67549942431
59877999045
63672302329
60307585728
60197689937
61714434436
64637133381
61512729834
63065312756
57643633113
137423891984
153579232032
113241439823
118265588615
112119497092
105805139308
112884634884
116520844946
116670770965
110108401810
111205291601
109416039797
109822520932
107424775653
110062945012
110528510247
107111214978
109860444963
115190657033
111785966879
96731399426
84701451375
165257591265
193928137650
197692638345
192676733037
188786955582
202037721454
193080229833
217858785417
219512457191
213839253994
200526494312
128627686202
142819069053
114034846248
111802070417
61695095719
84519251311
121372980260
118156028755
105258204665
106759498352
151865011003
198457832338
207976640590
213788910317
215283395238
205805359724
202660612472
146134974666
110969893187
112086519041
109317283792
119076747819
125297822046
119976844190
113588762308
113195487183
110157951224
113167755992
85533847779
61018989336
59964788531
60683315652
70753256856
115480506907
109235406127
94275970239
94333047402
107651276207
108365795582
99436953046
134682821552
66758538161
59780273777
58257412499
71209674506
105036309800
103564847728
176921603343
101738467057
165345968117
202770006302
151900987043
170102742155
217160532994
200379019659
203176292672
183831220121
116020055459
127482791176
111235337521
108174802571
118076129492
117215758829
113042200578
115755848870
115779882516
113866584274
119816557862
109058193695
108043699025
105234184212
112333582072
108287140660
107519808404
111752842435
110651651915
118561389598
109416995195
135226594401
171049692358
118416455532
133266723979
124632197896
197175696884
199673704649
201541859810
217382688253
205883085227
171523662964
152853655462
89993363598
84139570486
83976732447
99877313411
142292422921
149688096532
113360660115
106110733684
117882627119
113423534203
113788578037
117967777075
111924916329
111933660254
115878248294
111962868921
192899973686
202006914479
204120101685
207554448068
151295874797
115624153134
74810556176
57479948807
58207256665
60526279049
103612625748
100785869163
85506476892
59541323934
59660183370
159149656546
191339353196
193910892780
200317017370
206730147777
141318382509
87379886095
166053516721
194474429989
75950042034
93316361690
104550876381
83678717572
171262897516
108078292078
111877184084
111154321561
117327366340
116990601774
119048511526
114223076548
113790989743
117352602101
111359078500
105943615179
106892625948
178472038553
199953125137
165986953417
77350805362
119968472042
195572727481
200088902087
189412588441
165449881868
169311485885
199224597483
206233562104
206550909827
206123013983
190208448988
193166370824
93913940574
94813500264
126090606774
112642975814
111332389309
124403569000
144610002001
156710979364
171703685650
201400952630
203437072043
211013449287
162466554914
90440629620
90654712791
87153029552
89171631677
89664749872
98399534411
140688775869
104570876270
103172050602
116776183604
118834463717
93229945290
73399564428
68432735073
70989482432
70433027931
72942418184
71037885392
70036736708
73430121571
71639416408
69233987921
69703300029
74262122256
67483373879
65332591061
70444695034
73063488122
67141674439
97567945395
117923788167
115176851507
118076598434
86795623567
141573887117
121598176692
161284376554
115132420638
172286831685
88978479212
83988372767
83735792072
81463344591
165076772393
205309056995
209035294121
211631500624
113384106665
117289404045
116666004255
114432091112
95923038542
153880658213
93909658751
174761761767
182900917487
82610582050
86084715670
160396951944
107188566707
108603111341
110936004877
147143630459
228023359896
236647456446
221395430152
217299209968
99938444473
182869133938
215800380503
138869049417
130959052408
184613909047
185394790585
202584707043
160868472011
111523503438
119009135285
114420238421
168355305896
218111909145
192408855141
84211206056
141266533054
105726950754
120580789718
131890998627
197873610945
162466712943
107204610311
111412727555
109054942424
106010969255
107714649172
116858393182
108081346364
113883092918
169382825578
197983773112
189317449139
113692880806
127386272652
86771050840
84882665604
114396414785
140471458040
189082424161
129042973884
107087221197
144482356902
203509836448
215976102154
227209131847
226462681902
218546998173
178081440539
151048857489
109653574645
117096045308
120088666338
110842477301
113816943534
116667706384
116038248693
113478867241
117968735142
117647714688
112829733551
112534554477
112838061015
106910124252
109741552570
111380076311
103036727500
120589923937
107610443867
95636752761
153883505756
105836261966
189128720010
192458033059
192161271323
201014233964
197800197677
155055048870
216457647648
204843974029
184483484166
202124833088
175018398446
138818337291
182997355130
82071433267
96592188018
106951722970
109877721092
103600178021
105963867690
108515542136
105600129523
99460037736
105772697951
61338812117
56427136613
56932872145
57581835483
58345776335
58941856301
60354341626
72642927658
105721020428
103978714551
100007238690
100030981553
102626315796
149666896709
127549210252
195583405632
194059058801
185056731186
177625911080
87954095142
87355761424
89575681672
87289619931
90544163520
97374470822
100838111091
100418553608
97139410478
105406152630
97462876099
98013524678
73232881226
57588601612
57770934964
125126780316
125289938416
140963675435
138629854994
129393197422
166877951875
166596232977
206268939367
195618942964
204044645277
223035073670
181273390734
87932787903
89140905765
91393226153
86734022073
149231896334
109922591642
111860294090
119215111455
119647664371
192623921267
196205409155
192347521271
225718575700
202579635642
187023541042
174573898851
198211324894
189271282355
133595523469
67361156230
115001725497
133481751983
134729390866
142986541158
85110038275
92828613858
90022064502
91909083400
84973944517
82319866622
134599030348
106505016133
104580772851
108460697121
101314381046
104441838131
105895446297
244573157690
261377341009
152688997441
143595367220
146348368216
147148817008
139388568514
141777065746
128353948533
122776918509
137976800673
130748242426
141047457375
143322211600
73871930238
74930070987
67519173567
70704100844
68287493730
70263872952
80863113896
74102411562
68620045685
69653928830
75347228695
71306255092
72261978738
72397615563
140182085293
136547573796
136035393790
137815749405
133585002762
138317868417
118599255441
96343621577
103641932778
99656383125
96353235888
94714166893
92938160224
96539421848
90089083522
100091864330
98617318713
99239103229
102042766378
91013241555
97629611734
99788324370
94114127149
96143081144
90924146348
89228167380
93388534603
97545561605
89434201492
97359130749
94790458768
304438210975
351798144953
352276100490
352266833395
360234800271
341969295430
367109308251
353276756936
358515786601
349318694019
355840243241
369698762701
334972338144
272188981347
134154285568
135707402450
134467902099
126332950517
121211191831
132807423351
130780192158
278838421130
345826564416
372587192130
152903395530
318252473960
349127121966
356163103135
345201935444
402526287714
399804735487
402074960174
286196129667
140915606507
135486231933
146965186488
128752668362
152638431067
201046300508
100790442810
106630223907
100240829915
103368164103
109686851268
98186033363
101676764835
96073142184
110405685399
104630586366
106255051261
103400100686
103075843166
106068337752
101440640630
97889461367
100572736203
94853229340
62226415501
61502390813
64337988744
61034824667
65137151507
59461372048
63678911389
64214375439
86675421897
100861961807
100469907414
147716574860
140023539109
137745553019
88448770792
82178936309
83851350810
96187491796
125616404994
107061635992
134010680499
136051621064
126758229842
136466172563
103712990060
130762561569
122578599177
129908224362
124290996420
123012854715
132339076962
125630622050
132622852975
124447350973
126720721593
125719233466
123198298261
138684662775
135257808983
124740237400
125827259752
135180104898
160715633620
135120883553
133783251162
139740410136
127492299546
138478636757
135237745155
136355221991
137133216684
135495654936
139901979498
141220115370
141289039740
145450667282
139718266920
143279211509
117953167397
86348252290
60713093627
58785688423
63629571856
64867092095
65025029784
62921902813
62938820119
63008408264
60038876001
63320802309
60920565437
67501588495
66040836924
63639556773
62840770251
63907424332
64758464083
64684237403
58578401712
65588946530
66701643570
100576854946
96938671164
100544527465
101105652683
97673892501
97784709436
97578555961
104748899235
97032897313
104173299779
100672163378
98237298549
99455827645
102070240667
101619188178
101918760248
99630204598
101775417655
102559827956
96331115211
98610314576
103290574291
103014822421
103717976144
101116555277
101037654115
102625270612
107011466482
95480604961
102592745048
101332090733
106920355348
101827138854
101538804808
101464731237
104677798898
99531221528
105246619553
104574937933
99791527387
98744473233
108201197173
103002721084
97884041818
104401904722
112843289267
101771894658
109252836862
108643784107
103547379355
95830527984
99310568074
100880688016
97755385093
103905178896
100053767303
65228737785
56101896473
55287429699
60375894879
54763957324
56901253263
59007729918
58450263578
58342038086
58698105453
56698083309
53437983042
54121380431
54717554838
55284892973
57566159149
58306025323
58641302649
55459167848
54792939548
99555620764
105244262064
101199305963
104349263027
104707425294
100102842477
95513590069
99131714011
100951559976
96682364760
102297425452
95369234530
99696772129
105913758680
96925713480
97595557457
98304998394
102671170247
102943995679
102615482246
100580483462
98527672293
97304167953
92227170574
93508519516
91398086742
96750135117
96342402387
97037515814
93718156829
92529859282
93664274231
56835098972
56449745127
97527476362
106625423352
100197405232
95687937773
102503395315
106864807872
98963046625
100558894528
100978740465
93945199679
104589021487
97349985716
103748960114
114575351965
92437433462
89249852409
95759519911
88425117865
73122933906
58824082453
61093871714
61182834040
58927265828
62987155962
58926111895
58836512599
60026579063
59681982675
65368572393
59251469818
61787392073
61432557100
58617888619
59855387388
64157747407
59920249896
60017569781
60406103123
59398505110
63514596306
60733720652
74438417804
96125298749
100346961811
101482659196
103179546523
99392686013
98636319707
103518298103
99728577885
142487624496
132211428588
158281742083
145477990892
140885306950
125421238474
118924121163
124837659225
135763630609
122256703818
132945376832
131773298823
140433817032
133363754724
125729019812
135692482256
130551031486
122929175523
130802052050
128191369001
123505737017
128579898340
133582309497
136111224919
148654796830
152019958796
104807603979
72384413728
73722832778
133081866242
131541370227
117813133137
119456945159
135786638693
139498416578
135920807150
156765837274
157500653214
163437948414
145821539380
128568015918
124115856108
126675375478
127521222288
127563834406
128589763030
116172145494
97533415343
90240920391
90173409027
89430128827
87386064228
90118224792
90141569176
89188073877
93739595755
90317720180
87387586473
85438444203
91881746301
85391972031
91788939042
91100386336
93158799663
302158994802
321071995822
344902450978
362054170865
126970491649
131766294024
303448537686
327272623579
326433133255
361019461790
326074588727
344199135371
331740742666
327744297064
324120524286
189782777115
126166777215
277467365523
366805786636
361296354118
365982605418
359830358397
352521965367
301310247791
99885088928
272340896108
345268090400
328423991365
263052452542
333927463134
347825395773
356308017445
375937037255
352011634592
127324064959
58586469586
61991177572
58443766630
59489403302
58709565409
61552439278
62690951125
62526241826
63440396166
61014041975
62257349288
61701773238
66366273443
62206103356
67759153439
85784681277
105685491899
97721701481
101927561679
100592067184
104532524283
101593898395
103101862256
106559021180
103961612507
103289289861
107782206953
105758833512
106590591150
99735411597
97704386522
103614126865
100487342415
64308754785
55102268044
56969444211
96638292847
95341109046
244934854661
247375700358
140252633785
151506167046
148027572539
139454155567
143635117879
135112686594
138380158529
132588167122
125943547414
123062179472
123714324769
108964161751
148870320996
156619966790
130459689166
140244021375
135677375375
161185597910
166687174528
140306662433
95619867238
92016863564
93553567605
89927388224
91509972421
87312475666
88061769987
91748630848
146645733977
163017490751
158484931251
107121478625
92563342696
93616092203
97298330874
92126102093
94049870871
96314750458
81135288347
71119441502
73795298141
70989266276
71020301369
71864085085
72534923633
71598013375
90893196720
92698188432
125304506791
139093970254
91485941329
81497645698
84198458519
83793269343
84918623157
63977973645
62556258966
93214483126
92673987244
99847959388
104204607729
95062467089
90600652151
60602570515
58467021221
59400334017
58982557656
55349584157
61640692206
62689009316
60250567477
60470513296
59193670340
60296466212
59462733743
62450251745
61010077982
73078872700
96642200035
93430102583
96257036423
96786369411
95198561805
103813672858
107019071068
85223616441
64695463803
66572225629
66631832404
69331208067
66759096981
68336542383
67293087318
69886684233
68838177824
67911674582
66434009008
62531437111
68449394767
67637503593
67009807990
70938975517
67433425570
69751981323
65950333782
60046979653
64609283632
60492071697
59945411916
60316809940
62226803625
60813002421
61466958536
57614500332
61288571903
61510034639
59949065344
61623695665
58089125575
62054648526
63017163119
61119695999
62464026884
59393087098
61564448586
61855333034
73281562911
102357062919
94835265093
101901584588
106172866068
99991552367
103956667547
95577547567
104387648157
100077795752
95288482125
66242371486
70736800848
67496571306
70672987388
65768099989
69627679023
92238988462
107097567540
113553034372
78350269538
66825241998
68539399605
67823288240
69186739530
68734243774
66627522577
69059707692
66728231900
69163347924
66846629197
70041363611
74779167714
67931072823
68551194390
66720989538
69015016690
70307667649
69929325901
68133382587
68810222389
70849381606
70968538837
66867908582
68401953750
72171947177
67993870382
68804025697
92148962547
116010704682
115034362182
111456812140
110454213776
106515073803
115289230637
115194333702
114174152374
122749607746
112357178398
112123034528
115491591146
109474419595
115889628012
111137284120
112367613026
113711419659
110339649705
109845936858
74709541792
100625082318
109134333956
108779368265
103917312143
107618920561
113401606290
110696736513
110089406060
108241073182
106586531511
112005919676
111951222477
106635716851
103554504662
110046195599
114619076362
111793044487
116722997331
74745832908
67454708708
117371568549
115455282816
110644035377
113628836754
110629639570
118833061986
109725202990
113072145074
108608025044
118438751110
108273426390
114441243436
112934980438
112696554951
114924665295
114860401866
97196082333
91324638908
99653747208
98500213310
96648755976
96099279176
98971006568
141207788984
160482927394
151794740129
134454798560
130350418589
124914552593
82066904907
116480627485
153809712668
160049478268
120392942685
135709963941
132513192663
128355539726
82988647033
74322097204
72604486455
69677874600
71964060502
77365962020
116798339982
69300790869
69599310227
70024315368
68954117252
133496267969
141520817961
139532090957
142040294073
131204255653
141036700136
153753608832
142641243540
158425706204
154992651229
154747710751
151847254357
144617839919
138643027645
146733421190
132537108472
136052605527
131369469164
125032293369
134075772964
129031100208
134717056328
126342045484
131354557424
104300254720
94013254921
91064236373
89120789706
92704271321
92040368927
90786314525
94634283017
91205706568
89806998462
92765636647
88651670984
87433968134
89099070914
96829808921
92016784887
95609250491
93109145759
93254534592
94291818023
84272251745
92343734151
89895753321
93129474197
90295467549
93223665677
90905711883
90934039201
91261345924
92548727901
88599319243
91647563058
91756252373
96152480227
90075548984
92181723555
89993360172
92176934937
86722115836
89973687142
90483245257
89706019563
92697376440
95177696627
93069928784
94719239836
92917295196
320694055275
334579291171
330746819966
319256157203
329852115863
324742401748
129920205437
128032602945
134180725923
121130672111
125306405567
130583690099
149790051249
311659789539
332126872503
126677040590
131284397621
123481885062
125852744343
121977223126
121127331441
127275093660
275491410807
322065413425
328952719026
317262036366
316976039434
311366443753
365665001859
421185525309
392231262659
420662468600
402481848449
395070485786
382090397632
383139214311
262268488412
392254177730
399822080460
388641053137
339982901791
174647695673
153295101224
74176369559
102382905515
105916047826
75243159664
116538656143
160712391620
143482177457
112391977956
75178912043
145339307587
125054530440
85197518719
79233161050
90942133434
104578024678
138290149103
106512815513
68222836096
68651588385
109987460667
150176847568
140933616390
136235335793
146028075777
146260532731
139220079130
79848102014
71751133922
98034906026
112525993709
87961602030
111826014359
127293315485
105324001189
73500426176
121150401092
82976777236
86608072180
87823821295
85781529626
87107321119
91719798264
87681113915
147960392188
147978284950
138693195962
155364495473
80012389123
74829525267
72083552636
76373809744
68275775392
75402209663
102386178677
150402750191
241066647873
896510772843
229974696869
227992339680
230006596745
130620797503
134561308032
123436074875
128302731864
169947246148
95093388444
90567669493
90744487958
94658834752
96148670251
92433741739
86972539609
91558419743
84986776477
98071057141
92170165905
86163097495
97632262174
89958760415
89366669058
92276052726
91367085749
89135688038
85551133826
90203306073
95701470583
87579234109
90391052319
94375842272
89506278400
95960304433
91250057100
87736071447
93801328952
101719109945
96216294262
108791869873
99754396782
104578114876
104475908128
106577963286
107147236198
103974209131
98209313979
94007878005
97841675435
100338111332
100794434159
89415025212
88949093086
95579937660
100343110149
98434223698
99808703700
94577874228
99281290511
96311404525
94091204629
98236947968
96980925271
98457322144
96316037088
101905917766
88764099801
92706967457
92727035251
91420215044
93205232030
91713205057
94927120464
90057686196
97224718307
88390641669
88057653625
86747999695
92227280194
89203006803
93195290449
90640844854
91581745943
96261090564
89650449978
98631388947
90956382119
89464789775
92529685568
93220167956
87282158994
90727978296
94771459991
87178775024
91576950018
88507564231
88922524816
85536998398
92261583654
87263098928
88270822815
91292169129
90391167576
91792938613
90633508284
86998378860
87641669626
90998871537
86314845218
90817706445
87222771368
90573181285
88832069155
87044567643
90132368276
87205255087
94461773668
93500743538
91527600195
93869511026
90515865209
85254515458
91327728134
89622972663
88510801416
89826851185
91929908417
89805662975
91875192242
89668735201
88492760173
91392805452
90916688116
90122527491
89275641948
94779250422
92279880784
87267239680
94285564013
92235469751
93849258463
93940128003
89297466074
86365962263
94530282064
90865623888
93382246573
86231302267
86054864544
92057258076
90219885691
153836765277
152725873708
116957038839
119881034577
70939385326
80109058312
73231552986
72918278083
111139377475
145506747902
88873127403
72479630062
115932574370
147563014557
153609580813
144638782923
77929947438
132667563238
145048913931
148168698577
138231643108
129329807091
131009302834
137284102729
140381245683
146953416039
144008236862
147085349958
146381755007
144310762660
154749064848
145665283209
147868542682
150625509682
156111166547
165098936459
139948550220
137641488294
141180045418
136202562497
148894958487
73888735758
70351063265
69939993328
70749997849
105967119406
141418901527
137612733921
127842126866
93272039296
95164499406
99619097152
93148745212
94587485919
94526998837
96149333961
97978354662
95403659736
92943429277
98075449953
71975168169
56346118286
53958553129
60020532790
55012792499
54006422655
56582083196
54537352477
53677926875
57535794161
52111077540
53709054325
55989374463
52007151247
54213816850
53670886724
51902210148
68772634942
71960946114
54084595514
53290434556
90595933130
62428127012
60181886277
64259066128
58744411387
64221602856
60863270039
61562871185
62665439547
62370811048
56903628676
59152765747
60377253867
62393191088
63000738156
59324152593
64092159037
64234878952
59246850957
63447528470
61439488783
69853607915
67753223540
70303578450
66974862360
68623361561
66182982027
68654188476
65900506422
69511450228
69464098208
68604156663
69046178275
68221730484
67651995530
64668602255
66228268271
69922317040
67709933556
67468372448
69453418905
67007121609
66777502061
67506864926
69259363542
66233579594
67117953040
67004466985
66289858272
69122015774
65053457145
69785370023
65781048782
72391989362
71442908172
68670078617
74332302014
93475059952
94824139646
90172097121
91480218835
90145244030
93958058874
95090358916
97800168013
91668550153
88302703133
90159601220
94969448675
90785275073
91300731905
89535944416
88784429832
86516216581
93037073154
94756285802
89188685967
90917145737
92010323917
92055013381
92441546290
94026607534
97738558512
90704388653
90439670459
90998929158
87272882446
88229471015
94391245162
94310181648
97975194950
89029742846
93774899138
87275784382
94380397490
94266344246
91902962420
88609686845
88156996150
88983385797
91406516387
95031101353
90720923163
90304735036
94799128388
90848234319
96878253217
94264372621
89069783896
89238049439
89093587614
92245254757
92355254996
92143655466
88014360640
94634686897
92981143891
84975120745
88797736896
91435509904
92140671818
89934647740
88558823596
86731676286
89990013335
94517733781
94039988111
87389545786
88196044803
88844408957
90171127883
92892853027
285346565613
375601614785
389094759004
370260912752
325320837601
224326039577
129092595049
123159334575
123997527246
133353197146
122728960513
113444649356
110787647767
152446733271
124620236784
140188750063
143940503279
160359776558
147348918373
241475274040
209242846005
161609874176
151361853278
111636408486
83521332423
111097868066
74279878183
76480519640
103360226518
145686967814
136149149342
139932116116
135443349952
124772723328
133024316515
123127313277
127129030650
129366608868
88088999602
68771422536
73863718215
72209750117
72034903220
71323025370
69934493897
116061694629
135203797800
122404509313
127465011198
138062167671
123091431451
133174800521
131209335648
131370399719
128900427612
133590613747
136688519331
122731964749
124637998870
120488778764
123840886420
106907603286
87801693161
91262043149
91959592184
92031452581
90524465535
93761308168
86656482379
86488627940
96579018913
97094413143
90428590577
87961466294
88962937868
94991100499
89803780018
85685626834
85355297459
51825660578
53667184914
51799133941
51639266579
57544131020
51708319828
55751431847
55429281789
55655718989
54807740930
57335631309
52961411611
57029138890
89230965504
91475393191
97467295284
93104546186
90842534086
93316553633
90050750805
95662430642
93395533527
94510979006
95312152757
92672552345
94485082064
93141672753
88975682423
91795789682
89047858565
90712750923
93093234938
92882488222
87735328682
90790685847
93313519152
89329083979
91533722535
91146254745
91191215741
91008250667
89204794403
88424423392
53608624399
74575637095
89700344880
93139636520
91051326533
88760525212
84319891027
94113531181
89881386706
90589182282
88100614310
89734701542
91860388835
85812847185
91756197701
89985554186
93305095486
95742396365
102182933228
98260271373
102666084968
98277055795
100255624961
98534445744
103002633083
101255429803
103421107307
95174405322
103865904887
102294817293
98829975009
98074269436
92080938146
100524573561
98844602099
95790439370
104925818767
99921120413
97059913662
95723173760
185171194682
91708585338
103342219906
94512441403
96052661126
97844132079
102454434885
98808220378
98368372652
97555743923
100261038072
97112455201
100136262844
100709706282
104024510799
92510587807
101232427264
93980253011
97283325598
94663470620
96761792726
98204022808
98422335698
102373562262
97484533869
100661980675
95460135622
96400313636
95586566114
101941447278
101845600716
91301239700
95561641630
100253593310
101051861670
97663631594
100055023100
107836580717
99129150795
99407526213
102241343307
96384601367
95555170582
104002589702
101607746291
97536816990
94418227074
97870599956
90629897802
89577048045
93399264716
91347345843
88315896534
94069495103
89817432376
84629031972
86643534915
95112035233
91337253489
94297917792
92845789900
87824557052
91057379590
95659682145
91984205057
91523593750
91194408602
91107667810
92036771347
87719514982
131998461807
80962827362
132513766916
138981933030
89176234336
124619966749
135576313796
141962040976
137188745726
135057292078
104150155001
146790107510
162179544994
116934248254
98426482928
159745653188
170484714305
162278248394
166725872879
72803618813
73152979725
73371612109
73409553777
70333763193
74645075985
70852961025
73021618212
71424047788
121164049771
105782681460
152433980658
130797645276
145052253178
149181461400
143954212061
138716854508
124178187186
127233434182
122315194610
129967312554
150895367720
162630924947
159049264016
157624232573
162953004548
159163865506
154938822623
151598071833
237284910990
344161678788
346260185196
346631827773
361729501840
336429696654
350578284819
184461246150
111268091502
112286105858
115972346317
114295544174
109182182187
110430634246
113060386679
106541122983
111399542075
114679831660
114183063761
107712712349
109159445885
109419690858
110478927931
111290562110
115873055914
117181775232
109612950265
109330321811
113966639842
107378296255
106505615368
111543130487
337555737750
388569372933
391099751992
405049797007
389269567080
384620277263
414376594338
250467926504
92539463820
93987965375
89989056910
90528948729
97223746396
99408372902
96900087330
100778010512
94012135762
273523895234
240256271900
200107243904
134164135149
125379015199
811888605169
265646686922
93541881657
356326838481
354981290064
365598784371
358710031922
317280860150
330081824547
335602778055
343288996802
361112033426
216775859512
130563022900
126442258206
156577105733
336130507715
336760869373
175995428502
125019864729
138825741101
170228617483
82030112135
149455062041
139612041476
149709057170
137905062894
143447844210
150374078818
135655624146
147000086406
139437775612
148373847495
135260488245
152081231879
139448325494
149507126359
167122916790
139819044795
141604189048
144438821503
146740900906
141381400048
119149335770
138679862808
151597107356
146029401056
143932594752
142570900256
143146779722
148107815316
159282612938
155566510384
166375239832
168846523571
164309934664
155229045213
150641258618
148937745488
156219326490
153513085654
99993830453
97471275880
101213359605
96685384101
91050447931
97271084912
100140160342
97440633086
96545077580
99273726875
99167251344
93863659262
102514032964
98920562340
101664812819
96907699960
94869214829
99653232253
102111790294
105757332172
98459699025
99223197783
94531724640
97917370626
101222224695
92291863808
100455947232
94475866052
105881217772
97634469249
98056892197
93353501123
102278077055
104987097988
95937718612
96058698355
97847620147
94734051478
95339993951
98207563843
90895490438
90188146836
89884164436
93431648703
92029497521
93934436276
95816425403
93844412641
92668125077
89729374540
93057268348
90300374573
91290193359
97325237631
91648344268
87302234680
100734298105
88908159564
96138084413
90377543913
96762359412
92766547029
94912563914
174638008626
350700980673
336080055734
239610417416
170947696694
355630892816
343196553933
344439981757
341878428974
372143422607
297678408958
124653337276
132909074124
135173067143
128502229693
132207972968
126462999831
131417420352
130449716102
130173778773
129858934953
130106859386
136971031547
339178080368
362891675446
352127006639
360861677567
343753132832
321484337572
339589504011
358525337319
350047828418
344514389679
377044613136
372948277257
382645476071
103827036898
137514273018
146953582776
157580204643
133900254298
98853772287
72986173893
102840157437
146414964761
91645557997
129670575877
103680754028
142142556030
135593662264
153890517377
86032406899
133318510428
142132015043
132277261572
149982848637
146482272323
157440664076
150676059000
146626898964
141704857085
87739670698
90748507878
83982374511
93930632848
132188678004
141622709220
148806144429
156842390033
151981001108
147728565132
151282116247
143019654262
158239854265
148333049165
148052774520
136187815612
139452791642
134887503438
142410400764
139366033572
136792341886
144438414231
218034765904
222252177664
302448209719
97738342998
102323847337
102719568508
99497118506
98117417224
98991612711
98931811966
92613092474
100327577886
96699117894
96043744387
98747006250
91984071047
95089840431
94724937947
93643127483
98793968775
95135589636
98990324787
100629080816
97885895731
94837951037
96583745537
93381814380
97389897110
98138805118
93835910010
104899433002
103097668927
95067301923
100127192202
89831892098
99800760870
89329074240
100007260687
62859577738
88576726565
98844724086
107697610680
97327338781
97915882940
94547560104
95079503034
101469268841
101797052929
82073724393
53846864488
59856600397
54889748253
74625951373
95990972326
96384223912
98606551460
94107467410
98006618925
98494921612
103590485373
101031702194
89052519255
96181038377
99711979802
91834554057
95750595491
93860633714
94702620187
91754842264
77652348839
97179793698
99260219149
100152522035
105568316310
104305398770
99637949987
101030516307
101374251101
98763071450
111370455533
358427798897
349711151980
234422204443
146673803563
320859109617
326250258950
329301466572
338769259420
345135821039
329128171121
338670977673
312111913671
321827357145
332627665384
333352576974
317957944172
182355246448
123571740773
120001525175
123395185518
122699114625
243141886404
348313407386
331406011401
348098740899
344153978372
226400769793
71470449250
103980127576
112204587502
139904733922
142282694458
132602180009
127033352525
133645216762
134803774482
99550865529
88250508671
131400547699
132829493948
129517727348
122109727047
67785203580
69666879137
99695577988
220665610512
225242995141
146275533629
148811853249
144964811907
136186196174
150054248902
140466325462
146272696890
131593319130
139604914231
154904386426
140430434267
126680634540
142769837316
127417104493
126305169275
125917031872
139047985846
142693900023
145676016967
156121911000
147474208991
147850216397
146693406483
150070365790
148352323425
149197629070
159896429503
179528707514
133484737539
134117851321
126607048123
95977538751
101591709637
96235875089
96938285256
107767298367
96895909582
99619611334
97414286653
100252837662
95754668094
101292896493
96662269042
93539837106
99328593620
95603447116
99021251628
98687902225
99114523805
99523912086
100960904255
101768071762
99238227357
102059192342
94193716507
96627705718
110165716590
327092919878
329761556058
339685984039
335810812329
336993743241
317778270038
323010794474
327659735870
233437347064
94017122487
100315983619
103278655230
59645453887
56893101970
56169116675
79418176132
95834761634
104821755286
99509312635
594637878828
972343123213
289564497920
957350740559
388330574605
363012625522
358567073586
375102725321
351235084390
356761701148
359515464182
334819218710
143799119608
124584995178
133310879441
250846940246
239343243093
131700073607
261830435663
365653733317
218110245559
127935575679
269460536679
348245545178
296655195628
140948142721
144086563185
155498612406
156005085440
146084570346
88657362953
122040616285
145083019738
73328410949
76288072432
73332841860
114908697894
135826932683
85125060483
74181199608
121820333053
147900241832
149389550531
154479500823
159064303267
153555044060
154276393731
157652920902
148086869070
156025580998
143171340743
151939787312
149899375963
155575100515
152502020253
161218370143
93799442396
72555621463
72011799203
73425950888
104946520214
126665166364
135936168979
138354834598
137093260993
136710229752
139140831895
140874635950
136578516237
147045731886
89376886798
91960088539
86718055348
109670012556
138643310278
129377091477
131133284762
142640238027
371636232397
399878261904
267860385015
123302141771
111569759210
120721265752
111716646525
107338145336
112001464057
98414250873
94145221048
96643808102
93455299770
93519396585
94458499590
91995361136
100310586386
93712706008
95897222251
391394052362
401046719998
389577433307
396772203131
388647143824
227156300034
134138202378
132811293727
140892480204
134946682960
364517748172
340971193008
342918325024
205266671108
135857681808
123437073667
120572791293
121726006253
316712344909
359009899110
340722817815
375765435336
348412147709
320225936541
328462609868
333530538750
252808533870
129138728066
115479404319
102592011142
96330259261
96458859514
96320564213
98851006413
99263893419
101221684102
98872774288
100548229700
95127463434
94611222135
101731648241
98279419749
100105182738
94235446855
101221158431
94271356584
96163001252
97120976969
90896237482
94934081196
93214512925
101933727544
94121495588
95996389757
93120875188
95100905751
96475629561
90974215597
90556548467
92274116755
91195100171
99506046168
94072338884
93265450477
93304593572
96155429151
95150832901
98347847644
97834673277
101448813070
100936211655
96321509366
100943162499
101857840420
103242154300
103645094813
89627649023
141705797213
131638248995
93885196989
113229348617
150278331926
160627264155
130254781252
98546391281
147178623720
144047704349
118761646269
69990960720
87631906743
76365584903
72673846681
84367481123
134035161747
149431611934
140271432913
97591619321
82241629551
138189224551
129009064447
134680703714
142248526412
148032361881
141701276860
138431584345
143317929954
156127136348
147083634072
151045971791
158577967959
139302827526
136688918205
126937791966
134005040597
134510342501
138369693394
134700790779
128299160603
71244758499
73874223868
70663577455
69798469122
72610179743
70795873173
70898241667
70676447616
70779167720
138963950590
175950611204
364868357713
348581238547
362551964684
237530303814
161141582751
358579967593
150040880168
138252848334
136100191304
343856941404
385040199801
399805735626
392430718343
406061982110
225734527309
136597762570
157603336923
401986440952
400508311355
395032199568
399524497185
405842780542
302304508941
105154236419
97125443276
112603631872
96974804064
98738190740
100917123612
97841632794
97802152989
101337645540
245402371714
320887148421
334134997330
332178760260
324051557650
317994996061
335491155607
342120383050
344748463477
174412776278
132810492186
131071922483
129768463078
129911667018
122603790124
128217124236
127853242809
232120887189
336564649722
307101465311
328963597078
332046019743
354816136088
361540097225
340026469386
184221100944
202345557133
299262107908
124429788686
132134530569
130517155244
133190672977
98918877904
109618973697
99052248195
104815809014
137481492593
138174170211
137668082516
128566387367
131989083691
122866677086
67360343692
72778181979
72479597844
70507783414
94924681470
84347209585
112309013573
143799785326
149600867710
111340615026
87577533121
85470812132
84236487055
86045423594
87085771888
86285567125
79610186623
88739160504
78751260559
82939554745
85314432730
137130306882
114756703817
117548254179
150943922952
156444693763
142798341742
147452398462
151199481512
147259084628
152962739592
152696503791
151172391875
152872149068
149745497408
158094641300
160893817982
157214510554
161387461678
175187824830
325843827388
364826042685
331682515100
339047897429
331147915864
335510409495
317748448570
123906387988
96215033086
97814434262
95797708914
90784159094
95046299288
96795994470
92963430822
93779499985
116862355227
250562362242
131793769142
130853870090
132423040052
134506647522
309708048243
243247477485
376342697708
362844648948
361192003176
353704735737
354250964279
360198527799
340594070584
363527498793
344155495782
361579402954
363824065206
373449668657
324049753508
356465835390
344675679519
361832285996
348113940755
354384273253
373417940728
364925470059
353802203795
374026855342
359232213181
364146466995
357832782737
322012275207
356740011892
208332639181
132814297867
129988227538
227960351903
165073734784
195387086515
299161852341
105553228108
78225802893
130188149300
133030672576
149713582102
139955337614
134104814507
144882709456
140889668090
151986252377
148351627262
138826357385
149511015464
136405094158
152446811487
151199168050
135364185961
131754145715
137746821067
149026825999
132236630865
132655155061
128932107768
131006974353
128064274803
130219352992
77355216623
71297165702
72622065538
71226520902
70217376632
71505397831
69146516734
140853989955
157054393283
157527054780
150896043947
136162412374
163050890592
158729628853
141573408713
92811013572
136000432642
156135264674
170392148899
160759265475
159843701315
118852766147
115246658621
107134461572
120084502611
114006147255
105256671478
109741646032
100868074102
101901308249
101184441254
102156312579
103799905401
102950761779
110504240212
99656619958
103001809512
100384317871
103510890007
102892202718
104590814447
100507913103
118270501884
101511098730
104786036672
110170873653
106828729646
103106952666
104777604575
109175894353
102696393146
104626504160
99846256189
102399554596
100340832822
101096095377
105414967228
106877077001
99947959572
104807070701
98019877810
102676107901
103406513239
97994437803
97050569324
101268430801
95090863263
97896897269
96453835953
94639556721
97410658651
199335418828
322714968584
319066020895
333454746495
349579113516
321474902303
230206889036
300254774545
331287382681
307472049731
331794931336
318866726025
88786501685
367546678305
244574835325
353078947673
357870477985
333791117723
370281841354
358258839830
366795009111
306786470923
95030881698
93658867948
106265574647
99786313467
94418803691
101993148336
101614522611
88893876585
56545311998
54871019211
55707121695
56674460691
57918878210
56414258000
58027696569
61406372576
56316157134
57927074686
58728205740
53183013913
57181023671
56211352455
57393188870
53170591069
57533291237
58671575963
99463382271
103526102669
93544133136
100204239901
95096019293
102703107553
99362531328
96972243319
94496421603
63396770938
57988548528
94691131409
98025323850
105311207414
101495178799
97938805500
103371096597
98283249169
97007189322
106695457810
134883091383
137542339847
145718686672
151707815987
124130165243
72073842122
71210748592
83420773900
70788020729
72720513395
88014166524
126967549198
112371899175
131284821735
149707926114
143268188610
71042919394
73068330515
91736726175
140499560662
137518806871
136250245048
126362400894
141819097092
149119535819
144461941516
155060160651
143002804436
141744510124
122877754982
120955045862
119273588335
128620936952
126084811953
120938177237
137534466009
127323941930
146515203527
117541708045
85733751437
82363526674
88593735407
87850360153
89312407274
91461695626
91688615126
87959999756
91540586048
142883063170
144172789318
141224773314
542934974382
686160448091
355763598755
355430763348
326664684512
253213555715
317867186389
762541816927
617226022426
161810432360
99698295752
100652125255
97823070815
97935904269
97163218144
98430752212
89989460234
59607236139
55688588298
52345189200
54759019748
305489549226
355249957454
353296418630
346218232265
330603901002
102661167991
88734677786
91357524677
91979790477
91670555057
92064303930
96530021600
88922966013
89930742211
85562294998
88929905243
93976182065
128666444684
129106169983
133334249044
296699762570
179268251044
105853785488
128539248390
122076709741
150341006663
333312732955
359149307786
358480450573
351656656904
197666740906
64709836731
59627869920
57284214061
156482731085
100472371490
94727926556
100235397069
95011127107
101832835169
90957882718
174575037114
101799370386
91614793035
88456011496
100936901314
98716887453
99742128175
96549694302
95315920486
91334675655
91843496559
84980851532
54441888912
54674217975
53472179747
52680003501
52083524835
97527959597
91307893292
96135879356
92723641228
96857888974
92588503220
96088223462
102279563582
100145902130
95313712544
93425579359
95094040800
89825165843
91821878267
90331094720
56279863687
55883181642
58647745331
56567141429
55508531473
55472171751
54423657205
55254280609
56240965046
56391183391
53475061975
54707293205
55294282103
54798539357
135187577197
141111811956
126002142207
142673269311
75797767313
137546581161
138082980164
145774642261
139480164918
161639573471
173197773407
159924148020
126520924924
134767936288
166596278132
143630763076
133124013253
121375775386
87632507637
66451641606
71128091990
69274508045
68435364945
68273239927
70851398963
69787778517
101133756106
99837245529
143365204398
137828307334
130308740994
118671634224
146804691313
152185849150
142568691661
122421209833
124384438932
127703799749
127209703667
133594024893
129082378805
133297452118
131127583395
135446907051
127782581754
135098684897
128157828831
133237861888
128132983646
223579763528
321718915112
312609823235
315938666879
336577635057
332429528188
318152826984
323773783880
384400767886
378215303366
399464771428
387101465955
398298580902
424004786099
351542262072
121960551937
113070287458
109770550536
110311240571
110897538747
112535601048
116922083625
105160213107
127309057576
329860612137
315491418369
322643381534
317692823267
321132264741
262716134469
100940832249
102316834464
98060012812
98466415445
98957502600
99791215265
96437256026
99295159474
97064281041
336317865699
354451390859
352225899106
356262873327
338322928654
374157820617
359881198756
342182533063
354415741492
383992538491
357134687407
150742497299
102164344487
111306633187
112522153696
113848596846
110401414297
110399595527
108782592691
112426959431
116803131593
106741813681
86252336693
91676617747
96189270641
88271151982
94640872768
91991259928
84997153389
92980515509
91267878075
90371779565
86697025883
91434886367
91592980230
93224040422
92286231983
86860282804
80755169584
122309279419
125951273290
119531275476
135744116790
139306597563
133903988873
143591651935
131845066795
132709642877
123163175737
116575064891
92420072867
83998108785
126845061537
142568685722
146370806332
133345175444
131807522279
136980788965
141923744866
131935541528
134346356540
127890099367
132153953585
141182636947
134725410869
120825411496
135344405499
136710171139
135462798359
131737667747
94985799436
67711632371
129959201700
129202695795
134547073751
131179976061
133123381764
137869919119
147441208723
146747396909
137848432486
141538570201
147889879934
139603126405
89018216410
69159640989
73519598909
194155167790
225334511815
250034171181
218774265818
331770242910
141883425207
288834252585
314681798388
330865780484
211270182395
342523273939
279012993172
243900017933
94746131639
96593777380
97061855027
100290042826
94670320563
97699248694
99188755630
95020825666
96819608130
97249981177
96189189912
94918374782
105466885179
102076776153
89892393477
93855812177
98187176273
97524235864
96392938932
94385579211
94816138392
56641206591
55190586244
53539137472
57034484072
55692428947
54725152028
56469374461
53598488236
57324211108
57786107238
57288024423
70605770580
99602128322
98495134112
94926713759
95781472772
97415662763
94809589408
96236112288
93148133143
102493031206
103944856766
92722639270
95447429312
95178492382
95159003816
99752809438
94941885561
97089908611
96343180451
96160460940
98831318387
280662112916
374119178702
318911174929
58203199264
60555200921
60862835849
58406975956
62217700617
63781056605
64758390137
56488888037
61693119774
62956720573
58417043787
61357543459
57563215284
59554653975
58961385442
63369746669
61013671830
61929647337
59213233778
61475700626
58997943207
60265780629
59420017461
59186070452
63906561116
63303895859
62971459797
59152871148
70327714829
96208516972
88788330849
180591984583
81790143423
88663272564
88672026989
88413130322
92260070881
96266141205
94038322018
90123985950
85060836604
121788020279
368222800470
350986729005
282051079398
132758816359
303691062502
347053174457
67073764440
55944949779
57267546224
61412328146
55435781507
53027196969
56335992601
59812161955
57071648751
56701936854
56632787777
58891787699
98259465280
100870113382
102253417692
143907139048
154867019312
365890704484
194150746266
156365675972
156275360368
134904659748
106926588358
106049643657
114091960372
269168078357
259918714718
145970367073
105581560001
76896110297
140542497827
113950480436
77937540438
78550902084
84927349153
84441091840
86082142915
145587085080
258848967712
257233846462
248957226979
257792625566
250819359999
267276743625
253059898495
257698364218
220934332603
70558597367
64794287143
140983864457
146660587502
147362664862
146915992331
150658357037
145174596704
144235374843
144538958512
134463940789
112036501432
108353689740
109588081783
111379647608
116972191217
112773520357
111944999431
106432289298
106532438167
105074712131
108237309065
119780740281
114212690146
102615906517
98554438774
94528822422
92566353274
94602931221
100760135703
97394743416
94672812858
73732160418
58108275092
51655653621
55436084520
53463064737
56573269148
56258002348
55469725734
55331962336
54549608921
52575314369
55541257066
52703342444
53218255385
52019458180
55897434740
57025600709
55080361395
55784552987
56032171910
55678597737
55420058533
85863230047
98679162347
93720714029
100575596868
98541742827
96999267470
102225042561
91929196319
92397259839
93122387010
95143006245
93516271673
101522302839
102670133002
94814976974
95614894798
99598870775
94243560106
98453404445
98791575692
95390486155
99071760180
92869060442
101754575734
93715300598
99078292854
94537978208
85664497206
93618111232
87809347067
91737975964
94279400439
106731919771
103903666527
100613767787
105593231892
103145256587
103311949168
104493071040
98590546571
103005126560
107183617575
101169912271
110175575838
104092302128
101139859563
104115016103
104235485142
101934370613
107434968866
104385358379
103799661478
105466490264
104445116654
95232200064
102819129899
97927095161
104910570397
102002740337
102269927318
105074221144
104068706119
105122753101
100877266070
97099432855
102522860347
103446680006
101651963823
106624922263
105287698080
104829453627
102056671294
76145370773
64086004625
62554438765
61601533109
61730047079
63287344798
91201284249
88589913191
93068581030
91336094228
95298012097
91739409960
85919385621
89541944747
92348463771
91041380355
90246833885
82910162309
86366406678
89283932480
92722488305
92820250595
91137829700
94455982639
87279337154
94421782491
90287603292
92660993810
93629816220
92155373432
93558802562
92149392584
105312349013
106966894135
100943336021
107915975320
102467669172
105767886692
102598525967
102213400681
103497379269
100875240393
104548474085
105661611030
106212377284
105302821316
94328552725
98560127300
99137795845
94672947206
96448363252
96998728742
97486275651
91080723541
139454386392
165928304768
80708222970
104468958059
125550799225
105062805288
169415664072
170783451798
156494069110
164817756446
152729504026
139112639400
141880749379
152070358608
146063803519
141935002503
142439413332
128853628079
241176928092
147063627668
163032380230
159049560224
161403703007
160711703312
150457538132
159544373363
169892476328
141858884192
139252122471
151469259053
145122522924
144839317352
152587710291
154038647765
162553535574
157214119524
157762705336
159061517743
160371595746
161352510322
239615493308
351688746328
205253404329
125977118654
131882642573
129734618883
124948547797
223814328983
347459410060
327168181596
265914421073
93349543104
95662639354
95864712613
100002371622
94419844612
96790378595
96200724025
94984673831
98740249627
96510899245
99605905854
92621098579
96456094554
90953407997
95166293523
93042723664
97564635680
94629046211
92640708674
94636858339
93333252374
93506099027
92443874544
94241371536
92494776215
97780175815
94025933423
99468308657
133690273144
140239408296
96597918983
97340760410
96945017967
100579927204
102266724682
98281173976
100373062572
98321459780
99801984660
96120666934
97275598562
97088398430
106403101789
103727925224
97876053521
103167709983
97545561364
101716775862
94551340219
99301353411
103951788550
97209612900
95023892717
101769077375
101645039262
100519501235
101798139677
98368698815
99032384884
101077704542
101866263405
96547077332
101190889241
96663714527
104184515508
261020735618
237025709229
272325788987
368864335830
365268518164
329845254764
368494280872
382431708392
348228035576
190883562652
95122155542
93648955089
92287450746
99016790894
95452672030
98448885145
98790369766
100864846091
97124544485
100454618379
99513551760
97880183925
102336885991
97248569908
98386699165
58382710400
55096272174
56509206195
58167252196
57897001291
59007248057
55714955900
255206410768
354500698381
300943032784
208975401283
338331645580
307080399276
108986820181
101893184958
139117568696
138602642647
135436863442
139836625791
133119015408
147494228934
138437091450
150651106958
150705601989
132300981665
139759382109
140669899062
138063327780
143497106772
140579735848
141853877320
148904980400
154200183612
146202173545
145805203778
135011999734
149261239680
133181392870
139608381854
133045482412
105647209256
72729634687
70420341102
135386863764
138873419155
140226061189
137813229403
140593755295
112307645899
71980877229
98764436115
133865111422
141924729550
119423252613
75186793938
73709518078
70542050538
74218708870
73534267911
76728078670
75544053371
74196111923
75517910488
71738169603
73788950133
171782981297
346239588324
226553303689
129681064419
133636992172
133476055711
128459189612
131314507548
129066636009
138893327699
318652861437
366398469962
351998909895
323872489000
340325298028
341403409786
338150044099
350750992130
132728511301
123147828488
134081290576
342717157573
348852676069
142264080710
125630467747
128886526996
126106923540
142061389304
114457403018
111721594795
110902864004
106933014104
104544999833
96954425241
92104698861
95982973981
101185848309
102299097489
98156943543
101282417640
97149615007
102858545196
94485803573
98737824724
101564667380
106493104282
101180450909
98992746404
101602376763
97862466951
96676618485
101819950228
97259344227
98415824328
98757159742
100185584607
103991319063
100131038148
99743515503
101991467610
95914441302
104013750797
97188773745
99470330779
99842892975
97413575950
100829116181
101344121866
102096742548
99480046413
95217860777
99686551392
94269900637
104163773992
97365017977
99150276840
110123508181
277412763635
366610346934
317436643696
87537065875
87141916912
90009269351
89594942425
88930351164
93817377282
93209760462
92494750508
92082063181
91121251532
100849229699
88565125618
88649978664
90788115252
91597692855
91161633599
88900866791
88342877552
82964966874
88641667694
88210600761
91752835288
90836539937
95429812718
91562631547
95126866641
94794506927
93830137669
87910618118
85394569175
90744323705
93510301192
98810381482
93346613256
97040065963
98274447751
98375265632
86165853419
92577310089
76189191268
78069792605
91818553638
111779833479
150273918834
143951779328
135979631588
163775605439
164940728002
150125228759
158365442645
109326845544
71570909394
111596180569
147614716384
145406540172
147142277461
153958767312
136264409679
84421446226
87481269466
88122981104
83273106184
84896774101
85301111810
82269825101
85101575489
80362746663
78521940676
80205653265
82735971195
80531184554
79636667757
84093022157
86019098537
83865251956
84209198209
81564312655
82287589125
82993449332
92671747896
149169239901
145671547641
148254900239
94776044064
82000592599
81024041935
84609253355
83281914407
83598635573
85449345622
82227797877
78449389508
79311059970
78870640449
83724990968
84073333696
79202860191
82731266299
83094018788
79816868647
76226834526
63559697769
70403599652
98404839888
97706719737
104195407128
95386098626
95744506338
106839313421
131412894164
129778635614
267949422052
374351970205
327187515934
355303722004
326495084678
319986139032
319833562134
323335940030
318072374661
316326111390
325529230359
336090283604
336970081581
327687649533
339341768501
331642278154
127844143132
123555029693
125660154851
120722779132
123816537186
128488684000
191089406638
352529090548
403416221078
362556533238
383185687961
416430028039
383298000599
323798551657
346165323511
329493076440
403641603431
399803551212
391498172000
382383399516
319735083455
327082807374
243730275462
119016237401
108185606480
109386510294
101703514662
88965078909
90591876869
93701230485
97253652824
91963508881
94651537388
93829313517
89969610344
88189168343
90256188927
92219312413
88476909546
92347028197
91717597279
92183596347
101560404833
97443960683
98248909483
104235775029
96969370810
96264621088
102362060294
102551402667
71973622569
146034343152
130247361537
131132850535
83392151411
116569974951
136684684560
142707231833
137197268160
134077210823
133203036241
101985552788
74482334549
83872498918
134836664506
145926053147
145985981488
132984999664
143056814757
141016581870
161777345890
146900530321
155981575021
143905065720
144441090677
138936828664
148144751843
132253433326
139021728709
149926657500
142702707647
142802326324
140389491091
140966115301
139312780870
127046644837
145175529144
142372930958
152774967672
142198641561
141533603428
134412877323
144525024669
138164973685
137599633657
133399633068
100522929430
100798812757
97264288490
95247430185
101218351570
101755060830
250269081334
343499024930
352648701247
348630141833
359297128975
319902642510
333860262430
318573746223
328750113583
318398355079
340667993603
152853271578
88936967643
91790850662
90444330936
90323222891
91423402619
89536873128
92040156730
91345769728
90319319357
90112807215
91404752559
91440162038
91359448757
94664603818
95625689810
88466518127
88075026343
95403084830
68184144630
53042015954
53344728183
56385782091
54001407170
58942247171
56996224199
55626028691
74792167575
100250097616
80379203962
53211707402
56674475450
56760027312
55142295318
57646106909
58879866632
55605875438
59721100343
78227835975
100559618952
100217524646
94211357607
90151455867
95347456773
93849541339
100904486551
96404351387
94770332541
99414070764
100039727577
61401439909
61262977802
61423146241
63815462491
63165525602
100957118847
64799146154
59794492736
88959129610
114588697653
115719581559
108815825937
114735116685
117619855156
108234379649
104830410833
107434281781
108060464993
118699066195
111249084281
115960665647
111821890880
110091642344
116854298680
111518067313
92161869404
94936701235
95913312118
94483857425
96354401624
92237653030
92907006022
95410560326
92046332544
93779458839
94341321351
92484522563
91759486908
95605437209
96445776692
95903019433
96284148409
91543510094
99346964698
94083190070
97872565098
92182339178
104768202028
97182532119
102483478652
96588467407
93156485544
98999486314
102246861970
99926539373
92452225167
100236658124
98594988345
93143976780
94344358122
109348358579
104594854428
117129371029
108385192144
114829138740
115694133109
108412838682
77780720379
56426669411
56673785121
80314266778
104119846781
97249037641
98284201262
100612904223
97867437193
133517244246
124049548695
87476605542
116386628915
129546938469
129097551454
134401606348
147022972740
152371765379
137779075908
106399791837
135591959956
165162060521
121431219629
75222565610
131207011622
127777325857
119427857090
131462133340
121073107820
122470485832
125139826710
119166410626
126124345240
126875213209
133625540876
127810604474
133651095741
143206336878
142318815192
140358832736
117092698696
155783787387
140640720872
148527094929
125308400442
130505630966
127297695172
129096451314
130729649672
128454344373
134753146459
122066731547
135811022663
136375157661
133090809060
130519393480
272455372092
303577187390
308187379246
311674000248
321027669860
318225807063
323471445373
252163786571
96869764003
98271231584
100098150958
94631035242
99843852070
104067154067
97054219028
98726205248
831352440016
223410849438
133951662898
102859516751
97479612769
104363834952
106295127051
107813420272
96151667780
104058119347
105763832003
108845817211
105070633618
103998859025
105903164430
107135627560
104700714054
102892300366
102253309558
103737803556
104609723447
102500878020
97504926616
97624434020
104863821471
104731227683
106378301400
101531504455
106061880574
106026860764
102962431789
105597166265
103826075028
108000322776
100679069973
105089869536
103597505934
103687243343
104085783988
100875408429
111455361045
101281140164
102518347345
102913180794
104531155884
100312328513
98445199160
109400932710
106264824412
102188101593
101262146107
103845269437
99739300644
108552042375
100206723331
102161541134
97551554662
199214971634
333516976839
334493906859
317602305426
570405583795
1016655665492
985785137650
977946448742
367516803584
284589402900
272189318283
88279416788
92084976653
100461857465
129570717019
163838899315
123743352052
87991770609
163756795585
156884670963
162513026180
168577682850
119264005252
134325826643
130872358418
137950275557
151362630621
132609256716
136542360750
80047271167
64713016252
107733412311
75123670916
99665350882
92932613520
73591669902
72065768661
72630868675
112921637903
123842666517
136284094211
121262610742
130698913770
131671133142
135658728694
122209213209
128371464759
129414668778
140073936304
129357868278
136814405144
141116328796
138228559091
135115721686
142504833196
145723821200
141431764970
143531035480
134816566843
139345590248
114745168856
95447301093
105030869871
97196819577
97572761210
99194761505
178523757173
329277895952
324582239031
293113268118
132039281842
128882742871
127110125949
130715158669
247275908197
376326786201
174717663868
125654453280
245900581095
337546162292
129784297442
129650548490
132606680922
133494608742
112081539786
98882126825
94331881907
96571546472
98779302066
97454101089
93719834457
93529256439
93777999431
94862978768
93882757065
97674227015
99101481070
99752223254
96803315478
93667777488
99392368902
101780383056
72676270086
58235445371
54312290444
57696173052
79954148024
96617408761
97425762544
98512028354
99982823826
98299028584
95362884872
95986454645
96152274889
105790031532
95760896135
94804367020
99855330606
98293901154
99817720042
101515779071
98209696532
96449406387
96371676474
101374154511
101463924758
101038060164
101306502631
97291281850
96309899405
98919115387
95884645383
98762893265
94964475416
108108442281
94597968752
93492435757
100546803851
98938737730
98000397954
96558330110
102371599454
102869293346
99659921109
102955033560
99825651830
102070844575
98945712287
96992846155
99966363689
101481907876
89930019672
90946926426
93987473630
98164949941
96360904376
103358125441
100941298387
97251201978
100087283194
99933617647
95402096141
100899150691
182146481148
379366793506
339654645815
345661840495
333198347989
359209185445
345513696038
192613633952
127845159406
143738762145
333561085846
345072145559
294530431430
101825427030
126994345505
148207764863
139146613633
150220050771
136424070216
84399912562
70746644497
113169282464
135606533571
138009781006
148594967196
157196209957
160608995819
153065201679
159155787714
140400627129
142066195503
134206589347
132464377960
143287510910
141847014292
132752079427
141768883081
145728748225
140862881308
137623016957
140845507362
132253252444
130249792571
126081979062
138141220527
141179562752
129668920677
136905316599
130899213679
132320973241
129712696329
130100417760
128646159087
125260986362
136105497393
129097644152
127584764940
126167313215
121675296826
87526574792
88611361005
89152567876
92953044961
89669892093
89896942917
89947734459
93673599727
92277978026
91953156709
89263514715
91283489794
98597081538
94157661053
91714492319
95395535687
91162976968
85753351282
88940303159
92720704713
92745191780
88242075236
98818874222
101691197746
101426561626
104363215115
105941618278
106920332335
100596259727
102714298055
102822850763
104956031390
105736282618
108355404021
104719793980
101776885446
98213388958
98779734305
98792185464
95168356244
103107505833
100183249009
98466903374
101873244725
103415577900
98169233445
101295962165
99257781494
97372640811
104000709928
93956866187
95217580459
99871183624
101284959880
99873764490
96332535823
103573664178
104726742142
96500569459
102412409587
96050062408
96167716862
96661347028
101569458901
102466084186
100457542387
97216175301
94794100191
94620423927
97286943318
98567701856
103585071587
99593974748
96103437745
94118588295
100535705008
98197630037
103903352547
106626902552
102145742776
98353121570
103582572569
102825491689
96445728104
102170317311
94160188784
109228158122
96197079084
96616373499
99961678227
97526838358
93788871244
100505727865
98589564068
101271926640
99354492525
95430392468
95175712752
101859129156
98981412745
101484651025
101094580657
96708853076
97559684936
95885035628
95344647528
100712809415
96692421566
95856018422
95368619225
95455146211
99317047905
101367083493
96590020506
95886190455
103741923540
87801149184
100150858399
96375622337
101646124307
100309115273
139023126364
364823583725
358763892346
242985572005
339165706813
349716736376
343229465895
356364252759
359522904269
349266957275
182378710834
107179567373
118641872014
104201029950
129085464538
123065087201
77111112509
141126745203
151145009095
141151476623
155170275199
146225044380
139053844004
144940939916
130617091970
130454035593
129738754725
129299172615
103671212378
127884418940
133005851088
133169577979
134950549249
144589546405
143493411436
136832377452
126389990362
127903583704
126872084283
130368091346
147710971242
140518760626
127687197806
138954718367
136716421977
105598146534
70817119503
68251619794
69864282364
71478355040
65868938657
132593234007
144752046102
139924796761
141142417535
138406092627
141159556482
144815527944
119315309294
67825957803
73690247325
71569725906
71206287229
73680140175
75744876958
126315592939
130053440722
137352790954
128714585850
221280197148
401495648312
390742856430
388541166098
368946911945
181610405204
335502853036
334762484596
210534892369
96749960078
98145360983
106574779381
97401429336
98845522464
103704980083
104799772995
100645021009
100113138546
100181852690
97602137352
96393221171
95835137682
105163183419
97985006126
102517673710
98857111857
145346243360
89491313255
55417463077
55912087992
55972456961
56581006536
57775640144
54852671101
55135119492
55252426127
56821222212
57650270754
56062955691
53694095017
54572292825
85753659841
95963184613
100348431847
90119174803
100976914675
51990993194
56033042332
52506769819
57227822360
56637354905
74518300208
99785655969
105556736492
103046314139
95382092547
91625395766
94545492745
95229919173
97634881292
95561285862
98890221965
95777917261
93920345746
92843874691
96015550382
100750931328
95332923851
97400970499
92137266068
93750611263
101889784093
95980821366
93517320527
94390714565
93778203487
97342572963
96777776108
98989585924
92347164718
99266352675
92710796358
96524833306
96386052218
98216051208
98263811449
97115248302
96337789367
100941278969
91008558778
94422098501
102041783247
57831851782
55751383151
54433562212
54821966312
63292963828
193432903007
381902874028
359021636220
361631919627
325688675152
131092255554
132536627510
134641724068
129760701276
119572217326
131079384593
130850220263
282226338388
281439894591
318713362015
316536907129
304706291002
310679216051
286066750103
137651735011
153399121003
145359533305
128807710667
163623876024
169732951342
157793219980
160440174597
158786940739
145722499011
150198484775
135799906085
132791616003
144620493816
138818533962
139311375091
139179377195
130998517009
114602478354
113246300637
137031476513
143563167173
140639059715
140427259293
142209204611
134730652600
122192208772
124084937679
132361072733
133030412804
132599624363
130798544739
134985371817
120378283540
133802491916
123592048638
124840637455
134867075498
134228461055
128230632437
134427173771
132435083397
137768171164
137396688007
237888403212
319615010031
327287224621
338902412606
312964548024
171758088592
86452665304
87879583741
89611344988
88031707152
86058861542
54299174242
52183687939
54857817335
194735346488
321639384185
342819909593
317639929761
366248925999
349318141435
349538651606
336021664571
346642741747
348271521259
356262671703
349720127484
338425666091
320068017007
218637445862
97300316121
97547257922
91526150413
90597169859
92549219883
96344666778
97402240224
93146548600
91260410963
100787692169
87892604633
86031719669
94102055243
92287959758
90809371884
83101055700
88196319715
87403611409
93609017218
89770015204
89062839268
93412762127
91327535839
93360040432
91541328640
92601538244
88244737547
87171112319
92250628098
89838211352
88373200175
89491272906
88726764742
93937719974
91780604164
87620284945
94573408836
91666075116
88408461540
78808828612
62854225474
59005029961
61639742524
59862266961
62850506469
58303759954
99935966119
54930371910
51963117363
61400614855
54275516483
52878991908
55773619713
57219071175
55835568323
53287728283
55687398045
54078313919
55496479223
182444984103
95145723832
92084451416
96147122377
97794429210
101301924528
94833066528
97278496133
95699438267
98577026685
98268163022
101281643143
100850602915
102144658235
95122173123
99918041880
101207170842
96459861817
98656344493
96416112915
96494297979
102333914428
102760854396
96756065030
102605512982
96362129912
102229006965
96345325084
99606816605
100844364580
95247278164
97536619651
96524852206
93288697457
88885336476
55634877831
59985804251
59341742253
57214469524
125571625569
75955872238
70286504838
98915484936
161099195005
161982107461
114271885728
71673571000
82921964574
120041748209
137914088077
83184689661
108157568588
163441040205
152730269980
153153351273
154034281145
147447146138
113863377383
83647786074
79675437492
79723943068
80783538307
90677561412
90082425551
82712516736
91028013343
86649572817
86095687463
91636166447
82060464074
83259574100
87771697963
104974296627
84392174489
99067597682
81923455536
81938448484
82388400437
118499373526
93433619921
130137459487
136154113393
137604107740
141535970375
143474945956
144411753962
140663559105
142396732410
154814651590
150245365571
139047353791
146800129499
108054073022
69502857989
55165816314
61303157200
56564729849
55878945447
57138294019
56447477040
61756348760
55574371751
59458085228
54267949790
173701173271
370265604460
411130082749
381679091410
367718274049
336264797967
335175010845
325816427595
172600547372
256866001577
346238368228
361461214621
349070604235
354125823650
348154707282
337520635234
349174802457
346438860640
352447814909
337268736863
361804039280
363994879424
357792073926
246415892818
138441507860
136001660606
261144377180
362594974425
350988248949
335297663974
130096045880
196659155463
344828903149
374393024034
368482729216
345597120296
354225972269
387085436833
222628308921
202732728595
352417856529
143196883767
129675728717
126748162062
125133786109
128890179976
125457818372
270884102161
360381771224
291892833811
294240556463
137516400596
114753480947
139824580598
149943334444
155349056407
150638156663
141774199904
148496658201
147971697675
115203019897
142586084533
77531232358
140342281659
144127594149
156026494411
137448297005
146585560679
108340060649
70471950147
71383938600
68100799741
128495274901
137281965745
139759878621
143926651752
138800185727
129827648295
144940458044
138538075387
131454683275
100108981501
119811908013
71585266750
70607500828
112383427302
141204712262
137429883915
132108323789
129728201503
126851507373
121211416128
129391371102
124074199604
131679559387
137374214605
131297419240
132821184569
136622066652
126689667980
137125137433
267407351862
312360637405
318680195052
318881298713
333317490830
334463470799
301846357694
323728411853
330068311960
330181562391
308771130912
305521467553
320383051550
331814684975
318656933071
333018245545
139000238750
98443936944
93146749199
103434805277
98688520886
97952475740
98470232780
97002119016
99681426992
180428552540
98288459713
99376767414
95740795940
98932405090
121115264126
111120464489
117057139739
115273405434
114001924677
115351366614
111598729569
110369355132
114162818850
116836419151
110056325180
113378707785
113671720261
110821088593
113120993038
111532348184
107104610294
108399230009
108360596447
113932569811
177155136313
96677065475
94635515222
99712112239
104507595906
99566868622
95276043921
101341641115
104202550205
98531593269
100998869950
289224735810
340210939361
337821895032
343255764638
170755541660
125504835243
130296589835
121253203026
129107046309
133370979823
130772579634
132682600899
126364949640
126724847225
133202360851
122482688631
127651719511
120855284819
124206994764
128430053002
125591463854
126729574054
125545877958
258025709038
313654540764
318719457859
256461258836
125507181094
126394422944
121756531334
125990978403
124808812657
103596990628
104767435479
149422664257
152728752007
135415935827
132040895599
123599465157
122779157149
97060883112
68837642679
70786120325
67444336711
69924065820
72953861062
105778191881
118393883166
84475503366
164487718285
143228872026
125431459995
155693947431
85780756759
75213224895
69653252485
70703449920
86643950281
179952007852
244721602484
208565539165
106893759256
70124593832
69691049164
140733974686
157398605169
150096865272
147385366415
142142313399
154343403548
159197559243
152203075433
148585276544
152926910285
144294576574
147165079726
139503409330
140538940138
137513333806
143170513132
152670980843
236708588070
319931872025
182961724044
69063393629
99566216273
98193048012
95900023495
99603699861
99004381619
103677841326
100354514605
107101818855
118537090605
323505239878
306014300376
169717084557
333662465547
328637595561
328068057242
315926176073
342339334268
240784857813
130517470549
134735054305
125938137652
129291897096
130196256053
131765905520
294461373038
341085030683
297910422528
134603281969
281714958885
345795020168
308360526147
235897786198
341036165667
330867509326
332653498906
329134726366
217928086280
124278294912
126409727799
121480218695
206879607567
319665746457
338220097035
314253205594
310783946957
331517598043
342318854801
315169689514
330759100843
319513083925
337083202688
327892763158
324910165432
318404054188
305791957568
310816313135
309799543095
304222171332
308993125024
323672765716
137878684402
154085042833
160567629225
162222519311
142543493102
143657170382
104871123564
143866099817
148007230657
150051813317
156600356929
156263715485
158365146711
159827673518
134648166420
112360868514
158457722212
167213311622
160541943743
157915890169
141875143782
156965813888
89142118971
82513340398
82204978906
130220337515
139792813184
147813563905
140135408808
141741844047
151537041665
151980510081
113841865178
128233563105
121467261022
86625250729
82479327930
86785413460
88446631522
82923538358
115063072044
93199799619
84468688162
81881409624
81230263082
78938724037
81699510765
83442488787
82262959366
66702149795
61623408294
58830034560
61527762658
59290686002
61342991715
59627626962
59763226776
62056950752
59698470691
88932665075
77981722769
66061922076
67116039638
69951470259
70461444045
67338689111
66214764260
66455973338
65658072422
66652084427
68307531249
67863805379
68006806111
67761169912
66908240813
66961627227
63908150689
71343751011
71151654855
68885571716
65931956344
102703594977
110637389356
111255398284
112813474861
114678961605
108237822884
105817717619
111124694370
107936797872
105979713853
111339179344
108758666000
113882621519
104484619620
106709801708
108977233852
113035354681
110752759772
111474605456
112776578216
111894036035
113727988198
106203485258
116721953773
111523225936
114875004875
112366711451
97549668075
94541588835
95320391903
94419626387
94128779755
88311992406
84176768015
89910022723
88176732045
92633390208
88988885785
92117159650
96807352960
92427518101
92838097917
59801938303
52838569293
54421802617
55420889088
55102293607
58621757433
53129010888
54543887569
85894388657
89439558665
94284897685
92323595335
89376477316
97779484951
86474031468
95518385254
93810171926
98121206934
88441118986
92557178600
91205717849
97812869165
98028223732
94994848564
91328550360
96580685396
88667119997
93992216278
91284688188
91172304628
89427245863
88746094727
91469749794
91312098464
100251051286
93691446195
91330049725
88415764038
94140061804
97948763878
88317892190
86179778421
88809362305
95543774110
89123651251
93944092529
94311854380
86202321462
90296038146
89824152647
90252936456
87498405423
86061861536
89585091579
90823875864
88838493851
85970579738
89601126382
90244427561
88694696431
90910910125
84786762478
91712319377
86322426306
93691697798
86412084877
90466120101
90753471537
91837818386
92504118643
88642980829
86945133284
87195557262
91380657996
86120835780
90430147765
85907088956
92822737359
90330563186
86253934427
88864111136
94427635127
88596508229
90690247871
88867815790
91404107964
91738456458
94503933376
89526404666
91430607331
92234654646
90687271094
89192317026
86705347948
87325399678
85493834175
88376358669
92382685223
85514164487
92440770949
89276152824
95168588758
102228885099
93334379854
131883231337
112190867622
118635521136
157165469074
109881661834
149147111170
151667800242
149561877345
145865423052
154616042163
140744765317
125355964109
75426213583
131897741360
156974282642
159748791535
115025940682
70533661951
74295545691
74161561285
77171685526
72710054908
76859093459
79482066644
74862148666
73675104333
73333837752
75957052334
111567112490
69101821909
67813912215
151414890473
135166903110
150543076859
156393100449
149688862657
144297083796
149341538078
147566631736
154532251933
127267799035
135046893116
133082499630
129536981192
130054495279
128130301665
128524290654
129863203944
134047793641
130726455090
126509881596
94672033845
95556291776
91501842151
93854461325
88286877198
92307149408
95996804210
87788261723
86594034255
90880669773
88592562431
88090844432
89867126871
96490164784
88291075333
95577149854
97761022619
91400899187
96123199961
99408545623
102284044791
98286752481
96741772295
96802444346
98664797593
58535469544
61008191564
61452480637
62143563789
59982917933
59742793204
62227030763
58971686997
62979225161
100912016640
101638561411
98792649369
98507833666
97328928900
94023091478
64729850837
59893405885
62622497018
60335065435
61795186872
59920943244
60707448291
60220874152
61699175864
61134531620
63362812058
59745774504
58563470097
60101023692
62043088480
65795443651
56730281502
60085255252
60630241271
62740368643
60830912823
60577232873
58117531971
62181319694
63281282225
59550537679
61118570895
63820928579
62534017900
58627916116
61689575812
59765809774
60788277612
64981993622
61601773253
61804204389
61123713633
62384097486
66348031347
65180176893
62094412762
87103954088
102997049061
83458017461
60785047079
62696570380
60629061027
89297723276
102616345300
102928578895
97790600244
92283449176
71246443145
64880388798
62179869083
59524186641
60323364191
62367569278
59316716411
60739541888
57550878221
60367918940
63853558742
60271497619
60713241463
58434131858
61131944368
58463712204
61215722930
103783496532
104753620478
104878098318
94956633876
97066752442
97111570867
102688184552
106511125118
116188010501
111196300255
107793082414
115280449846
109592013854
110909663648
111156996855
119652625613
107145419713
115604058647
113690938795
109638975883
109517658284
118392357209
118300394790
108683352496
115217928395
111319082181
114295733765
151412100723
104340012403
94641357509
95895067661
93023523582
97736577411
95757697972
99875836462
92735633418
89294652725
94056421824
90219455618
95911146895
95829125828
89885372793
91877305450
92908669885
102611501114
101878038084
95167548692
96484219285
101328507898
94364579282
98717985510
97234336210
89783874806
99332606396
96874628012
95117797006
95896406773
96344263211
96421536729
96219372795
102214376327
103322434480
98353102468
102453183070
97168944571
98848170678
92262067992
96413639295
97910954770
101828389758
101517095227
99983538544
104784173560
99495455953
82451401379
131606232378
73235472901
95096680983
72034309137
71047682334
72524977112
76220511152
74949653226
158273869188
163915472632
148961905478
157619144406
153305495292
157282598298
153339776591
147979063572
72806094323
131196811063
71934671028
74843232690
137686096540
163614680268
156251902693
149024109209
164410397288
164393978226
149553221947
146829145117
105028200541
73771547224
67250991368
70990486883
83467632780
129931212674
89978434275
158273675823
150789817486
154675333544
143615367177
149965747768
159275966480
149635037114
159645504505
153910876809
151284613748
154389904402
169018738407
179581182182
346069076869
344515820339
371237090686
357627566863
217302014308
230395058255
507363216352
131477989525
133306441848
127288345634
129394335773
129319768066
129840476005
131938964329
251326782321
343742830963
348298367254
344065748952
240705316424
125494611516
130966820397
147021454430
137135560560
128368929792
131592770350
137204715295
136801091287
138731859046
133375516175
130872265075
127218242513
290190874280
342688851519
349081807417
372412491651
338663317122
350362478823
376527099326
161992067734
127213637861
135720470679
140273686779
128975634763
124002605026
130629766627
128086011163
127318989432
127265152185
123977118685
127744477869
129865417491
130387973814
301983508364
138971612095
132063435220
127448889275
122905974937
128189223754
127545991861
129642228399
132267039107
131409431069
134329073648
126986040560
128833783382
307213067804
314232360693
124555824857
126341923794
127260007647
125440606234
126577415504
118917121253
126075248544
129651124058
138503104564
345783676620
179616254724
117904686202
120459025619
127301858150
221825929219
214094709636
152442742295
137851801409
76476301977
91885737521
144148669472
146456280204
208534009705
153098510876
153180694001
144331935436
151501986470
162445853674
150349072958
150728502415
144524672201
147949798677
157374553168
152139242934
154052363720
156106394983
157964924148
158648585849
159063846403
158650920640
127691474543
135871826687
131074917265
100221445445
89941598639
140945244415
137884150447
145822023341
135395684294
149210655612
152404535744
146723425239
150703538674
150610370162
152648006113
144918062476
153576686261
156892651895
288289683193
308300938949
317833276615
339569295637
344370341937
350670355324
332158832694
185516367245
120890857779
138374780379
129573627468
127444730305
134190524281
128055770237
123413697867
141610795552
163986200401
354896756069
138296608699
133608754062
210477856177
359632096818
387320828306
359988551724
353252766234
367962736557
364234792458
354653563659
357969111219
344952788659
318684106310
94793698726
95324027340
94464200506
94268517456
95114773554
96274558620
102090133354
95138215253
95610262853
92894419571
100199099365
92438444227
96667897019
97825861859
92564034058
98845431361
93414629971
94475034613
94053319889
104973728606
94385445496
96179070202
94152929171
98290167756
93918344775
98392872289
91861204830
98270648245
105707344906
101507582866
103051423563
100288998412
99342010850
98066349084
106625781188
94822799919
100501472943
102704197052
103737132442
98330344235
99601598905
103195961905
105619547555
104691172547
100401915872
112917880663
110567202261
117492325911
109456306039
109492287168
102218460974
113503958039
113734052128
106640253193
94037462504
93884006567
102297490833
95743950638
98862301121
104296020516
97969305153
99922247823
97469053672
98043831743
90981735074
102439492153
102610462854
92727802135
95939678323
96086532343
69313347355
68634172675
66824793828
67955979906
71458096862
65065026780
69299663816
67173349675
70390622654
118583745621
126309217261
98946058295
115024492554
125757537805
149231620616
143262617135
140497550642
135231426341
137297899791
140751709013
119295816359
143212499463
143586049119
123701667028
91175086220
90492997363
96086284289
126038137408
154766918225
168510907982
162036208623
161664804505
162938272968
122299318568
72442561208
72809846710
93605331562
144158973493
162291181169
166664088249
101575316426
72073021933
137198737492
152462164209
138673972295
86860111245
153106004092
158102795950
152972388381
148672997994
161390966483
168708374398
158316786179
155213839642
158971917842
337582096616
362299499891
351501356608
349722181102
354233405097
348131630779
349425214752
357563592629
378327199320
389830744438
133963495465
125882292057
134369762314
135676553795
108575949939
58037398743
328810766770
369988959277
226337218195
99284179307
99927423750
98964451610
101541113908
102532806695
99842599705
99809212475
97844064522
98157755852
249174535044
233642433732
133606693070
135729071822
134523503816
133480657131
141496340695
130093558275
129785163179
129715915750
128010622627
186876185922
399912182223
390890689941
400018496909
387206567765
385142012775
383744554036
397858071554
279653537987
138804389267
131422631252
136504555219
130859030526
123871168542
125643125904
123701828850
125401424163
136158838555
125548167400
128883554725
133659747306
132587612385
241431868961
362341277231
378800411216
372940508699
380383145521
221588028619
377840491579
407838186231
244301955136
134187060618
111795345356
133232062303
134464694922
134071413968
142301747337
128997270493
163382020216
145005056618
139436032088
153223590959
151218795941
140168937804
139712072015
79445418662
80027518955
89400272227
123374587351
143841992046
147423230298
144571429353
158562983949
154344698149
139854764804
133915512438
146538760011
111304356052
68736897750
86759340114
67276807046
102583293119
148810022521
150015526548
147285800186
142417077467
145424200995
128454431017
159516973915
162986354921
169307852106
155098142923
161033810413
157054092416
145126158001
159598388057
118902646664
99897509803
96165430118
101383542420
102914514461
107049021902
80712722911
58679370588
60234011603
59123181669
57290991565
60369604131
63659722829
58393197759
57129281030
96633574142
95196746695
93502419313
78264668109
61795718672
59730139813
59527751432
62544829383
59904423243
59090237937
56622980263
58359483804
62707091927
64229554003
62065247241
60771417843
58822328266
58853084349
91613325215
102278756454
99579833018
111583560866
105185798105
99982623944
99853752297
104949997137
103616282455
97718103887
105102346473
103886681482
109270203044
105209351398
100537348405
103070384608
103027732810
105788283844
108790057593
65545905761
64632692119
60160940134
61056551551
63179490537
62194853291
60437658908
63214316165
61052940644
64027638528
63512042952
66785486701
104584029103
115297136983
97556950972
103159852924
103432141034
104304514228
112020199344
105205556748
103564141673
68763859989
60810046130
61655674319
62444856601
60137228982
62775233687
64706632888
77387835337
112039207274
112775667208
107704393754
95707621083
101364202548
97866370617
98389853849
100141698321
98028727718
91992185875
94121141417
93164520315
96464179287
96464483864
96576326985
93895425388
95275438302
95226246391
101897901892
92180017746
100164019675
97370648404
91170926297
95132320816
94779718178
97608038681
88130163557
95711127624
95481191799
98363731853
101462438009
90214301363
100294367456
103867771874
93423588813
97574083310
95009280137
93768719410
93926385546
94674257405
99139638687
100240125441
92632453923
97536011840
95436288505
95866059136
91914651630
97018632850
63550018613
58845222479
60660273080
57930267494
59783870131
62673691175
60533822011
57814721304
61638859477
60727055351
57986712559
58397814850
59477537788
76554841192
59417554215
60122657415
59643448937
59236154695
61737220802
58452124838
59808205412
58613506349
59178652114
61103064935
60900071780
59372694756
60801776998
59853102389
61275650253
57347990758
60173131730
82243802792
100972127415
94719564600
97572413863
98171489546
96971705199
99876817731
111649157988
100308463280
101157090834
102789775785
98775686860
94828903444
99804246380
100214561816
99577781168
99426556994
104476547521
96203112156
96472219547
101431521140
100643599515
98244792332
98492668187
97150482513
94966612068
149962624033
124096256860
76572641645
77687906740
151599282722
95127259861
68644041662
133353708048
86298129482
85228787407
85792616353
86367092764
86752620796
108579557825
133699354957
117583139618
88472138853
142819449516
126912712038
130205021551
132337923127
143537921371
130461006342
127285016274
106331865470
68877577809
70441501690
71793138957
71542748025
115488496136
138065778037
131112870850
125478650522
131303993250
121647252558
124939671775
114321995707
70021175572
72144496749
72418193657
70125809812
73032474283
72281548328
72070647357
71739150495
111959672271
125259057776
132458570490
127591483537
128286455571
127004497016
134947017845
143349263959
137543947591
140324435099
145361855721
333578440091
346519370173
308026723470
246218409847
132482217167
131984473780
312350133617
323227323433
343796489707
318892484009
326517311635
170534464308
129239292650
130361877109
129163347248
294434223698
331296293320
333556819920
217097808982
123498494181
128662388649
133063438197
121510380049
284542701477
339138117144
154675291961
128375266146
316809843083
379663214267
358083858063
352135877180
359140883178
354741345835
348112674509
196861019582
98168339778
110739541066
101482324252
98626557986
99208888791
100998240925
103471813804
97705181542
95237691748
101694111527
110278583256
104162835683
105212869942
98760638460
105731060601
104001594731
105684218455
74202631576
52906686455
52680875958
53862092410
66918243201
87059999753
60394139125
89360414774
104758994980
98152005008
104998223763
90815122676
55817973643
55594651824
56122988728
57991653061
71641122275
93054580814
96565650323
97312813572
98586054639
96472158926
104820397747
97606210808
103072511823
100173427405
94539587291
101150866562
105046064230
91759861470
101292798601
95649792027
99923575563
98263687945
95276028569
94224618959
99376115909
95154472139
96792568947
99680085275
92457266656
89946136161
103022875285
91370084107
98257648360
94879398587
94969761361
56795021533
77270401524
87837360099
88153372699
93205710659
89045442200
90343150188
92759947882
90537824269
82144353662
136386220968
141287046460
147678283479
147782537623
117334747296
77906410675
139751909795
119515536648
127872565793
127439131444
135284443338
122742991909
72845902570
67283848401
114500389553
141471028448
140236260446
141537643177
140166675349
141349356614
142801795727
139298737225
137065810306
141780692878
139532839507
146062002953
127448627640
147802023986
138760338977
131337130715
124961363994
117633066295
147259038068
144697422474
142909476597
77572847097
72309330592
75167969654
104795408238
145812007077
148041849710
133063437486
141085747761
160293373082
134241748347
141761240677
134774750131
95928857549
99681707765
96681697728
98370006226
92759795518
93481468775
98610339571
99746094971
105456107504
88576499258
97046845988
98422220760
102092065894
101057611445
94845824741
99389002777
102948210104
102257124596
100780660409
109187487262
101512888437
102678940406
102839972681
102120969515
104387259832
100610275271
106528715065
98460025739
101897776936
104828116738
97333399871
104181037554
96891845383
99434412734
99373651497
103805605906
109511538832
102125312578
107124778999
103437544856
102222242310
99886639328
215394065122
385907994718
316649438030
150190315443
139643290655
327624508218
341567481480
370430461560
334606433871
329971796740
321390554782
342368470470
351688572250
335074457684
329396916577
185699067599
94473950094
97565331310
96037088188
93070807341
98720966345
96388083186
98217054404
95323450009
97742131786
95372993561
94045476190
96402620356
98951044522
98156848602
92729396952
100054818770
97022121694
98554487765
95875359447
96869657406
90780865027
92972960678
95343119858
90121368191
92969923272
95665884824
95152953981
95631387495
92458093590
96567355005
99784558638
92500289444
272327469182
375200672272
341846331892
344699716798
352978807624
316267318986
307725784226
333982173121
329786342979
346342240550
260430512892
135824672057
122446245261
126989712268
129505550313
136519717483
85952796627
134445753674
148296656258
135948967589
133510763690
134466788895
142339113385
105527795728
70524326028
84536992260
135994375306
150637471953
129037317534
125374956144
129213110194
123603317077
118602524872
120622079797
133771740629
121349892960
106293351662
130881022286
138507660774
141349543617
140923996403
139178498493
142793825977
135273055958
142291354940
152972755851
157501351067
145337774500
146354499016
139218696170
143961734041
144016300684
129011899152
133895474299
128320143445
131806354363
133645303167
187817881409
326513632464
341319015678
402143311154
424147499575
512422117736
423573593326
214138990577
485602352996
96791875081
93494969550
104823381104
96437264475
101553450449
99049759479
106165610425
98990915114
105191415616
184557900345
105854631346
98897959571
107277118456
101247674426
100947334035
97666321805
102894451452
105843010027
97557749607
105917582591
97234318808
101635478736
98299741695
93543029200
92799845503
103342758563
100608285560
102655631908
95485452335
96594110436
98759731006
96154153491
98287015595
101003817815
99568983001
101774786312
100076189089
97254108993
100062855476
95734229815
98809750919
100728311816
100247822287
101737962847
98562458760
100658235871
103182385310
60541368359
58567547142
62035784417
58508301625
59468751956
58433795685
77675337567
98289807600
83982833145
62514674515
60119917841
60829122634
59310784282
60119996917
61844637863
60907554915
64037023017
63387829732
58033045307
60484137271
62520062455
58328283832
60333777082
58101894543
58246147255
60665722091
59769367219
60591253570
61181034305
58661042529
62526310877
61740961495
97284045529
97708828094
101715738425
99262149183
99381970178
99898558592
105126729262
93574508512
88896818618
91412086049
95774768305
93182924404
101031036906
92553399228
98237302499
91135656433
92185075820
96623486942
97734047538
96008561048
98062117270
89150864022
95311567559
93306926475
95107181279
89632021084
96263897221
93534809088
96069564540
89745096346
97849747039
94833019739
96897863565
91005342342
56278369168
62357857593
93158369394
106143318065
116342510529
115849858945
123322490362
110255087216
106265695334
108283020863
108830692720
107776771657
115267153374
112967583546
112411821215
109729582871
107987531596
111358477512
101946730053
99044976106
95369349843
96736220140
89200155119
71853151256
89738569361
145807876704
168000468456
99504176874
125760933779
134486681310
126736927863
135213125312
127406873662
68449677621
95729938603
126080021559
77667065545
101786998063
138025492992
134111086605
149576724620
156473787736
144196586258
148044324337
147777242438
152670461350
146973443612
141609463523
74282180828
92128496027
146322424102
118594491176
90415022998
93902978158
89361565737
89022130091
87138856350
130243872113
137367354761
134708647077
148133023611
133902746646
137318197515
70328414657
71284526386
75717347080
67714541806
133588003355
149067037131
135985633984
139015059725
144472440523
149691047148
153284585258
370226102686
336373263162
365457465164
350677911886
123754449951
364223841018
353986789956
341715969736
353962121031
344526460699
128037245067
128146030547
132041468688
127201371526
127634197063
235717912613
132240183333
136769027812
306146915204
355623472382
352951923255
338767411411
365260833778
361514456629
348283499056
347892575142
333190944232
250360473912
128989650830
131882408522
126874264180
125141416659
127524479992
137403433785
131275372001
137031771955
319006520752
332836860757
328756462368
172129974408
54209326973
53668395782
56616879826
53682539335
55887269020
55926275271
54403012802
54202586314
56917429755
52780269630
58965592784
58320270190
94844490500
95544787493
97290919124
95645066302
83015411204
90351036729
217727047756
362116191209
381006769464
362504851139
382235219989
358995465795
342578406552
358799137488
354827904644
357348596500
342153161885
362616285938
211417986050
170318964217
154577454914
141908764893
104407616687
77165453298
78015238468
82770971511
70300973933
114413092716
158905695210
140007494909
99677542319
124586031683
92592535857
127094066048
121008787421
132210206061
124270200054
131379896009
149167508858
151645708280
152010845342
147241788977
144254303630
149384994335
146024436244
144511046046
173478586157
265430914574
257552736522
257535805723
259601364432
131654543807
103312283918
107343053586
103215955926
107013070396
101952795265
102828203672
109179353111
102634223599
109493352638
104428899386
105635374867
98052185689
95801030743
58830957109
62521086701
63820182918
59730206916
62383049405
61633859724
61802870823
61184542216
63021216799
71217312864
105970972063
97616818750
101833253857
104057732576
108021043268
105801865538
106114297523
103177458646
103854103142
102695419925
98047954137
105990579635
100126592807
102727053930
104046784807
100534258772
64597221649
103469638350
102105357855
94656398042
99029833908
95069756044
91973402860
91163749658
96546633369
88346596487
94452868772
93406268185
95539675246
91893114446
91987551051
97340978537
94451025895
99314340910
101253718097
91854782614
96684803471
290637613297
333474061182
331539149771
332036642611
344971370636
276750615071
98165318258
106409804570
95287334780
99584629248
104628824754
103884560289
101525764964
102933061923
104044661065
97635009374
91641545202
91754615393
100006137530
96991202759
92631090843
100468266591
99078488881
102407637505
94863199842
87097176910
58955827075
53763110973
56519003712
55105835921
58993782456
54777094440
56050783865
57569908675
56101025097
54136202951
55829265298
55137868754
86636855058
69153717720
56469648775
56239082833
57577959842
57391001968
52119747778
57041145243
57683565301
54655873971
57577699469
55738811836
53718583349
54173070202
57218267660
56228499811
55793357609
57399206008
56040396075
55561751464
81279534674
100809350410
95291152606
98509077788
94897405418
101617012310
101215637774
96556291978
99557169118
98617982525
98213316164
92140449411
98851382567
97828038303
92533079712
108417166101
112084906402
112836837332
112288053344
56921493476
56123798372
59800249829
94806286012
89725009935
94923388057
94442472128
92977519836
100116024572
96892133383
98716386491
98037644436
101092255528
86950451437
54683438427
56738936483
61704537219
98119656396
96502734517
97264227270
101943168529
97932741947
73649864585
56724851787
57540789910
56462990664
57193348541
95156545576
97538178683
104885730388
99937502775
100498742181
95728427652
98560261690
97835097583
92221401351
91419426703
88853891756
93719783277
103618606695
99761913444
99093124009
94016944662
121347111367
142792171215
135790380559
130544597211
137321390284
125347212906
129300924738
133806299587
136664489548
129958853997
91557128873
121072630078
133097965554
160050786673
149510245896
88162114842
71350944742
114388003006
162543645968
107644748723
116337374924
94641846097
135018296283
136988493485
139552130184
130148349870
141851786089
153711930843
147439016204
133611470275
128782797898
132908078471
135023441803
150049792998
147979441655
153731736463
151811319130
157673245341
155217404800
144749827778
156494195199
158074043629
150760506456
158615519851
158533584679
119183578372
110350871107
110980045294
115215370703
107953870385
102021558693
55454917204
245409528046
362015196220
251421412848
326284246938
347427207208
340930995756
359011903527
365846139478
100982852170
93752861417
101228528938
95764972829
95784102086
97776810844
101563668158
102127645346
99017925381
125014699087
370642707874
351044673129
346091451057
345241085069
371698636912
359423985426
349122054900
330631839277
249377191062
134206575716
135223676321
135620676932
313682647020
361993172405
337887060117
333042612243
320979649819
389081829742
216178075909
140834828106
134136876335
138263697751
137852177338
201654396103
421674015626
415635052253
411253190128
418631663857
377416246349
400417980647
391140655896
366907166395
370858248214
414038695129
345711226712
142439541353
130821019355
206495853771
154029502522
104250824165
117524943264
112551798957
133805704585
140870600174
136292260605
136028486525
148276036507
140113576081
129981751047
138667577858
143295507583
151515295768
89005899862
76045370076
74301988109
73030972996
72821302767
134298794558
102964021310
103091169152
73466101696
75797089216
68078727783
119635796978
162174156214
140292973182
125501887188
102597504952
116175531755
72863264973
74395260853
79343989936
73151730225
69056009868
82566791744
134010655408
130181005065
133755911812
135964245966
146583821936
139223605260
140771120581
143366187727
141903673238
143317511788
144262234745
147600533262
147691541248
142625627983
211808914319
339648460820
186283655433
106682070838
93884095563
97883971102
91935588969
100532610532
100975407638
96713172080
100250352746
87337244282
61139568709
56696215364
55228124140
52662654329
54683480295
56474567798
55883783031
59987911621
57001025696
59490959274
98849474041
128122499511
157260665179
135912633517
131783165342
128989552208
138013711697
139480542913
129534784895
134262081094
136079722435
135806388085
137346417536
130470540786
316494568856
299842752940
131013211961
201169153061
223878556253
233463652424
216830628929
220553417685
216408139748
227228647255
447785907716
219757918507
302346177093
366518548468
329955655734
130164447326
127517136493
130615052452
130390129397
135695255549
131730670806
130727538604
350066026978
137728364934
129741777666
126655964449
128760795018
133191718132
129531262117
130751711029
125931481735
129064329896
131620581156
152055858102
329333914126
135590748625
130271934913
133134316174
130761157116
134997780129
126957789803
126410991547
134400831275
141844758150
138989934099
133011539439
126124070512
140413450753
130010426683
131065333782
129555694271
130114497896
133989968616
216048875259
322841470528
126867437010
130768822279
132104479851
126106384325
326979447041
843742794459
123116354311
139421038571
139301493485
139093927863
142729705277
132677962427
130998261871
131995982213
126478936333
125081708924
126796355516
103437025919
124258412622
126301577709
125107696416
133069032063
126722029316
134787687455
102323110031
70555437121
71162192691
85079079298
131854805353
130595546273
139771525588
134572737713
134230036883
138452326268
131128983618
156699202358
156066756870
172763715849
160153148469
103513026025
72127575401
72224627797
76015179947
72505721756
71192804469
66945168021
81874091282
72883782408
100387318114
131163487585
130477475135
134782239262
125670234068
130869196611
131224657570
137460591088
132275806455
129187936029
95019100197
93054921243
85251537485
89128826875
92554023505
100144424097
87056189974
89241313788
92022304513
91008435867
93394931789
85628830877
94015838838
91011975300
86312346341
92259385207
94444235898
90978966219
90695050430
89097651440
89877511437
94315763337
92261527007
101172799717
87434406923
88761656537
93283960176
90511760690
97478326305
90643175808
94086547541
92193089342
94069093038
90104162830
97646020319
89468708986
92045128601
89192232567
86221031715
88505463627
97504412499
93462121437
89513132579
88458312846
91149256248
94971323999
95255583168
87612586841
92899436693
85776074231
91466000427
101068343642
93349056718
94460429451
92581479818
92137293486
86591876605
85380591971
91525383101
98378660491
90623106347
92890680927
87669268198
92514951019
92836451608
93041491936
86114280489
89818699706
92231485499
89897720319
88801723602
89062822278
89838688938
95385378336
94043805690
98247170088
91898416723
93240580792
91063024013
94573316529
94333665408
93849313243
92392976585
93562329809
89298994427
91606060786
94089540129
177459016173
127359248860
122949711483
124345074229
237295109117
363315147964
344875471154
377130686522
355140637692
364513795923
371406227726
381349147164
360269184052
352835635712
370611555644
343296067110
351340171931
359118549369
343277529546
335818440655
344554343296
339452725853
351314916185
344393581121
159859850693
141708967033
132154386790
68923085900
74163340305
101667322225
79273122688
149431849906
142957205616
148571239313
157156235217
170571867373
150142862022
166934488531
151829036715
139916691290
135195228089
143032259515
139320921561
143594842698
165359797779
160162917905
159056370962
151646791079
150357337723
162995147963
167694223525
170171569555
160768065305
170116640587
157977364339
172012875633
167027951790
125708920554
134379947534
142164098724
119120043621
114620815230
140003484671
145218490645
138435412514
141695262532
148391237137
181254451633
335414142040
236228793161
53404183996
55243738494
57309618873
56702162577
55625465316
53672715383
57876879934
56403143972
57476975371
86780760146
97716431432
94902013708
99168262332
95871088284
95783302267
98098641113
100757418402
93677559155
84737435014
54372948760
55049973347
92996499850
61601167459
93924467762
92669412971
98030261927
98683278477
102054150287
73293781161
55679988283
60984842245
53951586625
53214363395
54261003450
56300423803
55689097539
54553675152
54904697444
60368704557
53774349674
57356269933
59495879965
55557141554
55388785839
56395025052
56606870880
59091309749
58215412558
56098456886
57452904844
58287843548
100247424487
311357997978
374125637386
390531308348
345410877635
342975206553
297825714999
126911485558
251794275124
325676901256
237844157510
129755283521
128927153908
128959112850
127687187981
129183111861
128530383510
91779282446
89505736187
88040040683
86916457686
88131975335
92110761227
90960990109
89424328371
86567578487
86635463870
86600639430
85700079813
89319971353
87442427665
89169650470
92122277244
88054768718
91360993016
81193061881
88460059697
90239351420
93609048265
88781849306
92635810794
91300629615
93424436539
89657604299
88694292235
90015083511
92727722940
91143083754
88570612499
85484540870
95136274226
88505232334
85999493908
91746705050
91227800522
96383249793
94654715116
94057257498
91640422821
89713463460
88319980019
86087452054
90048575794
88662186604
89247590632
84164475593
87624321226
96252971586
91933873280
91704278372
91777479570
88976300807
93969076661
90492848807
91242867534
89387000329
89241325807
88669559106
93081952560
85464732709
89577074079
92759099017
88781238130
91971185514
64243307066
56112765527
57609058892
55999268447
57247258062
56640879537
57749568772
57389494963
55252273593
57300448677
54712428197
56598369666
57910398368
109978664961
99650899313
99952014550
101665237672
98403618383
103550520738
101789284434
107594987016
132883055265
134054868342
127827855022
136209081544
141056114007
144212282542
125463968427
125782104714
129915132062
128336027963
123215289803
163962432048
159252064881
85863457554
91832655016
164026548022
125013454802
142924962521
145221628886
138475988717
144881360513
152187657040
150890979822
141373480079
144092662311
128554916924
146250508049
142711651297
130593099484
129895408722
128857865684
125708653852
122481484879
90250692428
75194571494
74592937610
73102455908
73302745299
74082548585
75990659823
76870792309
73236000963
73203844952
123460988134
162926191347
158154725972
164062410413
154251753195
167139370713
349576936785
335665636301
351309258551
286826432017
132417431925
322289081587
338754126087
188126734763
301965531687
350949357634
337965811917
349329193801
310688955627
234198150333
128597135847
134769924889
212446343962
155910704402
127268314803
132427413654
152906208830
129554905918
135426530484
132254703161
128073967162
126704732775
132178898279
112556081738
227905949035
227100073309
339642876567
352642974647
378185332019
327013037051
353074801819
355819197923
134049412726
130788847014
132835872100
251264731513
133696952875
136264831699
135208027247
129383945513
128606012488
242183744699
165186775319
125828465783
130290810650
335197854948
377883440400
366459071915
373297252183
373430234371
368357200983
349385684199
340393174800
266223618092
131241910603
133196004165
130324347921
122239556916
128340434697
128708842503
124684153002
295601924865
355601444605
261218912674
72212781849
114247140411
109993402507
139052108453
146612826792
139865041736
122263384637
125891895140
137773087903
148716165423
142255791864
147109478720
138808646524
132905455863
131738088668
122693552047
130810362566
152978916323
151680282414
165990214466
156694878967
154493594912
150392804616
109813541652
143780148540
140585123737
144541885746
116468665084
120078286671
73934561644
103654753125
73600730404
112878091810
140955891592
135534252799
140664100909
145296231018
143547052263
151804887463
152217244880
157944206212
156531198138
160497816831
164043418399
155893224133
263460574998
319703240507
328644290458
332666921807
344268021005
208025494134
132595518917
124469149883
127019556152
124030484567
190058392878
321364798892
321378976288
171495450593
230918354455
408163654526
394654942919
402148797898
398360646055
373669696170
329212497805
326887488980
108008001013
95882511487
97789163262
102066475084
76061714584
63596206696
59729856390
67503798166
64113503129
65252071595
64741904970
66471085524
66215497010
62693809678
64124251676
60046530522
62089217580
65832400797
63845789448
61879637570
62352672464
65264059017
59688704512
59874570245
64832087984
65480037488
60196192987
62863145464
65390472372
105132755325
98695736920
84358310403
61940715730
63491499389
65930079934
59760254796
63540341996
59153866157
63203160292
61295692030
61255788487
64375472391
63374539127
64308009623
63602095450
62139704320
62172027580
61796969120
59762098746
64880930575
62605412556
64273416814
63647883760
65614306174
63123507468
60642193458
59431581130
62161162486
61001718136
60596215646
64954535912
62325743568
62513221408
61991709388
63338517526
64945837726
63884415077
65579927538
87605811103
101669017945
93982386908
103760415856
102167032110
105383434818
107997682874
102840023162
104029288304
106213817385
101459770940
109959663452
101048063268
101897471379
101728822879
96449866752
100306990597
73470520763
65597098780
61753708538
60229591621
59639172092
61122595967
62217548492
59100772962
61113925522
96773542729
103642355864
104758350269
104728558510
99549332390
101976269587
103167416177
103332578017
104059514512
98954151424
107091321554
105360138865
105395936810
101550259985
97507295785
64117313821
62082119212
66127101683
102262671473
96248038038
91331448996
89882081234
91209115070
88491041282
94686739553
92833831316
89544139997
86475955781
129018353066
128340534251
137137989711
129698718520
138157179119
144499813837
95160685459
111273666562
166652176360
113708599169
82614111226
72435947111
71282860254
97107190328
113619243323
121885138251
111381602163
141902223576
137453381121
113472144001
85542056766
119307403508
129725954951
152964609083
153501335237
154332232296
106049641151
71198214069
73254791446
67652963934
124778735353
146173750381
140457651373
140339664293
132636564549
142188787638
146141804733
136843975360
134178744235
127151126587
140067278597
132865499967
131377333864
142610764595
149229823850
143018399817
138814525749
141557358304
150387842416
113365321026
117079047144
112343731921
112695696427
109740659277
115739285068
108976877497
118184451492
113624864001
107481326048
110227684438
109953135032
112721772203
108224118754
106914258895
125070073846
113299457511
110034758000
114365884666
92109813352
57169151608
52264313036
81502400564
94975816672
99126479969
96476970757
93206678910
102155160171
93049641872
103920763671
99376992106
93072244074
100191870026
96557214214
85679755556
88892781791
87621330386
92729609159
87955119501
89222266090
97040725862
93117533387
93552546543
94455974344
94358813767
88959980747
96027092603
92213310305
92672956199
88979653505
90320190317
88513176590
87626384070
90315436606
91972742414
93419843134
90065925368
96123453430
90677438965
88712196865
92610897512
96386656654
98262255100
93523893006
88209899072
85730433899
85274544345
89296644734
87873869798
94414397187
89094795309
92501356685
87060968988
90346145270
91780063570
89264304463
92528490225
93631840872
95011873237
94374780467
90037994765
95469101519
94944860157
90568207618
90699193187
92579581447
94388007818
95309255935
92856819268
92416094579
91786194448
90315726568
87873927796
93184786176
97504162312
84801674325
88913391867
97873147150
86960149387
97451741010
89601179381
91113547538
89203585578
91098091579
94593684631
94809333878
89421820377
89975299577
95839825146
96799118870
94211846854
93152931236
96238286614
90865631679
96078879356
91122561213
169210954708
98046182226
103424212317
103790205692
104705754761
103501514472
114657917273
106922089526
103643166053
96784520271
101615365376
100225741525
99012543265
105199522101
100560672813
102651428754
103885825100
105959181577
323692155789
335539105021
345690813858
287095485159
218112230984
341162717663
172514103931
193637350058
110701993680
96050231502
97990692716
99159415458
79936143357
136277258218
143535483654
134759937662
157971668940
151194377063
150861281920
99552214816
80077396073
99259941805
102335344060
169458681623
162413440722
142183777924
129046407004
137820662610
127201006266
130406539492
135532854618
122440964092
127568574582
134585270840
134447795327
137263553688
132140343639
140510680045
138691549908
132465791011
143861953829
138052070392
137128402386
72537139144
118941538146
139830820465
135792984006
133056002310
132746185557
134284023514
130947888087
125652346301
125569598891
143518302474
148506317507
146138589445
158347587117
154982524760
145882116720
95074284579
99953919100
99803401801
100438245458
101234869413
97952070656
98291542462
94251894757
94746600880
102674595312
94053801385
99989842418
105898957491
100573232487
104507872512
103278361466
95981911373
97608748917
103197995910
98639340504
93814825103
96665404838
95891940094
96642377058
98507859522
93380587855
98369111871
101622912003
96810169189
95897334327
95487218590
95203454325
102053829836
338323166932
341001764679
363858611406
364404344999
353638694539
171550425097
117413615265
106353392914
108080201805
104876495583
118128619893
106321599346
109691763340
116385985528
114020433840
117490964868
109456785822
110456221726
98521039440
98428374983
104641903643
185224816417
108842763525
112981712717
116370437906
117083998820
108798895103
111140265011
106269549260
109586493943
113323575155
109686373762
112886414448
106575421486
112656602040
109834310242
109762414143
113747905312
68674985956
86711154768
116024419734
108683063663
106562258236
112575506082
116140024096
107612440897
109944254841
111925548321
106866652403
110843193560
110088278428
112661084219
108856947267
115536801586
112898807892
86913019809
58145876452
58670280222
57591416299
57542189045
108317503285
56440393760
65095894562
61634180684
60566300993
55899191399
58135998836
77426501459
110276986387
118897175873
108513633495
72059639403
56182453173
58880757249
62403106593
56817420388
58706103355
57661196399
61648686218
57707173902
59496439398
105914171252
113904664923
113692457049
115091614933
274842656230
305173372612
308700537320
150767669509
126633131318
128688254728
125390947320
181455278796
319013993354
319951490144
384508933769
148440858558
137991045158
102772017040
156564837412
77705219514
95737682455
81473478467
78972747730
79439682639
88734228209
81900199070
82904670214
79665916337
83042681723
92165317212
149950833547
158475630127
158292504743
161668223332
161118249344
161030123862
164038483522
170816674215
170389721128
172555701835
166126639482
168358914610
159120616546
156665652641
165987750444
170951974074
166521214477
152311218512
154972594878
173814846826
154752316312
162124446701
159203518961
163670963670
155984882912
160735021848
165938827874
153145025943
166961202650
133312146234
101682718446
103787993160
101685436144
93002213872
101462710243
93429069711
99640540031
96306555769
98996588445
100608352646
102017225477
105212776586
98327621344
92394576328
97123210335
92310734640
103921673003
105172215374
95776548319
98430444451
94813297888
93585917041
100217616438
97256234487
96336638494
93200993282
94309547446
100269059321
93689042909
99554828285
98872120075
98046637015
102368581144
96011351170
93373028967
99048684150
99463859971
103241864008
98488507253
101492221953
95587445336
99836931768
105378141641
100243180331
103281474410
105460554638
100252383550
102025246359
105396674049
98677078845
97783893264
96179140835
94306065326
94703475221
101028428412
97845742824
93817553130
105833159226
92006133416
98346277966
98421881490
96478782772
100157725981
105515678035
105122574840
88726431783
92027412559
96238268301
90997842626
87304478303
90644667001
252854342878
331799104815
326602288617
328380070982
330634741333
331128893932
945259331670
883454936184
233067387691
234224296421
441564861872
998997300492
940626142881
944816892136
824984765861
315383215011
124586752484
127516639647
70951505681
125548406183
116960259293
126666397796
122980098747
126752377533
129190778473
125860800296
135131446538
155820115387
155429489249
163973989733
108849475014
138003600357
137473416680
135267456802
134323834833
132361097101
132771072939
136324176114
159974004044
150494052052
229857000830
207406678094
145141998858
130473835285
144377915643
155006544674
159536205905
155929901619
157221827264
142091821794
143975841981
145456880451
148762706691
143640670607
137581399298
152032132800
144672530238
140231566126
148594132849
100108843798
72674328413
54127592692
57741982978
58471746690
53094286343
55617531307
57847365653
56604407120
92525476743
101356478202
99738895030
100445459276
99927668456
94678330836
102929665986
93454679669
102204868815
108574680402
117068556451
99567280057
98420779368
98096353523
101368466085
102369067852
99245133461
339667382118
358778519803
345165310688
353195897159
357309342580
284109998553
103861530448
100065480666
102215933678
93172756244
98215244169
102520803101
101022979937
102564379816
100324731158
100515519002
102561618718
96312310052
93860000229
94625254429
105488252613
101277561645
98342122717
97229407969
374413962819
398474798345
342823074522
326694532173
355979751353
195573902026
93870860910
98111195982
93165029130
95217213776
92522998697
101939204318
103901448353
77513517211
55029146936
90341689494
102134953655
95205904154
94351058610
94086359434
95742205301
90482298477
99983157450
95423444019
98181352792
94444362767
180788224630
382219067576
174904249200
132135558243
152549212957
90640057346
85163677764
75986927816
61178262297
61655534941
59526154720
58559291783
60388566008
58328725616
62694598256
61736477122
59516514949
59231044287
57764518772
61625234877
79210657409
100021692846
105163469552
90504528464
100361581995
102110183520
99429219952
97128228858
99974305816
97394501189
116400454808
104705976432
98423127024
106262416512
108222435106
113226494676
113448386995
112235867622
107943790087
112526886060
113492748917
115477744903
110402774881
110701617589
115600188021
109619179168
108675863670
109218985506
112873157374
113712945660
113605720519
114021572909
119503477604
105605035504
146675962990
133282171565
131533501436
136729508565
132253946696
130565548076
145545229623
76560137794
71380213764
124497453776
132146371982
91957782513
134703407535
138471180182
84177073180
140175945795
150933757241
141320610710
135769682272
133492712977
141146581543
146905959420
129536899040
130178014467
131038391258
127032511563
127810384837
131057896855
143388820930
147715533861
138254913284
111414658084
72295334071
73276587162
72988828056
70254816195
74304944365
76682667758
115635953878
159663191503
164606953744
171514128551
145590149777
141917551457
141338184195
135747350667
141370557600
135139907022
119354598151
97905972400
91806824263
93923345071
94782042248
95300721893
101560340583
97489502726
99709485909
91921100458
95299635520
90536150347
92716096724
102278438944
98463901387
92195628936
202588180756
338680463277
287551741910
146496014455
133328710024
132734342205
139639340866
264723750188
246312137801
100184365433
93492676947
97245971690
94565646231
96117695830
101311406676
94671666818
104134276457
101452586416
98656406292
95869333317
95540241972
101344035013
103617320679
101872321814
100316239582
99946940340
100503179066
290935857488
355396029443
360577013258
341510879965
150713037633
131504083512
132498553426
126137750682
178902691865
317064730428
343767199619
375369857374
394960685891
389326052834
388568025420
415976617897
252174130192
97908923990
97269217462
99375402218
101002146163
96984312701
93294978737
90945053053
94245449874
90878890048
183524908048
70113961663
77780081330
91757118855
94020710067
92759754476
93563972562
95951735133
91364229748
89637284696
87703110882
54057613732
53210548946
56407308318
57070044683
55452315260
54157719363
56465827639
56620600850
54695740912
54853062038
52676910993
53603939996
56837283491
56296529329
87318949429
95053784409
95024523861
96227583728
94743133632
99801696706
97128249830
99365802999
94289598264
92412429729
93026597412
90429915727
95215668755
90488491660
96371121511
93262413492
96405337191
93164680513
99653002080
99245042757
96800924685
81806105538
55377625990
54802631965
54744532674
59553202124
57177004153
57116492750
55372707314
56164786255
58872837648
52546564153
57091528292
58479797369
54020612783
54141344199
105876527850
136160813142
75629823341
119226183646
133687294238
131137585663
143789619735
152904729456
142486905860
131042276621
128549024330
129691865137
132969440920
77666720770
111280008659
70720106825
114337923882
138229476315
131586988818
105194517605
169012537740
161205671255
138352370357
139481172969
136879099571
141490690827
137066995028
122854234252
123303334795
131514635353
132910306099
114256177016
132607436131
72945971875
71084100442
73259253064
70786707407
72188931394
71869333552
102603037533
147518470298
89778273935
73047592413
73219083913
71640475738
74801223028
71786667912
69527494331
69830309737
71829798294
71823867252
73947060358
72803052290
75880339949
69482595920
72079145233
102813740456
126210623806
189029068719
131956352243
138452119412
190697222522
141400088729
187668025544
126054277800
93268004544
103826157774
93128175035
92071559820
98539066815
96074290325
91891974530
90191399515
94264617237
92023341032
98677831261
96017930818
97899253542
98325891107
95249370753
98222873518
92424144689
101069397809
101755212798
98168233187
100337243386
96238850973
97174619502
94358578529
101412411389
101088529453
103044619557
